frame,time_seconds,hand_index,handedness,score,kp0_x,kp0_y,kp0_z,kp1_x,kp1_y,kp1_z,kp2_x,kp2_y,kp2_z,kp3_x,kp3_y,kp3_z,kp4_x,kp4_y,kp4_z,kp5_x,kp5_y,kp5_z,kp6_x,kp6_y,kp6_z,kp7_x,kp7_y,kp7_z,kp8_x,kp8_y,kp8_z,kp9_x,kp9_y,kp9_z,kp10_x,kp10_y,kp10_z,kp11_x,kp11_y,kp11_z,kp12_x,kp12_y,kp12_z,kp13_x,kp13_y,kp13_z,kp14_x,kp14_y,kp14_z,kp15_x,kp15_y,kp15_z,kp16_x,kp16_y,kp16_z,kp17_x,kp17_y,kp17_z,kp18_x,kp18_y,kp18_z,kp19_x,kp19_y,kp19_z,kp20_x,kp20_y,kp20_z
99,3.3028983688833122,0,Left,0.9897168874740601,0.462399959564209,0.5833411812782288,6.196182233964009e-09,0.4637211561203003,0.5607537031173706,0.000894193013664335,0.4702056050300598,0.5473235249519348,0.00036598899168893695,0.47754624485969543,0.5452975630760193,-0.0006941304891370237,0.48232409358024597,0.5476425886154175,-0.001962878741323948,0.47212404012680054,0.5391412973403931,-0.0018742141546681523,0.4789862036705017,0.5196018218994141,-0.004526019562035799,0.4830499291419983,0.5086740255355835,-0.005976452957838774,0.48627233505249023,0.5004133582115173,-0.006750531028956175,0.4768247604370117,0.5458847284317017,-0.004112289287149906,0.48644304275512695,0.52470862865448,-0.006753747817128897,0.4921298921108246,0.5122747421264648,-0.00835300050675869,0.49640953540802,0.5028218030929565,-0.009248568676412106,0.48073938488960266,0.555178701877594,-0.006240591872483492,0.4906965494155884,0.5368468165397644,-0.008642297238111496,0.495972216129303,0.5260164737701416,-0.010117247700691223,0.49946242570877075,0.517412543296814,-0.010803822427988052,0.4837605059146881,0.565731406211853,-0.008253272622823715,0.49166759848594666,0.5529589056968689,-0.009614501148462296,0.49585211277008057,0.5446654558181763,-0.00979737937450409,0.4989427328109741,0.5376218557357788,-0.009699294343590736
100,3.3362609786700124,0,Left,0.9901891946792603,0.4614684581756592,0.5835364460945129,2.892858574909951e-08,0.4629036486148834,0.5604915022850037,0.0019533243030309677,0.4697827994823456,0.5470163822174072,0.0020852582529187202,0.4775293171405792,0.545235276222229,0.0015255713369697332,0.4834901988506317,0.5474162101745605,0.0007972432649694383,0.4704090356826782,0.5378577709197998,0.0001835789007600397,0.47570592164993286,0.5174559354782104,-0.002018545987084508,0.479382187128067,0.5048991441726685,-0.0033193565905094147,0.48266279697418213,0.4954659938812256,-0.0040953983552753925,0.47548985481262207,0.5432996153831482,-0.0025654477067291737,0.48296016454696655,0.5221337676048279,-0.004763257689774036,0.48781341314315796,0.5082758665084839,-0.006483714561909437,0.49175557494163513,0.4971296191215515,-0.007510094903409481,0.4797956049442291,0.5515431761741638,-0.00521600479260087,0.4881015419960022,0.532426118850708,-0.007411731872707605,0.49293532967567444,0.5207023620605469,-0.009024464525282383,0.4964789152145386,0.5105637311935425,-0.009906444698572159,0.483234167098999,0.5612726807594299,-0.0076600718311965466,0.49046531319618225,0.5477614998817444,-0.009320138022303581,0.4947207272052765,0.539200484752655,-0.009835565462708473,0.49827051162719727,0.5313928127288818,-0.010022416710853577
101,3.3696235884567125,0,Left,0.9837562441825867,0.46325162053108215,0.5849839448928833,2.701859180831434e-08,0.4633304476737976,0.5619093775749207,0.0014974010409787297,0.4690438508987427,0.5476957559585571,0.0013153164181858301,0.4768643081188202,0.5442941784858704,0.0005110830534249544,0.48294997215270996,0.5448712706565857,-0.00045707571553066373,0.47002795338630676,0.538483202457428,-0.0004805705975741148,0.47352123260498047,0.5168381929397583,-0.002892996184527874,0.47608262300491333,0.5036287307739258,-0.004372728057205677,0.47856128215789795,0.49338316917419434,-0.00522715225815773,0.4754038453102112,0.5429412126541138,-0.0029781674966216087,0.48126333951950073,0.5198056697845459,-0.0052535259164869785,0.48510676622390747,0.5049170255661011,-0.006927378475666046,0.4882645606994629,0.4932131767272949,-0.007885679602622986,0.480011910200119,0.5507566332817078,-0.005373378749936819,0.48716282844543457,0.5303670167922974,-0.0075375353917479515,0.49087291955947876,0.5178331136703491,-0.008928027004003525,0.4933534264564514,0.5073691010475159,-0.009612626396119595,0.48383545875549316,0.5604469180107117,-0.007617221679538488,0.49030399322509766,0.5465285181999207,-0.008937249891459942,0.49377042055130005,0.537501335144043,-0.009081901051104069,0.49653440713882446,0.529344916343689,-0.00897803995758295
102,3.4029861982434126,0,Left,0.9892803430557251,0.4649061858654022,0.5905890464782715,1.3136772558652865e-08,0.4637366235256195,0.5675919055938721,0.0019646703731268644,0.46845588088035583,0.5520832538604736,0.002152747008949518,0.47518834471702576,0.5462787747383118,0.0016845258651301265,0.48079913854599,0.5451877117156982,0.001050877384841442,0.4696735143661499,0.542239785194397,5.317797331372276e-06,0.4717310070991516,0.5199742317199707,-0.002305331639945507,0.4734207093715668,0.5063230991363525,-0.003603223478421569,0.4751376211643219,0.4960712492465973,-0.004298028536140919,0.4753539562225342,0.5458670854568481,-0.0026265375781804323,0.48010554909706116,0.5223550796508789,-0.0049087475053966045,0.4830058515071869,0.5071843862533569,-0.006399883888661861,0.4853832423686981,0.4954959750175476,-0.007171093486249447,0.48030170798301697,0.5527032613754272,-0.005152446683496237,0.4867115914821625,0.5318207740783691,-0.007474207319319248,0.489864319562912,0.5185534954071045,-0.008946429938077927,0.4920002520084381,0.5075925588607788,-0.00965389609336853,0.48430895805358887,0.5615441799163818,-0.007455776911228895,0.4904542565345764,0.5471651554107666,-0.009131653234362602,0.4937921166419983,0.5376802086830139,-0.009525862522423267,0.49648967385292053,0.5291411280632019,-0.009551767259836197
103,3.436348808030113,0,Left,0.9904201030731201,0.4668433368206024,0.5966628789901733,2.0347936668940747e-08,0.4645891487598419,0.5725356936454773,0.0016182317631319165,0.46873265504837036,0.5567259788513184,0.0016537531046196818,0.47583991289138794,0.551889955997467,0.0010690968483686447,0.4816482663154602,0.5521392226219177,0.00030764969415031374,0.46979820728302,0.5476517677307129,1.2397686077747494e-05,0.4709222614765167,0.5250670909881592,-0.0022578330244868994,0.4720354676246643,0.5113879442214966,-0.0036730666179209948,0.4732475280761719,0.5010722875595093,-0.004453601315617561,0.47592273354530334,0.5513861179351807,-0.002360755344852805,0.4801514744758606,0.5279591679573059,-0.004600544925779104,0.48257267475128174,0.512919545173645,-0.006206185556948185,0.48446205258369446,0.50107741355896,-0.007056070026010275,0.4811486005783081,0.5579182505607605,-0.004667804576456547,0.4868023097515106,0.5372781753540039,-0.006892493460327387,0.4893591105937958,0.5240933299064636,-0.008432555012404919,0.49083104729652405,0.513238251209259,-0.009173953905701637,0.4852866530418396,0.5661564469337463,-0.006795115768909454,0.4910634458065033,0.5517395734786987,-0.008304663002490997,0.4940650463104248,0.542522668838501,-0.008606823161244392,0.4963008761405945,0.5340443849563599,-0.008585726842284203
104,3.469711417816813,0,Left,0.9889435768127441,0.46865344047546387,0.6033321619033813,2.3021117456778484e-08,0.46520280838012695,0.5801053047180176,0.001358328270725906,0.468614786863327,0.5636060237884521,0.0012503939215093851,0.47556906938552856,0.5577263236045837,0.0005596335977315903,0.4815429449081421,0.5571631789207458,-0.00033936681575141847,0.46978887915611267,0.5535756945610046,-0.00010991864110110328,0.4701545834541321,0.5314988493919373,-0.002369353547692299,0.47063636779785156,0.5179961919784546,-0.00390367629006505,0.4713778793811798,0.5075227618217468,-0.0048273224383592606,0.4762004315853119,0.5564985275268555,-0.002409581793472171,0.47953641414642334,0.5327740907669067,-0.004415531177073717,0.4814474582672119,0.5174247622489929,-0.0060827527195215225,0.483001708984375,0.5054394602775574,-0.00707790395244956,0.48174017667770386,0.5628612041473389,-0.004658730234950781,0.48636364936828613,0.5416524410247803,-0.006812207866460085,0.48855194449424744,0.5283468961715698,-0.008463957346975803,0.48992398381233215,0.5175437331199646,-0.009350880980491638,0.4862208962440491,0.5713285207748413,-0.006743086036294699,0.49147018790245056,0.5565485954284668,-0.008223580196499825,0.49431055784225464,0.5474067330360413,-0.008484077639877796,0.496553897857666,0.5390305519104004,-0.008462256751954556
105,3.503074027603513,0,Left,0.9881181120872498,0.47025787830352783,0.609703004360199,2.1286865603542537e-08,0.4663013219833374,0.5873950719833374,0.0020593951921910048,0.469248503446579,0.571029543876648,0.0025504573713988066,0.47568565607070923,0.564828634262085,0.0023625760804861784,0.4814057946205139,0.564631998538971,0.0019080513156950474,0.4706147611141205,0.5601137280464172,0.0007272856310009956,0.4704287350177765,0.5376796722412109,-0.0011915882350876927,0.47063755989074707,0.5236878991127014,-0.0024116882123053074,0.4711662828922272,0.5132707357406616,-0.00307314470410347,0.47719430923461914,0.5620445609092712,-0.001699330867268145,0.47986432909965515,0.5376846790313721,-0.0032277971040457487,0.48142069578170776,0.522436261177063,-0.00453144870698452,0.48267215490341187,0.5109245181083679,-0.005253239069133997,0.4829443097114563,0.5677420496940613,-0.0040275342762470245,0.48722267150878906,0.5463838577270508,-0.005785876419395208,0.4890577793121338,0.5334230661392212,-0.007233619689941406,0.49005448818206787,0.5231708288192749,-0.008024999871850014,0.4875398278236389,0.5759202837944031,-0.00613686116412282,0.4926092326641083,0.5614743232727051,-0.007471992168575525,0.49552151560783386,0.552749514579773,-0.007677901070564985,0.49783068895339966,0.5449303984642029,-0.0076137022115290165
106,3.536436637390213,0,Left,0.9913105368614197,0.4716115891933441,0.6147546172142029,2.63851198667453e-08,0.46744152903556824,0.5916735529899597,0.0017093545757234097,0.47020626068115234,0.5747581720352173,0.0017223578179255128,0.4766600430011749,0.5677669048309326,0.0011501287808641791,0.48227164149284363,0.566175103187561,0.00031639260123483837,0.4711317718029022,0.5644184947013855,-0.0004693238588515669,0.47080180048942566,0.5414412617683411,-0.002665627282112837,0.47086814045906067,0.5271840691566467,-0.0039681969210505486,0.4712783992290497,0.5162756443023682,-0.004724195227026939,0.4777122735977173,0.5667161345481873,-0.0029485728591680527,0.48010921478271484,0.542142391204834,-0.005026723258197308,0.48151350021362305,0.5264188051223755,-0.0066083138808608055,0.4827113449573517,0.5140089392662048,-0.007509186863899231,0.4835658371448517,0.5728341937065125,-0.005286526866257191,0.4873848259449005,0.550571084022522,-0.007512640208005905,0.4890088140964508,0.5363323092460632,-0.009208707138895988,0.4898901581764221,0.5246875286102295,-0.010147778317332268,0.4884098172187805,0.5812368392944336,-0.007391918916255236,0.493254691362381,0.5660440325737,-0.009013143368065357,0.49592655897140503,0.5563997626304626,-0.009400705806910992,0.49801743030548096,0.5474905371665955,-0.009471210651099682
107,3.5697992471769133,0,Left,0.9890854358673096,0.47262412309646606,0.6154310703277588,3.375077639589108e-08,0.46844661235809326,0.5921576619148254,0.0016495363088324666,0.4708847403526306,0.574318528175354,0.0016437332378700376,0.4768470525741577,0.5656295418739319,0.001079257344827056,0.4820854663848877,0.5624840259552002,0.00025109562557190657,0.4720717966556549,0.566035807132721,-0.0009957513539120555,0.4715060293674469,0.5430999398231506,-0.00345441116951406,0.47121044993400574,0.5287069082260132,-0.0048333629965782166,0.4712372124195099,0.5175220370292664,-0.0055982922203838825,0.47844210267066956,0.5680106282234192,-0.003477375954389572,0.48088619112968445,0.542928159236908,-0.005830237176269293,0.48224255442619324,0.5267839431762695,-0.007410174701362848,0.483364462852478,0.51410973072052,-0.00824615079909563,0.4842154085636139,0.573813259601593,-0.005805439315736294,0.4885246753692627,0.5516064763069153,-0.008174080401659012,0.4904591739177704,0.5373289585113525,-0.009816679172217846,0.4914489984512329,0.5255757570266724,-0.01068590022623539,0.4890810549259186,0.5820460319519043,-0.007903842255473137,0.4943620562553406,0.5672621130943298,-0.009459716267883778,0.497028112411499,0.5575278401374817,-0.009776504710316658,0.4988608956336975,0.5484201312065125,-0.009796836413443089
108,3.6031618569636135,0,Left,0.9900753498077393,0.4734858274459839,0.6144855618476868,3.590983155277172e-08,0.46899154782295227,0.5914461612701416,0.0016294479137286544,0.4715302288532257,0.5735169649124146,0.0015445093158632517,0.47779586911201477,0.5644904971122742,0.0010190403554588556,0.48336535692214966,0.5613199472427368,0.0002085226442432031,0.47228607535362244,0.5658802390098572,-0.0019100751960650086,0.47171154618263245,0.5424845218658447,-0.004256669897586107,0.47151070833206177,0.5280718803405762,-0.0054094986990094185,0.4716714918613434,0.5169715285301208,-0.006030901335179806,0.4788079261779785,0.5678179264068604,-0.004283492919057608,0.48135241866111755,0.5420798063278198,-0.006398851051926613,0.48258134722709656,0.5258529186248779,-0.007689500227570534,0.48356863856315613,0.5132923126220703,-0.008390959352254868,0.48470377922058105,0.5735781192779541,-0.006413279101252556,0.48894786834716797,0.5503925681114197,-0.00851915217936039,0.4907469153404236,0.5358729362487793,-0.010036175139248371,0.49171292781829834,0.524031400680542,-0.010946866124868393,0.4895690381526947,0.5817375779151917,-0.008287233300507069,0.49474242329597473,0.5668677687644958,-0.009839476086199284,0.4973441958427429,0.5570587515830994,-0.010246602818369865,0.49929624795913696,0.5478442311286926,-0.01038484275341034
109,3.6365244667503136,0,Left,0.9893381595611572,0.4733085632324219,0.6118419766426086,3.513160606871679e-08,0.46888184547424316,0.5889500379562378,0.0020963705610483885,0.4712943732738495,0.5713914036750793,0.0023221061564981937,0.47743600606918335,0.5629982352256775,0.002051448682323098,0.48312127590179443,0.5606062412261963,0.001431869575753808,0.4723823368549347,0.5633938312530518,-0.00134498521219939,0.4718552529811859,0.5400698781013489,-0.0034062655176967382,0.47178080677986145,0.5260698795318604,-0.004342051222920418,0.47201302647590637,0.5154100060462952,-0.004819780588150024,0.47890323400497437,0.5653420090675354,-0.003832645481452346,0.48145541548728943,0.5396710634231567,-0.005686894059181213,0.4824981093406677,0.5240128040313721,-0.006802956573665142,0.483242928981781,0.512041449546814,-0.007358354516327381,0.48476141691207886,0.57131028175354,-0.0060518961399793625,0.48911258578300476,0.5482896566390991,-0.008051582612097263,0.49098947644233704,0.5338791012763977,-0.009557857178151608,0.4920175075531006,0.5220710635185242,-0.010443857870995998,0.489620566368103,0.5798102021217346,-0.007952943444252014,0.49492090940475464,0.5647663474082947,-0.0095888152718544,0.49755579233169556,0.5550087690353394,-0.01003274042159319,0.49946334958076477,0.5457832217216492,-0.010159404017031193
110,3.6698870765370137,0,Left,0.9863811135292053,0.4731152057647705,0.6099380254745483,3.2030705199304066e-08,0.4687577784061432,0.5873172283172607,0.002119114389643073,0.4713880121707916,0.5697782635688782,0.002359880367293954,0.4775574207305908,0.5615101456642151,0.002075350843369961,0.4831576645374298,0.5591817498207092,0.0014678523875772953,0.4722479283809662,0.5611712336540222,-0.0011576397810131311,0.4716980755329132,0.5379981994628906,-0.003256431547924876,0.4717228412628174,0.523990273475647,-0.0042309812270104885,0.472136527299881,0.51341313123703,-0.0047260005958378315,0.47848889231681824,0.5633049607276917,-0.003710395423695445,0.48100942373275757,0.5380344986915588,-0.0057094949297606945,0.48214149475097656,0.5221999883651733,-0.006946466397494078,0.4830562174320221,0.5100610852241516,-0.007573283743113279,0.48424044251441956,0.5693089962005615,-0.006018512882292271,0.4886687994003296,0.5464743375778198,-0.008235137909650803,0.4906325936317444,0.5321335792541504,-0.00992840901017189,0.4917915165424347,0.5205079317092896,-0.010894822888076305,0.4892224371433258,0.5777581334114075,-0.007998855784535408,0.4946756362915039,0.562438428401947,-0.00984480232000351,0.49740317463874817,0.5526787042617798,-0.010476870462298393,0.49946439266204834,0.543528139591217,-0.010722244158387184
111,3.703249686323714,0,Left,0.9898571968078613,0.4728439152240753,0.6090737581253052,3.2069511490817604e-08,0.4686638116836548,0.5868853330612183,0.002013974357396364,0.47159236669540405,0.5692725777626038,0.002160510513931513,0.4778597354888916,0.5603845119476318,0.0018162439810112119,0.4835042953491211,0.5571531057357788,0.0012071668170392513,0.4720657765865326,0.5609400272369385,-0.001424260321073234,0.47162798047065735,0.5374821424484253,-0.0035615297965705395,0.4717276394367218,0.5232627391815186,-0.004491377156227827,0.4722144603729248,0.5126088857650757,-0.004940646234899759,0.4782487750053406,0.5631237030029297,-0.003944939933717251,0.480747789144516,0.5377203822135925,-0.0060720909386873245,0.48196229338645935,0.5216803550720215,-0.007306462153792381,0.48296433687210083,0.5092753171920776,-0.007917461916804314,0.48406901955604553,0.5689269304275513,-0.006214388180524111,0.4882417321205139,0.5456348657608032,-0.008511044085025787,0.4901166260242462,0.5309638977050781,-0.010087227448821068,0.4912694990634918,0.5189911723136902,-0.01096209604293108,0.4891861081123352,0.5769566893577576,-0.008162136189639568,0.4944457709789276,0.5610687136650085,-0.009952756576240063,0.4971408545970917,0.551101565361023,-0.010473882779479027,0.49927473068237305,0.5417313575744629,-0.010657121427357197
112,3.736612296110414,0,Left,0.9871165156364441,0.4724838137626648,0.608609676361084,3.3775965135873776e-08,0.46818482875823975,0.586681067943573,0.0017996446695178747,0.47090062499046326,0.5688326954841614,0.0018710170406848192,0.47703614830970764,0.559418261051178,0.0014898765366524458,0.48260483145713806,0.5560212731361389,0.0008714487194083631,0.4718354642391205,0.5602927207946777,-0.0014905671123415232,0.47156572341918945,0.5368605256080627,-0.0036427457816898823,0.4716234803199768,0.5225725173950195,-0.00463428208604455,0.4721006155014038,0.5118331909179688,-0.005128647666424513,0.4780157804489136,0.562508225440979,-0.0038804206997156143,0.48046913743019104,0.537162721157074,-0.005965061020106077,0.48168274760246277,0.5210354328155518,-0.00719854049384594,0.48276376724243164,0.5086542367935181,-0.00781610980629921,0.48380258679389954,0.5682600140571594,-0.006038110237568617,0.48811277747154236,0.5450490713119507,-0.008277755230665207,0.49015748500823975,0.5305109620094299,-0.009831681847572327,0.49149608612060547,0.518846869468689,-0.010690562427043915,0.48879992961883545,0.5762439370155334,-0.007905427366495132,0.49431830644607544,0.5605722069740295,-0.009630661457777023,0.4971628487110138,0.5507139563560486,-0.010129793547093868,0.4994361698627472,0.5416017770767212,-0.010288555175065994
113,3.769974905897114,0,Left,0.9915695190429688,0.4722985327243805,0.6095354557037354,3.498440293014937e-08,0.4681081473827362,0.5873813629150391,0.001567185390740633,0.4711569845676422,0.570031464099884,0.0014314516447484493,0.47777044773101807,0.5614495873451233,0.0008182622259482741,0.483485609292984,0.5583837032318115,-5.562934347835835e-06,0.47154760360717773,0.5609168410301208,-0.0013638872187584639,0.4713873863220215,0.5375121831893921,-0.00362521898932755,0.47153738141059875,0.5230504274368286,-0.004805929493159056,0.4720790684223175,0.5121254920959473,-0.005445995833724737,0.47770509123802185,0.5632017254829407,-0.003785847220569849,0.48014116287231445,0.5382015109062195,-0.0059326086193323135,0.48146355152130127,0.5219140648841858,-0.007411758415400982,0.4826565980911255,0.509179949760437,-0.008229264058172703,0.4835250675678253,0.5689910650253296,-0.006023313384503126,0.48758289217948914,0.5455745458602905,-0.008345698937773705,0.4896451234817505,0.5307214856147766,-0.010085063986480236,0.49103012681007385,0.5186448097229004,-0.01107795163989067,0.48861849308013916,0.5768784880638123,-0.008002892136573792,0.4938693940639496,0.5610871315002441,-0.009755071252584457,0.49673229455947876,0.5512061715126038,-0.010288841091096401,0.49912136793136597,0.5420025587081909,-0.010488452389836311
114,3.8033375156838143,0,Left,0.9918782114982605,0.4722467064857483,0.6098431348800659,3.5623553884533976e-08,0.46781307458877563,0.5878974199295044,0.001466900808736682,0.47081366181373596,0.5704206228256226,0.0013342126039788127,0.4776437282562256,0.5621688365936279,0.0007834286079742014,0.4834980368614197,0.5595299601554871,1.1728506251529325e-05,0.47144949436187744,0.5617532730102539,-0.0016502622747793794,0.4711762070655823,0.5380589962005615,-0.0038731165695935488,0.47125276923179626,0.5236156582832336,-0.004993914160877466,0.47172224521636963,0.5128321051597595,-0.0055849142372608185,0.47772592306137085,0.5639944672584534,-0.003944420255720615,0.4800533652305603,0.5385624766349792,-0.006078497506678104,0.4811483919620514,0.5222557783126831,-0.00747228879481554,0.4821321368217468,0.5097322463989258,-0.008220045827329159,0.4835394322872162,0.5696353316307068,-0.0060426960699260235,0.48765161633491516,0.5458966493606567,-0.008333001285791397,0.4896019697189331,0.5310273170471191,-0.010045367293059826,0.4908351004123688,0.5191336870193481,-0.011020822450518608,0.4885083734989166,0.5773377418518066,-0.007883070968091488,0.49395880103111267,0.5615993142127991,-0.009650311432778835,0.49686533212661743,0.551866352558136,-0.010215150192379951,0.4992404580116272,0.5429129600524902,-0.010431935079395771
115,3.8367001254705144,0,Left,0.9899911284446716,0.47200438380241394,0.6090736985206604,3.783348034858136e-08,0.46748244762420654,0.5866674780845642,0.0015358338132500648,0.47023338079452515,0.5687038898468018,0.001449605100788176,0.4766378402709961,0.5598742961883545,0.0009430835489183664,0.4821591079235077,0.5568520426750183,0.00017876698984764516,0.4713270962238312,0.5610383152961731,-0.0017176312394440174,0.47107207775115967,0.5376138091087341,-0.003943627700209618,0.47107377648353577,0.5233578085899353,-0.005073642358183861,0.4714258015155792,0.512519896030426,-0.005682184360921383,0.4775325357913971,0.5635284185409546,-0.004040466621518135,0.48007696866989136,0.5381130576133728,-0.006167973857372999,0.4812086522579193,0.5218806862831116,-0.007543913554400206,0.4822019338607788,0.5094271302223206,-0.008278205059468746,0.4832417070865631,0.569473385810852,-0.006145928520709276,0.4877175986766815,0.5459216237068176,-0.00841620471328497,0.4897679388523102,0.5311659574508667,-0.01010783389210701,0.49105364084243774,0.5193936228752136,-0.01107008010149002,0.48806434869766235,0.5775215029716492,-0.007982028648257256,0.49369174242019653,0.5621755719184875,-0.009722448885440826,0.49665147066116333,0.5525062680244446,-0.010250241495668888,0.49904075264930725,0.5435933470726013,-0.01043281052261591
116,3.8700627352572146,0,Left,0.9921865463256836,0.47228747606277466,0.6103610992431641,3.839105389147335e-08,0.46781137585639954,0.5883474349975586,0.0015046108746901155,0.4700402617454529,0.5707423686981201,0.0012723174877464771,0.4759036600589752,0.5620017051696777,0.0005845734267495573,0.4811732769012451,0.5594111084938049,-0.0004017112369183451,0.47177645564079285,0.5628328919410706,-0.0021216864697635174,0.47157686948776245,0.5388838648796082,-0.004471770022064447,0.4715862274169922,0.5244049429893494,-0.005613618064671755,0.47195160388946533,0.5134634971618652,-0.006210527382791042,0.47790291905403137,0.5651510953903198,-0.004510548431426287,0.48042982816696167,0.5392140746116638,-0.006763155106455088,0.48153427243232727,0.5227852463722229,-0.008104152046144009,0.48249927163124084,0.5104109048843384,-0.008770372718572617,0.4836244583129883,0.5710830092430115,-0.006653252057731152,0.4881550371646881,0.5472803711891174,-0.008864309638738632,0.49022817611694336,0.5323281288146973,-0.010430176742374897,0.4915563464164734,0.520682692527771,-0.011306091211736202,0.4884352385997772,0.5792959332466125,-0.008547487668693066,0.4939088225364685,0.5638774633407593,-0.01015111431479454,0.49685177206993103,0.5540895462036133,-0.010523115284740925,0.49925696849823,0.5452593564987183,-0.010582920163869858
117,3.9034253450439147,0,Left,0.991788923740387,0.47173765301704407,0.6096727252006531,3.789307356782956e-08,0.46743491291999817,0.5870981216430664,0.0017002103850245476,0.4699876606464386,0.5691918730735779,0.0015363511629402637,0.47582918405532837,0.5601431727409363,0.0009096575668081641,0.4809807538986206,0.5572561621665955,-2.7401215447753202e-06,0.47120991349220276,0.562205970287323,-0.0019532782025635242,0.4712385833263397,0.5384297370910645,-0.004288421478122473,0.47135964035987854,0.5241578817367554,-0.00545357633382082,0.47179147601127625,0.5132197141647339,-0.006092409137636423,0.4771462678909302,0.5649649500846863,-0.004457450471818447,0.47991499304771423,0.5393117070198059,-0.006720473989844322,0.48105552792549133,0.5229026675224304,-0.00816799234598875,0.4820092022418976,0.5102561712265015,-0.008956360630691051,0.48275884985923767,0.5711669325828552,-0.006698596756905317,0.4876515567302704,0.5474562048912048,-0.009009228087961674,0.4899521470069885,0.5324931740760803,-0.010731085203588009,0.4914044737815857,0.5206729769706726,-0.01174592599272728,0.48755156993865967,0.5794036388397217,-0.008654391393065453,0.49336594343185425,0.5643711686134338,-0.010432891547679901,0.4965243637561798,0.5546225309371948,-0.010980852879583836,0.4991035759449005,0.5456688404083252,-0.011189425364136696
118,3.936787954830615,0,Left,0.9918707609176636,0.4718756079673767,0.6095886826515198,3.912235513325868e-08,0.46759143471717834,0.5871874690055847,0.0017612115480005741,0.470046728849411,0.5691841840744019,0.0016841029282659292,0.47582510113716125,0.5599026083946228,0.0011537013342604041,0.4809427559375763,0.5564660429954529,0.00032099246163852513,0.47140979766845703,0.5621723532676697,-0.0019814723636955023,0.4714495837688446,0.5385329723358154,-0.00425524078309536,0.4716109037399292,0.5242440700531006,-0.005346023011952639,0.4720800518989563,0.5133283138275146,-0.005925011821091175,0.4774301052093506,0.5648077130317688,-0.0044756000861525536,0.48016998171806335,0.5391433238983154,-0.006665919441729784,0.48142194747924805,0.5227659940719604,-0.008028337731957436,0.4824889600276947,0.5102863907814026,-0.008741636760532856,0.4830792248249054,0.5710623264312744,-0.006695891730487347,0.4878719747066498,0.5473269820213318,-0.008959455415606499,0.49013814330101013,0.532342791557312,-0.010643742978572845,0.49159592390060425,0.5204930901527405,-0.011624790728092194,0.4878803491592407,0.5794601440429688,-0.008615239523351192,0.49353840947151184,0.5642907619476318,-0.010381157509982586,0.4965936541557312,0.5544343590736389,-0.010909379459917545,0.4990808665752411,0.5453270673751831,-0.011090020649135113
119,3.970150564617315,0,Left,0.9921904802322388,0.4719621539115906,0.6097320914268494,3.967215178590777e-08,0.46766990423202515,0.5871882438659668,0.0017000632360577583,0.4701632857322693,0.5693551301956177,0.0015705849509686232,0.4760819673538208,0.5605710744857788,0.0009862125152722,0.48127326369285583,0.5577346086502075,0.0001033805965562351,0.4714338183403015,0.5623582601547241,-0.0020088942255824804,0.4715052843093872,0.538594663143158,-0.004277896136045456,0.4716661274433136,0.5243076086044312,-0.005372241139411926,0.47212979197502136,0.5134053230285645,-0.005961368791759014,0.4774725139141083,0.5649865865707397,-0.00448137242347002,0.480212539434433,0.5392389297485352,-0.006648282520473003,0.48149123787879944,0.5228648781776428,-0.008023207075893879,0.4826015532016754,0.5104473233222961,-0.008757275529205799,0.4831148386001587,0.571172833442688,-0.006686458829790354,0.48783159255981445,0.5473347902297974,-0.008913116529583931,0.4901600480079651,0.5323861837387085,-0.010630037635564804,0.49169987440109253,0.5206834077835083,-0.011653590947389603,0.48790016770362854,0.5794547200202942,-0.008600960485637188,0.49357151985168457,0.5644703507423401,-0.010339082218706608,0.49668771028518677,0.554777204990387,-0.010891691781580448,0.499257355928421,0.545894205570221,-0.011107304133474827
120,4.003513174404015,0,Left,0.9918275475502014,0.47178149223327637,0.6098223328590393,4.1602245204330757e-08,0.46744564175605774,0.5876567959785461,0.0015343455597758293,0.4698803722858429,0.5697929859161377,0.001300266245380044,0.47581127285957336,0.5607261657714844,0.0006622167420573533,0.4811079204082489,0.5578111410140991,-0.0002714599249884486,0.4713696241378784,0.5623905062675476,-0.002345883985981345,0.4715864062309265,0.5384722948074341,-0.004680369049310684,0.4717956781387329,0.5241071581840515,-0.005813443101942539,0.4722890257835388,0.5131750106811523,-0.0064305951818823814,0.4774424731731415,0.5649738311767578,-0.004734840244054794,0.4802830219268799,0.5391048192977905,-0.006949376780539751,0.4815962314605713,0.5227457284927368,-0.00833084061741829,0.48270922899246216,0.5104039311408997,-0.00907289981842041,0.4830707609653473,0.5711159110069275,-0.006852284539490938,0.4878008961677551,0.547317385673523,-0.00912067387253046,0.4901880919933319,0.532360315322876,-0.01084152515977621,0.49176815152168274,0.5207021236419678,-0.01187427993863821,0.487787127494812,0.5793818235397339,-0.00868877675384283,0.49359700083732605,0.5644879341125488,-0.010478728450834751,0.49681356549263,0.5548397302627563,-0.011055580340325832,0.49945420026779175,0.5460399389266968,-0.011282837018370628
121,4.036875784190715,0,Left,0.9886503219604492,0.47125619649887085,0.6089333295822144,3.8367126364846627e-08,0.4668532609939575,0.5872357487678528,0.001646297750994563,0.46899425983428955,0.5697941780090332,0.001567003084346652,0.47450584173202515,0.5612192749977112,0.0010191124165430665,0.47950512170791626,0.5586601495742798,0.000154556124471128,0.4711718261241913,0.5605549216270447,-0.0014907768927514553,0.47116002440452576,0.537498950958252,-0.0036337822675704956,0.47137144207954407,0.5235605835914612,-0.004794720560312271,0.4719703197479248,0.5128770470619202,-0.005478627979755402,0.477275013923645,0.5629914999008179,-0.003934313543140888,0.4799061119556427,0.5382018685340881,-0.005881239660084248,0.48108911514282227,0.5224086046218872,-0.0072676632553339005,0.4821207523345947,0.5103214383125305,-0.008070865646004677,0.482820063829422,0.5693763494491577,-0.00616277614608407,0.4876837432384491,0.5466187596321106,-0.008310114964842796,0.4900641143321991,0.5321953296661377,-0.010077258571982384,0.49158018827438354,0.5207276344299316,-0.011175137013196945,0.4874227046966553,0.5781965255737305,-0.008116569370031357,0.493295282125473,0.5638815760612488,-0.009906508028507233,0.49648773670196533,0.5543316602706909,-0.010532794520258904,0.4990326166152954,0.5454018712043762,-0.010805334895849228
122,4.070238393977415,0,Left,0.9916907548904419,0.47085559368133545,0.609557032585144,3.7871561886504423e-08,0.46694043278694153,0.5874797105789185,0.0018306298879906535,0.4692154824733734,0.5700041651725769,0.0018531809328123927,0.47435784339904785,0.5609796047210693,0.0013698579277843237,0.4789711833000183,0.5579975247383118,0.0005986756877973676,0.4710821211338043,0.5611648559570312,-0.0013193145859986544,0.4711373746395111,0.5378404259681702,-0.003478362923488021,0.4714103639125824,0.5235865712165833,-0.004614308010786772,0.4720066785812378,0.5127812623977661,-0.005239407531917095,0.4769860804080963,0.5636858344078064,-0.0038260342553257942,0.47980764508247375,0.5384824872016907,-0.005808272864669561,0.4812319278717041,0.5223221778869629,-0.007133251056075096,0.4824802577495575,0.5100523829460144,-0.007846700958907604,0.4824589192867279,0.5699000358581543,-0.006103991996496916,0.4873001277446747,0.5467483997344971,-0.008214022032916546,0.48975998163223267,0.5320380926132202,-0.00988947693258524,0.49139073491096497,0.5205622911453247,-0.01088806614279747,0.4870765507221222,0.5784695744514465,-0.00810402724891901,0.4930001199245453,0.5639781951904297,-0.009755833074450493,0.49630656838417053,0.5545244216918945,-0.010253275744616985,0.4989815354347229,0.5459616184234619,-0.010424390435218811
123,4.1036010037641155,0,Left,0.9866454005241394,0.4705149233341217,0.6070592403411865,4.1408878104221e-08,0.4664952754974365,0.5849575996398926,0.0018566023791208863,0.46917542815208435,0.567297101020813,0.0019929034169763327,0.474822461605072,0.558692455291748,0.0016090115532279015,0.4800775647163391,0.5560660362243652,0.000936006719712168,0.47084614634513855,0.5583395957946777,-0.0008355586905963719,0.47133317589759827,0.5355121493339539,-0.0028059754986315966,0.47192978858947754,0.5215728878974915,-0.0038774926215410233,0.4727661609649658,0.5110809803009033,-0.004483092576265335,0.4768878221511841,0.5608561635017395,-0.0032656399998813868,0.47986623644828796,0.53597092628479,-0.004932001698762178,0.4816169738769531,0.5200819373130798,-0.00629168376326561,0.48311078548431396,0.5081490278244019,-0.007116548251360655,0.4824119508266449,0.5672226548194885,-0.005494782701134682,0.48709744215011597,0.5447030663490295,-0.007445050403475761,0.4896235466003418,0.5302795767784119,-0.009335088543593884,0.4913099408149719,0.5188696384429932,-0.010549856349825859,0.4870658218860626,0.5760286450386047,-0.007433061487972736,0.4927782714366913,0.5620224475860596,-0.009151403792202473,0.4960044324398041,0.5527446866035461,-0.009900184348225594,0.4986165761947632,0.5441808104515076,-0.010276323184370995
124,4.136963613550815,0,Left,0.9902002215385437,0.4690374433994293,0.6055289506912231,4.6328707981047046e-08,0.46608996391296387,0.583003580570221,0.0019091160502284765,0.4695604741573334,0.5651689171791077,0.0018607144011184573,0.47555282711982727,0.5564998984336853,0.0012448489433154464,0.4807948172092438,0.5535170435905457,0.000365933810826391,0.470509797334671,0.5574091076850891,-0.001198964542709291,0.4716649055480957,0.5343393087387085,-0.0034671700559556484,0.47277697920799255,0.5201103091239929,-0.0047530606389045715,0.4739120900630951,0.5094212293624878,-0.00546742370352149,0.4763459861278534,0.5604094862937927,-0.003833858296275139,0.4803118109703064,0.5351194143295288,-0.005870225373655558,0.4824860095977783,0.5186813473701477,-0.007419642526656389,0.4840700328350067,0.5061438083648682,-0.008325052447617054,0.48182132840156555,0.5669583082199097,-0.006240041460841894,0.4876096844673157,0.5435556173324585,-0.008384394459426403,0.49062198400497437,0.5288734436035156,-0.010196503251791,0.4924350678920746,0.5172094702720642,-0.011304004117846489,0.48651185631752014,0.5758411884307861,-0.008358229883015156,0.4929133951663971,0.5613437294960022,-0.010064304806292057,0.49641314148902893,0.5515154004096985,-0.010660093277692795,0.49907395243644714,0.5423938035964966,-0.010911894962191582
125,4.170326223337516,0,Left,0.9795674085617065,0.4676435887813568,0.6008577346801758,5.9092634785429254e-08,0.46574902534484863,0.5782595276832581,0.0013658259995281696,0.46938198804855347,0.5606749653816223,0.0009811811614781618,0.4754686951637268,0.551781952381134,-4.412091129779583e-06,0.48072195053100586,0.5478161573410034,-0.0011579141719266772,0.4713733196258545,0.5529232025146484,-0.0010845804354175925,0.47410067915916443,0.5305072069168091,-0.003508965717628598,0.4765707552433014,0.5172763466835022,-0.0050185914151370525,0.479032427072525,0.5072863698005676,-0.005880528129637241,0.4766557514667511,0.5561341047286987,-0.003557380521669984,0.48133569955825806,0.5322527885437012,-0.00550463143736124,0.4847325384616852,0.5171311497688293,-0.007104120217263699,0.4876251816749573,0.5058891773223877,-0.0081101693212986,0.48179662227630615,0.5629193782806396,-0.0059253377839922905,0.48825109004974365,0.5419467687606812,-0.0077992514707148075,0.49210119247436523,0.5286219120025635,-0.009422995150089264,0.494798481464386,0.5179492831230164,-0.0104830926284194,0.4864526391029358,0.5721156597137451,-0.008131265640258789,0.49305954575538635,0.5585374236106873,-0.009476457722485065,0.49683916568756104,0.5492576956748962,-0.009888703934848309,0.4998571276664734,0.5406392812728882,-0.010061992332339287
126,4.2036888331242155,0,Left,0.9858258366584778,0.467052161693573,0.5952332615852356,7.060940276915062e-08,0.46481552720069885,0.5729273557662964,0.0012110299430787563,0.4685404896736145,0.5559340119361877,0.0006757357623428106,0.4750365912914276,0.5474259257316589,-0.0003339482063893229,0.480824738740921,0.5443773865699768,-0.0014228345826268196,0.4714832603931427,0.548187792301178,-0.0017760470509529114,0.4778509736061096,0.5275287628173828,-0.003945945296436548,0.4823782444000244,0.5170961618423462,-0.0050627426244318485,0.48634350299835205,0.5099747776985168,-0.005577603820711374,0.47700825333595276,0.5530591607093811,-0.003894288558512926,0.48430296778678894,0.5311329364776611,-0.005486538168042898,0.48920029401779175,0.5184480547904968,-0.006422031670808792,0.49326422810554504,0.5093825459480286,-0.006976114585995674,0.4821014702320099,0.5607140064239502,-0.005861279554665089,0.4899401068687439,0.541330873966217,-0.0070612141862511635,0.4945564568042755,0.5306216478347778,-0.0076804691925644875,0.4979698956012726,0.5224281549453735,-0.008087482303380966,0.4864485263824463,0.5701250433921814,-0.007729283068329096,0.4933326542377472,0.5568482279777527,-0.008258729241788387,0.4970262944698334,0.548448383808136,-0.00788799673318863,0.500075101852417,0.5411324501037598,-0.007501400075852871
127,4.237051442910916,0,Left,0.9848664402961731,0.46622854471206665,0.58910071849823,5.2794209892681465e-08,0.4646160304546356,0.5684506297111511,0.002116340445354581,0.4672158658504486,0.5492528080940247,0.0024991994723677635,0.47039008140563965,0.5357427597045898,0.0023426006082445383,0.4718801975250244,0.5245578289031982,0.0022765195462852716,0.4729168117046356,0.5423488020896912,0.00047765421913936734,0.48133131861686707,0.5264059901237488,-0.0004017832106910646,0.48663949966430664,0.5204393863677979,-0.0007216670201160014,0.49066248536109924,0.5175802111625671,-0.000670931302011013,0.4776632785797119,0.5491291880607605,-0.0013753597158938646,0.4872940480709076,0.5330628156661987,-0.001327328267507255,0.49288681149482727,0.5272105932235718,-0.0010344735346734524,0.497022420167923,0.5241774916648865,-0.0009265745175071061,0.481867253780365,0.5581721067428589,-0.00303629576228559,0.4911986291408539,0.5450810790061951,-0.002557649277150631,0.49554821848869324,0.5412384867668152,-0.0014379165368154645,0.49800458550453186,0.5387598872184753,-0.0009102064068429172,0.4854777157306671,0.5683568716049194,-0.004602218512445688,0.49285322427749634,0.5586982369422913,-0.0033451197668910027,0.4955727756023407,0.5551280975341797,-0.0015321936225518584,0.49683818221092224,0.5524965524673462,-0.000302290020044893
128,4.270414052697616,0,Left,0.9905315041542053,0.46500757336616516,0.5814225077629089,2.3046339947541128e-08,0.4650704860687256,0.5606847405433655,0.0015710414154455066,0.4682266116142273,0.5403305888175964,0.0014711456606164575,0.47070813179016113,0.5256039500236511,0.0008282765047624707,0.47097474336624146,0.5142220854759216,0.00029860384529456496,0.47421795129776,0.5356518626213074,-0.0009595257579348981,0.4847854673862457,0.5247713923454285,-0.003013898152858019,0.48984748125076294,0.5267119407653809,-0.004207239020615816,0.4913578927516937,0.5311777591705322,-0.004589324351400137,0.47848594188690186,0.5435735583305359,-0.00294735049828887,0.49003323912620544,0.5337687730789185,-0.0035955000203102827,0.4929521977901459,0.5367136597633362,-0.003499723505228758,0.4923197031021118,0.5402592420578003,-0.003598657436668873,0.4819706380367279,0.5538285374641418,-0.004761918913573027,0.49224868416786194,0.5471658706665039,-0.004684470593929291,0.4915256202220917,0.5514989495277405,-0.0031070122495293617,0.4882497489452362,0.5548366904258728,-0.002393945585936308,0.48456263542175293,0.5649356842041016,-0.006528972182422876,0.49060192704200745,0.5613628029823303,-0.005562575068324804,0.48857206106185913,0.5644030570983887,-0.0034768993500620127,0.4854159951210022,0.5665095448493958,-0.00213178270496428
129,4.303776662484316,0,Left,0.9789769053459167,0.465551495552063,0.576902449131012,-3.881199006627867e-08,0.4665580093860626,0.5558124780654907,0.0007677458925172687,0.470181941986084,0.5351926684379578,0.00028920319164171815,0.4725703001022339,0.5202813148498535,-0.0007110582082532346,0.4726639986038208,0.5085029602050781,-0.0013362998142838478,0.4769945740699768,0.5311364531517029,-0.00019463595526758581,0.4883234202861786,0.5269461274147034,-0.00232243281789124,0.48846644163131714,0.532762885093689,-0.0035921630915254354,0.48577967286109924,0.536506712436676,-0.004163164179772139,0.48019903898239136,0.5400505661964417,-0.0019588018767535686,0.4920148551464081,0.5371026992797852,-0.0027933483943343163,0.4904381334781647,0.5424933433532715,-0.002609626390039921,0.4863314628601074,0.5454913377761841,-0.0026608696207404137,0.4830045998096466,0.5504127740859985,-0.0037971644196659327,0.4931543171405792,0.5477421283721924,-0.003924851305782795,0.490773469209671,0.5521383285522461,-0.0021427501924335957,0.4866285026073456,0.5545517206192017,-0.0012914921389892697,0.4851132035255432,0.5611987113952637,-0.005696771200746298,0.49232080578804016,0.5581331849098206,-0.004844054114073515,0.48976120352745056,0.5614609718322754,-0.002696327632293105,0.4861539304256439,0.5633172988891602,-0.0013600108213722706
130,4.337139272271016,0,Left,0.985753059387207,0.46620678901672363,0.5704813599586487,-4.58534614722339e-08,0.4687182903289795,0.5501067638397217,0.0004704924358520657,0.4729105234146118,0.5308853387832642,-0.0003176927275490016,0.4753182530403137,0.5165172219276428,-0.0015134508721530437,0.4750918447971344,0.5053016543388367,-0.0022659078240394592,0.4802745580673218,0.5276312232017517,-0.0008422709070146084,0.4918080270290375,0.5279860496520996,-0.0031695037614554167,0.49015194177627563,0.5335588455200195,-0.004613805096596479,0.4861477315425873,0.5359088778495789,-0.0053990804590284824,0.4826236367225647,0.5371450185775757,-0.0025349415373057127,0.4938260018825531,0.5382851362228394,-0.00333505985327065,0.49139392375946045,0.5428308248519897,-0.003165242727845907,0.4871115982532501,0.5443220734596252,-0.0034163433592766523,0.4846372604370117,0.5479915738105774,-0.004302083980292082,0.4941869080066681,0.5488340854644775,-0.004496285691857338,0.4912790060043335,0.5524508357048035,-0.0026878288481384516,0.4870395064353943,0.5536474585533142,-0.0019414422567933798,0.4859713912010193,0.559083104133606,-0.00616028718650341,0.4926162362098694,0.5585281848907471,-0.005600643344223499,0.489528089761734,0.5616254210472107,-0.003564900252968073,0.4858098030090332,0.5627804398536682,-0.002317847916856408
131,4.370501882057717,0,Left,0.9876505136489868,0.4666381776332855,0.5639500617980957,-4.6656879248985206e-08,0.47045862674713135,0.5451845526695251,0.0003279972879681736,0.47559794783592224,0.5257300138473511,-0.0004062027728650719,0.47792065143585205,0.5114990472793579,-0.0014970002230256796,0.477523535490036,0.5005874633789062,-0.0021538110449910164,0.4833572208881378,0.5244117975234985,-0.001059375237673521,0.4946545660495758,0.528308093547821,-0.003225280437618494,0.49225857853889465,0.5332511067390442,-0.0044769831001758575,0.48797085881233215,0.5340920686721802,-0.005201252643018961,0.4847879707813263,0.5346651673316956,-0.0026529619935899973,0.4957083463668823,0.5385888814926147,-0.0035119010135531425,0.4927067160606384,0.5427603721618652,-0.0032642327714711428,0.4883077144622803,0.5433300733566284,-0.0034333551302552223,0.48593950271606445,0.5461157560348511,-0.004313092678785324,0.49551212787628174,0.5491934418678284,-0.004627861548215151,0.49228435754776,0.5523056387901306,-0.0028648560401052237,0.4879879057407379,0.5525305867195129,-0.002105201594531536,0.48647642135620117,0.5575510859489441,-0.006043427623808384,0.4933980703353882,0.5586031079292297,-0.00556917255744338,0.4902232885360718,0.5609776973724365,-0.0036763385869562626,0.48663029074668884,0.5612063407897949,-0.0025403129402548075
132,4.403864491844416,0,Left,0.9907052516937256,0.467575341463089,0.5614426136016846,-4.380917673074691e-08,0.47157832980155945,0.5437900424003601,5.0795199058484286e-05,0.4773094058036804,0.5255785584449768,-0.000938665121793747,0.4802567958831787,0.5115666389465332,-0.0022781144361943007,0.48025578260421753,0.5002554059028625,-0.0032098914962261915,0.48577889800071716,0.5249664187431335,-0.0010158669902011752,0.4963563084602356,0.5299395322799683,-0.0031796926632523537,0.4944618344306946,0.5348207950592041,-0.004646437242627144,0.4905568063259125,0.5354830622673035,-0.005529182031750679,0.48717376589775085,0.5350914001464844,-0.002569284290075302,0.49720463156700134,0.5403383374214172,-0.003345294389873743,0.49461430311203003,0.5442352294921875,-0.003411129117012024,0.49029597640037537,0.5441327691078186,-0.0037871452514082193,0.48793110251426697,0.5466607213020325,-0.004210172686725855,0.49634113907814026,0.5507667660713196,-0.004442127421498299,0.49341076612472534,0.553744912147522,-0.0029727821238338947,0.4892522394657135,0.5534314513206482,-0.002432481851428747,0.48787155747413635,0.5584079027175903,-0.005960469599813223,0.49383869767189026,0.5608452558517456,-0.005595365073531866,0.4907059073448181,0.5626140832901001,-0.003891570493578911,0.48706722259521484,0.5621505975723267,-0.00284988759085536
133,4.437227101631117,0,Left,0.9904882907867432,0.46815940737724304,0.5612470507621765,-4.743420234376572e-08,0.4728372395038605,0.5439799427986145,-0.00029738713055849075,0.4795665144920349,0.5266119241714478,-0.0014822292141616344,0.4828795790672302,0.5129612684249878,-0.0030188625678420067,0.48317086696624756,0.5015155076980591,-0.0041501931846141815,0.4881199896335602,0.5278763175010681,-0.0006772753549739718,0.49799156188964844,0.5346505045890808,-0.0030393097549676895,0.4956504702568054,0.5395431518554688,-0.004816586151719093,0.491495817899704,0.539785623550415,-0.005837632343173027,0.4888997972011566,0.5381945371627808,-0.0021373650524765253,0.49812594056129456,0.544288158416748,-0.0030962396413087845,0.4953068792819977,0.5480104088783264,-0.0034414497204124928,0.49103468656539917,0.547718346118927,-0.003951290622353554,0.4891444146633148,0.5496096611022949,-0.003769238479435444,0.4974932372570038,0.5541027784347534,-0.004191278945654631,0.4944358766078949,0.5565985441207886,-0.00276062055490911,0.4902675747871399,0.5560681223869324,-0.002140582771971822,0.4886113107204437,0.5608745217323303,-0.005540544167160988,0.4951106309890747,0.5628934502601624,-0.005091779865324497,0.49199405312538147,0.5645333528518677,-0.003166538430377841,0.48840445280075073,0.5643054842948914,-0.0019364129984751344
134,4.470589711417817,0,Left,0.9922078251838684,0.4688687324523926,0.565994143486023,-5.432578120689868e-08,0.4745485782623291,0.548945426940918,-0.0001740786392474547,0.48160287737846375,0.5324540734291077,-0.001567865489050746,0.48485103249549866,0.5189581513404846,-0.0033159174490720034,0.4852519929409027,0.5072681903839111,-0.00470722047612071,0.4905291497707367,0.5364910960197449,-0.0013390578096732497,0.49963030219078064,0.5445565581321716,-0.003524051746353507,0.4967702031135559,0.5485146045684814,-0.005135809537023306,0.4928794205188751,0.5473974347114563,-0.006194893270730972,0.4907996356487274,0.5468740463256836,-0.002911823336035013,0.4991881549358368,0.5540141463279724,-0.0036858303938061,0.4958023428916931,0.5568760633468628,-0.0038861320354044437,0.49161240458488464,0.5553401708602905,-0.004406560678035021,0.4902995228767395,0.5582848191261292,-0.004554697312414646,0.4975714683532715,0.5636149048805237,-0.004704369232058525,0.494248628616333,0.5655720829963684,-0.003193112788721919,0.49017322063446045,0.5639818906784058,-0.0026842604856938124,0.4889563024044037,0.5694066882133484,-0.006319685839116573,0.49410659074783325,0.5726822018623352,-0.005792143288999796,0.49087825417518616,0.5737725496292114,-0.0038911388255655766,0.48756417632102966,0.5726011395454407,-0.0027521499432623386
135,4.503952321204517,0,Left,0.9936478137969971,0.46877628564834595,0.5712947249412537,-5.854483120515397e-08,0.4751445949077606,0.5551465749740601,-0.0002775171888060868,0.4828987717628479,0.5394566655158997,-0.0018266603583469987,0.4866059422492981,0.5262664556503296,-0.0036645971704274416,0.4871762990951538,0.5143511891365051,-0.005153190344572067,0.49182137846946716,0.545507550239563,-0.0018133881967514753,0.5000315308570862,0.5553399324417114,-0.003947730176150799,0.49676764011383057,0.5581029653549194,-0.005499476101249456,0.49297860264778137,0.5559205412864685,-0.006570866331458092,0.49161654710769653,0.5565310120582581,-0.003330606734380126,0.49955567717552185,0.5645139813423157,-0.004098074976354837,0.49609699845314026,0.5662515759468079,-0.004230403807014227,0.4919884502887726,0.5642396211624146,-0.004740389529615641,0.4905391037464142,0.5681461691856384,-0.0048889233730733395,0.4972967803478241,0.5739540457725525,-0.004981675185263157,0.49409598112106323,0.5750742554664612,-0.003447042079642415,0.4902048707008362,0.5732206106185913,-0.0029427565168589354,0.48874300718307495,0.579201340675354,-0.006566354539245367,0.493926465511322,0.582433819770813,-0.005952612962573767,0.4908887445926666,0.5826966762542725,-0.004042850341647863,0.4876996874809265,0.5812438726425171,-0.0029448687564581633
136,4.537314930991217,0,Left,0.9941167235374451,0.4682586193084717,0.5773026943206787,-5.505413014361693e-08,0.4749884307384491,0.5623576641082764,9.803570719668642e-05,0.48338544368743896,0.547875165939331,-0.0012138736201450229,0.48766088485717773,0.535332441329956,-0.0028874592389911413,0.48840612173080444,0.5236289501190186,-0.004224113654345274,0.49212104082107544,0.5548237562179565,-0.0013622419210150838,0.5006409287452698,0.5643926858901978,-0.0032521833200007677,0.49741530418395996,0.5672129988670349,-0.00458193477243185,0.4937167465686798,0.5650990009307861,-0.005505915731191635,0.49160507321357727,0.5656959414482117,-0.002997732488438487,0.4992545545101166,0.5738940238952637,-0.003412846941500902,0.495902955532074,0.5756118893623352,-0.003387017408385873,0.4921068251132965,0.5735020041465759,-0.0038428185507655144,0.4901515543460846,0.5772185325622559,-0.00465654581785202,0.49662184715270996,0.5835398435592651,-0.004544293507933617,0.49345359206199646,0.584554135799408,-0.0030193484853953123,0.4897138774394989,0.5824449062347412,-0.00258199917152524,0.4880128800868988,0.5882598757743835,-0.006405865773558617,0.49271610379219055,0.591973066329956,-0.005822640378028154,0.48952946066856384,0.5920180678367615,-0.003993756137788296,0.48638811707496643,0.5902766585350037,-0.002946321154013276
137,4.570677540777917,0,Left,0.9934090971946716,0.46836617588996887,0.5838216543197632,-4.852145352174375e-08,0.4751746952533722,0.5682355165481567,0.00035814163857139647,0.48366233706474304,0.5540772080421448,-0.0008740243501961231,0.4878995418548584,0.5417844653129578,-0.002457475522533059,0.4886143207550049,0.53033846616745,-0.0037609159480780363,0.49212008714675903,0.5621660947799683,-0.0014470318565145135,0.5003320574760437,0.5708383321762085,-0.0031315828673541546,0.4971606731414795,0.5735880732536316,-0.004302141256630421,0.49347925186157227,0.5714184045791626,-0.005045669618993998,0.49143150448799133,0.5732206106185913,-0.0030052766669541597,0.4989621341228485,0.5806854367256165,-0.0029222508892416954,0.4958692789077759,0.5824760794639587,-0.002601159503683448,0.49229946732521057,0.5805010199546814,-0.0029565368313342333,0.48985549807548523,0.5847358703613281,-0.0045321607030928135,0.49625617265701294,0.5903905630111694,-0.003842609003186226,0.49314436316490173,0.5910845398902893,-0.002061148639768362,0.4895189702510834,0.5890185832977295,-0.001592842978425324,0.4876249432563782,0.595561146736145,-0.0061286622658371925,0.4923310875892639,0.5985674262046814,-0.004850588273257017,0.4893178343772888,0.5983778834342957,-0.0026411295402795076,0.48636457324028015,0.5968562364578247,-0.00146801071241498
138,4.604040150564617,0,Left,0.9929226636886597,0.46785715222358704,0.5863035917282104,-4.378270190841249e-08,0.47445088624954224,0.5702414512634277,0.00045486853923648596,0.4828198254108429,0.5561550259590149,-0.0008343029767274857,0.4871338903903961,0.5439167618751526,-0.002473855623975396,0.48810461163520813,0.5322640538215637,-0.003767104120925069,0.49173855781555176,0.5643081068992615,-0.0014205195475369692,0.5003669261932373,0.5738381147384644,-0.0030593955889344215,0.49679720401763916,0.57673579454422,-0.004158973228186369,0.4928753077983856,0.5745021104812622,-0.0048511819913983345,0.4911709725856781,0.575454831123352,-0.003043412696570158,0.4989524185657501,0.5834259986877441,-0.002778757829219103,0.49567073583602905,0.5854756832122803,-0.0022370803635567427,0.4920363128185272,0.5835965275764465,-0.0024426840245723724,0.48957449197769165,0.5871762037277222,-0.004640578757971525,0.49591827392578125,0.5934097170829773,-0.003798349294811487,0.4926421046257019,0.5944229364395142,-0.001861856784671545,0.4890304207801819,0.5923097133636475,-0.0013057737378403544,0.4871441125869751,0.5981720089912415,-0.006316951476037502,0.4919149577617645,0.6020002961158752,-0.005050869658589363,0.4887735843658447,0.6018352508544922,-0.002825721399858594,0.4857565760612488,0.6000671982765198,-0.0016090371645987034
139,4.637402760351318,0,Left,0.9866544604301453,0.4676686227321625,0.5855382084846497,-4.053612201460055e-08,0.47429370880126953,0.5696566700935364,0.00026033606263808906,0.4826701581478119,0.555334210395813,-0.0010582141112536192,0.4870186150074005,0.5430645942687988,-0.002782629569992423,0.488344669342041,0.5315365791320801,-0.004151562228798866,0.49151188135147095,0.563330352306366,-0.0012350555043667555,0.500262975692749,0.5722683072090149,-0.0029497763607650995,0.4968876540660858,0.5755168199539185,-0.004122037906199694,0.49312373995780945,0.5739222168922424,-0.0048935688100755215,0.4908626675605774,0.574354350566864,-0.002904222346842289,0.4989372491836548,0.5823752880096436,-0.003017392475157976,0.49560537934303284,0.584317684173584,-0.0027300280053168535,0.4918079078197479,0.5823934674263,-0.0030490111093968153,0.48935529589653015,0.586030125617981,-0.0046019162982702255,0.49607181549072266,0.5922718644142151,-0.004159221891313791,0.49269431829452515,0.593242347240448,-0.0023836707696318626,0.488868772983551,0.5912018418312073,-0.0018495883559808135,0.4871527850627899,0.5971471667289734,-0.006391366943717003,0.49243178963661194,0.6006683707237244,-0.00544457882642746,0.4891926348209381,0.6005041003227234,-0.003297144779935479,0.48598191142082214,0.5989276766777039,-0.0020967735908925533
140,4.670765370138017,0,Left,0.9888108968734741,0.4678907096385956,0.5828958749771118,-3.836938944346002e-08,0.4746018052101135,0.5670708417892456,2.9057973733870313e-05,0.48286595940589905,0.5526022911071777,-0.0014414158649742603,0.48719051480293274,0.5403327941894531,-0.0032079131342470646,0.4883136451244354,0.5288139581680298,-0.004593206103891134,0.49157434701919556,0.5598694682121277,-0.0020159154664725065,0.5005760192871094,0.5690007209777832,-0.0038455964531749487,0.4970523715019226,0.5724302530288696,-0.004976293072104454,0.49318525195121765,0.5706605911254883,-0.005710373166948557,0.49093812704086304,0.5713815689086914,-0.00356355682015419,0.4991377592086792,0.5795007348060608,-0.003699550172314048,0.495635062456131,0.5816177725791931,-0.0032693787943571806,0.4917553961277008,0.5796711444854736,-0.003526383778080344,0.48945385217666626,0.5834524631500244,-0.005116698332130909,0.49607735872268677,0.5899145603179932,-0.004650633782148361,0.4926917850971222,0.5909214615821838,-0.002787514589726925,0.4888473451137543,0.5888110399246216,-0.002233177190646529,0.4873185455799103,0.5947737693786621,-0.006770488806068897,0.4923667907714844,0.5983108878135681,-0.005832806695252657,0.4891514480113983,0.5983075499534607,-0.0036911654751747847,0.4860266149044037,0.5967473387718201,-0.002505021635442972
141,4.704127979924718,0,Left,0.9903048872947693,0.46829524636268616,0.579459011554718,-3.690234606779086e-08,0.4749789535999298,0.5637494325637817,0.00013383231998886913,0.48333248496055603,0.549491286277771,-0.0011350526474416256,0.48762038350105286,0.5374580025672913,-0.002759223338216543,0.48870494961738586,0.5262207984924316,-0.004060979466885328,0.4919668138027191,0.5570491552352905,-0.0014063704293221235,0.500336766242981,0.5651592016220093,-0.0032567312009632587,0.49757352471351624,0.568411648273468,-0.004487062804400921,0.49407464265823364,0.5675100088119507,-0.005263113416731358,0.4912807047367096,0.5681565999984741,-0.002992769703269005,0.499209463596344,0.5757105946540833,-0.003428742289543152,0.49601665139198303,0.5775277018547058,-0.0032601947896182537,0.49214425683021545,0.5759922862052917,-0.0035489697474986315,0.4897797107696533,0.5798547863960266,-0.004605266265571117,0.4963052272796631,0.5858867168426514,-0.004434709437191486,0.4930970370769501,0.5868783593177795,-0.0028185504488646984,0.48927387595176697,0.5851694941520691,-0.002276822691783309,0.48760920763015747,0.5909150838851929,-0.00631020637229085,0.4926283359527588,0.5943835973739624,-0.0055548762902617455,0.48951035737991333,0.5943876504898071,-0.0035815411247313023,0.48640844225883484,0.5931023955345154,-0.0024362984113395214
142,4.737490589711418,0,Left,0.9872909784317017,0.4690241813659668,0.5772072672843933,-3.901798351080288e-08,0.4754369556903839,0.5610964894294739,0.00019402473117224872,0.48366451263427734,0.5468794703483582,-0.0010067843832075596,0.4879188537597656,0.53489089012146,-0.002513504819944501,0.4888042211532593,0.5236380100250244,-0.0036776731722056866,0.4926329553127289,0.554340124130249,-0.0015216385945677757,0.5013134479522705,0.5625917911529541,-0.0032028306741267443,0.49787840247154236,0.5653684735298157,-0.004288178402930498,0.49391213059425354,0.5637093186378479,-0.004969263914972544,0.4919865131378174,0.5655885934829712,-0.003030447755008936,0.4999314248561859,0.5728294849395752,-0.003104320028796792,0.496526300907135,0.5747599601745605,-0.0027573658153414726,0.492716908454895,0.5731588006019592,-0.00300786760635674,0.490484356880188,0.5774984359741211,-0.0045335255563259125,0.4971638321876526,0.5831661820411682,-0.004182859323918819,0.49377694725990295,0.5842107534408569,-0.002475582528859377,0.48992979526519775,0.5824665427207947,-0.0019147050334140658,0.4883086085319519,0.5886500477790833,-0.006101158447563648,0.4935232996940613,0.5918177962303162,-0.0053886063396930695,0.4902457594871521,0.591907262802124,-0.003383622271940112,0.4869939982891083,0.590671181678772,-0.0021973559632897377
143,4.770853199498118,0,Left,0.9874555468559265,0.46945732831954956,0.5755520462989807,-3.731075182145105e-08,0.4760809540748596,0.5595110654830933,0.0002486307348590344,0.484099805355072,0.5451229214668274,-0.0010478338226675987,0.48822349309921265,0.5329249501228333,-0.0027067919727414846,0.489239901304245,0.5215849280357361,-0.004021611530333757,0.4929027557373047,0.5517023801803589,-0.0013332028174772859,0.5014013051986694,0.5605512261390686,-0.003038106020539999,0.4982602000236511,0.5642178654670715,-0.004192031919956207,0.49458229541778564,0.5631547570228577,-0.004934737924486399,0.49247169494628906,0.5629233121871948,-0.0029245843179523945,0.5002114176750183,0.5709847807884216,-0.0030036955140531063,0.4968997836112976,0.5733598470687866,-0.002715681679546833,0.49313512444496155,0.5718073844909668,-0.003026386955752969,0.4912010431289673,0.5749298334121704,-0.004527948796749115,0.4974192678928375,0.5815539956092834,-0.004080425947904587,0.4941371977329254,0.5827098488807678,-0.0024515308905392885,0.4903593361377716,0.5807678699493408,-0.0019957709591835737,0.48923081159591675,0.5863322615623474,-0.006216023582965136,0.49397212266921997,0.5901333689689636,-0.0053131235763430595,0.4906756579875946,0.590158224105835,-0.0033144187182188034,0.48751184344291687,0.5885807871818542,-0.002183615928515792
144,4.804215809284818,0,Left,0.991180419921875,0.47000640630722046,0.5755323767662048,-3.865006803493998e-08,0.47630348801612854,0.5590482950210571,0.0004888345720246434,0.4841903746128082,0.5447099208831787,-0.0007831106195226312,0.4883784353733063,0.5324803590774536,-0.0024471695069223642,0.4898170828819275,0.5209908485412598,-0.0037725530564785004,0.4933992028236389,0.5513228178024292,-0.0012079752050340176,0.5019568800926208,0.5597777366638184,-0.002696189098060131,0.49880677461624146,0.5635127425193787,-0.003678262932226062,0.4951377511024475,0.5624041557312012,-0.00433762650936842,0.4931495189666748,0.5625301599502563,-0.0028625009581446648,0.5009633898735046,0.5699670314788818,-0.0026286193169653416,0.49776774644851685,0.5725081562995911,-0.0021367415320128202,0.4939865469932556,0.5711947083473206,-0.0023753519635647535,0.49191203713417053,0.5745255351066589,-0.004497655667364597,0.49815523624420166,0.5804531574249268,-0.003785167122259736,0.49498873949050903,0.5818710327148438,-0.0020073633641004562,0.4912492036819458,0.5802150368690491,-0.0015391360502690077,0.48995742201805115,0.5860234498977661,-0.006198447197675705,0.4947829842567444,0.5895138382911682,-0.00511814933270216,0.4915046691894531,0.5896140336990356,-0.003014971502125263,0.48826539516448975,0.5880722999572754,-0.0018527484498918056
145,4.8375784190715185,0,Left,0.9896430969238281,0.47032544016838074,0.5757638812065125,-4.079124948930257e-08,0.4766809344291687,0.5594359040260315,0.0006408407934941351,0.4845972955226898,0.5449814796447754,-0.0005517713725566864,0.4888034462928772,0.5327125191688538,-0.002187718404456973,0.4901641607284546,0.5211721062660217,-0.0035091815516352654,0.49379968643188477,0.5514095425605774,-0.0008857498178258538,0.5021747946739197,0.5600656867027283,-0.0022906295489519835,0.4991344213485718,0.5640661120414734,-0.0032999319955706596,0.49550822377204895,0.5631585717201233,-0.003995328210294247,0.4936096966266632,0.5624255537986755,-0.0026211212389171124,0.5013033151626587,0.570427417755127,-0.0023074185010045767,0.4981693625450134,0.5731443762779236,-0.0018549567321315408,0.49435898661613464,0.5717681050300598,-0.0021357969380915165,0.49244624376296997,0.5743938088417053,-0.004332099575549364,0.4987272322177887,0.5808060765266418,-0.0034934866707772017,0.4955841898918152,0.5822561979293823,-0.0017138991970568895,0.4918097257614136,0.580478310585022,-0.001276306458748877,0.4905523955821991,0.5859456062316895,-0.006109646987169981,0.49545401334762573,0.58966064453125,-0.0049013132229447365,0.49224457144737244,0.5897610783576965,-0.0027655265294015408,0.48900720477104187,0.5881409049034119,-0.0016049095429480076
146,4.870941028858218,0,Left,0.9916952848434448,0.47100791335105896,0.5775836110115051,-3.872501608270795e-08,0.4771527647972107,0.561052680015564,0.0007116207852959633,0.4851454794406891,0.5465381741523743,-0.0003550072724465281,0.48946183919906616,0.5343939661979675,-0.0018597455928102136,0.49072107672691345,0.5230513215065002,-0.0030528190545737743,0.4943942725658417,0.552542507648468,-0.000717693183105439,0.5029906630516052,0.5612642765045166,-0.002012006239965558,0.5001879334449768,0.5651729106903076,-0.0029438729397952557,0.496651828289032,0.5641518235206604,-0.0035827707033604383,0.4942978620529175,0.5637845993041992,-0.0024449548218399286,0.5020012259483337,0.5716497898101807,-0.0020692357793450356,0.49904125928878784,0.5741426944732666,-0.0016182382823899388,0.495339959859848,0.5727676749229431,-0.0018787364242598414,0.49317046999931335,0.5758485794067383,-0.00414134981110692,0.4994330108165741,0.5822317600250244,-0.003280532779172063,0.49640750885009766,0.5836004614830017,-0.0015682848170399666,0.4927396774291992,0.5819132328033447,-0.0011565060121938586,0.49129799008369446,0.5874077677726746,-0.005893748253583908,0.4962468147277832,0.5912699699401855,-0.004649611655622721,0.49320000410079956,0.5914850831031799,-0.0025711595080792904,0.4900664985179901,0.5900770425796509,-0.001446957467123866
147,4.904303638644919,0,Left,0.9889689683914185,0.4710618257522583,0.5779218077659607,-4.155973698516391e-08,0.477437287569046,0.5616909265518188,0.00022139729117043316,0.4853464365005493,0.5470567345619202,-0.0010962074156850576,0.48946812748908997,0.5345889329910278,-0.0027945423498749733,0.4905740022659302,0.5228193998336792,-0.00413966691121459,0.49432486295700073,0.5532429814338684,-0.0011777121108025312,0.5028523206710815,0.5620514154434204,-0.002895334269851446,0.49970272183418274,0.5658162832260132,-0.004078992176800966,0.49593713879585266,0.5647095441818237,-0.004858816973865032,0.4941588044166565,0.5643415451049805,-0.0027844037394970655,0.5019581317901611,0.5724349021911621,-0.00285547343082726,0.4987800717353821,0.5749707221984863,-0.002573146019130945,0.4949912130832672,0.573521614074707,-0.0029012116137892008,0.4931243658065796,0.5762987732887268,-0.004429114516824484,0.4993446469306946,0.5830588936805725,-0.003998497501015663,0.49618542194366455,0.5842856168746948,-0.002367733046412468,0.4924345016479492,0.5824102759361267,-0.0019232186023145914,0.49132829904556274,0.587770402431488,-0.0061690048314630985,0.49607542157173157,0.5918115377426147,-0.0052323066629469395,0.49287325143814087,0.5918352007865906,-0.0032461301889270544,0.4896780848503113,0.5901455879211426,-0.0021412333007901907
148,4.9376662484316185,0,Left,0.9887306690216064,0.4713515043258667,0.5790659785270691,-4.0715033122751265e-08,0.4773956835269928,0.562523365020752,0.00020722720364574343,0.48516276478767395,0.5476822853088379,-0.0010755080729722977,0.48937907814979553,0.5351762771606445,-0.0027214442379772663,0.4904620349407196,0.5234048962593079,-0.004009643103927374,0.49432146549224854,0.5538306832313538,-0.0011131515493616462,0.5027952790260315,0.5619494318962097,-0.00269859260879457,0.4997235834598541,0.5657997131347656,-0.0038066173437982798,0.4960063695907593,0.5647969841957092,-0.0045339185744524,0.4943467080593109,0.5649294257164001,-0.0026608591433614492,0.5021577477455139,0.5723139047622681,-0.0025934791192412376,0.49903446435928345,0.5750516057014465,-0.002239735797047615,0.4952036440372467,0.573868989944458,-0.0025038544554263353,0.4934535622596741,0.5768513083457947,-0.004241778049618006,0.4997158944606781,0.583034336566925,-0.0036511654034256935,0.4966491460800171,0.5844076871871948,-0.0019999288488179445,0.4928765594959259,0.5827890634536743,-0.0015451411018148065,0.49177318811416626,0.5882819890975952,-0.005924389697611332,0.49655961990356445,0.5919554829597473,-0.004859671927988529,0.49343663454055786,0.5920632481575012,-0.002855456667020917,0.4902222752571106,0.5905754566192627,-0.0017408356070518494
149,4.971028858218319,0,Left,0.9905710220336914,0.4712066948413849,0.5788586735725403,-4.066658476631346e-08,0.47733116149902344,0.5626065135002136,0.00029389746487140656,0.4850895404815674,0.5477043390274048,-0.0009289210429415107,0.48920461535453796,0.5352027416229248,-0.002522100694477558,0.490258127450943,0.5236082077026367,-0.003760158782824874,0.4940733015537262,0.5537610054016113,-0.0011809909483417869,0.5027598142623901,0.561546266078949,-0.0027328627184033394,0.4998023509979248,0.5656405091285706,-0.003751900279894471,0.4961445927619934,0.5648207068443298,-0.0044256579130887985,0.4941234290599823,0.5648989677429199,-0.0027501259464770555,0.502117931842804,0.571894109249115,-0.00267334864474833,0.4990116059780121,0.574829638004303,-0.0022534611634910107,0.49517911672592163,0.5737517476081848,-0.002481878502294421,0.4932466149330139,0.5768871307373047,-0.004336286801844835,0.4997008442878723,0.5827227234840393,-0.0037907869555056095,0.4966563284397125,0.5843052864074707,-0.002134953858330846,0.49284443259239197,0.5827662944793701,-0.0016771785449236631,0.4915751516819,0.5884521007537842,-0.006001588422805071,0.4964669644832611,0.5918077230453491,-0.005047762766480446,0.4933421313762665,0.5920512080192566,-0.003090478712692857,0.49008798599243164,0.5905890464782715,-0.001996803330257535
150,5.004391468005019,0,Left,0.9903340935707092,0.4703517258167267,0.5778847932815552,-3.984504104437292e-08,0.47670093178749084,0.5614845156669617,0.0002956317912321538,0.4845242202281952,0.5462400913238525,-0.0007942013326101005,0.4884679317474365,0.5336052775382996,-0.0022632027976214886,0.48918384313583374,0.522261381149292,-0.00338731799274683,0.4931052327156067,0.5525246858596802,-0.0010439764009788632,0.5020104646682739,0.5598934292793274,-0.0026183491572737694,0.4992918074131012,0.5640776753425598,-0.0036577023565769196,0.4955707788467407,0.5633832216262817,-0.004325426649302244,0.4932202696800232,0.563750684261322,-0.0025675250217318535,0.5013375878334045,0.5703397393226624,-0.002528450218960643,0.49830031394958496,0.5733861923217773,-0.00215175561606884,0.4944133758544922,0.5723311901092529,-0.0023975439835339785,0.49240365624427795,0.5758203268051147,-0.004121675156056881,0.49907198548316956,0.5813350081443787,-0.003647718345746398,0.4960315227508545,0.5831009745597839,-0.0021107508800923824,0.492092102766037,0.581640362739563,-0.0017092711059376597,0.490729421377182,0.5874821543693542,-0.00574980303645134,0.49559175968170166,0.590721607208252,-0.004973091185092926,0.4925197958946228,0.5911149382591248,-0.00318102422170341,0.4892738163471222,0.5897849202156067,-0.0021754158660769463
151,5.037754077791719,0,Left,0.9901297092437744,0.4703616797924042,0.5778122544288635,-4.067616288239151e-08,0.4763844907283783,0.5610830187797546,0.00033721004729159176,0.48393842577934265,0.5458521842956543,-0.0009201012435369194,0.48779064416885376,0.5331002473831177,-0.0025454587303102016,0.4885704517364502,0.5213784575462341,-0.0038390501867979765,0.4928605556488037,0.5518196821212769,-0.0014317077584564686,0.5016751289367676,0.5592046976089478,-0.0029960754327476025,0.4987800717353821,0.5635344982147217,-0.003989819437265396,0.49512502551078796,0.5627793073654175,-0.0046530794352293015,0.49299994111061096,0.5628843307495117,-0.0030029979534447193,0.5009340643882751,0.5696743130683899,-0.0028969873674213886,0.49777185916900635,0.5728237628936768,-0.0024015384260565042,0.4939505457878113,0.5718581676483154,-0.0026178841944783926,0.4921826124191284,0.574964165687561,-0.004569028038531542,0.49866825342178345,0.5806318521499634,-0.004006206523627043,0.49555230140686035,0.5824494957923889,-0.0023326172959059477,0.49168694019317627,0.5810245871543884,-0.0019044053042307496,0.4905528426170349,0.586686909198761,-0.006203820928931236,0.495285302400589,0.5900604724884033,-0.005314608104526997,0.4921118915081024,0.5904803276062012,-0.0033975152764469385,0.48886674642562866,0.5891368389129639,-0.0023438851349055767
152,5.071116687578419,0,Left,0.9895305037498474,0.46989983320236206,0.5776864290237427,-4.374606277224302e-08,0.47577232122421265,0.5608552098274231,2.993999805767089e-05,0.4833839237689972,0.5456504225730896,-0.001330687664449215,0.4872545599937439,0.5327937602996826,-0.0030228623654693365,0.488171249628067,0.520968496799469,-0.004355140030384064,0.4923362731933594,0.5517087578773499,-0.0014846451813355088,0.5012249946594238,0.5588682293891907,-0.0032213323283940554,0.4980081617832184,0.5627154111862183,-0.004351309034973383,0.49419066309928894,0.5615933537483215,-0.005076923407614231,0.49240729212760925,0.5628002285957336,-0.002948646666482091,0.5004085898399353,0.5688164234161377,-0.003038029884919524,0.49721482396125793,0.5716444849967957,-0.0027102974709123373,0.49345073103904724,0.5707420706748962,-0.0030086240731179714,0.4916376769542694,0.5748205184936523,-0.004450993612408638,0.4982525110244751,0.5796205401420593,-0.004118946380913258,0.4951445162296295,0.5812643766403198,-0.002493031322956085,0.49130013585090637,0.5800239443778992,-0.0020210265647619963,0.4901331961154938,0.5863786935806274,-0.0060394927859306335,0.4952723979949951,0.5888466835021973,-0.0052267624996602535,0.4921136498451233,0.5893024802207947,-0.0032388889230787754,0.488828182220459,0.5883321762084961,-0.0021037571132183075
153,5.104479297365119,0,Left,0.9909476041793823,0.46872955560684204,0.5765663981437683,-4.165021394442192e-08,0.4749501049518585,0.559924840927124,0.0002565553004387766,0.4826260507106781,0.5446562767028809,-0.0009572819690220058,0.486267626285553,0.5315713286399841,-0.0025630388408899307,0.486820250749588,0.5198056697845459,-0.003838516538962722,0.4914540946483612,0.5507855415344238,-0.0010255001252517104,0.5002056360244751,0.557885468006134,-0.0025788445491343737,0.4973958134651184,0.562214195728302,-0.003656703280285001,0.4938080310821533,0.5614235997200012,-0.004395240917801857,0.4916568100452423,0.5616598129272461,-0.0025646481662988663,0.49949756264686584,0.5680319666862488,-0.002467012731358409,0.49643126130104065,0.5712400674819946,-0.00215263944119215,0.49275729060173035,0.5702595710754395,-0.002506567630916834,0.49090102314949036,0.5735201835632324,-0.00413177814334631,0.49740174412727356,0.5789608955383301,-0.003682882059365511,0.49427685141563416,0.5808254480361938,-0.002173082437366247,0.49043092131614685,0.5793794393539429,-0.0018240680219605565,0.48928627371788025,0.5850486159324646,-0.005770705174654722,0.49401775002479553,0.5883195996284485,-0.004976022522896528,0.49080920219421387,0.5888378620147705,-0.003146686125546694,0.4875393509864807,0.5875130891799927,-0.002139527117833495
154,5.137841907151819,0,Left,0.9910997748374939,0.46889179944992065,0.5770726203918457,-3.872913723057536e-08,0.4746146500110626,0.5600118637084961,0.00034638846409507096,0.4820552468299866,0.5450683236122131,-0.000997083610855043,0.48563602566719055,0.5323596596717834,-0.0027427126187831163,0.4862883985042572,0.5205782055854797,-0.004168329760432243,0.4909036159515381,0.5505104064941406,-0.0014511641347780824,0.5004398226737976,0.5582741498947144,-0.003088779281824827,0.4973562955856323,0.562528133392334,-0.004104010295122862,0.49364838004112244,0.5615621209144592,-0.004745735786855221,0.4911133050918579,0.5614380836486816,-0.0030929490458220243,0.499745637178421,0.5684297680854797,-0.0030792132019996643,0.4965823292732239,0.5714917182922363,-0.002701268997043371,0.4928666651248932,0.5704178810119629,-0.002971166977658868,0.49044346809387207,0.5734147429466248,-0.004721576347947121,0.4975068271160126,0.5790748000144958,-0.004216072615236044,0.49433431029319763,0.5807908773422241,-0.002534380881115794,0.49055615067481995,0.5794203281402588,-0.0020618108101189137,0.4890594482421875,0.5849575400352478,-0.0064128912054002285,0.494448721408844,0.5879995822906494,-0.005381688009947538,0.49131134152412415,0.5886152386665344,-0.003288538195192814,0.4880722761154175,0.5876214504241943,-0.002130098408088088
155,5.171204516938519,0,Left,0.9903944134712219,0.46824145317077637,0.5768979787826538,-4.3755882472851226e-08,0.4739154875278473,0.5599614977836609,0.00028033211128786206,0.4815152883529663,0.5448085069656372,-0.0010333439568057656,0.48499932885169983,0.5319676995277405,-0.00270864344201982,0.4854937791824341,0.5201249718666077,-0.0040640379302203655,0.4906659722328186,0.5503796935081482,-0.0015885474858805537,0.5000455379486084,0.5584356784820557,-0.0031944357324391603,0.49683013558387756,0.5622642040252686,-0.004167454317212105,0.493109792470932,0.5610498785972595,-0.0048171160742640495,0.4906655550003052,0.5613252520561218,-0.0031890564132481813,0.49908822774887085,0.5681214928627014,-0.003150896867737174,0.4957503080368042,0.5708221793174744,-0.002697297604754567,0.4919911324977875,0.5696613192558289,-0.0029545584693551064,0.48985135555267334,0.5732868909835815,-0.0047703576274216175,0.4966962933540344,0.5784982442855835,-0.004286172334104776,0.49335819482803345,0.5800782442092896,-0.002532391110435128,0.489530086517334,0.5787098407745361,-0.002049584174528718,0.4883575141429901,0.5848398208618164,-0.006413124036043882,0.49355483055114746,0.5873424410820007,-0.00545521778985858,0.49020442366600037,0.5878802537918091,-0.003349434118717909,0.4869098365306854,0.5869937539100647,-0.0021978477016091347
156,5.20456712672522,0,Left,0.9921650886535645,0.4676130414009094,0.5768884420394897,-4.000764519673794e-08,0.47338762879371643,0.5599967837333679,0.0005330211715772748,0.48108357191085815,0.5449681878089905,-0.0006615297170355916,0.48454219102859497,0.5321221351623535,-0.002267411444336176,0.4848203659057617,0.5204124450683594,-0.0036012777127325535,0.4898412227630615,0.5501240491867065,-0.001463437220081687,0.49958422780036926,0.5580044984817505,-0.0030398601666092873,0.49694979190826416,0.5621204972267151,-0.004004302434623241,0.49346330761909485,0.5612741112709045,-0.004625754430890083,0.4899400770664215,0.561082661151886,-0.003158510895445943,0.4987342953681946,0.568169355392456,-0.0030747472774237394,0.4957401752471924,0.5709405541419983,-0.0025927149690687656,0.492034375667572,0.569775402545929,-0.0028320085257291794,0.48921528458595276,0.5731576085090637,-0.004807295277714729,0.49647513031959534,0.5784366726875305,-0.004172717221081257,0.49333760142326355,0.5799779295921326,-0.0023823752999305725,0.48951077461242676,0.5785974860191345,-0.0019011403201147914,0.48782268166542053,0.5848218202590942,-0.006508730351924896,0.4933166205883026,0.5871842503547668,-0.005393261089920998,0.4901701509952545,0.58763188123703,-0.0032510431483387947,0.48686107993125916,0.586708664894104,-0.0021041540894657373
157,5.237929736511919,0,Left,0.9923850297927856,0.466953843832016,0.5765147805213928,-4.1916706550182425e-08,0.4727693498134613,0.5597374439239502,0.0005753963487222791,0.4804540276527405,0.5449373722076416,-0.0007394463755190372,0.4838736355304718,0.5321153402328491,-0.002483631018549204,0.4841359555721283,0.5201935172080994,-0.003905342658981681,0.48923447728157043,0.5495243072509766,-0.0018247317057102919,0.49966323375701904,0.5586072206497192,-0.0036104293540120125,0.4964960813522339,0.5624521970748901,-0.004604832734912634,0.49260085821151733,0.5607651472091675,-0.005211853887885809,0.4892938733100891,0.5603814721107483,-0.003605913370847702,0.4985556900501251,0.5686629414558411,-0.0035436113830655813,0.4951817989349365,0.5713009238243103,-0.0028832918033003807,0.491352379322052,0.569534182548523,-0.0030358540825545788,0.4885001480579376,0.5724802613258362,-0.005341633222997189,0.495953768491745,0.5788813829421997,-0.0046471282839775085,0.49249738454818726,0.5803461670875549,-0.0026252171956002712,0.48858964443206787,0.5785561203956604,-0.0020527308806777,0.48700135946273804,0.5841703414916992,-0.007142259273678064,0.49245116114616394,0.5875551700592041,-0.005982997827231884,0.4890753924846649,0.5879393219947815,-0.0037355804815888405,0.4856976866722107,0.5866233110427856,-0.0025474377907812595
158,5.27129234629862,0,Left,0.9900205731391907,0.466464638710022,0.5760623812675476,-3.519396685192078e-08,0.4721299707889557,0.5596889853477478,0.0002032690535997972,0.4798530340194702,0.5446856617927551,-0.0014627358177676797,0.4829769432544708,0.5318031907081604,-0.0034988713450729847,0.48314276337623596,0.5199234485626221,-0.005125032737851143,0.48786965012550354,0.5483249425888062,-0.0029418214689940214,0.4994937777519226,0.5564137101173401,-0.005379586946219206,0.49621906876564026,0.5609192848205566,-0.006535504944622517,0.49208980798721313,0.5596295595169067,-0.0071568661369383335,0.4876658022403717,0.5587413907051086,-0.004866725765168667,0.499014675617218,0.5670154094696045,-0.0058522713370621204,0.4953063130378723,0.5698692202568054,-0.005357326939702034,0.49095773696899414,0.567707896232605,-0.005335566587746143,0.4866939187049866,0.5704798102378845,-0.0067649646662175655,0.496260404586792,0.5778525471687317,-0.006943685468286276,0.4923616945743561,0.579429566860199,-0.004805572330951691,0.48818880319595337,0.5772432088851929,-0.003919417969882488,0.48507651686668396,0.5822639465332031,-0.008740819990634918,0.49212005734443665,0.5866937041282654,-0.008235082030296326,0.488393098115921,0.5871080160140991,-0.005984738003462553,0.48472821712493896,0.5853056907653809,-0.004695437848567963
159,5.30465495608532,0,Left,0.9952229857444763,0.46659842133522034,0.5766240358352661,-2.193156234397975e-08,0.4721440374851227,0.5604276657104492,-0.0002563100424595177,0.4801695942878723,0.5439847111701965,-0.002391435904428363,0.4833604693412781,0.5305852890014648,-0.00482276501134038,0.48402082920074463,0.5179827809333801,-0.0067536369897425175,0.48467838764190674,0.5445097088813782,-0.005406609270721674,0.4988360106945038,0.5516722202301025,-0.008967317640781403,0.49582889676094055,0.5571917295455933,-0.010363246314227581,0.4912642538547516,0.5569401979446411,-0.010830364190042019,0.4837192893028259,0.5545766353607178,-0.007354418281465769,0.4984855055809021,0.5634123682975769,-0.009458310902118683,0.49504488706588745,0.5671350359916687,-0.008692784234881401,0.49001818895339966,0.5654615163803101,-0.00825503095984459,0.48220983147621155,0.566135585308075,-0.009265446104109287,0.49571824073791504,0.5736585259437561,-0.010323332622647285,0.4920453727245331,0.5761409401893616,-0.007662983611226082,0.48714005947113037,0.5745714902877808,-0.006150768604129553,0.48038703203201294,0.5780797004699707,-0.011245870031416416,0.49077630043029785,0.5825470089912415,-0.011076375842094421,0.48757362365722656,0.583310604095459,-0.008478122763335705,0.4831070601940155,0.5814909934997559,-0.006866026669740677
160,5.33801756587202,0,Left,0.9901973605155945,0.46538177132606506,0.5735561847686768,9.62445838581516e-08,0.4732758700847626,0.5585100650787354,-9.308238804806024e-05,0.48125025629997253,0.5449561476707458,-0.0021096663549542427,0.4866075813770294,0.533180296421051,-0.004411872010678053,0.4891430735588074,0.5222728252410889,-0.006877982057631016,0.481842577457428,0.5377838015556335,-0.005742414388805628,0.4942689538002014,0.5409368276596069,-0.010415630415081978,0.5003688931465149,0.549368679523468,-0.013172540813684464,0.5043565034866333,0.5571158528327942,-0.014726855792105198,0.47919777035713196,0.5448325872421265,-0.008025739341974258,0.49328750371932983,0.5527307391166687,-0.012075342237949371,0.500774085521698,0.5622970461845398,-0.013722304254770279,0.5060586929321289,0.5702418088912964,-0.01495870016515255,0.47652068734169006,0.5549799203872681,-0.010209482163190842,0.48976048827171326,0.5642442107200623,-0.013962851837277412,0.4973302483558655,0.5719135403633118,-0.014930971898138523,0.5030456781387329,0.5775105357170105,-0.01548810862004757,0.47396162152290344,0.5663334131240845,-0.012270472012460232,0.48450079560279846,0.573737382888794,-0.014795227907598019,0.4905361831188202,0.578914999961853,-0.015051382593810558,0.4954250752925873,0.5829404592514038,-0.0151168592274189
161,5.37138017565872,0,Left,0.9933070540428162,0.46600988507270813,0.5762237310409546,7.967310011736117e-08,0.47832414507865906,0.5687553286552429,-0.00025530363200232387,0.4857706129550934,0.5566384792327881,-0.0012089066440239549,0.4903390109539032,0.5465027093887329,-0.0026669898070394993,0.49468427896499634,0.5382834672927856,-0.004299522843211889,0.481475830078125,0.5391104817390442,-0.0028261556290090084,0.4881194233894348,0.531104326248169,-0.007712237536907196,0.49428844451904297,0.530982494354248,-0.01133732683956623,0.4997543692588806,0.5330845713615417,-0.013574083335697651,0.47695499658584595,0.5400767922401428,-0.005185646936297417,0.4839410185813904,0.532272458076477,-0.009535922668874264,0.49023911356925964,0.5324190855026245,-0.012137794867157936,0.4957324266433716,0.534491240978241,-0.013854502700269222,0.4724271893501282,0.5454831719398499,-0.007797013968229294,0.47853490710258484,0.5409676432609558,-0.012184454128146172,0.48407596349716187,0.5412471294403076,-0.013769933953881264,0.48910287022590637,0.542559802532196,-0.014575560577213764,0.46818801760673523,0.5544649958610535,-0.010472494177520275,0.4728895127773285,0.5525144934654236,-0.014081989414989948,0.47702738642692566,0.5524142384529114,-0.015121848322451115,0.4809979200363159,0.5527746081352234,-0.01559167169034481
162,5.40474278544542,0,Left,0.9883946776390076,0.46618911623954773,0.5723088383674622,9.610304374518819e-08,0.475515753030777,0.5653601884841919,-0.0035208489280194044,0.483622670173645,0.5549454689025879,-0.005787453148514032,0.49053680896759033,0.548175036907196,-0.007972070015966892,0.4965130388736725,0.5419819355010986,-0.010333986952900887,0.4773610234260559,0.533083975315094,-0.005025366321206093,0.4814494848251343,0.5171921253204346,-0.009168925695121288,0.48569396138191223,0.5100589990615845,-0.012306539341807365,0.48986414074897766,0.5045098662376404,-0.014454764313995838,0.4718732237815857,0.5317537188529968,-0.0062794978730380535,0.4736638367176056,0.5133851766586304,-0.009760738350450993,0.47645676136016846,0.5029078125953674,-0.012701858766376972,0.47913792729377747,0.4943678677082062,-0.014909693039953709,0.46646901965141296,0.535719096660614,-0.008002739399671555,0.4656502902507782,0.5191220045089722,-0.011546245776116848,0.46660012006759644,0.5077091455459595,-0.013913266360759735,0.4682794511318207,0.4978500008583069,-0.015582689084112644,0.46151500940322876,0.5438511967658997,-0.010043991729617119,0.45955464243888855,0.5315567851066589,-0.013421096839010715,0.4592515826225281,0.5228286385536194,-0.014863313175737858,0.45964720845222473,0.5142107605934143,-0.015775423496961594
163,5.43810539523212,0,Left,0.9920833110809326,0.4624539017677307,0.5648251175880432,1.1430386592792274e-07,0.4706381559371948,0.5564709901809692,-0.004152556415647268,0.4768504500389099,0.5429571866989136,-0.006136044394224882,0.48240938782691956,0.5327693819999695,-0.0077948980033397675,0.4876929521560669,0.527863621711731,-0.009459271095693111,0.4712263345718384,0.5188487768173218,-0.0038817981258034706,0.47324180603027344,0.5015918612480164,-0.006881863344460726,0.4748620390892029,0.48968613147735596,-0.009672361426055431,0.4760483205318451,0.4789736270904541,-0.011739286594092846,0.46480998396873474,0.5168958306312561,-0.004262183327227831,0.46512824296951294,0.49717915058135986,-0.006726806052029133,0.4656198024749756,0.4837080240249634,-0.009392970241606236,0.4660322964191437,0.47271040081977844,-0.011264912784099579,0.4588334262371063,0.5198177099227905,-0.005050245206803083,0.45726877450942993,0.5021622180938721,-0.0076030646450817585,0.45696160197257996,0.4891877770423889,-0.009954129345715046,0.4570655822753906,0.4787435233592987,-0.011488125659525394,0.4532606303691864,0.5279635190963745,-0.006218100432306528,0.4506809115409851,0.5151437520980835,-0.008552821353077888,0.4489683210849762,0.5072409510612488,-0.00952233001589775,0.4479203224182129,0.5001267194747925,-0.00996607355773449
164,5.471468005018821,0,Left,0.9644805788993835,0.4575371742248535,0.560781717300415,8.268408890899082e-08,0.46617352962493896,0.5481003522872925,-0.003546123392879963,0.46958503127098083,0.5302717089653015,-0.0045002824626863,0.4703773856163025,0.5153133869171143,-0.005147474352270365,0.47244739532470703,0.5051183104515076,-0.00575624592602253,0.46333983540534973,0.5110335350036621,-0.0027889790944755077,0.4636833965778351,0.49117547273635864,-0.005284881219267845,0.463712215423584,0.47839343547821045,-0.007398973219096661,0.4634411931037903,0.46745631098747253,-0.008989868685603142,0.45659416913986206,0.5103961229324341,-0.0030039602424949408,0.45503339171409607,0.4882258474826813,-0.005231564864516258,0.4542052745819092,0.47407498955726624,-0.007367820478975773,0.4535473585128784,0.4621216356754303,-0.008878933265805244,0.4507109224796295,0.5143952369689941,-0.0036880096886307,0.44834545254707336,0.4945400059223175,-0.006126843858510256,0.44712626934051514,0.48159971833229065,-0.008279776200652122,0.44634538888931274,0.47054004669189453,-0.009696070104837418,0.4454222023487091,0.5225674510002136,-0.004700146149843931,0.44164568185806274,0.509079098701477,-0.007335610222071409,0.43941837549209595,0.499911367893219,-0.008810676634311676,0.4377879202365875,0.4909791052341461,-0.009615553542971611
165,5.50483061480552,0,Left,0.9255120754241943,0.4590611159801483,0.5832914710044861,1.0867745459108846e-07,0.4683726727962494,0.5567527413368225,-0.0014769422123208642,0.47145119309425354,0.532941460609436,-0.0006083380430936813,0.47155478596687317,0.5141777992248535,-4.644576256396249e-05,0.46896275877952576,0.5008264183998108,0.0008521202835254371,0.46373388171195984,0.5177628397941589,0.005539854988455772,0.4622763693332672,0.4975202679634094,0.005791399162262678,0.46130138635635376,0.4857332110404968,0.004447207320481539,0.46041348576545715,0.4750669598579407,0.003280569799244404,0.4567704200744629,0.5184382796287537,0.005809621885418892,0.4535579979419708,0.49862951040267944,0.006364733912050724,0.4517766535282135,0.4869835674762726,0.004786649718880653,0.4508025050163269,0.47778335213661194,0.003583622397854924,0.45068594813346863,0.5218314528465271,0.0055159274488687515,0.44722098112106323,0.5045088529586792,0.005918865092098713,0.4453200697898865,0.4948517084121704,0.00558203412219882,0.4440070390701294,0.48732274770736694,0.00538975652307272,0.4455283582210541,0.5292901396751404,0.004855818580836058,0.4419006109237671,0.5154011845588684,0.005175013095140457,0.43905335664749146,0.5078694224357605,0.005799828562885523,0.4366826117038727,0.5005401372909546,0.006515840068459511
165,5.50483061480552,1,Left,0.9783996343612671,0.4568973779678345,0.5598178505897522,5.6157311689730705e-08,0.4642648994922638,0.5449018478393555,-0.0035832575522363186,0.46669599413871765,0.5255876183509827,-0.004415595438331366,0.46556973457336426,0.5096980333328247,-0.005121320486068726,0.4643096327781677,0.4967450499534607,-0.0057541318237781525,0.4586245119571686,0.5076876878738403,-0.0016450402326881886,0.4579382836818695,0.4874080717563629,-0.004246745724231005,0.4569784700870514,0.4754834473133087,-0.00649785902351141,0.4557231366634369,0.465317040681839,-0.008069914765655994,0.45202764868736267,0.5088298916816711,-0.0018017537659034133,0.44870471954345703,0.48798248171806335,-0.0040504904463887215,0.44672757387161255,0.4752362072467804,-0.006157611031085253,0.4448329210281372,0.4645419120788574,-0.007581478450447321,0.44663166999816895,0.5139428377151489,-0.00255811819806695,0.44218793511390686,0.4960227310657501,-0.004766183439642191,0.43998655676841736,0.4841906726360321,-0.006295004393905401,0.4383033514022827,0.47382763028144836,-0.0072867730632424355,0.4421951174736023,0.522667407989502,-0.0037503137718886137,0.4374668300151825,0.5099636912345886,-0.005985176656395197,0.4347667396068573,0.5011248588562012,-0.006903583183884621,0.4326486885547638,0.492752343416214,-0.007310694083571434
166,5.538193224592221,0,Left,0.9724743962287903,0.4616127014160156,0.5604440569877625,4.518211937920569e-08,0.46882981061935425,0.5438936352729797,-0.0027589937672019005,0.47056519985198975,0.5227317810058594,-0.0031666122376918793,0.46948036551475525,0.5068401098251343,-0.003703744150698185,0.4682741165161133,0.4946534335613251,-0.004185526166111231,0.46114394068717957,0.5078878402709961,-0.0007309556822292507,0.4595416486263275,0.4890918433666229,-0.0032044141553342342,0.45856162905693054,0.47726064920425415,-0.005368818994611502,0.4575657248497009,0.46698540449142456,-0.006932270713150501,0.4543880820274353,0.5098395347595215,-0.001305615296587348,0.4491933286190033,0.49079397320747375,-0.00347254634834826,0.446524053812027,0.47850143909454346,-0.005481780506670475,0.4441608190536499,0.4680541753768921,-0.006892441771924496,0.44913747906684875,0.5152610540390015,-0.002456515561789274,0.44297724962234497,0.4994146227836609,-0.00461684912443161,0.4397790729999542,0.48871105909347534,-0.006035008933395147,0.4371899962425232,0.4791214168071747,-0.006987040862441063,0.445354700088501,0.5238003134727478,-0.004009205382317305,0.43981999158859253,0.5120716094970703,-0.006012165453284979,0.4365651607513428,0.5038665533065796,-0.006801081821322441,0.4337922930717468,0.49611514806747437,-0.007230759598314762
167,5.571555834378921,0,Left,0.5930711030960083,0.4643249213695526,0.601559579372406,9.728134386932652e-08,0.4722605347633362,0.5759003162384033,0.0015309996670112014,0.47646957635879517,0.5531678199768066,0.002928999252617359,0.47773781418800354,0.5346283316612244,0.0031934829894453287,0.4771474003791809,0.5197126269340515,0.003310947911813855,0.4724709391593933,0.544308066368103,0.008449708111584187,0.4729006886482239,0.5248541235923767,0.009328688494861126,0.47344088554382324,0.5132071375846863,0.008652406744658947,0.4738733470439911,0.5045475959777832,0.008251518942415714,0.4659861922264099,0.5444353222846985,0.00755130872130394,0.4672277569770813,0.5264524817466736,0.00865620095282793,0.46839848160743713,0.5173227787017822,0.007592333480715752,0.4696345329284668,0.5113541483879089,0.007191648706793785,0.4599660634994507,0.5453903079032898,0.006246000528335571,0.45924389362335205,0.5281999707221985,0.007877519354224205,0.4594740569591522,0.5191660523414612,0.008793361485004425,0.46007779240608215,0.512295663356781,0.00943337194621563,0.4544101357460022,0.5482852458953857,0.004751065280288458,0.4516655206680298,0.531455397605896,0.006505390163511038,0.4504341185092926,0.5232771039009094,0.008232674561440945,0.44970259070396423,0.5170266628265381,0.00976330041885376
167,5.571555834378921,1,Left,0.9743499755859375,0.4678284525871277,0.5660539269447327,3.509209633989485e-08,0.47618961334228516,0.5509806275367737,-0.002781755058094859,0.47933298349380493,0.5306651592254639,-0.003652798244729638,0.4787198305130005,0.5148327350616455,-0.0045577893033623695,0.47895458340644836,0.5025556683540344,-0.005444871261715889,0.47104841470718384,0.5136447548866272,-0.0021632302086800337,0.47055041790008545,0.49447131156921387,-0.0053311982192099094,0.47009041905403137,0.4820830523967743,-0.007891147397458553,0.4694966971874237,0.47129642963409424,-0.009703514166176319,0.46391892433166504,0.51427161693573,-0.002978917909786105,0.46012765169143677,0.49351176619529724,-0.005651045124977827,0.4586455523967743,0.48055851459503174,-0.007835677824914455,0.4572957456111908,0.46912881731987,-0.009353213012218475,0.4583868682384491,0.518984317779541,-0.004265433177351952,0.45313987135887146,0.5019422769546509,-0.006922536063939333,0.45075738430023193,0.4909960627555847,-0.008416633121669292,0.44895321130752563,0.48100990056991577,-0.009387906640768051,0.4542592465877533,0.5275220274925232,-0.005895687732845545,0.4488580822944641,0.515049159526825,-0.008256616070866585,0.4461774230003357,0.5067026615142822,-0.008919327519834042,0.4440576136112213,0.49887239933013916,-0.009233834221959114
168,5.604918444165621,0,Left,0.9790993332862854,0.4730168581008911,0.5732011795043945,4.402165743044861e-08,0.4829891324043274,0.5623928308486938,-0.0032717050053179264,0.48872387409210205,0.5438735485076904,-0.004225670825690031,0.4907754957675934,0.5270195007324219,-0.005039447918534279,0.49318161606788635,0.5148007869720459,-0.005784355569630861,0.4833497405052185,0.5223631262779236,-0.0017903967527672648,0.4869142472743988,0.5040994882583618,-0.00465024821460247,0.48885178565979004,0.4917522370815277,-0.007159240078181028,0.4901778995990753,0.4814899265766144,-0.00893957819789648,0.4764147698879242,0.5199583768844604,-0.002359241247177124,0.4765583276748657,0.49790075421333313,-0.00457361713051796,0.4769798815250397,0.4845496118068695,-0.006706968415528536,0.4771290421485901,0.4732295870780945,-0.008297649212181568,0.4700379967689514,0.522314190864563,-0.003492586547508836,0.4692448377609253,0.502406895160675,-0.005938685033470392,0.46917131543159485,0.49039220809936523,-0.00758076598867774,0.4693618714809418,0.48012247681617737,-0.008719001896679401,0.4640018045902252,0.5289886593818665,-0.005003404803574085,0.4611787796020508,0.5140146017074585,-0.0072298236191272736,0.4597369432449341,0.5044454336166382,-0.00786577444523573,0.4586576819419861,0.49535074830055237,-0.008241568692028522
169,5.638281053952321,0,Left,0.9728111028671265,0.47356855869293213,0.5867536067962646,1.136370357812666e-07,0.48517870903015137,0.5738190412521362,-0.0023812151048332453,0.49384188652038574,0.5592414140701294,-0.0028637186624109745,0.4989582300186157,0.5445715188980103,-0.0035714765544980764,0.5028558373451233,0.5326637029647827,-0.004089389927685261,0.49263083934783936,0.5364305973052979,0.0027202467899769545,0.5002758502960205,0.5207058787345886,0.0008573547238484025,0.5047348737716675,0.5103335380554199,-0.0016363449394702911,0.5085663795471191,0.5012798309326172,-0.0032956560607999563,0.48689112067222595,0.5311002135276794,0.0021932872477918863,0.49276015162467957,0.5126530528068542,0.0013244252186268568,0.49622321128845215,0.5002130270004272,-0.0006792633794248104,0.49941542744636536,0.4892335832118988,-0.0022450655233114958,0.4806477427482605,0.529880702495575,0.0008474366622976959,0.4842877686023712,0.5120771527290344,-0.00036658591125160456,0.4869506359100342,0.5004187822341919,-0.0018547658110037446,0.48973777890205383,0.4906773269176483,-0.002955811796709895,0.47349584102630615,0.5330581665039062,-0.0009211594588123262,0.4728705585002899,0.5185638070106506,-0.0019955351017415524,0.4726831912994385,0.5088573694229126,-0.0022345189936459064,0.4729746878147125,0.4993894696235657,-0.0023013767786324024
169,5.638281053952321,1,Left,0.9864006042480469,0.4742000102996826,0.5769578814506531,5.91570135100028e-08,0.4848768711090088,0.5706362128257751,-0.003521388629451394,0.49388429522514343,0.5574119091033936,-0.004814538639038801,0.49903783202171326,0.5432114005088806,-0.006010011304169893,0.5032256245613098,0.5323169827461243,-0.007121201604604721,0.4926774203777313,0.5337383151054382,-0.0015841586282476783,0.5006428956985474,0.5180873870849609,-0.00460535055026412,0.5050941109657288,0.508360743522644,-0.00721181882545352,0.5087390542030334,0.5002050399780273,-0.008911358192563057,0.4869668781757355,0.5282431244850159,-0.0020455624908208847,0.4930862784385681,0.5094204545021057,-0.004292828030884266,0.4967091381549835,0.49768704175949097,-0.00647938484326005,0.49975377321243286,0.4875774681568146,-0.008135086856782436,0.4804533123970032,0.5273085832595825,-0.0031953733414411545,0.48449599742889404,0.5089515447616577,-0.005722499918192625,0.48717835545539856,0.4981703460216522,-0.00755736930295825,0.4899762272834778,0.4892217218875885,-0.008867175318300724,0.47285306453704834,0.5305656790733337,-0.004731351509690285,0.4722582697868347,0.516331136226654,-0.00688886595889926,0.4719439446926117,0.5071954727172852,-0.007585350424051285,0.47207942605018616,0.49862590432167053,-0.008056449703872204
170,5.6716436637390215,0,Left,0.9844679832458496,0.4730372726917267,0.5757039189338684,7.368354459913462e-08,0.4841454029083252,0.5714257955551147,-0.0036877503152936697,0.4937317371368408,0.5604667663574219,-0.004765916150063276,0.4995179772377014,0.5472234487533569,-0.005658081732690334,0.5039955973625183,0.5366921424865723,-0.0064735813066363335,0.49384990334510803,0.5379567742347717,-0.0018019075505435467,0.5022905468940735,0.5230502486228943,-0.00447038421407342,0.5067116618156433,0.5140419006347656,-0.006737396586686373,0.5103059411048889,0.5061421990394592,-0.0081636942923069,0.4884822964668274,0.5321692824363708,-0.0019979309290647507,0.4959205389022827,0.5151285529136658,-0.0037122771609574556,0.49995487928390503,0.5045710802078247,-0.005523263476788998,0.5033041834831238,0.49533945322036743,-0.006842698901891708,0.48205000162124634,0.5303298234939575,-0.002816431922838092,0.4879012405872345,0.5144757032394409,-0.004750958643853664,0.491091787815094,0.504830539226532,-0.0060297162272036076,0.49425792694091797,0.4967341721057892,-0.006950685754418373,0.4742601215839386,0.5319403409957886,-0.004061980172991753,0.4753721058368683,0.5195633769035339,-0.005859358701854944,0.4766031801700592,0.5123781561851501,-0.006104358937591314,0.4782243072986603,0.5060982704162598,-0.006113519426435232
171,5.705006273525721,0,Left,0.9846367239952087,0.46978363394737244,0.5712146759033203,8.025174480508213e-08,0.48035717010498047,0.5644944310188293,-0.0037686198484152555,0.4886218309402466,0.5506898164749146,-0.004789771046489477,0.4937063157558441,0.537278950214386,-0.005649545229971409,0.4970039427280426,0.5255666971206665,-0.0064715133048594,0.48650696873664856,0.5299124121665955,-0.002735352609306574,0.4937400221824646,0.513431191444397,-0.005558634642511606,0.4975419342517853,0.5032866597175598,-0.0077751800417900085,0.5003369450569153,0.4945495128631592,-0.009185862727463245,0.4807491898536682,0.525290846824646,-0.003181536914780736,0.48643770813941956,0.5057974457740784,-0.005139017011970282,0.489945650100708,0.49407339096069336,-0.0069580078125,0.49277469515800476,0.4846663177013397,-0.008238598704338074,0.4741496741771698,0.5249101519584656,-0.00422328244894743,0.47797468304634094,0.5075474977493286,-0.006345206405967474,0.4804719090461731,0.49712926149368286,-0.00795298907905817,0.48303404450416565,0.48842883110046387,-0.00911509059369564,0.4667288064956665,0.5286237597465515,-0.005691098980605602,0.46561917662620544,0.5164360404014587,-0.008043978363275528,0.46511805057525635,0.508030116558075,-0.00890256091952324,0.46503785252571106,0.5003232955932617,-0.009300045669078827
172,5.738368883312422,0,Left,0.7033711671829224,0.4616636037826538,0.5970476269721985,1.1605556693439212e-07,0.47313904762268066,0.5739684104919434,-3.085378193645738e-05,0.4809170961380005,0.5537789463996887,0.0005805683322250843,0.48492538928985596,0.5366671681404114,0.00042654440039768815,0.4861784279346466,0.5220236778259277,0.00010662350541679189,0.47708630561828613,0.5410792231559753,0.0054254778660833836,0.48058921098709106,0.5243346095085144,0.004897266626358032,0.4826658070087433,0.513461709022522,0.0031306296586990356,0.4847239851951599,0.5046302080154419,0.001839109812863171,0.47023579478263855,0.5393005013465881,0.004726962186396122,0.47303518652915955,0.5229145288467407,0.0043955156579613686,0.4747064411640167,0.513688325881958,0.0025153716560453176,0.4768742024898529,0.5078005790710449,0.00124310830142349,0.46320289373397827,0.5392208695411682,0.0035717126447707415,0.4634985029697418,0.5224213004112244,0.0032696302514523268,0.46369490027427673,0.5131711959838867,0.003275086171925068,0.4643890857696533,0.5060129761695862,0.0033455337397754192,0.4561539590358734,0.5416839718818665,0.0021802536211907864,0.45429888367652893,0.5255271196365356,0.0019321690779179335,0.45277729630470276,0.5170516967773438,0.002746843034401536,0.45165079832077026,0.5094935894012451,0.0036488715559244156
172,5.738368883312422,1,Left,0.9818938374519348,0.46624869108200073,0.5663869976997375,8.438101417596044e-08,0.47592923045158386,0.5540144443511963,-0.003960353787988424,0.48193997144699097,0.5365152359008789,-0.004902320448309183,0.48396018147468567,0.5207940340042114,-0.005547418724745512,0.4844152331352234,0.5079271197319031,-0.006136443931609392,0.47592464089393616,0.5179882049560547,-0.0030840758699923754,0.47958388924598694,0.4981687664985657,-0.005810038186609745,0.4816855192184448,0.4866090416908264,-0.008011294528841972,0.4831956624984741,0.4765762388706207,-0.009553341194987297,0.46939539909362793,0.5161573886871338,-0.003319601761177182,0.4712494909763336,0.49452903866767883,-0.005497705191373825,0.47237899899482727,0.4812746047973633,-0.007769663352519274,0.47323960065841675,0.4704821705818176,-0.009485711343586445,0.4630957841873169,0.5184577107429504,-0.004115257877856493,0.46300122141838074,0.499685674905777,-0.006471540778875351,0.46341028809547424,0.4874819815158844,-0.008677762933075428,0.46404603123664856,0.477376788854599,-0.010295498184859753,0.4567926824092865,0.524934709072113,-0.005313218105584383,0.4537736773490906,0.5126623511314392,-0.0077499509789049625,0.4520202577114105,0.5042968392372131,-0.009027323685586452,0.45085409283638,0.4964049756526947,-0.009834683500230312
173,5.7717314930991215,0,Left,0.9685725569725037,0.4655906558036804,0.5616313815116882,6.378007810781128e-08,0.4730566740036011,0.5455597639083862,-0.0035680406726896763,0.47558772563934326,0.5247628688812256,-0.003945429343730211,0.474609911441803,0.509300947189331,-0.004230224993079901,0.47329625487327576,0.4965093433856964,-0.004491104744374752,0.4658374786376953,0.5100336074829102,-0.0019020501058548689,0.4652440547943115,0.48998504877090454,-0.004276707768440247,0.46510744094848633,0.4780261516571045,-0.006240753456950188,0.4647877812385559,0.4677734076976776,-0.007701510563492775,0.45922255516052246,0.5113555192947388,-0.002207889687269926,0.4554741382598877,0.49040672183036804,-0.004262772388756275,0.45380911231040955,0.4775733947753906,-0.006435356568545103,0.45222774147987366,0.4670613706111908,-0.008065149188041687,0.4541831910610199,0.5169895887374878,-0.003100842470303178,0.4491683542728424,0.4999864995479584,-0.00551041541621089,0.4465627074241638,0.4887881278991699,-0.007795629091560841,0.4444335699081421,0.47888055443763733,-0.009416315704584122,0.4505482017993927,0.5264269709587097,-0.004395513795316219,0.4441682994365692,0.5167325735092163,-0.007103153970092535,0.4400537610054016,0.5099263191223145,-0.008732778951525688,0.43650537729263306,0.5032157897949219,-0.009740225039422512
174,5.805094102885822,0,Left,0.9488458633422852,0.4661129415035248,0.5791328549385071,6.845100131158688e-08,0.47327056527137756,0.5539774894714355,-0.0015786425210535526,0.47523847222328186,0.5273148417472839,-0.0005392294260673225,0.47405052185058594,0.5102871656417847,5.6310946092708036e-05,0.4728696346282959,0.49800002574920654,0.0007563941180706024,0.4648222327232361,0.5158541202545166,0.004272366873919964,0.4616527855396271,0.49883976578712463,0.0037777009420096874,0.46029987931251526,0.4885586202144623,0.00203089602291584,0.4591993987560272,0.47850146889686584,0.0004843216447625309,0.4581138491630554,0.5184045433998108,0.003905113786458969,0.4520748555660248,0.5027683973312378,0.0036110179498791695,0.4492323696613312,0.4928762912750244,0.0013699940172955394,0.44703248143196106,0.4838363528251648,-0.00039410594035871327,0.4532390534877777,0.5233286619186401,0.0028861339669674635,0.44692161679267883,0.5098047852516174,0.0020948583260178566,0.4432526230812073,0.49945998191833496,2.958516233775299e-05,0.4399353265762329,0.48974722623825073,-0.0015175332082435489,0.45067593455314636,0.531374990940094,0.001516852993518114,0.4432530403137207,0.5217865705490112,0.0003217477351427078,0.43847110867500305,0.5151128172874451,-0.0008627278148196638,0.43412312865257263,0.5077217817306519,-0.0015691665466874838
174,5.805094102885822,1,Left,0.967070460319519,0.46682995557785034,0.559363603591919,3.7633931526670494e-08,0.47360455989837646,0.5427461266517639,-0.0029707958456128836,0.47504544258117676,0.5211099982261658,-0.0033315231557935476,0.4736268222332001,0.5055091381072998,-0.003720860928297043,0.47276240587234497,0.49362704157829285,-0.004045723471790552,0.46425414085388184,0.5062565803527832,-0.0009076604037545621,0.4614538848400116,0.4875873923301697,-0.0031240712851285934,0.45960161089897156,0.47586047649383545,-0.005138734355568886,0.4578436315059662,0.46601372957229614,-0.00672538299113512,0.45767104625701904,0.5092806816101074,-0.001377021661028266,0.45037323236465454,0.49198585748672485,-0.003527490422129631,0.4462525546550751,0.4805014133453369,-0.0058015016838908195,0.4425502419471741,0.47077497839927673,-0.007466899696737528,0.4531692564487457,0.5156973004341125,-0.002395874122157693,0.4453582763671875,0.501435399055481,-0.004706528503447771,0.44098496437072754,0.49122747778892517,-0.006664030719548464,0.43721064925193787,0.48173266649246216,-0.008044486865401268,0.4506298303604126,0.5251421928405762,-0.003793083131313324,0.4428498446941376,0.5165020227432251,-0.0062886388041079044,0.4380154609680176,0.5099601149559021,-0.00768496748059988,0.43386512994766235,0.5033316016197205,-0.008509752340614796
175,5.838456712672522,0,Left,0.9800517559051514,0.47109848260879517,0.5616468191146851,3.7516549866722926e-08,0.47894081473350525,0.5481120347976685,-0.003536298405379057,0.4823985695838928,0.5291954278945923,-0.005128107033669949,0.4826435148715973,0.5132802724838257,-0.006654402706772089,0.482944518327713,0.5007871389389038,-0.008088276721537113,0.47343355417251587,0.5089808106422424,-0.00314500043168664,0.47233375906944275,0.4898834228515625,-0.006601703818887472,0.47151172161102295,0.47744521498680115,-0.009354187175631523,0.47079816460609436,0.4666830897331238,-0.011300373822450638,0.46632325649261475,0.5098409652709961,-0.0038530260790139437,0.4611617624759674,0.48995718359947205,-0.006724177859723568,0.4587353765964508,0.4776430130004883,-0.00888433214277029,0.4567296802997589,0.4671195447444916,-0.01037460658699274,0.46105772256851196,0.5151952505111694,-0.005094307009130716,0.45511573553085327,0.4988214373588562,-0.008040125481784344,0.45219630002975464,0.4879954755306244,-0.00954591017216444,0.44993484020233154,0.47831588983535767,-0.010476495139300823,0.45739132165908813,0.5246877074241638,-0.0067457216791808605,0.4503653347492218,0.5144172310829163,-0.009580318816006184,0.44626584649086,0.507092297077179,-0.010479869320988655,0.4427908658981323,0.4999546706676483,-0.010849986225366592
176,5.871819322459222,0,Left,0.9452385306358337,0.470868855714798,0.582987904548645,9.045870541513068e-08,0.48217591643333435,0.5651842355728149,-0.0019225820433348417,0.489875853061676,0.5451596975326538,-0.0014888260047882795,0.4934498369693756,0.5294870138168335,-0.0013071357971057296,0.49629297852516174,0.5175288319587708,-0.0009683803073130548,0.48497602343559265,0.5272971391677856,0.0033980621956288815,0.48819291591644287,0.5099003911018372,0.0026151465717703104,0.49041882157325745,0.4995338022708893,0.0008791895816102624,0.4924110472202301,0.489912748336792,-0.0004927380359731615,0.47803592681884766,0.5245459675788879,0.0030328347347676754,0.47851869463920593,0.5053010582923889,0.0026555268559604883,0.47920113801956177,0.4943181872367859,0.0007645660662092268,0.48005518317222595,0.48499083518981934,-0.0006342629785649478,0.4718199372291565,0.5253148674964905,0.002010767115280032,0.47133734822273254,0.507563591003418,0.000977208255790174,0.47133809328079224,0.49560731649398804,-0.0007993410690687597,0.4713400602340698,0.4847787618637085,-0.002025448251515627,0.4665185809135437,0.5305370092391968,0.0006634407909587026,0.4637334644794464,0.5162052512168884,-0.000710260821506381,0.4615277647972107,0.5068914294242859,-0.0014988802140578628,0.4596918821334839,0.497081995010376,-0.0018087124917656183
176,5.871819322459222,1,Left,0.9771625995635986,0.4736790060997009,0.5688005685806274,3.911175383564114e-08,0.48379185795783997,0.5588939785957336,-0.0033186611253768206,0.49038875102996826,0.5409988760948181,-0.0044079977087676525,0.49315524101257324,0.5247228741645813,-0.005299150478094816,0.49649930000305176,0.5137081742286682,-0.006179423071444035,0.48618459701538086,0.5192068815231323,-0.002356003737077117,0.49055612087249756,0.5013407468795776,-0.005193467251956463,0.49258753657341003,0.4890287518501282,-0.007615684997290373,0.494098961353302,0.4789973795413971,-0.009409727528691292,0.47910192608833313,0.5164560675621033,-0.002981350990012288,0.4796886444091797,0.4944385886192322,-0.005215235520154238,0.480404257774353,0.48157352209091187,-0.00720343180000782,0.48092979192733765,0.4706028699874878,-0.008758398704230785,0.4726278781890869,0.518717885017395,-0.0041547841392457485,0.4720619022846222,0.4986231327056885,-0.0068201106041669846,0.4720960855484009,0.48634588718414307,-0.008621194399893284,0.4724790155887604,0.475879967212677,-0.009928670711815357,0.466581791639328,0.5254480242729187,-0.005673612933605909,0.46295464038848877,0.5113711953163147,-0.008221385069191456,0.4608578085899353,0.5022902488708496,-0.009133027866482735,0.4592704772949219,0.49326327443122864,-0.009764607064425945
177,5.905181932245922,0,Left,0.9833409786224365,0.4737565219402313,0.5712475180625916,5.6134922488126904e-08,0.48509976267814636,0.5649713277816772,-0.002883385634049773,0.49457910656929016,0.5527188777923584,-0.0037889026571065187,0.5002793669700623,0.5393617749214172,-0.00472716661170125,0.5049993991851807,0.529363214969635,-0.005665675271302462,0.4939131438732147,0.5311407446861267,-0.0007286507752723992,0.5026434659957886,0.5168274641036987,-0.0033415567595511675,0.5073626041412354,0.5078796148300171,-0.00572205800563097,0.5111815929412842,0.5002609491348267,-0.007289831526577473,0.48864156007766724,0.5252164602279663,-0.0013488733675330877,0.4961140751838684,0.5083656311035156,-0.0030110806692391634,0.5003148317337036,0.49779367446899414,-0.0048820641823112965,0.5038371086120605,0.4886316955089569,-0.006407568696886301,0.48217660188674927,0.5232685208320618,-0.0026431658770889044,0.4875803291797638,0.5061822533607483,-0.004675677511841059,0.4908795952796936,0.49611344933509827,-0.006310205906629562,0.49413785338401794,0.4879485070705414,-0.007586498279124498,0.4743659794330597,0.5251187086105347,-0.004295853432267904,0.4739713668823242,0.5113610029220581,-0.0061419932171702385,0.4741069972515106,0.502602219581604,-0.006726387422531843,0.47469562292099,0.49470436573028564,-0.007169222459197044
178,5.938544542032623,0,Left,0.9830950498580933,0.47353193163871765,0.5682569742202759,7.386130107533972e-08,0.48486143350601196,0.5639041662216187,-0.0034518365282565355,0.494526743888855,0.5522981882095337,-0.004320906475186348,0.49993303418159485,0.5389121770858765,-0.005031753797084093,0.5042514801025391,0.5289244055747986,-0.005713772028684616,0.4933578670024872,0.5302053093910217,-0.0019446818623691797,0.5015327334403992,0.514825701713562,-0.004623837769031525,0.5058633089065552,0.5055502653121948,-0.006737129297107458,0.5090774297714233,0.4975827634334564,-0.008022516034543514,0.4879065752029419,0.5244227051734924,-0.0022247834131121635,0.4947376549243927,0.506240963935852,-0.0041144052520394325,0.49850600957870483,0.4949408173561096,-0.005827834829688072,0.5012557506561279,0.48597434163093567,-0.006945406086742878,0.4814720153808594,0.5225136876106262,-0.003086213255301118,0.48649826645851135,0.5054233074188232,-0.005139210261404514,0.48947039246559143,0.495315283536911,-0.006552624516189098,0.49228811264038086,0.48743894696235657,-0.007495710626244545,0.4739309847354889,0.5241767168045044,-0.004325889516621828,0.4747425317764282,0.5118520259857178,-0.006394670810550451,0.4756198525428772,0.5040416121482849,-0.0069603691808879375,0.4767422080039978,0.4973340630531311,-0.0071188779547810555
179,5.971907151819322,0,Left,0.9783315062522888,0.47097232937812805,0.5647616982460022,7.409829549942515e-08,0.48148491978645325,0.5556265711784363,-0.0033096857368946075,0.4891911447048187,0.539799690246582,-0.003940995782613754,0.4933038055896759,0.5252257585525513,-0.0043634939938783646,0.49656572937965393,0.5141541957855225,-0.004790539387613535,0.48476359248161316,0.5198861956596375,-0.003081865841522813,0.49088254570961,0.5018203258514404,-0.005660554859787226,0.49440082907676697,0.49065113067626953,-0.007592781446874142,0.4967578053474426,0.48093605041503906,-0.008974090218544006,0.4784984588623047,0.5162186026573181,-0.0036932427901774645,0.48257187008857727,0.4949381649494171,-0.0059198723174631596,0.48505356907844543,0.4817444980144501,-0.00799941923469305,0.4867754578590393,0.47109317779541016,-0.009515468962490559,0.47203344106674194,0.5171892046928406,-0.004770758096128702,0.4741075932979584,0.4968116879463196,-0.007399816997349262,0.47587457299232483,0.48423612117767334,-0.009715840220451355,0.47751232981681824,0.4738832414150238,-0.01136026531457901,0.4653393626213074,0.5223144888877869,-0.006142998579889536,0.46242740750312805,0.5079669952392578,-0.009218794293701649,0.46088725328445435,0.4977843165397644,-0.010937245562672615,0.46007317304611206,0.4883638918399811,-0.011948422528803349
180,6.005269761606023,0,Left,0.9759017825126648,0.4678143858909607,0.5600182414054871,7.465344253887451e-08,0.47642335295677185,0.5472182035446167,-0.004051543772220612,0.48167717456817627,0.5283778309822083,-0.004955114331096411,0.48271921277046204,0.5122936367988586,-0.00548315467312932,0.4831603765487671,0.49969691038131714,-0.005936671979725361,0.4747813045978546,0.5092121362686157,-0.0035657300613820553,0.47687700390815735,0.4884350299835205,-0.006189450155943632,0.4779626131057739,0.476073682308197,-0.008202964439988136,0.47865423560142517,0.4653353989124298,-0.009740926325321198,0.4679553806781769,0.5081397891044617,-0.003846556879580021,0.4679292142391205,0.48568016290664673,-0.006208852864801884,0.4680306315422058,0.4719006419181824,-0.008477767929434776,0.4681011438369751,0.4604290723800659,-0.010179195553064346,0.4619600772857666,0.5118526220321655,-0.004666733555495739,0.4599515497684479,0.49180322885513306,-0.0074954526498913765,0.4592372477054596,0.47871139645576477,-0.01013670489192009,0.45895522832870483,0.4674434959888458,-0.012017426081001759,0.45658308267593384,0.520045280456543,-0.005853393115103245,0.45141562819480896,0.5075023174285889,-0.009177560918033123,0.447995126247406,0.49854958057403564,-0.011244276538491249,0.44544172286987305,0.48961329460144043,-0.012530176900327206
181,6.038632371392723,0,Left,0.9736816883087158,0.46639484167099,0.5550227165222168,5.232596933524292e-08,0.47399815917015076,0.5409376621246338,-0.003673744387924671,0.47712233662605286,0.5215160250663757,-0.004485101439058781,0.4767265319824219,0.5060113072395325,-0.005186861846596003,0.4761281907558441,0.49421459436416626,-0.0058387634344398975,0.46784475445747375,0.5031400322914124,-0.0026636580005288124,0.4675648510456085,0.48316511511802673,-0.005283269565552473,0.46707913279533386,0.4711114168167114,-0.007350823376327753,0.4663686156272888,0.4606844186782837,-0.008941291831433773,0.4609863758087158,0.5038130283355713,-0.0029551894403994083,0.45666590332984924,0.48327136039733887,-0.0054641710594296455,0.45437073707580566,0.47036823630332947,-0.007594668306410313,0.4523090422153473,0.4593513607978821,-0.009121343493461609,0.4557054340839386,0.5090600848197937,-0.003798810997977853,0.4499753713607788,0.49227073788642883,-0.006451579742133617,0.4470052421092987,0.48044735193252563,-0.008561347611248493,0.4445936381816864,0.46980753540992737,-0.010036276653409004,0.4518250823020935,0.5184361934661865,-0.005054790060967207,0.44512373208999634,0.50820392370224,-0.008007288910448551,0.4407968819141388,0.5005014538764954,-0.009744929149746895,0.43703922629356384,0.4928392767906189,-0.010780461132526398
182,6.071994981179423,0,Left,0.9818773865699768,0.4681740403175354,0.556593656539917,4.2434610492136926e-08,0.47658175230026245,0.5432000160217285,-0.003099925583228469,0.4799163341522217,0.5240370035171509,-0.004047485999763012,0.480114221572876,0.5079378485679626,-0.005045927129685879,0.4807491898536682,0.4956890940666199,-0.006056379526853561,0.47166764736175537,0.5045794248580933,-0.0021873204968869686,0.4713515341281891,0.4855181574821472,-0.005160221830010414,0.4709636867046356,0.4735012650489807,-0.007547773886471987,0.4704494774341583,0.4632871150970459,-0.009302006103098392,0.46448156237602234,0.5049980878829956,-0.0029126491863280535,0.46064263582229614,0.48466867208480835,-0.005560586228966713,0.4588829278945923,0.4719100296497345,-0.007735060062259436,0.45710697770118713,0.461200475692749,-0.009247461333870888,0.45890578627586365,0.5102041959762573,-0.004174952395260334,0.4533524513244629,0.4931480288505554,-0.0070090820081532,0.4502541720867157,0.48117130994796753,-0.00891269464045763,0.4477662742137909,0.4702787399291992,-0.010186214931309223,0.45470893383026123,0.519524335861206,-0.005787210538983345,0.4483516812324524,0.508437991142273,-0.008705634623765945,0.4445369839668274,0.4999837577342987,-0.010080394335091114,0.44134384393692017,0.49144119024276733,-0.010859767906367779
183,6.105357590966123,0,Left,0.7775599360466003,0.4624866247177124,0.5897581577301025,8.805533013855893e-08,0.4750896692276001,0.5693260431289673,0.0008116083336062729,0.4827151298522949,0.5508257150650024,0.0022029068786650896,0.48691147565841675,0.5347608327865601,0.0026824050582945347,0.48822250962257385,0.5210891962051392,0.0029274511616677046,0.47888025641441345,0.5393779277801514,0.006572381593286991,0.4824844300746918,0.524798572063446,0.006920413579791784,0.48399829864501953,0.5151305794715881,0.005654432810842991,0.485221266746521,0.5074570775032043,0.0045376489870250225,0.47232651710510254,0.53642737865448,0.005750962998718023,0.4745062589645386,0.5233463644981384,0.0059591857716441154,0.47508731484413147,0.516749382019043,0.004078519996255636,0.4755805432796478,0.514298141002655,0.002781063783913851,0.4659167230129242,0.5351170301437378,0.004537397064268589,0.4660438895225525,0.5206039547920227,0.004402308724820614,0.46489518880844116,0.5120097994804382,0.004003989044576883,0.4636624753475189,0.5066354274749756,0.003790398593991995,0.46009713411331177,0.536490797996521,0.0032098968513309956,0.45855265855789185,0.5209579467773438,0.0027297858614474535,0.4562489688396454,0.5117454528808594,0.0029104051645845175,0.4540371894836426,0.5037074089050293,0.0033961336594074965
183,6.105357590966123,1,Left,0.9808059334754944,0.47016921639442444,0.562441349029541,4.101191564132023e-08,0.4800164997577667,0.5511581897735596,-0.0027531536761671305,0.4848168194293976,0.532346785068512,-0.0034860894083976746,0.4866493046283722,0.5164368152618408,-0.0042269229888916016,0.48849889636039734,0.5051206946372986,-0.004920543171465397,0.47955119609832764,0.5129660964012146,-0.0019237336236983538,0.4823465645313263,0.4942775368690491,-0.004921249113976955,0.48402807116508484,0.4820497930049896,-0.007422569673508406,0.4853326678276062,0.47181233763694763,-0.00920165330171585,0.4727390706539154,0.5106837749481201,-0.0027281930670142174,0.4721943736076355,0.4884624779224396,-0.005173601675778627,0.4725528955459595,0.47487473487854004,-0.007296346593648195,0.47281500697135925,0.4634120464324951,-0.008864247240126133,0.46674269437789917,0.5130632519721985,-0.004049550276249647,0.4645706117153168,0.4934041500091553,-0.006668041925877333,0.46384260058403015,0.48105162382125854,-0.00846842397004366,0.4634224474430084,0.47034507989883423,-0.00973091647028923,0.46139588952064514,0.5195650458335876,-0.005693431943655014,0.4573235511779785,0.5055332779884338,-0.008224273100495338,0.4549614191055298,0.4960189461708069,-0.009238844737410545,0.4529840350151062,0.4869380593299866,-0.009881161153316498
184,6.138720200752823,0,Left,0.9841022491455078,0.47107866406440735,0.5690979957580566,4.961814425996636e-08,0.4815208911895752,0.5606058239936829,-0.0025700698606669903,0.48855671286582947,0.5439483523368835,-0.003366811666637659,0.49219608306884766,0.5287352800369263,-0.00417367834597826,0.4956725239753723,0.5176773071289062,-0.004960452206432819,0.48690053820610046,0.5228193402290344,-0.001606284873560071,0.4935956597328186,0.5065612196922302,-0.004478088580071926,0.49747025966644287,0.4964478313922882,-0.0069297607988119125,0.5003435611724854,0.48764941096305847,-0.00865129753947258,0.4811708331108093,0.5180135369300842,-0.0025255796499550343,0.4863904118537903,0.49758535623550415,-0.004765537567436695,0.48949024081230164,0.4848840832710266,-0.006768005434423685,0.49170494079589844,0.4738956093788147,-0.008308093063533306,0.4748178720474243,0.5178177356719971,-0.0040102312341332436,0.4771171510219574,0.4971053898334503,-0.006563105154782534,0.47895383834838867,0.48488476872444153,-0.008417033590376377,0.4808402359485626,0.4743105173110962,-0.009773047640919685,0.4676741361618042,0.5219327807426453,-0.005774452816694975,0.4659159779548645,0.5059096217155457,-0.00825938768684864,0.4654119908809662,0.49571600556373596,-0.009224385023117065,0.46537360548973083,0.48611754179000854,-0.009898869320750237
185,6.172082810539523,0,Left,0.9385007619857788,0.4666590690612793,0.5907840728759766,9.369609443865556e-08,0.4803953468799591,0.5712601542472839,0.0006932517280802131,0.4882354140281677,0.5519607663154602,0.002116427756845951,0.49326029419898987,0.5371401906013489,0.0025067306123673916,0.4966210722923279,0.5251962542533875,0.0028278406243771315,0.48542410135269165,0.5356855988502502,0.007097409572452307,0.49073898792266846,0.5194275975227356,0.006576225161552429,0.4939475655555725,0.5099407434463501,0.004578381311148405,0.49698904156684875,0.5007749199867249,0.0030352019239217043,0.47994521260261536,0.5325329899787903,0.005512622185051441,0.4846349358558655,0.5145759582519531,0.0053406814113259315,0.4876774549484253,0.5043737292289734,0.0030437735840678215,0.49090495705604553,0.49607759714126587,0.0012901935260742903,0.47443878650665283,0.5314853191375732,0.003320316318422556,0.4779990613460541,0.5140461921691895,0.0026784418150782585,0.4805288314819336,0.5018958449363708,0.0009335081558674574,0.4831690788269043,0.49150246381759644,-0.0003356994711793959,0.4684632122516632,0.5335950255393982,0.0009646570542827249,0.46907225251197815,0.5173273682594299,0.00034097078605555,0.46930691599845886,0.5064131021499634,1.074599458661396e-05,0.4700663387775421,0.49633219838142395,-0.00010770669905468822
185,6.172082810539523,1,Left,0.9693074822425842,0.47253528237342834,0.5724191665649414,4.909835737976209e-08,0.4829882085323334,0.5637377500534058,-0.0019246118608862162,0.4901149570941925,0.547656238079071,-0.00236696214415133,0.4942290186882019,0.533677339553833,-0.0029967587906867266,0.49780312180519104,0.5233229398727417,-0.0036675543524324894,0.4878392815589905,0.5279587507247925,-0.001123575260862708,0.4945012927055359,0.5113868117332458,-0.004002510569989681,0.4984543025493622,0.5010272264480591,-0.006416007876396179,0.5016006231307983,0.4920223355293274,-0.008047622628509998,0.48226961493492126,0.5234261155128479,-0.0022312055807560682,0.4873502850532532,0.5030382871627808,-0.004533990751951933,0.4903072714805603,0.4906247854232788,-0.0065349675714969635,0.49260297417640686,0.47990086674690247,-0.007928499020636082,0.4764615595340729,0.5229076147079468,-0.0037930861581116915,0.4797210097312927,0.5029106736183167,-0.00618538074195385,0.48221254348754883,0.49089112877845764,-0.0076439823023974895,0.4846319258213043,0.4806654155254364,-0.008632210083305836,0.4701104462146759,0.5262287855148315,-0.005608617328107357,0.46983256936073303,0.5108528733253479,-0.00788775086402893,0.4705114960670471,0.5005912780761719,-0.008576479740440845,0.471650630235672,0.49123504757881165,-0.008908533491194248
186,6.205445420326224,0,Left,0.9909957051277161,0.475029319524765,0.5752571821212769,5.6891931166092036e-08,0.4841732084751129,0.5648670792579651,-0.0021059890277683735,0.48965537548065186,0.5465002059936523,-0.0023888356518000364,0.49311020970344543,0.5325270891189575,-0.0028902224730700254,0.4967655837535858,0.5224313139915466,-0.003388216020539403,0.4846595525741577,0.5261080265045166,-0.00023349399270955473,0.4884965419769287,0.5081760287284851,-0.003003170480951667,0.4916429817676544,0.4976118803024292,-0.005307379644364119,0.4946482181549072,0.4891163110733032,-0.006870986893773079,0.47897905111312866,0.5240447521209717,-0.0013250819174572825,0.4806804656982422,0.5028205513954163,-0.003757340833544731,0.48312315344810486,0.48955851793289185,-0.005757047329097986,0.4856885075569153,0.478810578584671,-0.0070695593021810055,0.4737566411495209,0.5266734957695007,-0.003034571884199977,0.4739651083946228,0.5069852471351624,-0.005781011190265417,0.4758842885494232,0.49424076080322266,-0.007492285221815109,0.47841495275497437,0.4834294319152832,-0.008577403612434864,0.46896952390670776,0.5330525636672974,-0.005039511248469353,0.4690311551094055,0.5194818377494812,-0.007610219065099955,0.47022849321365356,0.5102802515029907,-0.008594260551035404,0.47193801403045654,0.5019678473472595,-0.0091609051451087
187,6.238808030112923,0,Left,0.9828394055366516,0.46170639991760254,0.628956139087677,1.2207530630803376e-07,0.4723224639892578,0.5923870205879211,0.0002885780995711684,0.4783298075199127,0.5639538168907166,-0.0007296181283891201,0.4824632704257965,0.5420762896537781,-0.002199778566136956,0.4853673577308655,0.5237448811531067,-0.004088880494236946,0.4754825830459595,0.5671652555465698,-0.005670893006026745,0.48070746660232544,0.5469760894775391,-0.009975423105061054,0.4847947061061859,0.5319417715072632,-0.012837686575949192,0.48947980999946594,0.5189102292060852,-0.015238689258694649,0.47173187136650085,0.5731979608535767,-0.00861412938684225,0.47019848227500916,0.5534597039222717,-0.013632728718221188,0.4717053472995758,0.5355948805809021,-0.01814146712422371,0.4743477404117584,0.5225034952163696,-0.021943142637610435,0.4693392217159271,0.5830644965171814,-0.011327002197504044,0.46841150522232056,0.5668050050735474,-0.018186330795288086,0.4706675410270691,0.5485876798629761,-0.02479751780629158,0.4732971489429474,0.5340664386749268,-0.02968248911201954,0.46967756748199463,0.596167266368866,-0.01348792389035225,0.4716574251651764,0.5953973531723022,-0.02075260505080223,0.4750935137271881,0.5942050218582153,-0.025966718792915344,0.4785005450248718,0.5929858088493347,-0.02976258099079132
187,6.238808030112923,1,Left,0.9928284287452698,0.47611185908317566,0.5771724581718445,7.163820470168503e-08,0.4835708737373352,0.5633783936500549,-0.0026173547375947237,0.48710396885871887,0.5453992486000061,-0.00392890116199851,0.4903547763824463,0.5327391028404236,-0.005424758419394493,0.49348148703575134,0.5216628313064575,-0.006813460495322943,0.4783903956413269,0.5240174531936646,-0.0013824685011059046,0.48059558868408203,0.5062063932418823,-0.004898269195109606,0.48379752039909363,0.495717853307724,-0.007761080749332905,0.486971378326416,0.4875287711620331,-0.009744570590555668,0.47380030155181885,0.5256520509719849,-0.0026153470389544964,0.47309160232543945,0.5053675174713135,-0.005874448921531439,0.4754909873008728,0.4927181601524353,-0.008512414991855621,0.47820815443992615,0.4830501079559326,-0.01034625619649887,0.47027909755706787,0.5322438478469849,-0.004503170493990183,0.468498557806015,0.5140334963798523,-0.008502908051013947,0.4710032641887665,0.503468930721283,-0.010892688296735287,0.4741016924381256,0.4952114224433899,-0.012278174981474876,0.4680124819278717,0.5422989130020142,-0.006666885688900948,0.4676884710788727,0.5312349200248718,-0.010699836537241936,0.4696444869041443,0.5231034755706787,-0.01268034428358078,0.4721306264400482,0.5162144303321838,-0.013793077319860458
188,6.272170639899624,0,Left,0.9866483211517334,0.4690290689468384,0.6073387861251831,8.548241936523482e-08,0.48146912455558777,0.5755442976951599,0.0029245903715491295,0.4847227931022644,0.5526576042175293,0.002797763328999281,0.4880475699901581,0.5379762649536133,0.0009383832802996039,0.4928325414657593,0.5257251858711243,-0.0010194695787504315,0.4735206961631775,0.53663170337677,0.004378658719360828,0.47109922766685486,0.5156444311141968,0.000892190495505929,0.4746219515800476,0.5023478865623474,-0.0026227275375276804,0.4797581136226654,0.4922570288181305,-0.005261791404336691,0.4699598550796509,0.5413863062858582,-2.3916789359645918e-05,0.4657880663871765,0.5178929567337036,-0.003630855120718479,0.46978840231895447,0.5029259920120239,-0.007327829487621784,0.4755958914756775,0.4920349717140198,-0.010172086767852306,0.46871164441108704,0.5497066378593445,-0.004859630949795246,0.4657673239707947,0.5296655893325806,-0.009259977377951145,0.4705762267112732,0.5157212018966675,-0.012959403917193413,0.4761837124824524,0.5061666369438171,-0.015460005961358547,0.47019270062446594,0.5613722205162048,-0.009569967165589333,0.46989238262176514,0.5492604970932007,-0.013445019721984863,0.47407299280166626,0.5420399904251099,-0.016040321439504623,0.47897869348526,0.5364737510681152,-0.017933491617441177
188,6.272170639899624,1,Left,0.9911919832229614,0.47583067417144775,0.5814369320869446,6.924427964349888e-08,0.48322075605392456,0.5636473298072815,-0.0006032330566085875,0.4863106906414032,0.5466246008872986,-0.002271124394610524,0.4896599352359772,0.5351933240890503,-0.004676962271332741,0.49348291754722595,0.5253146290779114,-0.007250244729220867,0.475504070520401,0.530124843120575,-0.002732833381742239,0.4742783010005951,0.5117083787918091,-0.007318573072552681,0.476972371339798,0.5010714530944824,-0.010746419429779053,0.48064878582954407,0.493242084980011,-0.013015064410865307,0.47155407071113586,0.5352198481559753,-0.0056463624350726604,0.46752265095710754,0.5152760148048401,-0.009979008696973324,0.4702340364456177,0.5029215216636658,-0.013213827274739742,0.47423169016838074,0.49372148513793945,-0.015522087924182415,0.4694150686264038,0.5439969301223755,-0.00887330248951912,0.46743205189704895,0.5290488600730896,-0.014107570052146912,0.47144007682800293,0.5181465148925781,-0.017228905111551285,0.47601407766342163,0.5105651617050171,-0.01906159706413746,0.469479501247406,0.5547225475311279,-0.0121167516335845,0.47193536162376404,0.5440661907196045,-0.016838202252984047,0.47636276483535767,0.537461519241333,-0.01888837292790413,0.4807957112789154,0.5330086946487427,-0.020103732123970985
189,6.305533249686324,0,Left,0.9926234483718872,0.4740532338619232,0.5873938798904419,7.916579392031053e-08,0.47910255193710327,0.5645713806152344,-0.0001520188816357404,0.4830927848815918,0.5463753342628479,-0.0023194567766040564,0.48750677704811096,0.5350419878959656,-0.005139670800417662,0.4919373095035553,0.5268959403038025,-0.007823611609637737,0.4705544114112854,0.5407808423042297,-0.005072881001979113,0.4714314043521881,0.5207259058952332,-0.010063396766781807,0.47581255435943604,0.5095515251159668,-0.013395133428275585,0.48013588786125183,0.5016433596611023,-0.01546537596732378,0.46892380714416504,0.5493192672729492,-0.00820386502891779,0.46726924180984497,0.5306602120399475,-0.013305428437888622,0.4707450568675995,0.5190588235855103,-0.01622929982841015,0.47445496916770935,0.5113762617111206,-0.018153661862015724,0.4702434539794922,0.5590059161186218,-0.011396079324185848,0.47329244017601013,0.5450999736785889,-0.01682898961007595,0.4788707494735718,0.5345737338066101,-0.01948130503296852,0.48344776034355164,0.5273484587669373,-0.020892275497317314,0.47472506761550903,0.5687116384506226,-0.014542382210493088,0.48153138160705566,0.55776447057724,-0.01844245009124279,0.4867803454399109,0.5513695478439331,-0.01977522298693657,0.490719735622406,0.5466002821922302,-0.020582251250743866
190,6.338895859473023,0,Left,0.9549106359481812,0.4634281098842621,0.6502512097358704,1.1469111882433936e-07,0.46332770586013794,0.6217975616455078,0.0036744954995810986,0.46692565083503723,0.5963926911354065,0.003305491991341114,0.4709256589412689,0.5755816102027893,0.0016900362679734826,0.4732119143009186,0.5579018592834473,1.0509301318961661e-05,0.4646269381046295,0.5857695937156677,-0.00015118083683773875,0.4661833941936493,0.5581519603729248,-0.003669855184853077,0.4700658917427063,0.5397793054580688,-0.006198977120220661,0.47439441084861755,0.5249002575874329,-0.007799673825502396,0.46655794978141785,0.586184024810791,-0.00428434181958437,0.47030696272850037,0.5585892200469971,-0.007729248143732548,0.47621458768844604,0.5401303768157959,-0.009896812029182911,0.48231324553489685,0.5271888971328735,-0.011351680383086205,0.4705169200897217,0.5902652144432068,-0.008235075511038303,0.4762488603591919,0.5658367276191711,-0.011293277144432068,0.4835319221019745,0.5494042038917542,-0.013302057050168514,0.4899026155471802,0.5374747514724731,-0.014602449722588062,0.4762442409992218,0.5977092385292053,-0.011855646036565304,0.4832130968570709,0.5766098499298096,-0.01390761137008667,0.48989057540893555,0.56452876329422,-0.01478984672576189,0.49594956636428833,0.5552080273628235,-0.0153765007853508
190,6.338895859473023,1,Left,0.984940230846405,0.47150909900665283,0.5942341089248657,8.413388030703572e-08,0.47176384925842285,0.5709698796272278,-0.0013088585110381246,0.47510936856269836,0.5500774383544922,-0.004180789925158024,0.48079007863998413,0.535584032535553,-0.007216514553874731,0.4857848286628723,0.5257343053817749,-0.010167248547077179,0.46761155128479004,0.552585244178772,-0.00910677295178175,0.46983134746551514,0.5318713784217834,-0.01477862149477005,0.47383278608322144,0.5202240347862244,-0.018198182806372643,0.47778424620628357,0.511164128780365,-0.020361803472042084,0.46974891424179077,0.5612775683403015,-0.011608980596065521,0.47285205125808716,0.5438328385353088,-0.017604026943445206,0.47734135389328003,0.5317198038101196,-0.02048175409436226,0.4817327857017517,0.5229924321174622,-0.022379187867045403,0.4741489589214325,0.5704410076141357,-0.014009439386427402,0.4796351194381714,0.5555886626243591,-0.019825125113129616,0.48509451746940613,0.5435855388641357,-0.02231377176940441,0.4896506667137146,0.534543514251709,-0.023669570684432983,0.47998058795928955,0.5793372392654419,-0.016397666186094284,0.48751625418663025,0.5684542655944824,-0.020805899053812027,0.4928725063800812,0.5604379177093506,-0.022498250007629395,0.4977532923221588,0.5537177920341492,-0.023534830659627914
191,6.372258469259724,0,Left,0.9760744571685791,0.4692663550376892,0.6243175864219666,7.132187818115199e-08,0.4669906497001648,0.594054102897644,0.0018337172223255038,0.4692622721195221,0.570501446723938,0.0017964038997888565,0.47364142537117004,0.5539392232894897,0.0010402444750070572,0.4774494767189026,0.5420489311218262,0.0005135765532031655,0.4672948122024536,0.5706989765167236,-0.00033621647162362933,0.4706341624259949,0.5472152233123779,-0.0020669579971581697,0.474300354719162,0.5339779853820801,-0.002820696448907256,0.477492094039917,0.5233702659606934,-0.0031226363498717546,0.4725821018218994,0.5758022665977478,-0.002570471493527293,0.4776850938796997,0.5550855994224548,-0.004546875134110451,0.48142290115356445,0.5414281487464905,-0.005552296061068773,0.4843563735485077,0.5297414064407349,-0.006233240477740765,0.47909337282180786,0.5814566612243652,-0.004754723981022835,0.4876098334789276,0.5632805228233337,-0.0064324140548706055,0.49289748072624207,0.5508379340171814,-0.007169466000050306,0.49643081426620483,0.5401269197463989,-0.007606594357639551,0.48563694953918457,0.5870933532714844,-0.006792138330638409,0.49317777156829834,0.5701757073402405,-0.007393041625618935,0.4973922371864319,0.5583411455154419,-0.007380614522844553,0.5008327960968018,0.5474163889884949,-0.007317414507269859
191,6.372258469259724,1,Left,0.990199863910675,0.471763014793396,0.5999470353126526,6.606576619105908e-08,0.46834081411361694,0.5788999199867249,-0.0021823265124112368,0.47125956416130066,0.5570188760757446,-0.004909152165055275,0.4774702787399292,0.541426956653595,-0.007116335444152355,0.48338308930397034,0.5313671231269836,-0.009197027422487736,0.46780502796173096,0.5646082758903503,-0.010480659082531929,0.47064730525016785,0.5440388321876526,-0.014366530813276768,0.47410106658935547,0.5318408608436584,-0.01572839543223381,0.47736188769340515,0.5221364498138428,-0.016399960964918137,0.47344279289245605,0.5721708536148071,-0.011460814625024796,0.4778968393802643,0.5545392036437988,-0.01555195078253746,0.4814091622829437,0.5414376258850098,-0.016643736511468887,0.4843514859676361,0.5316897630691528,-0.017413269728422165,0.4799026548862457,0.5791705846786499,-0.012223376892507076,0.48759740591049194,0.5635088682174683,-0.0162446778267622,0.4923017919063568,0.5510881543159485,-0.017484106123447418,0.4952635169029236,0.5421237349510193,-0.01791321113705635,0.4863411486148834,0.5846179127693176,-0.012947043403983116,0.49327173829078674,0.5686695575714111,-0.01566259004175663,0.4972746670246124,0.5573321580886841,-0.016511691734194756,0.5004681348800659,0.547993004322052,-0.016926242038607597
192,6.405621079046424,0,Left,0.9907636642456055,0.47302013635635376,0.6045622825622559,4.941379216916175e-08,0.4691027104854584,0.5865594148635864,-0.001594008062966168,0.4705502390861511,0.5693724751472473,-0.0037092179991304874,0.474999338388443,0.5561220645904541,-0.0053877760656178,0.47955209016799927,0.5483384132385254,-0.006947467569261789,0.4688064455986023,0.5715633034706116,-0.008321541361510754,0.47183701395988464,0.5495383739471436,-0.011661955155432224,0.4748494327068329,0.5376152396202087,-0.012969182804226875,0.47749119997024536,0.5278441905975342,-0.01357349008321762,0.4753207266330719,0.576483964920044,-0.009175147861242294,0.47937220335006714,0.5561428070068359,-0.012312961742281914,0.4824584126472473,0.5438848733901978,-0.013282670639455318,0.4848043620586395,0.5346078276634216,-0.013931137509644032,0.48183947801589966,0.5811822414398193,-0.00978429801762104,0.4881978929042816,0.5626230835914612,-0.012577630579471588,0.4919176995754242,0.5490690469741821,-0.013281707651913166,0.4942907392978668,0.5391625165939331,-0.013554939068853855,0.4874506890773773,0.5846314430236816,-0.010339857079088688,0.4916742146015167,0.5676935911178589,-0.011989658698439598,0.49363335967063904,0.5566710233688354,-0.011965079233050346,0.4950302243232727,0.5481483340263367,-0.01182495802640915
193,6.438983688833124,0,Left,0.9190040826797485,0.47230014204978943,0.6191348433494568,5.490314336498159e-08,0.47409144043922424,0.5947498679161072,-0.0011167593766003847,0.47858840227127075,0.5719083547592163,-0.0001515422627562657,0.4847801923751831,0.553671658039093,0.001058886176906526,0.48946550488471985,0.5402364730834961,0.0029921752866357565,0.46957874298095703,0.5694391131401062,0.0034867178183048964,0.4716739058494568,0.5457073450088501,0.0047312830574810505,0.4744942784309387,0.5344915986061096,0.005262168124318123,0.47709205746650696,0.5248292088508606,0.0054761264473199844,0.4742656946182251,0.5724634528160095,0.004185249097645283,0.4776672124862671,0.5494627356529236,0.00535527104511857,0.4805648922920227,0.5392844080924988,0.004570582881569862,0.4826730787754059,0.5307108163833618,0.0037073518615216017,0.4798716604709625,0.5765098333358765,0.004567432217299938,0.4842405319213867,0.5549062490463257,0.005465065594762564,0.4867229759693146,0.5445108413696289,0.0049967472441494465,0.4880377948284149,0.5355222225189209,0.004362629726529121,0.48565873503685,0.5801475048065186,0.00479738088324666,0.4886349141597748,0.5624355673789978,0.00625841086730361,0.4899752736091614,0.5531076192855835,0.0068385545164346695,0.49092039465904236,0.5448005795478821,0.007016412913799286
193,6.438983688833124,1,Left,0.9961101412773132,0.4749961495399475,0.6034599542617798,5.331032681965553e-08,0.4701031744480133,0.5864428877830505,-0.0016511554131284356,0.4706611931324005,0.567895233631134,-0.0034916142467409372,0.4745405912399292,0.5537318587303162,-0.004835336934775114,0.4784119725227356,0.5449486970901489,-0.006075520068407059,0.4691770672798157,0.5709050893783569,-0.00785884540528059,0.47114458680152893,0.5493924617767334,-0.011049713008105755,0.4733984172344208,0.5368228554725647,-0.012562427669763565,0.47547292709350586,0.5263009071350098,-0.013463023118674755,0.475873202085495,0.5758935809135437,-0.00862676277756691,0.4785521626472473,0.555909276008606,-0.0117624681442976,0.4802175462245941,0.5430148243904114,-0.013136650435626507,0.4814209043979645,0.5322685241699219,-0.014146392233669758,0.48257485032081604,0.5806662440299988,-0.009111488237977028,0.48750269412994385,0.5603960156440735,-0.011831618845462799,0.4897857904434204,0.5464703440666199,-0.012605449184775352,0.49088603258132935,0.5353270769119263,-0.013007711619138718,0.4882661700248718,0.584264874458313,-0.009530306793749332,0.49116361141204834,0.5671830773353577,-0.011427069082856178,0.4923115670681,0.5561572909355164,-0.011518563143908978,0.492895245552063,0.5469745397567749,-0.011420582421123981
194,6.472346298619824,0,Left,0.9894165396690369,0.47641879320144653,0.6049478054046631,5.832054839061129e-08,0.4708911180496216,0.5903705954551697,-0.0013134994078427553,0.4710569977760315,0.5720537304878235,-0.0029632444493472576,0.4750959277153015,0.5579508543014526,-0.0043860687874257565,0.4787655174732208,0.5484424829483032,-0.005672819446772337,0.46855631470680237,0.5738673210144043,-0.0068536121398210526,0.4700961410999298,0.5501407384872437,-0.0102757653221488,0.47241753339767456,0.5362922549247742,-0.011735990643501282,0.4745618999004364,0.5253875255584717,-0.012396898120641708,0.4746495187282562,0.5772400498390198,-0.008015412837266922,0.47646456956863403,0.5557794570922852,-0.011832167394459248,0.4783366620540619,0.5407974720001221,-0.013541098684072495,0.47978323698043823,0.5285353660583496,-0.014478321187198162,0.4813133478164673,0.5801792740821838,-0.008999988436698914,0.48472556471824646,0.559123158454895,-0.012187107466161251,0.48651397228240967,0.5446850657463074,-0.013338313437998295,0.48710715770721436,0.5331712365150452,-0.01370664220303297,0.4876329302787781,0.5818167924880981,-0.009958856739103794,0.4891812205314636,0.562900722026825,-0.012049042619764805,0.4896983206272125,0.5505006313323975,-0.012459092773497105,0.48989057540893555,0.5403466820716858,-0.012447777204215527
195,6.5057089084065245,0,Left,0.978788435459137,0.4769633412361145,0.606450617313385,7.437745352945058e-08,0.47093096375465393,0.5924120545387268,-0.000834600708913058,0.46957749128341675,0.5747964382171631,-0.0025252506602555513,0.47211113572120667,0.5602562427520752,-0.004060720559209585,0.47467660903930664,0.5502231121063232,-0.005532299168407917,0.46697157621383667,0.5756310224533081,-0.00688642542809248,0.46872761845588684,0.550871729850769,-0.010382017120718956,0.47110360860824585,0.5365959405899048,-0.011849281378090382,0.4731815755367279,0.5260167121887207,-0.012344177812337875,0.4730962812900543,0.5789273977279663,-0.008179707452654839,0.4749129116535187,0.5541881918907166,-0.011704913340508938,0.4766123294830322,0.5389782190322876,-0.013172194361686707,0.47775861620903015,0.5278527140617371,-0.013877549208700657,0.47993040084838867,0.5814557075500488,-0.009184807538986206,0.48270612955093384,0.5579219460487366,-0.012192890979349613,0.48363083600997925,0.5429738759994507,-0.01325862854719162,0.48345640301704407,0.5324497222900391,-0.013567392714321613,0.48646533489227295,0.5828520655632019,-0.010067221708595753,0.4872642755508423,0.563040554523468,-0.012044601142406464,0.4868939518928528,0.5516262054443359,-0.012186296284198761,0.4860498011112213,0.5433511734008789,-0.011918999254703522
196,6.539071518193224,0,Left,0.8722033500671387,0.4778822958469391,0.6108720302581787,7.935015133853085e-08,0.47295498847961426,0.5979804396629333,-0.0019362046150490642,0.47124460339546204,0.5787730813026428,-0.0039797695353627205,0.47411882877349854,0.5618430376052856,-0.005531352944672108,0.4776894152164459,0.549709141254425,-0.00675173569470644,0.4661276638507843,0.5816745162010193,-0.007603122387081385,0.4679245054721832,0.5567053556442261,-0.010757703334093094,0.4707549214363098,0.5427005290985107,-0.01183084212243557,0.473235160112381,0.533022940158844,-0.012175756506621838,0.47093820571899414,0.5842563509941101,-0.008050983771681786,0.47324392199516296,0.559468686580658,-0.010989389382302761,0.47556155920028687,0.5454758405685425,-0.011720569804310799,0.47742795944213867,0.5358397364616394,-0.012142429128289223,0.4771149754524231,0.5857043266296387,-0.008375228382647038,0.47964662313461304,0.5630475282669067,-0.010889201425015926,0.48072969913482666,0.54941725730896,-0.011438696645200253,0.4812636077404022,0.540117084980011,-0.011656157672405243,0.483687162399292,0.585687518119812,-0.00871951412409544,0.48426419496536255,0.5675286650657654,-0.010492485947906971,0.4834915101528168,0.5574681758880615,-0.010818255133926868,0.48274436593055725,0.5498419404029846,-0.010880480520427227
197,6.572434127979925,0,Left,0.9716705083847046,0.477505624294281,0.6190499663352966,7.009247582345779e-08,0.46994975209236145,0.6064046025276184,-0.0017412935849279165,0.46762391924858093,0.5882039666175842,-0.004586152732372284,0.47018876671791077,0.5717101097106934,-0.006824974436312914,0.47380948066711426,0.5608293414115906,-0.008950199000537395,0.4659436345100403,0.5926423072814941,-0.010723015293478966,0.4673710763454437,0.5675472617149353,-0.014108015224337578,0.46998533606529236,0.5550063848495483,-0.01497621089220047,0.4725533425807953,0.5468788743019104,-0.01519171055406332,0.47229984402656555,0.5958988070487976,-0.011324547231197357,0.4731670022010803,0.5708371996879578,-0.014353904873132706,0.4747851490974426,0.5567055344581604,-0.014670518226921558,0.47627589106559753,0.5478617548942566,-0.014952488243579865,0.47908833622932434,0.5971065759658813,-0.011488930322229862,0.47988224029541016,0.5729537606239319,-0.013726233504712582,0.4802572429180145,0.5584542155265808,-0.013909234665334225,0.48044371604919434,0.5494319796562195,-0.01407757867127657,0.48550480604171753,0.5963860154151917,-0.011592359282076359,0.48430147767066956,0.577754557132721,-0.013022374361753464,0.4830379784107208,0.5673996210098267,-0.013039740733802319,0.4820610284805298,0.5601748824119568,-0.01302371546626091
198,6.6057967377666245,0,Left,0.8946570158004761,0.4759126305580139,0.626702070236206,8.79035368939185e-08,0.46920695900917053,0.6164956092834473,-0.0028686353471130133,0.4662928581237793,0.6005620360374451,-0.006342069245874882,0.4681829810142517,0.5854828953742981,-0.009232573211193085,0.4716367721557617,0.5747901201248169,-0.011952689848840237,0.46510782837867737,0.606637716293335,-0.011880132369697094,0.4665406048297882,0.5801628232002258,-0.01627744548022747,0.4691318869590759,0.5666381120681763,-0.017743423581123352,0.4715803861618042,0.5574470162391663,-0.018168698996305466,0.47053268551826477,0.6088619232177734,-0.012246938422322273,0.4706568121910095,0.5824034810066223,-0.016554970294237137,0.47230640053749084,0.5664325952529907,-0.01734878681600094,0.4741019010543823,0.5561619400978088,-0.017655910924077034,0.4769657552242279,0.6084659695625305,-0.01233084499835968,0.4767937660217285,0.5832502841949463,-0.01555603090673685,0.47721660137176514,0.5677235722541809,-0.016069481149315834,0.47764089703559875,0.5576514601707458,-0.016165433451533318,0.48352622985839844,0.605751633644104,-0.012459587305784225,0.48331019282341003,0.5853615403175354,-0.014476235024631023,0.48256629705429077,0.5731027722358704,-0.014758598059415817,0.4818493723869324,0.564064085483551,-0.01480524055659771
199,6.639159347553325,0,Left,0.9822521209716797,0.47419285774230957,0.6300087571144104,1.1017854006922789e-07,0.4675026535987854,0.6194966435432434,-0.002957831136882305,0.46455642580986023,0.603745698928833,-0.00665899645537138,0.4662437438964844,0.5887847542762756,-0.009742211550474167,0.4691362679004669,0.578697681427002,-0.012694690376520157,0.46355879306793213,0.611916184425354,-0.01225798949599266,0.4650996923446655,0.5881732702255249,-0.017085056751966476,0.46772265434265137,0.5731087327003479,-0.019130036234855652,0.4701724350452423,0.562869131565094,-0.019876724109053612,0.46953436732292175,0.6149938106536865,-0.012760509736835957,0.47020259499549866,0.5900886654853821,-0.017167573794722557,0.471640408039093,0.5730193257331848,-0.018050802871584892,0.47303643822669983,0.5622352361679077,-0.01842411980032921,0.4764246642589569,0.6150997877120972,-0.012981322593986988,0.4769352376461029,0.5910053253173828,-0.016119401901960373,0.4769195020198822,0.574115514755249,-0.01640728861093521,0.4767698049545288,0.5634269118309021,-0.01633746176958084,0.48335570096969604,0.6125842332839966,-0.01330547221004963,0.4835219383239746,0.592413067817688,-0.015284677036106586,0.48235830664634705,0.5787972807884216,-0.015363601967692375,0.4811118245124817,0.5689487457275391,-0.015208328142762184
200,6.672521957340025,0,Left,0.9982473850250244,0.4737437069416046,0.627840518951416,1.1751279060945308e-07,0.46746477484703064,0.6181387305259705,-0.0030540120787918568,0.4644728899002075,0.603102445602417,-0.006442259065806866,0.46585115790367126,0.5891690254211426,-0.009112561121582985,0.46803051233291626,0.5800356864929199,-0.01173242274671793,0.4626084268093109,0.6108525395393372,-0.011427773162722588,0.46449607610702515,0.5884807705879211,-0.015741290524601936,0.46723127365112305,0.5742877721786499,-0.017603091895580292,0.4695855677127838,0.5646011233329773,-0.018257560208439827,0.46948012709617615,0.6141793131828308,-0.011749709025025368,0.47120651602745056,0.5891194939613342,-0.015545348636806011,0.47256141901016235,0.573000431060791,-0.016313981264829636,0.4735108017921448,0.5629051327705383,-0.016682911664247513,0.4765053987503052,0.6152239441871643,-0.011853293515741825,0.47833898663520813,0.5910236835479736,-0.014582742936909199,0.4783577620983124,0.5748655796051025,-0.014927144162356853,0.4778246581554413,0.5650589466094971,-0.014922265894711018,0.48282521963119507,0.6137763261795044,-0.012068553827702999,0.4828566312789917,0.5933898687362671,-0.013855497352778912,0.48163560032844543,0.580124020576477,-0.013952814973890781,0.4802249073982239,0.5712474584579468,-0.013822381384670734
201,6.705884567126725,0,Left,0.9976860284805298,0.4732333719730377,0.6214284896850586,1.2818817651805148e-07,0.4670718312263489,0.6117656826972961,-0.002427602419629693,0.46478867530822754,0.5963887572288513,-0.005416751839220524,0.46691614389419556,0.5826531648635864,-0.007723039947450161,0.4691930115222931,0.5743831992149353,-0.010081890039145947,0.46261066198349,0.6030289530754089,-0.010659461840987206,0.46397513151168823,0.5808268189430237,-0.014455740340054035,0.46663543581962585,0.5663127899169922,-0.016149599105119705,0.46900513768196106,0.5562697649002075,-0.016726676374673843,0.46930962800979614,0.6064948439598083,-0.011142529547214508,0.4709182679653168,0.5817144513130188,-0.014738133177161217,0.47224682569503784,0.5654264688491821,-0.015677958726882935,0.4731462895870209,0.5549100637435913,-0.016110429540276527,0.4761348068714142,0.6080542206764221,-0.011250175535678864,0.4785262644290924,0.5838564038276672,-0.013829647563397884,0.47838884592056274,0.5677106976509094,-0.014253472909331322,0.4776827394962311,0.5577661395072937,-0.014283671975135803,0.4823558032512665,0.6073503494262695,-0.011364160105586052,0.48238250613212585,0.5874735713005066,-0.01280229538679123,0.4808465838432312,0.5757919549942017,-0.012472773902118206,0.4792291820049286,0.5683569312095642,-0.012039304710924625
202,6.739247176913425,0,Left,0.9940482974052429,0.4731155037879944,0.6136859059333801,1.2788434844424046e-07,0.46633368730545044,0.6035962104797363,-0.0016742600128054619,0.46400952339172363,0.5883750915527344,-0.004305664915591478,0.46687057614326477,0.5743955969810486,-0.00653576897457242,0.47006508708000183,0.5661399364471436,-0.008830586448311806,0.46129924058914185,0.5904630422592163,-0.008271344006061554,0.4629230201244354,0.5704143643379211,-0.012113532051444054,0.46537014842033386,0.5561813116073608,-0.014245138503611088,0.46758705377578735,0.5459277033805847,-0.015131951309740543,0.4673519730567932,0.5930377840995789,-0.00932928267866373,0.4694118797779083,0.568955659866333,-0.012795868329703808,0.47107142210006714,0.5529402494430542,-0.014250889420509338,0.47248852252960205,0.5420135855674744,-0.014917622320353985,0.47409024834632874,0.594490647315979,-0.010070804506540298,0.4771893322467804,0.5705786347389221,-0.012819281779229641,0.47751057147979736,0.5565868616104126,-0.013488128781318665,0.4773765504360199,0.5478975176811218,-0.013514189049601555,0.4807703495025635,0.5948389768600464,-0.01076545286923647,0.4811716675758362,0.5761380791664124,-0.012217791751027107,0.47951915860176086,0.5665314197540283,-0.011756840161979198,0.4779556393623352,0.5602940917015076,-0.011076870374381542
203,6.772609786700126,0,Left,0.9847269058227539,0.4713306427001953,0.6063379645347595,1.240903912957947e-07,0.4647059440612793,0.5955391526222229,-0.001799628953449428,0.4620091915130615,0.5798601508140564,-0.00443569989874959,0.46414363384246826,0.5653036236763,-0.006577377673238516,0.46697527170181274,0.5559466481208801,-0.00869512278586626,0.4597490429878235,0.5825752019882202,-0.008590108714997768,0.4600168764591217,0.5613651275634766,-0.012322490103542805,0.462234228849411,0.5477990508079529,-0.014180592261254787,0.46445512771606445,0.5380781888961792,-0.014906760305166245,0.4659605622291565,0.5844537615776062,-0.009357028640806675,0.466713547706604,0.5600680112838745,-0.012744671665132046,0.46794426441192627,0.543993353843689,-0.014072732999920845,0.4691455662250519,0.5328687429428101,-0.014722810126841068,0.47280773520469666,0.5853571891784668,-0.009806258603930473,0.4741174578666687,0.5626305937767029,-0.012393597513437271,0.4742983281612396,0.5472297668457031,-0.013191726990044117,0.4742438793182373,0.5369467735290527,-0.013402695767581463,0.4795178472995758,0.5850031971931458,-0.010196899995207787,0.4792696237564087,0.5670420527458191,-0.011701018549501896,0.47761067748069763,0.5562087297439575,-0.011529451236128807,0.4760667383670807,0.5486526489257812,-0.011108112521469593
204,6.805972396486825,0,Left,0.9910745620727539,0.4691859483718872,0.6009019017219543,1.1911040331824552e-07,0.46259361505508423,0.5918254852294922,-0.0015063915634527802,0.45866379141807556,0.5757374167442322,-0.004303653724491596,0.46009594202041626,0.5607550144195557,-0.006780822761356831,0.4630642831325531,0.5501928329467773,-0.009189675562083721,0.45504358410835266,0.5785595178604126,-0.009402364492416382,0.4567241370677948,0.5545542240142822,-0.013413149863481522,0.4597955048084259,0.5411990880966187,-0.014972164295613766,0.4626576602458954,0.5327788591384888,-0.015452412888407707,0.46047770977020264,0.581741213798523,-0.010545625351369381,0.4611278176307678,0.555480420589447,-0.014433223754167557,0.4633830189704895,0.5398250222206116,-0.01538607757538557,0.46561548113822937,0.5306046009063721,-0.015690555796027184,0.4672929048538208,0.5827100872993469,-0.011380542069673538,0.46755796670913696,0.5573970675468445,-0.014250140637159348,0.46847984194755554,0.5416469573974609,-0.014814184047281742,0.46921056509017944,0.5316944718360901,-0.014911931939423084,0.4744105637073517,0.5812191963195801,-0.012144308537244797,0.4738333821296692,0.5609211325645447,-0.013897278346121311,0.47283709049224854,0.5492870211601257,-0.013935765251517296,0.47200384736061096,0.5411103367805481,-0.013710929080843925
205,6.839335006273526,0,Left,0.9941655397415161,0.46666523814201355,0.603122353553772,1.0720487608750773e-07,0.4600730836391449,0.593635082244873,-0.0011570346541702747,0.4559900462627411,0.5777499079704285,-0.003956486936658621,0.4571731686592102,0.5618639588356018,-0.006576144136488438,0.46020638942718506,0.5512371063232422,-0.00917012244462967,0.45159655809402466,0.5805642008781433,-0.009077935479581356,0.4522743821144104,0.5570427179336548,-0.013391277752816677,0.4558812081813812,0.5439931154251099,-0.015421870164573193,0.4592459201812744,0.5363091230392456,-0.016266020014882088,0.45687204599380493,0.583487331867218,-0.010553283616900444,0.45705941319465637,0.5586129426956177,-0.0144064174965024,0.45954543352127075,0.543250322341919,-0.01525111310184002,0.4622463285923004,0.5340665578842163,-0.015623431652784348,0.4633743166923523,0.5844200849533081,-0.011813274584710598,0.4636799097061157,0.5601582527160645,-0.014516209252178669,0.4646677076816559,0.5443059206008911,-0.014940590597689152,0.4657938480377197,0.534184455871582,-0.015066156163811684,0.47030186653137207,0.5830230712890625,-0.013071847148239613,0.46979641914367676,0.5628783106803894,-0.014524570666253567,0.46899789571762085,0.5508894324302673,-0.014487150125205517,0.46862509846687317,0.5421820282936096,-0.01435688603669405
206,6.872697616060226,0,Right,0.968329668045044,0.46473172307014465,0.6082780957221985,1.1841575542348437e-07,0.47025421261787415,0.5986582636833191,-0.00667080981656909,0.4717414081096649,0.5829029083251953,-0.011486034840345383,0.47021448612213135,0.5671752095222473,-0.014672597870230675,0.4681488871574402,0.5559426546096802,-0.01747170276939869,0.4627778232097626,0.5936558842658997,-0.016058238223195076,0.4609428942203522,0.5708971619606018,-0.021716613322496414,0.46162745356559753,0.5558202266693115,-0.023820925503969193,0.4628732204437256,0.5460855960845947,-0.024561682716012,0.4556935727596283,0.5942164063453674,-0.014047839678823948,0.45395421981811523,0.5687170028686523,-0.019232945516705513,0.4561385214328766,0.5528374910354614,-0.01985025405883789,0.45884984731674194,0.5435447692871094,-0.019872350618243217,0.4513479471206665,0.5922204852104187,-0.011982469819486141,0.4499015808105469,0.5684130191802979,-0.015996521338820457,0.452676385641098,0.553755521774292,-0.016273142769932747,0.4557851552963257,0.5447933077812195,-0.016135815531015396,0.44910404086112976,0.5886573195457458,-0.010262390598654747,0.44897788763046265,0.5687819719314575,-0.0133990328758955,0.45138320326805115,0.5570937395095825,-0.014175839722156525,0.4540621042251587,0.54939866065979,-0.014350906014442444
207,6.906060225846926,0,Left,0.9875673055648804,0.4661414325237274,0.6146246194839478,1.0647156045706652e-07,0.45857682824134827,0.6075170040130615,-0.002213112311437726,0.45317915081977844,0.5940477848052979,-0.005586038809269667,0.4524568021297455,0.5784022808074951,-0.008477752096951008,0.453978955745697,0.5666810274124146,-0.011218362487852573,0.45001405477523804,0.5997284650802612,-0.011059075593948364,0.4499354362487793,0.5756354928016663,-0.01565651223063469,0.4528900980949402,0.5619056224822998,-0.017673784866929054,0.4559248387813568,0.5530149340629578,-0.018559584394097328,0.4553021192550659,0.6017094254493713,-0.011930631473660469,0.45440083742141724,0.5774649381637573,-0.01611926779150963,0.45611944794654846,0.5614420771598816,-0.01691613905131817,0.45838606357574463,0.5509291887283325,-0.017361443489789963,0.46157172322273254,0.6008940935134888,-0.012570991180837154,0.46103984117507935,0.5771529674530029,-0.015737857669591904,0.4613327980041504,0.5614662766456604,-0.0161398034542799,0.4620252549648285,0.5507895350456238,-0.016289951279759407,0.46813610196113586,0.5974670648574829,-0.013247220776975155,0.4671955108642578,0.5774779915809631,-0.015149322338402271,0.4659990668296814,0.5654309391975403,-0.015325701795518398,0.4652726352214813,0.5561482906341553,-0.015377563424408436
208,6.939422835633626,0,Right,0.9607145190238953,0.4650169909000397,0.6109976172447205,1.1473225924873987e-07,0.46955034136772156,0.6014741063117981,-0.00649754423648119,0.47066980600357056,0.5856364965438843,-0.011256015859544277,0.4686393141746521,0.570693850517273,-0.014425554312765598,0.465943306684494,0.560538649559021,-0.017210764810442924,0.46411311626434326,0.600390613079071,-0.016115300357341766,0.4619949162006378,0.5779725313186646,-0.021815070882439613,0.46252965927124023,0.5627265572547913,-0.024002814665436745,0.46387889981269836,0.5520489811897278,-0.024811189621686935,0.4577779173851013,0.6026039719581604,-0.014185912907123566,0.4560258090496063,0.5779294371604919,-0.01938335970044136,0.45788002014160156,0.5613405108451843,-0.019931722432374954,0.46033331751823425,0.5509476065635681,-0.020022569224238396,0.45326095819473267,0.6007182598114014,-0.01219925470650196,0.45238593220710754,0.5773167014122009,-0.01629466749727726,0.45450472831726074,0.5623799562454224,-0.01655130460858345,0.4569314420223236,0.5527447462081909,-0.016443876549601555,0.45031145215034485,0.5964465141296387,-0.010572956874966621,0.450125128030777,0.5771258473396301,-0.013626174069941044,0.45226573944091797,0.5661595463752747,-0.014287558384239674,0.4546116888523102,0.5585507750511169,-0.014452527277171612
209,6.972785445420326,0,Left,0.9277145266532898,0.4635781943798065,0.6049068570137024,1.3524571329526225e-07,0.4578762650489807,0.5969528555870056,-0.002914999844506383,0.4537825584411621,0.5831478834152222,-0.006636418402194977,0.4546120762825012,0.5674102306365967,-0.009650476276874542,0.4566475749015808,0.5568864345550537,-0.012591675855219364,0.4499669373035431,0.5909081101417542,-0.012145808897912502,0.4507118761539459,0.5678770542144775,-0.016803203150629997,0.45342370867729187,0.553242564201355,-0.019140327349305153,0.4564128816127777,0.54367995262146,-0.020298652350902557,0.4547573924064636,0.5939187407493591,-0.01264001801609993,0.4551636278629303,0.568484902381897,-0.017053164541721344,0.45689934492111206,0.5517778992652893,-0.018078913912177086,0.45933809876441956,0.541036069393158,-0.0187227725982666,0.46029165387153625,0.5936524868011475,-0.012859217822551727,0.4613288640975952,0.5677175521850586,-0.0160170029848814,0.46163830161094666,0.5523664951324463,-0.016339413821697235,0.46268388628959656,0.5425547957420349,-0.016425078734755516,0.4660566747188568,0.5903217792510986,-0.013173060491681099,0.4665638506412506,0.5689427256584167,-0.01507041696459055,0.46560055017471313,0.5562061071395874,-0.015196520835161209,0.46529629826545715,0.5467910766601562,-0.015196864493191242
210,7.006148055207026,0,Left,0.9975511431694031,0.4619060754776001,0.5978167653083801,1.3396314102465112e-07,0.4549133777618408,0.5912513136863708,-0.002645182888954878,0.4496099054813385,0.578862726688385,-0.006004285998642445,0.44909051060676575,0.5647030472755432,-0.008827680721879005,0.4508315324783325,0.5542551875114441,-0.011712082661688328,0.4463208019733429,0.5836151242256165,-0.010635770857334137,0.44588416814804077,0.5633009672164917,-0.01567077822983265,0.44776293635368347,0.549430251121521,-0.01868901588022709,0.4500315189361572,0.5399299263954163,-0.020247971639037132,0.45166337490081787,0.5851216316223145,-0.011356824077665806,0.45126837491989136,0.5618581175804138,-0.01608346402645111,0.45250990986824036,0.5467644929885864,-0.017607877030968666,0.4541670083999634,0.5365053415298462,-0.01840909756720066,0.45781654119491577,0.5840310454368591,-0.011876842938363552,0.4578787684440613,0.560538649559021,-0.015219544991850853,0.4578811526298523,0.5469253063201904,-0.01542047131806612,0.4582001566886902,0.5380203723907471,-0.015244823880493641,0.4637754559516907,0.5812498331069946,-0.01253367681056261,0.46323585510253906,0.5617947578430176,-0.014213943853974342,0.46205583214759827,0.55103600025177,-0.013780872337520123,0.46127715706825256,0.5432819128036499,-0.013265504501760006
211,7.039510664993727,0,Left,0.9779660701751709,0.45757439732551575,0.5955715179443359,1.1251941600676219e-07,0.45060861110687256,0.5908401012420654,-0.0012461341684684157,0.44410619139671326,0.5800583958625793,-0.0031595267355442047,0.4411350190639496,0.5679396390914917,-0.004915514029562473,0.440912127494812,0.5573757290840149,-0.006754791829735041,0.43957769870758057,0.5802173018455505,-0.005561269819736481,0.43910086154937744,0.561519205570221,-0.009284301660954952,0.4399855136871338,0.5486757159233093,-0.011642703786492348,0.4411357641220093,0.5395772457122803,-0.012946048751473427,0.44339391589164734,0.5797304511070251,-0.006543010473251343,0.4427403509616852,0.5587428212165833,-0.009751497767865658,0.4436488747596741,0.5455813407897949,-0.011126243509352207,0.44498559832572937,0.5356813669204712,-0.012008344754576683,0.4486425817012787,0.5779428482055664,-0.007446186617016792,0.44842198491096497,0.5571381449699402,-0.010172969661653042,0.44897496700286865,0.5449665784835815,-0.010605119168758392,0.44970420002937317,0.5359740257263184,-0.010698904283344746,0.45450645685195923,0.5756283402442932,-0.008378843776881695,0.45449098944664,0.5579584240913391,-0.010229767300188541,0.4540989398956299,0.5472893118858337,-0.010257271118462086,0.4537748396396637,0.5388444066047668,-0.010044223628938198
212,7.072873274780426,0,Left,0.9950448870658875,0.45240265130996704,0.5939554572105408,1.1480695860655032e-07,0.4456104338169098,0.589560866355896,-0.0009417770779691637,0.43837979435920715,0.5801229476928711,-0.002991089131683111,0.43474316596984863,0.5686328411102295,-0.0050342632457613945,0.43408074975013733,0.5579105019569397,-0.007030796259641647,0.4326057732105255,0.5818518400192261,-0.005265490151941776,0.431276798248291,0.5621933937072754,-0.009391996078193188,0.4324079155921936,0.5487585067749023,-0.011951679363846779,0.43441054224967957,0.539329469203949,-0.013281220570206642,0.4355018138885498,0.5821464657783508,-0.0065719024278223515,0.43336817622184753,0.5608175992965698,-0.010227300226688385,0.43440505862236023,0.5468285083770752,-0.011617426760494709,0.43661192059516907,0.5366874933242798,-0.012305475771427155,0.44008705019950867,0.5803965330123901,-0.00786083284765482,0.4381258487701416,0.5595704317092896,-0.01083101611584425,0.43844807147979736,0.5466886162757874,-0.011218142695724964,0.43955978751182556,0.5371190905570984,-0.011158106848597527,0.4456428587436676,0.5771429538726807,-0.009186719544231892,0.4441746771335602,0.5594674348831177,-0.011181539855897427,0.44350147247314453,0.5484882593154907,-0.0112156942486763,0.44327017664909363,0.5396456122398376,-0.010922722518444061
213,7.106235884567127,0,Left,0.9969462156295776,0.4473353922367096,0.5910175442695618,1.1795233945122163e-07,0.44022655487060547,0.5835520625114441,-0.0004763348260894418,0.4324764013290405,0.5753909349441528,-0.0024320015218108892,0.42770329117774963,0.5659536123275757,-0.004639364778995514,0.42553001642227173,0.557976484298706,-0.006802575662732124,0.42444169521331787,0.5868268013000488,-0.00451707886531949,0.42170679569244385,0.5689651370048523,-0.00904574990272522,0.42264342308044434,0.5558682680130005,-0.012145328335464,0.4247964024543762,0.5467023253440857,-0.01383406575769186,0.42673757672309875,0.5885987877845764,-0.006353179458528757,0.42302536964416504,0.5683375597000122,-0.010551908984780312,0.4242464303970337,0.5536933541297913,-0.012338406406342983,0.42671671509742737,0.5433289408683777,-0.01319369301199913,0.4311032295227051,0.5871901512145996,-0.008230837062001228,0.42784515023231506,0.5668052434921265,-0.011923091486096382,0.42857784032821655,0.5529441237449646,-0.01256122998893261,0.42997097969055176,0.5433228015899658,-0.012493520975112915,0.4368171691894531,0.5837268233299255,-0.010120212100446224,0.4343941807746887,0.5653085112571716,-0.012678736820816994,0.43397432565689087,0.5539067387580872,-0.012810634449124336,0.4341503977775574,0.545731246471405,-0.012479778379201889
214,7.139598494353827,0,Left,0.9944096803665161,0.44343873858451843,0.6023064255714417,9.726728222858583e-08,0.43711143732070923,0.5880894064903259,-0.0006481517339125276,0.430046409368515,0.5779847502708435,-0.0029207824263721704,0.4259425103664398,0.5678593516349792,-0.005510739982128143,0.42395851016044617,0.5591400861740112,-0.008063635788857937,0.42084020376205444,0.5973770618438721,-0.005079203750938177,0.41657763719558716,0.5766794681549072,-0.01004182081669569,0.41816073656082153,0.5619400143623352,-0.01334855705499649,0.4207570552825928,0.5521538853645325,-0.0151361720636487,0.4239765703678131,0.5992846488952637,-0.007218196988105774,0.4179496765136719,0.5771985650062561,-0.012175371870398521,0.41954606771469116,0.5614675879478455,-0.014212303794920444,0.4222557842731476,0.5511338710784912,-0.01500987634062767,0.42877018451690674,0.5975936055183411,-0.009390972554683685,0.4237593412399292,0.5761120319366455,-0.013601078651845455,0.4242154359817505,0.5619457960128784,-0.014201927930116653,0.42542243003845215,0.5528392195701599,-0.013914943672716618,0.43431326746940613,0.5931857228279114,-0.011574765667319298,0.43052878975868225,0.5752846598625183,-0.014182635582983494,0.42917633056640625,0.5641772150993347,-0.014125851914286613,0.42877259850502014,0.5562113523483276,-0.013619033619761467
215,7.172961104140527,0,Left,0.9895188808441162,0.4426722228527069,0.6052306294441223,1.0028683306018138e-07,0.4353090226650238,0.589795708656311,-0.0009675442706793547,0.42843785881996155,0.580467164516449,-0.0034405484329909086,0.4241882860660553,0.5717031955718994,-0.006257421337068081,0.42181628942489624,0.563927412033081,-0.008868846110999584,0.418897420167923,0.60479336977005,-0.004687552805989981,0.41395577788352966,0.5866913199424744,-0.010212592780590057,0.41531822085380554,0.5716453790664673,-0.014021728187799454,0.4178575575351715,0.561238169670105,-0.016131926327943802,0.4219740331172943,0.6078037023544312,-0.006829483900219202,0.4157178997993469,0.5866382122039795,-0.012513196095824242,0.4174780249595642,0.5702285170555115,-0.015006679110229015,0.4203377068042755,0.5594321489334106,-0.01597052626311779,0.42682141065597534,0.6064720749855042,-0.009124767035245895,0.42200884222984314,0.5848362445831299,-0.014174722135066986,0.4228525757789612,0.5700402855873108,-0.015051162801682949,0.4242188334465027,0.5607460737228394,-0.01470441184937954,0.43239516019821167,0.6022075414657593,-0.011466572992503643,0.4292687177658081,0.5831311345100403,-0.014662845060229301,0.4282659590244293,0.5715600848197937,-0.014812559820711613,0.4279042184352875,0.5636216998100281,-0.014298191294074059
216,7.206323713927227,0,Left,0.9865708947181702,0.4429629445075989,0.6086701154708862,6.813606745481593e-08,0.43569985032081604,0.5925134420394897,-0.0007582076359540224,0.4289945662021637,0.5831006169319153,-0.003144037676975131,0.42486050724983215,0.5741806030273438,-0.005928877741098404,0.42210322618484497,0.5654445290565491,-0.008603553287684917,0.41911011934280396,0.6060675978660583,-0.004170956555753946,0.4144929051399231,0.5874640345573425,-0.009219391271471977,0.4160068929195404,0.5727218985557556,-0.012868753634393215,0.418721079826355,0.5628388524055481,-0.014917767606675625,0.42237523198127747,0.6085360646247864,-0.00632653059437871,0.41673049330711365,0.5881356596946716,-0.011291331611573696,0.41788366436958313,0.5723249316215515,-0.01383541151881218,0.4202911853790283,0.5616249442100525,-0.015047905966639519,0.427198588848114,0.6073141694068909,-0.00858269538730383,0.4223659932613373,0.5866858959197998,-0.013333049602806568,0.42287173867225647,0.5721353888511658,-0.014506111852824688,0.4242387115955353,0.5624421238899231,-0.014482100494205952,0.43256837129592896,0.6032059788703918,-0.010824399068951607,0.429155170917511,0.5851045846939087,-0.013958302326500416,0.4280661940574646,0.574012041091919,-0.014207608066499233,0.427846223115921,0.5659064054489136,-0.01379507314413786
217,7.2396863237139275,0,Left,0.9852131009101868,0.4422365128993988,0.6052806973457336,6.423046272630017e-08,0.43493133783340454,0.5916683077812195,-3.1073841455508955e-06,0.4276720881462097,0.5817641615867615,-0.0020033305045217276,0.4233595132827759,0.57159024477005,-0.004457533359527588,0.4216407239437103,0.562199592590332,-0.006953006144613028,0.41747283935546875,0.5995209217071533,-0.0038625025190413,0.414362370967865,0.5794132947921753,-0.008476157672703266,0.41621410846710205,0.5642195343971252,-0.011840634047985077,0.4190317690372467,0.5538224577903748,-0.013727976940572262,0.4208379089832306,0.6014255285263062,-0.006152923218905926,0.4165056347846985,0.5791611671447754,-0.01034510601311922,0.417845755815506,0.5638356804847717,-0.012376026250422001,0.42047908902168274,0.553412914276123,-0.013435646891593933,0.42589837312698364,0.6001085638999939,-0.008450441993772984,0.4222003221511841,0.5780552625656128,-0.012363608926534653,0.42279666662216187,0.5640868544578552,-0.013260023668408394,0.4242932200431824,0.5546224117279053,-0.013278922997415066,0.4315180480480194,0.5960729122161865,-0.01068470161408186,0.42850345373153687,0.5776674747467041,-0.013108809478580952,0.42768046259880066,0.5668707489967346,-0.01305855717509985,0.42761966586112976,0.5588233470916748,-0.012618533335626125
218,7.273048933500627,0,Left,0.9949281215667725,0.44014355540275574,0.6001612544059753,6.721214163007971e-08,0.43351101875305176,0.5844453573226929,0.00024028363986872137,0.42600497603416443,0.5742619633674622,-0.0013825464993715286,0.4210920035839081,0.5655837059020996,-0.003564731450751424,0.4183627963066101,0.5583187937736511,-0.00558488629758358,0.41584980487823486,0.5903614163398743,-0.0031095491722226143,0.4120888113975525,0.5670281648635864,-0.007756695616990328,0.41460421681404114,0.5527513027191162,-0.010653272271156311,0.41809675097465515,0.5450130105018616,-0.011943177320063114,0.41883671283721924,0.5918112993240356,-0.005338227842003107,0.41301751136779785,0.5671615600585938,-0.00957901868969202,0.4156128764152527,0.5527889132499695,-0.011133125983178616,0.41926971077919006,0.544234037399292,-0.01143152080476284,0.42360588908195496,0.5898305773735046,-0.0076543656177818775,0.4199840724468231,0.5656305551528931,-0.011367393657565117,0.42128485441207886,0.5517622828483582,-0.012016452848911285,0.4231760799884796,0.5433202385902405,-0.01160154864192009,0.4291755259037018,0.5847597718238831,-0.009905251674354076,0.42679205536842346,0.5644120573997498,-0.01189712155610323,0.4262448251247406,0.5527952909469604,-0.01181185431778431,0.42628324031829834,0.5446654558181763,-0.01125058252364397
219,7.306411543287328,0,Left,0.9928793907165527,0.43877112865448,0.596399188041687,6.000787067250712e-08,0.4338955283164978,0.5768008232116699,0.0004859194450546056,0.42703524231910706,0.56563401222229,-0.0009696242632344365,0.4222804605960846,0.5571064352989197,-0.0030427828896790743,0.41929709911346436,0.5495080351829529,-0.004938415717333555,0.4145374298095703,0.5816431641578674,-0.002619039500132203,0.41107049584388733,0.5581215620040894,-0.0068788835778832436,0.4141700267791748,0.5441008806228638,-0.009594190865755081,0.41768625378608704,0.5367400646209717,-0.010887114331126213,0.417000412940979,0.5831390023231506,-0.004870477598160505,0.41170307993888855,0.5575090050697327,-0.008729839697480202,0.41485732793807983,0.5435007214546204,-0.010101575404405594,0.41870465874671936,0.5355802178382874,-0.010378479026257992,0.4214963912963867,0.5814862251281738,-0.007189837284386158,0.4183312654495239,0.556626558303833,-0.010399988852441311,0.4199613034725189,0.5429728031158447,-0.010869224555790424,0.4220980703830719,0.534953773021698,-0.010533487424254417,0.4271973669528961,0.5769461393356323,-0.009457947686314583,0.4251330494880676,0.5563381910324097,-0.011278567835688591,0.42474883794784546,0.5446701645851135,-0.011163955554366112,0.4249526262283325,0.5364152789115906,-0.010662424378097057
220,7.3397741530740275,0,Left,0.993101954460144,0.4377490282058716,0.5935559868812561,7.52611910570522e-08,0.4324219822883606,0.575546383857727,0.00034178997157141566,0.42509037256240845,0.5640164017677307,-0.0013485808158293366,0.4202154874801636,0.5545321702957153,-0.003621911397203803,0.41744136810302734,0.5454442501068115,-0.005709375254809856,0.41315245628356934,0.5794295072555542,-0.0032818554900586605,0.41024744510650635,0.5557353496551514,-0.008013797923922539,0.41356414556503296,0.5414305925369263,-0.011089181527495384,0.41712474822998047,0.5334747433662415,-0.012641377747058868,0.4155934154987335,0.5812467932701111,-0.005606634076684713,0.41088542342185974,0.5546566843986511,-0.010041922330856323,0.41437751054763794,0.5398402810096741,-0.011729623191058636,0.41847607493400574,0.531531035900116,-0.012243775650858879,0.42020735144615173,0.5800130367279053,-0.007997289299964905,0.4173693060874939,0.5546571016311646,-0.011580405756831169,0.4192708432674408,0.5402151942253113,-0.012097724713385105,0.4213835299015045,0.5317205190658569,-0.011824947781860828,0.42611226439476013,0.5759474635124207,-0.010355526581406593,0.4246627688407898,0.5545135140419006,-0.012178038246929646,0.4245263636112213,0.5428507924079895,-0.011995161883533001,0.42471978068351746,0.534924328327179,-0.011514388956129551
221,7.373136762860728,0,Left,0.9940434694290161,0.4379653334617615,0.5956335663795471,8.221302039146394e-08,0.4321563243865967,0.5758246183395386,6.6212764068041e-05,0.4247890114784241,0.5658011436462402,-0.001660576555877924,0.41978034377098083,0.558192789554596,-0.004019252490252256,0.41682565212249756,0.5507196187973022,-0.006135920062661171,0.4128640592098236,0.5841214060783386,-0.0030965101905167103,0.40959322452545166,0.5616430044174194,-0.008324913680553436,0.4125451147556305,0.5468287467956543,-0.011905120685696602,0.4162854254245758,0.5378603339195251,-0.013829778879880905,0.4151487350463867,0.5863195657730103,-0.005500330124050379,0.4098343551158905,0.5615652203559875,-0.01050398126244545,0.41296860575675964,0.5465204119682312,-0.012683970853686333,0.4168563187122345,0.5371818542480469,-0.013530516996979713,0.4195818305015564,0.5851045250892639,-0.008060472086071968,0.41628357768058777,0.5610023140907288,-0.01236148551106453,0.4182867705821991,0.5467792749404907,-0.013250251300632954,0.4204290211200714,0.5379836559295654,-0.013122997246682644,0.42524176836013794,0.5807803273200989,-0.010614165104925632,0.4237580895423889,0.5602964758872986,-0.013072075322270393,0.42369207739830017,0.5488527417182922,-0.013178793713450432,0.42394083738327026,0.5406889319419861,-0.012829787097871304
222,7.406499372647428,0,Left,0.9894030690193176,0.4382646977901459,0.6002537608146667,7.858395179027866e-08,0.4309770166873932,0.5831152200698853,-8.927698218030855e-05,0.42345961928367615,0.5723626613616943,-0.0022409006487578154,0.4190714955329895,0.5627586245536804,-0.004934229888021946,0.41713258624076843,0.5543504357337952,-0.007458652835339308,0.41224417090415955,0.5931135416030884,-0.004354685544967651,0.40927818417549133,0.5695949792861938,-0.009484910406172276,0.41239896416664124,0.5555199384689331,-0.0127489622682333,0.4157981276512146,0.5471067428588867,-0.014452721923589706,0.4155615568161011,0.5959298610687256,-0.00676489295437932,0.41067951917648315,0.5705606937408447,-0.011648464947938919,0.4133266806602478,0.5560315847396851,-0.01348158624023199,0.4168326258659363,0.5468285083770752,-0.014157796278595924,0.42078185081481934,0.5953488945960999,-0.009245581924915314,0.4174102544784546,0.5710141658782959,-0.013535305857658386,0.4187809228897095,0.5569624900817871,-0.014186529442667961,0.42066919803619385,0.5479987859725952,-0.01388336531817913,0.4267813563346863,0.5914986729621887,-0.01169112790375948,0.4241407811641693,0.5707845091819763,-0.01410426665097475,0.42348313331604004,0.5590219497680664,-0.014038783498108387,0.4234246015548706,0.5506384968757629,-0.01357053592801094
223,7.439861982434128,0,Left,0.9894008636474609,0.43968454003334045,0.6013689041137695,7.52022017991294e-08,0.43168747425079346,0.5857000350952148,-0.0004487384285312146,0.42441484332084656,0.5763028860092163,-0.0027194516733288765,0.4198909401893616,0.5679919719696045,-0.005427164025604725,0.41769495606422424,0.5596357583999634,-0.007944936864078045,0.41384974122047424,0.5975548028945923,-0.00384747632779181,0.410678893327713,0.5776387453079224,-0.00876573659479618,0.412635862827301,0.563218355178833,-0.012131317518651485,0.41530361771583557,0.5533150434494019,-0.014032346196472645,0.4168813228607178,0.6010145545005798,-0.006128963083028793,0.4122946560382843,0.5777745842933655,-0.010969155468046665,0.41431379318237305,0.5627299547195435,-0.012988822534680367,0.4170305132865906,0.5524774193763733,-0.013813829980790615,0.42184847593307495,0.600913941860199,-0.008532951585948467,0.4187842905521393,0.5770819187164307,-0.012930705212056637,0.4196743667125702,0.5629092454910278,-0.013530874624848366,0.42079880833625793,0.5533165335655212,-0.013198898173868656,0.42775845527648926,0.5975801944732666,-0.010957092978060246,0.4254820942878723,0.5770773887634277,-0.013453276827931404,0.4244604706764221,0.565910279750824,-0.013257183134555817,0.4236968457698822,0.5579971075057983,-0.012681234627962112
224,7.473224592220828,0,Left,0.9920622706413269,0.440147340297699,0.6014133095741272,6.517161210695122e-08,0.43276432156562805,0.5841434597969055,-0.0001633179053897038,0.4261782765388489,0.5735968351364136,-0.0024982125032693148,0.4222169816493988,0.5641395449638367,-0.00532261747866869,0.4200725555419922,0.5548332929611206,-0.008045419119298458,0.4152950048446655,0.5954462885856628,-0.004220269154757261,0.4117160439491272,0.5760831832885742,-0.00907882023602724,0.4136579632759094,0.5616210699081421,-0.012442326173186302,0.4165623188018799,0.55172199010849,-0.01437955442816019,0.41842469573020935,0.5986847281455994,-0.006683767773211002,0.4135831296443939,0.5766608119010925,-0.01142188161611557,0.4153793752193451,0.5613416433334351,-0.013596072793006897,0.41808703541755676,0.5510329604148865,-0.014621969312429428,0.4234181046485901,0.5983375906944275,-0.009159207344055176,0.41987714171409607,0.5764259099960327,-0.013467847369611263,0.42071980237960815,0.5623422265052795,-0.01422453485429287,0.4220268428325653,0.5530630946159363,-0.014076163060963154,0.4291940927505493,0.594671905040741,-0.011606816202402115,0.4266374111175537,0.575433611869812,-0.014214085415005684,0.42579033970832825,0.5644147992134094,-0.014134461991488934,0.4254990220069885,0.5565080046653748,-0.013645839877426624
225,7.506587202007529,0,Left,0.9950402975082397,0.44024544954299927,0.6005921959877014,5.9579946309895604e-08,0.4334872364997864,0.5822755098342896,0.00035580608528107405,0.42678946256637573,0.570368230342865,-0.0016403672052547336,0.42274191975593567,0.5600993037223816,-0.004211265128105879,0.42041972279548645,0.5513349771499634,-0.006707172375172377,0.4153631925582886,0.590453565120697,-0.003969212062656879,0.4119313061237335,0.5681683421134949,-0.008742660284042358,0.41472670435905457,0.5539790987968445,-0.01184464618563652,0.41832342743873596,0.5455067753791809,-0.013439184986054897,0.41850388050079346,0.592380702495575,-0.00651626056060195,0.41389939188957214,0.5678155422210693,-0.010814758948981762,0.4164886176586151,0.5527968406677246,-0.012558880262076855,0.4199153184890747,0.5436792373657227,-0.013252357952296734,0.4236280918121338,0.5909421443939209,-0.009046662598848343,0.42031726241111755,0.5673679113388062,-0.012820753268897533,0.4217033088207245,0.5531869530677795,-0.01329689659178257,0.42369094491004944,0.5447030663490295,-0.012974419631063938,0.42955493927001953,0.5866655111312866,-0.011492659337818623,0.4273170530796051,0.5677645802497864,-0.013606461696326733,0.4267498850822449,0.5568528175354004,-0.013327647000551224,0.42678970098495483,0.549182653427124,-0.012706749141216278
226,7.539949811794228,0,Left,0.9911352396011353,0.4400087594985962,0.5986220836639404,5.525658153260338e-08,0.4341813325881958,0.5802814364433289,0.0007263758452609181,0.4268234670162201,0.5689465999603271,-0.0006093282136134803,0.42179015278816223,0.5602105259895325,-0.0026199340354651213,0.4189811050891876,0.5517925024032593,-0.004555200692266226,0.4154752194881439,0.5844078660011292,-0.0027493671514093876,0.41256949305534363,0.5619074106216431,-0.0070518385618925095,0.4159797430038452,0.5479807257652283,-0.009793829172849655,0.41956135630607605,0.5401678085327148,-0.011196626350283623,0.41822749376296997,0.5860552191734314,-0.005179922562092543,0.41421255469322205,0.5607975125312805,-0.009155379608273506,0.41765156388282776,0.5461065173149109,-0.010652353055775166,0.4216504395008087,0.537722110748291,-0.011130147613584995,0.4229371249675751,0.5848725438117981,-0.0076093594543635845,0.4206123352050781,0.5601814389228821,-0.011063048616051674,0.4228483736515045,0.5465475916862488,-0.011427314952015877,0.42540478706359863,0.5386608839035034,-0.01101709995418787,0.428603857755661,0.5811626315116882,-0.00995725579559803,0.42741918563842773,0.5605727434158325,-0.011846496723592281,0.42771512269973755,0.5494292974472046,-0.011556674726307392,0.42854228615760803,0.5417541861534119,-0.01090661995112896
227,7.573312421580929,0,Left,0.9904628992080688,0.4392482042312622,0.5969294905662537,6.809025165921412e-08,0.4330424964427948,0.5820513963699341,0.0004328154609538615,0.42565783858299255,0.5714552402496338,-0.0014272845583036542,0.42081111669540405,0.5625522136688232,-0.0038159387186169624,0.4186513125896454,0.5536168217658997,-0.006121982354670763,0.41527077555656433,0.5831755995750427,-0.004408541601151228,0.4127688407897949,0.5606834888458252,-0.00933521892875433,0.41652581095695496,0.546887993812561,-0.012357677333056927,0.4203847348690033,0.5388825535774231,-0.013886191882193089,0.4182274639606476,0.5849670767784119,-0.006866993848234415,0.41454097628593445,0.5597719550132751,-0.01142335869371891,0.41801905632019043,0.5451444983482361,-0.012979519553482533,0.42192766070365906,0.5364469289779663,-0.013526665978133678,0.42308202385902405,0.5841294527053833,-0.009305242449045181,0.4210481345653534,0.5598557591438293,-0.013089146465063095,0.42320680618286133,0.5460424423217773,-0.013468914665281773,0.42547228932380676,0.5374222993850708,-0.013144155964255333,0.4289427101612091,0.5807742476463318,-0.011677831411361694,0.4278078079223633,0.5605255365371704,-0.013680500909686089,0.4279367923736572,0.5493788719177246,-0.013421435840427876,0.4283312261104584,0.5414170622825623,-0.012891930527985096
228,7.606675031367629,0,Left,0.9931586384773254,0.4399411976337433,0.596660852432251,8.065342882446203e-08,0.4342624247074127,0.5760048031806946,-0.00045858288649469614,0.42762520909309387,0.5647557377815247,-0.0025865663774311543,0.4234507977962494,0.5556759834289551,-0.00521094398573041,0.42105811834335327,0.5471826195716858,-0.007575628347694874,0.41481268405914307,0.5858033895492554,-0.004108000546693802,0.4128240644931793,0.5637866258621216,-0.009371486492455006,0.4165123403072357,0.5498440861701965,-0.012854782864451408,0.42021092772483826,0.5416250824928284,-0.014785727486014366,0.417473167181015,0.5890912413597107,-0.006416361778974533,0.41388288140296936,0.5637372136116028,-0.011681417003273964,0.41745615005493164,0.548989474773407,-0.013892756775021553,0.4213067293167114,0.5397434234619141,-0.014810308814048767,0.42233210802078247,0.5888596773147583,-0.008861783891916275,0.42030996084213257,0.5647154450416565,-0.013521511107683182,0.4226157069206238,0.5508064031600952,-0.014315389096736908,0.42489054799079895,0.5420254468917847,-0.014098110608756542,0.42823395133018494,0.5853381156921387,-0.011328676715493202,0.4271840453147888,0.5645817518234253,-0.014052045531570911,0.4272933304309845,0.552948534488678,-0.014121654443442822,0.4276306629180908,0.5446020364761353,-0.013744620606303215
229,7.640037641154328,0,Left,0.9919785857200623,0.4412190318107605,0.6007155776023865,7.262440249178326e-08,0.43403854966163635,0.5856589674949646,-0.0004051671421620995,0.4264789819717407,0.5753825902938843,-0.0023188546765595675,0.42183294892311096,0.5664705038070679,-0.004603039938956499,0.41969358921051025,0.558201789855957,-0.006803869269788265,0.41549667716026306,0.5918886065483093,-0.0036656553857028484,0.4141300320625305,0.5711042284965515,-0.008333760313689709,0.4164184629917145,0.5571883320808411,-0.011703613214194775,0.41933804750442505,0.5479546189308167,-0.013674626126885414,0.4183306396007538,0.5951072573661804,-0.005799174774438143,0.41579774022102356,0.5722500681877136,-0.010211197659373283,0.4179907739162445,0.557839572429657,-0.012291164137423038,0.4209434986114502,0.5481287837028503,-0.013341035693883896,0.42337751388549805,0.5956246852874756,-0.00803762674331665,0.4216286540031433,0.5731203556060791,-0.012091251090168953,0.422836035490036,0.559205949306488,-0.012914647348225117,0.4243573248386383,0.5498039722442627,-0.012901410460472107,0.42960721254348755,0.5933741331100464,-0.01029093936085701,0.4285721778869629,0.5744191408157349,-0.012811196967959404,0.4281373620033264,0.5639379024505615,-0.012876291759312153,0.4279012978076935,0.556330144405365,-0.012525192461907864
230,7.673400250941029,0,Left,0.9889317154884338,0.4424966871738434,0.6032175421714783,7.437171944957299e-08,0.4348791837692261,0.5869389772415161,-0.000461238349089399,0.4279109537601471,0.576407790184021,-0.0026640035212039948,0.4238346815109253,0.5671700835227966,-0.005217570345848799,0.4222829341888428,0.5577271580696106,-0.0077231526374816895,0.41721323132514954,0.595191240310669,-0.004391412250697613,0.41589486598968506,0.5745744109153748,-0.009200407192111015,0.41817617416381836,0.5605292916297913,-0.012659908272325993,0.42116057872772217,0.5507600903511047,-0.014717557467520237,0.42044034600257874,0.5994701981544495,-0.006672207731753588,0.41805121302604675,0.5765244960784912,-0.011366349644958973,0.42000994086265564,0.5613937377929688,-0.013615637086331844,0.422721266746521,0.5507250428199768,-0.014779340475797653,0.42585381865501404,0.6005849838256836,-0.00898853037506342,0.42417046427726746,0.5777434706687927,-0.01339129451662302,0.42525672912597656,0.5634170770645142,-0.014328855089843273,0.42655885219573975,0.5534538626670837,-0.01433023251593113,0.4321916401386261,0.5985887050628662,-0.011290697380900383,0.4309405982494354,0.5799109935760498,-0.014085167087614536,0.43033862113952637,0.5692813396453857,-0.014169235713779926,0.42997509241104126,0.5615347623825073,-0.01381275150924921
231,7.7067628607277285,0,Left,0.9947291612625122,0.44326093792915344,0.6066645979881287,6.358970239261907e-08,0.4357469379901886,0.5907838344573975,-0.0003304406418465078,0.4291945993900299,0.5785040259361267,-0.0025097231846302748,0.4259693920612335,0.5676870346069336,-0.0050830780528485775,0.42504391074180603,0.5579696297645569,-0.007742620073258877,0.41888874769210815,0.5944047570228577,-0.004278133157640696,0.41843023896217346,0.5739337205886841,-0.008879845961928368,0.4211006760597229,0.5602918267250061,-0.012135409750044346,0.4243881404399872,0.5512115359306335,-0.013995900750160217,0.4225260615348816,0.5988547801971436,-0.0065763541497290134,0.42063722014427185,0.5756596922874451,-0.010875364765524864,0.422902375459671,0.5612075924873352,-0.012927751988172531,0.42588678002357483,0.5515068173408508,-0.014013252221047878,0.42827779054641724,0.6005419492721558,-0.008905736729502678,0.4268847703933716,0.5776420831680298,-0.013096977956593037,0.42820799350738525,0.5638036131858826,-0.014114292338490486,0.4299412965774536,0.5545529723167419,-0.014160298742353916,0.43486979603767395,0.5993248224258423,-0.011179573833942413,0.43348559737205505,0.5805045366287231,-0.013760160654783249,0.4329935610294342,0.5693938732147217,-0.013801964931190014,0.4328776001930237,0.5613290071487427,-0.013451782986521721
232,7.740125470514429,0,Left,0.9959180355072021,0.44383910298347473,0.6077415943145752,7.235164645180703e-08,0.4363712668418884,0.5945475101470947,-0.0003061247698497027,0.4301060140132904,0.5816375017166138,-0.002718193456530571,0.4273357391357422,0.5696578025817871,-0.005577892996370792,0.426977276802063,0.5597642064094543,-0.008481967262923717,0.42161479592323303,0.5939297676086426,-0.005336562171578407,0.4201774597167969,0.5736829042434692,-0.010725539177656174,0.42352294921875,0.5598865747451782,-0.01429278589785099,0.4273737967014313,0.551636278629303,-0.016155211254954338,0.42546480894088745,0.5985063314437866,-0.0078059048391878605,0.4230647683143616,0.5755795836448669,-0.012947888113558292,0.42597272992134094,0.5604005455970764,-0.015095519833266735,0.42947036027908325,0.5507432818412781,-0.01603396236896515,0.4311051666736603,0.6002002954483032,-0.010305071249604225,0.42977461218833923,0.5769820809364319,-0.014859875664114952,0.43135371804237366,0.5627762079238892,-0.015732763335108757,0.43323343992233276,0.5538432002067566,-0.015565198846161366,0.4375304579734802,0.5988144278526306,-0.01276522409170866,0.436244398355484,0.5786199569702148,-0.015399553813040257,0.43606528639793396,0.5666893124580383,-0.015352753922343254,0.43624940514564514,0.5583069324493408,-0.014895094558596611
233,7.773488080301129,0,Left,0.9982473850250244,0.4434451758861542,0.6127727627754211,7.724917594487124e-08,0.4357459247112274,0.6006994247436523,-0.0006937301950529218,0.42991581559181213,0.5859512686729431,-0.0034664219710975885,0.4281989336013794,0.5713335275650024,-0.006540535017848015,0.42907270789146423,0.5598169565200806,-0.009669015184044838,0.42248937487602234,0.5960729718208313,-0.0069553181529045105,0.42117244005203247,0.574809193611145,-0.012370848096907139,0.42502647638320923,0.5614177584648132,-0.01575457490980625,0.4288124740123749,0.5536038875579834,-0.017547469586133957,0.4265289306640625,0.6001695990562439,-0.009339014999568462,0.424865186214447,0.5773232579231262,-0.014361659996211529,0.42811447381973267,0.5622933506965637,-0.016306981444358826,0.43157240748405457,0.5526930689811707,-0.017282219603657722,0.4323289394378662,0.6016889214515686,-0.011693065986037254,0.4317151606082916,0.5794908404350281,-0.015930721536278725,0.43363165855407715,0.5652269124984741,-0.01666630618274212,0.435592919588089,0.5561866164207458,-0.016629861667752266,0.4388378858566284,0.6003109216690063,-0.014060154557228088,0.43843963742256165,0.5816783308982849,-0.01637873612344265,0.4387871026992798,0.5701286792755127,-0.016248073428869247,0.4393031597137451,0.5618314743041992,-0.015897424891591072
234,7.806850690087829,0,Left,0.9881852269172668,0.4459651708602905,0.61471027135849,8.361965342373878e-08,0.4406970143318176,0.596583902835846,-0.0013406386133283377,0.4347296953201294,0.5835204720497131,-0.0037362477742135525,0.43147552013397217,0.5734574794769287,-0.006326211616396904,0.43000757694244385,0.565094530582428,-0.008738732896745205,0.422728955745697,0.6000310182571411,-0.006065932102501392,0.4218839108943939,0.5784183740615845,-0.011532180942595005,0.4263460636138916,0.5652937889099121,-0.01510009914636612,0.43053948879241943,0.5577985644340515,-0.016989270225167274,0.42622464895248413,0.6051191687583923,-0.00793730840086937,0.4259190261363983,0.5824111700057983,-0.013209615834057331,0.42988306283950806,0.56749027967453,-0.015383283607661724,0.4335925281047821,0.5580369830131531,-0.01640425994992256,0.43202468752861023,0.6075307130813599,-0.009954456239938736,0.43248647451400757,0.5853663086891174,-0.014844706282019615,0.43499431014060974,0.5710517764091492,-0.015926280990242958,0.43713897466659546,0.5619067549705505,-0.015927696600556374,0.438861221075058,0.6073615550994873,-0.012013192288577557,0.43954557180404663,0.5880991220474243,-0.0153757743537426,0.4402555525302887,0.5757879614830017,-0.015856407582759857,0.44088083505630493,0.5668061971664429,-0.01566249132156372
235,7.840213299874529,0,Left,0.9916380047798157,0.4459274411201477,0.625507116317749,5.830000660012047e-08,0.4393558204174042,0.6074548363685608,-0.0008827543933875859,0.4333239793777466,0.5925586819648743,-0.003154878970235586,0.43037325143814087,0.5812436938285828,-0.005807517562061548,0.42871981859207153,0.5728914141654968,-0.00838185753673315,0.423706978559494,0.6069046854972839,-0.005512631963938475,0.42290088534355164,0.5856083035469055,-0.011301139369606972,0.4280889928340912,0.5728532671928406,-0.014869185164570808,0.43262967467308044,0.5661263465881348,-0.016604792326688766,0.42809224128723145,0.6123127341270447,-0.00777507433667779,0.42751839756965637,0.5902032852172852,-0.013686171732842922,0.4324832558631897,0.575912356376648,-0.015926361083984375,0.43709784746170044,0.5677739381790161,-0.016695301979780197,0.4342787563800812,0.6147905588150024,-0.010206112638115883,0.43477728962898254,0.5932091474533081,-0.015926869586110115,0.4383099675178528,0.5798553824424744,-0.0169959869235754,0.4413517713546753,0.5721604228019714,-0.016583779826760292,0.4410548508167267,0.6144254207611084,-0.012580218724906445,0.4415327310562134,0.5955904722213745,-0.01620170846581459,0.4423530101776123,0.5835342407226562,-0.01654113084077835,0.4431660771369934,0.5749630928039551,-0.016109207645058632
236,7.87357590966123,0,Left,0.9572231769561768,0.446563720703125,0.6321502923965454,6.145764075426996e-08,0.4420308470726013,0.6135175824165344,-0.0016192028997465968,0.43777891993522644,0.5981330275535583,-0.00392864178866148,0.4368169903755188,0.5845198035240173,-0.006493343506008387,0.4378785490989685,0.5737723708152771,-0.008819365873932838,0.42386484146118164,0.6125696897506714,-0.004875785671174526,0.42479127645492554,0.5921086668968201,-0.009701687842607498,0.43067502975463867,0.580674409866333,-0.012819124385714531,0.43567955493927,0.5746549367904663,-0.0144503777846694,0.4272065758705139,0.6195482611656189,-0.006381649058312178,0.4294372498989105,0.5978140234947205,-0.0108512407168746,0.4346621036529541,0.585678219795227,-0.012503055855631828,0.43938925862312317,0.5787237882614136,-0.01319364458322525,0.4327852427959442,0.6235794425010681,-0.00812492985278368,0.4354410469532013,0.6023503541946411,-0.012521916069090366,0.4393913745880127,0.5910089612007141,-0.01326118316501379,0.4430214762687683,0.5842065811157227,-0.012957414612174034,0.43923288583755493,0.6247897148132324,-0.009990336373448372,0.44259342551231384,0.6065385937690735,-0.012989478185772896,0.445127010345459,0.5960214138031006,-0.013295350596308708,0.4474841356277466,0.5884636044502258,-0.012870554812252522
237,7.906938519447929,0,Left,0.9939636588096619,0.44690072536468506,0.637654185295105,2.4050228475402946e-08,0.44165632128715515,0.616926908493042,-0.0005231233662925661,0.437430739402771,0.6006003022193909,-0.0028834855183959007,0.43655940890312195,0.5859622359275818,-0.005677671637386084,0.4366054832935333,0.572973370552063,-0.008523075841367245,0.42505505681037903,0.6153654456138611,-0.005330787971615791,0.4297414720058441,0.5990258455276489,-0.010162831284105778,0.4359172284603119,0.5914264917373657,-0.013254583813250065,0.44041720032691956,0.5881462693214417,-0.015068426728248596,0.42825520038604736,0.6242071986198425,-0.007759038358926773,0.43332961201667786,0.6066865921020508,-0.011929658241569996,0.4395143985748291,0.5978708267211914,-0.013373958878219128,0.4444331228733063,0.5941148996353149,-0.014254349283874035,0.43388885259628296,0.6311371922492981,-0.010258709080517292,0.4390660226345062,0.615275502204895,-0.014520252123475075,0.4441758692264557,0.605913519859314,-0.014802239835262299,0.44806620478630066,0.6013800501823425,-0.01452259998768568,0.4405616223812103,0.6357729434967041,-0.012773096561431885,0.44600969552993774,0.622687816619873,-0.015507733449339867,0.44923993945121765,0.6137980818748474,-0.0153273306787014,0.4518101215362549,0.6080722808837891,-0.014852619729936123
238,7.94030112923463,0,Left,0.9974542260169983,0.4453703463077545,0.6363570690155029,1.1382900844125743e-08,0.4417864978313446,0.6178492903709412,-0.0014679995365440845,0.4385506212711334,0.6019055843353271,-0.0037079753819853067,0.43775588274002075,0.5879092216491699,-0.006124315783381462,0.43710434436798096,0.5750802755355835,-0.008635533042252064,0.42795270681381226,0.61446613073349,-0.0046766372397542,0.43455731868743896,0.601670503616333,-0.009013586677610874,0.4404938817024231,0.5960088968276978,-0.011912095360457897,0.444802463054657,0.5935859084129333,-0.013569819740951061,0.43082669377326965,0.6255358457565308,-0.006317863240838051,0.43749669194221497,0.6105765104293823,-0.010110671631991863,0.444015771150589,0.6041708588600159,-0.011563128791749477,0.4487353563308716,0.6017743349075317,-0.012488597072660923,0.4356597661972046,0.6347492337226868,-0.008136746473610401,0.44242486357688904,0.6215560436248779,-0.012110148556530476,0.4472808539867401,0.6140862107276917,-0.012521818280220032,0.4506552815437317,0.6103013157844543,-0.012378107756376266,0.44148242473602295,0.6411728858947754,-0.010014127939939499,0.44710806012153625,0.6310051679611206,-0.012354949489235878,0.44996240735054016,0.6233179569244385,-0.01202698890119791,0.45193448662757874,0.618357241153717,-0.01156632136553526
239,7.97366373902133,0,Left,0.9939814209938049,0.44477713108062744,0.6335405707359314,-3.1259503430192126e-08,0.4426926374435425,0.6145438551902771,-0.0018048665951937437,0.44045984745025635,0.5974620580673218,-0.003956355154514313,0.43964022397994995,0.5831366181373596,-0.006292183417826891,0.43885570764541626,0.5701060891151428,-0.008725606836378574,0.4318675696849823,0.6061317324638367,-0.005235821474343538,0.4424843490123749,0.5937482118606567,-0.01007645670324564,0.44730815291404724,0.5931188464164734,-0.01370926108211279,0.4491761326789856,0.5952416658401489,-0.015939172357320786,0.43373599648475647,0.6176154017448425,-0.006754099857062101,0.4471416473388672,0.6027843356132507,-0.009877712465822697,0.44931527972221375,0.6038293242454529,-0.011185687966644764,0.44839075207710266,0.6072474718093872,-0.012603674083948135,0.4374394118785858,0.6281421184539795,-0.00853506475687027,0.4492609202861786,0.6154001355171204,-0.011287686415016651,0.4498845040798187,0.6154409050941467,-0.010768288746476173,0.4482104182243347,0.6172160506248474,-0.010609769262373447,0.4418792724609375,0.6376168131828308,-0.010636433027684689,0.4501792788505554,0.6290524005889893,-0.012536111287772655,0.45062190294265747,0.6267963647842407,-0.011760327965021133,0.44978612661361694,0.6267352104187012,-0.011146243661642075
240,8.00702634880803,0,Left,0.9878952503204346,0.44482937455177307,0.6272451877593994,-2.7201654262398733e-08,0.44391071796417236,0.6070554852485657,-0.002611564239487052,0.44265004992485046,0.5865745544433594,-0.004043793771415949,0.44158703088760376,0.5717993378639221,-0.005484867375344038,0.4398002624511719,0.5597526431083679,-0.006766722537577152,0.43565264344215393,0.591651439666748,-0.0038664385210722685,0.4487916827201843,0.5813300609588623,-0.007330774329602718,0.44914859533309937,0.5869947671890259,-0.00967416726052761,0.4452578127384186,0.5908980369567871,-0.011497783474624157,0.4369860291481018,0.6035199165344238,-0.004772166721522808,0.4512218236923218,0.5914674997329712,-0.007405255455523729,0.4500064551830292,0.596817672252655,-0.008258034475147724,0.44657102227211,0.5999506115913391,-0.009498944506049156,0.4397587776184082,0.615054190158844,-0.006112218368798494,0.45288532972335815,0.6039507985115051,-0.008537444286048412,0.4511968493461609,0.6081035733222961,-0.008230422623455524,0.4477245807647705,0.6108085513114929,-0.00841548666357994,0.4432201087474823,0.6248772144317627,-0.007882678881287575,0.45320460200309753,0.6165187358856201,-0.009943260811269283,0.4517461955547333,0.6178555488586426,-0.010199103504419327,0.44862493872642517,0.6202876567840576,-0.010521505028009415
241,8.04038895859473,0,Left,0.9837849140167236,0.44382309913635254,0.6165082454681396,-6.809506736260573e-09,0.4440304636955261,0.5928947925567627,-0.0009718045475892723,0.44439223408699036,0.5723164677619934,-0.002139356918632984,0.44413134455680847,0.5571357607841492,-0.0036761348601430655,0.4429682791233063,0.5436956882476807,-0.0052726175636053085,0.44058364629745483,0.5764834880828857,-0.001872896682471037,0.44887447357177734,0.5699982047080994,-0.004718846175819635,0.45154616236686707,0.5709391832351685,-0.007101958151906729,0.4518339931964874,0.5715628862380981,-0.008884414099156857,0.4416896402835846,0.5875638127326965,-0.0034210863523185253,0.45263248682022095,0.5812547206878662,-0.005338460206985474,0.4532378613948822,0.5805003046989441,-0.006962042301893234,0.45208320021629333,0.5800584554672241,-0.008868787437677383,0.44350528717041016,0.5989487767219543,-0.00520925922319293,0.4534553587436676,0.5934336185455322,-0.00725431926548481,0.4539390504360199,0.5922057032585144,-0.00785394012928009,0.452875018119812,0.5907191038131714,-0.00875825621187687,0.4458017349243164,0.6090885400772095,-0.007182023487985134,0.4540275037288666,0.6054096221923828,-0.008882482536137104,0.4546777009963989,0.6031008362770081,-0.009153409861028194,0.45367681980133057,0.6021825671195984,-0.009565816260874271
242,8.07375156838143,0,Left,0.9466424584388733,0.44522228837013245,0.6057977676391602,-4.464118319447152e-08,0.4476974606513977,0.5834971070289612,-0.0013175957137718797,0.44900697469711304,0.5612539649009705,-0.0023814579471945763,0.44826993346214294,0.5450220704078674,-0.0037225447595119476,0.44602322578430176,0.5308142304420471,-0.004649953916668892,0.4450111985206604,0.5589844584465027,-0.0030733828898519278,0.4594939351081848,0.5525442957878113,-0.007254561875015497,0.45820727944374084,0.5603216290473938,-0.009451247751712799,0.4534686803817749,0.5629094243049622,-0.010794536210596561,0.4451660215854645,0.5695981383323669,-0.004623468033969402,0.4609249532222748,0.5630057454109192,-0.007534230127930641,0.4580310583114624,0.5693193078041077,-0.007816464640200138,0.45347052812576294,0.5709952712059021,-0.008500970900058746,0.4463891088962555,0.5808641314506531,-0.006586872506886721,0.46056780219078064,0.5748336315155029,-0.00886732991784811,0.45748311281204224,0.5804131627082825,-0.007664897013455629,0.4536275267601013,0.5816844701766968,-0.007231679279357195,0.4482852816581726,0.5913795232772827,-0.008831273764371872,0.45946094393730164,0.5869476199150085,-0.00975007563829422,0.4576628506183624,0.5900745391845703,-0.008927076123654842,0.4543538987636566,0.5915948748588562,-0.008653011173009872
243,8.10711417816813,0,Left,0.9765512347221375,0.4468821585178375,0.5924898386001587,-3.797937964122866e-08,0.4505511224269867,0.5691826939582825,-0.0008600888540968299,0.45240357518196106,0.5470758080482483,-0.001879967050626874,0.4515167474746704,0.5311126708984375,-0.003337247995659709,0.44903624057769775,0.5178758502006531,-0.004387840628623962,0.449699729681015,0.543190598487854,-0.0018747157882899046,0.46350422501564026,0.5394399762153625,-0.0057164630852639675,0.4621880352497101,0.5474221706390381,-0.007933286018669605,0.45814940333366394,0.5502246618270874,-0.009365065023303032,0.44940823316574097,0.5528854727745056,-0.0035555348731577396,0.46515756845474243,0.5491779446601868,-0.006133477669209242,0.46244850754737854,0.5549038052558899,-0.006580171175301075,0.45824649930000305,0.5562847852706909,-0.007340413052588701,0.450238972902298,0.5641303062438965,-0.005622229538857937,0.4644518792629242,0.5598070621490479,-0.007788178976625204,0.4615733027458191,0.5646563768386841,-0.006794460117816925,0.4579105079174042,0.5658537745475769,-0.0064072320237755775,0.4516984820365906,0.5754368305206299,-0.007901711389422417,0.46268096566200256,0.5717373490333557,-0.009010973386466503,0.4612066447734833,0.5737097263336182,-0.00830555334687233,0.45812276005744934,0.5743421912193298,-0.007968797348439693
244,8.14047678795483,0,Left,0.9821786880493164,0.4493578374385834,0.5786014199256897,-3.321020614066583e-08,0.4526296555995941,0.5562631487846375,-0.0006431171204894781,0.45518115162849426,0.5355057120323181,-0.0017315485747531056,0.455059289932251,0.5198268890380859,-0.003256833413615823,0.45314574241638184,0.506862998008728,-0.004366280976682901,0.454816609621048,0.5321689248085022,-0.001864737132564187,0.4687407314777374,0.5302212238311768,-0.005519498139619827,0.4675050675868988,0.536824643611908,-0.007554015144705772,0.46390414237976074,0.5391517877578735,-0.008811081759631634,0.4547145366668701,0.5411880016326904,-0.003552341368049383,0.47040116786956787,0.5397605895996094,-0.005932349245995283,0.46816614270210266,0.5447512865066528,-0.006169965025037527,0.46444883942604065,0.5458140969276428,-0.006750716362148523,0.4553356468677521,0.5515872240066528,-0.0055798934772610664,0.46956580877304077,0.5496802926063538,-0.007527240086346865,0.4673319458961487,0.553704559803009,-0.006422708742320538,0.4639654755592346,0.5543877482414246,-0.005942759104073048,0.4564795196056366,0.5619317293167114,-0.00781430583447218,0.46787115931510925,0.560644268989563,-0.008710385300219059,0.4668218791484833,0.5625714659690857,-0.007870974019169807,0.46394652128219604,0.5631184577941895,-0.007431633770465851
245,8.173839397741531,0,Left,0.9916754364967346,0.4519879221916199,0.5676662921905518,-3.169734696939486e-08,0.4543883502483368,0.5485409498214722,-0.0005726246163249016,0.45791611075401306,0.5290939211845398,-0.0018461255822330713,0.4589209258556366,0.5137304663658142,-0.003340069903060794,0.45718520879745483,0.5020837187767029,-0.004416945856064558,0.4602327048778534,0.5251457691192627,-0.0029418659396469593,0.4736839234828949,0.5249483585357666,-0.006246673874557018,0.47222062945365906,0.5315367579460144,-0.007918113842606544,0.4684448540210724,0.5335579514503479,-0.008917029947042465,0.46072930097579956,0.533315122127533,-0.004491256549954414,0.47503262758255005,0.5339713096618652,-0.006497626192867756,0.473249226808548,0.5386844873428345,-0.006689807400107384,0.4697422981262207,0.5400274395942688,-0.007238158956170082,0.4616636037826538,0.5432254672050476,-0.006173626985400915,0.47446033358573914,0.5431913733482361,-0.007901250384747982,0.47314968705177307,0.5467408895492554,-0.006847111973911524,0.47015562653541565,0.5479862689971924,-0.006402595899999142,0.46256527304649353,0.5534856915473938,-0.007945182733237743,0.4721284508705139,0.5528914332389832,-0.008919702842831612,0.4747896194458008,0.5538222193717957,-0.008126757107675076,0.4760867655277252,0.5539058446884155,-0.007642781361937523
246,8.207202007528231,0,Left,0.9886142611503601,0.45673131942749023,0.5601759552955627,-1.6780864697807374e-08,0.4583605229854584,0.5425794720649719,-0.0008456044015474617,0.4618368446826935,0.5245398283004761,-0.0023150097113102674,0.4629325866699219,0.5107638835906982,-0.003923784475773573,0.4609818756580353,0.5004806518554688,-0.005172841250896454,0.4667235016822815,0.5230197310447693,-0.0033219323959201574,0.47909015417099,0.5236034989356995,-0.00613746140152216,0.4777430593967438,0.5291744470596313,-0.0075360313057899475,0.4743974208831787,0.5308372378349304,-0.008361092768609524,0.4678114354610443,0.5308254957199097,-0.004408166743814945,0.4805755019187927,0.5322302579879761,-0.006472102366387844,0.47917985916137695,0.5365486741065979,-0.006848910357803106,0.4764314591884613,0.5378439426422119,-0.007367400452494621,0.4692663848400116,0.5400188565254211,-0.005555902142077684,0.4809124767780304,0.5415487885475159,-0.007234051823616028,0.4798288643360138,0.5447962880134583,-0.006358669605106115,0.4773184359073639,0.5460993647575378,-0.005906498990952969,0.47044655680656433,0.549694299697876,-0.006786532234400511,0.47994738817214966,0.5489134192466736,-0.008087573572993279,0.4853372871875763,0.5491461157798767,-0.007798096630722284,0.4899241328239441,0.5488517880439758,-0.007533382624387741
247,8.24056461731493,0,Left,0.9814404249191284,0.45900464057922363,0.557206928730011,-2.818673827675866e-08,0.4609643816947937,0.5406062602996826,-0.0006163938087411225,0.4652427136898041,0.5230550169944763,-0.0020821711514145136,0.46687051653862,0.5097904205322266,-0.003741245483979583,0.4652540981769562,0.49950164556503296,-0.005005363840609789,0.4723675549030304,0.5225390791893005,-0.002514307852834463,0.4835137128829956,0.5258187651634216,-0.005161916837096214,0.481386661529541,0.5306857824325562,-0.00687502371147275,0.4772409498691559,0.5311276912689209,-0.00808070506900549,0.47386103868484497,0.5304502844810486,-0.003801957005634904,0.48484721779823303,0.5329931378364563,-0.006107906345278025,0.48264628648757935,0.5373982787132263,-0.006916041020303965,0.4791749119758606,0.5383344292640686,-0.00760355219244957,0.4752346873283386,0.5398914813995361,-0.005139082670211792,0.48541536927223206,0.5413511395454407,-0.006620965898036957,0.4838641881942749,0.5449895858764648,-0.005541201680898666,0.4809289574623108,0.5460575819015503,-0.004964879248291254,0.4759887158870697,0.5499821305274963,-0.006590753793716431,0.48573774099349976,0.5491548776626587,-0.007935202680528164,0.4918827712535858,0.5492103695869446,-0.007692493498325348,0.4970027804374695,0.5484323501586914,-0.007486407645046711
248,8.27392722710163,0,Left,0.9837112426757812,0.4625352621078491,0.5577583909034729,-3.808997206533604e-08,0.46436944603919983,0.5415308475494385,-0.00046309412573464215,0.46850964426994324,0.5245031714439392,-0.0020284694619476795,0.470412015914917,0.5115594267845154,-0.003800049889832735,0.46914997696876526,0.5008363723754883,-0.005275679752230644,0.47772717475891113,0.5243037939071655,-0.0022377041168510914,0.48655185103416443,0.5300588607788086,-0.004420620854943991,0.48415860533714294,0.5345245003700256,-0.006114820018410683,0.48008662462234497,0.5348525643348694,-0.007296476513147354,0.47917640209198,0.5325404405593872,-0.003571852343156934,0.48743167519569397,0.5372255444526672,-0.005075098481029272,0.4851420819759369,0.5412063002586365,-0.005882190074771643,0.48179176449775696,0.5418162941932678,-0.006764456629753113,0.4802969992160797,0.5425702929496765,-0.004906231537461281,0.48824363946914673,0.5456514954566956,-0.005830469541251659,0.4861229658126831,0.5486515164375305,-0.004837751388549805,0.4827013611793518,0.5491169691085815,-0.004448675084859133,0.4810044765472412,0.5528989434242249,-0.006337512284517288,0.4903944134712219,0.551291286945343,-0.007230571936815977,0.49676746129989624,0.5513124465942383,-0.006698427721858025,0.5018345713615417,0.5507705807685852,-0.006372547242790461
249,8.307289836888332,0,Left,0.9786139726638794,0.46467041969299316,0.5594586133956909,-3.7814686493220506e-08,0.46688252687454224,0.5431115031242371,-6.486694474006072e-05,0.47081857919692993,0.525855302810669,-0.001443465705960989,0.4721676707267761,0.5127904415130615,-0.0030867939349263906,0.4709422290325165,0.5024843215942383,-0.004444865509867668,0.48021355271339417,0.5257803201675415,-0.0015441379509866238,0.4873557388782501,0.5314196348190308,-0.003370388876646757,0.48489582538604736,0.5361821055412292,-0.005043246783316135,0.48105254769325256,0.5368306636810303,-0.006226757541298866,0.48207560181617737,0.5342633128166199,-0.002942810533568263,0.48888635635375977,0.5383581519126892,-0.0039312271401286125,0.4866008758544922,0.5426092147827148,-0.004675534553825855,0.4832087457180023,0.5433911681175232,-0.005581192206591368,0.4832809269428253,0.5445781946182251,-0.0043267966248095036,0.4896833002567291,0.5470259189605713,-0.005011226981878281,0.48742860555648804,0.5501106977462769,-0.004332773853093386,0.4839121401309967,0.5505040287971497,-0.004199264105409384,0.48385223746299744,0.5552823543548584,-0.005743538960814476,0.49298882484436035,0.5541824698448181,-0.006235356442630291,0.49921175837516785,0.5544509291648865,-0.005689571145921946,0.504067063331604,0.5538942217826843,-0.005464084446430206
250,8.340652446675032,0,Left,0.9781280159950256,0.46689409017562866,0.5607616901397705,-4.0297834402736044e-08,0.46907490491867065,0.544009268283844,0.00022138796339277178,0.47307905554771423,0.5266221165657043,-0.001091633690521121,0.4747510254383087,0.5130575299263,-0.0027898699045181274,0.4731300473213196,0.5027623772621155,-0.004233748186379671,0.4822036921977997,0.5259722471237183,-0.0014482588740065694,0.4897293448448181,0.5323976278305054,-0.0032142356503754854,0.48722025752067566,0.5375441908836365,-0.00463327718898654,0.48336488008499146,0.538330078125,-0.005618428811430931,0.48425936698913574,0.5339359045028687,-0.0030577960424125195,0.4914463460445404,0.5389562249183655,-0.004021488130092621,0.4890809953212738,0.543758749961853,-0.0045112911611795425,0.4858345091342926,0.5444344282150269,-0.005232271272689104,0.48590683937072754,0.5441353917121887,-0.004642268642783165,0.4929543733596802,0.5472577810287476,-0.005489249248057604,0.49053841829299927,0.5510032176971436,-0.004741600714623928,0.4871004521846771,0.551506519317627,-0.004473390523344278,0.4871307611465454,0.5550321936607361,-0.006217602640390396,0.4967108964920044,0.5526583790779114,-0.0067703258246183395,0.5031829476356506,0.5520384907722473,-0.006199702154844999,0.508507251739502,0.550722062587738,-0.005926394369453192
251,8.374015056461731,0,Left,0.9669859409332275,0.46944084763526917,0.5602855086326599,-4.092904148933485e-08,0.47170284390449524,0.542452335357666,0.0011429389705881476,0.4755215048789978,0.5260896682739258,0.00045822883839719,0.4772212505340576,0.51320481300354,-0.0008065056172199547,0.4756180942058563,0.5028995871543884,-0.0018462679581716657,0.4844602346420288,0.5241838693618774,0.0004942506784573197,0.4916892945766449,0.5317519903182983,-0.0005336181493476033,0.48940733075141907,0.5370995402336121,-0.0015951518435031176,0.48569032549858093,0.5380452871322632,-0.0024049654603004456,0.4868171215057373,0.5317292213439941,-0.001422823523171246,0.49347761273384094,0.538597047328949,-0.0015339241363108158,0.49123141169548035,0.5434580445289612,-0.0018267116975039244,0.4881436228752136,0.543919026851654,-0.002544716466218233,0.48862940073013306,0.5416530966758728,-0.0033005347941070795,0.49512749910354614,0.5466461181640625,-0.003668533405289054,0.4927891492843628,0.550682008266449,-0.0029624346643686295,0.4897562563419342,0.5507644414901733,-0.002805669791996479,0.48985031247138977,0.5526038408279419,-0.005103435833007097,0.4993009865283966,0.5510797500610352,-0.00533794891089201,0.505454421043396,0.5509116053581238,-0.004560518078505993,0.5105741024017334,0.5497632026672363,-0.004152359440922737
252,8.407377666248431,0,Left,0.9632118940353394,0.4726291000843048,0.5594779253005981,-4.3603204602504775e-08,0.4743342995643616,0.5420023202896118,0.0008662783075124025,0.47767168283462524,0.5258220434188843,0.0001271987712243572,0.4793388545513153,0.5133295655250549,-0.0011457272339612246,0.47806602716445923,0.5029944181442261,-0.0022267631720751524,0.4870398938655853,0.5245225429534912,-4.708683991339058e-05,0.4942629337310791,0.5323041081428528,-0.0011955760419368744,0.49215468764305115,0.5376555919647217,-0.0022525880485773087,0.4884764850139618,0.5387641191482544,-0.002997415838763118,0.48949041962623596,0.5317467451095581,-0.0018025367753580213,0.4956768751144409,0.5389719605445862,-0.002034940756857395,0.4932994842529297,0.5439034104347229,-0.0024136267602443695,0.49020788073539734,0.5445891618728638,-0.003177257254719734,0.4913867115974426,0.5415694117546082,-0.003496556542813778,0.497346967458725,0.5465514659881592,-0.00411631353199482,0.4947701394557953,0.551149308681488,-0.0034652368631213903,0.49164873361587524,0.5517902970314026,-0.003255455754697323,0.4927578866481781,0.5525596737861633,-0.005113928113132715,0.5022931098937988,0.5502797365188599,-0.005643323063850403,0.5084914565086365,0.5502773523330688,-0.0048844339326024055,0.5136237740516663,0.549525260925293,-0.004391652066260576
253,8.440740276035132,0,Left,0.9537595510482788,0.47580796480178833,0.5594125986099243,-4.993228941430061e-08,0.47725313901901245,0.5425410866737366,0.000578439561650157,0.4803711473941803,0.5264061689376831,-0.00035492496681399643,0.48210394382476807,0.5140326023101807,-0.001822334947064519,0.4808606207370758,0.5038063526153564,-0.003102615475654602,0.4892115592956543,0.5246064066886902,-0.00045175422565080225,0.49654442071914673,0.5330573320388794,-0.0021934467367827892,0.49416691064834595,0.5389800071716309,-0.003594517707824707,0.49010175466537476,0.5405586361885071,-0.004355101380497217,0.4918022155761719,0.5316116809844971,-0.0021090705413371325,0.49845704436302185,0.5397907495498657,-0.0029896805062890053,0.4959661662578583,0.545387327671051,-0.003563779639080167,0.4924147129058838,0.5467774868011475,-0.004208844155073166,0.49393823742866516,0.541137158870697,-0.0037601497024297714,0.5003438591957092,0.5472565293312073,-0.004941699095070362,0.4976469874382019,0.5526038408279419,-0.004501094575971365,0.4942164421081543,0.5541362166404724,-0.004129162989556789,0.4955516755580902,0.5516585111618042,-0.005334633402526379,0.5050441026687622,0.5492287278175354,-0.006005654111504555,0.511276125907898,0.5486764907836914,-0.005333597306162119,0.5164339542388916,0.547637939453125,-0.004786335397511721
254,8.474102885821832,0,Left,0.9782580137252808,0.46524399518966675,0.6025881171226501,2.2395477472514358e-08,0.4822138845920563,0.596453070640564,0.002481770236045122,0.49310025572776794,0.5886491537094116,0.0016038980102166533,0.5029666423797607,0.5880308151245117,-0.0011716254521161318,0.5098049640655518,0.5862212777137756,-0.004369904287159443,0.48209184408187866,0.5422188639640808,0.005221919156610966,0.497606098651886,0.5448420643806458,0.0029169872868806124,0.5082396268844604,0.5497090220451355,-0.00021876215760130435,0.5150938630104065,0.5548521280288696,-0.0023959178943187,0.47916796803474426,0.5412434339523315,0.0010573813924565911,0.49704936146736145,0.5418263673782349,-0.0009743049740791321,0.5076257586479187,0.5497002601623535,-0.00423094118013978,0.5142877101898193,0.558529794216156,-0.006461248733103275,0.4780183434486389,0.5446764826774597,-0.003369934158399701,0.4958517849445343,0.5445182919502258,-0.007197015918791294,0.5065301060676575,0.5530056357383728,-0.009875522926449776,0.5127301216125488,0.561588704586029,-0.01078133936971426,0.4783208966255188,0.5516406297683716,-0.007620448246598244,0.492427796125412,0.547379195690155,-0.010234121233224869,0.5022291541099548,0.549401044845581,-0.01069218385964632,0.5092470049858093,0.5530514717102051,-0.01042604073882103
254,8.474102885821832,1,Left,0.9619925022125244,0.4772179126739502,0.5608935356140137,-6.169289434865277e-08,0.4790540337562561,0.5442860722541809,0.0007935392786748707,0.48235005140304565,0.5281678438186646,4.5398224756354466e-05,0.4842343032360077,0.5162128806114197,-0.0013260550331324339,0.483515202999115,0.5060052871704102,-0.0025515975430607796,0.49138954281806946,0.5258159637451172,5.939703623880632e-05,0.49848780035972595,0.535138726234436,-0.0017409025458618999,0.4961373209953308,0.5419072508811951,-0.0033186892978847027,0.4918329417705536,0.5441582202911377,-0.004125022329390049,0.49409109354019165,0.5325800180435181,-0.0017246071947738528,0.5002990365028381,0.5428456664085388,-0.0026935841888189316,0.49755027890205383,0.5499361157417297,-0.0034940119367092848,0.49382472038269043,0.552371621131897,-0.004135411232709885,0.49614956974983215,0.5418605208396912,-0.003497549332678318,0.5020241737365723,0.5514143705368042,-0.004945706110447645,0.4988185465335846,0.5589603781700134,-0.004579026252031326,0.49498260021209717,0.561850905418396,-0.003948528785258532,0.4976538419723511,0.5522639155387878,-0.005170931573957205,0.5070397257804871,0.5498132705688477,-0.00602069403976202,0.5133638978004456,0.5498260855674744,-0.005232471507042646,0.5184909701347351,0.5497021079063416,-0.004376234021037817
255,8.507465495608532,0,Left,0.9386159181594849,0.46863311529159546,0.5915775895118713,6.62333610179644e-09,0.4763486981391907,0.5630040168762207,0.00022728352632839233,0.4832775890827179,0.5404306650161743,0.001121637295000255,0.48655006289482117,0.5232564806938171,0.00109192100353539,0.4863422214984894,0.5086515545845032,0.001144440146163106,0.49137768149375916,0.5379809141159058,0.00677390256896615,0.497369647026062,0.5473883152008057,0.0052106790244579315,0.499959796667099,0.5531607866287231,0.002157501643523574,0.5020846128463745,0.5552764534950256,-0.0003778899263124913,0.49104154109954834,0.5443128943443298,0.005230063106864691,0.4989285171031952,0.5540252923965454,0.00379405589774251,0.5016924738883972,0.5594028234481812,0.00034976290771737695,0.5042687058448792,0.5629403591156006,-0.0026051581371575594,0.4904928505420685,0.5526222586631775,0.00312848761677742,0.5002045631408691,0.5620184540748596,-0.00023639292339794338,0.504530668258667,0.5674430131912231,-0.0032465215772390366,0.5083820819854736,0.5715476274490356,-0.005054424051195383,0.4896070659160614,0.5629672408103943,0.0010435632430016994,0.5010330080986023,0.5699188113212585,-0.002631573239341378,0.5094124674797058,0.5750023722648621,-0.004770326428115368,0.5175515413284302,0.5783924460411072,-0.005826959852129221
255,8.507465495608532,1,Left,0.9580978155136108,0.47923585772514343,0.5604453086853027,-5.737037156450242e-08,0.4812113344669342,0.5439988970756531,0.0004020893247798085,0.48452192544937134,0.5289842486381531,-0.00072121323319152,0.48649752140045166,0.5173830986022949,-0.0023556072264909744,0.48596125841140747,0.5071364045143127,-0.0037981977220624685,0.493193119764328,0.5266430974006653,-0.0007966741104610264,0.5000749826431274,0.5363011956214905,-0.0028939233161509037,0.4973703622817993,0.5430944561958313,-0.00479652127251029,0.4928617775440216,0.5447978973388672,-0.005941212177276611,0.49604305624961853,0.5332390069961548,-0.0025062880013138056,0.5020231604576111,0.5436127781867981,-0.003672271501272917,0.49906793236732483,0.5504263043403625,-0.00458017410710454,0.49526718258857727,0.5522540211677551,-0.005415599327534437,0.4982145130634308,0.5425629615783691,-0.004221578128635883,0.5040917992591858,0.5519357323646545,-0.005639621522277594,0.5008459091186523,0.5583907961845398,-0.005211079493165016,0.49685174226760864,0.5605777502059937,-0.004720678087323904,0.4997667670249939,0.5530856847763062,-0.005888619460165501,0.5093172192573547,0.5515931248664856,-0.006843105889856815,0.51568603515625,0.5513408184051514,-0.006152074784040451,0.5207479596138,0.5508196949958801,-0.005463303066790104
256,8.540828105395232,0,Left,0.9531713724136353,0.48040691018104553,0.5609569549560547,-6.214182235453336e-08,0.4822414517402649,0.5443221926689148,0.00042319370550103486,0.4857572913169861,0.529214084148407,-0.0007375506684184074,0.4877106547355652,0.517572820186615,-0.0023548228200525045,0.4868585169315338,0.5072084069252014,-0.003842959413304925,0.4948650896549225,0.5269403457641602,-0.0012473531533032656,0.5010665655136108,0.5366532206535339,-0.0031150004360824823,0.498090922832489,0.5430168509483337,-0.004771717824041843,0.49374639987945557,0.5440003871917725,-0.00579694751650095,0.4973757863044739,0.5340671539306641,-0.002951236441731453,0.5025442838668823,0.5446534752845764,-0.004141601268202066,0.4990135431289673,0.5507127642631531,-0.005118447355926037,0.4951571822166443,0.551848292350769,-0.006018591579049826,0.49926888942718506,0.5437110662460327,-0.004552571102976799,0.5047856569290161,0.5524342656135559,-0.005954987835139036,0.5012146830558777,0.5576664209365845,-0.005647158250212669,0.4972424805164337,0.5587310194969177,-0.005307166837155819,0.5005503296852112,0.5542437434196472,-0.00606201309710741,0.510255753993988,0.552234947681427,-0.006916144862771034,0.5166708827018738,0.5515082478523254,-0.006228004582226276,0.5220093131065369,0.5505173802375793,-0.005611690226942301
257,8.574190715181933,0,Left,0.9450289011001587,0.48110106587409973,0.5607240796089172,-6.380374628633945e-08,0.4830143451690674,0.5439838171005249,0.00044181288103573024,0.48657795786857605,0.5288864970207214,-0.0007728035561740398,0.4884907901287079,0.5174185633659363,-0.00248513650149107,0.4877453148365021,0.5072177648544312,-0.0040738568641245365,0.4952329993247986,0.5264922380447388,-0.0013637980446219444,0.5014981031417847,0.5360406637191772,-0.0034082478377968073,0.4985966682434082,0.542913556098938,-0.005203914828598499,0.4942464828491211,0.5444334745407104,-0.006272162776440382,0.4978456497192383,0.5334452986717224,-0.0030868020839989185,0.5031870007514954,0.5438236594200134,-0.004500252660363913,0.49977436661720276,0.5505350828170776,-0.005586838349699974,0.49581414461135864,0.5520178079605103,-0.00647748913615942,0.49988219141960144,0.5431076288223267,-0.004696465563029051,0.5057331919670105,0.551861584186554,-0.006146088242530823,0.502151608467102,0.557870090007782,-0.005766254849731922,0.4980374872684479,0.5594028830528259,-0.0053038885816931725,0.5013502836227417,0.5537936091423035,-0.006223546806722879,0.510863721370697,0.5515908598899841,-0.006939894054085016,0.5172244310379028,0.5506039261817932,-0.006129621062427759,0.5224299430847168,0.5494582056999207,-0.0053993710316717625
258,8.607553324968633,0,Left,0.9475646615028381,0.4810313582420349,0.5603237748146057,-6.493930726492181e-08,0.4828728139400482,0.5435357093811035,0.0003948132798541337,0.486388623714447,0.5288324952125549,-0.0008321267087012529,0.4883716106414795,0.5174867510795593,-0.002537471242249012,0.48772427439689636,0.5072228908538818,-0.004101068712770939,0.4950219392776489,0.526066780090332,-0.0012358975363895297,0.5009171366691589,0.5351445078849792,-0.0033450934570282698,0.498093843460083,0.5417331457138062,-0.005316272843629122,0.4937313199043274,0.5433122515678406,-0.006524677388370037,0.4978218376636505,0.5328779220581055,-0.002959300298243761,0.5027146339416504,0.5425815582275391,-0.004332260228693485,0.49945709109306335,0.5489739179611206,-0.005544126499444246,0.4956234395503998,0.550334632396698,-0.006590717472136021,0.49995070695877075,0.5426023602485657,-0.004591318778693676,0.5052662491798401,0.5507698655128479,-0.006094771903008223,0.5017707943916321,0.5566074848175049,-0.005800409708172083,0.49777448177337646,0.5581046342849731,-0.0054308390244841576,0.5014871954917908,0.5534874200820923,-0.00615221681073308,0.5109694004058838,0.5511997938156128,-0.0070221261121332645,0.5174142122268677,0.5501082539558411,-0.006306235212832689,0.5227192640304565,0.5488382577896118,-0.00564942043274641
259,8.640915934755332,0,Left,0.9508790373802185,0.48078450560569763,0.5595594048500061,-6.59532801705609e-08,0.48256587982177734,0.5430464744567871,0.0003685903502628207,0.48606187105178833,0.528382420539856,-0.0008793117012828588,0.4880896508693695,0.5169990658760071,-0.0026049602311104536,0.4873471260070801,0.506714940071106,-0.004182576667517424,0.4948093891143799,0.525814950466156,-0.0012713056057691574,0.5009592175483704,0.5349730849266052,-0.0034226917196065187,0.49805569648742676,0.5411771535873413,-0.0053574079647660255,0.493621826171875,0.5425611734390259,-0.006514925975352526,0.49753740429878235,0.5325210094451904,-0.0030179363675415516,0.5024850368499756,0.5422505736351013,-0.004449063446372747,0.49920788407325745,0.5482823848724365,-0.005642378702759743,0.49540165066719055,0.5494371056556702,-0.006643226835876703,0.49961063265800476,0.5421674847602844,-0.004674619063735008,0.5049851536750793,0.5499660968780518,-0.006215190049260855,0.5015117526054382,0.5556275248527527,-0.00588506693020463,0.49760720133781433,0.5568785071372986,-0.00547140184789896,0.5011416077613831,0.5530388355255127,-0.006264678668230772,0.5106558203697205,0.5507028102874756,-0.007141000125557184,0.5170368552207947,0.5495772957801819,-0.0063867815770208836,0.5223151445388794,0.5481684803962708,-0.005682776682078838
260,8.674278544542032,0,Left,0.9486169815063477,0.48058852553367615,0.5585869550704956,-6.673259633771522e-08,0.4822405278682709,0.5424312949180603,0.0002690375840757042,0.485697478055954,0.5274816751480103,-0.0010594567283988,0.48777827620506287,0.5160931348800659,-0.0027831904590129852,0.48709800839424133,0.5058112144470215,-0.004347651265561581,0.494284451007843,0.5246655941009521,-0.001833879854530096,0.5002017617225647,0.533945620059967,-0.003977163694798946,0.4970812201499939,0.5402770638465881,-0.005832911003381014,0.4925817847251892,0.5418335795402527,-0.006940879393368959,0.49701499938964844,0.5314059257507324,-0.0034724348224699497,0.5018857717514038,0.5413984060287476,-0.0048321993090212345,0.4983545243740082,0.5475813746452332,-0.005804264917969704,0.49451977014541626,0.5489828586578369,-0.0066843354143202305,0.4990510642528534,0.5411250591278076,-0.0050008660182356834,0.5045267939567566,0.5492479801177979,-0.006505236960947514,0.5008712410926819,0.5550022125244141,-0.006045772228389978,0.49685078859329224,0.5566927790641785,-0.005571894813328981,0.5005407333374023,0.5519885420799255,-0.006454492453485727,0.5101359486579895,0.5495912432670593,-0.007364961784332991,0.5165678858757019,0.5483664274215698,-0.006632765755057335,0.5219147205352783,0.54704350233078,-0.005966658238321543
261,8.707641154328734,0,Left,0.9453994631767273,0.4803653955459595,0.5576249361038208,-6.384833284300839e-08,0.48187384009361267,0.541579008102417,0.00024736346676945686,0.48524823784828186,0.5267019271850586,-0.0010472702560946345,0.48726382851600647,0.5153505206108093,-0.0027831902261823416,0.4865208864212036,0.5049733519554138,-0.004367867484688759,0.4941021800041199,0.5242328643798828,-0.0015887476038187742,0.5003263354301453,0.533164918422699,-0.003820534562692046,0.4974936842918396,0.5394400954246521,-0.00566240306943655,0.4931167960166931,0.5411511063575745,-0.0066992901265621185,0.49675261974334717,0.5309373140335083,-0.003233642317354679,0.5018749833106995,0.5406115651130676,-0.00475676916539669,0.4984678030014038,0.5468225479125977,-0.005780221428722143,0.4946345388889313,0.5482890605926514,-0.006611972115933895,0.4987589716911316,0.5404711365699768,-0.00480495672672987,0.5042720437049866,0.5483072996139526,-0.00647596875205636,0.5006467700004578,0.5541601777076721,-0.0060526421293616295,0.4966736435890198,0.5557863116264343,-0.005515216384083033,0.5002593994140625,0.5511318445205688,-0.006305800750851631,0.5097978711128235,0.5487191081047058,-0.007272989023476839,0.5161539912223816,0.5475389957427979,-0.006540380418300629,0.5214576125144958,0.5460960865020752,-0.005826376844197512
262,8.741003764115433,0,Left,0.7620869874954224,0.4776839315891266,0.5672546029090881,-9.029281500261277e-08,0.480048805475235,0.5462641716003418,0.0011825524270534515,0.4844684302806854,0.5293806195259094,0.0016311613144353032,0.4866447448730469,0.51540607213974,0.001234103343449533,0.48519349098205566,0.5036892890930176,0.0009438147535547614,0.49274495244026184,0.5224704146385193,0.00353093259036541,0.4974539279937744,0.534851610660553,0.002500137547031045,0.49432629346847534,0.5432010889053345,0.0009961639298126101,0.49050185084342957,0.5455123782157898,2.0270883396733552e-05,0.4957900941371918,0.5282358527183533,0.0016121643129736185,0.49973323941230774,0.54082852602005,0.0009458537097088993,0.4956940710544586,0.5475530028343201,-0.0007185793365351856,0.4917822778224945,0.5499244332313538,-0.002187505131587386,0.4984526038169861,0.537404477596283,-0.0003405808820389211,0.5032844543457031,0.5458083152770996,-0.0029559109825640917,0.4995424747467041,0.5538221001625061,-0.003805332351475954,0.49610134959220886,0.5569109320640564,-0.003953480627387762,0.5004703998565674,0.5492814183235168,-0.0020492025651037693,0.5103000402450562,0.5467150807380676,-0.0037996990140527487,0.5166879296302795,0.546342134475708,-0.003351235995069146,0.5224531292915344,0.5455081462860107,-0.002657906152307987
262,8.741003764115433,1,Left,0.9481682181358337,0.4801025688648224,0.5563471913337708,-6.555357856541377e-08,0.4817267954349518,0.5404152274131775,0.00014229198859538883,0.4850596785545349,0.5257664918899536,-0.001232926151715219,0.48709869384765625,0.5145378112792969,-0.0030668736435472965,0.48647111654281616,0.5040802955627441,-0.00476831803098321,0.49388909339904785,0.5230894088745117,-0.001677384483627975,0.5000929236412048,0.5326880216598511,-0.0040900688618421555,0.4972187876701355,0.5394331216812134,-0.006100880913436413,0.49271735548973083,0.5412729382514954,-0.007219225168228149,0.49657732248306274,0.529732346534729,-0.003326036036014557,0.5018141865730286,0.5403383374214172,-0.005041008349508047,0.49833109974861145,0.5472510457038879,-0.006154029164463282,0.4944058656692505,0.5490890741348267,-0.006972983945161104,0.4985882639884949,0.5392392873764038,-0.004925942048430443,0.5042340755462646,0.5482771396636963,-0.006778908893465996,0.5005325078964233,0.5548666715621948,-0.006360943429172039,0.49646875262260437,0.557039737701416,-0.0057256161235272884,0.5000645518302917,0.5499323606491089,-0.0064694639295339584,0.5096098780632019,0.5476961135864258,-0.007512486074119806,0.5159772634506226,0.5466294288635254,-0.006731417495757341,0.5212769508361816,0.5454785227775574,-0.005930461920797825
263,8.774366373902133,0,Left,0.9459400177001953,0.4795958399772644,0.5564500093460083,-6.64767654257048e-08,0.48153021931648254,0.540395975112915,0.0002971422509290278,0.48512962460517883,0.5254461765289307,-0.0010462000500410795,0.4871589243412018,0.5140575766563416,-0.002835012972354889,0.4863770306110382,0.5035558342933655,-0.004503712058067322,0.49401915073394775,0.5223767161369324,-0.0016583404503762722,0.5001338720321655,0.5323995351791382,-0.0039446474984288216,0.49713265895843506,0.5393291711807251,-0.005987308453768492,0.49267062544822693,0.5410184264183044,-0.007217662408947945,0.49659404158592224,0.529184103012085,-0.003371568163856864,0.5018491148948669,0.540012001991272,-0.004882943816483021,0.49832606315612793,0.5470364093780518,-0.005938495509326458,0.4943805932998657,0.5487027168273926,-0.006807305384427309,0.4984363317489624,0.5388909578323364,-0.005004144739359617,0.5040249228477478,0.548083484172821,-0.0066006919369101524,0.5003505349159241,0.5545952320098877,-0.006142658181488514,0.49626997113227844,0.5565502047538757,-0.005600301548838615,0.49972212314605713,0.5497097969055176,-0.0065731448121368885,0.5093145370483398,0.5475907921791077,-0.007494309451431036,0.5157542824745178,0.5464826226234436,-0.0067288815043866634,0.521108865737915,0.5451781749725342,-0.006005564238876104
264,8.807728983688833,0,Left,0.8281669616699219,0.4759390950202942,0.5703549385070801,-7.633045839838815e-08,0.47887536883354187,0.5463619232177734,0.002228974364697933,0.4836578071117401,0.5296687483787537,0.00299641489982605,0.48635053634643555,0.5158081650733948,0.002527236705645919,0.4853157699108124,0.5029628276824951,0.0020367028191685677,0.49274465441703796,0.5228984355926514,0.005791662260890007,0.499589204788208,0.5355533957481384,0.004870593547821045,0.49769437313079834,0.5445692539215088,0.003006002167239785,0.49466490745544434,0.5475497245788574,0.0017058281227946281,0.49546658992767334,0.5285180807113647,0.003326385747641325,0.501164436340332,0.5403854846954346,0.0027423787396401167,0.49737319350242615,0.5471653342247009,0.0006596699240617454,0.4934087097644806,0.5492879152297974,-0.0010595706989988685,0.497869074344635,0.5375356078147888,0.0007901020580902696,0.5040753483772278,0.5447985529899597,-0.0015455055981874466,0.5007817149162292,0.5525503754615784,-0.002397042466327548,0.4974652826786041,0.5549531579017639,-0.0025069916155189276,0.4996095597743988,0.5495727062225342,-0.0014583631418645382,0.5102132558822632,0.546489417552948,-0.0029410994611680508,0.516926646232605,0.5461750030517578,-0.002290426753461361,0.5228307247161865,0.5450317859649658,-0.001380547066219151
264,8.807728983688833,1,Left,0.9500324130058289,0.4796573519706726,0.5563358068466187,-6.216366443823063e-08,0.4814210534095764,0.5401705503463745,0.0002033667842624709,0.48501694202423096,0.5252811312675476,-0.001202774466946721,0.48707452416419983,0.5138915777206421,-0.003043367061764002,0.4864688515663147,0.5033364295959473,-0.00474844966083765,0.49398526549339294,0.5225010514259338,-0.0017358610639348626,0.5004563331604004,0.532020092010498,-0.00405306089669466,0.4976600110530853,0.5388925075531006,-0.006059470120817423,0.493226021528244,0.5406810641288757,-0.007234051823616028,0.4965437650680542,0.5293911099433899,-0.0034021062310785055,0.5021008849143982,0.5398029685020447,-0.0049678366631269455,0.49871864914894104,0.5466228127479553,-0.006061703432351351,0.4947679340839386,0.5482191443443298,-0.006937074940651655,0.49840936064720154,0.5390951037406921,-0.004994699265807867,0.5043306350708008,0.5479220151901245,-0.006571850273758173,0.500809907913208,0.5541941523551941,-0.00613468186929822,0.4967573881149292,0.5560421943664551,-0.005613813176751137,0.4997215270996094,0.54985511302948,-0.006530758924782276,0.5093485116958618,0.547569751739502,-0.007425581570714712,0.5158077478408813,0.5464789271354675,-0.006677752360701561,0.5211361646652222,0.5452998280525208,-0.005969586316496134
265,8.841091593475534,0,Left,0.947553277015686,0.47950270771980286,0.5564258098602295,-6.336087210456753e-08,0.48143282532691956,0.5402729511260986,0.00025675250799395144,0.485169380903244,0.5252823233604431,-0.0010900208726525307,0.48724454641342163,0.5138329863548279,-0.002886832458898425,0.48658061027526855,0.5033506155014038,-0.0045535690151154995,0.49409180879592896,0.5225746035575867,-0.0016284706071019173,0.5006654262542725,0.5320881009101868,-0.0039055051747709513,0.4978231191635132,0.5389664173126221,-0.005843247752636671,0.4933689832687378,0.5407013893127441,-0.006959131453186274,0.4966077506542206,0.5294999480247498,-0.0033082468435168266,0.5022462010383606,0.5399512052536011,-0.004900266882032156,0.49877703189849854,0.5468810200691223,-0.0059664202854037285,0.4947952926158905,0.5484872460365295,-0.0067788222804665565,0.4984673857688904,0.5392030477523804,-0.00491273682564497,0.5044254660606384,0.5481501817703247,-0.0065157352946698666,0.500883162021637,0.5545397400856018,-0.006082023959606886,0.4968327283859253,0.5564072132110596,-0.005521714221686125,0.4997742772102356,0.5499283075332642,-0.0064518689177930355,0.5093902349472046,0.5475823879241943,-0.007312502712011337,0.515824556350708,0.546537458896637,-0.006536456290632486,0.5211447477340698,0.5453876852989197,-0.0057905130088329315
266,8.874454203262234,0,Left,0.8475977778434753,0.4770367741584778,0.5688748955726624,-8.372410320589552e-08,0.47990870475769043,0.5458133220672607,0.0028805264737457037,0.48464226722717285,0.5289060473442078,0.003745870664715767,0.487444669008255,0.5148288607597351,0.0033512290101498365,0.48630043864250183,0.5024850964546204,0.002959060249850154,0.4927099347114563,0.5235104560852051,0.005420148838311434,0.49887940287590027,0.5346658825874329,0.0045962403528392315,0.4959127604961395,0.542885422706604,0.0030051821377128363,0.4919563829898834,0.5455251932144165,0.001980353379622102,0.49561089277267456,0.5285431742668152,0.0028139115311205387,0.5011624097824097,0.5393393039703369,0.0028476181905716658,0.49759820103645325,0.5462082624435425,0.0015531693352386355,0.4940732717514038,0.5479980707168579,0.00022685452131554484,0.4981667697429657,0.5373396873474121,0.00021857948740944266,0.5042790174484253,0.5446484088897705,-0.001207389635965228,0.5010195374488831,0.5524081587791443,-0.0013850880786776543,0.4978233873844147,0.5544477701187134,-0.0013402889017015696,0.5000970959663391,0.5489407181739807,-0.0020696658175438643,0.5106092691421509,0.5461301803588867,-0.0025661149993538857,0.5167837738990784,0.5459457039833069,-0.0012989144306629896,0.5221884250640869,0.544491171836853,-0.00021901131549384445
266,8.874454203262234,1,Left,0.951264500617981,0.47961288690567017,0.5569881796836853,-6.239680772068823e-08,0.481672078371048,0.5407902598381042,0.0002308488910784945,0.48553043603897095,0.5255023241043091,-0.0011436045169830322,0.48762038350105286,0.5140045881271362,-0.0029550516046583652,0.486970454454422,0.5035915970802307,-0.004633063450455666,0.49449509382247925,0.5226395726203918,-0.001679099048487842,0.5012091994285583,0.5325732827186584,-0.00395387876778841,0.49827733635902405,0.5396161675453186,-0.005930475890636444,0.4938187301158905,0.5411797165870667,-0.00710130762308836,0.49695172905921936,0.5296264886856079,-0.00335959461517632,0.5028641819953918,0.5404186844825745,-0.004997627343982458,0.4992794394493103,0.5476517081260681,-0.006021489854902029,0.4952034652233124,0.5493447184562683,-0.0067611075937747955,0.4987345337867737,0.539314866065979,-0.0049706706777215,0.5048378109931946,0.5487520098686218,-0.006527602672576904,0.5011829137802124,0.5553510785102844,-0.0060362424701452255,0.4970293343067169,0.5573450326919556,-0.00541465962305665,0.49999526143074036,0.5500245094299316,-0.00652729906141758,0.5096291899681091,0.5477600693702698,-0.007340887561440468,0.5160850286483765,0.5466372966766357,-0.006554808933287859,0.5214117765426636,0.545400083065033,-0.005796084646135569
267,8.907816813048933,0,Left,0.9579346776008606,0.4798423647880554,0.5566075444221497,-6.108858485731616e-08,0.48159632086753845,0.5404909253120422,0.00023080712708178908,0.4853328764438629,0.5253015756607056,-0.0011571323266252875,0.4874860346317291,0.5137062072753906,-0.0029656249098479748,0.4868302345275879,0.5032657384872437,-0.0046402872540056705,0.4943159222602844,0.5223367810249329,-0.0018125961069017649,0.5010502338409424,0.5314470529556274,-0.0039961691945791245,0.4981243312358856,0.5380736589431763,-0.0058800228871405125,0.49366652965545654,0.5394121408462524,-0.00702652195468545,0.4969177842140198,0.5294325947761536,-0.0034729009494185448,0.5028549432754517,0.5391407012939453,-0.005011331290006638,0.4993670582771301,0.5459612011909485,-0.006017389707267284,0.49533990025520325,0.5473780632019043,-0.006825262680649757,0.49887195229530334,0.5392065048217773,-0.005042536649852991,0.5050789713859558,0.5476394891738892,-0.00655774213373661,0.5014903545379639,0.5536931753158569,-0.006110155489295721,0.49731284379959106,0.5552934408187866,-0.005600286647677422,0.5002928376197815,0.5499529838562012,-0.006548428907990456,0.5099104046821594,0.5474532842636108,-0.007417095825076103,0.516340970993042,0.5462657809257507,-0.006729552522301674,0.5215959548950195,0.5450126528739929,-0.006082743406295776
268,8.941179422835633,0,Left,0.9523414373397827,0.4799175560474396,0.5565142631530762,-5.993749851995744e-08,0.4817124605178833,0.5401461124420166,0.00038332713302224874,0.4854145646095276,0.525037944316864,-0.0009474682155996561,0.4875492751598358,0.5134344696998596,-0.002719069365411997,0.4868623614311218,0.5029513239860535,-0.004343468230217695,0.49422839283943176,0.5220364928245544,-0.0015683873789384961,0.5010572671890259,0.5306320190429688,-0.003670500358566642,0.49821990728378296,0.5371019244194031,-0.0055022952146828175,0.4937545657157898,0.5385279059410095,-0.006617298815399408,0.4968585968017578,0.5290638208389282,-0.003274712013080716,0.5027079582214355,0.538316011428833,-0.0046134465374052525,0.4994083344936371,0.5448213219642639,-0.005573889706283808,0.4954812824726105,0.5460759401321411,-0.00643898593261838,0.4988497197628021,0.5388564467430115,-0.004887558054178953,0.5050796270370483,0.5466485023498535,-0.0062528811395168304,0.5016795992851257,0.5524182319641113,-0.005765850190073252,0.4976334273815155,0.5538531541824341,-0.005327296443283558,0.5002800226211548,0.549709141254425,-0.006426535546779633,0.5099217295646667,0.5472139120101929,-0.007211548276245594,0.5163156986236572,0.5461083650588989,-0.0064800698310136795,0.5215693116188049,0.5448390245437622,-0.005851061083376408
269,8.974542032622333,0,Left,0.856856107711792,0.4752374589443207,0.5700579285621643,-7.166835302996333e-08,0.4787800908088684,0.5460003614425659,0.002479931339621544,0.4841029644012451,0.5283185839653015,0.0034690487664192915,0.4867073595523834,0.5143027305603027,0.0033706531394273043,0.4854731559753418,0.5024563074111938,0.0033141241874545813,0.4927178621292114,0.5245663523674011,0.00574042834341526,0.4986926317214966,0.5354090929031372,0.005325049627572298,0.4957934617996216,0.5426303148269653,0.0038085710257291794,0.49196311831474304,0.5443551540374756,0.0028357224073261023,0.495800256729126,0.5298137068748474,0.003491446375846863,0.5011562705039978,0.5404665470123291,0.0039009342435747385,0.49790748953819275,0.5465149283409119,0.0024233467411249876,0.4945265054702759,0.5479230284690857,0.0010320221772417426,0.49832883477211,0.5389483571052551,0.0012186147505417466,0.5044252276420593,0.5461903214454651,0.0001413717691320926,0.5017480254173279,0.5533477067947388,-0.00047435451415367424,0.4991300106048584,0.5553612112998962,-0.0007129957666620612,0.5000510811805725,0.5505365133285522,-0.000754354172386229,0.5104970932006836,0.5474062561988831,-0.001049648504704237,0.5170636177062988,0.5467875599861145,-4.351143434178084e-05,0.5227668285369873,0.545307993888855,0.0008593356469646096
269,8.974542032622333,1,Left,0.9585915803909302,0.47960346937179565,0.5567362904548645,-6.462734347678634e-08,0.48158642649650574,0.5402297973632812,0.0005583848105743527,0.4852968156337738,0.5251051783561707,-0.000624082691501826,0.4874335825443268,0.5135663747787476,-0.0023018778301775455,0.4866674244403839,0.5031624436378479,-0.0038481184747070074,0.4941158890724182,0.5221080183982849,-0.0012027604971081018,0.5008088946342468,0.5308254361152649,-0.0032850103452801704,0.49787822365760803,0.5375481843948364,-0.0051543693989515305,0.4933120012283325,0.5392287373542786,-0.006268390920013189,0.4967637062072754,0.5290757417678833,-0.0030195415019989014,0.5024696588516235,0.5387886166572571,-0.004339446313679218,0.4990328550338745,0.5455036759376526,-0.005392252001911402,0.49497514963150024,0.5468300580978394,-0.0062814499251544476,0.49872881174087524,0.5389899015426636,-0.004740437492728233,0.5045661926269531,0.5472579002380371,-0.006164439953863621,0.5010507106781006,0.5534548759460449,-0.005769870709627867,0.49698805809020996,0.555055558681488,-0.005311787594109774,0.5001344680786133,0.5500255227088928,-0.00637055654078722,0.5099201202392578,0.5473496913909912,-0.007189899682998657,0.5163909196853638,0.5463115572929382,-0.006436720956116915,0.5216947197914124,0.5450690984725952,-0.005739754997193813
270,9.007904642409034,0,Left,0.9500735998153687,0.4792703092098236,0.557215690612793,-6.393131712911782e-08,0.4813532531261444,0.5405089855194092,0.0006643527303822339,0.48510557413101196,0.5253761410713196,-0.00044924396206624806,0.4872290790081024,0.5137691497802734,-0.0020387344993650913,0.486519455909729,0.503302812576294,-0.003471608739346266,0.49387916922569275,0.522288978099823,-0.0009696813067421317,0.5005759000778198,0.5311097502708435,-0.002793314401060343,0.49760064482688904,0.5377417206764221,-0.0045693726278841496,0.4930521547794342,0.5393045544624329,-0.005714403931051493,0.4966590404510498,0.5292376279830933,-0.002760940697044134,0.5021557807922363,0.539129376411438,-0.003729952033609152,0.49883994460105896,0.5454502105712891,-0.00474866759032011,0.4948838949203491,0.5465036034584045,-0.005748896859586239,0.4986531436443329,0.5392453074455261,-0.004426086787134409,0.5043054223060608,0.5475649237632751,-0.005568075459450483,0.500857412815094,0.5532827377319336,-0.005170331336557865,0.4968774616718292,0.5544867515563965,-0.004854319151490927,0.5000190734863281,0.5504254102706909,-0.005990751087665558,0.5097241401672363,0.548331618309021,-0.006705778185278177,0.5161062479019165,0.5473605394363403,-0.005957996007055044,0.5213671922683716,0.5460021495819092,-0.005327281542122364
271,9.041267252195734,0,Left,0.9627060294151306,0.46909940242767334,0.5996637344360352,-7.172472837879695e-09,0.47925278544425964,0.5915018320083618,0.002030282747000456,0.4880250096321106,0.5835256576538086,0.00017371146532241255,0.4971061944961548,0.5806304216384888,-0.003294537542387843,0.503823459148407,0.5761155486106873,-0.0070641799829900265,0.48302188515663147,0.543158233165741,0.0021064598113298416,0.4939345717430115,0.5407209992408752,-0.0011777774197980762,0.5020233988761902,0.5473647713661194,-0.0047178203240036964,0.5064334273338318,0.5532535910606384,-0.007197645492851734,0.48264965415000916,0.542271077632904,-0.0019073749426752329,0.4949021637439728,0.5358219742774963,-0.00477550970390439,0.5024007558822632,0.5425004959106445,-0.007944437675178051,0.5062364935874939,0.5508589148521423,-0.010246538557112217,0.48360204696655273,0.5458607077598572,-0.006093201227486134,0.4961841106414795,0.5381377935409546,-0.009769037365913391,0.5044721364974976,0.5431824326515198,-0.012178506702184677,0.5089784860610962,0.5487823486328125,-0.013451756909489632,0.48589280247688293,0.5534000992774963,-0.010087518952786922,0.49792036414146423,0.5463843941688538,-0.012674513272941113,0.5066096186637878,0.5461616516113281,-0.013415323570370674,0.5127861499786377,0.5471649765968323,-0.013690750114619732
271,9.041267252195734,1,Left,0.9374055862426758,0.47859302163124084,0.5606456398963928,-6.735086088838216e-08,0.48095592856407166,0.543563723564148,0.0005297196912579238,0.4850400388240814,0.5277016758918762,-0.00046267229481600225,0.4872699975967407,0.5159221291542053,-0.0019437444861978292,0.486773282289505,0.5053630471229553,-0.0032134712673723698,0.49412333965301514,0.5246383547782898,-0.0004990528686903417,0.5009503364562988,0.5345579981803894,-0.002453568857163191,0.4978313446044922,0.5415868163108826,-0.004362506326287985,0.4931873381137848,0.5431458950042725,-0.005562690552324057,0.4968492090702057,0.5313661694526672,-0.002237058710306883,0.5026135444641113,0.5423054695129395,-0.003418891690671444,0.4991035759449005,0.5492225885391235,-0.004499807953834534,0.49505388736724854,0.5505843758583069,-0.005408245138823986,0.49875763058662415,0.5410782694816589,-0.003930859733372927,0.5044804215431213,0.5505918264389038,-0.0052404217422008514,0.5008178949356079,0.5566034317016602,-0.004866036120802164,0.496677041053772,0.5580534338951111,-0.0044110724702477455,0.5000000596046448,0.5519261360168457,-0.005562212783843279,0.5097184181213379,0.5502395629882812,-0.006311181001365185,0.5161409974098206,0.5493490099906921,-0.005551418289542198,0.5213778614997864,0.5482051372528076,-0.004823020193725824
272,9.074629861982434,0,Left,0.8090415596961975,0.4705086946487427,0.5837429165840149,-5.614471731973936e-08,0.4750633239746094,0.5570975542068481,0.001894750981591642,0.48265519738197327,0.5372924208641052,0.0028325850144028664,0.48703712224960327,0.5223163962364197,0.002771241357550025,0.4865812361240387,0.5094518065452576,0.0028814540710300207,0.4930718243122101,0.5315521359443665,0.005593626294285059,0.5047124028205872,0.5417888760566711,0.004773926921188831,0.5057634711265564,0.5513490438461304,0.002992375520989299,0.5048618912696838,0.5555739998817444,0.0016466573579236865,0.4951169192790985,0.5361211895942688,0.003447146387770772,0.5052949786186218,0.5478924512863159,0.0034441372845321894,0.5043939352035522,0.5561456084251404,0.0017825945978984237,0.5023850798606873,0.5589859485626221,0.00017086038133129478,0.49664247035980225,0.544651448726654,0.0011686355574056506,0.5071942806243896,0.5527845621109009,-0.00020796475291717798,0.5065444707870483,0.5611338019371033,-0.0003107046359218657,0.5044491291046143,0.5644368529319763,-0.00021331220341380686,0.4975169897079468,0.5561859607696533,-0.0009790032636374235,0.5086949467658997,0.552992045879364,-0.0020708085503429174,0.5157637596130371,0.5520870685577393,-0.0012561931507661939,0.5216877460479736,0.5503162741661072,-0.0002645791391842067
272,9.074629861982434,1,Left,0.9642549753189087,0.4777417778968811,0.563244640827179,-5.303573757942104e-08,0.48017653822898865,0.5475404262542725,7.98206019680947e-05,0.4849349856376648,0.5314174294471741,-0.0009709659498184919,0.4874820411205292,0.5195117592811584,-0.0024436700623482466,0.48727694153785706,0.5093253254890442,-0.0035711496602743864,0.49422943592071533,0.529296338558197,-0.0006062547327019274,0.5029720664024353,0.5370776653289795,-0.002816219115629792,0.5004308223724365,0.5436112880706787,-0.004418178461492062,0.49602776765823364,0.5453373789787292,-0.005165089853107929,0.496117502450943,0.5367631912231445,-0.0020815252792090178,0.5039547681808472,0.5447977185249329,-0.0034812300000339746,0.5010153651237488,0.551295280456543,-0.004132059868425131,0.497061550617218,0.5523695349693298,-0.004581596236675978,0.49756792187690735,0.5462486147880554,-0.003660783404484391,0.5047159790992737,0.5530258417129517,-0.004948216490447521,0.5017842054367065,0.5588271021842957,-0.004224714823067188,0.4979310929775238,0.5601657629013062,-0.003491081530228257,0.4986879825592041,0.5563820600509644,-0.005256460048258305,0.5084035992622375,0.5537372827529907,-0.005757152568548918,0.5149115324020386,0.5530792474746704,-0.004951264709234238,0.520079493522644,0.5520260334014893,-0.004226889926940203
273,9.107992471769133,0,Left,0.982901394367218,0.47666165232658386,0.5674282908439636,-5.316046269854269e-08,0.47990381717681885,0.5520421862602234,0.00020877833594568074,0.48590120673179626,0.536992073059082,-0.0008719604229554534,0.489560604095459,0.5258201956748962,-0.0024192759301513433,0.4904404282569885,0.5159784555435181,-0.003613242181017995,0.49398502707481384,0.535635769367218,-0.0009617680334486067,0.503324568271637,0.5424953699111938,-0.003445039503276348,0.5009459257125854,0.5482429265975952,-0.004939358215779066,0.49698129296302795,0.5497764348983765,-0.005516065284609795,0.4951310157775879,0.5436055064201355,-0.0025131588336080313,0.503591775894165,0.5504269599914551,-0.004276437219232321,0.5007196664810181,0.5565892457962036,-0.004807007499039173,0.497213751077652,0.557621419429779,-0.004998756106942892,0.4960494637489319,0.5533499717712402,-0.004129296634346247,0.5038395524024963,0.5590027570724487,-0.005614010151475668,0.5011447072029114,0.5648798942565918,-0.004636872559785843,0.49761438369750977,0.5665150284767151,-0.003610702231526375,0.49677610397338867,0.5638325214385986,-0.005742716137319803,0.5065534114837646,0.561467170715332,-0.006213903892785311,0.5128008127212524,0.5614257454872131,-0.005226068198680878,0.5177706480026245,0.5610370635986328,-0.004295366816222668
274,9.141355081555835,0,Left,0.9599119424819946,0.4693566858768463,0.600048840045929,-1.9084014368786484e-08,0.4760637581348419,0.5715477466583252,0.0058674984611570835,0.48472192883491516,0.5535538196563721,0.007422113325446844,0.49086254835128784,0.5416404604911804,0.006954504176974297,0.49448901414871216,0.5308632850646973,0.006418900564312935,0.48827698826789856,0.5457459092140198,0.009452467784285545,0.5005313158035278,0.5475873351097107,0.008955404162406921,0.5073361992835999,0.5557323098182678,0.007235839031636715,0.5106398463249207,0.5629098415374756,0.006064986810088158,0.4896637797355652,0.5509967803955078,0.0052847908809781075,0.5031625032424927,0.554297149181366,0.0059972116723656654,0.5086597204208374,0.560788631439209,0.00415749242529273,0.5107289552688599,0.5665498375892639,0.002370065776631236,0.491380512714386,0.5591043829917908,0.001173460972495377,0.5044461488723755,0.5618214011192322,0.0016934375744313002,0.5098633170127869,0.5676370859146118,0.0013715350069105625,0.5121714472770691,0.5720600485801697,0.0008028763113543391,0.4935535490512848,0.5705660581588745,-0.0026382405776530504,0.5038102865219116,0.5701930522918701,-0.0013261628337204456,0.5093303322792053,0.5716216564178467,-3.1964264053385705e-05,0.512898325920105,0.5737637877464294,0.0007787306676618755
274,9.141355081555835,1,Left,0.9920532703399658,0.4741448163986206,0.5721362233161926,1.6751059206399077e-08,0.47893694043159485,0.5579681992530823,0.0012975329300388694,0.4868379533290863,0.546125590801239,0.0009792337659746408,0.49191510677337646,0.5366665720939636,-2.4002118152566254e-05,0.493604451417923,0.5280277729034424,-0.0009917774004861712,0.4926038980484009,0.5440805554389954,-1.915040957101155e-05,0.5029894113540649,0.5493261218070984,-0.0017883871914818883,0.5071076154708862,0.5566943883895874,-0.002845871727913618,0.5090606808662415,0.5621934533119202,-0.003388012060895562,0.4935600459575653,0.551459789276123,-0.002034404780715704,0.5045134425163269,0.5557428002357483,-0.003324939403682947,0.5068994164466858,0.562715470790863,-0.0037305313162505627,0.5074214339256287,0.5669460296630859,-0.003959099296480417,0.49405428767204285,0.5606358647346497,-0.00398534070700407,0.5050451159477234,0.5632697343826294,-0.004870133474469185,0.5073071122169495,0.5691573619842529,-0.004118379671126604,0.5077794790267944,0.5728747844696045,-0.0035544021520763636,0.49401891231536865,0.5705627202987671,-0.005928116850554943,0.5038900971412659,0.5708285570144653,-0.006019050721079111,0.5099042654037476,0.57168048620224,-0.005216458346694708,0.5147534608840942,0.5721878409385681,-0.004633658565580845
275,9.174717691342535,0,Left,0.9963045716285706,0.47261956334114075,0.5838702321052551,1.1897216545264655e-08,0.4772540032863617,0.5668568015098572,0.0016043215291574597,0.4856623709201813,0.55626380443573,0.0016289931954815984,0.49298790097236633,0.5496038794517517,0.0009898630669340491,0.4966074228286743,0.5417618155479431,0.000521330744959414,0.4891720712184906,0.5518351793289185,0.0013458884786814451,0.49870893359184265,0.5535193681716919,-0.0003196942852810025,0.5028592944145203,0.5586655735969543,-0.0015209425473585725,0.50471431016922,0.5632269978523254,-0.0021096228156238794,0.4903969466686249,0.5595315098762512,-0.0007053199224174023,0.5006300806999207,0.5609084367752075,-0.0017250346718356013,0.5041226148605347,0.5657795667648315,-0.0024183604400604963,0.5052894353866577,0.569950520992279,-0.0028537751641124487,0.4912131130695343,0.5685672163963318,-0.0027818894013762474,0.501117467880249,0.5696985125541687,-0.003448295872658491,0.5047659873962402,0.5732134580612183,-0.003241820028051734,0.5065699219703674,0.5761516690254211,-0.0031015172135084867,0.49156203866004944,0.5785466432571411,-0.004838709719479084,0.5001433491706848,0.5787256360054016,-0.004767020232975483,0.5051174163818359,0.5795496702194214,-0.0040876478888094425,0.5090792775154114,0.5807185769081116,-0.0035949174780398607
276,9.208080301129234,0,Left,0.9946067333221436,0.4717203676700592,0.5923680067062378,6.435541166638359e-08,0.4776848256587982,0.578484296798706,8.4161882114131e-05,0.48626700043678284,0.5675380825996399,-0.0010518040508031845,0.49378928542137146,0.560551106929779,-0.0023752811830490828,0.4983588457107544,0.5520800352096558,-0.003672636579722166,0.48659709095954895,0.5615777373313904,-0.003787236986681819,0.4992673993110657,0.562936007976532,-0.006965475622564554,0.5052754282951355,0.5690154433250427,-0.008776029571890831,0.5091697573661804,0.5751078724861145,-0.009659314528107643,0.4863075613975525,0.5691733360290527,-0.0055004507303237915,0.4999549090862274,0.571022093296051,-0.007499380502849817,0.5067895650863647,0.5762268304824829,-0.008259005844593048,0.511297345161438,0.5815232396125793,-0.008864900097250938,0.48550501465797424,0.5787020921707153,-0.007144657429307699,0.49834585189819336,0.5794928669929504,-0.008578488603234291,0.5048810839653015,0.5833078622817993,-0.008638991042971611,0.5095176696777344,0.5867536067962646,-0.00886658113449812,0.4845812916755676,0.5893558263778687,-0.00879487581551075,0.4932730495929718,0.5894374847412109,-0.009560715407133102,0.4979245960712433,0.5903221964836121,-0.009126262739300728,0.5014880299568176,0.5913183093070984,-0.008847477845847607
277,9.241442910915934,0,Left,0.8850092887878418,0.4695926010608673,0.647754967212677,2.486561001546761e-08,0.47362929582595825,0.6248007416725159,0.0014513229252770543,0.47797268629074097,0.6048702597618103,-0.0007182886474765837,0.48247426748275757,0.5906168222427368,-0.0042937519028782845,0.488447904586792,0.5784352421760559,-0.00824863649904728,0.47251230478286743,0.5874205231666565,-0.0023582924623042345,0.4839823246002197,0.5712721347808838,-0.008667814545333385,0.4939999580383301,0.5681295990943909,-0.012956002727150917,0.5021740198135376,0.5680686831474304,-0.015422600321471691,0.46982496976852417,0.5933682918548584,-0.006639927625656128,0.4875877797603607,0.5787290334701538,-0.013912808150053024,0.5001301169395447,0.5803870558738708,-0.017291178926825523,0.508995532989502,0.5844542980194092,-0.018740642815828323,0.4688010513782501,0.6022652983665466,-0.011104726232588291,0.4854673147201538,0.5898764133453369,-0.01803562231361866,0.497489869594574,0.5918478965759277,-0.01901695877313614,0.5059925317764282,0.5952094197273254,-0.01851225085556507,0.468815416097641,0.6126350164413452,-0.015466930344700813,0.47854819893836975,0.6073884963989258,-0.0203956738114357,0.48501938581466675,0.6046419143676758,-0.021177643910050392,0.4902217388153076,0.6024721264839172,-0.020961647853255272
277,9.241442910915934,1,Left,0.9923050999641418,0.4700136184692383,0.60298752784729,6.710484967697994e-08,0.4778670370578766,0.5909258723258972,0.00019854899437632412,0.48706477880477905,0.5797752141952515,-0.0009369925828650594,0.49441027641296387,0.5721141695976257,-0.0022824350744485855,0.4995361268520355,0.5636216402053833,-0.0038477848283946514,0.48607757687568665,0.5727986693382263,-0.004970084875822067,0.49844813346862793,0.5733596682548523,-0.008892887271940708,0.5057029128074646,0.5774158239364624,-0.011205301620066166,0.5110363960266113,0.5827249884605408,-0.01258414052426815,0.484517365694046,0.5794239044189453,-0.007343207951635122,0.4973081350326538,0.581059992313385,-0.010042832233011723,0.5052879452705383,0.5852144956588745,-0.011388503946363926,0.5112946033477783,0.5898869037628174,-0.01255839318037033,0.482103556394577,0.5891868472099304,-0.009604315273463726,0.4934356212615967,0.5892455577850342,-0.012281150557100773,0.5009084343910217,0.5929185748100281,-0.013378229923546314,0.5070091485977173,0.5959097743034363,-0.014395621605217457,0.47952863574028015,0.6006096601486206,-0.011750908568501472,0.48450833559036255,0.6012751460075378,-0.014287316240370274,0.48778659105300903,0.6019639372825623,-0.014918382279574871,0.49062803387641907,0.6024908423423767,-0.015367881394922733
278,9.274805520702635,0,Left,0.9923811554908752,0.470058411359787,0.6168275475502014,4.72971208864692e-08,0.48226726055145264,0.6106168627738953,0.001559617929160595,0.49028950929641724,0.6012313365936279,0.0012161759659647942,0.4958876967430115,0.5937885642051697,6.446428596973419e-05,0.5000505447387695,0.587620198726654,-0.0011421837843954563,0.4859457015991211,0.5837907791137695,-0.000513165257871151,0.49506115913391113,0.5818777680397034,-0.003999222069978714,0.5017457008361816,0.5842815041542053,-0.006691413931548595,0.5068843364715576,0.5876831412315369,-0.00839586928486824,0.4836885929107666,0.5857728719711304,-0.0032653757371008396,0.49389323592185974,0.5848496556282043,-0.006215448025614023,0.5007722973823547,0.5888477563858032,-0.00793809536844492,0.5060843229293823,0.593513548374176,-0.009111037477850914,0.4814831614494324,0.5919479131698608,-0.006096354220062494,0.49129122495651245,0.5909962058067322,-0.008926118724048138,0.4978342056274414,0.5935133695602417,-0.00985801126807928,0.502925455570221,0.596920371055603,-0.010379393585026264,0.47950318455696106,0.6012165546417236,-0.008862814866006374,0.4862462282180786,0.6007091403007507,-0.010940584354102612,0.49102458357810974,0.6019677519798279,-0.01127729844301939,0.4949955642223358,0.604256808757782,-0.011385617777705193
279,9.308168130489335,0,Left,0.8942448496818542,0.4718564450740814,0.644940197467804,3.252973712619678e-08,0.4824380576610565,0.6267452239990234,-0.0018144799396395683,0.4899883568286896,0.614310085773468,-0.004851536359637976,0.4960954487323761,0.6082931756973267,-0.00854896567761898,0.5013890266418457,0.6041762828826904,-0.01284912321716547,0.4850189685821533,0.611173152923584,-0.007630278822034597,0.4894104301929474,0.6009085774421692,-0.013647566549479961,0.4946495294570923,0.5983595848083496,-0.018241364508867264,0.5002571940422058,0.597474992275238,-0.021295664831995964,0.47938621044158936,0.6154990196228027,-0.010017136111855507,0.48305001854896545,0.6062785983085632,-0.01477896235883236,0.487716943025589,0.6007314324378967,-0.018095266073942184,0.49250757694244385,0.5978160500526428,-0.021096577867865562,0.4730689823627472,0.6220394372940063,-0.012534406036138535,0.4750182032585144,0.61488938331604,-0.017105206847190857,0.4779965877532959,0.6091958284378052,-0.019500693306326866,0.4814983606338501,0.6040090918540955,-0.02163819596171379,0.46623581647872925,0.6303160786628723,-0.01523212343454361,0.46423235535621643,0.6283040046691895,-0.018968118354678154,0.46501675248146057,0.6245903968811035,-0.020395055413246155,0.4671763479709625,0.6206358671188354,-0.02179865539073944
279,9.308168130489335,1,Left,0.888310968875885,0.4734753370285034,0.6335530281066895,3.3028932477918715e-08,0.48347175121307373,0.6273434162139893,-0.0026070792227983475,0.4914858639240265,0.6165160536766052,-0.005183556582778692,0.49723201990127563,0.609225869178772,-0.0076938229613006115,0.5029878616333008,0.6038981080055237,-0.010785570368170738,0.4859716594219208,0.6085785627365112,-0.009573472663760185,0.4906162917613983,0.5965230464935303,-0.014651273377239704,0.4946780800819397,0.5948542952537537,-0.018114440143108368,0.4988110661506653,0.5948963165283203,-0.020663941279053688,0.4810422658920288,0.6118103265762329,-0.011503060348331928,0.48322948813438416,0.6006829142570496,-0.015984904021024704,0.4861254394054413,0.5974343419075012,-0.01882343180477619,0.48909321427345276,0.5954818725585938,-0.0214639063924551,0.47561436891555786,0.6181011199951172,-0.013506117276847363,0.4751380980014801,0.6102139353752136,-0.018003348261117935,0.47702425718307495,0.6061506271362305,-0.020561564713716507,0.4797522723674774,0.6027734875679016,-0.023031726479530334,0.4703507125377655,0.6259494423866272,-0.015615168027579784,0.4666748642921448,0.6242824196815491,-0.019807331264019012,0.4666592478752136,0.6228752732276917,-0.02179458923637867,0.4675331115722656,0.6213148832321167,-0.023723091930150986
280,9.341530740276035,0,Left,0.6271218061447144,0.4740724265575409,0.641280472278595,8.200812473546648e-09,0.4815260171890259,0.638231635093689,-0.003609886858612299,0.48834389448165894,0.6304243206977844,-0.00580624770373106,0.4945451319217682,0.6251892447471619,-0.007740617264062166,0.49984443187713623,0.6199623942375183,-0.010104645043611526,0.4825116693973541,0.6223769783973694,-0.007369659375399351,0.4849761128425598,0.6107115149497986,-0.010916764847934246,0.48737210035324097,0.6055823564529419,-0.01343750860542059,0.49017468094825745,0.6014377474784851,-0.015355010516941547,0.4769493639469147,0.6245434284210205,-0.008165103383362293,0.4754921495914459,0.613944411277771,-0.011636997573077679,0.47467222809791565,0.6074966192245483,-0.014079321175813675,0.47423887252807617,0.6015154123306274,-0.01618763990700245,0.4717938303947449,0.6298150420188904,-0.009091908112168312,0.46857210993766785,0.6219531893730164,-0.012891906313598156,0.4664510190486908,0.615753173828125,-0.01450579147785902,0.46502089500427246,0.609463095664978,-0.015772422775626183,0.46754348278045654,0.6365145444869995,-0.010229295119643211,0.46279045939445496,0.6320876479148865,-0.01354270987212658,0.4598604142665863,0.6290691494941711,-0.014268720522522926,0.4575940668582916,0.6258490681648254,-0.01480040606111288
281,9.374893350062734,0,Left,0.5798572897911072,0.47359928488731384,0.6557567715644836,3.236180035059988e-08,0.480289101600647,0.651220440864563,-0.0037394941318780184,0.4856622517108917,0.6426883339881897,-0.006211971398442984,0.4902712404727936,0.636088490486145,-0.008312216959893703,0.49511414766311646,0.6310032606124878,-0.010846029967069626,0.4788675606250763,0.6318509578704834,-0.008148089051246643,0.47970321774482727,0.619252622127533,-0.011379266157746315,0.4812569320201874,0.6127135753631592,-0.013609196990728378,0.4828881621360779,0.6066802144050598,-0.015345773659646511,0.47270289063453674,0.6326171159744263,-0.008938578888773918,0.46998322010040283,0.6192867159843445,-0.011950903572142124,0.4682371914386749,0.6107908487319946,-0.01434300560504198,0.4666403532028198,0.6038905382156372,-0.01651219092309475,0.4674004316329956,0.6375290155410767,-0.00977478176355362,0.46328112483024597,0.6264643669128418,-0.013579202815890312,0.4605396091938019,0.6186136603355408,-0.01595100201666355,0.45816901326179504,0.6121370792388916,-0.01781551167368889,0.4630710482597351,0.6446734070777893,-0.010739060118794441,0.4576287567615509,0.6398558020591736,-0.014350523240864277,0.4536501467227936,0.6368124485015869,-0.015609602443873882,0.4502521753311157,0.6339156627655029,-0.016574375331401825
282,9.408255959849436,0,Left,0.6722630262374878,0.47190961241722107,0.6682398915290833,4.409336540334152e-08,0.47813430428504944,0.6602258682250977,-0.0030665204394608736,0.48247939348220825,0.6504168510437012,-0.005361265502870083,0.4860557019710541,0.6435895562171936,-0.00752146914601326,0.49022436141967773,0.6389931440353394,-0.010071273893117905,0.4755592346191406,0.6395236253738403,-0.006591068580746651,0.47553694248199463,0.6262543797492981,-0.00961025059223175,0.4763314425945282,0.6183201670646667,-0.01171204261481762,0.4768048822879791,0.610768735408783,-0.013327131979167461,0.4689062237739563,0.6402904987335205,-0.0073879174888134,0.46541139483451843,0.6255293488502502,-0.009779872372746468,0.4631752371788025,0.6163187623023987,-0.011521302163600922,0.4609448313713074,0.6079236268997192,-0.01313647348433733,0.46337175369262695,0.6454787254333496,-0.008301125839352608,0.45854082703590393,0.6331613659858704,-0.0110815754160285,0.45539331436157227,0.6256133913993835,-0.012933916412293911,0.45264410972595215,0.6187089085578918,-0.014435343444347382,0.45924970507621765,0.653300940990448,-0.009382575750350952,0.45296940207481384,0.6474844813346863,-0.012363167479634285,0.44871747493743896,0.6446399688720703,-0.0136172566562891,0.44497907161712646,0.6416568756103516,-0.014504826627671719
283,9.441618569636136,0,Left,0.9370395541191101,0.4706326723098755,0.6753518581390381,4.531572272981066e-08,0.4761958420276642,0.6683290004730225,-0.004107739310711622,0.4800572991371155,0.6587721109390259,-0.0070349411107599735,0.4829272925853729,0.6520195007324219,-0.00973542034626007,0.48704370856285095,0.6475103497505188,-0.012792563065886497,0.4722977578639984,0.6466063261032104,-0.008035910315811634,0.4718990623950958,0.6341265439987183,-0.01182616874575615,0.47195011377334595,0.6260051727294922,-0.01443488895893097,0.4713766574859619,0.6184287667274475,-0.01638789102435112,0.46582895517349243,0.647891104221344,-0.008769425563514233,0.4616192579269409,0.6327381134033203,-0.011881857179105282,0.4586810767650604,0.6241792440414429,-0.013690229505300522,0.4555279612541199,0.6169307827949524,-0.015234367921948433,0.4608582854270935,0.6537462472915649,-0.009729674085974693,0.45485466718673706,0.6413540244102478,-0.012945017777383327,0.4509408473968506,0.6343621611595154,-0.014569105580449104,0.447431355714798,0.6279311180114746,-0.015858367085456848,0.45735007524490356,0.6626792550086975,-0.011002465151250362,0.45014089345932007,0.6572498083114624,-0.014185771346092224,0.4454672634601593,0.6548509001731873,-0.015308469533920288,0.44131821393966675,0.6520789861679077,-0.01609855145215988
284,9.474981179422835,0,Left,0.9434949159622192,0.4685627520084381,0.6812551021575928,3.759372546596751e-08,0.4742000102996826,0.6758466362953186,-0.004799168091267347,0.47783946990966797,0.667195737361908,-0.008120168000459671,0.4804410934448242,0.6607052683830261,-0.011085395701229572,0.48424413800239563,0.6557938456535339,-0.014371850527822971,0.46967580914497375,0.6546118855476379,-0.008755125105381012,0.46915414929389954,0.6433184742927551,-0.01272943988442421,0.46866557002067566,0.6354997158050537,-0.015524176880717278,0.46742185950279236,0.628241777420044,-0.01763233169913292,0.4630449116230011,0.6558221578598022,-0.009117660112679005,0.4585972726345062,0.6427648067474365,-0.012332174926996231,0.4550975263118744,0.6355840563774109,-0.014173970557749271,0.45138514041900635,0.6297826766967773,-0.015801861882209778,0.4581308960914612,0.6614140868186951,-0.009744315408170223,0.4523542523384094,0.6502643823623657,-0.012982279062271118,0.44829508662223816,0.6445457339286804,-0.01460331678390503,0.44454026222229004,0.6395521759986877,-0.015925051644444466,0.45486828684806824,0.6700619459152222,-0.010741922073066235,0.44776254892349243,0.6654741764068604,-0.013911529444158077,0.44310131669044495,0.663775622844696,-0.015073735266923904,0.4389565885066986,0.6617762446403503,-0.01591528207063675
285,9.508343789209535,0,Left,0.9293546080589294,0.46588820219039917,0.6863532066345215,1.9590775224287427e-08,0.4718480408191681,0.6824473738670349,-0.004801921546459198,0.47584453225135803,0.6741432547569275,-0.008034111000597477,0.47846925258636475,0.6679583191871643,-0.010867432691156864,0.4825185537338257,0.6636859178543091,-0.014066334813833237,0.468019038438797,0.6633625626564026,-0.008683075197041035,0.46816733479499817,0.6540902256965637,-0.012156406417489052,0.46780115365982056,0.6485432982444763,-0.014575806446373463,0.466503769159317,0.6435053944587708,-0.016499239951372147,0.4612829089164734,0.6647835373878479,-0.008848394267261028,0.4576953947544098,0.6550087928771973,-0.011573766358196735,0.45456644892692566,0.6502283811569214,-0.01309655886143446,0.4511348605155945,0.6466503739356995,-0.01466263085603714,0.4562954008579254,0.6702381372451782,-0.009283171966671944,0.45144200325012207,0.6608968377113342,-0.012404728680849075,0.44743987917900085,0.6574573516845703,-0.014164391905069351,0.44364863634109497,0.6547753214836121,-0.015732573345303535,0.4531562626361847,0.6783673167228699,-0.010042482987046242,0.44620656967163086,0.6777270436286926,-0.013317890465259552,0.4413303732872009,0.6796268820762634,-0.014738552272319794,0.4370870292186737,0.6810179948806763,-0.015875132754445076
286,9.541706398996237,0,Left,0.5382055640220642,0.46447110176086426,0.6903432011604309,2.1971908736873047e-08,0.4700870215892792,0.6869686245918274,-0.004987549036741257,0.4744143784046173,0.6793932318687439,-0.008765690959990025,0.47758418321609497,0.6741815209388733,-0.011988086625933647,0.4813358783721924,0.6701215505599976,-0.015637557953596115,0.46831825375556946,0.6739369630813599,-0.010963074862957,0.4685463011264801,0.6655279397964478,-0.01501457765698433,0.4684349596500397,0.660066545009613,-0.01755019649863243,0.46785399317741394,0.6552333235740662,-0.019416751340031624,0.46152055263519287,0.6765605807304382,-0.010610750876367092,0.45829856395721436,0.6678810715675354,-0.01384552102535963,0.4553186595439911,0.6640104055404663,-0.01564459688961506,0.4521932005882263,0.6619173288345337,-0.01747078076004982,0.4561033546924591,0.6804750561714172,-0.010339112021028996,0.45140478014945984,0.6743858456611633,-0.013623609207570553,0.44737985730171204,0.6718512773513794,-0.01565801538527012,0.443651020526886,0.6704021096229553,-0.017520274966955185,0.45230501890182495,0.6856534481048584,-0.010325661860406399,0.44651395082473755,0.685656726360321,-0.013410734012722969,0.4422096014022827,0.688239336013794,-0.014970801770687103,0.4384416937828064,0.6903048157691956,-0.016411740332841873
287,9.575069008782936,0,Left,0.6999276280403137,0.4634343981742859,0.6931087970733643,-1.3418143929300186e-08,0.46924710273742676,0.6889388561248779,-0.004801841452717781,0.4732152819633484,0.6823244094848633,-0.008825299330055714,0.47676050662994385,0.677000105381012,-0.012569091282784939,0.4800945222377777,0.6719653606414795,-0.016621451824903488,0.46743500232696533,0.6780486106872559,-0.01001422107219696,0.4651106297969818,0.6719954013824463,-0.015315689146518707,0.4616328477859497,0.6718993186950684,-0.018894193693995476,0.4574633240699768,0.6727074980735779,-0.021017977967858315,0.4609072506427765,0.6823942065238953,-0.009884580038487911,0.45529812574386597,0.6779760718345642,-0.014342010021209717,0.450411319732666,0.6790894865989685,-0.017003443092107773,0.44573816657066345,0.6812334656715393,-0.019076375290751457,0.45562493801116943,0.6867964863777161,-0.009891526773571968,0.44979098439216614,0.6845724582672119,-0.013888800516724586,0.4455115497112274,0.6859099268913269,-0.015459641814231873,0.44144970178604126,0.6880528330802917,-0.01659236289560795,0.45175254344940186,0.6914761662483215,-0.010169525630772114,0.447152704000473,0.6912621259689331,-0.013032312504947186,0.4437323808670044,0.6941450238227844,-0.013556752353906631,0.44059455394744873,0.6972215175628662,-0.013984842225909233
288,9.608431618569636,0,Left,0.7665886282920837,0.46388381719589233,0.6749513745307922,-6.371331551235926e-08,0.45862507820129395,0.6744980812072754,-0.004033433739095926,0.45234227180480957,0.677520215511322,-0.00826268084347248,0.44552305340766907,0.6831114888191223,-0.012046262621879578,0.4399043619632721,0.6874996423721313,-0.016121840104460716,0.4596118628978729,0.6827461123466492,-0.012006573379039764,0.45745840668678284,0.6890113353729248,-0.017852509394288063,0.4552203118801117,0.69524747133255,-0.02207045815885067,0.4538775086402893,0.6998485922813416,-0.024557214230298996,0.4642527401447296,0.685900092124939,-0.012433127500116825,0.4601762890815735,0.6914023160934448,-0.01652219332754612,0.45649218559265137,0.6962763071060181,-0.018721340224146843,0.454446017742157,0.6994674205780029,-0.02095925807952881,0.46828752756118774,0.6873718500137329,-0.012697779573500156,0.4664786458015442,0.6930021047592163,-0.017740441486239433,0.4654965400695801,0.6973780989646912,-0.018856622278690338,0.46535030007362366,0.6996757984161377,-0.01962200179696083,0.47189196944236755,0.6880229115486145,-0.013071231544017792,0.47385743260383606,0.6913725137710571,-0.01682543009519577,0.4756118059158325,0.6947680711746216,-0.01683933474123478,0.47697770595550537,0.6966253519058228,-0.01700545847415924
289,9.641794228356336,0,Left,0.9371707439422607,0.4593447148799896,0.6679931879043579,4.1357452573720366e-08,0.4674202501773834,0.6798118352890015,-0.0012953558471053839,0.47217029333114624,0.6934658288955688,-0.002220331924036145,0.4745171368122101,0.7055732607841492,-0.002880336716771126,0.4776498079299927,0.7130430340766907,-0.003613637760281563,0.4644347131252289,0.6949970722198486,-0.0030611648689955473,0.4656926691532135,0.7060834169387817,-0.004949607886373997,0.4667268395423889,0.7139847278594971,-0.006438413169234991,0.4675319790840149,0.7221075296401978,-0.007551031652837992,0.45794644951820374,0.6978881359100342,-0.00355839217081666,0.4563010334968567,0.7116081118583679,-0.004949290305376053,0.45565322041511536,0.7214375734329224,-0.006136662792414427,0.4550768733024597,0.7308905720710754,-0.007315898779779673,0.4531613886356354,0.6994677186012268,-0.004094746429473162,0.44981005787849426,0.7136746048927307,-0.0060554505325853825,0.4477773904800415,0.7242000102996826,-0.007459816988557577,0.4463023245334625,0.7334840893745422,-0.008494473062455654,0.44990667700767517,0.6991459727287292,-0.004574456252157688,0.44654208421707153,0.7114156484603882,-0.006332042161375284,0.44416338205337524,0.7195590138435364,-0.0070073907263576984,0.4422396421432495,0.726646363735199,-0.0075398157350718975
290,9.675156838143037,0,Left,0.9674380421638489,0.45857304334640503,0.6758902668952942,5.3922459386512855e-08,0.46670547127723694,0.6901631355285645,-0.0009648395352996886,0.47124963998794556,0.7052955627441406,-0.0018521652091294527,0.4740203619003296,0.7187584638595581,-0.0025968144182115793,0.4777477979660034,0.7267647385597229,-0.0033884288277477026,0.46528932452201843,0.7079641222953796,-0.002834242070093751,0.4673796594142914,0.7244977951049805,-0.00470155430957675,0.468733549118042,0.735555112361908,-0.005976852495223284,0.4698539078235626,0.7451925277709961,-0.006853587459772825,0.4591713845729828,0.7099385857582092,-0.003539188066497445,0.4585122764110565,0.7260825037956238,-0.005111983977258205,0.45827481150627136,0.7380810976028442,-0.006489129271358252,0.4581037759780884,0.7481626868247986,-0.007591990288347006,0.45423629879951477,0.7103192210197449,-0.004227984230965376,0.4521234333515167,0.7249648571014404,-0.006040368694812059,0.4513671398162842,0.7361473441123962,-0.007621692959219217,0.4509792625904083,0.7453669905662537,-0.008672421798110008,0.45043662190437317,0.7091505527496338,-0.004855417180806398,0.446786105632782,0.7217538952827454,-0.006457112263888121,0.4443522095680237,0.7306686639785767,-0.007280359044671059,0.4423362910747528,0.7379478812217712,-0.007753446698188782
291,9.708519447929737,0,Left,0.9635505080223083,0.45715513825416565,0.6853404641151428,5.713312845045948e-08,0.46620622277259827,0.6993456482887268,-0.0017760159680619836,0.47101953625679016,0.7163236737251282,-0.0028978162445127964,0.4735564887523651,0.7324713468551636,-0.0036858406383544207,0.47732093930244446,0.7429100871086121,-0.004457862116396427,0.4656360149383545,0.7181538343429565,-0.0038797338493168354,0.46726399660110474,0.7347468137741089,-0.006243573967367411,0.4683436155319214,0.7463960647583008,-0.007934982888400555,0.4694841504096985,0.7568123936653137,-0.009144848212599754,0.45932579040527344,0.7205047607421875,-0.004228091333061457,0.45944535732269287,0.7367789149284363,-0.006336912978440523,0.4597172737121582,0.7494304776191711,-0.008070597425103188,0.4599839746952057,0.7603246569633484,-0.00946151651442051,0.4539618194103241,0.7213663458824158,-0.004586386028677225,0.4531269967556,0.7372897267341614,-0.006922341883182526,0.4530031979084015,0.7494432330131531,-0.008588835597038269,0.4530809223651886,0.7593618631362915,-0.009665049612522125,0.4495689868927002,0.7203966975212097,-0.004930934403091669,0.44740498065948486,0.7348750233650208,-0.0070427171885967255,0.4457590878009796,0.7450529336929321,-0.008128730580210686,0.4442802965641022,0.7533244490623474,-0.008766068145632744
292,9.741882057716436,0,Left,0.971187174320221,0.45598942041397095,0.6979190707206726,5.769978272951448e-08,0.4654637575149536,0.7120891809463501,-0.0005140232387930155,0.4707202911376953,0.7287763357162476,-0.000867871567606926,0.4733711779117584,0.7437416911125183,-0.0011978755937889218,0.476433664560318,0.753966212272644,-0.0014797757612541318,0.46506255865097046,0.7321112155914307,-0.0011644945479929447,0.4666393995285034,0.7479764819145203,-0.00259492383338511,0.46695876121520996,0.7585760354995728,-0.003972768317908049,0.4672241806983948,0.7679656744003296,-0.004970639944076538,0.45946189761161804,0.734197199344635,-0.0018225202802568674,0.4596765339374542,0.7495501041412354,-0.002951365429908037,0.4597390294075012,0.7612365484237671,-0.004444485995918512,0.4595595896244049,0.7713938355445862,-0.005695932544767857,0.45463061332702637,0.735015332698822,-0.002501593204215169,0.4538799822330475,0.7502180933952332,-0.0039235311560332775,0.45335307717323303,0.7621439099311829,-0.005408152472227812,0.45286989212036133,0.7720072269439697,-0.0064370157197117805,0.4504871070384979,0.7340255975723267,-0.003120941109955311,0.4487309753894806,0.7482011318206787,-0.004398510791361332,0.4473210275173187,0.7583505511283875,-0.005175292491912842,0.44593727588653564,0.7668363451957703,-0.005652490071952343
293,9.775244667503136,0,Left,0.9082667231559753,0.45576024055480957,0.7096236348152161,5.9017256859306144e-08,0.46504414081573486,0.7235018014907837,-0.0006374137592501938,0.4703139662742615,0.7404852509498596,-0.0007030911510810256,0.4730589687824249,0.7553771138191223,-0.0007534436299465597,0.47608330845832825,0.7661848068237305,-0.000724970712326467,0.4647057354450226,0.7445359230041504,-0.00025829352671280503,0.46668541431427,0.761241614818573,-0.0014835410984233022,0.46728581190109253,0.7721874713897705,-0.002810364356264472,0.46797114610671997,0.781630277633667,-0.0037122529465705156,0.4590773284435272,0.7469950914382935,-0.000669956614729017,0.4594009816646576,0.7637932896614075,-0.00138188642449677,0.4593428075313568,0.7749662399291992,-0.002738473005592823,0.45906689763069153,0.7841978669166565,-0.003828568384051323,0.454162061214447,0.7482868432998657,-0.0011422861134633422,0.45384716987609863,0.7641977071762085,-0.0020329179242253304,0.4536583125591278,0.7763735055923462,-0.003012264845892787,0.45354509353637695,0.7868547439575195,-0.003702583024278283,0.4498903155326843,0.7476968765258789,-0.0016255999216809869,0.4491751790046692,0.7626440525054932,-0.0023894074838608503,0.4484916925430298,0.7727535367012024,-0.0025844660121947527,0.44781675934791565,0.7814313769340515,-0.0026137663517147303
294,9.808607277289838,0,Left,0.8739029765129089,0.45577120780944824,0.7220287322998047,4.922101481952268e-08,0.4648001194000244,0.7378519773483276,0.0006409339839592576,0.4698832929134369,0.7551954984664917,0.001467954833060503,0.47287216782569885,0.769489049911499,0.0021274981554597616,0.4754844903945923,0.7806157469749451,0.0029207805637270212,0.4644049406051636,0.7589759230613708,0.0024795266799628735,0.4665359854698181,0.7764363288879395,0.002852344186976552,0.46752670407295227,0.7862976789474487,0.00263007334433496,0.46841922402381897,0.7938357591629028,0.0024277151096612215,0.45891523361206055,0.7610468864440918,0.002127980114892125,0.4595022201538086,0.7780325412750244,0.00291708973236382,0.45987945795059204,0.787754476070404,0.002314972458407283,0.4600233733654022,0.795011043548584,0.0017259333981201053,0.45387405157089233,0.761688232421875,0.0017953442875295877,0.4540270268917084,0.7780396342277527,0.0022804418113082647,0.4544750154018402,0.788764476776123,0.0022458049934357405,0.4546950161457062,0.7972639203071594,0.0021196368616074324,0.4491935968399048,0.7604433298110962,0.0015538035659119487,0.4485844075679779,0.7761428356170654,0.0019899033941328526,0.44804874062538147,0.785643458366394,0.002687526401132345,0.44763147830963135,0.7931132316589355,0.003286665305495262
297,9.908695106649937,0,Right,0.9831549525260925,0.5875901579856873,0.8338513970375061,4.9999840712189325e-08,0.5778138637542725,0.8490239381790161,-0.001238605473190546,0.57450270652771,0.8675159811973572,-0.0016926692333072424,0.5755234360694885,0.8826496005058289,-0.0017085213912650943,0.5743648409843445,0.894875705242157,-0.0012071799719706178,0.5841776132583618,0.8749752044677734,-0.0032903174869716167,0.5811314582824707,0.9005644917488098,-0.004679558333009481,0.5773933529853821,0.9116158485412598,-0.004703531973063946,0.5742143988609314,0.9180902242660522,-0.00439448980614543,0.5904737114906311,0.8774393796920776,-0.002773141721263528,0.5870481133460999,0.9041770696640015,-0.004454964306205511,0.5823121666908264,0.9131188988685608,-0.004196689929813147,0.5782518982887268,0.9166278839111328,-0.0035807231906801462,0.5941111445426941,0.8787526488304138,-0.0021049410570412874,0.5912564396858215,0.9024291634559631,-0.0028099664486944675,0.5866016745567322,0.9095059633255005,-0.0020579376723617315,0.5826202630996704,0.91189044713974,-0.0013282964937388897,0.5955483913421631,0.8790924549102783,-0.0015315543860197067,0.5931101441383362,0.8983193039894104,-0.0011228875955566764,0.5894031524658203,0.9058961272239685,3.10431350953877e-05,0.5858769416809082,0.9087926745414734,0.0010765492916107178
298,9.942057716436638,0,Right,0.9886247515678406,0.5860714316368103,0.83441561460495,7.97189798618092e-08,0.5749716758728027,0.849145233631134,-0.0006392613868229091,0.5711078643798828,0.8679798245429993,-0.000682015554048121,0.5716018080711365,0.8835813403129578,-0.00038422620855271816,0.5707509517669678,0.8955734372138977,0.00040979910409078,0.5800909996032715,0.8742677569389343,-0.002060534432530403,0.5774338245391846,0.8991395831108093,-0.0031902696937322617,0.5739903450012207,0.9110466837882996,-0.003154516452923417,0.5711061358451843,0.9189136028289795,-0.0027235732413828373,0.5863803029060364,0.8776385188102722,-0.001696898485533893,0.582713782787323,0.9037282466888428,-0.002812235848978162,0.5782318115234375,0.9148943424224854,-0.00238427403382957,0.5744017958641052,0.9210255742073059,-0.0016614299966022372,0.5904423594474792,0.8796009421348572,-0.0012213120935484767,0.5875909924507141,0.9030043482780457,-0.001320511451922357,0.5832120776176453,0.9121399521827698,-0.0005103375879116356,0.5794492959976196,0.9166857004165649,0.0002304612280568108,0.5926759839057922,0.8804564476013184,-0.0008216425194405019,0.5903502106666565,0.8994304537773132,8.968766633188352e-05,0.5867472290992737,0.9083132743835449,0.001330072875134647,0.5833914279937744,0.9124996066093445,0.0024054204113781452
299,9.975420326223338,0,Right,0.9896490573883057,0.5850215554237366,0.8356059193611145,8.298763987113489e-08,0.5733273029327393,0.8474405407905579,-0.0009443318704143167,0.5681214928627014,0.8659307360649109,-0.0010224083671346307,0.5674148201942444,0.8816633224487305,-0.0007626874721609056,0.5662264227867126,0.8940760493278503,-2.4251678041764535e-05,0.5762539505958557,0.8748453259468079,-0.0017519746907055378,0.573383629322052,0.8991068601608276,-0.0026788983959704638,0.5700423121452332,0.9104734659194946,-0.002580855740234256,0.5671149492263794,0.9179759621620178,-0.002132989466190338,0.5823672413825989,0.878923237323761,-0.001267968094907701,0.5784475803375244,0.9040826559066772,-0.0021168405655771494,0.5738171339035034,0.914943516254425,-0.0017453882610425353,0.5697436928749084,0.9209545850753784,-0.0011283739004284143,0.5866559743881226,0.8810603618621826,-0.0007320547010749578,0.583308219909668,0.9036865234375,-0.0006894079269841313,0.5786988139152527,0.9119679927825928,8.269179670605808e-05,0.5747308731079102,0.9157148003578186,0.0007573149050585926,0.5894483327865601,0.8819371461868286,-0.0003064116172026843,0.586613655090332,0.9002288579940796,0.0005958944093436003,0.5827167630195618,0.9083425402641296,0.0018374811625108123,0.5792270302772522,0.9119868278503418,0.002909294795244932
300,10.008782936010038,0,Right,0.9932990074157715,0.5837119817733765,0.8366408944129944,7.819734548775159e-08,0.5719041228294373,0.8465138673782349,-0.0004864884540438652,0.5665314793586731,0.8636932969093323,-0.0006848353077657521,0.5653735399246216,0.878682017326355,-0.0005250361864455044,0.5631809234619141,0.8900991678237915,8.614468242740259e-05,0.5738266110420227,0.872516393661499,-0.0029500958044081926,0.5697174668312073,0.8964014649391174,-0.003949314821511507,0.56612628698349,0.9076266288757324,-0.0034903704654425383,0.5633261799812317,0.9148181080818176,-0.0026991686318069696,0.579801082611084,0.8776741623878479,-0.002649477683007717,0.5749959945678711,0.9031875133514404,-0.003850070061162114,0.5701534748077393,0.9132310152053833,-0.0030250628478825092,0.5663563013076782,0.9183733463287354,-0.0019023895729333162,0.5842369794845581,0.8811877369880676,-0.0021183090284466743,0.5800445675849915,0.9046421647071838,-0.0022967327386140823,0.5752496123313904,0.9113983511924744,-0.0009862045990303159,0.5715205669403076,0.913981556892395,0.00021833027130924165,0.5871781706809998,0.8830751180648804,-0.0016018369933590293,0.5833282470703125,0.9018955826759338,-0.0007118317880667746,0.5789231657981873,0.9085879325866699,0.0009446373442187905,0.5755597352981567,0.9107120037078857,0.0024292790330946445
301,10.042145545796737,0,Right,0.9951648116111755,0.5860660672187805,0.8332933187484741,7.28248608083959e-08,0.574070155620575,0.840222179889679,-0.0007490988355129957,0.5675623416900635,0.8576220273971558,-0.0010672606294974685,0.5654652714729309,0.8726696372032166,-0.000997808645479381,0.5623094439506531,0.883280873298645,-0.0005783613887615502,0.5733641982078552,0.8672060370445251,-0.0037823517341166735,0.5680938363075256,0.8902626633644104,-0.005029036197811365,0.5646046996116638,0.9020958542823792,-0.004763593431562185,0.5619336366653442,0.9101263284683228,-0.00418448681011796,0.579537570476532,0.8731354475021362,-0.0036389189772307873,0.5737332701683044,0.8975908756256104,-0.004807163495570421,0.5689671039581299,0.9086853861808777,-0.004064470063894987,0.5650908946990967,0.9153679609298706,-0.0031980921048671007,0.584366500377655,0.8773869276046753,-0.003290685126557946,0.5792041420936584,0.8998968601226807,-0.0034540805500000715,0.5742071866989136,0.9082354307174683,-0.0023428048007190228,0.570087194442749,0.9127767086029053,-0.0014881112147122622,0.587985634803772,0.8797043561935425,-0.002999537158757448,0.5841580629348755,0.8974217772483826,-0.0022267235908657312,0.5798805356025696,0.9049173593521118,-0.0008018239750526845,0.5764651298522949,0.9082652926445007,0.0003603856894187629
302,10.075508155583439,0,Right,0.9970923066139221,0.5865054726600647,0.8220665454864502,6.602812874234587e-08,0.5748912692070007,0.8290289044380188,-0.0018043668242171407,0.5684224963188171,0.8452574014663696,-0.0026963113341480494,0.5659043192863464,0.8603329658508301,-0.002854736056178808,0.5628664493560791,0.8706116676330566,-0.00263698841445148,0.5759696960449219,0.8533812165260315,-0.006312067620456219,0.5712478160858154,0.8782307505607605,-0.008301136083900928,0.5680207014083862,0.891344428062439,-0.008418162353336811,0.5655738115310669,0.901024580001831,-0.008036081679165363,0.5821912884712219,0.8589847087860107,-0.005645428318530321,0.5768247246742249,0.8856878280639648,-0.0076012397184967995,0.5722686648368835,0.8991756439208984,-0.007396419532597065,0.5684061646461487,0.9082026481628418,-0.006903843954205513,0.5868204832077026,0.8629570603370667,-0.0047270129434764385,0.5827746391296387,0.8866603374481201,-0.0056728823110461235,0.5787494778633118,0.8962147235870361,-0.005308105610311031,0.5752772092819214,0.9017568826675415,-0.004837104585021734,0.5899244546890259,0.8654004335403442,-0.003872442292049527,0.5876643061637878,0.8842841386795044,-0.0040448252111673355,0.5849330425262451,0.8947557806968689,-0.003675465937703848,0.5823051929473877,0.9015191793441772,-0.0032186030875891447
303,10.108870765370138,0,Right,0.9965428113937378,0.588375985622406,0.8115079402923584,5.964095350918797e-08,0.5777342319488525,0.814976692199707,-0.002930642105638981,0.570853590965271,0.8259257674217224,-0.00543844373896718,0.5681660771369934,0.83882737159729,-0.006960095837712288,0.5651582479476929,0.8485424518585205,-0.008154851384460926,0.5797088742256165,0.8298838138580322,-0.011048341169953346,0.5757479071617126,0.8536648154258728,-0.014611925929784775,0.5721902251243591,0.865336537361145,-0.015140367671847343,0.5694359540939331,0.8738276958465576,-0.014862819574773312,0.5862886905670166,0.836513340473175,-0.010436251759529114,0.5810747742652893,0.8638551831245422,-0.01388753205537796,0.5760471820831299,0.8770223259925842,-0.013794902712106705,0.571921706199646,0.8846904039382935,-0.013359097763895988,0.5906370878219604,0.8422003984451294,-0.009482326917350292,0.5865360498428345,0.8666564226150513,-0.011694137006998062,0.5815249681472778,0.8778069615364075,-0.01175036933273077,0.577038049697876,0.8845051527023315,-0.011565224267542362,0.5932004451751709,0.8462649583816528,-0.008567241951823235,0.5914506912231445,0.8651951551437378,-0.009615076705813408,0.588509202003479,0.8755491971969604,-0.0095691978931427,0.5853667855262756,0.8821226358413696,-0.009412191808223724
304,10.142233375156838,0,Right,0.9711400866508484,0.5870641469955444,0.8264617919921875,5.316484319450865e-08,0.580646812915802,0.8152565956115723,-0.006180260796099901,0.5749706029891968,0.8082974553108215,-0.012150309048593044,0.5712742805480957,0.8091281056404114,-0.016891302540898323,0.5669130086898804,0.8142772316932678,-0.021781668066978455,0.5834604501724243,0.806607723236084,-0.017860788851976395,0.5814686417579651,0.8116368055343628,-0.02383202314376831,0.5779914259910583,0.8184784650802612,-0.026444120332598686,0.5748977661132812,0.8240419030189514,-0.02791691944003105,0.5891521573066711,0.8141436576843262,-0.01702471822500229,0.5850635170936584,0.8238169550895691,-0.022245513275265694,0.5800181031227112,0.8316500782966614,-0.023170748725533485,0.5758450031280518,0.8370302319526672,-0.024257121607661247,0.5931055545806885,0.822160005569458,-0.015991076827049255,0.5897501707077026,0.8314970135688782,-0.020601633936166763,0.5845659375190735,0.8389460444450378,-0.021039815619587898,0.5798531174659729,0.8448460102081299,-0.02158026024699211,0.5959850549697876,0.8290966749191284,-0.01523081585764885,0.5953708291053772,0.8365694880485535,-0.0186068806797266,0.5920501351356506,0.8431527614593506,-0.019230488687753677,0.588671088218689,0.8481367230415344,-0.01998087204992771
347,11.576825595984943,0,Right,0.6317733526229858,0.5259924530982971,0.768210768699646,-3.2569627705925086e-07,0.48495885729789734,0.7349810600280762,-0.011151086539030075,0.45739996433258057,0.6831895112991333,-0.023023469373583794,0.4466984272003174,0.640770673751831,-0.034309398382902145,0.453535258769989,0.6128015518188477,-0.044260174036026,0.4848918914794922,0.5886537432670593,-0.026515979319810867,0.46712157130241394,0.5650866627693176,-0.04548897594213486,0.4520769417285919,0.6115086674690247,-0.056774985045194626,0.44315752387046814,0.6541089415550232,-0.061754778027534485,0.51348477602005,0.5866613388061523,-0.028518376871943474,0.4939878582954407,0.5654931664466858,-0.04607580974698067,0.48007676005363464,0.6026157140731812,-0.05165300518274307,0.4744287133216858,0.6373083591461182,-0.05308755114674568,0.5403015613555908,0.6013604402542114,-0.031112851575016975,0.5254325270652771,0.5712552666664124,-0.04736919701099396,0.5156975388526917,0.5937141180038452,-0.04670807719230652,0.5112702250480652,0.6191352009773254,-0.04296610876917839,0.5629424452781677,0.625447154045105,-0.034064292907714844,0.567807137966156,0.5870338678359985,-0.04570827633142471,0.5652472376823425,0.569036066532135,-0.04468298330903053,0.5626647472381592,0.5562272071838379,-0.04091142117977142
349,11.643550815558344,0,Left,0.972017228603363,0.5607796907424927,0.7431479692459106,-1.1251054132799254e-07,0.5305001735687256,0.7457689046859741,-0.010158952325582504,0.49704232811927795,0.73457932472229,-0.02615221217274666,0.47333258390426636,0.7359853386878967,-0.04275384172797203,0.4634857475757599,0.7471729516983032,-0.05891241878271103,0.4801199436187744,0.6362318396568298,-0.02882683463394642,0.46614325046539307,0.5789704322814941,-0.049349576234817505,0.4637414515018463,0.6047278642654419,-0.0630025640130043,0.4639173150062561,0.6480429768562317,-0.06972047686576843,0.4996441900730133,0.6246197819709778,-0.03352997824549675,0.49340248107910156,0.5652771592140198,-0.04809746518731117,0.4985269606113434,0.5861948728561401,-0.05408965423703194,0.503716230392456,0.6230379343032837,-0.057676758617162704,0.5246846079826355,0.6223229169845581,-0.03896431252360344,0.5220673680305481,0.5620583891868591,-0.049361929297447205,0.5277602076530457,0.5801892876625061,-0.04849308356642723,0.5322015285491943,0.6113518476486206,-0.04749931022524834,0.5514411330223083,0.6258658170700073,-0.045310113579034805,0.5557002425193787,0.5736555457115173,-0.05249636247754097,0.5617225766181946,0.5752710700035095,-0.049862928688526154,0.5661734938621521,0.5886179208755493,-0.04670922830700874
525,17.515370138017566,0,Left,0.8548553586006165,0.4619775414466858,0.47445958852767944,-1.4399427206157611e-09,0.4597236216068268,0.4580145478248596,0.0032613857183605433,0.4609188139438629,0.44406858086586,0.004455264192074537,0.4608198404312134,0.4332733154296875,0.00453193997964263,0.45865681767463684,0.4253275394439697,0.004470748361200094,0.46805447340011597,0.4265407919883728,0.006019967142492533,0.47068896889686584,0.410982608795166,0.005402624141424894,0.47401779890060425,0.40435460209846497,0.004468529485166073,0.47717028856277466,0.401488333940506,0.003888094099238515,0.47253626585006714,0.4265792965888977,0.0031673216726630926,0.4773561954498291,0.4088280498981476,0.0031687943264842033,0.4812157154083252,0.4029477536678314,0.002762717893347144,0.4845275580883026,0.40066826343536377,0.0022897145245224237,0.47693246603012085,0.430154412984848,1.4613618077419233e-05,0.48286402225494385,0.41250330209732056,-5.29097524122335e-05,0.4865074157714844,0.4055342674255371,-0.0001936406915774569,0.4896239638328552,0.400908887386322,-0.0005244613857939839,0.4813382625579834,0.4368439018726349,-0.003063041716814041,0.487199604511261,0.42315202951431274,-0.0029603703878819942,0.49113598465919495,0.4159703552722931,-0.002627747133374214,0.4944484829902649,0.4100724160671234,-0.00253339228220284
526,17.548732747804266,0,Left,0.9211269617080688,0.46142444014549255,0.47808605432510376,1.243008251883282e-09,0.45669472217559814,0.46285635232925415,0.0020881486125290394,0.455741822719574,0.44713735580444336,0.0031030261889100075,0.45404690504074097,0.43632495403289795,0.003376418724656105,0.45157527923583984,0.4301983416080475,0.00352467130869627,0.4625546634197235,0.4331611394882202,0.003045793389901519,0.4641627073287964,0.4160027503967285,0.002206249162554741,0.4666203558444977,0.4074125587940216,0.0015400834381580353,0.4690382778644562,0.40206626057624817,0.001178803388029337,0.4676620364189148,0.4330904483795166,0.0009016420808620751,0.4712126851081848,0.4129723310470581,0.0004916564212180674,0.47452032566070557,0.4030672013759613,0.00011175475810887292,0.47752809524536133,0.39652019739151,-0.00024474356905557215,0.47277358174324036,0.4365096390247345,-0.001446323934942484,0.47718876600265503,0.416626513004303,-0.002348847221583128,0.4802919924259186,0.4066048562526703,-0.0032189234625548124,0.4828474521636963,0.3995645046234131,-0.003844862338155508,0.47791698575019836,0.4423346519470215,-0.0036907093599438667,0.48398149013519287,0.4293431341648102,-0.004614774603396654,0.48813486099243164,0.42116519808769226,-0.00515266926959157,0.49144893884658813,0.4146237373352051,-0.005544300191104412
527,17.582095357590966,0,Left,0.9431288242340088,0.4610326588153839,0.48645174503326416,2.3266983006919872e-08,0.45558232069015503,0.4723372757434845,0.0003620951611083001,0.4528147876262665,0.45588380098342896,7.491944415960461e-05,0.44981881976127625,0.4439336061477661,-0.0006189027917571366,0.44592493772506714,0.4374520778656006,-0.0014909562887623906,0.4598919153213501,0.4426290988922119,-0.0003057466819882393,0.45956721901893616,0.4237278401851654,-0.002121521858498454,0.4605327844619751,0.412558913230896,-0.0033067751210182905,0.46163442730903625,0.4048458933830261,-0.004028730094432831,0.4652693569660187,0.4423300623893738,-0.002020596992224455,0.46781104803085327,0.4201968014240265,-0.0035127245355397463,0.4705297350883484,0.4081501364707947,-0.00441442895680666,0.47292712330818176,0.4003947973251343,-0.0049916706047952175,0.47083550691604614,0.445751816034317,-0.0039171879179775715,0.4741658866405487,0.42454245686531067,-0.005808059126138687,0.476581871509552,0.4128974974155426,-0.007138179615139961,0.47838371992111206,0.40489450097084045,-0.007919269613921642,0.47655829787254333,0.45162564516067505,-0.005762136075645685,0.4820837080478668,0.4371102452278137,-0.0072297826409339905,0.4855496287345886,0.4285678267478943,-0.007862388156354427,0.4882337749004364,0.42181944847106934,-0.00823291763663292
528,17.615457967377665,0,Left,0.9669573903083801,0.46202027797698975,0.4972023367881775,2.0814955092873788e-08,0.45534709095954895,0.4835178852081299,1.11170481886802e-06,0.451447457075119,0.4667845368385315,-0.0007228300091810524,0.4480833113193512,0.4541712999343872,-0.0016373334219679236,0.44400787353515625,0.446867436170578,-0.00279317912645638,0.45937588810920715,0.45291808247566223,-0.0024541255552321672,0.4578098952770233,0.4317530691623688,-0.004695215728133917,0.45771175622940063,0.4188386797904968,-0.006048786919564009,0.4579331576824188,0.40947845578193665,-0.006902474910020828,0.46537891030311584,0.4526744782924652,-0.004115710500627756,0.4664172828197479,0.4291684329509735,-0.006052265875041485,0.46774324774742126,0.4151022434234619,-0.007310273591428995,0.4690268635749817,0.40556976199150085,-0.008163528516888618,0.47128748893737793,0.4563443958759308,-0.0057685039937496185,0.47370409965515137,0.43446084856987,-0.008029184304177761,0.4751047194004059,0.42146167159080505,-0.009552483446896076,0.47610723972320557,0.4122564196586609,-0.010505829006433487,0.4767908453941345,0.46277177333831787,-0.007304920814931393,0.481647789478302,0.4481108784675598,-0.009043937548995018,0.4846901297569275,0.43890973925590515,-0.00962288398295641,0.48718124628067017,0.4313945174217224,-0.00993689801543951
529,17.648820577164365,0,Left,0.9415769577026367,0.4648079574108124,0.5124697685241699,2.2087924378411117e-08,0.4569254517555237,0.4995568096637726,-0.00037044534110464156,0.45232439041137695,0.4810137450695038,-0.0011679171584546566,0.44880953431129456,0.46743839979171753,-0.0019892409909516573,0.4447942078113556,0.45878249406814575,-0.0029693127144128084,0.46070778369903564,0.4648265540599823,-0.003257270436733961,0.45908597111701965,0.44255271553993225,-0.005664846394211054,0.45857447385787964,0.42936158180236816,-0.007136092521250248,0.45821020007133484,0.4195343255996704,-0.008080337196588516,0.46674028038978577,0.4649510681629181,-0.0048494343645870686,0.4677739441394806,0.4399704933166504,-0.007087273057550192,0.46882912516593933,0.4245734214782715,-0.008568955585360527,0.4694927930831909,0.41364341974258423,-0.009518849663436413,0.47261059284210205,0.4692741632461548,-0.006409061141312122,0.47540101408958435,0.44610458612442017,-0.00896291621029377,0.47704511880874634,0.4318423569202423,-0.010810109786689281,0.4779439866542816,0.42114320397377014,-0.0119457533583045,0.4779781699180603,0.4766025245189667,-0.007836876437067986,0.48344606161117554,0.4612785279750824,-0.01004229299724102,0.48655134439468384,0.4505601227283478,-0.010995904915034771,0.48888900876045227,0.44133833050727844,-0.011495236307382584
530,17.682183186951068,0,Left,0.9083532094955444,0.4676454961299896,0.5266377329826355,3.225975575560369e-08,0.46003904938697815,0.5122371315956116,-0.0011024157283827662,0.4551428556442261,0.49287310242652893,-0.002368048531934619,0.45099276304244995,0.4785071611404419,-0.0036701310891658068,0.44564390182495117,0.4710560142993927,-0.0051388791762292385,0.46325957775115967,0.4768180549144745,-0.003624252276495099,0.4611341655254364,0.45367175340652466,-0.0063236672431230545,0.46053630113601685,0.4400463402271271,-0.00812550913542509,0.4601611793041229,0.42947643995285034,-0.009346002712845802,0.46952906250953674,0.47698137164115906,-0.0051566786132752895,0.47010084986686707,0.45145684480667114,-0.007516971789300442,0.4710465669631958,0.43560710549354553,-0.009351431392133236,0.4716491401195526,0.42406371235847473,-0.010620356537401676,0.4756012260913849,0.48165324330329895,-0.006737655960023403,0.4782407879829407,0.45903873443603516,-0.009433627128601074,0.4797522723674774,0.4447595179080963,-0.0114882318302989,0.48047226667404175,0.433746337890625,-0.012802363373339176,0.4812503159046173,0.48932456970214844,-0.00827859342098236,0.4866427779197693,0.4740166962146759,-0.010532999411225319,0.48958876729011536,0.4636242091655731,-0.01149791106581688,0.49175190925598145,0.4545797109603882,-0.012049403972923756
531,17.715545796737768,0,Left,0.9222404956817627,0.47079265117645264,0.5381608009338379,2.9438297133310698e-08,0.46299201250076294,0.5225624442100525,-0.0007592452457174659,0.45802611112594604,0.5037615299224854,-0.001977934967726469,0.4537507891654968,0.48987695574760437,-0.003271047957241535,0.44928160309791565,0.48143288493156433,-0.004720530938357115,0.4667099118232727,0.4874672293663025,-0.003822939470410347,0.46429550647735596,0.46399691700935364,-0.0069465250708162785,0.4634455144405365,0.4498204290866852,-0.009015923365950584,0.4629340171813965,0.43888920545578003,-0.010307089425623417,0.4729181230068207,0.48796340823173523,-0.005452219396829605,0.47368675470352173,0.4625895321369171,-0.008027760311961174,0.47448500990867615,0.4466586410999298,-0.00983263086527586,0.4749416410923004,0.43481704592704773,-0.011026119813323021,0.47893983125686646,0.4928072690963745,-0.007101963274180889,0.4821704626083374,0.47071078419685364,-0.009834006428718567,0.48377418518066406,0.45637407898902893,-0.011697187088429928,0.4845212996006012,0.44499826431274414,-0.012846294790506363,0.48432740569114685,0.5007858276367188,-0.008701194077730179,0.4900997579097748,0.48599714040756226,-0.0110582010820508,0.49326515197753906,0.4756598472595215,-0.011944029480218887,0.4958295524120331,0.466347873210907,-0.012354062870144844
532,17.748908406524468,0,Left,0.924647331237793,0.473368763923645,0.5465940833091736,3.518160696103223e-08,0.465572714805603,0.5313686728477478,-0.0008578959968872368,0.4606272578239441,0.5127345323562622,-0.00210865237750113,0.45660004019737244,0.4985126852989197,-0.003380394773557782,0.4521041810512543,0.48947688937187195,-0.004866627044975758,0.46886977553367615,0.4962700307369232,-0.004392638802528381,0.4664335250854492,0.4726049602031708,-0.007658712100237608,0.4656112492084503,0.45808419585227966,-0.009643911384046078,0.4652080237865448,0.44682425260543823,-0.010882768779993057,0.47515779733657837,0.4968719482421875,-0.0060505131259560585,0.47611886262893677,0.4711594581604004,-0.009007670916616917,0.47702959179878235,0.4547499418258667,-0.010954618453979492,0.47761082649230957,0.44227221608161926,-0.012239808216691017,0.48119276762008667,0.5016324520111084,-0.007717837113887072,0.4846239686012268,0.4791993796825409,-0.010965999215841293,0.48645952343940735,0.46412286162376404,-0.013234817422926426,0.4874708354473114,0.451921671628952,-0.014636827632784843,0.4865100681781769,0.5096312761306763,-0.009283571504056454,0.49244752526283264,0.4947478771209717,-0.012163822539150715,0.49592435359954834,0.4842718541622162,-0.01348455622792244,0.49872905015945435,0.47454512119293213,-0.014226103201508522
533,17.782271016311167,0,Left,0.9349311590194702,0.4755766689777374,0.5516071319580078,3.601289577659372e-08,0.46772056818008423,0.5366696119308472,-0.000831746612675488,0.4624268710613251,0.518552303314209,-0.001963167916983366,0.4582098722457886,0.5046534538269043,-0.003127584233880043,0.45356738567352295,0.49598732590675354,-0.004503841977566481,0.47090423107147217,0.5022677183151245,-0.0036306530237197876,0.4683748483657837,0.4789004921913147,-0.00644453801214695,0.46752479672431946,0.4646444618701935,-0.008211413398385048,0.46716371178627014,0.4539947807788849,-0.009315828792750835,0.4773722290992737,0.5024483799934387,-0.005185150075703859,0.4781893789768219,0.4768001437187195,-0.007582853082567453,0.47892826795578003,0.46083757281303406,-0.009309559129178524,0.47944048047065735,0.44903579354286194,-0.010504323989152908,0.4835890829563141,0.5066384077072144,-0.00678566750138998,0.4866921007633209,0.48391515016555786,-0.009568031877279282,0.48845282196998596,0.4692131280899048,-0.011634785681962967,0.4894336462020874,0.4579003155231476,-0.012969833798706532,0.48926520347595215,0.5139724016189575,-0.00830237939953804,0.49490830302238464,0.498676061630249,-0.010762732475996017,0.4982928931713104,0.48867884278297424,-0.01179809682071209,0.500873863697052,0.47996190190315247,-0.012383795343339443
534,17.815633626097867,0,Left,0.9312331676483154,0.4759674072265625,0.5519425272941589,5.090073429414588e-08,0.46838340163230896,0.537621796131134,-0.0012507089413702488,0.46313682198524475,0.5195250511169434,-0.002596541540697217,0.45846158266067505,0.5057529807090759,-0.003861101809889078,0.4531518220901489,0.49777328968048096,-0.005395074374973774,0.471172958612442,0.5031499266624451,-0.004309560172259808,0.4686878025531769,0.4797157049179077,-0.00699316430836916,0.4677561819553375,0.46539536118507385,-0.008635452948510647,0.4674225449562073,0.45434340834617615,-0.009735774248838425,0.47763076424598694,0.5031623840332031,-0.005685366224497557,0.47852370142936707,0.4779978096485138,-0.007842951454222202,0.47932130098342896,0.46225976943969727,-0.00944678857922554,0.4800095558166504,0.45024287700653076,-0.010686523281037807,0.483799010515213,0.5077192783355713,-0.007100322283804417,0.48689737915992737,0.48509636521339417,-0.009862272068858147,0.4887247383594513,0.470655620098114,-0.011986348778009415,0.489881306886673,0.45929789543151855,-0.013472598977386951,0.4893152117729187,0.5151970386505127,-0.008434489369392395,0.4951486587524414,0.5002967119216919,-0.011021556332707405,0.4989263117313385,0.4907092750072479,-0.012161856517195702,0.5019719004631042,0.4821491241455078,-0.012894226238131523
535,17.848996235884567,0,Left,0.9262990355491638,0.47605618834495544,0.5518224835395813,5.3409561218131785e-08,0.4684302508831024,0.5374135971069336,-0.0013252842472866178,0.4631570279598236,0.5192543268203735,-0.0026369551196694374,0.4584057331085205,0.5055350661277771,-0.0038533450569957495,0.4530816078186035,0.4981399178504944,-0.005314783193171024,0.4713220000267029,0.503203272819519,-0.004132360685616732,0.4687654674053192,0.4798853099346161,-0.0067329565063118935,0.46772491931915283,0.4657191038131714,-0.008334442041814327,0.46733924746513367,0.4548238515853882,-0.009401480667293072,0.47776755690574646,0.5032938718795776,-0.005417456850409508,0.4785711169242859,0.47834688425064087,-0.007483156397938728,0.4792432487010956,0.46253445744514465,-0.009040054865181446,0.47988951206207275,0.45036959648132324,-0.010246395133435726,0.4838963449001312,0.5077647566795349,-0.006764739286154509,0.486966073513031,0.48522359132766724,-0.009450345300137997,0.48872512578964233,0.4707995653152466,-0.0115647679194808,0.4898991584777832,0.45937931537628174,-0.013035373762249947,0.4893643260002136,0.5150684118270874,-0.008045034483075142,0.49520236253738403,0.5003480911254883,-0.010608266107738018,0.4989563524723053,0.4907941222190857,-0.011769812554121017,0.5020321011543274,0.4821828007698059,-0.012502399273216724
536,17.882358845671266,0,Left,0.9235599040985107,0.4756092429161072,0.5506075620651245,5.429554761349209e-08,0.4680664539337158,0.5362663269042969,-0.0010832776315510273,0.4629787504673004,0.5179480314254761,-0.002233673119917512,0.4582943618297577,0.5042992234230042,-0.0032853547018021345,0.45316025614738464,0.49684831500053406,-0.004615055397152901,0.4710046350955963,0.5020509362220764,-0.00407462939620018,0.46857771277427673,0.47866249084472656,-0.0066352905705571175,0.46761980652809143,0.46449315547943115,-0.00814690999686718,0.4672974646091461,0.4536515474319458,-0.009128277190029621,0.47745707631111145,0.5024329423904419,-0.005417902488261461,0.4784579873085022,0.47712457180023193,-0.0074353646486997604,0.4792150855064392,0.4612714350223541,-0.008887702599167824,0.4799196124076843,0.44920575618743896,-0.009996469132602215,0.4835814833641052,0.5072101354598999,-0.0067968908697366714,0.4868563115596771,0.48432275652885437,-0.009496632032096386,0.48860305547714233,0.4696006774902344,-0.011619332246482372,0.4897949993610382,0.4578501284122467,-0.013071717694401741,0.48904135823249817,0.5148502588272095,-0.008063219487667084,0.4948928952217102,0.49997439980506897,-0.010719717480242252,0.49857935309410095,0.49024975299835205,-0.011938518844544888,0.5016229748725891,0.4812561571598053,-0.012681828811764717
537,17.915721455457966,0,Left,0.9036397337913513,0.47380030155181885,0.5494236350059509,5.5799464604433524e-08,0.4667474031448364,0.5350874662399292,-0.0010994687909260392,0.46177464723587036,0.5165178775787354,-0.0021721564698964357,0.45720064640045166,0.5029820799827576,-0.003209768794476986,0.4522540271282196,0.49524936079978943,-0.004430178087204695,0.46949002146720886,0.500632107257843,-0.003306416794657707,0.4672921895980835,0.4775797724723816,-0.005893552675843239,0.4664558470249176,0.4633902907371521,-0.007543408777564764,0.4660835564136505,0.45250290632247925,-0.008627128787338734,0.4756653606891632,0.5004253387451172,-0.0046635097824037075,0.4768473505973816,0.4750033915042877,-0.006695943884551525,0.4776708781719208,0.45919346809387207,-0.00824020430445671,0.47831377387046814,0.44731301069259644,-0.009346340782940388,0.481788694858551,0.5048314929008484,-0.00611744774505496,0.4851990044116974,0.48218807578086853,-0.008661529049277306,0.48715242743492126,0.4682122766971588,-0.010636086575686932,0.48842740058898926,0.45742663741111755,-0.011956521309912205,0.4874309301376343,0.5122865438461304,-0.007525222841650248,0.49360987544059753,0.498023122549057,-0.009973985143005848,0.49735337495803833,0.48848170042037964,-0.011105050332844257,0.5003750920295715,0.47986263036727905,-0.011766478419303894
538,17.949084065244666,0,Left,0.9266936182975769,0.471746563911438,0.5485326647758484,4.9514159883301545e-08,0.46500033140182495,0.5332189798355103,-0.00045216185390017927,0.4604267179965973,0.5143198370933533,-0.001153059070929885,0.4560852646827698,0.5010166168212891,-0.001870370819233358,0.451312780380249,0.4932559132575989,-0.00283293635584414,0.4675998389720917,0.49947941303253174,-0.003473801538348198,0.4657564163208008,0.47541099786758423,-0.006030983291566372,0.46521174907684326,0.4609178602695465,-0.007399019319564104,0.4649753272533417,0.45012739300727844,-0.008243837393820286,0.4735372066497803,0.5001768469810486,-0.004993924405425787,0.47472912073135376,0.47462794184684753,-0.007182931527495384,0.47552281618118286,0.4592270255088806,-0.008612255565822124,0.47609376907348633,0.4475996196269989,-0.00961504690349102,0.4794565439224243,0.5050129294395447,-0.006519642658531666,0.4827496409416199,0.4822496771812439,-0.009201285429298878,0.4843599796295166,0.468006432056427,-0.01130283810198307,0.4852083921432495,0.45676854252815247,-0.012738773599267006,0.48500940203666687,0.5125807523727417,-0.007899640128016472,0.49108025431632996,0.4986332654953003,-0.01053124200552702,0.49476170539855957,0.489116370677948,-0.01193459052592516,0.49767446517944336,0.4803495407104492,-0.012826994061470032
539,17.98244667503137,0,Left,0.9569589495658875,0.46824246644973755,0.5488083958625793,4.435036871086595e-08,0.463213175535202,0.5318684577941895,0.00047134506166912615,0.460110068321228,0.5114772319793701,0.0003447889757808298,0.4566320776939392,0.49754562973976135,1.143127246905351e-05,0.45232871174812317,0.4895057678222656,-0.0004710228822659701,0.46529510617256165,0.49980199337005615,-0.0021269090939313173,0.4645535945892334,0.47518083453178406,-0.004526650998741388,0.4647015929222107,0.4606699049472809,-0.005672802682965994,0.4648300111293793,0.45030510425567627,-0.006294089835137129,0.4701278805732727,0.500896155834198,-0.003927646204829216,0.4714741110801697,0.47443079948425293,-0.005930123385041952,0.47275519371032715,0.4593966603279114,-0.0069442070089280605,0.47380444407463074,0.4487394690513611,-0.0075306156650185585,0.4757985472679138,0.5057510137557983,-0.0057197390124201775,0.47856321930885315,0.48214858770370483,-0.007941304706037045,0.4800344705581665,0.46857720613479614,-0.009374430403113365,0.48098546266555786,0.458475261926651,-0.010288836434483528,0.4817779064178467,0.5132931470870972,-0.007370372768491507,0.4864629805088043,0.4987911880016327,-0.009504197165369987,0.4893515408039093,0.48947370052337646,-0.010479952208697796,0.49181482195854187,0.48136335611343384,-0.011024135164916515
540,18.01580928481807,0,Left,0.9718098640441895,0.46436622738838196,0.5508349537849426,3.0798020134170656e-08,0.4626964330673218,0.5307660698890686,0.0015523519832640886,0.4624755084514618,0.510244607925415,0.0012626065872609615,0.46127811074256897,0.49596115946769714,0.0004762586613651365,0.45791229605674744,0.4852263033390045,-0.0005598423886112869,0.46297958493232727,0.5018317699432373,-0.0031553630251437426,0.4631979167461395,0.47831520438194275,-0.007400711067020893,0.4634875953197479,0.46313121914863586,-0.009841743856668472,0.4636836051940918,0.45143377780914307,-0.011397951282560825,0.46552345156669617,0.5055230259895325,-0.006379340775310993,0.46637049317359924,0.4806059002876282,-0.010742883197963238,0.46746230125427246,0.4644051790237427,-0.013318137265741825,0.4684157371520996,0.45083117485046387,-0.014914652332663536,0.46908292174339294,0.5124680995941162,-0.009417165070772171,0.47036978602409363,0.49005764722824097,-0.013795432634651661,0.47165095806121826,0.47647571563720703,-0.01610482670366764,0.4724981188774109,0.46434786915779114,-0.017447005957365036,0.47355690598487854,0.521980881690979,-0.012154800817370415,0.475247859954834,0.5094872713088989,-0.016214201226830482,0.4764993190765381,0.5006912350654602,-0.017998788505792618,0.47807613015174866,0.49231648445129395,-0.019025469198822975
541,18.04917189460477,0,Left,0.9559709429740906,0.4656161963939667,0.5465781092643738,1.9598299871859126e-08,0.4713796079158783,0.5278764367103577,0.0013269571354612708,0.47015154361724854,0.5081984400749207,0.001211616676300764,0.4686611592769623,0.4941083788871765,0.00035134339123032987,0.4669894278049469,0.4843071699142456,-0.0009450074867345393,0.4650333523750305,0.49576225876808167,-0.0017002364620566368,0.46154525876045227,0.47725966572761536,-0.0049145896919071674,0.4602508246898651,0.465140700340271,-0.007513801101595163,0.45992276072502136,0.4550182521343231,-0.009596988558769226,0.46392500400543213,0.49954378604888916,-0.00477073946967721,0.45976781845092773,0.4787899851799011,-0.008087990805506706,0.45883795619010925,0.4653145670890808,-0.011187426745891571,0.458551287651062,0.45352083444595337,-0.013734552077949047,0.4637027382850647,0.506981611251831,-0.007762572728097439,0.4596119523048401,0.4896281957626343,-0.011352144181728363,0.4581770896911621,0.4792299270629883,-0.014493771828711033,0.45687031745910645,0.47019892930984497,-0.01696905493736267,0.4646463692188263,0.5172568559646606,-0.010550476610660553,0.4622032940387726,0.5092393159866333,-0.01450109388679266,0.46098828315734863,0.502677857875824,-0.017155960202217102,0.4596366584300995,0.4961370825767517,-0.01922563835978508
542,18.082534504391468,0,Left,0.9047917127609253,0.4659607410430908,0.5471900105476379,1.8986323624403667e-08,0.4697974622249603,0.5288822054862976,-0.0016485394444316626,0.4685141146183014,0.5091428756713867,-0.0021832678467035294,0.4665581285953522,0.49560976028442383,-0.003042037133127451,0.4655536413192749,0.48429203033447266,-0.0039793867617845535,0.46024295687675476,0.496578574180603,-0.0016316288383677602,0.4561244547367096,0.47867974638938904,-0.004319091327488422,0.4543071687221527,0.4675794839859009,-0.006379892583936453,0.45328545570373535,0.45769286155700684,-0.008067387156188488,0.4572574496269226,0.5009579658508301,-0.002960960613563657,0.44959256052970886,0.4849306046962738,-0.005576786585152149,0.4458768367767334,0.473600298166275,-0.007880290038883686,0.44287264347076416,0.46395131945610046,-0.009780758991837502,0.4559387266635895,0.5087495446205139,-0.0046945433132350445,0.4475530982017517,0.49614468216896057,-0.007515567354857922,0.4433949589729309,0.4871973693370819,-0.009770190343260765,0.4399183988571167,0.47882941365242004,-0.011556540615856647,0.4562060236930847,0.5192561745643616,-0.006647978909313679,0.448636531829834,0.5143404006958008,-0.009780590422451496,0.4441367983818054,0.5091530084609985,-0.011866910383105278,0.4400539994239807,0.5035452246665955,-0.013383123092353344
543,18.115897114178168,0,Left,0.9594217538833618,0.46541595458984375,0.5509259700775146,3.177699170464621e-08,0.46776726841926575,0.5305696725845337,-0.0014372472651302814,0.4645620882511139,0.51055508852005,-0.0018367806915193796,0.4617459774017334,0.49741214513778687,-0.002573073608800769,0.4599922001361847,0.48645269870758057,-0.0034989367704838514,0.45330503582954407,0.5040029287338257,-0.002280347514897585,0.4480607211589813,0.4868774712085724,-0.005252199713140726,0.4455002248287201,0.4753252863883972,-0.007482061628252268,0.44323796033859253,0.4652741253376007,-0.009246885776519775,0.44963109493255615,0.5094860196113586,-0.004031525459140539,0.44036123156547546,0.49423596262931824,-0.007002945523709059,0.43532222509384155,0.48285919427871704,-0.00958352629095316,0.430789977312088,0.47341153025627136,-0.011604461818933487,0.4481882154941559,0.5180118083953857,-0.006094624288380146,0.4385260343551636,0.5062344074249268,-0.009220115840435028,0.4331655502319336,0.4974275827407837,-0.011771743185818195,0.42844143509864807,0.4894299805164337,-0.013650220818817616,0.4488857388496399,0.528759241104126,-0.008310494013130665,0.43936601281166077,0.525550365447998,-0.011637196876108646,0.43348145484924316,0.5217422842979431,-0.013678922317922115,0.42812278866767883,0.5176296830177307,-0.015072976239025593
544,18.149259723964867,0,Left,0.9737176299095154,0.46305978298187256,0.5538626909255981,4.791384355939954e-08,0.4646105170249939,0.5343983173370361,-0.002615303033962846,0.46033191680908203,0.5154811143875122,-0.0032144838478416204,0.4562629163265228,0.5019318461418152,-0.003952835686504841,0.45325297117233276,0.49134281277656555,-0.0047391243278980255,0.4461345076560974,0.5104795694351196,-0.0020145305898040533,0.439517617225647,0.49448585510253906,-0.004870782606303692,0.43546828627586365,0.48377591371536255,-0.007189875468611717,0.4316962659358978,0.4748924970626831,-0.009040524251759052,0.44195497035980225,0.5174480080604553,-0.0031892885453999043,0.4310286045074463,0.505457878112793,-0.005926915910094976,0.42497360706329346,0.4963809847831726,-0.008438277058303356,0.4195323586463928,0.4891910254955292,-0.010323042050004005,0.44066470861434937,0.5264517068862915,-0.004845754709094763,0.429818332195282,0.5189087390899658,-0.007837031036615372,0.42331594228744507,0.5115049481391907,-0.010285884141921997,0.41754427552223206,0.504740297794342,-0.012008100748062134,0.44199827313423157,0.5370265245437622,-0.006819307804107666,0.4324345886707306,0.5371968746185303,-0.010171392932534218,0.42597880959510803,0.5348994135856628,-0.01220247708261013,0.41999977827072144,0.5320483446121216,-0.013466869480907917
545,18.182622333751567,0,Left,0.9636826515197754,0.46068596839904785,0.5579451322555542,4.0318713701026354e-08,0.46151864528656006,0.5375638008117676,-0.0026031003799289465,0.456312894821167,0.5190284252166748,-0.0032940597739070654,0.45172595977783203,0.5057900547981262,-0.004128157626837492,0.4484475553035736,0.4958587884902954,-0.005005795508623123,0.4419557750225067,0.516721248626709,-0.0020445636473596096,0.43453919887542725,0.5018342733383179,-0.004799139220267534,0.42956286668777466,0.4927838146686554,-0.007054417859762907,0.42502981424331665,0.4857853055000305,-0.008846701122820377,0.4378073215484619,0.5248052477836609,-0.0031509585678577423,0.4266415536403656,0.5146087408065796,-0.005832136142998934,0.41992640495300293,0.5073715448379517,-0.008106484077870846,0.41406601667404175,0.5019463300704956,-0.009772028774023056,0.4364194869995117,0.5342400670051575,-0.004735833965241909,0.42545410990715027,0.5271995663642883,-0.007657617796212435,0.4187273383140564,0.52065110206604,-0.009791230782866478,0.41283491253852844,0.5147427916526794,-0.011253216303884983,0.4375762641429901,0.544734001159668,-0.006636155303567648,0.42823582887649536,0.5448557138442993,-0.009830566123127937,0.42186665534973145,0.5432148575782776,-0.01155761443078518,0.41609954833984375,0.5410565137863159,-0.01258610188961029
546,18.215984943538267,0,Left,0.9627580642700195,0.4588566720485687,0.5603451728820801,4.546588527887252e-08,0.45888373255729675,0.5399225354194641,-0.0024302692618221045,0.45295682549476624,0.5216641426086426,-0.0030345660634338856,0.4478904902935028,0.5090518593788147,-0.003817089833319187,0.4445551633834839,0.49908608198165894,-0.0046574934385716915,0.43853411078453064,0.5216429829597473,-0.0018691567238420248,0.430406779050827,0.5082172751426697,-0.004659589845687151,0.42514488101005554,0.4997781217098236,-0.0069484226405620575,0.4205625057220459,0.49305322766304016,-0.008689111098647118,0.43464502692222595,0.5299624800682068,-0.0030107274651527405,0.4232386350631714,0.5201892852783203,-0.005539302248507738,0.4164671301841736,0.5134533643722534,-0.007634795270860195,0.41075193881988525,0.508557915687561,-0.009111350402235985,0.4336579740047455,0.5394757986068726,-0.004620222374796867,0.42258962988853455,0.5336769223213196,-0.007249582093209028,0.4155479669570923,0.528971791267395,-0.009153153747320175,0.40946200489997864,0.5245153307914734,-0.010463939979672432,0.4352565407752991,0.550090491771698,-0.006557085085660219,0.4263700544834137,0.5513215065002441,-0.00936413649469614,0.4202238917350769,0.5510464906692505,-0.010793687775731087,0.4147263169288635,0.5501925349235535,-0.011612817645072937
547,18.24934755332497,0,Left,0.9735285043716431,0.4585961401462555,0.561216413974762,3.721991603811148e-08,0.4579426348209381,0.5409010648727417,-0.002125195227563381,0.4516478180885315,0.5232397317886353,-0.0026509033050388098,0.4463270306587219,0.5115583539009094,-0.0034479990135878325,0.44316956400871277,0.5022478103637695,-0.004344719462096691,0.4370970129966736,0.524832010269165,-0.0014229186344891787,0.4286264479160309,0.5128128528594971,-0.003972106613218784,0.4234059453010559,0.5055131316184998,-0.0061984495259821415,0.41883301734924316,0.4995917081832886,-0.00791165791451931,0.43333208560943604,0.5339019298553467,-0.0027039155829697847,0.4217430651187897,0.5257207155227661,-0.004959529731422663,0.41476839780807495,0.5202252864837646,-0.007135138846933842,0.40887150168418884,0.5162848234176636,-0.008766152895987034,0.43238937854766846,0.5436345338821411,-0.004430406726896763,0.42127639055252075,0.5383528470993042,-0.006833930499851704,0.41406646370887756,0.5341853499412537,-0.008963904343545437,0.40784355998039246,0.5304295420646667,-0.010525316931307316,0.4339713156223297,0.5542104244232178,-0.006442525889724493,0.42475274205207825,0.5564436316490173,-0.009173768572509289,0.4183959364891052,0.5571562051773071,-0.010709933005273342,0.4126591682434082,0.5573996305465698,-0.011663831770420074
548,18.28271016311167,0,Left,0.9720746278762817,0.4584560692310333,0.5620103478431702,4.256217422948794e-08,0.45776304602622986,0.5417881608009338,-0.0024358946830034256,0.45122238993644714,0.5241536498069763,-0.002946217078715563,0.4457720220088959,0.5119875073432922,-0.003626467427238822,0.4423123598098755,0.5027859807014465,-0.004343688488006592,0.4363047778606415,0.5264341235160828,-0.0014597767731174827,0.42758673429489136,0.5142609477043152,-0.003826430067420006,0.42191264033317566,0.5070995688438416,-0.005900130141526461,0.41693753004074097,0.5015572309494019,-0.007546328008174896,0.4327806532382965,0.5358283519744873,-0.0024962725583463907,0.4213208556175232,0.5278579592704773,-0.004655690863728523,0.41417205333709717,0.522450864315033,-0.006758342497050762,0.4081052243709564,0.5187570452690125,-0.008344217203557491,0.43211987614631653,0.5456734895706177,-0.0040106694214046,0.42123642563819885,0.5410706996917725,-0.006453331094235182,0.4139931797981262,0.5370429158210754,-0.008599044755101204,0.4077669382095337,0.5336635708808899,-0.01012405101209879,0.4339205324649811,0.556069552898407,-0.005836102180182934,0.4248789846897125,0.5584788918495178,-0.008638962171971798,0.41843801736831665,0.5594369173049927,-0.010255316272377968,0.412617951631546,0.5599488615989685,-0.01125285029411316
549,18.31607277289837,0,Left,0.9721537232398987,0.4586162567138672,0.5615808963775635,4.2045964931958224e-08,0.45759519934654236,0.5412595272064209,-0.0022267643362283707,0.4509783983230591,0.5238136649131775,-0.0027613735292106867,0.44547808170318604,0.5118653774261475,-0.003498428501188755,0.4420260488986969,0.50271075963974,-0.004295270424336195,0.43620404601097107,0.5268454551696777,-0.0013164653209969401,0.42742931842803955,0.5151816606521606,-0.003683022689074278,0.4217014014720917,0.5081920027732849,-0.0057411156594753265,0.4168360233306885,0.502892017364502,-0.00736596854403615,0.432871013879776,0.5364518761634827,-0.0025110829155892134,0.4211004674434662,0.528944730758667,-0.004722581710666418,0.4139731824398041,0.523712694644928,-0.006832006387412548,0.4080696702003479,0.5202281475067139,-0.008383472450077534,0.43239152431488037,0.5464438796043396,-0.004158617928624153,0.42112448811531067,0.5416182279586792,-0.006723605562001467,0.41376227140426636,0.5375730991363525,-0.008921552449464798,0.40749138593673706,0.534276008605957,-0.010453184135258198,0.43436217308044434,0.5568391680717468,-0.0060686650685966015,0.425251305103302,0.5597275495529175,-0.00900122057646513,0.4187447428703308,0.5606567859649658,-0.010652541182935238,0.41286614537239075,0.5610815286636353,-0.011651740409433842
550,18.34943538268507,0,Left,0.973487138748169,0.45895156264305115,0.5615379810333252,4.192438396444231e-08,0.4579022526741028,0.5413488745689392,-0.002396079245954752,0.451248437166214,0.5240938067436218,-0.0030635378789156675,0.44557422399520874,0.5121145248413086,-0.0038986660074442625,0.4420643746852875,0.5026730298995972,-0.004788406193256378,0.4365803599357605,0.5269449949264526,-0.0015875156968832016,0.4277800917625427,0.5152806639671326,-0.004078001249581575,0.4219007194042206,0.5084765553474426,-0.006216538604348898,0.4168083965778351,0.5034804940223694,-0.007889315485954285,0.4332181215286255,0.5364913940429688,-0.0027287015691399574,0.42144206166267395,0.5288744568824768,-0.005045771598815918,0.4142010807991028,0.5236871838569641,-0.007198277860879898,0.40803492069244385,0.5203425884246826,-0.00876674521714449,0.4326929450035095,0.5464770197868347,-0.004317654762417078,0.42146724462509155,0.5417823195457458,-0.006925948429852724,0.41416507959365845,0.537676215171814,-0.009067843668162823,0.4078712463378906,0.5344377160072327,-0.010549323633313179,0.4345795810222626,0.5568658113479614,-0.0061820936389267445,0.4254940450191498,0.5599144101142883,-0.009078886359930038,0.419056236743927,0.5608030557632446,-0.010647297836840153,0.4132145047187805,0.5612371563911438,-0.011582420207560062
551,18.38279799247177,0,Left,0.9740726351737976,0.45910751819610596,0.561549186706543,4.244037654643762e-08,0.4580411911010742,0.5415220260620117,-0.0025139544159173965,0.45136725902557373,0.5242458581924438,-0.0032505060080438852,0.44567617774009705,0.5123535990715027,-0.004128563683480024,0.44208353757858276,0.5028471946716309,-0.005054807756096125,0.43669962882995605,0.5269609093666077,-0.0017332334537059069,0.42789316177368164,0.5154864192008972,-0.0043102833442389965,0.4220108091831207,0.5086859464645386,-0.006502770818769932,0.41693007946014404,0.5035988688468933,-0.00820352416485548,0.43332457542419434,0.5364880561828613,-0.002834738465026021,0.421525239944458,0.5290298461914062,-0.005222066305577755,0.4142865538597107,0.5238301753997803,-0.00740309152752161,0.4081353545188904,0.5204030275344849,-0.008983821608126163,0.43281474709510803,0.5464494824409485,-0.004394905176013708,0.42154961824417114,0.5418382883071899,-0.007071094587445259,0.414253830909729,0.5378339886665344,-0.0092213936150074,0.40797555446624756,0.5346438884735107,-0.01068869698792696,0.43474701046943665,0.5567726492881775,-0.006239251233637333,0.425618439912796,0.5599215626716614,-0.009195942431688309,0.4191648066043854,0.5608575344085693,-0.010789796710014343,0.41331946849823,0.5613269805908203,-0.011726207099854946
552,18.41616060225847,0,Left,0.9739230275154114,0.45917442440986633,0.5620917677879333,4.2244611364594675e-08,0.45820513367652893,0.5419502258300781,-0.002527496311813593,0.45151007175445557,0.5246055126190186,-0.003244041930884123,0.44574639201164246,0.5126938223838806,-0.004100400023162365,0.44211703538894653,0.5031806230545044,-0.005005981307476759,0.43679046630859375,0.5272839069366455,-0.0017362561775371432,0.42795491218566895,0.5155648589134216,-0.004309238400310278,0.42204931378364563,0.5087077617645264,-0.006494184955954552,0.41693854331970215,0.5036454200744629,-0.00819435529410839,0.4334188401699066,0.5368059277534485,-0.0028299319092184305,0.4215896427631378,0.529233992099762,-0.005232303403317928,0.4143143892288208,0.5240415334701538,-0.007434708531945944,0.4081268310546875,0.5207088589668274,-0.009028259664773941,0.4329293668270111,0.5467237234115601,-0.004381873644888401,0.42164668440818787,0.5420474410057068,-0.007084263022989035,0.414323091506958,0.5380123853683472,-0.009254769422113895,0.40801802277565,0.5348588228225708,-0.010729418136179447,0.4348861277103424,0.5570172667503357,-0.006216949783265591,0.4257284104824066,0.5601874589920044,-0.009216457605361938,0.4192245602607727,0.561136782169342,-0.010836843401193619,0.41333717107772827,0.5616409778594971,-0.011783485300838947
553,18.449523212045168,0,Left,0.9722034931182861,0.45932483673095703,0.5621606707572937,4.090868443995532e-08,0.45822468400001526,0.5421247482299805,-0.002406480023637414,0.45162877440452576,0.524871826171875,-0.0031339784618467093,0.44597429037094116,0.5130264163017273,-0.004032455384731293,0.44230392575263977,0.5037025213241577,-0.004990061279386282,0.4370203912258148,0.5275380611419678,-0.0017139334231615067,0.42819178104400635,0.515930712223053,-0.004307400900870562,0.42229005694389343,0.5091663002967834,-0.00648858118802309,0.4172290861606598,0.5041928291320801,-0.008171801455318928,0.4336887001991272,0.536994218826294,-0.0028824806213378906,0.42181459069252014,0.5294018387794495,-0.005314484238624573,0.4145224988460541,0.5242593288421631,-0.007523070555180311,0.4083426296710968,0.5209804177284241,-0.009115936234593391,0.4332042932510376,0.5468959808349609,-0.004494651220738888,0.4218219816684723,0.5421386361122131,-0.007210217881947756,0.4145042896270752,0.5381782054901123,-0.009380370378494263,0.40824970602989197,0.5351107716560364,-0.010854324325919151,0.43515095114707947,0.5572055578231812,-0.006374545395374298,0.4259205460548401,0.5604384541511536,-0.009377741254866123,0.4193887412548065,0.5613829493522644,-0.010999990627169609,0.41349920630455017,0.5618729591369629,-0.011947871185839176
554,18.482885821831868,0,Left,0.9699204564094543,0.4595939815044403,0.5622223019599915,4.23749710876109e-08,0.45850592851638794,0.5423247218132019,-0.0024586450308561325,0.45191195607185364,0.5252892971038818,-0.00324265006929636,0.4462072551250458,0.5134795308113098,-0.004180884454399347,0.44248539209365845,0.5041573643684387,-0.005181006621569395,0.4372119605541229,0.5278168320655823,-0.0019031406845897436,0.4283345341682434,0.5160882472991943,-0.004559051711112261,0.42241090536117554,0.5092194676399231,-0.0067684585228562355,0.4173167943954468,0.5041707754135132,-0.008469772525131702,0.43390870094299316,0.5373214483261108,-0.0030701509676873684,0.4219568967819214,0.5296851992607117,-0.005561467260122299,0.41463780403137207,0.5244677066802979,-0.007795094046741724,0.40844982862472534,0.5211097002029419,-0.009403947740793228,0.4334896206855774,0.5472545623779297,-0.004675697069615126,0.4221225082874298,0.5426092743873596,-0.007441363297402859,0.41479042172431946,0.5384823083877563,-0.009627198800444603,0.4085392951965332,0.5352202653884888,-0.011108561418950558,0.4354974031448364,0.5576021671295166,-0.006550743710249662,0.42624330520629883,0.5608491897583008,-0.009612436406314373,0.4196598529815674,0.5617610216140747,-0.011260791681706905,0.41371914744377136,0.5621930360794067,-0.012219266034662724
555,18.51624843161857,0,Left,0.9747092127799988,0.45963752269744873,0.562254786491394,4.465955072419092e-08,0.45853275060653687,0.5425493717193604,-0.0026849990244954824,0.45203903317451477,0.5254884958267212,-0.003635060740634799,0.4463106691837311,0.5134205222129822,-0.004709528759121895,0.4424065351486206,0.5040096044540405,-0.005833292845636606,0.4371497333049774,0.5278164744377136,-0.002113005379214883,0.4282066822052002,0.5162966847419739,-0.0049474830739200115,0.4222799241542816,0.5093714594841003,-0.007305432576686144,0.4171334505081177,0.5040936470031738,-0.009096150286495686,0.43382295966148376,0.5372578501701355,-0.003217139281332493,0.42192643880844116,0.5297737717628479,-0.005811329465359449,0.4145911633968353,0.5245043039321899,-0.008107726462185383,0.4083748459815979,0.52098149061203,-0.009758473373949528,0.43341946601867676,0.5471977591514587,-0.004784627351909876,0.42208343744277954,0.5427437424659729,-0.007609841879457235,0.4147496521472931,0.5386408567428589,-0.009752725251019001,0.4084940254688263,0.5352626442909241,-0.01119612343609333,0.43548834323883057,0.5575317144393921,-0.006652153097093105,0.4262964427471161,0.5608879327774048,-0.009741097688674927,0.41978713870048523,0.5618205070495605,-0.011340167373418808,0.41391849517822266,0.5622147917747498,-0.012249774299561977
556,18.54961104140527,0,Left,0.9745482802391052,0.4600450098514557,0.5622993111610413,4.2053216020576656e-08,0.45896115899086,0.5424308180809021,-0.002715969691053033,0.45241570472717285,0.5254023671150208,-0.003734423778951168,0.4465969204902649,0.5131373405456543,-0.0048675742000341415,0.4425537586212158,0.5035353302955627,-0.006060936022549868,0.43763092160224915,0.5277893543243408,-0.0022503912914544344,0.4286295473575592,0.5164675712585449,-0.005128435790538788,0.4226808547973633,0.5096297264099121,-0.007508430629968643,0.4175116717815399,0.5044094324111938,-0.009317522868514061,0.4343692660331726,0.5370426774024963,-0.003389001591131091,0.4222732484340668,0.5296077728271484,-0.006037465762346983,0.41485223174095154,0.5243890881538391,-0.008363156579434872,0.40851250290870667,0.5209195613861084,-0.010041927918791771,0.43400710821151733,0.5468906164169312,-0.004988961853086948,0.42260804772377014,0.5424169898033142,-0.007883005775511265,0.41524678468704224,0.5383168458938599,-0.010073663666844368,0.4089493751525879,0.5350143909454346,-0.011551667004823685,0.4360664188861847,0.5572084188461304,-0.006882214453071356,0.4267447590827942,0.5607144832611084,-0.010028554126620293,0.42013728618621826,0.561658501625061,-0.011674665845930576,0.4141428470611572,0.5620662569999695,-0.012633525766432285
557,18.58297365119197,0,Left,0.9773792624473572,0.46033599972724915,0.5624861717224121,4.194376757027385e-08,0.45940902829170227,0.5427682995796204,-0.002643493702635169,0.4528094232082367,0.5254850387573242,-0.0035890459548681974,0.44704338908195496,0.5128287076950073,-0.00465270783752203,0.44303786754608154,0.5033004879951477,-0.005770835559815168,0.43807706236839294,0.5274503231048584,-0.00219117384403944,0.4291236102581024,0.5158107876777649,-0.005056260619312525,0.4231785237789154,0.5087838172912598,-0.007444432005286217,0.4180203080177307,0.5035662055015564,-0.009243485517799854,0.4346669912338257,0.5368000268936157,-0.00336257996968925,0.42241787910461426,0.5291345715522766,-0.005959697533398867,0.41506528854370117,0.5238379836082458,-0.008231724612414837,0.4088726341724396,0.5204848051071167,-0.009863284416496754,0.4341639578342438,0.5467332005500793,-0.004989979788661003,0.4227313995361328,0.5419933199882507,-0.007801195606589317,0.41541025042533875,0.5377485752105713,-0.009896990843117237,0.40914586186408997,0.5344674587249756,-0.011309349909424782,0.4360937178134918,0.5571673512458801,-0.0069123306311666965,0.42666518688201904,0.5601842403411865,-0.009949913248419762,0.42004087567329407,0.5609554648399353,-0.011475645005702972,0.4140547513961792,0.5613014698028564,-0.012351440265774727
558,18.61633626097867,0,Left,0.9733402132987976,0.46035268902778625,0.5625958442687988,4.201494618882862e-08,0.4595499336719513,0.5429271459579468,-0.0025626530405133963,0.4531431198120117,0.5253860354423523,-0.0035024816170334816,0.44742855429649353,0.5128734707832336,-0.004588184878230095,0.4436442255973816,0.5031601190567017,-0.0057398234494030476,0.4381829500198364,0.5269081592559814,-0.0019875054713338614,0.4293651282787323,0.5150368213653564,-0.004768683109432459,0.4236048758029938,0.5079600811004639,-0.00710753258317709,0.418612003326416,0.50274658203125,-0.008867730386555195,0.4347440004348755,0.5362201929092407,-0.0031627058051526546,0.42295515537261963,0.5276833772659302,-0.0056658415123820305,0.4158695936203003,0.522205650806427,-0.007874144241213799,0.409920871257782,0.5188383460044861,-0.009460732340812683,0.43412837386131287,0.5462666153907776,-0.004801340866833925,0.4227258265018463,0.5410105586051941,-0.007522897329181433,0.41539061069488525,0.5366695523262024,-0.009576893411576748,0.4091590344905853,0.5332595705986023,-0.01097042765468359,0.4359172284603119,0.5570474863052368,-0.0067303976975381374,0.4263141453266144,0.5595577955245972,-0.00969768688082695,0.4196889400482178,0.5601361989974976,-0.011185244657099247,0.41375935077667236,0.5602698922157288,-0.012036146596074104
559,18.64969887076537,0,Left,0.9691337943077087,0.45948562026023865,0.5622327923774719,4.708707734835116e-08,0.458750456571579,0.5425837635993958,-0.002529055578634143,0.45270654559135437,0.5249851942062378,-0.003438598243519664,0.44725650548934937,0.5124850273132324,-0.004498606082051992,0.4437662959098816,0.5028777718544006,-0.00558124203234911,0.4377588927745819,0.526401698589325,-0.0017459704540669918,0.42920392751693726,0.5145376920700073,-0.0043561579659581184,0.42368102073669434,0.5075101852416992,-0.006565338000655174,0.4189399480819702,0.5021263957023621,-0.008238596841692924,0.4340924024581909,0.5356516242027283,-0.002867097035050392,0.4226107895374298,0.5266661643981934,-0.005251836962997913,0.4156474769115448,0.5208642482757568,-0.0073785255663096905,0.40981054306030273,0.5168765187263489,-0.00889017153531313,0.43321219086647034,0.545846164226532,-0.004458073992282152,0.42189231514930725,0.5402231812477112,-0.0071522886864840984,0.41484683752059937,0.5358378291130066,-0.009232796728610992,0.4089395999908447,0.5320614576339722,-0.010619119741022587,0.43473175168037415,0.5569024682044983,-0.006333038676530123,0.4253881275653839,0.5593426823616028,-0.009344102814793587,0.41889744997024536,0.5601344108581543,-0.01090624462813139,0.41304755210876465,0.5602194666862488,-0.011786439456045628
560,18.68306148055207,0,Left,0.9726359844207764,0.45762038230895996,0.5620579719543457,5.192525520669733e-08,0.4568396806716919,0.5426713228225708,-0.002506485441699624,0.45057594776153564,0.5245615839958191,-0.0031732008792459965,0.4451776444911957,0.5111293792724609,-0.003916221670806408,0.44134899973869324,0.5018157958984375,-0.004625620320439339,0.4362603724002838,0.5263636112213135,-0.0013934859307482839,0.4282089173793793,0.5137208104133606,-0.0036448081955313683,0.4228592813014984,0.5062333345413208,-0.005646877456456423,0.4182010889053345,0.500608503818512,-0.007204982452094555,0.43232452869415283,0.5353761315345764,-0.002335122786462307,0.42124977707862854,0.525991678237915,-0.0043080816976726055,0.4145764112472534,0.5199450254440308,-0.00617195712402463,0.4089500308036804,0.5157252550125122,-0.007562038954347372,0.4309620261192322,0.5454491376876831,-0.003771277377381921,0.4199715852737427,0.5395002365112305,-0.00610562227666378,0.4132695496082306,0.5350351333618164,-0.008016279898583889,0.4076029658317566,0.5311387181282043,-0.009362011216580868,0.43192461133003235,0.5564351677894592,-0.005508903414011002,0.42277583479881287,0.5589555501937866,-0.008254852145910263,0.41647371649742126,0.5599995255470276,-0.009714415296912193,0.410690039396286,0.5601580142974854,-0.010575431399047375
561,18.71642409033877,0,Left,0.966498076915741,0.454395055770874,0.5635207295417786,5.351328979941172e-08,0.45367974042892456,0.543882429599762,-0.0023109889589250088,0.4476446807384491,0.5258110761642456,-0.0028534738812595606,0.44247129559516907,0.5128490328788757,-0.0035062816459685564,0.43898460268974304,0.5034015774726868,-0.004065016750246286,0.4339368939399719,0.527274489402771,-0.0007594756316393614,0.4265395700931549,0.5142985582351685,-0.0027621062472462654,0.42161762714385986,0.5069847702980042,-0.004581761546432972,0.41740864515304565,0.5016862154006958,-0.0059859976172447205,0.4297874867916107,0.5362049341201782,-0.0016380615998059511,0.4194645285606384,0.5265055894851685,-0.0033345622941851616,0.41340574622154236,0.5202515125274658,-0.004957582801580429,0.4084365665912628,0.5158076286315918,-0.006167925428599119,0.42808809876441956,0.546387255191803,-0.003037775633856654,0.41774043440818787,0.5405819416046143,-0.005065614357590675,0.4117302894592285,0.5358048677444458,-0.006735128816217184,0.40667250752449036,0.5313801765441895,-0.007940664887428284,0.42871126532554626,0.5575621724128723,-0.004745414946228266,0.4201798737049103,0.559769868850708,-0.007123534567654133,0.41432157158851624,0.5604447722434998,-0.008374474011361599,0.40893927216529846,0.5601970553398132,-0.009126861579716206
562,18.74978670012547,0,Left,0.9632794857025146,0.4502366781234741,0.5636512637138367,5.947161696440162e-08,0.4493997097015381,0.5438963174819946,-0.002372357062995434,0.443798303604126,0.5262766480445862,-0.0029212741646915674,0.43873316049575806,0.5136070251464844,-0.0036118056159466505,0.43479257822036743,0.5041527152061462,-0.0042183734476566315,0.4302936792373657,0.5283955335617065,-0.0002548483316786587,0.42331308126449585,0.5154873728752136,-0.0021926008630543947,0.41874152421951294,0.5080924034118652,-0.004106651060283184,0.41465991735458374,0.5025846362113953,-0.005553822033107281,0.4261895418167114,0.53751140832901,-0.0010378232691437006,0.4163455367088318,0.5282626748085022,-0.002584867412224412,0.41064220666885376,0.5223535895347595,-0.004294031299650669,0.4057912826538086,0.5181334614753723,-0.00558725418522954,0.4244209825992584,0.5477312803268433,-0.0023796577006578445,0.4148510992527008,0.5423060059547424,-0.0042662122286856174,0.4090979993343353,0.5378086566925049,-0.005886092782020569,0.4041118323802948,0.5336744785308838,-0.007048002444207668,0.42484965920448303,0.5587121844291687,-0.004048109520226717,0.4165838658809662,0.5607991814613342,-0.00622041430324316,0.4110807180404663,0.5614651441574097,-0.007276427000761032,0.4060310423374176,0.5612614154815674,-0.007873191498219967
563,18.783149309912172,0,Left,0.959854245185852,0.44597041606903076,0.5663222074508667,5.996542995490017e-08,0.44515669345855713,0.5467868447303772,-0.0023242731112986803,0.43974554538726807,0.5297527313232422,-0.002832896076142788,0.4349018931388855,0.5178923606872559,-0.0034185010008513927,0.4313524067401886,0.5095584988594055,-0.003960457164794207,0.42707324028015137,0.5319754481315613,-0.0011204166803508997,0.4199608564376831,0.5192225575447083,-0.0030467987526208162,0.4153125584125519,0.5115464329719543,-0.004797428846359253,0.41131463646888733,0.5058373808860779,-0.006094715092331171,0.4229685366153717,0.54122394323349,-0.001838142517954111,0.413354754447937,0.5322929620742798,-0.0032966993749141693,0.4076138138771057,0.5268204212188721,-0.004818941932171583,0.4027935564517975,0.5228238105773926,-0.0060041360557079315,0.42108258605003357,0.5515701174736023,-0.0030218518804758787,0.41167986392974854,0.5458544492721558,-0.004734021611511707,0.40587636828422546,0.5415585041046143,-0.006243153940886259,0.4009478986263275,0.5374907851219177,-0.007388317491859198,0.4213712811470032,0.5629701614379883,-0.004511734936386347,0.4131653606891632,0.5654461979866028,-0.0065059540793299675,0.4077337086200714,0.5662615299224854,-0.007477170322090387,0.4028955101966858,0.566129207611084,-0.00805058516561985
564,18.816511919698872,0,Left,0.9635645151138306,0.4426915645599365,0.5689637660980225,6.271717722938774e-08,0.4416414201259613,0.5498417019844055,-0.00256169680505991,0.4355985224246979,0.5330386161804199,-0.003027125494554639,0.4301595985889435,0.5210088491439819,-0.003505172673612833,0.42616212368011475,0.5118846297264099,-0.003944380208849907,0.4231116771697998,0.5358697175979614,-0.0009352635825052857,0.4158895015716553,0.5238044261932373,-0.0025913864374160767,0.41135066747665405,0.5167191028594971,-0.004233347252011299,0.4073534905910492,0.511409342288971,-0.005518954247236252,0.4191778004169464,0.545653223991394,-0.001456917729228735,0.4097345769405365,0.5374292731285095,-0.0026027727872133255,0.40417733788490295,0.5322399735450745,-0.004021499305963516,0.39949193596839905,0.5284417271614075,-0.005201308988034725,0.41750308871269226,0.5564290285110474,-0.0024914296809583902,0.4080798327922821,0.551160454750061,-0.004026159178465605,0.40230199694633484,0.5474861264228821,-0.005554046481847763,0.3973512053489685,0.5439758896827698,-0.006760461255908012,0.4180161952972412,0.5680262446403503,-0.0038497834466397762,0.4098578691482544,0.5706875920295715,-0.005860530771315098,0.40439945459365845,0.5718024969100952,-0.006948583759367466,0.39940145611763,0.5719553828239441,-0.007613078225404024
565,18.84987452948557,0,Left,0.9659807085990906,0.4399445652961731,0.572508692741394,5.9313734368515725e-08,0.4382227063179016,0.5543689131736755,-0.0025307920295745134,0.43175673484802246,0.5387653112411499,-0.003072702558711171,0.42633676528930664,0.5277294516563416,-0.003679094836115837,0.4223078191280365,0.519260823726654,-0.004274977371096611,0.4192931354045868,0.5423243045806885,-0.001198501791805029,0.4117720127105713,0.5315919518470764,-0.003112150589004159,0.40710198879241943,0.5248427391052246,-0.004898890852928162,0.403032511472702,0.5195847749710083,-0.0062257819809019566,0.4159102141857147,0.5521470308303833,-0.0018617333844304085,0.40634778141975403,0.5449647903442383,-0.003165705595165491,0.4006648063659668,0.5404285788536072,-0.004543622024357319,0.39601263403892517,0.5372467041015625,-0.005674485582858324,0.414826899766922,0.5627650022506714,-0.003050013445317745,0.40545451641082764,0.5588808655738831,-0.004691201727837324,0.3996604382991791,0.5566725730895996,-0.006113730370998383,0.39484116435050964,0.5546464920043945,-0.007213843520730734,0.41593506932258606,0.5741326808929443,-0.004587570670992136,0.4077552258968353,0.5776737332344055,-0.006710665300488472,0.4023653268814087,0.5797772407531738,-0.007805921137332916,0.3973897397518158,0.5810980200767517,-0.008451953530311584
566,18.88323713927227,0,Left,0.9550560116767883,0.43646666407585144,0.578558623790741,6.37045616258547e-08,0.4341539740562439,0.5604038834571838,-0.0025828343350440264,0.4277273714542389,0.5453945398330688,-0.0034139680210500956,0.4217628240585327,0.5348461866378784,-0.004255343694239855,0.41721203923225403,0.5261314511299133,-0.005116571206599474,0.4152991771697998,0.5494202375411987,-0.0016182969557121396,0.4073026776313782,0.5390416383743286,-0.003731122240424156,0.402530312538147,0.5328168272972107,-0.005586113780736923,0.39846622943878174,0.5284191370010376,-0.00693350937217474,0.41196686029434204,0.5593987107276917,-0.002333241980522871,0.40181413292884827,0.5525519251823425,-0.0037932072300463915,0.39599674940109253,0.5484520792961121,-0.005312297958880663,0.3914104700088501,0.5459420680999756,-0.006490623578429222,0.4111202359199524,0.5702593922615051,-0.0035445443354547024,0.4013455808162689,0.5670179724693298,-0.005301889032125473,0.39514002203941345,0.5641421675682068,-0.006997182499617338,0.39004406332969666,0.5614210963249207,-0.008301546797156334,0.4125863015651703,0.581669807434082,-0.00505313603207469,0.40481236577033997,0.5864068269729614,-0.007284858264029026,0.39961153268814087,0.5890011191368103,-0.008495181798934937,0.3948674499988556,0.5906471610069275,-0.00920249056071043
567,18.91659974905897,0,Left,0.9688246250152588,0.43509387969970703,0.5843679904937744,5.358408472488918e-08,0.4322971999645233,0.5668073892593384,-0.002824772847816348,0.42486056685447693,0.5527064204216003,-0.003562729340046644,0.41840365529060364,0.5430541038513184,-0.004320991691201925,0.4136471152305603,0.5356073379516602,-0.005124721210449934,0.4124875068664551,0.5584390163421631,-0.001587540260516107,0.4039769470691681,0.5496877431869507,-0.003591882763430476,0.398833692073822,0.5438140034675598,-0.0053666760213673115,0.3946493864059448,0.5394678711891174,-0.0067375460639595985,0.40939438343048096,0.5689854621887207,-0.002249655779451132,0.39899712800979614,0.5647183656692505,-0.003775682533159852,0.3931258022785187,0.5615392923355103,-0.005239196587353945,0.3885211944580078,0.5593127608299255,-0.0064055402763187885,0.40879154205322266,0.5799838304519653,-0.003486705245450139,0.3982221782207489,0.577506959438324,-0.005517093930393457,0.39124733209609985,0.5756376385688782,-0.007431690581142902,0.385474294424057,0.5737465620040894,-0.008914763107895851,0.41070064902305603,0.5911966562271118,-0.005035470239818096,0.40292468667030334,0.5969505310058594,-0.0076834531500935555,0.397573322057724,0.6004018187522888,-0.009234460070729256,0.3927335739135742,0.602962076663971,-0.010217146016657352
568,18.94996235884567,0,Left,0.9763606786727905,0.4339527189731598,0.5899140238761902,6.018887432901465e-08,0.4303886294364929,0.5729922652244568,-0.003210532246157527,0.4226098954677582,0.5596328973770142,-0.004256581421941519,0.4159209132194519,0.5508275628089905,-0.0051942444406449795,0.411003440618515,0.543785572052002,-0.006157920230180025,0.41029471158981323,0.5678499937057495,-0.0028064746875315905,0.4011906385421753,0.5594774484634399,-0.0053702001459896564,0.39551427960395813,0.5541249513626099,-0.0074872481636703014,0.39084914326667786,0.5502933263778687,-0.009016288444399834,0.40771201252937317,0.578945517539978,-0.003432119730859995,0.39648109674453735,0.575613796710968,-0.005473433993756771,0.3898237347602844,0.5731191635131836,-0.0072971004992723465,0.3845919966697693,0.5715138912200928,-0.008663413114845753,0.4077204167842865,0.5900394916534424,-0.004567147232592106,0.3968769311904907,0.5891212224960327,-0.00689109368249774,0.3900933563709259,0.5875921845436096,-0.008851159363985062,0.38456642627716064,0.585921049118042,-0.010293221101164818,0.41018733382225037,0.6009777188301086,-0.0060342298820614815,0.4023268520832062,0.607791006565094,-0.008793983608484268,0.397100567817688,0.6118384003639221,-0.010259242728352547,0.39233827590942383,0.6147814989089966,-0.01111934520304203
569,18.98332496863237,0,Left,0.9788153171539307,0.4332149624824524,0.5951117277145386,5.8225733567951465e-08,0.42923134565353394,0.57842618227005,-0.0028616879135370255,0.4211541712284088,0.5657730102539062,-0.0039033524226397276,0.4144151508808136,0.5565198063850403,-0.004906655289232731,0.4095347225666046,0.5493714213371277,-0.005872955545783043,0.4090109169483185,0.5733115077018738,-0.002049557399004698,0.3997659981250763,0.5654772520065308,-0.004423082806169987,0.39396169781684875,0.5608127117156982,-0.006453542038798332,0.3891918659210205,0.5575330853462219,-0.007949165999889374,0.40667060017585754,0.5845256447792053,-0.002783831674605608,0.3955904245376587,0.5809973478317261,-0.004702633246779442,0.3890186846256256,0.5789799094200134,-0.0064399633556604385,0.38383597135543823,0.5776559710502625,-0.007727751974016428,0.40675660967826843,0.5958362817764282,-0.004026100970804691,0.3958154320716858,0.5953067541122437,-0.006251313723623753,0.3890596032142639,0.5944801568984985,-0.007982870563864708,0.3834591209888458,0.5931991934776306,-0.009242827072739601,0.40928351879119873,0.6069721579551697,-0.005575367249548435,0.40145835280418396,0.6142378449440002,-0.008151751942932606,0.39601361751556396,0.6185028553009033,-0.009391638450324535,0.3908994197845459,0.621307909488678,-0.010104690678417683
570,19.01668757841907,0,Right,0.6709069013595581,0.520408034324646,0.6518700122833252,-6.098088078942965e-07,0.4833384156227112,0.6358286142349243,-0.021978477016091347,0.44952550530433655,0.6199174523353577,-0.04698432981967926,0.42244693636894226,0.6072828769683838,-0.06943796575069427,0.39623382687568665,0.5888880491256714,-0.09112414717674255,0.4933755397796631,0.6108522415161133,-0.06659494340419769,0.48624691367149353,0.6758570671081543,-0.09559740126132965,0.4806493818759918,0.7255432605743408,-0.1133405789732933,0.4778841733932495,0.7673700451850891,-0.12305434048175812,0.5265438556671143,0.6153761148452759,-0.06767575442790985,0.5190507769584656,0.6972858309745789,-0.09595733880996704,0.5185298919677734,0.7457918524742126,-0.10838072746992111,0.5230710506439209,0.7840057611465454,-0.11785630881786346,0.5553000569343567,0.6167606711387634,-0.06753082573413849,0.5642419457435608,0.6583631634712219,-0.09487047791481018,0.5669583678245544,0.6710762977600098,-0.1028195470571518,0.5716738700866699,0.6841814517974854,-0.10750608146190643,0.5768074989318848,0.6200716495513916,-0.06799932569265366,0.6059967279434204,0.6124157309532166,-0.08936987817287445,0.6300047636032104,0.59433913230896,-0.09471876174211502,0.6526139378547668,0.5809574127197266,-0.09819918870925903
570,19.01668757841907,1,Left,0.9649707674980164,0.4293896555900574,0.5982825756072998,6.772273053456956e-08,0.4253503978252411,0.5840754508972168,-0.002874102210626006,0.41692936420440674,0.5728781223297119,-0.003807698143646121,0.4106786847114563,0.5669111609458923,-0.004790825303643942,0.40574923157691956,0.5624389052391052,-0.0057494682259857655,0.4036819338798523,0.5797078609466553,-0.000883761967997998,0.39424964785575867,0.5745264291763306,-0.0034412741661071777,0.38820719718933105,0.5720610022544861,-0.005931290797889233,0.38337117433547974,0.5703191161155701,-0.0075910682789981365,0.40218448638916016,0.5902708172798157,-0.001326115452684462,0.3920925259590149,0.5868726968765259,-0.0033279580529779196,0.38555487990379333,0.5853689908981323,-0.005419963039457798,0.38014212250709534,0.5845097899436951,-0.0068262238055467606,0.4024975299835205,0.6009930968284607,-0.0023369628470391035,0.39269790053367615,0.599640965461731,-0.004207021091133356,0.38653603196144104,0.5984694957733154,-0.005242249928414822,0.38135215640068054,0.5976876020431519,-0.005847805645316839,0.4046515226364136,0.6121277809143066,-0.0037411586381495,0.39633908867836,0.6123721599578857,-0.005408667493611574,0.39095833897590637,0.6118212938308716,-0.005653582513332367,0.3863750696182251,0.6111547946929932,-0.005579610820859671
571,19.05005018820577,0,Right,0.7204968333244324,0.5174418687820435,0.6769893169403076,-3.6159860883344663e-07,0.4814942181110382,0.65235835313797,-0.018664736300706863,0.44671162962913513,0.6288659572601318,-0.04410213604569435,0.4169504642486572,0.6158839464187622,-0.06813780963420868,0.3935626745223999,0.5958938002586365,-0.09162211418151855,0.48700520396232605,0.5939217209815979,-0.053282205015420914,0.48183804750442505,0.6582285165786743,-0.0801403671503067,0.4757035970687866,0.7102341055870056,-0.09789834171533585,0.46988043189048767,0.7593775987625122,-0.10753948986530304,0.5218020677566528,0.5994694232940674,-0.05670921504497528,0.5259299278259277,0.6669139862060547,-0.07666553556919098,0.5296579599380493,0.7010769844055176,-0.08597400784492493,0.5341553688049316,0.7257703542709351,-0.09470616281032562,0.55220627784729,0.6099500060081482,-0.05994637310504913,0.5733755826950073,0.6404893398284912,-0.07900029420852661,0.5835965871810913,0.6445814967155457,-0.08292354643344879,0.5922276973724365,0.6436702013015747,-0.08654215186834335,0.5755360126495361,0.6266179084777832,-0.0641363188624382,0.6058535575866699,0.6281189322471619,-0.0773075595498085,0.6292639970779419,0.6159335374832153,-0.07630086690187454,0.6505811810493469,0.5997061729431152,-0.07622230052947998
571,19.05005018820577,1,Left,0.9577510356903076,0.42919859290122986,0.606895387172699,6.470362023947018e-08,0.42657360434532166,0.5920324921607971,-0.004521239548921585,0.418661504983902,0.5800995826721191,-0.006283324211835861,0.4119170308113098,0.5739117860794067,-0.007791771087795496,0.40678367018699646,0.5688517093658447,-0.009217248298227787,0.4040443003177643,0.5846940875053406,-0.002327277325093746,0.3944851756095886,0.5800716280937195,-0.005178501829504967,0.38796404004096985,0.5786997675895691,-0.00782686285674572,0.38279297947883606,0.5779129266738892,-0.009729776531457901,0.40212345123291016,0.5961647629737854,-0.002232436090707779,0.39228132367134094,0.5927135348320007,-0.004744327627122402,0.38571974635124207,0.591646671295166,-0.007186313159763813,0.380201131105423,0.5911092758178711,-0.008876769803464413,0.4023906886577606,0.6077439785003662,-0.0028373764362186193,0.3929999768733978,0.6061624884605408,-0.005193817429244518,0.3870302140712738,0.6057240962982178,-0.0065762936137616634,0.3819694519042969,0.6055586934089661,-0.007460535038262606,0.4046470522880554,0.6194734573364258,-0.00397266261279583,0.3968937397003174,0.6212697625160217,-0.006194384768605232,0.3917091190814972,0.6222196221351624,-0.0069197253324091434,0.38728201389312744,0.6227213144302368,-0.007204005960375071
572,19.083412797992473,0,Right,0.760473370552063,0.5230334401130676,0.6571494340896606,-4.788521437149029e-07,0.4850679934024811,0.6416298747062683,-0.020172830671072006,0.4519050121307373,0.6304718255996704,-0.043564971536397934,0.4224623739719391,0.6191701292991638,-0.06547865271568298,0.3971366286277771,0.5982040762901306,-0.08719678968191147,0.4950549900531769,0.617870569229126,-0.05473949387669563,0.48533332347869873,0.6736445426940918,-0.0794709324836731,0.4802100658416748,0.7158677577972412,-0.09466402977705002,0.4769915044307709,0.7519253492355347,-0.10313764959573746,0.5256803035736084,0.6219586133956909,-0.05659378319978714,0.5192187428474426,0.6861376166343689,-0.08050494641065598,0.5184118151664734,0.7232807874679565,-0.09240999817848206,0.5219308137893677,0.7479668259620667,-0.10219448059797287,0.5539436936378479,0.6218764185905457,-0.05772510915994644,0.564774751663208,0.6521007418632507,-0.08185657113790512,0.5724418759346008,0.6563825607299805,-0.08990036696195602,0.5809305310249329,0.659508466720581,-0.09524185210466385,0.5772930979728699,0.6237937211990356,-0.05955443158745766,0.6062968969345093,0.6205050349235535,-0.07666435837745667,0.6296048164367676,0.6057019233703613,-0.07959657162427902,0.6515325903892517,0.5921521782875061,-0.08211226016283035
572,19.083412797992473,1,Left,0.9795675873756409,0.42895665764808655,0.61104816198349,5.3251369536155835e-08,0.42654526233673096,0.5964666604995728,-0.004876445047557354,0.4184085428714752,0.5831542015075684,-0.006687731482088566,0.41086676716804504,0.5743229985237122,-0.008187582716345787,0.40519753098487854,0.5672613382339478,-0.009593229740858078,0.4044169783592224,0.5864490866661072,-0.0030335797928273678,0.3952159285545349,0.5809527039527893,-0.006278480868786573,0.3891511559486389,0.5784236192703247,-0.009183255955576897,0.3843367099761963,0.5768395662307739,-0.011194593273103237,0.4017912745475769,0.5986747741699219,-0.0027566098142415285,0.3919522166252136,0.5958106517791748,-0.005355590954422951,0.3855631351470947,0.5948121547698975,-0.007589508313685656,0.38041138648986816,0.5941645503044128,-0.009105248376727104,0.40172767639160156,0.6108918190002441,-0.003229169175028801,0.39221978187561035,0.6101955771446228,-0.005777859594672918,0.38625404238700867,0.6100605726242065,-0.007066412828862667,0.3813706040382385,0.6097778677940369,-0.007857659831643105,0.40410488843917847,0.6233698129653931,-0.004250017926096916,0.3962884843349457,0.6265684366226196,-0.006763663608580828,0.39118432998657227,0.6289475560188293,-0.007500095292925835,0.3867655396461487,0.6308556795120239,-0.007736310828477144
573,19.116775407779173,0,Right,0.8607809543609619,0.5202993750572205,0.6859931945800781,-4.407259837080346e-07,0.48603811860084534,0.6603469252586365,-0.020362136885523796,0.4515785574913025,0.6366065144538879,-0.04390915855765343,0.4200407862663269,0.6214518547058105,-0.06618695706129074,0.3917728364467621,0.6005341410636902,-0.08749954402446747,0.4903458058834076,0.5985081195831299,-0.05156669765710831,0.4835004508495331,0.6527172327041626,-0.07922735065221786,0.48039868474006653,0.705264687538147,-0.09561967849731445,0.4779394865036011,0.7507774233818054,-0.10376006364822388,0.5219162702560425,0.6062862277030945,-0.05387243628501892,0.5143706202507019,0.6724206805229187,-0.08261295408010483,0.5143318176269531,0.7238534688949585,-0.09448454529047012,0.5171026587486267,0.7632449865341187,-0.10140789300203323,0.5511779189109802,0.6160711646080017,-0.056350089609622955,0.5609405636787415,0.6447663307189941,-0.0830170139670372,0.569563090801239,0.6594856381416321,-0.08996168524026871,0.5772818326950073,0.6705811619758606,-0.09253206104040146,0.5756450891494751,0.6297213435173035,-0.05956198647618294,0.603286862373352,0.624792754650116,-0.07716108113527298,0.6272106170654297,0.6094120740890503,-0.08003008365631104,0.6491614580154419,0.591995120048523,-0.08126665651798248
573,19.116775407779173,1,Left,0.9849749803543091,0.4288700222969055,0.6122882962226868,5.498038291307239e-08,0.4262911081314087,0.5969182252883911,-0.004996347241103649,0.41809117794036865,0.5832140445709229,-0.006813491694629192,0.41068580746650696,0.5740507245063782,-0.008321846835315228,0.4053577482700348,0.5662850141525269,-0.009806050918996334,0.4043954312801361,0.5879835486412048,-0.00366724980995059,0.39536166191101074,0.5817844867706299,-0.007007462438195944,0.38936761021614075,0.5790019035339355,-0.009923274628818035,0.38451075553894043,0.5772044658660889,-0.011970190331339836,0.40172332525253296,0.600697934627533,-0.0034622547682374716,0.39171966910362244,0.5977576971054077,-0.006171190645545721,0.38506609201431274,0.596518337726593,-0.00843740627169609,0.3799857795238495,0.5955115556716919,-0.010012014769017696,0.40193867683410645,0.6132124066352844,-0.003992561716586351,0.39204907417297363,0.6129822134971619,-0.006740289274603128,0.3858594000339508,0.6128557324409485,-0.008405113592743874,0.38109126687049866,0.6121599078178406,-0.009489107877016068,0.40483152866363525,0.6256861686706543,-0.0050611114129424095,0.3970874547958374,0.630423903465271,-0.008046398870646954,0.3917979598045349,0.634058952331543,-0.00927604641765356,0.3872876763343811,0.6370518207550049,-0.009845005348324776
574,19.150138017565872,0,Right,0.7518978714942932,0.5190700888633728,0.7088319659233093,-4.518346656823269e-07,0.48349836468696594,0.6724575161933899,-0.01887347176671028,0.4527193605899811,0.6410454511642456,-0.03927186131477356,0.42353707551956177,0.6227908730506897,-0.057948172092437744,0.40295398235321045,0.599162757396698,-0.07607223838567734,0.5033278465270996,0.5937767028808594,-0.04891683906316757,0.4927903413772583,0.6552917957305908,-0.06840944290161133,0.48960763216018677,0.7039151787757874,-0.079233318567276,0.4879698157310486,0.7436501383781433,-0.08571183681488037,0.5328832268714905,0.6014841198921204,-0.050393253564834595,0.5262806415557861,0.66905277967453,-0.07410869002342224,0.524277925491333,0.7116615176200867,-0.08781455457210541,0.5265994668006897,0.7394905686378479,-0.0979548767209053,0.5589776635169983,0.6120527982711792,-0.05086774751543999,0.5699832439422607,0.6434727907180786,-0.07538444548845291,0.5796039700508118,0.6487273573875427,-0.08731383830308914,0.5905269384384155,0.6530349850654602,-0.09460814297199249,0.5783730149269104,0.6282421946525574,-0.051395948976278305,0.606494665145874,0.6214448809623718,-0.07023264467716217,0.6298618912696838,0.6050588488578796,-0.07672150433063507,0.6523216962814331,0.5881813168525696,-0.08096135407686234
574,19.150138017565872,1,Left,0.9870166182518005,0.4292249381542206,0.6124883890151978,6.107765671004017e-08,0.42577072978019714,0.5963316559791565,-0.004384753294289112,0.4172880947589874,0.582373321056366,-0.006030104123055935,0.4101261794567108,0.5730642676353455,-0.007458447944372892,0.4049525558948517,0.5653482675552368,-0.00893027801066637,0.40437352657318115,0.589780330657959,-0.003595058573409915,0.3953951895236969,0.5825756192207336,-0.0069898394867777824,0.38936322927474976,0.5789651870727539,-0.00991794653236866,0.384357213973999,0.5762394070625305,-0.011962119489908218,0.4018796384334564,0.6026896834373474,-0.00375244184397161,0.39173001050949097,0.599012017250061,-0.006436869502067566,0.38506248593330383,0.5970554947853088,-0.008632520213723183,0.3798651099205017,0.5951352119445801,-0.010205372236669064,0.40223222970962524,0.6153867840766907,-0.004580976441502571,0.39198198914527893,0.6148388385772705,-0.0072969188913702965,0.38541993498802185,0.6141597628593445,-0.008935578167438507,0.3803289234638214,0.6128159761428833,-0.010059959255158901,0.40534111857414246,0.6278352737426758,-0.005895655136555433,0.3972293734550476,0.6335939764976501,-0.008850187994539738,0.39139804244041443,0.6372460722923279,-0.010084673762321472,0.3863031566143036,0.6398289203643799,-0.010720125399529934
575,19.183500627352572,0,Right,0.7525440454483032,0.5171726942062378,0.7027744650840759,-1.578106463284712e-07,0.48062244057655334,0.6727309226989746,-0.026031849905848503,0.44796881079673767,0.6415855288505554,-0.05155406519770622,0.41833800077438354,0.6229324340820312,-0.07377922534942627,0.39649781584739685,0.6047841310501099,-0.09464441239833832,0.4907560348510742,0.5934256315231323,-0.05818172171711922,0.4938308298587799,0.6507152915000916,-0.08033689856529236,0.4952928423881531,0.6906670928001404,-0.09152906388044357,0.49548283219337463,0.7251306176185608,-0.09802264720201492,0.524533748626709,0.6018131971359253,-0.0571468286216259,0.532997727394104,0.6538568735122681,-0.07702483236789703,0.5396276116371155,0.674015462398529,-0.08603756874799728,0.548369288444519,0.686607301235199,-0.09450213611125946,0.5532539486885071,0.6138826012611389,-0.05616204813122749,0.5730652213096619,0.6409326195716858,-0.07678603380918503,0.5865268707275391,0.6441490054130554,-0.08297432214021683,0.6001352667808533,0.6431093215942383,-0.08759701997041702,0.5741925239562988,0.6325272917747498,-0.056476302444934845,0.6037477850914001,0.6322373747825623,-0.07233526557683945,0.6280277967453003,0.6213597655296326,-0.07506020367145538,0.651293158531189,0.6064566373825073,-0.0771816223859787
575,19.183500627352572,1,Left,0.9850814938545227,0.4302210509777069,0.6138448119163513,5.916716716569681e-08,0.4265897274017334,0.596847653388977,-0.004133459180593491,0.41796836256980896,0.5830422043800354,-0.005646439269185066,0.4106384813785553,0.57421875,-0.00696721812710166,0.40533384680747986,0.5666516423225403,-0.008348149247467518,0.40568628907203674,0.5904729962348938,-0.0033945797476917505,0.396330863237381,0.5833836197853088,-0.006710255518555641,0.390119731426239,0.579351544380188,-0.009534970857203007,0.3849280774593353,0.5761377811431885,-0.01148032583296299,0.4030897319316864,0.6032692193984985,-0.0035773133859038353,0.3924160301685333,0.6000456213951111,-0.006191478576511145,0.38552403450012207,0.5980547666549683,-0.008330438286066055,0.380077064037323,0.5960791110992432,-0.009874560870230198,0.40321874618530273,0.6157925128936768,-0.004408127628266811,0.39284682273864746,0.6151838302612305,-0.00702796783298254,0.38610032200813293,0.61447674036026,-0.008725883439183235,0.3809088468551636,0.6130776405334473,-0.009895022958517075,0.40601977705955505,0.6279769539833069,-0.005705154500901699,0.39757850766181946,0.6335034370422363,-0.008519655093550682,0.3916268050670624,0.6371361613273621,-0.009769338183104992,0.38642317056655884,0.6396647095680237,-0.010448673740029335
576,19.216863237139272,0,Left,0.982491135597229,0.4311213493347168,0.6137900948524475,5.860014695713289e-08,0.4273837208747864,0.5959131121635437,-0.003852828172966838,0.4185936152935028,0.5819423198699951,-0.0051421914249658585,0.41100308299064636,0.5736504197120667,-0.006271765101701021,0.4056595265865326,0.5662263035774231,-0.007475488353520632,0.40663596987724304,0.5899286270141602,-0.0031481077894568443,0.397025465965271,0.5828854441642761,-0.006227821111679077,0.39086300134658813,0.5787236094474792,-0.008759311400353909,0.38579055666923523,0.5752614736557007,-0.010515180416405201,0.40390247106552124,0.6024678945541382,-0.0033833819907158613,0.3929269015789032,0.5989536046981812,-0.005840561352670193,0.38596200942993164,0.5965195298194885,-0.00787108764052391,0.3804376423358917,0.5941192507743835,-0.00935296155512333,0.40385445952415466,0.6147661805152893,-0.004236898850649595,0.393209844827652,0.6142148971557617,-0.006789692211896181,0.38634535670280457,0.6137332320213318,-0.008676859550178051,0.3810148239135742,0.6124180555343628,-0.01001742947846651,0.40646231174468994,0.6266047358512878,-0.005502673331648111,0.3982234597206116,0.6327601075172424,-0.008322223089635372,0.3924769461154938,0.636849582195282,-0.009769221767783165,0.38735634088516235,0.6397729516029358,-0.01062526274472475
577,19.25022584692597,0,Right,0.7401591539382935,0.5214985609054565,0.7158985137939453,-3.515130231335206e-07,0.4875841438770294,0.6871834993362427,-0.02202131412923336,0.45849132537841797,0.6493653059005737,-0.03999612480401993,0.43272724747657776,0.619606614112854,-0.054956503212451935,0.4111497700214386,0.5981304049491882,-0.06761039048433304,0.4985314607620239,0.5680614113807678,-0.04057057574391365,0.5037155151367188,0.642353355884552,-0.06075700372457504,0.5042321085929871,0.6929841041564941,-0.07309532910585403,0.5028071403503418,0.7315025329589844,-0.07959684729576111,0.5295871496200562,0.5763664841651917,-0.03935642167925835,0.5313253402709961,0.6520050764083862,-0.05877707526087761,0.5293472409248352,0.6854872107505798,-0.06849091500043869,0.5297148823738098,0.7114683389663696,-0.07522957026958466,0.5556760430335999,0.5975906848907471,-0.03881027549505234,0.5622312426567078,0.6424458026885986,-0.060456544160842896,0.5607908964157104,0.6615810394287109,-0.06627882272005081,0.5608519911766052,0.6757509112358093,-0.06782685220241547,0.5756840109825134,0.6249849796295166,-0.03931591287255287,0.5981621146202087,0.6186102628707886,-0.056589920073747635,0.6153039932250977,0.6024014949798584,-0.0603010319173336,0.6315062046051025,0.5869249105453491,-0.06062287092208862
577,19.25022584692597,1,Left,0.9772113561630249,0.43104997277259827,0.6139675974845886,5.59421167167784e-08,0.42734307050704956,0.5956690907478333,-0.004014349076896906,0.4186778664588928,0.5809478759765625,-0.005329770967364311,0.4112740457057953,0.5716509222984314,-0.0064697773195803165,0.4061427414417267,0.5639119744300842,-0.007676813285797834,0.40715324878692627,0.5884360074996948,-0.0031799394637346268,0.3978688716888428,0.5812873244285583,-0.006231193896383047,0.3918324410915375,0.5772013068199158,-0.00876274611800909,0.3868425190448761,0.5738987922668457,-0.010539909824728966,0.4042445421218872,0.6010512113571167,-0.0033351352903991938,0.3933027684688568,0.5980002284049988,-0.005727181676775217,0.3865659534931183,0.5957472920417786,-0.007777124643325806,0.3811940550804138,0.5934285521507263,-0.009283330291509628,0.40410175919532776,0.6132890582084656,-0.0041130464524030685,0.393477201461792,0.6125676035881042,-0.00658606318756938,0.38666394352912903,0.6121824383735657,-0.008541573770344257,0.3812914490699768,0.6108867526054382,-0.009966232813894749,0.4065694510936737,0.6249792575836182,-0.005313283298164606,0.3987482488155365,0.630833625793457,-0.008027300238609314,0.3932913541793823,0.6349343061447144,-0.009453785605728626,0.38839516043663025,0.6378893256187439,-0.01031563151627779
578,19.28358845671267,0,Left,0.981110692024231,0.43101078271865845,0.6122702956199646,5.6205291087962905e-08,0.42744114995002747,0.5938271284103394,-0.003909737803041935,0.4188506007194519,0.5794219374656677,-0.005115610547363758,0.4115290641784668,0.5705292224884033,-0.006114140618592501,0.4065757095813751,0.5628138780593872,-0.007177623920142651,0.40720292925834656,0.5872841477394104,-0.003218843601644039,0.398049920797348,0.5798810124397278,-0.006115904543548822,0.392008513212204,0.575883686542511,-0.008488666266202927,0.38709041476249695,0.5727033615112305,-0.010169325396418571,0.4043114185333252,0.6001016497612,-0.0033391278702765703,0.39338237047195435,0.5968495607376099,-0.005597510375082493,0.38670408725738525,0.594438374042511,-0.00748468330129981,0.3814466595649719,0.5918620228767395,-0.008882060647010803,0.40414851903915405,0.612308919429779,-0.004045945592224598,0.39371228218078613,0.6115174293518066,-0.006327386945486069,0.3870801627635956,0.6106417179107666,-0.008132977411150932,0.3818683326244354,0.6088231801986694,-0.009495635516941547,0.406611829996109,0.623796284198761,-0.0051678563468158245,0.39894869923591614,0.6296849250793457,-0.007713134400546551,0.3935653865337372,0.6334644556045532,-0.009054139256477356,0.38866376876831055,0.6359429359436035,-0.009882655926048756
579,19.31695106649937,0,Left,0.9788175225257874,0.4315459132194519,0.6133725047111511,5.7358125360451595e-08,0.42853835225105286,0.5951537489891052,-0.0032957717776298523,0.42059770226478577,0.5802010893821716,-0.0043628583662211895,0.4138961136341095,0.569570779800415,-0.005387625191360712,0.40939733386039734,0.5605644583702087,-0.006451649125665426,0.40840938687324524,0.5861209630966187,-0.002245645271614194,0.3995359241962433,0.5771525502204895,-0.005120817571878433,0.394179105758667,0.5713746547698975,-0.007580594625324011,0.3900560140609741,0.5663439035415649,-0.009245574474334717,0.40514692664146423,0.5978227257728577,-0.0026737654116004705,0.3941175043582916,0.5932615399360657,-0.004778643604367971,0.38735464215278625,0.5894147157669067,-0.00670497165992856,0.38224583864212036,0.5860323905944824,-0.008099432103335857,0.4046121835708618,0.6095213890075684,-0.0037024966441094875,0.39399608969688416,0.6079320311546326,-0.005946068093180656,0.3874349892139435,0.6060391068458557,-0.007837296463549137,0.38233962655067444,0.6034159660339355,-0.009197864681482315,0.4067164659500122,0.6209538578987122,-0.005109959747642279,0.3987952470779419,0.6265606880187988,-0.007680180482566357,0.3932958245277405,0.6300525665283203,-0.009026611223816872,0.3883375823497772,0.6322687864303589,-0.009816362522542477
580,19.350313676286074,0,Left,0.9745933413505554,0.4331051707267761,0.6137276887893677,5.638488076442627e-08,0.43077629804611206,0.5955809354782104,-0.003251936985179782,0.42394039034843445,0.5795605778694153,-0.004290723707526922,0.4178158938884735,0.5684159994125366,-0.005342137534171343,0.4135349690914154,0.5595085620880127,-0.006377084646373987,0.4103114902973175,0.5819564461708069,-0.0016955685568973422,0.4018291234970093,0.570734441280365,-0.004175730049610138,0.3966432213783264,0.5641208291053772,-0.006440388038754463,0.39261332154273987,0.5588070154190063,-0.007996217347681522,0.4068750739097595,0.5931717753410339,-0.002221232745796442,0.3963426947593689,0.5867518782615662,-0.003922083880752325,0.39002567529678345,0.5825220346450806,-0.0057779042981565,0.3852166533470154,0.5793920159339905,-0.007122435141354799,0.4061431884765625,0.6049639582633972,-0.0033341958187520504,0.39586225152015686,0.6017675995826721,-0.005248552188277245,0.38967111706733704,0.5993596315383911,-0.007075881585478783,0.38481196761131287,0.596544623374939,-0.008404693566262722,0.40797266364097595,0.6171585321426392,-0.004839717410504818,0.4002700746059418,0.6223185062408447,-0.007219396997243166,0.3951033353805542,0.625520646572113,-0.008398321457207203,0.39057016372680664,0.6275069117546082,-0.009006970562040806
581,19.383676286072774,0,Left,0.9753662347793579,0.4359706938266754,0.6155716180801392,6.037658550894776e-08,0.4349289536476135,0.5972013473510742,-0.0036271412391215563,0.4289625585079193,0.5812923908233643,-0.004868990741670132,0.4233737885951996,0.5701307654380798,-0.006041646469384432,0.4200780987739563,0.5605401396751404,-0.007142508868128061,0.4153187870979309,0.5794849991798401,-0.0021811877377331257,0.40716180205345154,0.5655185580253601,-0.004753756802529097,0.4017190933227539,0.5577946305274963,-0.006977641023695469,0.39737385511398315,0.5521366000175476,-0.008455746807157993,0.4111589789390564,0.5897610187530518,-0.002428199630230665,0.40085896849632263,0.5797891020774841,-0.004192696884274483,0.3946654498577118,0.5741530656814575,-0.005801819264888763,0.3898698687553406,0.5702651739120483,-0.006873961538076401,0.4095802903175354,0.6012409925460815,-0.0032749215606600046,0.3994487226009369,0.5951101779937744,-0.005108375567942858,0.39351925253868103,0.5909267663955688,-0.00651548570021987,0.38878846168518066,0.5870028138160706,-0.0074708834290504456,0.41049250960350037,0.6139475107192993,-0.004558240994811058,0.4023434519767761,0.6159958243370056,-0.00661099050194025,0.3970026969909668,0.6168872117996216,-0.007340707816183567,0.3922683000564575,0.6170853972434998,-0.007612215355038643
582,19.417038895859474,0,Left,0.9763078093528748,0.4384831190109253,0.6162874102592468,6.712903655170521e-08,0.4384571313858032,0.5971571803092957,-0.003212180221453309,0.43360868096351624,0.5786436200141907,-0.004250525031238794,0.4291047751903534,0.5646148920059204,-0.00531016243621707,0.42645224928855896,0.5535151958465576,-0.006364773027598858,0.41976165771484375,0.5754950642585754,-0.0019437911687418818,0.41244179010391235,0.5587438941001892,-0.004568391479551792,0.4074847102165222,0.5490114688873291,-0.006866535637527704,0.40335366129875183,0.541426420211792,-0.008446795865893364,0.41522833704948425,0.5848469138145447,-0.0025821449235081673,0.40529343485832214,0.5722942352294922,-0.004498514346778393,0.39923760294914246,0.5647505521774292,-0.006420059595257044,0.39443570375442505,0.5591832399368286,-0.007783675566315651,0.4133022427558899,0.5959433317184448,-0.0037590372376143932,0.4032573401927948,0.5875115394592285,-0.00589732127264142,0.39718982577323914,0.5822073817253113,-0.007623013574630022,0.39239150285720825,0.5775021314620972,-0.00880590733140707,0.4137064218521118,0.6089235544204712,-0.00531851127743721,0.4052806496620178,0.6091664433479309,-0.00783729087561369,0.3995598256587982,0.608984112739563,-0.008809028193354607,0.3945290446281433,0.6083102226257324,-0.00922432541847229
583,19.450401505646173,0,Left,0.9807811379432678,0.4421471655368805,0.6147201657295227,6.92847663685825e-08,0.4431978464126587,0.5966145396232605,-0.002974112518131733,0.439212441444397,0.5791347026824951,-0.0043939552269876,0.435417503118515,0.5651689767837524,-0.005896168760955334,0.43317314982414246,0.5544269680976868,-0.007490355987101793,0.4240249991416931,0.5733526945114136,-0.003383131930604577,0.41639477014541626,0.5562579035758972,-0.006633108016103506,0.41173097491264343,0.5458334684371948,-0.009187108837068081,0.4076855778694153,0.5377388000488281,-0.010911392979323864,0.4190801978111267,0.5813497304916382,-0.004554396029561758,0.4085383117198944,0.5655888319015503,-0.007033830508589745,0.40190887451171875,0.5561932921409607,-0.009123798459768295,0.3964814245700836,0.5495739579200745,-0.010583643801510334,0.41682425141334534,0.5924023985862732,-0.006178335286676884,0.4059070646762848,0.5810750722885132,-0.008900456130504608,0.3988640010356903,0.5739613771438599,-0.011211546137928963,0.3932640254497528,0.568274736404419,-0.0128329424187541,0.4169969856739044,0.6063268780708313,-0.008078798651695251,0.4076014459133148,0.6058720946311951,-0.011212613433599472,0.40118834376335144,0.6053382754325867,-0.012683109380304813,0.39557626843452454,0.6045368313789368,-0.013487381860613823
584,19.483764115432873,0,Left,0.9835037589073181,0.4468783736228943,0.6156098246574402,4.7920725165795375e-08,0.4475266635417938,0.5955062508583069,-0.00414377311244607,0.4443301856517792,0.5764960646629333,-0.006197132635861635,0.44104039669036865,0.561561644077301,-0.008112676441669464,0.4386291205883026,0.5504180192947388,-0.01018474716693163,0.4297071099281311,0.5771070718765259,-0.005406953860074282,0.4219937026500702,0.5621985793113708,-0.009022788144648075,0.41726163029670715,0.553414523601532,-0.011734645813703537,0.41273146867752075,0.5462749004364014,-0.013742249459028244,0.4247082471847534,0.5867542624473572,-0.006150929257273674,0.4141782224178314,0.573674738407135,-0.009209398180246353,0.40776336193084717,0.5655370354652405,-0.01163098867982626,0.4021504521369934,0.5593166947364807,-0.0135053601115942,0.4224912226200104,0.5982266068458557,-0.0073714833706617355,0.41120293736457825,0.5899655818939209,-0.010628660209476948,0.40403276681900024,0.5847078561782837,-0.013114811852574348,0.3980240821838379,0.5795911550521851,-0.01496637612581253,0.42289361357688904,0.6108664870262146,-0.008969358168542385,0.41301703453063965,0.6128939986228943,-0.01259789802134037,0.40634194016456604,0.6142468452453613,-0.01440422423183918,0.4003332555294037,0.613988995552063,-0.015560976229608059
585,19.517126725219573,0,Left,0.9210055470466614,0.4457777738571167,0.612373411655426,1.1344829964343717e-08,0.44979822635650635,0.5984177589416504,-0.0062139760702848434,0.44944995641708374,0.5817535519599915,-0.009778982028365135,0.4473663568496704,0.5676546692848206,-0.012637685053050518,0.4458606541156769,0.5556293725967407,-0.015706924721598625,0.43622300028800964,0.5867934226989746,-0.010185030288994312,0.4314135015010834,0.5779993534088135,-0.014517480507493019,0.4279937446117401,0.5730886459350586,-0.017355715855956078,0.4237416684627533,0.569428563117981,-0.019496560096740723,0.43070194125175476,0.5954883098602295,-0.00976562313735485,0.4226188361644745,0.5883389115333557,-0.013263334520161152,0.4171791672706604,0.5854432582855225,-0.015096096321940422,0.4113999903202057,0.5841969847679138,-0.016858691349625587,0.42812150716781616,0.6053475737571716,-0.009710324928164482,0.41955143213272095,0.6031523942947388,-0.013343210332095623,0.41385647654533386,0.6042650938034058,-0.01499086432158947,0.4082494378089905,0.6054328083992004,-0.016426479443907738,0.4279942214488983,0.6155033111572266,-0.010128537192940712,0.4203554391860962,0.6206008195877075,-0.013622392900288105,0.4156241714954376,0.625048041343689,-0.014967784285545349,0.41109782457351685,0.6288837194442749,-0.01601213775575161
586,19.550489335006272,0,Left,0.5825608968734741,0.44693079590797424,0.6155209541320801,-3.4409264770829395e-08,0.4518468677997589,0.6006369590759277,-0.005176982842385769,0.4529188871383667,0.585577130317688,-0.009128517471253872,0.4535318613052368,0.5716851353645325,-0.012503495439887047,0.45433592796325684,0.5588971376419067,-0.01590060628950596,0.44538336992263794,0.5958887338638306,-0.009951045736670494,0.44305434823036194,0.5908471345901489,-0.014454307034611702,0.44355589151382446,0.5897185802459717,-0.0172404982149601,0.4431450068950653,0.5895249843597412,-0.01900726929306984,0.44009432196617126,0.6042115092277527,-0.009210401214659214,0.43609321117401123,0.6016151905059814,-0.012254452332854271,0.4348750710487366,0.6010761260986328,-0.013607488013803959,0.43377524614334106,0.601304829120636,-0.01515656616538763,0.4359929859638214,0.6112855672836304,-0.008696075528860092,0.43094414472579956,0.6111894249916077,-0.011418139562010765,0.42835915088653564,0.6135271787643433,-0.012091325595974922,0.42579761147499084,0.6152151226997375,-0.0130244679749012,0.43333983421325684,0.6172277927398682,-0.008575900457799435,0.427850604057312,0.6187214255332947,-0.010464141145348549,0.42436841130256653,0.6222460269927979,-0.01063766423612833,0.4211556315422058,0.6250712275505066,-0.011150850914418697
587,19.583851944792972,0,Left,0.6940415501594543,0.44304659962654114,0.5881825089454651,-8.081364910594857e-08,0.45103952288627625,0.5837876796722412,-0.006520175840705633,0.456925630569458,0.5818139314651489,-0.012271339073777199,0.46130096912384033,0.5769215822219849,-0.0175294391810894,0.4649350345134735,0.5679154992103577,-0.023130392655730247,0.45133599638938904,0.5931738615036011,-0.014486836269497871,0.4535525441169739,0.6032353043556213,-0.02183254435658455,0.4551686942577362,0.6112043261528015,-0.027468031272292137,0.45668327808380127,0.6179628372192383,-0.03085017204284668,0.4451049566268921,0.5985304117202759,-0.013813463039696217,0.4450814723968506,0.6104853749275208,-0.019015755504369736,0.44391387701034546,0.6169900298118591,-0.022779515013098717,0.4428562521934509,0.6216794848442078,-0.02638564258813858,0.43951305747032166,0.6006189584732056,-0.013177463784813881,0.43765711784362793,0.6134933829307556,-0.01783369854092598,0.4343816041946411,0.6202191114425659,-0.020813677459955215,0.4317348003387451,0.6252381205558777,-0.023447325453162193,0.4346963167190552,0.6010604500770569,-0.013019097037613392,0.4323527216911316,0.6124349236488342,-0.015507754869759083,0.43049541115760803,0.6190564632415771,-0.016503136605024338,0.42896267771720886,0.6240938305854797,-0.01804041676223278
588,19.617214554579675,0,Left,0.9050989747047424,0.4444725513458252,0.5803481340408325,7.503121679519609e-08,0.45329493284225464,0.5825468301773071,-0.0022360957227647305,0.4615962505340576,0.5880224704742432,-0.00408957339823246,0.4681040346622467,0.5873452425003052,-0.005788267590105534,0.47291433811187744,0.5814034938812256,-0.007766496390104294,0.45604178309440613,0.5999050140380859,-0.0056619117967784405,0.460519015789032,0.6147011518478394,-0.007211755495518446,0.46320316195487976,0.624511182308197,-0.00812570657581091,0.4652988314628601,0.6333010196685791,-0.009088853374123573,0.4494253098964691,0.6050980687141418,-0.006412702612578869,0.4514372646808624,0.6188865900039673,-0.007912760600447655,0.452357679605484,0.6294569969177246,-0.009138002060353756,0.4527898132801056,0.6391782164573669,-0.010533226653933525,0.4430944621562958,0.607135534286499,-0.0071226246654987335,0.4415450692176819,0.6212090849876404,-0.009793225675821304,0.4404010772705078,0.6314404010772705,-0.011812083423137665,0.43944644927978516,0.640119731426239,-0.013307593762874603,0.43754440546035767,0.6069587469100952,-0.007836427539587021,0.43358314037323,0.6194111704826355,-0.010580534115433693,0.4302751123905182,0.6283220648765564,-0.011965414509177208,0.4271596670150757,0.6360968351364136,-0.013043452054262161
589,19.650577164366375,0,Left,0.9654856324195862,0.44639652967453003,0.5785627365112305,9.142013368546031e-08,0.45708683133125305,0.5842881202697754,-0.0013222804991528392,0.46606239676475525,0.5922457575798035,-0.0028219986706972122,0.47347602248191833,0.5935834050178528,-0.00430052075535059,0.47897836565971375,0.588126003742218,-0.0060947732999920845,0.4607008695602417,0.6060640215873718,-0.004509784281253815,0.4663507640361786,0.6238404512405396,-0.005899261217564344,0.469726026058197,0.6354172825813293,-0.006709408946335316,0.4721965193748474,0.6449767351150513,-0.007556665688753128,0.4541553556919098,0.6113017797470093,-0.005658880807459354,0.45684489607810974,0.630113959312439,-0.006881344132125378,0.4583750069141388,0.6428296566009521,-0.008143473416566849,0.45935189723968506,0.65336674451828,-0.009533167816698551,0.4478108882904053,0.6130545139312744,-0.0067190625704824924,0.44735080003738403,0.6309702396392822,-0.008953829295933247,0.4472528398036957,0.6425297856330872,-0.011310726404190063,0.4472421109676361,0.651637852191925,-0.013183336704969406,0.4421468675136566,0.6121405363082886,-0.007712711580097675,0.43723228573799133,0.6258487701416016,-0.01025043148547411,0.4335311949253082,0.6352608799934387,-0.011898357421159744,0.4301692843437195,0.6430051922798157,-0.013166731223464012
590,19.683939774153075,0,Left,0.9841868877410889,0.4469270706176758,0.5776576399803162,1.0190220223194046e-07,0.45836928486824036,0.5849736928939819,-0.0010540904477238655,0.46790534257888794,0.5955879092216492,-0.0025228518061339855,0.4763639569282532,0.5994082093238831,-0.003964680712670088,0.48297497630119324,0.5963213443756104,-0.005635494366288185,0.4641757905483246,0.6097846627235413,-0.004976509604603052,0.469866544008255,0.6315358877182007,-0.0067457216791808605,0.4735584855079651,0.6446173191070557,-0.007490794640034437,0.4764445722103119,0.6552956700325012,-0.008184907957911491,0.4574248790740967,0.6149003505706787,-0.0063637541607022285,0.4607210159301758,0.6374342441558838,-0.007992745377123356,0.4628254175186157,0.6523666977882385,-0.009418425150215626,0.4642498195171356,0.6645596027374268,-0.010847043246030807,0.45064035058021545,0.6165375709533691,-0.007614182773977518,0.45072269439697266,0.6368841528892517,-0.01016287598758936,0.45131394267082214,0.6510214805603027,-0.012769858352839947,0.45182129740715027,0.6623300313949585,-0.01477755606174469,0.4445699155330658,0.6156097650527954,-0.00872005708515644,0.4400836229324341,0.6314153075218201,-0.0114992531016469,0.43670040369033813,0.6430091857910156,-0.013359030708670616,0.4336852431297302,0.652847409248352,-0.0147316325455904
591,19.717302383939774,0,Left,0.9808276295661926,0.4490700364112854,0.5810876488685608,1.2615701905360766e-07,0.4606401026248932,0.5884170532226562,-0.0016864835051819682,0.4697522222995758,0.6007527709007263,-0.003575927345082164,0.4779144823551178,0.6068068742752075,-0.005198707804083824,0.48517289757728577,0.604887068271637,-0.007066456601023674,0.4664762020111084,0.6176276803016663,-0.00657126447185874,0.4722459614276886,0.6409518718719482,-0.009382322430610657,0.47566795349121094,0.6560909152030945,-0.010859259404242039,0.4781920909881592,0.6681339144706726,-0.01189782191067934,0.45954054594039917,0.6224664449691772,-0.007812892086803913,0.46260902285575867,0.6481529474258423,-0.010122695937752724,0.4646957814693451,0.6651552319526672,-0.01188569888472557,0.4659601151943207,0.6786144375801086,-0.013329372741281986,0.45225661993026733,0.623274564743042,-0.008874957449734211,0.453171968460083,0.6457194685935974,-0.011969936080276966,0.4544029235839844,0.660416841506958,-0.01456928625702858,0.4551011323928833,0.6721555590629578,-0.016424112021923065,0.4454088807106018,0.620505154132843,-0.009795937687158585,0.4409562349319458,0.6361330151557922,-0.013284046202898026,0.43806150555610657,0.647340714931488,-0.01515127345919609,0.4354434609413147,0.6568107008934021,-0.016279447823762894
592,19.750664993726474,0,Left,0.9771508574485779,0.4498409628868103,0.5850110650062561,1.1164070201630238e-07,0.4614144563674927,0.5902284383773804,-0.0022534318268299103,0.470162034034729,0.6026203632354736,-0.0042843325063586235,0.4777953326702118,0.6110403537750244,-0.0059680151753127575,0.48516562581062317,0.6113539934158325,-0.007917980663478374,0.46660351753234863,0.6231823563575745,-0.0069846827536821365,0.4727157950401306,0.6464613676071167,-0.009878481738269329,0.4763142168521881,0.661156952381134,-0.011382431723177433,0.47891148924827576,0.6728379130363464,-0.012374786660075188,0.4595547914505005,0.6281882524490356,-0.007954194210469723,0.46317026019096375,0.6536633372306824,-0.010220322757959366,0.4653991460800171,0.670596182346344,-0.011984888464212418,0.46663811802864075,0.6839245557785034,-0.013424638658761978,0.45233720541000366,0.6286892890930176,-0.008821370080113411,0.45342814922332764,0.6513077020645142,-0.011869403533637524,0.4548238217830658,0.6667211055755615,-0.014679735526442528,0.4556080102920532,0.6787128448486328,-0.01671367697417736,0.4456334710121155,0.625508725643158,-0.009603657759726048,0.4411117732524872,0.6413402557373047,-0.012995241209864616,0.4382050335407257,0.6524982452392578,-0.014959358610212803,0.43559756875038147,0.6617641448974609,-0.016169525682926178
593,19.784027603513174,0,Left,0.9841446280479431,0.45023173093795776,0.5895050764083862,1.1298548940885667e-07,0.4617425501346588,0.5964584946632385,-0.0021408165339380503,0.47015565633773804,0.6095378994941711,-0.004298408515751362,0.4776408076286316,0.6182855367660522,-0.006104892119765282,0.48502057790756226,0.6200138330459595,-0.00817799475044012,0.4663110375404358,0.6290113925933838,-0.007000810466706753,0.4718591868877411,0.6529287695884705,-0.010061541572213173,0.47516074776649475,0.6681618690490723,-0.011698639951646328,0.47753268480300903,0.6799548268318176,-0.012688684277236462,0.4592995047569275,0.6336832642555237,-0.008028669282793999,0.4627467691898346,0.660757839679718,-0.010325150564312935,0.46483534574508667,0.6785420179367065,-0.01212721224874258,0.465928852558136,0.6922998428344727,-0.013530801981687546,0.4520050585269928,0.6340568661689758,-0.008913742378354073,0.4534599483013153,0.6582022309303284,-0.01176498830318451,0.45476678013801575,0.6742015480995178,-0.014364217408001423,0.45544102787971497,0.6867321133613586,-0.01626301184296608,0.4451828896999359,0.630639910697937,-0.009709512814879417,0.4412514269351959,0.647138774394989,-0.012618924491107464,0.43844249844551086,0.6582926511764526,-0.014080180786550045,0.43589743971824646,0.6673761010169983,-0.014953111298382282
594,19.817390213299873,0,Left,0.978784441947937,0.45121848583221436,0.5946723222732544,1.0933822380820857e-07,0.46208465099334717,0.6042747497558594,-0.00204251566901803,0.469968318939209,0.6177129149436951,-0.004743944853544235,0.47760939598083496,0.6267858743667603,-0.007152254693210125,0.485271155834198,0.628869354724884,-0.009855545125901699,0.46528416872024536,0.6350399851799011,-0.008181702345609665,0.47063565254211426,0.6600912809371948,-0.01182204857468605,0.4736168384552002,0.6752297282218933,-0.013647723942995071,0.47576773166656494,0.686983048915863,-0.01468629203736782,0.45869070291519165,0.6379164457321167,-0.009372197091579437,0.4616495668888092,0.6664538979530334,-0.01230139285326004,0.46330955624580383,0.68429034948349,-0.014113743789494038,0.46402743458747864,0.6975854635238647,-0.015465347096323967,0.4517098665237427,0.6372540593147278,-0.010355787351727486,0.4525317847728729,0.6632999777793884,-0.013504698872566223,0.4532480239868164,0.6794992089271545,-0.015854014083743095,0.4535374343395233,0.691705048084259,-0.01757069304585457,0.44512680172920227,0.6335623264312744,-0.011235537007451057,0.4408591091632843,0.6507894396781921,-0.014345044270157814,0.437826931476593,0.6624138355255127,-0.01579258032143116,0.4351586401462555,0.6719183921813965,-0.016645776107907295
595,19.850752823086573,0,Left,0.9858394861221313,0.45190533995628357,0.5985809564590454,9.938521827734803e-08,0.46214964985847473,0.6092444062232971,-0.0015071781817823648,0.4694635272026062,0.6233646869659424,-0.0038513403851538897,0.47673606872558594,0.632734477519989,-0.006029436364769936,0.48412075638771057,0.6364748477935791,-0.008467563427984715,0.46409526467323303,0.641526997089386,-0.0064753321930766106,0.4686829447746277,0.666125476360321,-0.009649867191910744,0.4711272716522217,0.6812987923622131,-0.011376353912055492,0.472793847322464,0.6928953528404236,-0.012382740154862404,0.4574391841888428,0.6441091299057007,-0.007848303765058517,0.4597146511077881,0.6717301607131958,-0.01008676365017891,0.4609839618206024,0.6889923214912415,-0.011639809235930443,0.4614194333553314,0.7016197443008423,-0.012857988476753235,0.45047086477279663,0.6426604390144348,-0.009062250144779682,0.45106515288352966,0.6682798266410828,-0.011502592824399471,0.45161449909210205,0.6841164827346802,-0.013407677412033081,0.45184406638145447,0.6960361003875732,-0.014927970245480537,0.4438505172729492,0.6378514766693115,-0.010173195973038673,0.4396839737892151,0.654597282409668,-0.012606869451701641,0.43662887811660767,0.6658093333244324,-0.013491843827068806,0.4340667724609375,0.6749094128608704,-0.014002295210957527
596,19.884115432873276,0,Left,0.9688518643379211,0.4527290165424347,0.6013060808181763,9.510947762692012e-08,0.46253228187561035,0.6130881309509277,-0.0008564711315557361,0.46928146481513977,0.6277176141738892,-0.002849881537258625,0.4761786162853241,0.6370522975921631,-0.004889131058007479,0.4833432734012604,0.6414927244186401,-0.007218357641249895,0.4638550877571106,0.6443715691566467,-0.005290798377245665,0.46774551272392273,0.6692550182342529,-0.00820875447243452,0.4701489508152008,0.6845546364784241,-0.00970213022083044,0.4717579483985901,0.6961737275123596,-0.010578975081443787,0.4575100243091583,0.6465529799461365,-0.007030520122498274,0.457766592502594,0.6751726269721985,-0.009240339510142803,0.45805656909942627,0.6927833557128906,-0.01085858978331089,0.45781341195106506,0.7057701945304871,-0.012065257877111435,0.4505620300769806,0.6450327634811401,-0.008617994375526905,0.4492305815219879,0.6714904308319092,-0.011133819818496704,0.44877517223358154,0.687504768371582,-0.013159306719899178,0.4484483599662781,0.6998482346534729,-0.014698166400194168,0.4438723027706146,0.640350341796875,-0.010052522644400597,0.43891623616218567,0.6568325757980347,-0.012464194558560848,0.43547672033309937,0.6677295565605164,-0.01332167536020279,0.4326653778553009,0.6768362522125244,-0.013816645368933678
597,19.917478042659976,0,Left,0.9467211365699768,0.4531179368495941,0.6061640381813049,9.970877101750375e-08,0.46313145756721497,0.6160821914672852,-0.002091550501063466,0.46996086835861206,0.6303612589836121,-0.004650602117180824,0.47658440470695496,0.6408821940422058,-0.00703240605071187,0.4837454557418823,0.6458544135093689,-0.009665068238973618,0.4641706347465515,0.6487826108932495,-0.006640980951488018,0.46813639998435974,0.672705352306366,-0.010112435556948185,0.47055143117904663,0.6876187324523926,-0.012005767785012722,0.472171813249588,0.6991270780563354,-0.013093311339616776,0.4577559530735016,0.6510607004165649,-0.007798131555318832,0.4582633972167969,0.6790473461151123,-0.010487680323421955,0.45858654379844666,0.6968644261360168,-0.012145401909947395,0.45835310220718384,0.7099083065986633,-0.013310435228049755,0.4508059620857239,0.6494269371032715,-0.00892311055213213,0.4496963918209076,0.6740527153015137,-0.011703964322805405,0.44936543703079224,0.6901211738586426,-0.01369264256209135,0.44904911518096924,0.7024551630020142,-0.015127359889447689,0.4441770613193512,0.6447369456291199,-0.010030555538833141,0.4391382932662964,0.6609932780265808,-0.012515712529420853,0.4357112944126129,0.6718617677688599,-0.013406474143266678,0.4328254759311676,0.680884599685669,-0.013901674188673496
598,19.950840652446676,0,Left,0.9460883736610413,0.4536013603210449,0.6101431846618652,9.410700840817299e-08,0.46362265944480896,0.6195942759513855,-0.0019451866392046213,0.47062644362449646,0.634056568145752,-0.004200006369501352,0.47717466950416565,0.644728422164917,-0.00623900955542922,0.48401421308517456,0.6493237614631653,-0.00854199007153511,0.46476975083351135,0.6525986790657043,-0.006444609258323908,0.4690803587436676,0.6771403551101685,-0.009606851264834404,0.471375972032547,0.6921347379684448,-0.011255256831645966,0.4728929102420807,0.7034708857536316,-0.012249398976564407,0.45831602811813354,0.6550111174583435,-0.007752994541078806,0.45949628949165344,0.6832720041275024,-0.010432282462716103,0.4604562520980835,0.700736403465271,-0.012275274842977524,0.46098947525024414,0.7135358452796936,-0.013569892384111881,0.45137661695480347,0.6533121466636658,-0.008999074809253216,0.4507486820220947,0.6789724826812744,-0.012085928581655025,0.4507683515548706,0.6954606175422668,-0.014573842287063599,0.4507032036781311,0.7080281376838684,-0.01631518453359604,0.44470715522766113,0.6484400033950806,-0.010163074359297752,0.43954434990882874,0.6648755073547363,-0.013093119487166405,0.4360729157924652,0.675972580909729,-0.014509248547255993,0.4331534206867218,0.6852816939353943,-0.015370833687484264
599,19.984203262233375,0,Left,0.9164241552352905,0.4544982612133026,0.6134385466575623,8.879608515144355e-08,0.4639595150947571,0.6230794191360474,-0.0017605508910492063,0.47117847204208374,0.6374425888061523,-0.0038692383095622063,0.47802838683128357,0.6472340226173401,-0.005852453876286745,0.48463279008865356,0.6521956324577332,-0.008049888536334038,0.46520936489105225,0.656436026096344,-0.005576072260737419,0.4697355031967163,0.6802935600280762,-0.008591266348958015,0.4721565842628479,0.6946589350700378,-0.010139437392354012,0.4738689959049225,0.70542973279953,-0.011034272611141205,0.458922803401947,0.658880352973938,-0.006924554239958525,0.46014684438705444,0.6866886019706726,-0.009470056742429733,0.46117469668388367,0.7035167217254639,-0.01105743832886219,0.4618891477584839,0.7157636284828186,-0.012096079997718334,0.45212265849113464,0.6571926474571228,-0.008289081044495106,0.45148512721061707,0.6820700168609619,-0.011062233708798885,0.4519425332546234,0.6980962753295898,-0.013187072239816189,0.4524042010307312,0.7107000350952148,-0.014692400582134724,0.44550633430480957,0.6521779894828796,-0.009603749960660934,0.4404626488685608,0.6682580709457397,-0.012045715935528278,0.4371165931224823,0.6790696382522583,-0.01305441465228796,0.43433907628059387,0.6884960532188416,-0.013671133667230606
600,20.017565872020075,0,Left,0.8986029028892517,0.45499658584594727,0.615549623966217,8.51859809358757e-08,0.46443021297454834,0.6248950362205505,-0.00177815742790699,0.47163984179496765,0.6389340162277222,-0.0039479476399719715,0.47821035981178284,0.6488913297653198,-0.005993993487209082,0.48454153537750244,0.6545880436897278,-0.00824909657239914,0.46572497487068176,0.6592528223991394,-0.005609162617474794,0.4700389802455902,0.6831735968589783,-0.008700934238731861,0.4724818766117096,0.6974270343780518,-0.010320264846086502,0.4741770029067993,0.708212673664093,-0.011249661445617676,0.4593067467212677,0.6615973711013794,-0.00697374576702714,0.4606057107448578,0.6894482374191284,-0.009489578194916248,0.4616246819496155,0.7063238024711609,-0.011057402938604355,0.46228042244911194,0.7186115980148315,-0.012086810544133186,0.45240992307662964,0.6597294211387634,-0.008367741480469704,0.4515857398509979,0.6850094199180603,-0.011090538464486599,0.45195093750953674,0.7013557553291321,-0.0131763257086277,0.4523567259311676,0.7142763733863831,-0.014657029882073402,0.4457401931285858,0.6544410586357117,-0.009724555537104607,0.44048482179641724,0.670684814453125,-0.012158816680312157,0.4371284246444702,0.6818733811378479,-0.013169924728572369,0.4343498945236206,0.691605806350708,-0.013770006597042084
601,20.050928481806775,0,Left,0.7722089290618896,0.4549965262413025,0.6183184385299683,8.228517600628038e-08,0.46443668007850647,0.6274986863136292,-0.002018900588154793,0.471787691116333,0.6417152285575867,-0.00409227330237627,0.47833338379859924,0.6516228914260864,-0.00606625247746706,0.4845481216907501,0.6570209264755249,-0.008277526125311852,0.4656359553337097,0.662063479423523,-0.005372878164052963,0.4702475368976593,0.6850738525390625,-0.008489340543746948,0.4726746380329132,0.6989601254463196,-0.01022834051400423,0.47424566745758057,0.7096160650253296,-0.011287230998277664,0.45917174220085144,0.6646910309791565,-0.006763169541954994,0.4607786536216736,0.6921629309654236,-0.009327605366706848,0.4618261754512787,0.7088538408279419,-0.011082722805440426,0.4624927341938019,0.7210995554924011,-0.012259982526302338,0.4523371458053589,0.662717878818512,-0.008251924999058247,0.45153751969337463,0.6871920824050903,-0.011192885227501392,0.4515272378921509,0.7032939195632935,-0.01352143194526434,0.45164164900779724,0.7161257863044739,-0.01515163667500019,0.44572827219963074,0.6571581363677979,-0.00973428413271904,0.44047829508781433,0.6729105710983276,-0.012491384521126747,0.4369121491909027,0.6838757991790771,-0.013712668791413307,0.4340137243270874,0.6933997869491577,-0.014457771554589272
602,20.084291091593474,0,Left,0.8250170350074768,0.454387366771698,0.6182553172111511,8.267131335060185e-08,0.46433404088020325,0.6279375553131104,-0.0017573273507878184,0.4718138873577118,0.6421362161636353,-0.003752029500901699,0.47820165753364563,0.652250349521637,-0.005690151359885931,0.48458799719810486,0.6575901508331299,-0.007855942472815514,0.4653105139732361,0.6619752645492554,-0.005176428239792585,0.46979811787605286,0.6845591068267822,-0.008235572837293148,0.4720775783061981,0.698415219783783,-0.009920356795191765,0.47351717948913574,0.7090542912483215,-0.010922499932348728,0.4588209092617035,0.6646915078163147,-0.0066307950764894485,0.460055947303772,0.6921941041946411,-0.009336543269455433,0.46088355779647827,0.7095499634742737,-0.011189024895429611,0.4612977206707001,0.7223337292671204,-0.012399929575622082,0.45190098881721497,0.6628180742263794,-0.00813598558306694,0.45148077607154846,0.6868180632591248,-0.011215978302061558,0.45164695382118225,0.7025007009506226,-0.013616555370390415,0.4518337845802307,0.7145974636077881,-0.015208536759018898,0.44516831636428833,0.6574389338493347,-0.009595843032002449,0.4400544762611389,0.6733224987983704,-0.01234396081417799,0.4365963935852051,0.684241771697998,-0.013580049388110638,0.43375271558761597,0.6935789585113525,-0.014315258711576462
603,20.117653701380174,0,Left,0.6998674869537354,0.45460182428359985,0.6208663582801819,8.729625022851906e-08,0.4642580449581146,0.6301113367080688,-0.002334255026653409,0.47170478105545044,0.64443039894104,-0.004655716475099325,0.47818776965141296,0.6547777652740479,-0.006836447864770889,0.4846680760383606,0.6603335738182068,-0.009207233786582947,0.46503761410713196,0.6652234196662903,-0.005567341577261686,0.469663143157959,0.6878859996795654,-0.008777938783168793,0.4721410572528839,0.7016128897666931,-0.010579326190054417,0.47370079159736633,0.7121828198432922,-0.011665881611406803,0.4586569368839264,0.6678138971328735,-0.006863290909677744,0.4598940312862396,0.6954149007797241,-0.009658587165176868,0.4606938660144806,0.7122488021850586,-0.011501074768602848,0.4610233008861542,0.7244428992271423,-0.012687831185758114,0.45184358954429626,0.6657766699790955,-0.008288664743304253,0.45036983489990234,0.6895231008529663,-0.01141494419425726,0.44980305433273315,0.7051310539245605,-0.013701511546969414,0.44938895106315613,0.7176242470741272,-0.015233774669468403,0.4452499747276306,0.6601511240005493,-0.00973199587315321,0.4398898184299469,0.6763403415679932,-0.012556629255414009,0.4361765682697296,0.6873626112937927,-0.013701788149774075,0.4331415295600891,0.6971642971038818,-0.014373920857906342
604,20.151016311166877,0,Left,0.8132519125938416,0.4537433981895447,0.619391918182373,8.183745592305058e-08,0.463909387588501,0.6293350458145142,-0.001745859277434647,0.4715351164340973,0.6436235904693604,-0.003847704967483878,0.4780643880367279,0.6538761854171753,-0.005899389274418354,0.48454752564430237,0.6595330834388733,-0.008184872567653656,0.46470361948013306,0.6633130311965942,-0.005406620912253857,0.4692096710205078,0.6864341497421265,-0.008592294529080391,0.4717196524143219,0.7005349397659302,-0.010323815979063511,0.47332867980003357,0.7114070057868958,-0.01135418564081192,0.4583630859851837,0.6659805178642273,-0.006937194149941206,0.4595898985862732,0.6940512657165527,-0.010009990073740482,0.46057063341140747,0.7115586996078491,-0.012018744833767414,0.46106773614883423,0.7246526479721069,-0.013281654566526413,0.4515230059623718,0.6641719937324524,-0.008488613180816174,0.45082521438598633,0.688785970211029,-0.011760726571083069,0.45095834136009216,0.7050790190696716,-0.014158444479107857,0.45107319951057434,0.7177971601486206,-0.015717264264822006,0.4448690116405487,0.6589287519454956,-0.009991413913667202,0.43964725732803345,0.675361692905426,-0.012804792262613773,0.43597033619880676,0.6864587664604187,-0.013980766758322716,0.4328949749469757,0.695959210395813,-0.01465496513992548
605,20.184378920953577,0,Left,0.8981965184211731,0.4541454613208771,0.6196825504302979,8.653944405523362e-08,0.46416905522346497,0.62977534532547,-0.001601381110958755,0.4715472161769867,0.6440595984458923,-0.00377445574849844,0.4781384766101837,0.6540449857711792,-0.005876623094081879,0.48468661308288574,0.6593819260597229,-0.008226059377193451,0.4651254415512085,0.6631596684455872,-0.005881564691662788,0.46972623467445374,0.6869198083877563,-0.009087312035262585,0.4720953404903412,0.7012152671813965,-0.01070947665721178,0.47361740469932556,0.7122811079025269,-0.011630244553089142,0.4586506485939026,0.6658993363380432,-0.007385397329926491,0.4600174129009247,0.6942108869552612,-0.010381948202848434,0.4609694480895996,0.7119503021240234,-0.012264062650501728,0.46144405007362366,0.7249799966812134,-0.013469841331243515,0.451652467250824,0.6642104387283325,-0.00883709080517292,0.45088687539100647,0.6890723705291748,-0.01199665293097496,0.4508046805858612,0.7056064009666443,-0.01434179674834013,0.45073211193084717,0.7184246778488159,-0.01590675115585327,0.44493550062179565,0.6591364145278931,-0.010204059071838856,0.4396842420101166,0.6758692264556885,-0.012959597632288933,0.43603530526161194,0.6871158480644226,-0.014122188091278076,0.43297621607780457,0.6967498660087585,-0.01479270774871111
606,20.217741530740277,0,Left,0.9416393041610718,0.45382845401763916,0.6184461116790771,8.267502948910987e-08,0.46426957845687866,0.6284624934196472,-0.0010611496400088072,0.4714411497116089,0.642862856388092,-0.0029292739927768707,0.4780787527561188,0.653446614742279,-0.004804515279829502,0.4848330318927765,0.6586687564849854,-0.006923960987478495,0.4650135040283203,0.6615937352180481,-0.005331705324351788,0.4697694778442383,0.6858890652656555,-0.008364081382751465,0.4720694422721863,0.700484037399292,-0.009839403443038464,0.4735429883003235,0.7117296457290649,-0.010660070925951004,0.4585973620414734,0.6643334627151489,-0.006953257601708174,0.46018993854522705,0.6929975152015686,-0.009840666316449642,0.4611029028892517,0.7107532620429993,-0.011660243384540081,0.4614957869052887,0.7237358689308167,-0.012824664823710918,0.45153844356536865,0.6628890037536621,-0.008459660224616528,0.4509287178516388,0.6880639791488647,-0.011611477471888065,0.4509091377258301,0.7041571140289307,-0.013956287875771523,0.450852632522583,0.7162474989891052,-0.01546577550470829,0.4448474943637848,0.6581343412399292,-0.009819679893553257,0.43942591547966003,0.6747793555259705,-0.012589957565069199,0.43572553992271423,0.6859869360923767,-0.01381631288677454,0.4326026439666748,0.6955041885375977,-0.014493715949356556
607,20.251104140526976,0,Left,0.9541479349136353,0.4538535177707672,0.618714451789856,8.588472866222219e-08,0.46407172083854675,0.6287434101104736,-0.001367980963550508,0.4713510572910309,0.6426787972450256,-0.003656306304037571,0.47801482677459717,0.6531060934066772,-0.005861261393874884,0.48483020067214966,0.6584113240242004,-0.008326740935444832,0.4648386538028717,0.6611907482147217,-0.006624688860028982,0.4698520600795746,0.6857114434242249,-0.010087959468364716,0.47234848141670227,0.7003276348114014,-0.011720151640474796,0.4739324152469635,0.7116287350654602,-0.01259547658264637,0.45834365487098694,0.6637375354766846,-0.008159068413078785,0.4600948393344879,0.6925783753395081,-0.011363501660525799,0.46096155047416687,0.7105887532234192,-0.013212515041232109,0.46122148633003235,0.7237474918365479,-0.014399508014321327,0.4512839615345001,0.66218501329422,-0.009549964219331741,0.4509409964084625,0.6872837543487549,-0.012991508468985558,0.4508289694786072,0.7035154700279236,-0.015422847121953964,0.4505833089351654,0.715657651424408,-0.016977060586214066,0.44455471634864807,0.6575099229812622,-0.010785695165395737,0.43928262591362,0.6740759611129761,-0.013833856210112572,0.4355270564556122,0.6851152181625366,-0.01518831867724657,0.43227913975715637,0.6944066882133484,-0.015932507812976837
608,20.284466750313676,0,Left,0.9542540907859802,0.453861266374588,0.6188437342643738,8.422355790571601e-08,0.46427860856056213,0.6285829544067383,-0.00138998928014189,0.47148334980010986,0.642631471157074,-0.0035886564292013645,0.47799965739250183,0.6532886028289795,-0.0056784008629620075,0.4846482574939728,0.6586934328079224,-0.008059789426624775,0.464712917804718,0.6614360809326172,-0.006475715432316065,0.4698120057582855,0.6860479712486267,-0.009754136204719543,0.47233375906944275,0.7007507681846619,-0.01132834143936634,0.47396838665008545,0.7120338678359985,-0.012213969603180885,0.45822781324386597,0.6639280915260315,-0.008037073537707329,0.45985034108161926,0.6929078698158264,-0.010971428826451302,0.46068522334098816,0.7107712626457214,-0.012747391127049923,0.4609720706939697,0.7238081693649292,-0.013922817073762417,0.45125144720077515,0.6622615456581116,-0.009473183192312717,0.4506200850009918,0.6885393857955933,-0.012802517041563988,0.45046523213386536,0.7054664492607117,-0.015384271740913391,0.45023787021636963,0.7182493209838867,-0.01712309755384922,0.4446062743663788,0.6573777198791504,-0.01075077150017023,0.43902409076690674,0.6740107536315918,-0.013931292109191418,0.43528711795806885,0.6851693391799927,-0.015468044206500053,0.4320872724056244,0.6946478486061096,-0.016361745074391365
609,20.317829360100376,0,Left,0.9495571851730347,0.45408815145492554,0.6181244850158691,8.207904755863638e-08,0.4644003212451935,0.6281188130378723,-0.0011801969958469272,0.47153010964393616,0.6425212621688843,-0.0032382423523813486,0.47800615429878235,0.653216540813446,-0.005213816184550524,0.48459163308143616,0.6585018038749695,-0.007464040536433458,0.4648786783218384,0.6616424918174744,-0.006216270383447409,0.469821035861969,0.6861751079559326,-0.009496637620031834,0.47229209542274475,0.7007191181182861,-0.011093076318502426,0.47393926978111267,0.7119767069816589,-0.011979032307863235,0.4585880935192108,0.6638376116752625,-0.00779373524710536,0.4602598249912262,0.6926183700561523,-0.010870575904846191,0.4611452519893646,0.7103668451309204,-0.012734642252326012,0.461495041847229,0.7233873009681702,-0.013922788202762604,0.45157620310783386,0.6619411706924438,-0.009217447601258755,0.4510028064250946,0.687629759311676,-0.012559464201331139,0.4509318172931671,0.7043685913085938,-0.015088356100022793,0.45077428221702576,0.7169709801673889,-0.016716506332159042,0.44474950432777405,0.6568615436553955,-0.010472013615071774,0.4392092227935791,0.6739136576652527,-0.013450194150209427,0.43552863597869873,0.6851888298988342,-0.01485399343073368,0.43236270546913147,0.6948524117469788,-0.015636254101991653
610,20.351191969887076,0,Left,0.9570296406745911,0.4544370770454407,0.6183454990386963,7.889244812986362e-08,0.4647459089756012,0.628125786781311,-0.0009331513429060578,0.4719651937484741,0.6423037648200989,-0.002803098177537322,0.4785032868385315,0.6530575156211853,-0.004592415876686573,0.48488879203796387,0.6584534645080566,-0.0066297766752541065,0.4652803838253021,0.6610391139984131,-0.0058957492001354694,0.47022485733032227,0.6856972575187683,-0.008901610039174557,0.47263649106025696,0.7002583742141724,-0.010248387232422829,0.4742397665977478,0.7113646268844604,-0.010941291227936745,0.4589783549308777,0.6634554266929626,-0.007495376747101545,0.46085458993911743,0.6924229860305786,-0.010346444323658943,0.4619719386100769,0.7100305557250977,-0.011942305602133274,0.46255096793174744,0.7227808833122253,-0.012928633019328117,0.45192739367485046,0.6618553996086121,-0.008920161984860897,0.45106151700019836,0.6878631114959717,-0.012079398147761822,0.4510212242603302,0.7043730616569519,-0.014348545111715794,0.45096299052238464,0.7166203856468201,-0.01577572524547577,0.4450766146183014,0.6571077108383179,-0.010157046839594841,0.4394848644733429,0.6742138862609863,-0.012915008701384068,0.43590328097343445,0.685579776763916,-0.014125097543001175,0.4329407513141632,0.6953305006027222,-0.014770101755857468
611,20.384554579673775,0,Left,0.9507761001586914,0.45511573553085327,0.617668628692627,7.74412356463472e-08,0.4653349220752716,0.6277341246604919,-0.0013228250900283456,0.4724712669849396,0.6422564387321472,-0.00334970373660326,0.4788522720336914,0.6530194878578186,-0.0053054518066346645,0.4851919412612915,0.6583014726638794,-0.007524238899350166,0.4656713008880615,0.6598677635192871,-0.006068789400160313,0.4704734981060028,0.6840390563011169,-0.009308595210313797,0.4730381667613983,0.6984023451805115,-0.010967324487864971,0.4749249219894409,0.7094005942344666,-0.011903156526386738,0.4595107436180115,0.6624438166618347,-0.007625926285982132,0.46145281195640564,0.6913444995880127,-0.010544833727180958,0.46267426013946533,0.7092011570930481,-0.012394264340400696,0.46337684988975525,0.7222383618354797,-0.01364524383097887,0.45270079374313354,0.6610874533653259,-0.009070155210793018,0.45236924290657043,0.6872885227203369,-0.012317143380641937,0.4524049460887909,0.7032632231712341,-0.014790287241339684,0.45240283012390137,0.7146704196929932,-0.016411008313298225,0.44608473777770996,0.656762957572937,-0.010387933813035488,0.4406563937664032,0.673678457736969,-0.013286744244396687,0.43708014488220215,0.6849904656410217,-0.014750497415661812,0.4341053068637848,0.6943445205688477,-0.015626205131411552
612,20.417917189460475,0,Left,0.9506975412368774,0.45617911219596863,0.615791380405426,7.011470160023237e-08,0.4660547971725464,0.6270561814308167,-0.0008386520203202963,0.47273096442222595,0.6425719857215881,-0.0023479550145566463,0.4790130853652954,0.6529678106307983,-0.003869968466460705,0.4853532314300537,0.6579254865646362,-0.005671909544616938,0.46696460247039795,0.6595462560653687,-0.004909887909889221,0.4715193808078766,0.6833112239837646,-0.007770306896418333,0.47397559881210327,0.6976196765899658,-0.009204602800309658,0.4757669270038605,0.7084609270095825,-0.010034151375293732,0.4607941806316376,0.661298930644989,-0.006605409551411867,0.4624091386795044,0.6894713640213013,-0.009126650169491768,0.46356794238090515,0.7067275643348694,-0.010832956992089748,0.4643665552139282,0.7195619940757751,-0.011999323032796383,0.45397695899009705,0.6594011783599854,-0.008209397085011005,0.4534913897514343,0.6854743361473083,-0.01120675727725029,0.4535262882709503,0.7012760639190674,-0.013614723458886147,0.45366594195365906,0.7127252817153931,-0.015212471596896648,0.44730883836746216,0.6547356843948364,-0.009652371518313885,0.44202521443367004,0.6716956496238708,-0.01242748275399208,0.43850141763687134,0.6829659938812256,-0.013850519433617592,0.43559783697128296,0.6922268271446228,-0.01470816321671009
613,20.451279799247178,0,Left,0.9538105726242065,0.4588499367237091,0.6189684271812439,7.364620557837043e-08,0.4679378271102905,0.6313893795013428,-0.0009720954112708569,0.4741755723953247,0.6476593017578125,-0.0024495157413184643,0.48050281405448914,0.6583903431892395,-0.0038881786167621613,0.48702558875083923,0.6633278131484985,-0.0056317588314414024,0.4681718945503235,0.6641868948936462,-0.004593781195580959,0.47309964895248413,0.6869033575057983,-0.007274832110852003,0.47590509057044983,0.7008923888206482,-0.008733563125133514,0.4780407249927521,0.7115093469619751,-0.009699132293462753,0.4619593322277069,0.6656184196472168,-0.006218488793820143,0.46378135681152344,0.692111074924469,-0.008522046729922295,0.4651540517807007,0.7083538770675659,-0.010238510556519032,0.46617960929870605,0.7206133008003235,-0.0115278959274292,0.45533543825149536,0.6629728674888611,-0.0077947224490344524,0.45484495162963867,0.6876628994941711,-0.01074598915874958,0.45504677295684814,0.7032238245010376,-0.013204522430896759,0.45535776019096375,0.7152344584465027,-0.014972525648772717,0.4489634037017822,0.6574429869651794,-0.009211553260684013,0.44354188442230225,0.6728909015655518,-0.012010818347334862,0.43994301557540894,0.6835066676139832,-0.013439569622278214,0.43712061643600464,0.6926856637001038,-0.014398016966879368
614,20.484642409033878,0,Left,0.956020176410675,0.4602820873260498,0.6182488203048706,6.015930864577967e-08,0.4688318967819214,0.6325678825378418,-0.0005407601129263639,0.47489890456199646,0.6507956981658936,-0.0017299778992310166,0.4808443486690521,0.662908673286438,-0.002975171199068427,0.48721495270729065,0.6679601669311523,-0.0044594514183700085,0.4690556526184082,0.6636283993721008,-0.004267497453838587,0.4731306731700897,0.686962366104126,-0.006971317809075117,0.4754117429256439,0.7009987235069275,-0.008361012674868107,0.4772281050682068,0.7115940451622009,-0.009284185245633125,0.4628819227218628,0.6643589735031128,-0.006038482766598463,0.4640572667121887,0.6905454397201538,-0.008508993312716484,0.4649119973182678,0.7067998647689819,-0.010149913839995861,0.46562880277633667,0.7189489006996155,-0.011330826207995415,0.45609498023986816,0.6610735058784485,-0.007724090479314327,0.45506972074508667,0.6851181387901306,-0.010832718573510647,0.4547439217567444,0.6996952295303345,-0.013044122606515884,0.4546647071838379,0.7108683586120605,-0.014517308212816715,0.4493532180786133,0.6549602746963501,-0.00922931544482708,0.44371625781059265,0.6700493097305298,-0.012149506248533726,0.4400700032711029,0.68019700050354,-0.013523496687412262,0.43713900446891785,0.689173698425293,-0.014368261210620403
615,20.518005018820578,0,Left,0.9389083981513977,0.4632396399974823,0.6187732219696045,5.9006442398867875e-08,0.47098308801651,0.6367173194885254,-0.0001972236786969006,0.4762321710586548,0.6575868725776672,-0.0008929496980272233,0.4816720485687256,0.6715291738510132,-0.001677822321653366,0.4877723157405853,0.6780052185058594,-0.002622497035190463,0.4710112512111664,0.6641674637794495,-0.0040557365864515305,0.47338104248046875,0.6867254972457886,-0.006930570583790541,0.47532790899276733,0.6997267007827759,-0.008261270821094513,0.4779183268547058,0.7100121378898621,-0.009064610116183758,0.46496492624282837,0.6637507081031799,-0.0057599591091275215,0.46522918343544006,0.6885617971420288,-0.008579378947615623,0.4660647213459015,0.7035927772521973,-0.010281864553689957,0.4672708213329315,0.7152861952781677,-0.011391020379960537,0.4585365951061249,0.659804105758667,-0.007333892863243818,0.4567539393901825,0.6781970858573914,-0.011017736047506332,0.45665502548217773,0.6900506615638733,-0.013454177416861057,0.4569837749004364,0.6997241377830505,-0.014830908738076687,0.4523743987083435,0.6530413627624512,-0.008660174906253815,0.4469490945339203,0.6639198660850525,-0.011874739080667496,0.4432492256164551,0.6707658767700195,-0.013403091579675674,0.44025641679763794,0.6769541501998901,-0.01424465049058199
616,20.551367628607277,0,Right,0.7588670253753662,0.46716079115867615,0.6199061274528503,2.2709320646185915e-08,0.4592529833316803,0.6319633722305298,-0.002135086804628372,0.4546569585800171,0.6505381464958191,-0.0031276033259928226,0.45305562019348145,0.6620151400566101,-0.003685023169964552,0.4526539742946625,0.6655302047729492,-0.004186670295894146,0.46143606305122375,0.6554028391838074,-0.004404698498547077,0.46087735891342163,0.6688648462295532,-0.006019654683768749,0.460642546415329,0.675368070602417,-0.007096601650118828,0.4609142243862152,0.682861328125,-0.008051477372646332,0.4676056206226349,0.6583519577980042,-0.004307116847485304,0.4685267508029938,0.6763975024223328,-0.005769039038568735,0.4691433906555176,0.6878219246864319,-0.006865293253213167,0.4699555039405823,0.6976854205131531,-0.00795002281665802,0.4730454981327057,0.6591728329658508,-0.004219433292746544,0.4749527871608734,0.6760188937187195,-0.006357680074870586,0.47643452882766724,0.68784499168396,-0.008717780001461506,0.4780566096305847,0.6979188323020935,-0.010432914830744267,0.4776593744754791,0.6580784916877747,-0.004131546709686518,0.4816999137401581,0.6711040139198303,-0.006543533876538277,0.48541760444641113,0.677352786064148,-0.008423381485044956,0.488685667514801,0.6818143129348755,-0.009783968329429626
617,20.584730238393977,0,Right,0.9942142963409424,0.46793726086616516,0.622901201248169,-7.893497411259887e-09,0.4616060256958008,0.6308383345603943,-0.0009582049679011106,0.45655590295791626,0.6431946158409119,-0.002550357487052679,0.45196259021759033,0.6507594585418701,-0.004153698217123747,0.4484859108924866,0.6543071269989014,-0.005680323578417301,0.4617532789707184,0.6487099528312683,-0.004782577510923147,0.4618523418903351,0.6581361293792725,-0.0075637055560946465,0.4624907076358795,0.6600019335746765,-0.009181857109069824,0.46346238255500793,0.6622232794761658,-0.010224035941064358,0.46822690963745117,0.6517820358276367,-0.005500425584614277,0.469894677400589,0.6645383238792419,-0.007939156144857407,0.4708278477191925,0.6706659197807312,-0.009068211540579796,0.4719652533531189,0.675953209400177,-0.010122828185558319,0.4742230176925659,0.6536955237388611,-0.006202984135597944,0.4773174226284027,0.6694823503494263,-0.009015143848955631,0.4807918965816498,0.6796315908432007,-0.011155744083225727,0.4842836558818817,0.6882741451263428,-0.0127009442076087,0.47860774397850037,0.6545851230621338,-0.0067600891925394535,0.4818415641784668,0.6701911687850952,-0.009240572340786457,0.48548534512519836,0.6781546473503113,-0.010994340293109417,0.489230215549469,0.6841671466827393,-0.012387264519929886
618,20.618092848180677,0,Right,0.9635508060455322,0.47118428349494934,0.6320053935050964,9.62127089110254e-09,0.4648253917694092,0.6364088654518127,-0.003009585663676262,0.4591400623321533,0.6443490982055664,-0.005928155966103077,0.4535633325576782,0.646793007850647,-0.008617893792688847,0.44817599654197693,0.6440587639808655,-0.011409064754843712,0.4659750163555145,0.6476433277130127,-0.007397102192044258,0.46504876017570496,0.6523014307022095,-0.010893696919083595,0.4647839367389679,0.6539993286132812,-0.01317954808473587,0.46458229422569275,0.6572251319885254,-0.014691761694848537,0.4721894860267639,0.6519550085067749,-0.007115333806723356,0.4738730192184448,0.658305287361145,-0.01022697240114212,0.4754183292388916,0.6601201295852661,-0.01173729170113802,0.4768420159816742,0.662388026714325,-0.012966134585440159,0.4773692190647125,0.6562644839286804,-0.006790702696889639,0.4809109568595886,0.66646808385849,-0.00997017603367567,0.4846789836883545,0.671040415763855,-0.011865575797855854,0.4883342981338501,0.6744049787521362,-0.012992635369300842,0.48086246848106384,0.6597123742103577,-0.006499664857983589,0.48465338349342346,0.6699607372283936,-0.008245686069130898,0.4884144365787506,0.6742849349975586,-0.00908738560974598,0.491955429315567,0.6770627498626709,-0.00980991031974554
619,20.651455457967376,0,Left,0.6717148423194885,0.4716258645057678,0.6379213333129883,-2.6789031437601807e-08,0.46545153856277466,0.6384021043777466,-0.004977761767804623,0.4603378474712372,0.6426557302474976,-0.008453357964754105,0.45607244968414307,0.6429497599601746,-0.011506463401019573,0.4513190984725952,0.64079749584198,-0.01460382528603077,0.4683433473110199,0.6553614735603333,-0.007314489688724279,0.4720090925693512,0.6540939807891846,-0.011248411610722542,0.47451144456863403,0.6515573263168335,-0.014423142187297344,0.47701144218444824,0.6504878997802734,-0.016311271116137505,0.4740206003189087,0.6616722941398621,-0.0064929090440273285,0.4798813760280609,0.6623421311378479,-0.009534473530948162,0.48451483249664307,0.6609761118888855,-0.012163368985056877,0.48862481117248535,0.6588590145111084,-0.014204087667167187,0.4786249101161957,0.6660600304603577,-0.005905367434024811,0.4847364127635956,0.6691792011260986,-0.0088204275816679,0.4893814027309418,0.6692076325416565,-0.011248067021369934,0.4933359622955322,0.6677979230880737,-0.012726002372801304,0.48201242089271545,0.6682408452033997,-0.005627474747598171,0.48723849654197693,0.6740760207176208,-0.007107286714017391,0.4917505085468292,0.6764017343521118,-0.00789170153439045,0.4955288767814636,0.6773205995559692,-0.008553845807909966
620,20.684818067754076,0,Right,0.5308219790458679,0.4737533628940582,0.6703616380691528,-4.901915673372059e-08,0.4658281207084656,0.6654926538467407,-0.0033182206097990274,0.45956647396087646,0.6542144417762756,-0.008046075701713562,0.4545983672142029,0.6437729001045227,-0.012953436933457851,0.4496437907218933,0.6353762745857239,-0.01804511435329914,0.4659385085105896,0.649601936340332,-0.009652002714574337,0.4644266963005066,0.6428254246711731,-0.01561832521110773,0.46485573053359985,0.6356534361839294,-0.01979994960129261,0.4655715525150299,0.6303765177726746,-0.022011585533618927,0.47239625453948975,0.6527581810951233,-0.010004419833421707,0.4738467335700989,0.6462562084197998,-0.014423051849007607,0.47552064061164856,0.6392815709114075,-0.016536032781004906,0.4765271842479706,0.6348174810409546,-0.018510961905121803,0.47842350602149963,0.6586157083511353,-0.01040979940444231,0.48225346207618713,0.655282735824585,-0.014469180256128311,0.48558613657951355,0.650477409362793,-0.01623631827533245,0.48828262090682983,0.646003782749176,-0.01746114157140255,0.4835219085216522,0.6668500900268555,-0.010971871204674244,0.48856645822525024,0.6654199957847595,-0.01252580713480711,0.49253565073013306,0.664192795753479,-0.012713978067040443,0.49602264165878296,0.6628948450088501,-0.013401397503912449
621,20.71818067754078,0,Left,0.9634270668029785,0.47106829285621643,0.6711253523826599,6.276205510857835e-08,0.4793008863925934,0.6720630526542664,-0.00537277152761817,0.4863807260990143,0.666345477104187,-0.00905672274529934,0.4921986758708954,0.663528561592102,-0.012298662215471268,0.49783143401145935,0.6610909104347229,-0.01576901040971279,0.48043352365493774,0.6527498364448547,-0.009306305088102818,0.48376500606536865,0.643216073513031,-0.013354362919926643,0.4863872826099396,0.6372565031051636,-0.01599763333797455,0.4884692430496216,0.6310199499130249,-0.01781349815428257,0.4737439751625061,0.649455189704895,-0.009137529879808426,0.4751058518886566,0.6369855403900146,-0.012215400114655495,0.4762706458568573,0.6280178427696228,-0.013914588838815689,0.47697412967681885,0.6197500824928284,-0.015571435913443565,0.467136025428772,0.6504284143447876,-0.009347292594611645,0.46591827273368835,0.6385906934738159,-0.012636519968509674,0.465579628944397,0.6300828456878662,-0.01457122527062893,0.4650861918926239,0.6225025653839111,-0.016079196706414223,0.46117228269577026,0.6545793414115906,-0.00994851440191269,0.456283301115036,0.6443586945533752,-0.01304457988590002,0.45270946621894836,0.6377790570259094,-0.014390754513442516,0.4495308995246887,0.6320415735244751,-0.015491614118218422
622,20.75154328732748,0,Left,0.880245566368103,0.47120383381843567,0.673595130443573,6.566598642621102e-08,0.4803484082221985,0.6695189476013184,-0.0037853240501135588,0.48744240403175354,0.6614593863487244,-0.006456231698393822,0.49320030212402344,0.6559835076332092,-0.009053242392838001,0.49870285391807556,0.6525406837463379,-0.011984042823314667,0.4815638065338135,0.6463266015052795,-0.006939748302102089,0.4850510060787201,0.6322665810585022,-0.010385524481534958,0.4870842695236206,0.6245796084403992,-0.012707185000181198,0.48847001791000366,0.6163621544837952,-0.014472641982138157,0.47449129819869995,0.6433611512184143,-0.0077028111554682255,0.4752066135406494,0.6266780495643616,-0.010532356798648834,0.47565391659736633,0.615667462348938,-0.012303754687309265,0.47555872797966003,0.6056111454963684,-0.013966991566121578,0.46764370799064636,0.6450755596160889,-0.008760083466768265,0.4657295346260071,0.6295416355133057,-0.011877553537487984,0.4650106728076935,0.6189886927604675,-0.013735064305365086,0.4646717607975006,0.6089853644371033,-0.015311026014387608,0.46161800622940063,0.6503648161888123,-0.010115385055541992,0.4562998414039612,0.6387518048286438,-0.013416741043329239,0.45263445377349854,0.6318824291229248,-0.014769408851861954,0.4496999979019165,0.62516850233078,-0.015808189287781715
623,20.78490589711418,0,Right,0.605713963508606,0.5704943537712097,0.667832612991333,4.108607498665151e-08,0.5602215528488159,0.6636884212493896,-0.004431215114891529,0.5510538816452026,0.65276038646698,-0.007428697310388088,0.5436636209487915,0.6405457854270935,-0.010096634738147259,0.5362918972969055,0.6330783367156982,-0.012904384173452854,0.5541258454322815,0.6280292868614197,-0.006770086009055376,0.5464710593223572,0.6073049902915955,-0.010609317570924759,0.5426840782165527,0.5960943102836609,-0.0130106620490551,0.5400829911231995,0.586325466632843,-0.01459714025259018,0.5593485236167908,0.6233338117599487,-0.007305186241865158,0.5538155436515808,0.597821056842804,-0.010610087774693966,0.5505434274673462,0.5842938423156738,-0.012608804740011692,0.5484301447868347,0.5736086964607239,-0.014086886309087276,0.5653380155563354,0.6228654384613037,-0.008287593722343445,0.5613003373146057,0.5995438098907471,-0.011422675102949142,0.5585935115814209,0.5863308310508728,-0.013466913253068924,0.5562407970428467,0.5756454467773438,-0.014980707317590714,0.5721061825752258,0.626264750957489,-0.009637105278670788,0.571947455406189,0.6085352897644043,-0.012151422910392284,0.571465253829956,0.5977941751480103,-0.013366186060011387,0.5707303881645203,0.5883299112319946,-0.014252510853111744
623,20.78490589711418,1,Left,0.9538231492042542,0.472439169883728,0.6740178465843201,7.987350869598231e-08,0.48059752583503723,0.667304515838623,-0.004656876903027296,0.486734002828598,0.6571142673492432,-0.007857919670641422,0.49210384488105774,0.6476640701293945,-0.010720208287239075,0.4975554347038269,0.63979572057724,-0.013782434165477753,0.4807067811489105,0.6376478672027588,-0.007815257646143436,0.48406219482421875,0.6210447549819946,-0.011919082142412663,0.4860096871852875,0.6103747487068176,-0.014676951803267002,0.48730072379112244,0.6006671190261841,-0.016637209802865982,0.47357243299484253,0.6352586150169373,-0.00826997309923172,0.4733617901802063,0.6148605942726135,-0.011771886609494686,0.47364452481269836,0.6020343899726868,-0.014049459248781204,0.4735305607318878,0.5912970900535583,-0.01586650125682354,0.46702444553375244,0.6377533078193665,-0.009073693305253983,0.4643871486186981,0.6197426319122314,-0.012547820806503296,0.4633506238460541,0.6076918244361877,-0.014589047990739346,0.4628515839576721,0.5973585247993469,-0.01613141968846321,0.4614648222923279,0.6439368724822998,-0.010239587165415287,0.4555208086967468,0.631624162197113,-0.013794624246656895,0.4518241584300995,0.6232826709747314,-0.01540584396570921,0.4490123391151428,0.615163266658783,-0.016424503177404404
624,20.81826850690088,0,Right,0.8226661682128906,0.5651326775550842,0.6671066880226135,8.009669727471191e-08,0.5546926856040955,0.6627086997032166,-0.004700659774243832,0.5460337400436401,0.6507192254066467,-0.0073699019849300385,0.5393033027648926,0.6379276514053345,-0.009600335732102394,0.5325711965560913,0.6302454471588135,-0.01189098134636879,0.5497831702232361,0.6263071894645691,-0.00563464779406786,0.5441700220108032,0.6057953238487244,-0.009365996345877647,0.5411738157272339,0.5937169790267944,-0.0120737599208951,0.5391016006469727,0.5827339291572571,-0.013931321911513805,0.5559251308441162,0.621692419052124,-0.006036341190338135,0.5519883632659912,0.5975125432014465,-0.008780577220022678,0.5494822859764099,0.5831988453865051,-0.011028353124856949,0.5475022792816162,0.571057915687561,-0.012797937728464603,0.562282383441925,0.621214747428894,-0.006976170931011438,0.5597550272941589,0.5986061692237854,-0.009739999659359455,0.5577054023742676,0.5851237773895264,-0.011530151590704918,0.5557553768157959,0.5733876824378967,-0.012965151108801365,0.5689385533332825,0.6239845752716064,-0.00833375845104456,0.5694710612297058,0.6070932149887085,-0.01077943667769432,0.5698340535163879,0.596301794052124,-0.011611182242631912,0.5698339343070984,0.5865453481674194,-0.012224835343658924
624,20.81826850690088,1,Left,0.9581567049026489,0.4735157787799835,0.6656635999679565,1.0046033338539928e-07,0.4811580777168274,0.6583475470542908,-0.0052004242315888405,0.4863756000995636,0.6476259231567383,-0.008901788853108883,0.49094536900520325,0.6364893317222595,-0.012153999879956245,0.49643179774284363,0.6274547576904297,-0.015485405921936035,0.48006269335746765,0.6261122822761536,-0.008476004004478455,0.4827975630760193,0.6072215437889099,-0.013357067480683327,0.48451077938079834,0.5949219465255737,-0.01648424193263054,0.4855511784553528,0.5841619968414307,-0.018576351925730705,0.4732976257801056,0.6244239807128906,-0.008885613642632961,0.4726738929748535,0.6019835472106934,-0.013235797174274921,0.47255900502204895,0.5877852439880371,-0.01589839905500412,0.4722043573856354,0.5757893323898315,-0.01774306781589985,0.46719712018966675,0.6280258893966675,-0.00972727034240961,0.46420201659202576,0.6086167693138123,-0.01410611066967249,0.4627106487751007,0.5951448678970337,-0.016677560284733772,0.46192044019699097,0.5833707451820374,-0.018320361152291298,0.46205368638038635,0.6355503797531128,-0.010913575999438763,0.45555007457733154,0.6224911212921143,-0.01525054406374693,0.45140114426612854,0.614004909992218,-0.01724419929087162,0.4481695890426636,0.6056280732154846,-0.018339334055781364
625,20.851631116687578,0,Right,0.8449872732162476,0.5633049011230469,0.6611359119415283,7.872361607041967e-08,0.5529150366783142,0.6574585437774658,-0.004695206414908171,0.5442590117454529,0.6445925235748291,-0.007187815383076668,0.5379945635795593,0.630777895450592,-0.009195143356919289,0.531378448009491,0.622986376285553,-0.011178368702530861,0.5483778119087219,0.6197763085365295,-0.005022452678531408,0.5431866645812988,0.5994151830673218,-0.008457005023956299,0.5406246781349182,0.5867654085159302,-0.01110672578215599,0.5391450524330139,0.5758599638938904,-0.012939470820128918,0.5543242692947388,0.615461528301239,-0.005188331939280033,0.5506550669670105,0.5924015641212463,-0.007932099513709545,0.5485212802886963,0.5783350467681885,-0.010284570045769215,0.5471044182777405,0.5666127800941467,-0.012039043009281158,0.5606324076652527,0.6151143312454224,-0.005883974023163319,0.5584496259689331,0.5929092764854431,-0.008799531497061253,0.5566458702087402,0.5794510841369629,-0.010761799290776253,0.5551719665527344,0.5678462386131287,-0.012218118645250797,0.5672885775566101,0.6182262301445007,-0.006969297770410776,0.5683867335319519,0.6019258499145508,-0.009679406881332397,0.5690940022468567,0.5912350416183472,-0.01075070258229971,0.5695896744728088,0.5813003778457642,-0.011428792029619217
625,20.851631116687578,1,Left,0.9657787680625916,0.4737590253353119,0.6577669978141785,9.875815010218503e-08,0.48196354508399963,0.6503344774246216,-0.004954360891133547,0.48703092336654663,0.638080358505249,-0.0081672677770257,0.49096354842185974,0.6249343156814575,-0.010948941111564636,0.4957820475101471,0.6146755814552307,-0.013798840343952179,0.4804351031780243,0.6155382990837097,-0.007554134353995323,0.4828954041004181,0.5956945419311523,-0.012179483659565449,0.48432236909866333,0.5826429128646851,-0.01523858867585659,0.4850917458534241,0.5714070200920105,-0.017300549894571304,0.4733896553516388,0.6141422986984253,-0.007945769466459751,0.4724978506565094,0.5916897058486938,-0.012104854919016361,0.4721152186393738,0.5772497057914734,-0.014830120839178562,0.47146546840667725,0.5648921728134155,-0.016661083325743675,0.46730828285217285,0.6182047724723816,-0.008762971498072147,0.46394163370132446,0.598932683467865,-0.013023479841649532,0.4620846211910248,0.5855921506881714,-0.01565050520002842,0.4608749449253082,0.5741017460823059,-0.017259614542126656,0.46225905418395996,0.6263223886489868,-0.009905523620545864,0.4558636546134949,0.6132323145866394,-0.014208672568202019,0.4516449272632599,0.6048128008842468,-0.016217710450291634,0.44831785559654236,0.5965282917022705,-0.017249371856451035
626,20.884993726474278,0,Right,0.8874281048774719,0.5600538849830627,0.6550629138946533,8.474643919953451e-08,0.5498806238174438,0.6491820216178894,-0.004062003456056118,0.5416167974472046,0.6359806060791016,-0.006372285075485706,0.5356670022010803,0.6233004331588745,-0.008333808742463589,0.5297590494155884,0.6151198744773865,-0.010271664708852768,0.5469957590103149,0.6112932562828064,-0.0043288329616189,0.5426622629165649,0.5909029841423035,-0.00778223155066371,0.5404931902885437,0.5782558917999268,-0.010568471625447273,0.5390385985374451,0.5674151182174683,-0.01246319804340601,0.5529575943946838,0.607995331287384,-0.0048513635993003845,0.5500372648239136,0.5844492316246033,-0.007568538188934326,0.5484476089477539,0.5697780251502991,-0.009948614053428173,0.5473688244819641,0.5576830506324768,-0.011654489673674107,0.5592349171638489,0.6086426973342896,-0.005867675878107548,0.5576406121253967,0.5873655676841736,-0.008622012101113796,0.5564203262329102,0.5741249322891235,-0.010267526842653751,0.555419385433197,0.5628532767295837,-0.011415494605898857,0.5659393072128296,0.6126589775085449,-0.007260313257575035,0.5669979453086853,0.596599817276001,-0.009636398404836655,0.5676321387290955,0.5860475897789001,-0.010253334417939186,0.5680594444274902,0.5764520764350891,-0.010550633072853088
626,20.884993726474278,1,Left,0.9743466973304749,0.47400984168052673,0.6502997875213623,8.943521834225976e-08,0.4824189841747284,0.6411351561546326,-0.004395230673253536,0.48750245571136475,0.6274327039718628,-0.007027574349194765,0.49132978916168213,0.6136181950569153,-0.009328351356089115,0.4956621825695038,0.6035784482955933,-0.011697488836944103,0.4812929332256317,0.6046938896179199,-0.006322773639112711,0.4833628535270691,0.584084153175354,-0.010551542975008488,0.48428916931152344,0.5706670880317688,-0.013508210889995098,0.4847564697265625,0.5592539310455322,-0.015540460124611855,0.4741055965423584,0.603894054889679,-0.006831697188317776,0.47291749715805054,0.5817526578903198,-0.01050960086286068,0.4722208082675934,0.5676268339157104,-0.013123821467161179,0.47155365347862244,0.5557265281677246,-0.014896810986101627,0.4680204689502716,0.6083508133888245,-0.007752583362162113,0.4651496410369873,0.5884824991226196,-0.011509532108902931,0.46356531977653503,0.5752016305923462,-0.013906043954193592,0.46267035603523254,0.5638586282730103,-0.015431155450642109,0.46307212114334106,0.6167879700660706,-0.009005716070532799,0.4570990800857544,0.6045226454734802,-0.013015744276344776,0.45308542251586914,0.596320390701294,-0.01483157929033041,0.44998911023139954,0.5883651375770569,-0.015706848353147507
627,20.918356336260977,0,Right,0.892835259437561,0.5584442615509033,0.6478909850120544,8.832788012114179e-08,0.5481881499290466,0.641525149345398,-0.004029125440865755,0.5397480726242065,0.6271525621414185,-0.006155434995889664,0.5339334011077881,0.6137768030166626,-0.00795903243124485,0.528258740901947,0.6049856543540955,-0.009688407182693481,0.5454757809638977,0.6025821566581726,-0.0039454614743590355,0.5411199331283569,0.5810651779174805,-0.007422143593430519,0.5386817455291748,0.567269504070282,-0.010233067907392979,0.5370384454727173,0.5557506680488586,-0.012116066180169582,0.5513195991516113,0.599441647529602,-0.004383538383990526,0.5486193299293518,0.5753843784332275,-0.007046664133667946,0.5472039580345154,0.5596771240234375,-0.009325576946139336,0.546485960483551,0.546997606754303,-0.010926524177193642,0.5575055480003357,0.6004937887191772,-0.005351668689399958,0.5563951134681702,0.579440176486969,-0.007851798087358475,0.5554186701774597,0.5662519931793213,-0.009284639731049538,0.5547701716423035,0.5553015470504761,-0.01029203087091446,0.5640774965286255,0.6052875518798828,-0.0067480201832950115,0.5653465986251831,0.589792013168335,-0.008796002715826035,0.5659957528114319,0.579460620880127,-0.009218634106218815,0.5665186643600464,0.5702077150344849,-0.009382295422255993
627,20.918356336260977,1,Left,0.9694251418113708,0.4749782979488373,0.6438055038452148,9.023154490250818e-08,0.483374685049057,0.63407301902771,-0.004539669957011938,0.4885942041873932,0.6195046305656433,-0.006950897164642811,0.4922095835208893,0.605039119720459,-0.009041969664394855,0.49635741114616394,0.5945380926132202,-0.0111145731061697,0.4820447266101837,0.5961073040962219,-0.005392940249294043,0.4842943549156189,0.5750606656074524,-0.00928686186671257,0.48545941710472107,0.5615776777267456,-0.012123976834118366,0.4862385094165802,0.5501478910446167,-0.014065710827708244,0.4749203622341156,0.5953372120857239,-0.005697414744645357,0.4735819101333618,0.5729619264602661,-0.009032631292939186,0.47284021973609924,0.5584110617637634,-0.011548174545168877,0.4721822142601013,0.5462651252746582,-0.013261722400784492,0.46893683075904846,0.5996227860450745,-0.0064919693395495415,0.4662402272224426,0.58042311668396,-0.009953765198588371,0.46475332975387573,0.5677762627601624,-0.012225672602653503,0.4638400971889496,0.5572115182876587,-0.01365258265286684,0.4640355706214905,0.607914388179779,-0.007678683381527662,0.45811837911605835,0.5961424708366394,-0.01140715554356575,0.4542042016983032,0.588371992111206,-0.013085783459246159,0.45109906792640686,0.5810068249702454,-0.013851665891706944
628,20.951718946047677,0,Right,0.9150460362434387,0.5564133524894714,0.6394326686859131,8.464706979793846e-08,0.5462040901184082,0.6321423053741455,-0.0037768264301121235,0.5377678275108337,0.6172329187393188,-0.00586737459525466,0.531844973564148,0.6037389636039734,-0.007705717347562313,0.526298463344574,0.5940502882003784,-0.009489164687693119,0.5438454747200012,0.592246413230896,-0.003523229854181409,0.539326012134552,0.5711248517036438,-0.006956571247428656,0.536952018737793,0.5578393936157227,-0.009801867417991161,0.5354805588722229,0.5464330911636353,-0.011814999394118786,0.549750030040741,0.589195191860199,-0.004275118466466665,0.5468615293502808,0.5652273297309875,-0.007048129104077816,0.5455430150032043,0.549871563911438,-0.009484635666012764,0.544950008392334,0.5373173356056213,-0.011227669194340706,0.55589359998703,0.5908270478248596,-0.005570181179791689,0.5545710325241089,0.5680774450302124,-0.008516289293766022,0.5538748502731323,0.5544896125793457,-0.010266277007758617,0.5534059405326843,0.5428293943405151,-0.011504143476486206,0.5623956918716431,0.5965139865875244,-0.0072310310788452625,0.5640591979026794,0.5810670852661133,-0.010023223236203194,0.5649842023849487,0.5700851678848267,-0.010948575101792812,0.5657243132591248,0.559862494468689,-0.011446528136730194
628,20.951718946047677,1,Left,0.9766590595245361,0.4759911298751831,0.6357397437095642,9.345588125597715e-08,0.484407514333725,0.625548243522644,-0.004262199159711599,0.4897094666957855,0.6102587580680847,-0.0064489650540053844,0.4934476315975189,0.5952867865562439,-0.008376864716410637,0.4974743127822876,0.5840014815330505,-0.010295667685568333,0.48251137137413025,0.5863038301467896,-0.004534611012786627,0.48458224534988403,0.565366268157959,-0.008390197530388832,0.4861355125904083,0.552583634853363,-0.011322518810629845,0.48738396167755127,0.5417155027389526,-0.013335326686501503,0.4755837619304657,0.5853478908538818,-0.005107369739562273,0.47426271438598633,0.5621567964553833,-0.008408939465880394,0.4739030599594116,0.5470932722091675,-0.01119659747928381,0.47358742356300354,0.5338194370269775,-0.013115600682795048,0.46957576274871826,0.589871883392334,-0.006217472720891237,0.4670136868953705,0.5697661638259888,-0.009977341629564762,0.4655042290687561,0.5558151006698608,-0.012817952781915665,0.46461915969848633,0.5431987643241882,-0.014635455794632435,0.464481920003891,0.598801851272583,-0.007647646591067314,0.4584064185619354,0.5871149301528931,-0.011813778430223465,0.4542924165725708,0.5790700912475586,-0.013803193345665932,0.45096033811569214,0.5707637071609497,-0.014791643247008324
629,20.98508155583438,0,Right,0.9011508226394653,0.5554282069206238,0.6301996111869812,8.169786269718315e-08,0.5448966026306152,0.6221684217453003,-0.0029919918160885572,0.5363868474960327,0.6071142554283142,-0.004552076105028391,0.5308002829551697,0.594185471534729,-0.006040400359779596,0.5255688428878784,0.5850831270217896,-0.00756169343367219,0.5425874590873718,0.5824537873268127,-0.002551192417740822,0.5383829474449158,0.5618354082107544,-0.005657010246068239,0.53624027967453,0.5483245849609375,-0.0083216093480587,0.5348878502845764,0.5369536876678467,-0.010213976725935936,0.5485597252845764,0.5794268250465393,-0.003637755988165736,0.5462666749954224,0.5556691288948059,-0.006163520738482475,0.545210063457489,0.5401281714439392,-0.008649967610836029,0.5447792410850525,0.5275379419326782,-0.010463937185704708,0.5546441674232483,0.5809534192085266,-0.00523240165784955,0.5537954568862915,0.5589827299118042,-0.00815429724752903,0.5530300736427307,0.545025646686554,-0.010412902571260929,0.5525349974632263,0.5331791043281555,-0.012026130221784115,0.560889482498169,0.5864872336387634,-0.007103572133928537,0.5635324716567993,0.57148277759552,-0.009961285628378391,0.5653383731842041,0.5606429576873779,-0.011224783025681973,0.5669633746147156,0.5506331920623779,-0.01200220175087452
629,20.98508155583438,1,Left,0.9747017621994019,0.47650715708732605,0.6292416453361511,9.474889139937659e-08,0.4849991202354431,0.6183172464370728,-0.004649527836591005,0.4906580150127411,0.6022275686264038,-0.006923075765371323,0.4947516918182373,0.5866576433181763,-0.0089074382558465,0.4986483156681061,0.574532687664032,-0.010841695591807365,0.4830569326877594,0.5784249305725098,-0.004481692798435688,0.48534104228019714,0.5575299859046936,-0.008411701768636703,0.48702919483184814,0.5444543361663818,-0.011406127363443375,0.48851510882377625,0.5337135791778564,-0.013408249244093895,0.4761652648448944,0.5770441889762878,-0.004844506271183491,0.4753760099411011,0.5539575815200806,-0.00797861348837614,0.47510263323783875,0.5388434529304504,-0.010587221942842007,0.47484245896339417,0.5261821150779724,-0.012357671745121479,0.47015511989593506,0.5816300511360168,-0.00582080939784646,0.4680314064025879,0.5615847110748291,-0.009238737635314465,0.4664268493652344,0.5477295517921448,-0.0118548683822155,0.46549472212791443,0.5353209972381592,-0.013585236854851246,0.465008944272995,0.5908579230308533,-0.0071967835538089275,0.4596470296382904,0.5804884433746338,-0.010988656431436539,0.45576581358909607,0.5726839303970337,-0.012790131382644176,0.45255354046821594,0.5648639798164368,-0.013670893386006355
630,21.01844416562108,0,Right,0.9264086484909058,0.5542348623275757,0.620135486125946,7.893981290862939e-08,0.5434187054634094,0.6116952896118164,-0.00278625194914639,0.5353506207466125,0.596034824848175,-0.004170010797679424,0.5301868319511414,0.5826988220214844,-0.005543275270611048,0.5250502228736877,0.5735336542129517,-0.006938778795301914,0.5421022176742554,0.5714890956878662,-0.0018903318559750915,0.5377626419067383,0.551104724407196,-0.004740590695291758,0.5358397960662842,0.5380294919013977,-0.007277530152350664,0.5346933007240295,0.5268831849098206,-0.009088152088224888,0.548359215259552,0.5684530138969421,-0.002997973235324025,0.546096920967102,0.5447800755500793,-0.005079352296888828,0.5450976490974426,0.5298975706100464,-0.00736531987786293,0.5445101261138916,0.5180218815803528,-0.009075936861336231,0.5546267032623291,0.5699411630630493,-0.0046278685331344604,0.5539916753768921,0.5486738681793213,-0.007009634282439947,0.5532737374305725,0.535330593585968,-0.008864257484674454,0.5525873303413391,0.5240675210952759,-0.010273869149386883,0.5609527230262756,0.575487494468689,-0.0065697976388037205,0.5634906888008118,0.5610759854316711,-0.008887109346687794,0.5650141835212708,0.5510821342468262,-0.009719710797071457,0.5662345290184021,0.5420793294906616,-0.010232584550976753
630,21.01844416562108,1,Left,0.9735698103904724,0.4765040874481201,0.621933102607727,9.233707487510401e-08,0.4854736626148224,0.6109219789505005,-0.004796240478754044,0.4912489056587219,0.5939283967018127,-0.006860561203211546,0.4952956438064575,0.5777430534362793,-0.008606523275375366,0.49925634264945984,0.5654552578926086,-0.01025655958801508,0.48336324095726013,0.570559024810791,-0.004001162946224213,0.4861403703689575,0.5490509867668152,-0.007646546233445406,0.48767873644828796,0.5352394580841064,-0.010431237518787384,0.4890039265155792,0.5237014889717102,-0.012354041449725628,0.47652143239974976,0.569394588470459,-0.004194074310362339,0.4757959544658661,0.5463131666183472,-0.0072870077565312386,0.4753973186016083,0.5312957763671875,-0.009858954697847366,0.47515296936035156,0.5185826420783997,-0.011632049456238747,0.470486044883728,0.5736747980117798,-0.0050585586577653885,0.468559592962265,0.5532205104827881,-0.008610953576862812,0.46710774302482605,0.5392481088638306,-0.01132707018405199,0.4662829339504242,0.5268913507461548,-0.013093302957713604,0.46525079011917114,0.5822616815567017,-0.006342429202049971,0.4597490131855011,0.5707182884216309,-0.010356352664530277,0.4556552469730377,0.5624991655349731,-0.012402541935443878,0.45221370458602905,0.5542989373207092,-0.013458719477057457
631,21.05180677540778,0,Right,0.950120210647583,0.5526416897773743,0.6112349033355713,7.951839364750413e-08,0.5421559810638428,0.6017767786979675,-0.002548744436353445,0.5344042778015137,0.5856375098228455,-0.004198079463094473,0.5294721722602844,0.5721274018287659,-0.005830324720591307,0.5244739055633545,0.5638004541397095,-0.007582706864923239,0.5412887334823608,0.5634027123451233,-0.0033309771679341793,0.537437915802002,0.5418447852134705,-0.006570007652044296,0.5357277393341064,0.5286262035369873,-0.009118273854255676,0.534760057926178,0.5173728466033936,-0.010895563289523125,0.547624945640564,0.5610061883926392,-0.0047057680785655975,0.5460246801376343,0.5360139608383179,-0.0072288187220692635,0.5453053712844849,0.5207971334457397,-0.009439639747142792,0.5448826551437378,0.5086983442306519,-0.011056650429964066,0.55378657579422,0.5631821751594543,-0.00647004833444953,0.5539950132369995,0.5406388640403748,-0.00919642485678196,0.5534501671791077,0.5267544984817505,-0.011057033203542233,0.5528703927993774,0.5152009725570679,-0.012466460466384888,0.559843897819519,0.5695738196372986,-0.008465924300253391,0.5630857348442078,0.5548046231269836,-0.011093590408563614,0.5649373531341553,0.5444110035896301,-0.01196383498609066,0.566370964050293,0.535088837146759,-0.012495763599872589
631,21.05180677540778,1,Left,0.9832098484039307,0.4769577085971832,0.615031361579895,8.738484069681363e-08,0.4858566224575043,0.6035566926002502,-0.004233760293573141,0.4914712607860565,0.5861861109733582,-0.005974011495709419,0.49511587619781494,0.5702207684516907,-0.007453040685504675,0.49825260043144226,0.5582101345062256,-0.008803053759038448,0.483771950006485,0.5633010864257812,-0.003605340141803026,0.48672112822532654,0.5419287085533142,-0.0069531467743217945,0.4880717694759369,0.5281292796134949,-0.009486875496804714,0.48907095193862915,0.5167921781539917,-0.011214345693588257,0.47677719593048096,0.5618210434913635,-0.003912122920155525,0.476141095161438,0.5383123159408569,-0.006735509727150202,0.475639283657074,0.5235791802406311,-0.008980244398117065,0.4751356840133667,0.5116075873374939,-0.01048637367784977,0.47062578797340393,0.565519392490387,-0.0048192404210567474,0.46842294931411743,0.5451062917709351,-0.007969466969370842,0.46707651019096375,0.5315084457397461,-0.010272656567394733,0.466190904378891,0.5199412107467651,-0.011754951439797878,0.4652627408504486,0.5735604166984558,-0.006121027749031782,0.45980843901634216,0.5613992214202881,-0.009696770459413528,0.45580315589904785,0.5529826879501343,-0.011418499983847141,0.45240530371665955,0.5447624325752258,-0.012248966842889786
632,21.08516938519448,0,Right,0.9120751619338989,0.5519830584526062,0.602876603603363,7.815492608642671e-08,0.5419155955314636,0.5936650633811951,-0.002938434248790145,0.5341878533363342,0.577263593673706,-0.004593765363097191,0.529207706451416,0.5639656782150269,-0.006141178775578737,0.523978590965271,0.555338442325592,-0.007723400369286537,0.5411763787269592,0.5543460845947266,-0.0029866702388972044,0.5373886823654175,0.5331018567085266,-0.005977831315249205,0.5357534885406494,0.520115077495575,-0.008414403535425663,0.5348289012908936,0.5091783404350281,-0.01015313807874918,0.5475294589996338,0.552096962928772,-0.004020754713565111,0.5461298823356628,0.5277004241943359,-0.006297965068370104,0.5455172061920166,0.5129945278167725,-0.008403122425079346,0.545156717300415,0.501491367816925,-0.009978033602237701,0.5537698268890381,0.5544261336326599,-0.0055249882861971855,0.5538937449455261,0.5325248837471008,-0.008061506785452366,0.553307056427002,0.519393265247345,-0.009815647266805172,0.552643895149231,0.5083792209625244,-0.011175044812262058,0.5600106716156006,0.5608298182487488,-0.007315952330827713,0.5634641051292419,0.546359121799469,-0.00971701554954052,0.5654192566871643,0.5364281535148621,-0.010561724193394184,0.5668891668319702,0.52733314037323,-0.011121890507638454
632,21.08516938519448,1,Left,0.9806154370307922,0.47684067487716675,0.608378529548645,8.330781753329575e-08,0.485892653465271,0.5964541435241699,-0.0043507725931704044,0.491512656211853,0.5782500505447388,-0.0061010681092739105,0.49492326378822327,0.5612152218818665,-0.0075631896033883095,0.49818456172943115,0.548600971698761,-0.008911130018532276,0.48387235403060913,0.5564205646514893,-0.003722216933965683,0.4866134226322174,0.5348609685897827,-0.007099330425262451,0.48791250586509705,0.5210751295089722,-0.009667482227087021,0.4888201057910919,0.5095847249031067,-0.011438310146331787,0.47693413496017456,0.5549453496932983,-0.003934523090720177,0.4764001965522766,0.5318378210067749,-0.006760449148714542,0.4759008288383484,0.5171000957489014,-0.009034099988639355,0.47533392906188965,0.5050029754638672,-0.01059709768742323,0.47078800201416016,0.5585347414016724,-0.004751204513013363,0.4683483839035034,0.5384684801101685,-0.007838236168026924,0.4670669138431549,0.5250559449195862,-0.010077180340886116,0.4662834703922272,0.5135416984558105,-0.011560739949345589,0.46548956632614136,0.5664448738098145,-0.005986750591546297,0.45964735746383667,0.554813802242279,-0.00945754162967205,0.45564332604408264,0.5463835597038269,-0.011147208511829376,0.45233654975891113,0.5380817651748657,-0.012001041322946548
633,21.11853199498118,0,Right,0.9014011025428772,0.5519530773162842,0.5960842967033386,7.490015718758514e-08,0.5420251488685608,0.5872562527656555,-0.0032202820293605328,0.5343096852302551,0.5707586407661438,-0.0049958666786551476,0.5291743874549866,0.5569918751716614,-0.006583155132830143,0.523710310459137,0.5480981469154358,-0.008202636614441872,0.5413979887962341,0.5474265217781067,-0.0034913213457912207,0.5377877354621887,0.5260818600654602,-0.006553261075168848,0.5360975861549377,0.5129175782203674,-0.009023390710353851,0.5351139307022095,0.5018542408943176,-0.010795695707201958,0.5477573275566101,0.5452657341957092,-0.004369611386209726,0.5465288758277893,0.5210501551628113,-0.0066656507551670074,0.5459173917770386,0.5064064860343933,-0.00874874647706747,0.5454745888710022,0.49479997158050537,-0.010335261933505535,0.5540182590484619,0.5476903319358826,-0.005717353895306587,0.5542702078819275,0.5258563160896301,-0.008254166692495346,0.5537103414535522,0.512691080570221,-0.010028942488133907,0.5529747009277344,0.5015636682510376,-0.011426222510635853,0.5602034330368042,0.5540772080421448,-0.007374318782240152,0.56379234790802,0.5395663380622864,-0.009779573418200016,0.5658367872238159,0.5296558737754822,-0.010686757043004036,0.5673129558563232,0.5205333232879639,-0.011305089108645916
633,21.11853199498118,1,Left,0.9786913394927979,0.4774457812309265,0.6007936000823975,7.965378756580321e-08,0.4863123893737793,0.5883693099021912,-0.0036769777070730925,0.4914874732494354,0.5700792074203491,-0.005139339715242386,0.4948652982711792,0.5541134476661682,-0.006425162777304649,0.49804404377937317,0.5428394675254822,-0.007688456680625677,0.4838164150714874,0.5490350127220154,-0.0035901986993849277,0.4864477515220642,0.5277233123779297,-0.006753872148692608,0.48759281635284424,0.514292299747467,-0.009138533845543861,0.48831871151924133,0.5032315850257874,-0.01082060020416975,0.4768665134906769,0.5482944250106812,-0.004181963857263327,0.4761343002319336,0.5249759554862976,-0.006970360409468412,0.47559264302253723,0.5103580951690674,-0.009221439249813557,0.47491034865379333,0.498640775680542,-0.010779951699078083,0.4707505702972412,0.552653968334198,-0.0052843764424324036,0.46815747022628784,0.5316503047943115,-0.008429883979260921,0.466837614774704,0.5181058645248413,-0.010755863972008228,0.4660526514053345,0.5066271424293518,-0.012303143739700317,0.4654925763607025,0.5612226724624634,-0.006712721195071936,0.4594370722770691,0.5486047267913818,-0.010352610610425472,0.4555260241031647,0.5397881269454956,-0.012128956615924835,0.4524494409561157,0.5312018394470215,-0.013047647662460804
634,21.15189460476788,0,Right,0.9071253538131714,0.5515279769897461,0.5902497172355652,7.392492307189968e-08,0.5415913462638855,0.580899178981781,-0.00325537147000432,0.5340428948402405,0.5639234781265259,-0.004868173040449619,0.5291223526000977,0.5499494075775146,-0.006287887692451477,0.5240641236305237,0.5405423045158386,-0.007727609481662512,0.5417524576187134,0.5410112738609314,-0.0031742719002068043,0.5382230281829834,0.5198009014129639,-0.006080932915210724,0.5364261269569397,0.5067029595375061,-0.008472376503050327,0.5352641940116882,0.4957486093044281,-0.010195215232670307,0.5481075644493103,0.5390108227729797,-0.0039878045208752155,0.5470453500747681,0.5148884057998657,-0.00612586410716176,0.5464070439338684,0.500166118144989,-0.00815990287810564,0.5459449291229248,0.4885443449020386,-0.009710182435810566,0.5542636513710022,0.5415431261062622,-0.005301174242049456,0.554512619972229,0.5199124217033386,-0.007711649872362614,0.5539098978042603,0.5068299770355225,-0.009492331184446812,0.5532474517822266,0.4957817792892456,-0.010895159095525742,0.5602151155471802,0.5479804277420044,-0.006942945998162031,0.5637316107749939,0.5338332056999207,-0.009248824790120125,0.5658509135246277,0.5241706371307373,-0.010152922011911869,0.5675451159477234,0.5153133869171143,-0.01077577006071806
634,21.15189460476788,1,Left,0.9792618155479431,0.47663700580596924,0.593749463558197,8.159453557254892e-08,0.48563435673713684,0.5809835195541382,-0.0034119843039661646,0.49116945266723633,0.5625157952308655,-0.004760207142680883,0.49519777297973633,0.5471360087394714,-0.005992560647428036,0.49867117404937744,0.5366217494010925,-0.0071910168044269085,0.48324599862098694,0.542319655418396,-0.003257634351029992,0.48625895380973816,0.520943284034729,-0.006334206089377403,0.4875473976135254,0.507396936416626,-0.008634304627776146,0.4884198307991028,0.49658921360969543,-0.010245323181152344,0.4762684106826782,0.5415944457054138,-0.0039093876257538795,0.4756697416305542,0.5182968974113464,-0.00660740165039897,0.47525593638420105,0.5037516951560974,-0.008753160946071148,0.4747276306152344,0.492506206035614,-0.010216244496405125,0.47021377086639404,0.5458142757415771,-0.005057985894382,0.4676349461078644,0.5247467160224915,-0.008063999935984612,0.46631622314453125,0.5113146901130676,-0.010300442576408386,0.4655255377292633,0.5002829432487488,-0.01178317703306675,0.46516573429107666,0.5541942715644836,-0.006518634036183357,0.4592290222644806,0.5420429110527039,-0.009994246996939182,0.45530563592910767,0.5332278609275818,-0.01169410441070795,0.4522165060043335,0.5247763395309448,-0.012565233744680882
635,21.18525721455458,0,Right,0.9080719947814941,0.5518906116485596,0.5845526456832886,6.942968155954077e-08,0.5422290563583374,0.5755347609519958,-0.0033037224784493446,0.5345929861068726,0.558957576751709,-0.004962647333741188,0.5293186902999878,0.544992208480835,-0.006441714707762003,0.5238622426986694,0.5359843969345093,-0.007932670414447784,0.542448878288269,0.5353043675422668,-0.003063481766730547,0.5391209125518799,0.5142108201980591,-0.0059247370809316635,0.5374045372009277,0.5011837482452393,-0.00828566774725914,0.5363497734069824,0.49040135741233826,-0.009988862089812756,0.5488226413726807,0.5334106087684631,-0.0038232505321502686,0.5478035807609558,0.5095685720443726,-0.005841008387506008,0.5471358299255371,0.49520206451416016,-0.007752703968435526,0.5466704368591309,0.4840606451034546,-0.009234578348696232,0.5551130771636963,0.5360246300697327,-0.005105202551931143,0.5554006099700928,0.5146197080612183,-0.007390426471829414,0.554840087890625,0.5019294619560242,-0.008997843600809574,0.5542165637016296,0.4914249777793884,-0.010289213620126247,0.5612040758132935,0.5424648523330688,-0.006736413110047579,0.5648476481437683,0.5283645391464233,-0.008845250122249126,0.5669822692871094,0.5191678404808044,-0.009597735479474068,0.5686855316162109,0.5108951926231384,-0.010131318122148514
635,21.18525721455458,1,Left,0.9817500710487366,0.4766067564487457,0.5875498056411743,8.186891875539004e-08,0.48537880182266235,0.574974000453949,-0.0036251440178602934,0.49110299348831177,0.5564505457878113,-0.005061291623860598,0.4951058626174927,0.5407397150993347,-0.006300061475485563,0.49853652715682983,0.5296571850776672,-0.007496581878513098,0.48292315006256104,0.5366103053092957,-0.0034202018287032843,0.48573094606399536,0.5157290697097778,-0.006398757454007864,0.4871390759944916,0.5027593374252319,-0.008621551096439362,0.48820075392723083,0.4924413561820984,-0.010190600529313087,0.4760087728500366,0.5358346104621887,-0.003968751989305019,0.47537192702293396,0.5125651955604553,-0.0065687112510204315,0.47512173652648926,0.4982447624206543,-0.00868512038141489,0.4748116135597229,0.4869369566440582,-0.010183218866586685,0.46987223625183105,0.5399194359779358,-0.005033737048506737,0.467477023601532,0.5189042091369629,-0.008050748147070408,0.466354101896286,0.5058476328849792,-0.010336161591112614,0.46573981642723083,0.49504950642585754,-0.011880056001245975,0.4645547568798065,0.5481321215629578,-0.006412525195628405,0.4586150646209717,0.5359377264976501,-0.00992682296782732,0.4546845257282257,0.527402937412262,-0.011694333516061306,0.45150619745254517,0.5190271735191345,-0.012648493982851505
636,21.21861982434128,0,Right,0.9304053783416748,0.5519832968711853,0.5821250677108765,6.787347217596107e-08,0.5424571633338928,0.5728334188461304,-0.0036189269740134478,0.5348637104034424,0.5568627119064331,-0.0055788843892514706,0.5293960571289062,0.543231725692749,-0.00732592586427927,0.524155855178833,0.5333620309829712,-0.009063619188964367,0.5430639386177063,0.5323725938796997,-0.0033352887257933617,0.5400518178939819,0.5112265348434448,-0.006446762476116419,0.5385196208953857,0.49823498725891113,-0.00897988211363554,0.5376784801483154,0.4873535633087158,-0.010819269344210625,0.5495707392692566,0.5305697321891785,-0.0040893894620239735,0.5486209392547607,0.5069738626480103,-0.006390348542481661,0.5480373501777649,0.4928269684314728,-0.008499455638229847,0.5476351380348206,0.48152440786361694,-0.010104123502969742,0.5559212565422058,0.5334608554840088,-0.005406578071415424,0.5563439726829529,0.5118876695632935,-0.00799152348190546,0.5558875799179077,0.49910545349121094,-0.009740736335515976,0.5552918314933777,0.4883582592010498,-0.011103486642241478,0.5619680285453796,0.5402443408966064,-0.007087164558470249,0.5657849311828613,0.5261707901954651,-0.0094379223883152,0.5680018663406372,0.5168951153755188,-0.010338637046515942,0.5697625279426575,0.5083812475204468,-0.010968431830406189
636,21.21861982434128,1,Left,0.9803073406219482,0.4762699604034424,0.5839810967445374,7.889458686349826e-08,0.4849788546562195,0.5717808604240417,-0.0037341206334531307,0.49081510305404663,0.5537259578704834,-0.0053221858106553555,0.49476030468940735,0.5380107760429382,-0.006706924643367529,0.4983533024787903,0.5265690684318542,-0.008046968840062618,0.48245638608932495,0.5329296588897705,-0.0035924771800637245,0.4854399561882019,0.5124147534370422,-0.00664176419377327,0.48688456416130066,0.49973994493484497,-0.008925104513764381,0.4878765046596527,0.48946234583854675,-0.010537893511354923,0.4756844937801361,0.532278299331665,-0.004119597375392914,0.4755263924598694,0.5095020532608032,-0.006741587072610855,0.4753510653972626,0.4954431354999542,-0.008835095912218094,0.47495150566101074,0.4842973053455353,-0.010306794196367264,0.46959853172302246,0.5365263819694519,-0.005169279407709837,0.46722379326820374,0.515932023525238,-0.008132032118737698,0.4661506116390228,0.502944827079773,-0.010336963459849358,0.46558308601379395,0.49219077825546265,-0.011817391030490398,0.4642946124076843,0.5450074672698975,-0.006554570980370045,0.45839443802833557,0.5328683853149414,-0.009922021068632603,0.45459651947021484,0.5240575671195984,-0.011605530977249146,0.4515823721885681,0.5154320597648621,-0.012510599568486214
637,21.25198243412798,0,Right,0.9283488988876343,0.5520563125610352,0.5814998745918274,6.59203323039037e-08,0.5428068041801453,0.5722313523292542,-0.003783692140132189,0.5352575182914734,0.5556696653366089,-0.00572199048474431,0.5300945043563843,0.5416073799133301,-0.007398624904453754,0.5248519778251648,0.5316200256347656,-0.009075877256691456,0.5438284277915955,0.5308922529220581,-0.0034918109886348248,0.5408724546432495,0.509568989276886,-0.006609763950109482,0.5394787192344666,0.49649566411972046,-0.009149870835244656,0.5388236045837402,0.4855281710624695,-0.011016743257641792,0.5503626465797424,0.5292076468467712,-0.004182173404842615,0.5495204925537109,0.5055892467498779,-0.006451569963246584,0.5491599440574646,0.49135643243789673,-0.00856942031532526,0.5490276217460632,0.48013535141944885,-0.010192584246397018,0.5566802620887756,0.5324979424476624,-0.005447441712021828,0.5571542978286743,0.5108646154403687,-0.008037574589252472,0.5568748116493225,0.49811041355133057,-0.00983662810176611,0.5565131306648254,0.4873257279396057,-0.011248137801885605,0.5626890063285828,0.5397323966026306,-0.007087256759405136,0.5663934946060181,0.5260524749755859,-0.009476907551288605,0.5686533451080322,0.5170359015464783,-0.010424944572150707,0.5705333948135376,0.508750855922699,-0.011104686185717583
637,21.25198243412798,1,Left,0.984327495098114,0.47574037313461304,0.5811353921890259,7.461843409828361e-08,0.4845319092273712,0.5688433051109314,-0.0036504906602203846,0.4905630648136139,0.5505964159965515,-0.0050592683255672455,0.4945869743824005,0.5350161790847778,-0.006268236320465803,0.4979654550552368,0.5239495038986206,-0.007444269955158234,0.4821552634239197,0.5307417511940002,-0.0033881203271448612,0.4851718246936798,0.5107317566871643,-0.006221788004040718,0.48656371235847473,0.49840688705444336,-0.008396545425057411,0.48747164011001587,0.48825106024742126,-0.009957979433238506,0.47533363103866577,0.5301147103309631,-0.0038881320506334305,0.47519025206565857,0.5078788995742798,-0.006291067693382502,0.4749976396560669,0.4943329095840454,-0.008268071338534355,0.47460079193115234,0.4834417402744293,-0.009692351333796978,0.4692084491252899,0.5341897010803223,-0.0049044350162148476,0.4669629633426666,0.5141934156417847,-0.0076629179529845715,0.46592995524406433,0.5014724731445312,-0.009789169766008854,0.4653592109680176,0.4908997714519501,-0.011264619417488575,0.4638364017009735,0.5424231886863708,-0.006258082576096058,0.45798560976982117,0.5307376384735107,-0.009381020441651344,0.4541873037815094,0.5223034024238586,-0.010932779870927334,0.4511573314666748,0.5139808654785156,-0.011806930415332317
638,21.28534504391468,0,Right,0.9148712754249573,0.5531255006790161,0.5829916000366211,5.8909172651055997e-08,0.5435047745704651,0.5733048915863037,-0.0036022039130330086,0.5359272956848145,0.5561978816986084,-0.005334812216460705,0.5309174060821533,0.5420128107070923,-0.00686188880354166,0.5260348916053772,0.5316919088363647,-0.00838058814406395,0.5450564026832581,0.5319910645484924,-0.0030158732552081347,0.5422680377960205,0.5107197761535645,-0.00599303375929594,0.5409591197967529,0.49764081835746765,-0.008479970507323742,0.5403513312339783,0.4867928624153137,-0.010345284827053547,0.551575779914856,0.5303633809089661,-0.0037806357722729445,0.5509747266769409,0.5066961646080017,-0.005967314820736647,0.5507440567016602,0.4924144148826599,-0.008066319860517979,0.5507060289382935,0.48133939504623413,-0.009692073799669743,0.557874858379364,0.533690869808197,-0.005135194398462772,0.5586832761764526,0.512156069278717,-0.007676539942622185,0.5586057901382446,0.4993981420993805,-0.009467802941799164,0.5584140419960022,0.48877477645874023,-0.010880044661462307,0.5638114213943481,0.5411179065704346,-0.006862009409815073,0.5677446126937866,0.5276412963867188,-0.009266674518585205,0.5702416300773621,0.5186166167259216,-0.01024835929274559,0.5723811388015747,0.510430097579956,-0.010958988219499588
638,21.28534504391468,1,Left,0.9874602556228638,0.4758719503879547,0.5807295441627502,7.231295029441753e-08,0.48478609323501587,0.568819522857666,-0.0036402458790689707,0.4907877445220947,0.550332248210907,-0.005019873380661011,0.4951306879520416,0.5350372791290283,-0.006208422128111124,0.4986332356929779,0.5243356823921204,-0.007394138723611832,0.4825180470943451,0.5304282307624817,-0.0035538324154913425,0.48555201292037964,0.5103910565376282,-0.006388794165104628,0.4869147539138794,0.49812108278274536,-0.008577600121498108,0.487717866897583,0.487998902797699,-0.010145876556634903,0.4756278395652771,0.5299297571182251,-0.0040695504285395145,0.475523978471756,0.5079349279403687,-0.006422827951610088,0.47531771659851074,0.4944804310798645,-0.008418499492108822,0.474838525056839,0.4835558235645294,-0.00988723337650299,0.46938556432724,0.5340576767921448,-0.005083103198558092,0.467247873544693,0.5143499374389648,-0.007696747779846191,0.46617254614830017,0.5018078684806824,-0.009779993444681168,0.46552491188049316,0.49128133058547974,-0.011285129934549332,0.4638579487800598,0.5423442721366882,-0.0064405882731080055,0.4581822156906128,0.5307915806770325,-0.009383981116116047,0.45449626445770264,0.5224624276161194,-0.010821756906807423,0.4516027867794037,0.5142197012901306,-0.011662466451525688
639,21.31870765370138,0,Right,0.9140220880508423,0.5529965162277222,0.5854864716529846,6.163358534649888e-08,0.543562114238739,0.5752284526824951,-0.0036327915731817484,0.5361411571502686,0.5575641989707947,-0.005415928550064564,0.5311902761459351,0.5431557297706604,-0.006964325904846191,0.5263802409172058,0.5329052209854126,-0.008516557514667511,0.5454000234603882,0.5337921380996704,-0.0032869435381144285,0.542793869972229,0.512008547782898,-0.006320093758404255,0.5416684746742249,0.49884548783302307,-0.00876544788479805,0.5412710905075073,0.4880885183811188,-0.010583764873445034,0.5519979000091553,0.5324288010597229,-0.004059736616909504,0.5517754554748535,0.5083838105201721,-0.006324028596282005,0.5516988635063171,0.4939568340778351,-0.008429332636296749,0.5518216490745544,0.4829461872577667,-0.01002727635204792,0.5582119226455688,0.5360843539237976,-0.0054027000442147255,0.5591481328010559,0.5139745473861694,-0.008033928461372852,0.5591268539428711,0.5007889866828918,-0.009989933110773563,0.5591056942939758,0.489918053150177,-0.011518456041812897,0.5639622211456299,0.5440298914909363,-0.007095321547240019,0.5681172013282776,0.5311947464942932,-0.009764890186488628,0.5706475377082825,0.522042989730835,-0.011005952954292297,0.5728464126586914,0.5136746764183044,-0.011862002313137054
639,21.31870765370138,1,Left,0.9885987639427185,0.47544169425964355,0.5814802050590515,7.027777826351667e-08,0.4842604398727417,0.5697113275527954,-0.003837411990389228,0.4900333881378174,0.5512592792510986,-0.0053427261300385,0.49417707324028015,0.5353957414627075,-0.006541477050632238,0.4976257085800171,0.5241173505783081,-0.0077068861573934555,0.4817391037940979,0.5319983959197998,-0.004016691353172064,0.4848245680332184,0.5119466185569763,-0.0069520543329417706,0.48622268438339233,0.4994848072528839,-0.00911484844982624,0.48703664541244507,0.48935195803642273,-0.010638880543410778,0.47481289505958557,0.5311768651008606,-0.004448084160685539,0.4744287133216858,0.5087924003601074,-0.006936367135494947,0.4740285873413086,0.4954959452152252,-0.00884309597313404,0.4733923375606537,0.4849627912044525,-0.010210246779024601,0.4685799479484558,0.535064160823822,-0.005374548025429249,0.46649760007858276,0.5150638222694397,-0.008185076527297497,0.4657844603061676,0.5025618076324463,-0.010149466805160046,0.4653851091861725,0.49222829937934875,-0.011517638340592384,0.4631032943725586,0.5431410670280457,-0.006631616503000259,0.4573557376861572,0.530921995639801,-0.00969831645488739,0.4537288546562195,0.5224332213401794,-0.011055374518036842,0.4508064389228821,0.5140780210494995,-0.011813115328550339
640,21.35207026348808,0,Right,0.9297689199447632,0.5530306100845337,0.5890898704528809,5.80694887730715e-08,0.5434861779212952,0.5784232020378113,-0.003707069670781493,0.5363564491271973,0.5607233047485352,-0.00565726263448596,0.5316017866134644,0.5460334420204163,-0.007416625041514635,0.526987612247467,0.5352588295936584,-0.0091722896322608,0.5462047457695007,0.5369619131088257,-0.00322899641469121,0.5439460873603821,0.5151280164718628,-0.006512594874948263,0.542898952960968,0.5018249750137329,-0.00920858420431614,0.542574405670166,0.49089887738227844,-0.011198333464562893,0.5527101755142212,0.5361402630805969,-0.004065144807100296,0.5526999831199646,0.5121715664863586,-0.0066534182988107204,0.5528215169906616,0.4976445436477661,-0.008998454548418522,0.5530901551246643,0.4862862825393677,-0.010760256089270115,0.5588266849517822,0.5399739742279053,-0.0055093588307499886,0.5600972771644592,0.5182650685310364,-0.008425511419773102,0.5603122711181641,0.505032479763031,-0.010432539507746696,0.5604132413864136,0.49406081438064575,-0.011942686513066292,0.5645914673805237,0.5479129552841187,-0.007325188722461462,0.569118320941925,0.5344967842102051,-0.01008803490549326,0.5718271732330322,0.5248968005180359,-0.011341258883476257,0.5740851759910583,0.5160173177719116,-0.012209962122142315
640,21.35207026348808,1,Left,0.9883401393890381,0.47568491101264954,0.5842324495315552,6.487830006562945e-08,0.48448318243026733,0.5723355412483215,-0.0035624203737825155,0.48999470472335815,0.5538503527641296,-0.0048920102417469025,0.49405279755592346,0.5380215048789978,-0.006016610190272331,0.4976098835468292,0.5271461009979248,-0.0071175191551446915,0.48150184750556946,0.5341327786445618,-0.0034182502422481775,0.48425328731536865,0.5144460797309875,-0.006216130685061216,0.485554963350296,0.5021278858184814,-0.008381308056414127,0.48632052540779114,0.4920062720775604,-0.009936973452568054,0.47462719678878784,0.5334876179695129,-0.003946583718061447,0.4740722179412842,0.5115478038787842,-0.006288696080446243,0.47364774346351624,0.4983310401439667,-0.008207423612475395,0.47298911213874817,0.48785120248794556,-0.009629763662815094,0.4684709310531616,0.5374459028244019,-0.004977052565664053,0.4661966562271118,0.5178425908088684,-0.007714232429862022,0.4652431607246399,0.5057865381240845,-0.00969730969518423,0.46461012959480286,0.49587640166282654,-0.011090175248682499,0.46306994557380676,0.5455693602561951,-0.006330297328531742,0.4571372866630554,0.5333870053291321,-0.009335799142718315,0.4533751606941223,0.525061309337616,-0.010710901580750942,0.4503452479839325,0.516986072063446,-0.01150396279990673
641,21.38543287327478,0,Right,0.9386699199676514,0.5525686740875244,0.5917834639549255,6.21018472202195e-08,0.5433547496795654,0.5806487202644348,-0.003947283141314983,0.5364750027656555,0.5631317496299744,-0.006156903225928545,0.5317871570587158,0.5487009882926941,-0.008109456859529018,0.5272495746612549,0.5378636717796326,-0.010049114935100079,0.5467610359191895,0.5392698645591736,-0.0037694498896598816,0.5448564887046814,0.5174999237060547,-0.007231526542454958,0.5440289378166199,0.5042785406112671,-0.010040059685707092,0.5438200831413269,0.4933120608329773,-0.01210250798612833,0.5532932281494141,0.5389744639396667,-0.004568394273519516,0.5537092089653015,0.5150591731071472,-0.007326971739530563,0.5539590716362,0.5006707906723022,-0.009730762802064419,0.5542773008346558,0.48931998014450073,-0.011528431437909603,0.5593311786651611,0.5434315800666809,-0.005970443598926067,0.5609340667724609,0.5215330123901367,-0.00904145184904337,0.5612695813179016,0.5082515478134155,-0.011011090129613876,0.5614660978317261,0.49708181619644165,-0.01247983705252409,0.5649079084396362,0.5520978569984436,-0.007753497455269098,0.5696159601211548,0.5386395454406738,-0.010673274286091328,0.5723827481269836,0.5288684368133545,-0.011910154484212399,0.5746849775314331,0.5197266340255737,-0.012740414589643478
641,21.38543287327478,1,Left,0.987802267074585,0.4758242964744568,0.5871169567108154,6.529630525164976e-08,0.48464876413345337,0.5748604536056519,-0.003547237254679203,0.49025312066078186,0.5563845634460449,-0.004886501468718052,0.4940702021121979,0.5406655669212341,-0.006018554791808128,0.4974311888217926,0.5297763347625732,-0.007108625955879688,0.4812263548374176,0.536808967590332,-0.0032979303505271673,0.483828604221344,0.5171129107475281,-0.006059352308511734,0.48506253957748413,0.5047323703765869,-0.008241591975092888,0.4857877492904663,0.4945347011089325,-0.00981355831027031,0.47432148456573486,0.5361262559890747,-0.0038071847520768642,0.47363075613975525,0.5143713355064392,-0.00604180246591568,0.4730593264102936,0.5012439489364624,-0.007947920821607113,0.47230255603790283,0.49083411693573,-0.009370734915137291,0.4681931138038635,0.5400992631912231,-0.00481307553127408,0.46579253673553467,0.520721971988678,-0.0073929945938289165,0.46484851837158203,0.5087968111038208,-0.009320693090558052,0.4642733633518219,0.498921275138855,-0.010704207234084606,0.4628540873527527,0.5483838319778442,-0.006149079650640488,0.4568607211112976,0.5368047952651978,-0.009004557505249977,0.4530980885028839,0.5289130806922913,-0.010291713289916515,0.4500899314880371,0.521297812461853,-0.011026604101061821
642,21.41879548306148,0,Right,0.9319660067558289,0.5523788332939148,0.5931252241134644,6.442898126124419e-08,0.5432720184326172,0.5820210576057434,-0.003951313905417919,0.5365091562271118,0.564422070980072,-0.0060606286861002445,0.5319705009460449,0.5499090552330017,-0.007913940586149693,0.5275571346282959,0.538938581943512,-0.009740466251969337,0.5468636155128479,0.5405452251434326,-0.003548386273905635,0.5454404950141907,0.5186452865600586,-0.006764195393770933,0.5449258685112,0.5055075883865356,-0.009383449330925941,0.5448984503746033,0.4945945143699646,-0.011328959837555885,0.5535913705825806,0.5400952696800232,-0.004286458715796471,0.5546042919158936,0.5163694024085999,-0.006750928703695536,0.555191159248352,0.5022032260894775,-0.008980200625956059,0.555672287940979,0.4911655783653259,-0.010677746497094631,0.5597578287124634,0.5445247888565063,-0.005639317445456982,0.5618704557418823,0.5231037139892578,-0.008422334678471088,0.5625084042549133,0.5104023218154907,-0.01027443166822195,0.5628650188446045,0.4998052716255188,-0.011705253273248672,0.5653194189071655,0.5530532002449036,-0.007387355901300907,0.5700284838676453,0.5403537154197693,-0.010046622715890408,0.572908878326416,0.5315008759498596,-0.011129720136523247,0.5752934217453003,0.5233848690986633,-0.011879973113536835
642,21.41879548306148,1,Left,0.9862141609191895,0.4757484495639801,0.5897160768508911,6.704212296426704e-08,0.4844711124897003,0.5773038864135742,-0.0035442502703517675,0.4899801015853882,0.5586850047111511,-0.004876432474702597,0.49381935596466064,0.5429982542991638,-0.00602135993540287,0.49728497862815857,0.5321530699729919,-0.00711331982165575,0.48083123564720154,0.5395669937133789,-0.003108930541202426,0.4835635721683502,0.5199347734451294,-0.005864117760211229,0.4849011301994324,0.5074877142906189,-0.008089245297014713,0.48574522137641907,0.4972972273826599,-0.009666579775512218,0.4739490747451782,0.5388832688331604,-0.003575287526473403,0.473319947719574,0.5172245502471924,-0.005740565713495016,0.47277238965034485,0.5040403008460999,-0.007618341129273176,0.4720514416694641,0.49360617995262146,-0.009015104733407497,0.4678458571434021,0.5426821112632751,-0.004552477039396763,0.4654931128025055,0.5232768654823303,-0.007004696410149336,0.46456509828567505,0.5114536285400391,-0.00884794257581234,0.46399667859077454,0.5017009377479553,-0.010174746625125408,0.46256184577941895,0.5507283210754395,-0.005876789800822735,0.45665985345840454,0.5392106771469116,-0.008553830906748772,0.4529249370098114,0.5313766598701477,-0.009739524684846401,0.44990047812461853,0.5238564014434814,-0.010411265306174755
643,21.45215809284818,0,Right,0.9258249998092651,0.5522594451904297,0.5947791934013367,6.347005410134443e-08,0.543245255947113,0.5834158658981323,-0.003973763901740313,0.5367596745491028,0.5659221410751343,-0.006167457904666662,0.532411515712738,0.551347017288208,-0.00810716301202774,0.5278577208518982,0.5404647588729858,-0.010042163543403149,0.5474573373794556,0.5424643158912659,-0.00370013527572155,0.546205461025238,0.5205771327018738,-0.006976384203881025,0.5457939505577087,0.5072680711746216,-0.009638824500143528,0.5458760261535645,0.49626585841178894,-0.01161021739244461,0.5541834831237793,0.5421995520591736,-0.004456629976630211,0.5553687810897827,0.5184341669082642,-0.0069911726750433445,0.5561022758483887,0.5040907859802246,-0.009261618368327618,0.5567101240158081,0.49295663833618164,-0.011000191792845726,0.5602853298187256,0.5466731190681458,-0.00582465436309576,0.562494158744812,0.525335431098938,-0.008643322624266148,0.5631483793258667,0.5123667120933533,-0.010526493191719055,0.5634850859642029,0.5015446543693542,-0.011991203762590885,0.5657999515533447,0.5551228523254395,-0.007588888518512249,0.5707132816314697,0.5423031449317932,-0.010171525180339813,0.5736495852470398,0.5333157181739807,-0.0112296212464571,0.5759989619255066,0.5249994993209839,-0.012001457624137402
643,21.45215809284818,1,Left,0.9840582609176636,0.47676631808280945,0.5918604731559753,6.59508003764131e-08,0.48539113998413086,0.5794366002082825,-0.003473330521956086,0.49083492159843445,0.5610780119895935,-0.00481370696797967,0.49451425671577454,0.5457348823547363,-0.006015576887875795,0.4978291392326355,0.5350148677825928,-0.007175528444349766,0.4817122220993042,0.5409941673278809,-0.0030037404503673315,0.48413553833961487,0.5212088227272034,-0.005749848671257496,0.4852524399757385,0.5087970495223999,-0.007961533032357693,0.4859161972999573,0.49868044257164,-0.009550195187330246,0.47464922070503235,0.5405923128128052,-0.003554733470082283,0.47367584705352783,0.519059956073761,-0.005756809376180172,0.4729849398136139,0.5059651136398315,-0.007686538156121969,0.4721865952014923,0.49568456411361694,-0.009112564846873283,0.4684898257255554,0.5448178648948669,-0.004612631630152464,0.4658105969429016,0.5251938700675964,-0.007087584584951401,0.4645257592201233,0.5130318403244019,-0.009051349945366383,0.46371203660964966,0.503055214881897,-0.010462976060807705,0.4632580280303955,0.5533471703529358,-0.006009705364704132,0.4572407305240631,0.5419209003448486,-0.008800032548606396,0.4534531235694885,0.5339928865432739,-0.010116957128047943,0.4504726231098175,0.5264285802841187,-0.010855442844331264
644,21.48552070263488,0,Right,0.9247616529464722,0.5522006154060364,0.5953598618507385,6.493904436410958e-08,0.5433264374732971,0.5838578939437866,-0.004135637078434229,0.5368780493736267,0.5661434531211853,-0.006352308671921492,0.5324745178222656,0.5515522360801697,-0.008264034055173397,0.5280056595802307,0.5405290722846985,-0.010137158446013927,0.5476254224777222,0.5431467294692993,-0.003810609458014369,0.5466161370277405,0.5210948586463928,-0.007027885876595974,0.5462890863418579,0.507888674736023,-0.009604837745428085,0.5463785529136658,0.4968740940093994,-0.011515989899635315,0.5544669032096863,0.5428603887557983,-0.0044333250261843204,0.5557880401611328,0.5191061496734619,-0.00689013721421361,0.556459903717041,0.5048611760139465,-0.009069004096090794,0.556954562664032,0.4936425983905792,-0.010730531997978687,0.5606398582458496,0.5473937392234802,-0.005671197082847357,0.5627675652503967,0.5257963538169861,-0.00840859767049551,0.5635120868682861,0.5128956437110901,-0.01020778063684702,0.5639616847038269,0.5019398927688599,-0.011605735868215561,0.5661220550537109,0.5558496713638306,-0.007324939593672752,0.5708664655685425,0.5431053638458252,-0.009858413599431515,0.5737801790237427,0.5342755913734436,-0.010883569717407227,0.5762109756469727,0.5260898470878601,-0.011612484231591225
644,21.48552070263488,1,Left,0.9854840040206909,0.4769676625728607,0.5936087369918823,6.742628499978309e-08,0.48557791113853455,0.5817007422447205,-0.003870416432619095,0.49110525846481323,0.5633948445320129,-0.005411691498011351,0.4950103163719177,0.5477195978164673,-0.006749004125595093,0.4985376298427582,0.5367905497550964,-0.008027923293411732,0.4821809232234955,0.5427181124687195,-0.0033273128792643547,0.48478713631629944,0.5229111909866333,-0.006246990989893675,0.48583051562309265,0.5103231072425842,-0.008582533337175846,0.4863530993461609,0.4999079704284668,-0.010290900245308876,0.47519904375076294,0.5422109961509705,-0.0037691148463636637,0.47418123483657837,0.5205597281455994,-0.006167897954583168,0.47343721985816956,0.5073622465133667,-0.008198436349630356,0.4725434482097626,0.4967450797557831,-0.009684456512331963,0.4691108763217926,0.5465120077133179,-0.004753234796226025,0.46636122465133667,0.5268000364303589,-0.007469503674656153,0.4649597704410553,0.5144451856613159,-0.009497706778347492,0.46400919556617737,0.5040639638900757,-0.01092021819204092,0.46391573548316956,0.5552111268043518,-0.006113781128078699,0.4578787684440613,0.5437987446784973,-0.009145981632173061,0.45403072237968445,0.5358546376228333,-0.010549203492701054,0.45095038414001465,0.5281010270118713,-0.011317822150886059
645,21.51888331242158,0,Right,0.9295405149459839,0.5516323447227478,0.594771683216095,6.714726907830482e-08,0.5430680513381958,0.5833418369293213,-0.0042340694926679134,0.5366910099983215,0.5658133029937744,-0.006583922542631626,0.5321122407913208,0.5513322949409485,-0.008622991852462292,0.5275384783744812,0.540436863899231,-0.010630081407725811,0.5474790334701538,0.5427716970443726,-0.00404875073581934,0.5464167594909668,0.5207970142364502,-0.007428520359098911,0.5460121035575867,0.507516622543335,-0.010115312412381172,0.5461607575416565,0.4962972402572632,-0.01208245474845171,0.5541637539863586,0.5425000190734863,-0.004629837349057198,0.5554511547088623,0.5187776684761047,-0.0071997554041445255,0.5562160015106201,0.5043317675590515,-0.009383909404277802,0.5568985939025879,0.4927491545677185,-0.011041014455258846,0.5602522492408752,0.5470741391181946,-0.0058325654827058315,0.5624442100524902,0.525660514831543,-0.008617467246949673,0.5631987452507019,0.5128269195556641,-0.010348905809223652,0.5636473894119263,0.5017691254615784,-0.011682660318911076,0.5657855868339539,0.5555123686790466,-0.007469674572348595,0.5706437230110168,0.5426778197288513,-0.009958911687135696,0.5735664963722229,0.5338426232337952,-0.010897774249315262,0.5759373307228088,0.5256026387214661,-0.011562656611204147
645,21.51888331242158,1,Left,0.9860419631004333,0.47758248448371887,0.5938655138015747,7.011814062707344e-08,0.48626914620399475,0.5820738673210144,-0.0040354118682444096,0.49186426401138306,0.5638008713722229,-0.005711273290216923,0.49572259187698364,0.5479860305786133,-0.007132235448807478,0.4993008077144623,0.5368489027023315,-0.008498232811689377,0.4826542139053345,0.5429278612136841,-0.003863673424348235,0.485157310962677,0.5227583646774292,-0.006809943355619907,0.48624807596206665,0.5102450847625732,-0.009106511250138283,0.48685601353645325,0.4997783899307251,-0.010788443498313427,0.47560936212539673,0.5426054000854492,-0.0042434087954461575,0.4745582938194275,0.5209414958953857,-0.006661030929535627,0.4738483428955078,0.5077894330024719,-0.008627156727015972,0.4729858934879303,0.4973124563694,-0.010077358223497868,0.4695115089416504,0.547031819820404,-0.005150959361344576,0.4666387438774109,0.5274273157119751,-0.007879500277340412,0.46530571579933167,0.5151798725128174,-0.009857971221208572,0.46439608931541443,0.5049904584884644,-0.011256380006670952,0.4643945097923279,0.5558009147644043,-0.006440881639719009,0.4580727517604828,0.5444297790527344,-0.009537102654576302,0.4540543556213379,0.5365175008773804,-0.01096427347511053,0.45079857110977173,0.5288599729537964,-0.011742607690393925
646,21.552245922208282,0,Right,0.9274083375930786,0.5514131784439087,0.5941951870918274,6.669047536433936e-08,0.5427377820014954,0.582636296749115,-0.004057230427861214,0.5363687872886658,0.5650305151939392,-0.006310329772531986,0.5316786170005798,0.5505702495574951,-0.008289583958685398,0.5269585251808167,0.5399962067604065,-0.01025471556931734,0.5471665263175964,0.5417976975440979,-0.0037452627439051867,0.5460976362228394,0.5198096036911011,-0.007012081332504749,0.5456578135490417,0.5065078735351562,-0.009671269915997982,0.5457371473312378,0.49527135491371155,-0.0116391247138381,0.5538483262062073,0.5415562391281128,-0.0043735262006521225,0.5551257729530334,0.5179114937782288,-0.006817305460572243,0.5558223128318787,0.5036243796348572,-0.008970614522695541,0.5563647747039795,0.49217328429222107,-0.010626309551298618,0.5599619746208191,0.5461754202842712,-0.005616609938442707,0.5620403289794922,0.5247429013252258,-0.008287668228149414,0.5626187920570374,0.5119196772575378,-0.010016675107181072,0.562872052192688,0.5008465647697449,-0.011370737105607986,0.5655324459075928,0.5546619296073914,-0.007282815407961607,0.5704441666603088,0.541796863079071,-0.009690312668681145,0.5733917355537415,0.5329307317733765,-0.010617246851325035,0.5757904052734375,0.5246298909187317,-0.01128796860575676
646,21.552245922208282,1,Left,0.9830443263053894,0.47787997126579285,0.5947346091270447,6.915622918768349e-08,0.4867997467517853,0.5829834938049316,-0.003918049391359091,0.4924028813838959,0.5647432804107666,-0.005521066952496767,0.49648281931877136,0.5490414500236511,-0.006911218166351318,0.500315248966217,0.5384011268615723,-0.008245044387876987,0.4835410416126251,0.5432605147361755,-0.003622298361733556,0.4860333204269409,0.5229650735855103,-0.006421360652893782,0.48691850900650024,0.5103824138641357,-0.008647494949400425,0.4872473180294037,0.49992817640304565,-0.010329465381801128,0.4764891266822815,0.5428463220596313,-0.004075624048709869,0.4754253625869751,0.5209910869598389,-0.006430703680962324,0.47456926107406616,0.5076983571052551,-0.008403565734624863,0.4735201299190521,0.4971229135990143,-0.009853918105363846,0.4703234136104584,0.54725581407547,-0.005049960687756538,0.4674425423145294,0.5275469422340393,-0.0077598257921636105,0.4660469591617584,0.5151367783546448,-0.009847143664956093,0.465080589056015,0.5048059821128845,-0.01131529826670885,0.4650820195674896,0.556033730506897,-0.006397886201739311,0.45868948101997375,0.5448845624923706,-0.009519941173493862,0.45456793904304504,0.5370765328407288,-0.011034635826945305,0.45124945044517517,0.5295657515525818,-0.01187051460146904
647,21.585608531994982,0,Right,0.9226315021514893,0.5514979362487793,0.5936697721481323,6.695030663195212e-08,0.5427772402763367,0.5820115804672241,-0.003969424869865179,0.5362160205841064,0.564579963684082,-0.006237510126084089,0.5313863754272461,0.5502248406410217,-0.008250081911683083,0.5265090465545654,0.5399751663208008,-0.010270553641021252,0.5470830798149109,0.5414116978645325,-0.003811707254499197,0.5458786487579346,0.5193852782249451,-0.007082290947437286,0.5453706979751587,0.506093442440033,-0.009750123135745525,0.5454025864601135,0.49479612708091736,-0.011735492385923862,0.553764820098877,0.5410797595977783,-0.004520933143794537,0.5550287961959839,0.5173031687736511,-0.006963528227061033,0.5557679533958435,0.5030423402786255,-0.00912338588386774,0.5563623309135437,0.49161455035209656,-0.010802075266838074,0.5599157810211182,0.5456375479698181,-0.005827262997627258,0.5620723962783813,0.5239943861961365,-0.008522922173142433,0.5627036690711975,0.5111269950866699,-0.01027601771056652,0.563005268573761,0.5000752806663513,-0.011658472940325737,0.5655063986778259,0.5540781021118164,-0.00754334544762969,0.5705540180206299,0.5410004258155823,-0.009963130578398705,0.5736653208732605,0.5321661829948425,-0.010879792273044586,0.5762172341346741,0.5239190459251404,-0.011557498015463352
647,21.585608531994982,1,Left,0.9853631258010864,0.47821202874183655,0.5950494408607483,6.932978635632026e-08,0.48728108406066895,0.5833502411842346,-0.004067138768732548,0.49301326274871826,0.564746618270874,-0.005723397247493267,0.4970872402191162,0.5490854382514954,-0.007127556949853897,0.5014240145683289,0.5387370586395264,-0.008478619158267975,0.4836515188217163,0.5437362194061279,-0.0038786218501627445,0.4859671890735626,0.5232743620872498,-0.006757546681910753,0.4870521128177643,0.5106692314147949,-0.00902665127068758,0.4876748323440552,0.5001698136329651,-0.010721959173679352,0.47671404480934143,0.5432246327400208,-0.004252960905432701,0.4756750166416168,0.52108234167099,-0.006608365569263697,0.4748780131340027,0.5076672434806824,-0.00858322624117136,0.4738785922527313,0.4971194267272949,-0.010048908181488514,0.47071629762649536,0.5474947690963745,-0.005153114907443523,0.46796536445617676,0.5274698138237,-0.007838531397283077,0.46663516759872437,0.5150033235549927,-0.009940368123352528,0.46569740772247314,0.5047627687454224,-0.01143689639866352,0.4655897319316864,0.5561919808387756,-0.006442228797823191,0.45916008949279785,0.5449150800704956,-0.009552744217216969,0.4549511969089508,0.5370806455612183,-0.011106318794190884,0.4514625072479248,0.5296385288238525,-0.011985482648015022
648,21.61897114178168,0,Right,0.929820716381073,0.5515560507774353,0.5931756496429443,6.831692189734895e-08,0.5427619814872742,0.5815944075584412,-0.0040903640910983086,0.5361013412475586,0.5643851161003113,-0.006424839608371258,0.5311970710754395,0.5501676797866821,-0.008477168157696724,0.5264020562171936,0.5398013591766357,-0.01052963174879551,0.5469645261764526,0.5408490896224976,-0.0039418828673660755,0.5456593632698059,0.5187451243400574,-0.007262779865413904,0.5451282262802124,0.5053491592407227,-0.009967598132789135,0.5451726317405701,0.49398767948150635,-0.011969833634793758,0.5536653995513916,0.5405017137527466,-0.0045983996242284775,0.5548447370529175,0.5167080760002136,-0.007060744799673557,0.5555780529975891,0.5023852586746216,-0.009232656098902225,0.5561872720718384,0.49094557762145996,-0.010921120643615723,0.5598279237747192,0.5450637340545654,-0.0058646658435463905,0.5619510412216187,0.5235705971717834,-0.008561822585761547,0.562540590763092,0.5107213854789734,-0.010318044573068619,0.5628177523612976,0.49970006942749023,-0.01170338410884142,0.5654280185699463,0.5535041689872742,-0.0075532663613557816,0.570385217666626,0.5404722690582275,-0.009982239454984665,0.5734449625015259,0.5316476225852966,-0.010906428098678589,0.5759793519973755,0.5234254598617554,-0.011585703119635582
648,21.61897114178168,1,Left,0.9859211444854736,0.4782632887363434,0.5952577590942383,7.104143406877483e-08,0.48733454942703247,0.5833932757377625,-0.00414063548669219,0.49325263500213623,0.5647132396697998,-0.005878590513020754,0.4978105127811432,0.5491366982460022,-0.0073447139002382755,0.5022228360176086,0.5387728810310364,-0.008749643340706825,0.48369860649108887,0.5434257984161377,-0.004017651546746492,0.4859829843044281,0.5227243304252625,-0.006926283705979586,0.48699262738227844,0.5100853443145752,-0.009228787384927273,0.48752903938293457,0.49953627586364746,-0.010954400524497032,0.47677430510520935,0.5430980324745178,-0.004388777073472738,0.4755372405052185,0.5208280086517334,-0.006812510546296835,0.4747104346752167,0.5074121952056885,-0.008838583715260029,0.4737078845500946,0.49682608246803284,-0.01032954826951027,0.4708179235458374,0.54759681224823,-0.005285405553877354,0.4680218994617462,0.5274626016616821,-0.008032848127186298,0.4667882025241852,0.5148676633834839,-0.01015470176935196,0.46591079235076904,0.5043880939483643,-0.01164737343788147,0.46576163172721863,0.5564651489257812,-0.006577245891094208,0.45935070514678955,0.5451207160949707,-0.009743141941726208,0.45514148473739624,0.5372386574745178,-0.011303598061203957,0.45165520906448364,0.5296767354011536,-0.012168008834123611
649,21.65233375156838,0,Right,0.9171252846717834,0.5522984266281128,0.5926848649978638,6.640293293003197e-08,0.5432876944541931,0.5811440944671631,-0.003982575610280037,0.5364023447036743,0.5639411211013794,-0.006224601995199919,0.5315561890602112,0.5498445630073547,-0.008205894380807877,0.5268521904945374,0.5393877625465393,-0.010182812809944153,0.5474355816841125,0.540454089641571,-0.003757530590519309,0.5460255742073059,0.5184116959571838,-0.006993526592850685,0.5454924702644348,0.5051544904708862,-0.009652740322053432,0.5454942584037781,0.49395665526390076,-0.011631917208433151,0.5541453957557678,0.5400277376174927,-0.004441914148628712,0.5553232431411743,0.5163688063621521,-0.006824399344623089,0.5559971928596497,0.5021932721138,-0.008995291776955128,0.5565892457962036,0.49087977409362793,-0.010692553594708443,0.560310423374176,0.5444130897521973,-0.0057333121076226234,0.5624544024467468,0.522855281829834,-0.008365707471966743,0.5631135702133179,0.5099245309829712,-0.010180044919252396,0.5634692907333374,0.49894800782203674,-0.011632991023361683,0.5658963322639465,0.5527077913284302,-0.007437351159751415,0.5707973837852478,0.5400992631912231,-0.009826384484767914,0.5738304257392883,0.5315228700637817,-0.010797752067446709,0.5763736367225647,0.5235588550567627,-0.011531054973602295
649,21.65233375156838,1,Left,0.9887674450874329,0.4784851670265198,0.5952773690223694,6.937150942576409e-08,0.4874916970729828,0.583210825920105,-0.0038945525884628296,0.4933311641216278,0.5643236041069031,-0.005459840875118971,0.4979659914970398,0.5490795969963074,-0.006805130280554295,0.502397358417511,0.5394226312637329,-0.008108637295663357,0.48381420969963074,0.5432581901550293,-0.0036741471849381924,0.4857858717441559,0.5224396586418152,-0.006421559024602175,0.4865797460079193,0.5097009539604187,-0.008608991280198097,0.4868917763233185,0.49930185079574585,-0.010267840698361397,0.47683703899383545,0.5430750846862793,-0.0041660103015601635,0.47546979784965515,0.5205013751983643,-0.006525909062474966,0.47456640005111694,0.5070477724075317,-0.008575045503675938,0.47348710894584656,0.49651721119880676,-0.010071037337183952,0.47085410356521606,0.5476832985877991,-0.005161589942872524,0.46801409125328064,0.5273247361183167,-0.007864270359277725,0.4667890667915344,0.5145366191864014,-0.010069982148706913,0.4658890962600708,0.5038894414901733,-0.011631251312792301,0.4657478332519531,0.556584894657135,-0.006525632459670305,0.45935845375061035,0.545296847820282,-0.009648230858147144,0.4551641643047333,0.5373667478561401,-0.011238855309784412,0.45166322588920593,0.5297213792800903,-0.012146515771746635
650,21.68569636135508,0,Right,0.912452757358551,0.5525975823402405,0.5921898484230042,6.77787639347116e-08,0.5434748530387878,0.5807215571403503,-0.004136967472732067,0.5366153120994568,0.5636779069900513,-0.006479809060692787,0.5317226648330688,0.5496120452880859,-0.008537824265658855,0.5269469022750854,0.539178729057312,-0.010589580982923508,0.5478150248527527,0.5401144623756409,-0.003957859706133604,0.5464330911636353,0.5179858803749084,-0.007280809339135885,0.545931875705719,0.5046161413192749,-0.009992138482630253,0.5459162592887878,0.49330934882164,-0.01200851984322071,0.5545161366462708,0.5396593809127808,-0.004613738041371107,0.5556600093841553,0.5159847140312195,-0.007117975503206253,0.5563022494316101,0.5017629265785217,-0.009382952935993671,0.556856632232666,0.49032941460609436,-0.011133065447211266,0.5606324672698975,0.5439934730529785,-0.005881692282855511,0.5627626180648804,0.5224694013595581,-0.008637186139822006,0.5634528398513794,0.5093576908111572,-0.01055165659636259,0.5638176202774048,0.49814414978027344,-0.01206683274358511,0.5661469101905823,0.5522633194923401,-0.007568983361124992,0.5710718631744385,0.5397936701774597,-0.010083678178489208,0.5740615725517273,0.5312665700912476,-0.011136572808027267,0.5765220522880554,0.5233360528945923,-0.011917328462004662
650,21.68569636135508,1,Left,0.9899137616157532,0.47827890515327454,0.5951229929924011,6.71231390469984e-08,0.48733675479888916,0.5829020142555237,-0.003885479411110282,0.49334582686424255,0.5641655921936035,-0.005465875379741192,0.4980780780315399,0.5491622686386108,-0.006837291643023491,0.5023747086524963,0.5395398736000061,-0.00818097684532404,0.48356470465660095,0.5431933403015137,-0.0036873987410217524,0.4852863550186157,0.5225175619125366,-0.00647907005622983,0.4859224259853363,0.5097354650497437,-0.008716513402760029,0.486053466796875,0.49921444058418274,-0.010422923602163792,0.47656816244125366,0.543075680732727,-0.004243150353431702,0.4750535190105438,0.5203961133956909,-0.006686197593808174,0.473996639251709,0.506980836391449,-0.008808773942291737,0.4727723002433777,0.4964827001094818,-0.010358921252191067,0.47060590982437134,0.5477569699287415,-0.005300076212733984,0.4676910638809204,0.5274125933647156,-0.008089106529951096,0.46640118956565857,0.5145266056060791,-0.010307005606591702,0.46543505787849426,0.5037862658500671,-0.011865758337080479,0.465498685836792,0.556677520275116,-0.006723830010741949,0.4589992165565491,0.5452685952186584,-0.009893530048429966,0.45477762818336487,0.53724604845047,-0.01146656833589077,0.45125263929367065,0.5295213460922241,-0.012362328357994556
651,21.71905897114178,0,Right,0.9227322340011597,0.5529173612594604,0.5914338231086731,6.889091253015067e-08,0.5438302755355835,0.5799605250358582,-0.0040130107663571835,0.5369448661804199,0.5628662109375,-0.006311329547315836,0.5319814682006836,0.548792839050293,-0.008349639363586903,0.5270490646362305,0.5385761857032776,-0.010383871383965015,0.548102080821991,0.5391634106636047,-0.0037803291343152523,0.5467435717582703,0.5171142816543579,-0.007024739868938923,0.5462689995765686,0.503822386264801,-0.009699412621557713,0.5463034510612488,0.4925978481769562,-0.011699002236127853,0.5547690987586975,0.5387354493141174,-0.004475025460124016,0.5559443235397339,0.5149914026260376,-0.006906328722834587,0.5566606521606445,0.500792920589447,-0.009133880026638508,0.5573006272315979,0.48940667510032654,-0.010866796597838402,0.5608741044998169,0.5431370139122009,-0.005775616504251957,0.5629814267158508,0.5216360092163086,-0.008475193753838539,0.5636531710624695,0.5086562037467957,-0.010367674753069878,0.5639989972114563,0.497622013092041,-0.011868978850543499,0.5664055347442627,0.551438570022583,-0.007485495414584875,0.571319580078125,0.5387720465660095,-0.009940510615706444,0.574234127998352,0.5301446318626404,-0.010965411551296711,0.5766087174415588,0.5221194624900818,-0.011732866987586021
651,21.71905897114178,1,Left,0.9891339540481567,0.4779830574989319,0.5946292877197266,6.813403530259166e-08,0.4870874285697937,0.5823808908462524,-0.003909002523869276,0.49313345551490784,0.5637937784194946,-0.005519586615264416,0.497844398021698,0.5489069819450378,-0.00692216120660305,0.5021473169326782,0.5394758582115173,-0.008298833854496479,0.4832562506198883,0.5427224040031433,-0.0037076915614306927,0.484927773475647,0.5220783352851868,-0.006498176138848066,0.48551473021507263,0.5092880725860596,-0.008751261048018932,0.48561280965805054,0.4986788034439087,-0.010486077517271042,0.47624340653419495,0.5426470041275024,-0.004253011662513018,0.47477802634239197,0.5202042460441589,-0.006681777536869049,0.4737085700035095,0.5067944526672363,-0.008810686878859997,0.47248557209968567,0.4961576759815216,-0.010390491224825382,0.47025641798973083,0.5473432540893555,-0.005302241072058678,0.4674166142940521,0.5270828008651733,-0.008081412874162197,0.46611452102661133,0.5141574144363403,-0.01030029822140932,0.4651328921318054,0.5032972693443298,-0.011876189149916172,0.46513840556144714,0.5562423467636108,-0.006724313832819462,0.4587208926677704,0.5449186563491821,-0.009901193901896477,0.4545373320579529,0.5369144678115845,-0.011491994373500347,0.45102858543395996,0.5291792154312134,-0.012410799041390419
652,21.75242158092848,0,Right,0.9264130592346191,0.5530465245246887,0.5906223058700562,6.867865209869706e-08,0.5440415740013123,0.5789998173713684,-0.003979896195232868,0.5372399091720581,0.5618281364440918,-0.006249753758311272,0.5323150157928467,0.5479283928871155,-0.008276665583252907,0.5273427367210388,0.5378760099411011,-0.010305367410182953,0.5484045743942261,0.5382790565490723,-0.0037300358526408672,0.5470743775367737,0.5163012146949768,-0.006986042018979788,0.5466440916061401,0.5029516220092773,-0.009669703431427479,0.5466992259025574,0.4916570782661438,-0.011682126671075821,0.5550945997238159,0.5378991365432739,-0.004453278612345457,0.5563145875930786,0.514314591884613,-0.006917226128280163,0.5570873022079468,0.5001283884048462,-0.009162666276097298,0.5577801465988159,0.4887186884880066,-0.010912956669926643,0.5612117648124695,0.5423204898834229,-0.00578622380271554,0.5632930994033813,0.5209475755691528,-0.008524653501808643,0.5639728307723999,0.5079753398895264,-0.010411716997623444,0.5643466114997864,0.496897429227829,-0.011907387524843216,0.5667285323143005,0.5506270527839661,-0.0075278510339558125,0.5716272592544556,0.5379083156585693,-0.009995408356189728,0.5745405554771423,0.5292138457298279,-0.011009535752236843,0.5769033432006836,0.5210988521575928,-0.011778637766838074
652,21.75242158092848,1,Left,0.9890797734260559,0.4779497981071472,0.5938743352890015,6.97815707439986e-08,0.4869310259819031,0.5816841125488281,-0.003889915533363819,0.4928983747959137,0.5634182095527649,-0.005582395009696484,0.4976733326911926,0.5487664937973022,-0.007074572611600161,0.5021214485168457,0.5396097898483276,-0.008549598045647144,0.48310649394989014,0.5422918796539307,-0.00385447614826262,0.48463720083236694,0.5216736793518066,-0.006740746553987265,0.4852259159088135,0.5089356899261475,-0.009046155959367752,0.48535940051078796,0.4983435869216919,-0.010798787698149681,0.4761335253715515,0.5421791076660156,-0.004435911308974028,0.47460001707077026,0.5195958614349365,-0.006921341177076101,0.47350239753723145,0.5060693621635437,-0.009048553183674812,0.47225597500801086,0.4953271746635437,-0.010614234022796154,0.4701889753341675,0.5469111204147339,-0.005514147225767374,0.4672963321208954,0.5267041325569153,-0.00831702072173357,0.46597328782081604,0.5138034224510193,-0.010523555800318718,0.4649867117404938,0.5029952526092529,-0.01207706332206726,0.46511244773864746,0.5558508634567261,-0.006964295636862516,0.4586814045906067,0.5445963144302368,-0.010134660638868809,0.4544931650161743,0.5366443991661072,-0.011697884649038315,0.4509730935096741,0.5289667248725891,-0.012589759193360806
653,21.78578419071518,0,Right,0.9197400808334351,0.5529799461364746,0.5898886919021606,6.759541548717607e-08,0.5440772771835327,0.5783480405807495,-0.0040042223408818245,0.5372764468193054,0.5612679719924927,-0.006290453486144543,0.5323048233985901,0.5473579168319702,-0.008319877088069916,0.5273308753967285,0.5374711155891418,-0.010345053859055042,0.5484353303909302,0.5377620458602905,-0.0037585003301501274,0.5471479296684265,0.5157213807106018,-0.0069754538126289845,0.5466827750205994,0.502469003200531,-0.009608256630599499,0.5466967821121216,0.4913243353366852,-0.011573576368391514,0.5551510453224182,0.5374096632003784,-0.004417159128934145,0.556365966796875,0.51373690366745,-0.006833020132035017,0.5570176243782043,0.49953049421310425,-0.009017935954034328,0.5575436353683472,0.4881664514541626,-0.010719818994402885,0.5613037943840027,0.541775107383728,-0.005684643518179655,0.5633376240730286,0.520317792892456,-0.008360006846487522,0.5639804601669312,0.5073461532592773,-0.010183135978877544,0.5643091201782227,0.49635979533195496,-0.011621233075857162,0.566895067691803,0.5499427914619446,-0.007364766206592321,0.5718181133270264,0.5371102094650269,-0.009759292006492615,0.5747047662734985,0.528316080570221,-0.010739664547145367,0.5770313739776611,0.5202130079269409,-0.011475329287350178
653,21.78578419071518,1,Left,0.9892464876174927,0.47776487469673157,0.5930124521255493,7.067351504019825e-08,0.4867841899394989,0.5806124806404114,-0.003799253609031439,0.4928950369358063,0.5621882081031799,-0.005455934442579746,0.49777013063430786,0.5476509928703308,-0.00693291611969471,0.5022081732749939,0.5386804938316345,-0.008399875834584236,0.482949435710907,0.541353166103363,-0.0036919720005244017,0.48451554775238037,0.5208259224891663,-0.006523393094539642,0.4851493537425995,0.5082287788391113,-0.0088065005838871,0.4853394031524658,0.4978150725364685,-0.010532871820032597,0.4759858250617981,0.541404128074646,-0.004312736447900534,0.47441500425338745,0.5188846588134766,-0.006753206718713045,0.47334280610084534,0.5053831338882446,-0.00889683049172163,0.472129225730896,0.4946581721305847,-0.010474994778633118,0.4700350761413574,0.5462032556533813,-0.005427757743746042,0.4671408534049988,0.5260555148124695,-0.008185694925487041,0.4658339023590088,0.5132080912590027,-0.010413767769932747,0.46487870812416077,0.5024691224098206,-0.011980036273598671,0.4649268090724945,0.5551345944404602,-0.006906057707965374,0.45847415924072266,0.5439205169677734,-0.010026702657341957,0.4542674720287323,0.5360050797462463,-0.011582836508750916,0.45073872804641724,0.5283464193344116,-0.01247253268957138
654,21.819146800501883,0,Right,0.920569896697998,0.5531148910522461,0.5894415378570557,6.579314515420265e-08,0.5441701412200928,0.5780089497566223,-0.0040424964390695095,0.5373874306678772,0.5608980059623718,-0.00635403860360384,0.5324511528015137,0.5469276309013367,-0.008400189690291882,0.5274976491928101,0.536990225315094,-0.01044537965208292,0.5485448837280273,0.5375221371650696,-0.0038649088237434626,0.5472435355186462,0.5154708623886108,-0.007141755893826485,0.5467301607131958,0.5021964907646179,-0.009810267016291618,0.5467019081115723,0.4910266399383545,-0.011796226724982262,0.5552738904953003,0.5371431112289429,-0.004514564760029316,0.556411623954773,0.5134646892547607,-0.006974099203944206,0.5570259094238281,0.49927905201911926,-0.009173103608191013,0.5575631856918335,0.48796677589416504,-0.010876803658902645,0.5614391565322876,0.5415151715278625,-0.005769334267824888,0.5634129047393799,0.5200178027153015,-0.008455649949610233,0.5641025304794312,0.5070396065711975,-0.010249010287225246,0.5645354986190796,0.4960591197013855,-0.011663857847452164,0.5670162439346313,0.5496906042098999,-0.00744133535772562,0.5718234777450562,0.5368821620941162,-0.009827734902501106,0.5746828317642212,0.5281185507774353,-0.010776176117360592,0.5770421624183655,0.5200726389884949,-0.01148535031825304
654,21.819146800501883,1,Left,0.9890397787094116,0.4777042269706726,0.5926561951637268,7.02079745451556e-08,0.4868374466896057,0.5805649757385254,-0.0038354340940713882,0.49288496375083923,0.5619884729385376,-0.00545843131840229,0.49773311614990234,0.5473482608795166,-0.006884414702653885,0.5022897720336914,0.5386379957199097,-0.008304081857204437,0.4829539954662323,0.540938675403595,-0.00378013146109879,0.4845847189426422,0.5203104615211487,-0.0065635149367153645,0.4852108061313629,0.5076624751091003,-0.008803999051451683,0.4853611886501312,0.497239351272583,-0.010516527108848095,0.4759407937526703,0.5409260988235474,-0.004358302336186171,0.47444605827331543,0.5183708667755127,-0.006760302931070328,0.47338271141052246,0.5048350691795349,-0.008871360681951046,0.4721522927284241,0.4941679537296295,-0.010429087094962597,0.46997109055519104,0.5457085967063904,-0.005422309041023254,0.4671183228492737,0.5253867506980896,-0.008158348500728607,0.465829074382782,0.5125389099121094,-0.010408919304609299,0.46485435962677,0.5018438100814819,-0.011994477361440659,0.46490076184272766,0.5546804070472717,-0.006847074721008539,0.45846498012542725,0.5433733463287354,-0.009977404028177261,0.45427945256233215,0.5354543924331665,-0.011562934145331383,0.450790673494339,0.5278450846672058,-0.012473270297050476
655,21.852509410288583,0,Right,0.9284269213676453,0.5532338619232178,0.5895830988883972,6.542742170267957e-08,0.5443277955055237,0.5782049894332886,-0.00405448442324996,0.5375023484230042,0.5610951781272888,-0.006388477049767971,0.532492995262146,0.5472556352615356,-0.008449005894362926,0.5276396870613098,0.5372331142425537,-0.010511861182749271,0.5486670732498169,0.5376043319702148,-0.00398235721513629,0.5473739504814148,0.5156334638595581,-0.007340561132878065,0.5468709468841553,0.5023348331451416,-0.010056422092020512,0.5468626022338867,0.4911714196205139,-0.01207294873893261,0.5554009079933167,0.5372083187103271,-0.004662902094423771,0.5565310716629028,0.5135478377342224,-0.007216958329081535,0.5571860671043396,0.4992961883544922,-0.00944811012595892,0.5577887892723083,0.4879661202430725,-0.011161772534251213,0.5615862607955933,0.5416703820228577,-0.005950025282800198,0.5635576844215393,0.5201045274734497,-0.008745044469833374,0.5642645955085754,0.5070916414260864,-0.010568700730800629,0.5647395253181458,0.49609559774398804,-0.011984223499894142,0.567154586315155,0.5500169992446899,-0.007647094316780567,0.5719527006149292,0.537075400352478,-0.01013721153140068,0.5748264193534851,0.5282063484191895,-0.011123605072498322,0.5772233009338379,0.5200155973434448,-0.011846763081848621
655,21.852509410288583,1,Left,0.989474892616272,0.47774752974510193,0.5926790833473206,6.875054481270126e-08,0.4869425892829895,0.5805522799491882,-0.003878019517287612,0.4930693209171295,0.561949610710144,-0.005532246548682451,0.49807998538017273,0.5473164319992065,-0.006983296480029821,0.5027299523353577,0.5386502742767334,-0.008453424088656902,0.4830784797668457,0.5411230325698853,-0.003964531701058149,0.48474422097206116,0.5203660130500793,-0.006789617706090212,0.4853435456752777,0.507675051689148,-0.009037433192133904,0.4854571223258972,0.49721458554267883,-0.01075491588562727,0.4761109948158264,0.5410680770874023,-0.004536100197583437,0.4745856821537018,0.5183798670768738,-0.00697176530957222,0.47351208329200745,0.5048270225524902,-0.009086300618946552,0.47226178646087646,0.4942440092563629,-0.010647781193256378,0.47017285227775574,0.5458081364631653,-0.005585609469562769,0.4672642946243286,0.5252968668937683,-0.008339903317391872,0.46590322256088257,0.5124679207801819,-0.010623915120959282,0.4648459851741791,0.5018671751022339,-0.012242584489285946,0.4651552438735962,0.5547473430633545,-0.006994414608925581,0.45871394872665405,0.5434272885322571,-0.010136102326214314,0.45447632670402527,0.5355367064476013,-0.011740565299987793,0.45094209909439087,0.5280482769012451,-0.012672288343310356
656,21.885872020075283,0,Right,0.9239178895950317,0.5529376864433289,0.5891768932342529,6.587628575971394e-08,0.5440520644187927,0.5778555274009705,-0.004138413351029158,0.5372986793518066,0.560666024684906,-0.006556766573339701,0.5322428941726685,0.5466821193695068,-0.008679944090545177,0.5273697376251221,0.536408007144928,-0.010800929740071297,0.5483797788619995,0.5371531844139099,-0.004103437997400761,0.5470675826072693,0.5152043700218201,-0.0075202262960374355,0.5464503169059753,0.5018969178199768,-0.010288175195455551,0.5463411808013916,0.490663081407547,-0.012343218550086021,0.5551400780677795,0.5367823839187622,-0.0047425744123756886,0.5563461184501648,0.5131456255912781,-0.00732069369405508,0.5569676756858826,0.49888139963150024,-0.009572302922606468,0.557493269443512,0.48740410804748535,-0.011308412067592144,0.5613343119621277,0.541358232498169,-0.005985140334814787,0.5633527636528015,0.5195623636245728,-0.008786014281213284,0.5640552639961243,0.506605863571167,-0.010584432631731033,0.5644886493682861,0.4955037832260132,-0.011992543004453182,0.5669195055961609,0.5498647093772888,-0.007641796488314867,0.5717397928237915,0.5368815660476685,-0.010175172239542007,0.5745872259140015,0.5279619097709656,-0.011166787706315517,0.576932430267334,0.5196519494056702,-0.011882959865033627
656,21.885872020075283,1,Left,0.9885082840919495,0.4775983393192291,0.5924363732337952,6.965780130485655e-08,0.48681676387786865,0.5803337693214417,-0.0039308578707277775,0.4929583668708801,0.5615212321281433,-0.005567837972193956,0.4979172646999359,0.5466440320014954,-0.006995139643549919,0.502467930316925,0.5376905798912048,-0.008414685726165771,0.4827956557273865,0.5407149791717529,-0.003812367096543312,0.4844275414943695,0.5200092792510986,-0.00662262924015522,0.4849681854248047,0.5071679949760437,-0.00887509249150753,0.48502716422080994,0.49662888050079346,-0.010599220171570778,0.4757988154888153,0.5406970381736755,-0.004340462386608124,0.4743383228778839,0.5182172060012817,-0.006776300724595785,0.4732542634010315,0.5046796202659607,-0.008885005488991737,0.4719955325126648,0.4940497577190399,-0.01043620239943266,0.4698507487773895,0.5454106330871582,-0.0053680893033742905,0.4669838547706604,0.5249984264373779,-0.008115235716104507,0.4656083285808563,0.5120543241500854,-0.010289506986737251,0.46456411480903625,0.5012264847755432,-0.011825774796307087,0.46480774879455566,0.5542972683906555,-0.0067720795050263405,0.45838841795921326,0.5430085062980652,-0.009894213639199734,0.45426034927368164,0.5349878668785095,-0.011443160474300385,0.4508592486381531,0.5272763967514038,-0.01232815720140934
657,21.919234629861982,0,Right,0.9350916147232056,0.5529136657714844,0.5896354913711548,6.446009592764312e-08,0.5441378355026245,0.5782592296600342,-0.0040452447719872,0.5373753905296326,0.5610955357551575,-0.006416471675038338,0.5323247313499451,0.5473034381866455,-0.00850977934896946,0.5275490283966064,0.5371437072753906,-0.01062672957777977,0.5485336780548096,0.5377515554428101,-0.004219674970954657,0.5471997857093811,0.5156421661376953,-0.007712414022535086,0.5466122627258301,0.5022454261779785,-0.010494873858988285,0.5465391874313354,0.4909738302230835,-0.012537702918052673,0.5552526116371155,0.5374153852462769,-0.004952792078256607,0.5563836693763733,0.5135316252708435,-0.007620613556355238,0.5569946765899658,0.49903449416160583,-0.009903964586555958,0.5575652122497559,0.4874570071697235,-0.011637908406555653,0.5614176988601685,0.541994035243988,-0.006274109706282616,0.5634831190109253,0.5202379822731018,-0.009149731136858463,0.5641677379608154,0.5070478916168213,-0.010985348373651505,0.5646376013755798,0.4958309233188629,-0.012393416836857796,0.5669395923614502,0.5505015850067139,-0.007997624576091766,0.5717317461967468,0.5373687148094177,-0.010566514916718006,0.5746424198150635,0.5283693075180054,-0.01155188586562872,0.5770978927612305,0.5200280547142029,-0.012256212532520294
657,21.919234629861982,1,Left,0.9893009066581726,0.4777061641216278,0.5925725102424622,6.946694242060403e-08,0.4868757724761963,0.5804712176322937,-0.00398360937833786,0.4929366707801819,0.5618597269058228,-0.00570193026214838,0.49795886874198914,0.5471739172935486,-0.007197979837656021,0.5026664733886719,0.5382562875747681,-0.008710130117833614,0.4828355312347412,0.5412307381629944,-0.004105595871806145,0.4844665825366974,0.520495593547821,-0.007020425982773304,0.48508232831954956,0.5077104568481445,-0.009317704476416111,0.48523932695388794,0.4971737861633301,-0.011057626456022263,0.47584691643714905,0.5411837100982666,-0.004643597174435854,0.4743320643901825,0.5185821652412415,-0.007147704716771841,0.4732244312763214,0.5049785375595093,-0.00929268542677164,0.4719736576080322,0.4943169057369232,-0.010877410881221294,0.46988898515701294,0.5459667444229126,-0.005670383106917143,0.4670557975769043,0.5255200266838074,-0.008488494902849197,0.46569398045539856,0.5125854015350342,-0.010767119005322456,0.4646591246128082,0.5018259882926941,-0.012380418367683887,0.4648466110229492,0.5549432039260864,-0.007062021177262068,0.4584360718727112,0.5436362028121948,-0.010239793919026852,0.45426806807518005,0.5356321930885315,-0.011839829385280609,0.45080775022506714,0.5279708504676819,-0.012772315181791782
658,21.952597239648682,0,Right,0.9239460825920105,0.552367091178894,0.5886541604995728,6.631382376554029e-08,0.5436041951179504,0.5774954557418823,-0.0042533790692687035,0.5368941426277161,0.5603474378585815,-0.006681598257273436,0.5318641662597656,0.546416163444519,-0.008787756785750389,0.5271264910697937,0.5360296964645386,-0.010890244506299496,0.5479816794395447,0.536526620388031,-0.004194173496216536,0.5466791987419128,0.5145013928413391,-0.007613212801516056,0.546086311340332,0.5011194348335266,-0.010379892773926258,0.5460432171821594,0.4897957444190979,-0.012430178001523018,0.554716169834137,0.5361852049827576,-0.00476907379925251,0.5558505058288574,0.5125405788421631,-0.007330712396651506,0.5565021634101868,0.49826380610466003,-0.009582878090441227,0.557099461555481,0.4866584539413452,-0.011333197355270386,0.5608586668968201,0.5407648682594299,-0.005960994400084019,0.5629562735557556,0.5192381143569946,-0.008781250566244125,0.5636484026908875,0.5061546564102173,-0.01066330261528492,0.564026951789856,0.49474209547042847,-0.012142899446189404,0.5664264559745789,0.5492746829986572,-0.0075754206627607346,0.5713520050048828,0.5364740490913391,-0.01018220093101263,0.5742952227592468,0.5276686549186707,-0.011249607428908348,0.5766680836677551,0.5193427205085754,-0.012020457535982132
658,21.952597239648682,1,Left,0.9887277483940125,0.47739046812057495,0.5923956632614136,7.16240649012434e-08,0.48637083172798157,0.5802004337310791,-0.003982757683843374,0.49243324995040894,0.5614688396453857,-0.005711372941732407,0.49751564860343933,0.5465885996818542,-0.007230364717543125,0.5021011233329773,0.5373480319976807,-0.008752888068556786,0.4823429584503174,0.5409871339797974,-0.003975349944084883,0.4839841425418854,0.5202618837356567,-0.006899052299559116,0.4844917058944702,0.5072627067565918,-0.009232747368514538,0.4845134913921356,0.49655234813690186,-0.011001801118254662,0.4753890335559845,0.5410827994346619,-0.004518609493970871,0.47395381331443787,0.5186161398887634,-0.007037989795207977,0.4728357195854187,0.5048766136169434,-0.009195159189403057,0.4715440571308136,0.49407604336738586,-0.010783982463181019,0.4694438576698303,0.5458799004554749,-0.005562991835176945,0.4665646255016327,0.5254846215248108,-0.00838669016957283,0.46519264578819275,0.5123369693756104,-0.010569578036665916,0.46414613723754883,0.5013245940208435,-0.012106494978070259,0.46439844369888306,0.5547543168067932,-0.006985549349337816,0.45799511671066284,0.5433871746063232,-0.010177831165492535,0.4538581669330597,0.535331666469574,-0.01172797940671444,0.45041248202323914,0.5275775790214539,-0.012608212418854237
659,21.985959849435382,0,Right,0.9347909688949585,0.5523538589477539,0.5895379185676575,6.387160311760454e-08,0.5436124801635742,0.5781763195991516,-0.004075692966580391,0.5368183851242065,0.5607253909111023,-0.006397687830030918,0.5317938923835754,0.5467441082000732,-0.008433245122432709,0.5271186232566833,0.5364344120025635,-0.010484623722732067,0.5477926731109619,0.5376337170600891,-0.004219602327793837,0.5464724898338318,0.5153895020484924,-0.007737333420664072,0.5459303855895996,0.501823365688324,-0.010518133640289307,0.5459398627281189,0.4904170334339142,-0.012550072744488716,0.5545554757118225,0.5371713042259216,-0.004937490448355675,0.5555466413497925,0.5131500363349915,-0.007664037868380547,0.5561516284942627,0.4984090030193329,-0.009983677417039871,0.5567858219146729,0.4866505265235901,-0.01172629650682211,0.5607962608337402,0.5417177677154541,-0.006243618205189705,0.5627942681312561,0.5199489593505859,-0.009197225794196129,0.5634611248970032,0.5066706538200378,-0.011075954884290695,0.563941478729248,0.49541014432907104,-0.01248782780021429,0.5664145350456238,0.5502489805221558,-0.007949014194309711,0.5711949467658997,0.5369972586631775,-0.01057604979723692,0.5741363167762756,0.527936577796936,-0.011573460884392262,0.57662034034729,0.5195667743682861,-0.012271275743842125
659,21.985959849435382,1,Left,0.9902300834655762,0.47714763879776,0.5926165580749512,7.123782808093893e-08,0.48616525530815125,0.580913245677948,-0.004124910570681095,0.492241233587265,0.5625296235084534,-0.005938137415796518,0.4972373843193054,0.5477504730224609,-0.007496485952287912,0.5019752979278564,0.538342297077179,-0.009044832549989223,0.4822981655597687,0.5414441823959351,-0.00422887085005641,0.4839261472225189,0.5207003951072693,-0.007202269975095987,0.48457071185112,0.5078654289245605,-0.009522642940282822,0.48478367924690247,0.4972926378250122,-0.01126779429614544,0.47532251477241516,0.5413673520088196,-0.004715743474662304,0.47373852133750916,0.5187478065490723,-0.00732359429821372,0.4726455807685852,0.5049784779548645,-0.009497709572315216,0.4714081585407257,0.49408960342407227,-0.01107926107943058,0.46937820315361023,0.54615318775177,-0.005710894707590342,0.4664164185523987,0.5258896946907043,-0.008682689629495144,0.4651249349117279,0.5128450393676758,-0.010988476686179638,0.46414604783058167,0.501922070980072,-0.01257324405014515,0.4643465280532837,0.5550737977027893,-0.007077556103467941,0.4578394293785095,0.5436892509460449,-0.010425628162920475,0.45357704162597656,0.535714864730835,-0.01209287066012621,0.4499760866165161,0.5279784202575684,-0.01303761824965477
660,22.01932245922208,0,Right,0.9264885187149048,0.5523295402526855,0.5893617868423462,6.583024969586404e-08,0.5434807538986206,0.5780694484710693,-0.004202510230243206,0.5366368293762207,0.5608674883842468,-0.006637670565396547,0.5315639972686768,0.5468456745147705,-0.00876745954155922,0.5267238020896912,0.5365632772445679,-0.010907824151217937,0.5476502776145935,0.5373671054840088,-0.004353228025138378,0.5463240742683411,0.5150489807128906,-0.007895069196820259,0.5457237362861633,0.5015450119972229,-0.010729050263762474,0.5456379055976868,0.4900437295436859,-0.012812726199626923,0.5544010400772095,0.5369617342948914,-0.005012228153645992,0.5555135011672974,0.5130563378334045,-0.00771003682166338,0.5561425685882568,0.4984588325023651,-0.01002783328294754,0.5567062497138977,0.48663330078125,-0.011805035173892975,0.5605889558792114,0.5415002703666687,-0.006269275676459074,0.5626901388168335,0.5197318196296692,-0.009172705002129078,0.5633980631828308,0.5065367221832275,-0.011021740734577179,0.5638096332550049,0.4951471984386444,-0.01245508436113596,0.5661841630935669,0.5499839782714844,-0.007945689372718334,0.5710537433624268,0.5368266105651855,-0.010579904541373253,0.5739611387252808,0.5278420448303223,-0.011586062610149384,0.5763261318206787,0.5194286704063416,-0.012302553281188011
660,22.01932245922208,1,Left,0.9910827875137329,0.47703057527542114,0.5928401947021484,7.123550460619299e-08,0.48598021268844604,0.5811124444007874,-0.0041532195173203945,0.4920894503593445,0.5626668334007263,-0.005977300927042961,0.49710962176322937,0.5478520393371582,-0.007541335187852383,0.5017728805541992,0.5382919907569885,-0.009086234495043755,0.48219937086105347,0.5416293740272522,-0.004278486594557762,0.48377934098243713,0.5208196640014648,-0.007312045432627201,0.4843842685222626,0.5078932046890259,-0.009658950380980968,0.4845435619354248,0.4972589612007141,-0.01141177024692297,0.47519800066947937,0.5415164828300476,-0.004785554017871618,0.473552405834198,0.5186704993247986,-0.007469227537512779,0.47245267033576965,0.5047613382339478,-0.009672929532825947,0.47120288014411926,0.4937768280506134,-0.011255131103098392,0.4692419469356537,0.546309232711792,-0.005805841647088528,0.46626222133636475,0.5260301828384399,-0.008846255019307137,0.4650176167488098,0.5129323601722717,-0.011170223355293274,0.46409115195274353,0.5019570589065552,-0.012749399989843369,0.4641937017440796,0.5552323460578918,-0.007199730724096298,0.4576681852340698,0.5437790155410767,-0.010582693852484226,0.45338088274002075,0.5357790589332581,-0.01225417573004961,0.4497602880001068,0.5279915928840637,-0.013195100240409374
661,22.05268506900878,0,Right,0.928575336933136,0.5518916249275208,0.588873028755188,6.734924795637198e-08,0.543158769607544,0.5776922702789307,-0.004174828063696623,0.536397397518158,0.5605584979057312,-0.00660619605332613,0.5313003063201904,0.5466148853302002,-0.008725373074412346,0.5265045762062073,0.5362322926521301,-0.010851443745195866,0.547222375869751,0.5367786288261414,-0.004371610004454851,0.5458934903144836,0.5144004225730896,-0.007840676233172417,0.5453090071678162,0.5008981227874756,-0.010589923709630966,0.5452611446380615,0.4894738793373108,-0.01261004339903593,0.5539941787719727,0.5364457368850708,-0.005014357622712851,0.5551261901855469,0.5124529004096985,-0.0076411012560129166,0.5557888746261597,0.4979662597179413,-0.009879455901682377,0.5563568472862244,0.4862551689147949,-0.011602363549172878,0.560194194316864,0.5410034656524658,-0.006247527431696653,0.5622957348823547,0.5191267728805542,-0.009098323993384838,0.5629577040672302,0.5059062242507935,-0.010926991701126099,0.5633108615875244,0.494449645280838,-0.012353580445051193,0.565812349319458,0.5494478344917297,-0.00789096113294363,0.5707491636276245,0.5361737608909607,-0.010505794547498226,0.5737253427505493,0.527092695236206,-0.011525019071996212,0.576144814491272,0.5185587406158447,-0.012249761261045933
661,22.05268506900878,1,Left,0.9898619055747986,0.47641244530677795,0.5927162170410156,7.31267988385298e-08,0.48547646403312683,0.5807490944862366,-0.004115074407309294,0.49169427156448364,0.5619316101074219,-0.005872408859431744,0.49680447578430176,0.5468641519546509,-0.0073805744759738445,0.5014364719390869,0.5371700525283813,-0.008877262473106384,0.4815627336502075,0.5413957834243774,-0.004173267167061567,0.4832659065723419,0.5206284523010254,-0.007188703864812851,0.4838067889213562,0.5074878931045532,-0.009532310999929905,0.4838427007198334,0.49664127826690674,-0.011292574927210808,0.47461631894111633,0.5412479639053345,-0.004682591650635004,0.4733172655105591,0.5184711217880249,-0.007332475855946541,0.47221702337265015,0.5044181942939758,-0.009500671178102493,0.4709095060825348,0.4931682348251343,-0.011061246506869793,0.4686383008956909,0.5459798574447632,-0.005707991775125265,0.4657711386680603,0.5255009531974792,-0.008728450164198875,0.4644746482372284,0.512272298336029,-0.010947911068797112,0.4635255038738251,0.5010287165641785,-0.012457643635571003,0.4635227918624878,0.5548650026321411,-0.0071126539260149,0.4570539891719818,0.543331503868103,-0.0104849087074399,0.4528290629386902,0.5352720618247986,-0.012086988426744938,0.44931167364120483,0.5273329615592957,-0.012975232675671577
662,22.086047678795484,0,Right,0.924028217792511,0.5521482825279236,0.5894070863723755,6.570773791736428e-08,0.543286919593811,0.5783493518829346,-0.004146091639995575,0.5364482402801514,0.5611070990562439,-0.006516832858324051,0.531442403793335,0.5471091866493225,-0.008594728074967861,0.5266423225402832,0.5368280410766602,-0.010679624043405056,0.5473794937133789,0.5376828908920288,-0.004299631342291832,0.546065092086792,0.5153444409370422,-0.007781631778925657,0.5455892086029053,0.501861572265625,-0.010534697212278843,0.5456171631813049,0.49048951268196106,-0.012551403604447842,0.5541425943374634,0.5370610952377319,-0.004976505879312754,0.5552511215209961,0.5129538774490356,-0.0076774838380515575,0.5558682084083557,0.4981929361820221,-0.009978609159588814,0.5564066767692566,0.4864181876182556,-0.011727938428521156,0.5603435039520264,0.5413383841514587,-0.006246246863156557,0.5624947547912598,0.5195413827896118,-0.009145814925432205,0.5632203817367554,0.5063387155532837,-0.010994244366884232,0.5636281371116638,0.4951605498790741,-0.01240935642272234,0.5659245848655701,0.5495606660842896,-0.007929250597953796,0.5709242224693298,0.536337673664093,-0.010495303198695183,0.5739627480506897,0.5272568464279175,-0.011497669853270054,0.5764479041099548,0.51887446641922,-0.012221272103488445
662,22.086047678795484,1,Left,0.989458441734314,0.47581398487091064,0.5929095149040222,7.404344160022447e-08,0.48490244150161743,0.5808595418930054,-0.004208726342767477,0.4911024272441864,0.5620929598808289,-0.006066788919270039,0.4962185323238373,0.5469021797180176,-0.007653753738850355,0.5009813904762268,0.5370150804519653,-0.00922811683267355,0.48107847571372986,0.5415558815002441,-0.00438086548820138,0.4828393757343292,0.5206562876701355,-0.007490317802876234,0.48344799876213074,0.5074264407157898,-0.009895051829516888,0.48351767659187317,0.49646636843681335,-0.011695140041410923,0.4740968346595764,0.5413939356803894,-0.0048771630972623825,0.4728449285030365,0.5185469388961792,-0.007598802912980318,0.4716848134994507,0.5044228434562683,-0.009815691970288754,0.4702727198600769,0.4930664896965027,-0.01141080167144537,0.4680706858634949,0.5461478233337402,-0.005886833183467388,0.4652773439884186,0.5257645845413208,-0.008940029889345169,0.46407973766326904,0.5124660134315491,-0.011155371554195881,0.46319106221199036,0.5010954141616821,-0.012670262716710567,0.46289366483688354,0.5550702810287476,-0.007281933445483446,0.4564966559410095,0.5435459613800049,-0.010644011199474335,0.45233336091041565,0.5355274677276611,-0.012204570695757866,0.4488469362258911,0.5276342630386353,-0.013068686239421368
663,22.119410288582184,0,Right,0.9137753844261169,0.5523594617843628,0.58998703956604,6.542152419797276e-08,0.5434907674789429,0.5788338780403137,-0.004216810222715139,0.5367355346679688,0.5615647435188293,-0.006592247635126114,0.5317556858062744,0.5474866628646851,-0.008660818450152874,0.5269040465354919,0.5372428894042969,-0.010721145197749138,0.5476533770561218,0.5380721092224121,-0.0041933623142540455,0.5462586283683777,0.5156968832015991,-0.0076116533018648624,0.5457323789596558,0.502185583114624,-0.010341210290789604,0.5457468628883362,0.4907982349395752,-0.012362536042928696,0.5543860197067261,0.5373871922492981,-0.004835482686758041,0.5553966760635376,0.5133343935012817,-0.007480102591216564,0.5560360550880432,0.4987410306930542,-0.009765107184648514,0.5566378235816956,0.48701825737953186,-0.011512753553688526,0.5605635643005371,0.5415938496589661,-0.006086492910981178,0.5626288652420044,0.5197288393974304,-0.008970532566308975,0.5634141564369202,0.506536066532135,-0.010838520713150501,0.5638944506645203,0.49526816606521606,-0.01227779034525156,0.5661547183990479,0.5497192740440369,-0.0077602071687579155,0.5710402131080627,0.5365432500839233,-0.010345910675823689,0.5740286707878113,0.5275830626487732,-0.011377042159438133,0.5764797925949097,0.5192506909370422,-0.012126217596232891
663,22.119410288582184,1,Left,0.9894106388092041,0.4750070571899414,0.5931264162063599,7.495403053781047e-08,0.4840167164802551,0.5809752345085144,-0.004046306014060974,0.49014490842819214,0.56242436170578,-0.005852117668837309,0.4950348734855652,0.5473117232322693,-0.0074239447712898254,0.499722957611084,0.5376025438308716,-0.008977738209068775,0.4801332652568817,0.54179447889328,-0.004263938870280981,0.48210036754608154,0.520662784576416,-0.007322951685637236,0.4827679693698883,0.5073258876800537,-0.009691019542515278,0.4828806221485138,0.49628326296806335,-0.011463005095720291,0.47318360209465027,0.541685163974762,-0.004827012307941914,0.4720272719860077,0.5186540484428406,-0.007494846358895302,0.4709434509277344,0.5043336749076843,-0.009680192917585373,0.4696488380432129,0.49291887879371643,-0.011259240098297596,0.46718984842300415,0.5463230609893799,-0.005884354934096336,0.4644555449485779,0.5256882905960083,-0.00890292227268219,0.4633542597293854,0.512402355670929,-0.011091009713709354,0.46257245540618896,0.5012518167495728,-0.01257899310439825,0.4620729088783264,0.5550462603569031,-0.007312826346606016,0.45559948682785034,0.5433310270309448,-0.010667088441550732,0.45142534375190735,0.5352157354354858,-0.012231482192873955,0.4479513168334961,0.5273486375808716,-0.013085178099572659
664,22.152772898368884,0,Right,0.9140384793281555,0.5528516173362732,0.5907080173492432,6.352271242349161e-08,0.5438623428344727,0.5795661807060242,-0.004248804412782192,0.5371471047401428,0.5620693564414978,-0.006634495221078396,0.532278299331665,0.5477086305618286,-0.008718430064618587,0.5272330641746521,0.5373674631118774,-0.010790780186653137,0.5481351613998413,0.538598895072937,-0.004098610952496529,0.5467210412025452,0.5163751244544983,-0.007523470092564821,0.5461397171020508,0.5029077529907227,-0.01028819102793932,0.5460789799690247,0.4915100336074829,-0.012355844490230083,0.5548667907714844,0.5379393100738525,-0.004762593191117048,0.5558212399482727,0.5140441656112671,-0.007425755262374878,0.5564370155334473,0.4995627701282501,-0.009736363776028156,0.5570432543754578,0.48787644505500793,-0.0115172965452075,0.5610170960426331,0.5422353148460388,-0.006051476113498211,0.563010573387146,0.5203921794891357,-0.008975177071988583,0.5637694001197815,0.5072682499885559,-0.010831191204488277,0.564253568649292,0.49598339200019836,-0.012270987033843994,0.5665760636329651,0.5504373908042908,-0.007770055904984474,0.5713326930999756,0.5372173190116882,-0.01038958877325058,0.5742330551147461,0.5281586050987244,-0.011425158008933067,0.5766258835792542,0.5196278691291809,-0.01219194009900093
664,22.152772898368884,1,Left,0.990788459777832,0.47419556975364685,0.5932081937789917,7.515988187378753e-08,0.4832521677017212,0.581362247467041,-0.004175262525677681,0.48931849002838135,0.5626398324966431,-0.006013078149408102,0.49432650208473206,0.5473649501800537,-0.007597331423312426,0.49930593371391296,0.5378762483596802,-0.009168049320578575,0.4795977473258972,0.5418272614479065,-0.0043474179692566395,0.4814910590648651,0.5207127332687378,-0.00739638926461339,0.48229891061782837,0.5075826048851013,-0.009748351760208607,0.4826482832431793,0.4967048764228821,-0.011503711342811584,0.47268590331077576,0.5416857004165649,-0.004838097840547562,0.47144415974617004,0.5187414884567261,-0.007501636631786823,0.4705006778240204,0.504460871219635,-0.009674230590462685,0.46935999393463135,0.49295473098754883,-0.011245201341807842,0.4667051434516907,0.546333372592926,-0.005842927377671003,0.46398013830184937,0.5259684324264526,-0.008830730803310871,0.4628903865814209,0.5127081871032715,-0.011098003946244717,0.4621228277683258,0.5014437437057495,-0.012657104060053825,0.46156227588653564,0.5550748109817505,-0.007233298849314451,0.4552137553691864,0.5436064600944519,-0.010548217222094536,0.45102477073669434,0.5355417728424072,-0.012177912518382072,0.4474887549877167,0.5275961756706238,-0.013109078630805016
665,22.186135508155584,0,Right,0.9188815951347351,0.5527505278587341,0.5907063484191895,6.389459628053373e-08,0.5439357161521912,0.5794610381126404,-0.004061733838170767,0.5374020934104919,0.5616001486778259,-0.00631791353225708,0.5326571464538574,0.5471524596214294,-0.008298962377011776,0.5275396704673767,0.5369799733161926,-0.010302846319973469,0.5482022166252136,0.5383824110031128,-0.003980905748903751,0.546947181224823,0.5164400339126587,-0.007311495486646891,0.5464359521865845,0.5030972957611084,-0.009994947351515293,0.5464120507240295,0.49183189868927,-0.012006503529846668,0.5549082159996033,0.538055956363678,-0.004707251209765673,0.5560526847839355,0.5142230987548828,-0.007319271564483643,0.5567243695259094,0.4997673034667969,-0.009619583375751972,0.5573630928993225,0.48805370926856995,-0.01138243917375803,0.5610687732696533,0.5426461696624756,-0.006025396753102541,0.5631314516067505,0.5207793712615967,-0.008928606286644936,0.5638901591300964,0.5075736045837402,-0.010828775353729725,0.5643988847732544,0.49613094329833984,-0.012296427972614765,0.566670835018158,0.5511022210121155,-0.007741548120975494,0.5714980363845825,0.5378416776657104,-0.010363337583839893,0.5744383335113525,0.5287766456604004,-0.01140971016138792,0.5768333077430725,0.5202242136001587,-0.012174725532531738
665,22.186135508155584,1,Left,0.9898322224617004,0.47335129976272583,0.5927628874778748,7.547169644794849e-08,0.48229455947875977,0.5807421207427979,-0.003927057608962059,0.4883456528186798,0.56196129322052,-0.005640123039484024,0.49318191409111023,0.5469486117362976,-0.007155869621783495,0.49796560406684875,0.5375101566314697,-0.008656109683215618,0.4788553714752197,0.5415077805519104,-0.004007020033895969,0.4808681011199951,0.5207359790802002,-0.007034347392618656,0.4817294776439667,0.5075832009315491,-0.00939150806516409,0.48212260007858276,0.49666592478752136,-0.011159203946590424,0.47186145186424255,0.5412501692771912,-0.004633835982531309,0.47073906660079956,0.5183097124099731,-0.007272303104400635,0.4699552059173584,0.5041611194610596,-0.00941003393381834,0.4689842760562897,0.4928237199783325,-0.010936257429420948,0.4658270478248596,0.5458456873893738,-0.0057677011936903,0.4630146920681,0.5253320932388306,-0.008753628470003605,0.461961567401886,0.512005090713501,-0.010928136296570301,0.4613003432750702,0.500629186630249,-0.01241004653275013,0.46066832542419434,0.554614782333374,-0.007271427195519209,0.4542328417301178,0.5430256128311157,-0.010593193583190441,0.4501318037509918,0.5348775386810303,-0.01215063314884901,0.446757048368454,0.5267924070358276,-0.013014573603868484
666,22.219498117942283,0,Right,0.9054325819015503,0.5535944700241089,0.592009961605072,6.166708743648996e-08,0.5446266531944275,0.580527126789093,-0.004135964438319206,0.5381078720092773,0.5624957084655762,-0.006406806409358978,0.5335432291030884,0.5478980541229248,-0.008384197019040585,0.5285781025886536,0.5374367237091064,-0.010356967337429523,0.5489846467971802,0.5393931865692139,-0.003911537118256092,0.5477389693260193,0.5174391269683838,-0.007282694336026907,0.5473494529724121,0.5038997530937195,-0.010031579993665218,0.5474264621734619,0.4925974905490875,-0.012089045718312263,0.555709958076477,0.5389736890792847,-0.004611696116626263,0.5568624138832092,0.515329122543335,-0.007268216460943222,0.5575229525566101,0.5009695291519165,-0.009606472216546535,0.5581225156784058,0.4893868565559387,-0.011390290223062038,0.5618528723716736,0.5435521006584167,-0.0059234811924397945,0.5639876127243042,0.5218524932861328,-0.008874468505382538,0.564699113368988,0.508470356464386,-0.010793429799377918,0.5651413202285767,0.4969486594200134,-0.01226379256695509,0.5673775672912598,0.5521222949028015,-0.0076414309442043304,0.5722696781158447,0.5388180613517761,-0.010301881469786167,0.5751322507858276,0.5294983983039856,-0.011372365057468414,0.5774651765823364,0.5206561088562012,-0.012151319533586502
666,22.219498117942283,1,Left,0.9920154213905334,0.4720872938632965,0.5933732986450195,7.433828130842812e-08,0.4809763729572296,0.5811845064163208,-0.004145519807934761,0.4872729778289795,0.5627164840698242,-0.005986690986901522,0.4923628568649292,0.5476913452148438,-0.007592386566102505,0.4968864619731903,0.5374831557273865,-0.009179375134408474,0.4780060946941376,0.542055606842041,-0.004148487932980061,0.4799973964691162,0.5213612914085388,-0.0073272548615932465,0.48085343837738037,0.5082798600196838,-0.009835048578679562,0.48122772574424744,0.49724647402763367,-0.011691601015627384,0.47104039788246155,0.541564404964447,-0.004723359365016222,0.46988508105278015,0.5185956954956055,-0.007444546092301607,0.46898192167282104,0.5045275092124939,-0.00968721229583025,0.46793657541275024,0.4931916296482086,-0.01130374614149332,0.46490800380706787,0.5461066961288452,-0.0058352332562208176,0.46228528022766113,0.5255323052406311,-0.008908160030841827,0.46109282970428467,0.5122401118278503,-0.01115646492689848,0.460267037153244,0.5009479522705078,-0.012691529467701912,0.4595166742801666,0.5549125671386719,-0.007328711915761232,0.4533126950263977,0.5431429743766785,-0.010667653754353523,0.4492854177951813,0.5349103212356567,-0.012209621258080006,0.44591447710990906,0.5268173217773438,-0.013072608038783073
667,22.252860727728983,0,Right,0.9160478115081787,0.5541755557060242,0.5915285348892212,6.519120887560348e-08,0.5455219745635986,0.5798580646514893,-0.004212109372019768,0.5390520095825195,0.5623769164085388,-0.006635746452957392,0.534459114074707,0.5483133792877197,-0.008757682517170906,0.5298349261283875,0.5374699831008911,-0.010862774215638638,0.5498849153518677,0.539099931716919,-0.004102215636521578,0.5488190054893494,0.5172774195671082,-0.007592288311570883,0.5484851598739624,0.5039170980453491,-0.010425872169435024,0.5486645698547363,0.4925405979156494,-0.012538893148303032,0.5565364360809326,0.5390037894248962,-0.004816295113414526,0.5578645467758179,0.5156776309013367,-0.007556730415672064,0.5586443543434143,0.5016008019447327,-0.009963390417397022,0.559420645236969,0.4899544417858124,-0.011808757670223713,0.5625958442687988,0.5438877940177917,-0.006145132705569267,0.5649712681770325,0.5223427414894104,-0.009193552657961845,0.5657871961593628,0.5093416571617126,-0.011110534891486168,0.566393256187439,0.4979322552680969,-0.01258176565170288,0.5680748820304871,0.5527464747428894,-0.007880442775785923,0.5729966163635254,0.5396450161933899,-0.010648839175701141,0.5759885907173157,0.5306234359741211,-0.011715592816472054,0.5785507559776306,0.5218870639801025,-0.012481439858675003
667,22.252860727728983,1,Left,0.9889793395996094,0.4706710875034332,0.5936275720596313,7.565390802710681e-08,0.47972914576530457,0.5811411738395691,-0.003933147061616182,0.4858187139034271,0.5624071359634399,-0.005611701402813196,0.49060213565826416,0.5471343398094177,-0.007093795109540224,0.49496620893478394,0.5369756817817688,-0.00852593407034874,0.4763321280479431,0.5419061183929443,-0.0037179000210016966,0.4785425662994385,0.5209715366363525,-0.006724771112203598,0.47933629155158997,0.5077559351921082,-0.009087787941098213,0.4795824885368347,0.4970104396343231,-0.010822558775544167,0.4692911207675934,0.5415036678314209,-0.00428686523810029,0.46837159991264343,0.518397331237793,-0.00684807263314724,0.46748319268226624,0.504259467124939,-0.008977824822068214,0.46643415093421936,0.49319154024124146,-0.010484461672604084,0.46316006779670715,0.5459380745887756,-0.0053799389861524105,0.4604821801185608,0.5252972841262817,-0.008241099305450916,0.45928722620010376,0.512057900428772,-0.01032321061939001,0.4585273861885071,0.5010013580322266,-0.01173706166446209,0.4578341543674469,0.5547770857810974,-0.006845636758953333,0.4515915513038635,0.5432713031768799,-0.009941457770764828,0.44765704870224,0.5351539254188538,-0.011333787813782692,0.44449546933174133,0.5273703932762146,-0.012073976919054985
668,22.286223337515683,0,Right,0.8726323843002319,0.5559686422348022,0.5908066630363464,6.624178183756158e-08,0.5471141934394836,0.5791301727294922,-0.004191115964204073,0.5408505797386169,0.5615401268005371,-0.006482977885752916,0.536681056022644,0.546728789806366,-0.0084972083568573,0.5321528911590576,0.5351883769035339,-0.010404667817056179,0.5517936944961548,0.5384379625320435,-0.0035095028579235077,0.550970196723938,0.5164883136749268,-0.00678627984598279,0.5509066581726074,0.5031452775001526,-0.009526488371193409,0.5511956810951233,0.49193570017814636,-0.011522130109369755,0.5585700869560242,0.5383521914482117,-0.004048699978739023,0.5600084662437439,0.5150234699249268,-0.006423330865800381,0.5609039068222046,0.5008761882781982,-0.008658848702907562,0.5616721510887146,0.4894410967826843,-0.01036086305975914,0.5648024082183838,0.5430877208709717,-0.005226579494774342,0.5671762228012085,0.5219756960868835,-0.007825363427400589,0.5682743191719055,0.5091056823730469,-0.00950479693710804,0.5689767599105835,0.4980056881904602,-0.010813001543283463,0.5705280303955078,0.5517549514770508,-0.006846698001027107,0.5754713416099548,0.5390662550926208,-0.009136322885751724,0.5783066153526306,0.5306012630462646,-0.009911431930959225,0.5806382298469543,0.5227264165878296,-0.010444093495607376
668,22.286223337515683,1,Left,0.9878610372543335,0.4689866304397583,0.5934203267097473,7.618331210323959e-08,0.47772273421287537,0.5803320407867432,-0.004130383022129536,0.483360230922699,0.5612770915031433,-0.005921537522226572,0.48768699169158936,0.5454681515693665,-0.007496597245335579,0.4914954900741577,0.534164309501648,-0.00902032945305109,0.47392815351486206,0.5412612557411194,-0.0039602299220860004,0.4758336544036865,0.5202288627624512,-0.007135440595448017,0.47660207748413086,0.5069278478622437,-0.00961633212864399,0.47693148255348206,0.4960459768772125,-0.011410284787416458,0.46681925654411316,0.5412136316299438,-0.004458663985133171,0.46564123034477234,0.51860111951828,-0.007079177536070347,0.4648854732513428,0.5045852065086365,-0.00924530066549778,0.46409428119659424,0.4934656023979187,-0.010815310291945934,0.46065109968185425,0.5459158420562744,-0.005511025432497263,0.45789003372192383,0.5253247618675232,-0.008414785377681255,0.4565681219100952,0.512139081954956,-0.010479947552084923,0.4557185173034668,0.5010232329368591,-0.011915412731468678,0.4553915560245514,0.5550746321678162,-0.006957798730581999,0.4491647481918335,0.5437451601028442,-0.010088962502777576,0.4452011287212372,0.5357706546783447,-0.011489521712064743,0.44195491075515747,0.5281741619110107,-0.01224482897669077
669,22.319585947302382,0,Right,0.8529531955718994,0.5587726831436157,0.5901128649711609,6.021335252626159e-08,0.5500580072402954,0.57734215259552,-0.0033949718344956636,0.5446511507034302,0.5588764548301697,-0.0051771425642073154,0.5415142178535461,0.5436478853225708,-0.006840700749307871,0.5377757549285889,0.5320127010345459,-0.008467843756079674,0.55577152967453,0.537688672542572,-0.0028687117155641317,0.5550856590270996,0.5158246159553528,-0.005897225346416235,0.555303692817688,0.5026241540908813,-0.00838881079107523,0.5557984709739685,0.4917197525501251,-0.010157340206205845,0.5625925660133362,0.538394570350647,-0.0037425707560032606,0.5647745132446289,0.5151056051254272,-0.005810496397316456,0.5659198760986328,0.5012838840484619,-0.007848306559026241,0.5668132305145264,0.4902857542037964,-0.009388393722474575,0.5686237812042236,0.5439125299453735,-0.005158842075616121,0.5719547867774963,0.5234765410423279,-0.00737559050321579,0.5731890201568604,0.5112097263336182,-0.008714660070836544,0.5738865733146667,0.5009268522262573,-0.009793343022465706,0.5738887190818787,0.5533656477928162,-0.0069632031954824924,0.5789983868598938,0.5410531759262085,-0.008901753462851048,0.5819502472877502,0.5326351523399353,-0.009288938716053963,0.5843223333358765,0.5250005125999451,-0.00952373817563057
669,22.319585947302382,1,Left,0.9836338758468628,0.4660280644893646,0.5922051072120667,7.649713751334275e-08,0.47479626536369324,0.5785860419273376,-0.003947958815842867,0.4799521565437317,0.5585144758224487,-0.005241720005869865,0.4835980534553528,0.5422821640968323,-0.006382552441209555,0.487019419670105,0.5311446785926819,-0.007498495280742645,0.46992096304893494,0.5396426916122437,-0.0029747483786195517,0.4713763892650604,0.5195272564888,-0.0057673705741763115,0.4720686674118042,0.5067756772041321,-0.008099072612822056,0.4723971486091614,0.49628493189811707,-0.009815387427806854,0.4628985524177551,0.5399882793426514,-0.0034030205570161343,0.4614401161670685,0.5182456374168396,-0.00560498284175992,0.4605940580368042,0.504553496837616,-0.007639865856617689,0.4597652852535248,0.4934960901737213,-0.009158461354672909,0.45690634846687317,0.5450921654701233,-0.004431018605828285,0.45391055941581726,0.525313138961792,-0.00704695051535964,0.4521526098251343,0.5125777721405029,-0.009152797050774097,0.45089757442474365,0.5016655921936035,-0.010661205276846886,0.4517897069454193,0.554617166519165,-0.005863607861101627,0.4456908404827118,0.5443015098571777,-0.008805948309600353,0.4416501820087433,0.5370692610740662,-0.010256425477564335,0.4382320046424866,0.5301340222358704,-0.011088129132986069
670,22.352948557089086,0,Right,0.8896869421005249,0.5616568326950073,0.5894057154655457,6.420135889584344e-08,0.5545063614845276,0.5755981206893921,-0.003944180440157652,0.5503783822059631,0.5565749406814575,-0.006008016876876354,0.5479013919830322,0.5410447716712952,-0.007852642796933651,0.5456827878952026,0.5276967883110046,-0.00962452869862318,0.5619962811470032,0.536770761013031,-0.003529979847371578,0.5623839497566223,0.5150786638259888,-0.006940184161067009,0.563311755657196,0.5019714832305908,-0.009677388705313206,0.5643419027328491,0.49126917123794556,-0.011627472005784512,0.5685079097747803,0.5389567613601685,-0.004338617902249098,0.5719445943832397,0.5161532163619995,-0.007058100774884224,0.5739356279373169,0.5028063058853149,-0.009443075396120548,0.5755301117897034,0.4918821454048157,-0.011116203851997852,0.5741385221481323,0.5456870198249817,-0.0057263923808932304,0.5782918334007263,0.5254696607589722,-0.008770889602601528,0.5804908871650696,0.5131137371063232,-0.010581674054265022,0.5822062492370605,0.5022138953208923,-0.011853097006678581,0.5789251923561096,0.5562690496444702,-0.007497770246118307,0.5845804810523987,0.54466313123703,-0.01032211072742939,0.5884209871292114,0.5370330214500427,-0.01113695465028286,0.5916728973388672,0.5298796892166138,-0.011558501981198788
670,22.352948557089086,1,Left,0.9795491695404053,0.46232080459594727,0.5916417837142944,7.82176385882849e-08,0.4705179035663605,0.5769038796424866,-0.004258153028786182,0.474879652261734,0.5567540526390076,-0.005683024879544973,0.47767114639282227,0.5400099754333496,-0.006819530855864286,0.48050495982170105,0.5275633931159973,-0.00790385901927948,0.4642540216445923,0.5395130515098572,-0.0036503318697214127,0.4650355577468872,0.518247663974762,-0.006465602666139603,0.4651528000831604,0.5051080584526062,-0.008617160841822624,0.4649520516395569,0.49448665976524353,-0.010176562704145908,0.45723018050193787,0.5404825806617737,-0.003918118309229612,0.4547100067138672,0.518286406993866,-0.006201178766787052,0.45327383279800415,0.5046936273574829,-0.00817481055855751,0.4519106447696686,0.494093120098114,-0.009607553482055664,0.4513813853263855,0.5462056994438171,-0.004772536922246218,0.4474697411060333,0.5268772840499878,-0.007417297922074795,0.44546255469322205,0.514263391494751,-0.009569867514073849,0.4439830183982849,0.5036649703979492,-0.011104019358754158,0.44664302468299866,0.5561038851737976,-0.006050743628293276,0.43999889492988586,0.5469036102294922,-0.009128513745963573,0.4356333613395691,0.540063202381134,-0.010787930339574814,0.431880921125412,0.5331975221633911,-0.011732951737940311
671,22.386311166875785,0,Right,0.8641213774681091,0.565587043762207,0.588720440864563,6.872671320934387e-08,0.5595830678939819,0.5722925662994385,-0.0036225691437721252,0.5570808053016663,0.5526165962219238,-0.005615994334220886,0.5559083223342896,0.5369225740432739,-0.007398221641778946,0.5551480054855347,0.5233650803565979,-0.009142118506133556,0.5706480741500854,0.5365609526634216,-0.0037536381278187037,0.573432981967926,0.5159655213356018,-0.0071196663193404675,0.5754492282867432,0.5034624934196472,-0.009730696678161621,0.5773237347602844,0.4933646321296692,-0.011626109480857849,0.5770779848098755,0.5404585003852844,-0.0046642557717859745,0.5826110243797302,0.5194540023803711,-0.007311976049095392,0.5862402319908142,0.5069878697395325,-0.009649674408137798,0.589293897151947,0.49715444445610046,-0.011362381279468536,0.5818819999694824,0.5486589074134827,-0.0061004976741969585,0.5880521535873413,0.5300036668777466,-0.009313594549894333,0.5917248129844666,0.5188856720924377,-0.011485475115478039,0.5947404503822327,0.5092685222625732,-0.013041701167821884,0.5854366421699524,0.5605243444442749,-0.007826126180589199,0.5925293564796448,0.5519711971282959,-0.011216670274734497,0.5973096489906311,0.5452985763549805,-0.012641494162380695,0.6013720631599426,0.5388453006744385,-0.01345947664231062
671,22.386311166875785,1,Left,0.974891185760498,0.4586819112300873,0.5917694568634033,7.466166351832726e-08,0.46597185730934143,0.5749471783638,-0.0037525889929383993,0.46886467933654785,0.553901195526123,-0.004709732253104448,0.4704132080078125,0.5373011827468872,-0.00550926523283124,0.47196274995803833,0.5250698924064636,-0.0063019185326993465,0.45715591311454773,0.5389818549156189,-0.0027501918375492096,0.45659634470939636,0.5179715752601624,-0.0051932730711996555,0.45596644282341003,0.5054707527160645,-0.0071571823209524155,0.45495638251304626,0.4951740503311157,-0.008670010603964329,0.4503626227378845,0.5415126085281372,-0.003263561287894845,0.4464692771434784,0.52024906873703,-0.005349686834961176,0.4441676139831543,0.507262110710144,-0.007365288212895393,0.44195857644081116,0.49710848927497864,-0.008898247964680195,0.44496938586235046,0.5484378933906555,-0.0043670195154845715,0.4398002028465271,0.5303749442100525,-0.007017172873020172,0.43668076395988464,0.5183987021446228,-0.009397629648447037,0.43421101570129395,0.5084885358810425,-0.011101609095931053,0.4408802092075348,0.5593000650405884,-0.005847381427884102,0.43351125717163086,0.5510262250900269,-0.009019158780574799,0.42853763699531555,0.5446860194206238,-0.010846100747585297,0.42431044578552246,0.5382101535797119,-0.01194833591580391
672,22.419673776662485,0,Right,0.9185302257537842,0.5698856115341187,0.5892848372459412,7.55560236598285e-08,0.565382719039917,0.5706718564033508,-0.003410136792808771,0.5654751658439636,0.5492451786994934,-0.005023432429879904,0.5665332078933716,0.5327110886573792,-0.006452074274420738,0.5668233036994934,0.5195382237434387,-0.007856779731810093,0.5806111693382263,0.5387093424797058,-0.0032265749759972095,0.5861555933952332,0.5195841193199158,-0.006206892896443605,0.5900003910064697,0.508104681968689,-0.008575244806706905,0.5933888554573059,0.49916872382164,-0.010310912504792213,0.5864972472190857,0.5451779365539551,-0.004190442152321339,0.5949825644493103,0.5270664691925049,-0.006576096173375845,0.6001181602478027,0.5157266855239868,-0.00882056076079607,0.6042171716690063,0.5067482590675354,-0.010472201742231846,0.5902894139289856,0.5549346804618835,-0.005679217167198658,0.5990123152732849,0.5395500063896179,-0.008759504184126854,0.6040704250335693,0.5297403931617737,-0.0109846331179142,0.6083493828773499,0.521332859992981,-0.012563864700496197,0.5922257900238037,0.5675744414329529,-0.007440610323101282,0.6007684469223022,0.5617004632949829,-0.010730105452239513,0.6065642237663269,0.5572600960731506,-0.01213319506496191,0.611598014831543,0.5530113577842712,-0.012940052896738052
672,22.419673776662485,1,Left,0.9741095900535583,0.45431116223335266,0.5926204323768616,7.645042643389388e-08,0.4605155885219574,0.5746173858642578,-0.004052437841892242,0.46194788813591003,0.5525560975074768,-0.004938434809446335,0.46248915791511536,0.5357892513275146,-0.005581294652074575,0.4628792107105255,0.523348331451416,-0.006221732124686241,0.44904130697250366,0.5405861735343933,-0.00288208806887269,0.44717124104499817,0.5200709700584412,-0.0051968940533697605,0.44564327597618103,0.5076113939285278,-0.007144304923713207,0.4437675476074219,0.49736106395721436,-0.008738284930586815,0.442321240901947,0.5446184873580933,-0.00324023119173944,0.436832994222641,0.5249187350273132,-0.0052573163993656635,0.43357667326927185,0.5126751661300659,-0.0073295352049171925,0.43058639764785767,0.5029356479644775,-0.008959420956671238,0.43742257356643677,0.5526120066642761,-0.004217843525111675,0.4310015141963959,0.5362224578857422,-0.006895459722727537,0.4270303249359131,0.5248985290527344,-0.009461279027163982,0.4237108826637268,0.5152077674865723,-0.011337139643728733,0.4342958629131317,0.5640447735786438,-0.0056035700254142284,0.42644673585891724,0.5577432513237,-0.008943585678935051,0.42088526487350464,0.5530135631561279,-0.01098661683499813,0.415985643863678,0.5476968884468079,-0.01226703729480505
673,22.453036386449185,0,Right,0.8969871997833252,0.5749543905258179,0.5895107388496399,7.639417987093111e-08,0.5728352665901184,0.5696409940719604,-0.0034891488030552864,0.5748637318611145,0.5488216280937195,-0.005094083957374096,0.5768734216690063,0.5332337617874146,-0.006549019832164049,0.578901469707489,0.5206246376037598,-0.00795803777873516,0.5911148190498352,0.5435182452201843,-0.0024385538417845964,0.5982929468154907,0.5274977087974548,-0.005286436062306166,0.6033218502998352,0.5179898738861084,-0.007711509242653847,0.6077278852462769,0.5107997059822083,-0.009526850655674934,0.5962401032447815,0.5513779520988464,-0.0033220683690160513,0.6063801050186157,0.5373188853263855,-0.005623208358883858,0.6126947999000549,0.5287162065505981,-0.007929068990051746,0.6178731322288513,0.5219033360481262,-0.009619995020329952,0.5989933609962463,0.5618062019348145,-0.004812018480151892,0.6092365384101868,0.5494604110717773,-0.007999920286238194,0.6152920722961426,0.5418418049812317,-0.010365341790020466,0.6205661296844482,0.5351994037628174,-0.012012669816613197,0.5996353030204773,0.5746204257011414,-0.006581292953342199,0.6085243225097656,0.5717961192131042,-0.01006824430078268,0.6146205067634583,0.5700241923332214,-0.011584852822124958,0.6199284791946411,0.5682045817375183,-0.012449661269783974
673,22.453036386449185,1,Left,0.9720208048820496,0.45019039511680603,0.5949011445045471,7.634707088755022e-08,0.45463141798973083,0.5753348469734192,-0.0038057442288845778,0.4543858468532562,0.5537967681884766,-0.004791093524545431,0.45356616377830505,0.53736412525177,-0.005615198984742165,0.45281028747558594,0.5250359177589417,-0.006389562971889973,0.4405113756656647,0.5444927215576172,-0.0025160794612020254,0.4366958737373352,0.5243191719055176,-0.004825374577194452,0.4341140687465668,0.5121796131134033,-0.006756525952368975,0.43152132630348206,0.5023826956748962,-0.008289121091365814,0.43436291813850403,0.5498082637786865,-0.002914211479946971,0.4268309772014618,0.5321168303489685,-0.004889022093266249,0.4224340617656708,0.5211759805679321,-0.006874445825815201,0.418802946805954,0.5129017233848572,-0.008374226279556751,0.43022164702415466,0.558315634727478,-0.003919712267816067,0.42171549797058105,0.5440822243690491,-0.006440004333853722,0.4166160523891449,0.5344494581222534,-0.008757363073527813,0.41260626912117004,0.5264999270439148,-0.01040454488247633,0.42819204926490784,0.5698220133781433,-0.005338469985872507,0.4195013642311096,0.5659695267677307,-0.008464513346552849,0.413399338722229,0.562814474105835,-0.010362500324845314,0.4081997871398926,0.5590558052062988,-0.011474447324872017
674,22.486398996235884,0,Right,0.8808909058570862,0.581394612789154,0.5923070311546326,7.330292106644265e-08,0.58069908618927,0.5718941688537598,-0.002313446719199419,0.5849391222000122,0.5509641766548157,-0.0033728918060660362,0.5886486172676086,0.5362167358398438,-0.004490477032959461,0.5906150937080383,0.5248866081237793,-0.005677420645952225,0.6012600064277649,0.5499844551086426,-0.0016822629841044545,0.6101474761962891,0.5364730954170227,-0.004260521847754717,0.6162339448928833,0.5287649631500244,-0.006620798259973526,0.6212420463562012,0.5232064127922058,-0.008383631706237793,0.6053425073623657,0.5591357946395874,-0.003011235734447837,0.6167951226234436,0.5483347773551941,-0.004958313424140215,0.6237702965736389,0.5416378974914551,-0.007081306539475918,0.6293213367462158,0.5362268686294556,-0.0087117375805974,0.6070893406867981,0.5703176856040955,-0.00482186721637845,0.6186086535453796,0.5611554980278015,-0.0073965913616120815,0.6252043843269348,0.5552867650985718,-0.00947986263781786,0.6307526230812073,0.5500736236572266,-0.01107726525515318,0.6064698100090027,0.5831345319747925,-0.006852483842521906,0.6162168979644775,0.582659900188446,-0.00959285069257021,0.6226763129234314,0.582481861114502,-0.01075630821287632,0.6283006072044373,0.5819312334060669,-0.011512811295688152
674,22.486398996235884,1,Left,0.9699801206588745,0.4459444582462311,0.597468376159668,6.90601851260908e-08,0.44911885261535645,0.5767718553543091,-0.0039061547722667456,0.44755518436431885,0.5554556846618652,-0.004891198594123125,0.4453977644443512,0.539534866809845,-0.005790406372398138,0.44346314668655396,0.5275934338569641,-0.006686293985694647,0.43246790766716003,0.5492983460426331,-0.0021514107938855886,0.4268695116043091,0.5319257378578186,-0.0045904251746833324,0.4234424829483032,0.5209932327270508,-0.0068382034078240395,0.4201586842536926,0.5120586156845093,-0.008608201518654823,0.4268876314163208,0.5564724802970886,-0.0025954097509384155,0.41775310039520264,0.5419348478317261,-0.004650650080293417,0.4124862253665924,0.5325524210929871,-0.006874208338558674,0.40807080268859863,0.5254638195037842,-0.008590354584157467,0.4236750304698944,0.5662521123886108,-0.003697372507303953,0.41427499055862427,0.5549308657646179,-0.006230134051293135,0.40825361013412476,0.5467547178268433,-0.008656534366309643,0.4032750129699707,0.5397824645042419,-0.010400834493339062,0.4226797819137573,0.5783146619796753,-0.005250468850135803,0.41384273767471313,0.5760929584503174,-0.008302691392600536,0.40761932730674744,0.5740681886672974,-0.010165521875023842,0.4021412432193756,0.5715323090553284,-0.011288338340818882
675,22.519761606022584,0,Right,0.7817162871360779,0.5863266587257385,0.5946573615074158,7.482377384349093e-08,0.5867905020713806,0.5742666125297546,-0.002458635251969099,0.5923449397087097,0.5539172291755676,-0.003384761977940798,0.5968493223190308,0.5392667651176453,-0.004357912577688694,0.5996664762496948,0.5274590253829956,-0.005290416069328785,0.6083055734634399,0.5557217001914978,-0.0010778786381706595,0.618012011051178,0.5438851118087769,-0.0032342609483748674,0.6241971850395203,0.5374642014503479,-0.005215359851717949,0.6290963888168335,0.5326238870620728,-0.006773532833904028,0.6120683550834656,0.5656169056892395,-0.0021423506550490856,0.6238787174224854,0.5563822388648987,-0.0039114090614020824,0.6312289834022522,0.5519113540649414,-0.005852319300174713,0.6371603608131409,0.5485697984695435,-0.007322431076318026,0.613455593585968,0.5772316455841064,-0.003748153103515506,0.6249004602432251,0.5692043900489807,-0.006383431609719992,0.6318180561065674,0.565039336681366,-0.00845633540302515,0.637813150882721,0.561335563659668,-0.009980285540223122,0.6127380728721619,0.5903833508491516,-0.005568523425608873,0.6220480799674988,0.5915650129318237,-0.008338740095496178,0.6283240914344788,0.5927216410636902,-0.009588947519659996,0.6339405179023743,0.5934001207351685,-0.01039334200322628
675,22.519761606022584,1,Left,0.9691525101661682,0.44217896461486816,0.5995253920555115,7.16867418759648e-08,0.44363781809806824,0.5787248015403748,-0.003579958574846387,0.4404444694519043,0.5580201745033264,-0.004388777539134026,0.4372812509536743,0.5426584482192993,-0.00511224614456296,0.43448585271835327,0.5316835641860962,-0.005825698841363192,0.4250990152359009,0.5560290217399597,-0.002191658830270171,0.41873422265052795,0.5393478870391846,-0.004501772113144398,0.4147767126560211,0.5291309952735901,-0.0065501993522048,0.41111817955970764,0.5209461450576782,-0.008158626966178417,0.4201239347457886,0.5640318989753723,-0.002708820393308997,0.41041114926338196,0.5514323115348816,-0.004715961404144764,0.40443578362464905,0.5431538224220276,-0.006814728491008282,0.3994271755218506,0.5368419885635376,-0.008447234518826008,0.41757455468177795,0.5741041898727417,-0.0038281057495623827,0.40767568349838257,0.5650820732116699,-0.006241402123123407,0.4013391435146332,0.5588892102241516,-0.008551359176635742,0.39613762497901917,0.5535507798194885,-0.010231561958789825,0.41740989685058594,0.5860289931297302,-0.005370941944420338,0.4086494743824005,0.5862851738929749,-0.008268208242952824,0.4025009274482727,0.5857968330383301,-0.010083178989589214,0.39712631702423096,0.5844196081161499,-0.011196772567927837
676,22.553124215809284,0,Right,0.7658435106277466,0.5909784436225891,0.5977868437767029,7.34454275175267e-08,0.5924132466316223,0.5777289271354675,-0.0027821778785437346,0.5986682176589966,0.5582597255706787,-0.003925733268260956,0.603794515132904,0.5437465310096741,-0.005029033403843641,0.6076590418815613,0.5324752926826477,-0.0060752984136343,0.6150137186050415,0.5629868507385254,-0.0015374546637758613,0.625426709651947,0.5531803369522095,-0.0037719844840466976,0.6320134997367859,0.5480164289474487,-0.005846913438290358,0.6372936367988586,0.5441493988037109,-0.007456609979271889,0.6183034181594849,0.5737242698669434,-0.002424896927550435,0.630643904209137,0.566964864730835,-0.004112181253731251,0.6380358338356018,0.5637009143829346,-0.0059601981192827225,0.6439775824546814,0.5610408186912537,-0.007397888693958521,0.6190715432167053,0.5855579972267151,-0.0038656513206660748,0.6310166716575623,0.5797796249389648,-0.006383431609719992,0.6379064321517944,0.5767717361450195,-0.00833294726908207,0.6438168287277222,0.5737408995628357,-0.009794231504201889,0.6175363063812256,0.5982375741004944,-0.00555483577772975,0.6266890168190002,0.6007566452026367,-0.008308880031108856,0.6326472759246826,0.6028536558151245,-0.009512953460216522,0.6380159854888916,0.6042541265487671,-0.010260466486215591
676,22.553124215809284,1,Left,0.9690076112747192,0.4389084577560425,0.6039568185806274,7.219863817908845e-08,0.43973562121391296,0.5832842588424683,-0.0036157462745904922,0.4355984032154083,0.5635780692100525,-0.004584684502333403,0.43165645003318787,0.5482069849967957,-0.005460911896079779,0.4286852478981018,0.5371120572090149,-0.006345702800899744,0.4201473295688629,0.5630448460578918,-0.002434992929920554,0.4126654267311096,0.547226071357727,-0.004768941085785627,0.4079999327659607,0.5377991199493408,-0.006753126624971628,0.4038238823413849,0.5305756330490112,-0.008307547308504581,0.41536885499954224,0.5720783472061157,-0.003038784023374319,0.4050106108188629,0.5601935982704163,-0.00501971086487174,0.3987842798233032,0.5526547431945801,-0.006951124873012304,0.39348191022872925,0.5470409989356995,-0.008416946977376938,0.4132249653339386,0.5829870104789734,-0.004241672344505787,0.40268853306770325,0.5746068358421326,-0.006757598835974932,0.3957734704017639,0.5687219500541687,-0.008994068950414658,0.3900815546512604,0.5636616349220276,-0.010569309815764427,0.41351163387298584,0.5954957008361816,-0.005834502633661032,0.40437400341033936,0.5972419381141663,-0.008893013931810856,0.3981558680534363,0.5978183746337891,-0.010605101473629475,0.3926379084587097,0.5974503755569458,-0.011583153158426285
677,22.586486825595983,0,Right,0.8329668045043945,0.5939707159996033,0.6005690097808838,6.876792468801796e-08,0.5964783430099487,0.5806064009666443,-0.0026129281613975763,0.6036798357963562,0.5626292824745178,-0.0037012493703514338,0.609362006187439,0.5493636727333069,-0.0048429216258227825,0.6138284206390381,0.5385012626647949,-0.0059174359776079655,0.6197070479393005,0.5693933963775635,-0.0008310702978633344,0.630029022693634,0.5611546039581299,-0.003154065227136016,0.6367009282112122,0.5570565462112427,-0.005364795681089163,0.6421705484390259,0.5540414452552795,-0.0070836408995091915,0.6223430633544922,0.5799082517623901,-0.0018710598815232515,0.6344486474990845,0.5750958323478699,-0.0037260979879647493,0.6416831016540527,0.5730224847793579,-0.0057512810453772545,0.6475429534912109,0.5716763734817505,-0.0072725736536085606,0.6224541068077087,0.5913811326026917,-0.003502354258671403,0.6343352198600769,0.5879696011543274,-0.006147944368422031,0.6414622068405151,0.5859645009040833,-0.008141125552356243,0.6476669907569885,0.5839241147041321,-0.009580477140843868,0.6201382279396057,0.6034495830535889,-0.005387457553297281,0.629204273223877,0.6080031394958496,-0.008209750056266785,0.6352724432945251,0.6109977960586548,-0.00943759735673666,0.6407721042633057,0.6132823824882507,-0.010180416516959667
677,22.586486825595983,1,Left,0.9679020643234253,0.4365804195404053,0.6070379018783569,7.176184624313464e-08,0.4360351264476776,0.5860688090324402,-0.0031511636916548014,0.4309934973716736,0.5673679113388062,-0.004029464442282915,0.4266650378704071,0.5535920262336731,-0.004986149724572897,0.42376768589019775,0.5435664653778076,-0.005978930275887251,0.41562721133232117,0.5689741373062134,-0.001876276102848351,0.4080803394317627,0.5542840957641602,-0.004249594174325466,0.4033783972263336,0.5453682541847229,-0.0064142742194235325,0.3992023169994354,0.5386807322502136,-0.008059746585786343,0.41141456365585327,0.5790616869926453,-0.0027332711033523083,0.40077874064445496,0.5689824819564819,-0.004671280272305012,0.3942049443721771,0.5623844861984253,-0.006792876403778791,0.38861915469169617,0.5576380491256714,-0.008440091274678707,0.40988293290138245,0.5905473232269287,-0.0041510919108986855,0.39921173453330994,0.5839003920555115,-0.006460575386881828,0.39220795035362244,0.5792092084884644,-0.008781882002949715,0.3862014412879944,0.5751543045043945,-0.010516060516238213,0.4108748435974121,0.6032903790473938,-0.005939482245594263,0.40223824977874756,0.6061658263206482,-0.00876382365822792,0.3961876928806305,0.6075537204742432,-0.010424954816699028,0.39060723781585693,0.6082099080085754,-0.01144410390406847
678,22.619849435382687,0,Right,0.7912708520889282,0.5974023342132568,0.6038851141929626,7.307212968044041e-08,0.6005289554595947,0.584118664264679,-0.0025821079034358263,0.6077051162719727,0.5672004818916321,-0.003983433358371258,0.6135010123252869,0.5547829866409302,-0.005385135300457478,0.6180946826934814,0.5446498394012451,-0.006710002198815346,0.6234195828437805,0.5749288201332092,-0.001669413410127163,0.6341457962989807,0.5671041011810303,-0.004104231018573046,0.6408373117446899,0.5635849237442017,-0.006259615533053875,0.6462695598602295,0.5612403154373169,-0.007847306318581104,0.6257002353668213,0.5861838459968567,-0.0027226500678807497,0.6383986473083496,0.5823476314544678,-0.00460374029353261,0.6458091139793396,0.5805298089981079,-0.006467725150287151,0.6517183184623718,0.579455554485321,-0.007832436822354794,0.6254683136940002,0.598012387752533,-0.0042851995676755905,0.6377606987953186,0.595500111579895,-0.006781226489692926,0.6448814272880554,0.593822717666626,-0.008503216318786144,0.6509509086608887,0.5923662781715393,-0.009742635302245617,0.6228500008583069,0.6099814772605896,-0.00608763238415122,0.6317839622497559,0.6148087382316589,-0.008706968277692795,0.6376215815544128,0.6179537773132324,-0.009663166478276253,0.6429034471511841,0.6205058097839355,-0.010170035064220428
678,22.619849435382687,1,Left,0.9795406460762024,0.4347440302371979,0.6111006140708923,6.671707808436622e-08,0.4339579939842224,0.591420590877533,-0.003250868059694767,0.42835307121276855,0.5731865167617798,-0.004423381760716438,0.42376452684402466,0.5596874952316284,-0.005617618095129728,0.42096757888793945,0.5498886704444885,-0.00689033605158329,0.4128313958644867,0.5742311477661133,-0.00283670867793262,0.40436500310897827,0.5613405108451843,-0.005507239140570164,0.39924296736717224,0.5534902811050415,-0.007930194027721882,0.39467063546180725,0.5475008487701416,-0.00974323134869337,0.40893134474754333,0.584972083568573,-0.0037742131389677525,0.3974987268447876,0.5756585001945496,-0.005894077010452747,0.39064833521842957,0.5701099634170532,-0.008078434504568577,0.38494014739990234,0.5664867162704468,-0.009745537303388119,0.40771064162254333,0.5968331694602966,-0.005203292239457369,0.39652591943740845,0.5907160639762878,-0.00756814843043685,0.3894709050655365,0.5865393280982971,-0.009754093363881111,0.38343802094459534,0.582958459854126,-0.011383550241589546,0.40896087884902954,0.6098324060440063,-0.0069960663095116615,0.3999011218547821,0.6127109527587891,-0.00975230522453785,0.39397335052490234,0.6144485473632812,-0.011171377263963223,0.3885430097579956,0.6153680086135864,-0.012027885764837265
679,22.653212045169386,0,Right,0.7895709276199341,0.5992556214332581,0.606271505355835,6.81711824768172e-08,0.6021767854690552,0.5871374607086182,-0.0029348491225391626,0.6095137000083923,0.5699047446250916,-0.004515511449426413,0.6156094670295715,0.5577132701873779,-0.005990962497889996,0.6201505661010742,0.5478443503379822,-0.007314668036997318,0.6252888441085815,0.5783160328865051,-0.002247307449579239,0.6363532543182373,0.5704464912414551,-0.004758114460855722,0.6431379914283752,0.5667167901992798,-0.0068874722346663475,0.6485355496406555,0.5642490983009338,-0.008456911891698837,0.6278362274169922,0.5895628929138184,-0.0030734490137547255,0.6403194069862366,0.5861170887947083,-0.005033130291849375,0.6474323272705078,0.5842770338058472,-0.006742522586137056,0.652793824672699,0.5829048156738281,-0.00802846159785986,0.6278681755065918,0.6012444496154785,-0.004449007101356983,0.6402463316917419,0.5991143584251404,-0.006977550219744444,0.6470905542373657,0.5973741412162781,-0.0085133733227849,0.6526530385017395,0.5956441164016724,-0.009642723947763443,0.6255783438682556,0.6132614016532898,-0.006108428351581097,0.6351277828216553,0.6192122101783752,-0.008710348047316074,0.6413158178329468,0.6227895617485046,-0.009746885858476162,0.6467758417129517,0.6254891157150269,-0.010352402925491333
679,22.653212045169386,1,Left,0.9798079133033752,0.4335396885871887,0.6137382984161377,6.846766353874045e-08,0.43225330114364624,0.5936803817749023,-0.0036876939702779055,0.4262058138847351,0.5752163529396057,-0.004901034291833639,0.4209345877170563,0.5613841414451599,-0.006050175987184048,0.4173954427242279,0.55104660987854,-0.007133739534765482,0.4106977581977844,0.5789055228233337,-0.002314310986548662,0.40202316641807556,0.5658854246139526,-0.0048230551183223724,0.39674124121665955,0.5582772493362427,-0.007071276661008596,0.39219382405281067,0.5524755120277405,-0.00874700304120779,0.4069397747516632,0.5897262096405029,-0.0028677727095782757,0.3954320251941681,0.5808260440826416,-0.004877342842519283,0.3884887099266052,0.5756890773773193,-0.006935296580195427,0.3829166293144226,0.5723147988319397,-0.008491423912346363,0.40592846274375916,0.6012846827507019,-0.004027005285024643,0.3946448266506195,0.5961184501647949,-0.00639416603371501,0.3876323103904724,0.593031644821167,-0.008501766249537468,0.3818172812461853,0.5903177261352539,-0.010022364556789398,0.40746209025382996,0.6136526465415955,-0.005592399276793003,0.39858129620552063,0.6177723407745361,-0.008350870572030544,0.3925512433052063,0.6202630996704102,-0.009825664572417736,0.3869657516479492,0.6216064095497131,-0.010696886107325554
680,22.686574654956086,0,Right,0.7303711175918579,0.6006301641464233,0.6088202595710754,6.819804809765628e-08,0.6036131381988525,0.58978670835495,-0.003032304346561432,0.6110859513282776,0.5727725028991699,-0.004522394388914108,0.6172996163368225,0.5603375434875488,-0.005898689851164818,0.6219329237937927,0.5498983263969421,-0.007149768527597189,0.6267549991607666,0.5813323855400085,-0.001779718790203333,0.637788712978363,0.5741360783576965,-0.004110592883080244,0.6446521282196045,0.5706478953361511,-0.006184742320328951,0.6501392722129822,0.5683757066726685,-0.007804492022842169,0.6291653513908386,0.5927971005439758,-0.002574830548837781,0.6416066884994507,0.5897647142410278,-0.004349884577095509,0.6487933397293091,0.5881443023681641,-0.006185424514114857,0.654289960861206,0.5868405103683472,-0.007637132424861193,0.6289647221565247,0.6044247150421143,-0.003960439469665289,0.641042947769165,0.6027467846870422,-0.006432057823985815,0.647985577583313,0.601382851600647,-0.008213235065340996,0.6537824273109436,0.5997199416160583,-0.00959654338657856,0.6264631748199463,0.616108775138855,-0.005634738598018885,0.6350776553153992,0.622097373008728,-0.00829438865184784,0.6408073902130127,0.62579745054245,-0.009505284018814564,0.6460230946540833,0.6285121440887451,-0.010307666845619678
680,22.686574654956086,1,Left,0.9818220734596252,0.43334683775901794,0.6159095168113708,6.500048499447075e-08,0.4320923388004303,0.5959163308143616,-0.0033104398753494024,0.42587748169898987,0.5775482058525085,-0.00432257866486907,0.4206133484840393,0.5636156797409058,-0.005304343067109585,0.41724979877471924,0.5532192587852478,-0.006187127903103828,0.4103277921676636,0.5812543034553528,-0.0016662287525832653,0.40191319584846497,0.5681585669517517,-0.00391322560608387,0.3967472016811371,0.5602169632911682,-0.006001398898661137,0.39242517948150635,0.5541586875915527,-0.007589827757328749,0.4065776467323303,0.591927707195282,-0.002371258568018675,0.395015686750412,0.5832520127296448,-0.004228415433317423,0.38812923431396484,0.5783147811889648,-0.006120970007032156,0.3826158940792084,0.5749233961105347,-0.007525783963501453,0.4055153727531433,0.6034908294677734,-0.0036815486382693052,0.3940982520580292,0.5977630019187927,-0.006152124144136906,0.38720187544822693,0.5938399434089661,-0.008257531560957432,0.3815101087093353,0.5902601480484009,-0.009707441553473473,0.40693506598472595,0.6160171031951904,-0.005340252537280321,0.3978307843208313,0.6204490661621094,-0.008301631547510624,0.39170393347740173,0.6232113242149353,-0.009797661565244198,0.38598376512527466,0.6247889995574951,-0.010642319917678833
681,22.719937264742786,0,Right,0.7716224193572998,0.6014693975448608,0.6102330684661865,6.635991667280905e-08,0.6046136617660522,0.5913119912147522,-0.003128710435703397,0.612168550491333,0.5745814442634583,-0.004669210873544216,0.6182994842529297,0.5622832775115967,-0.006094091571867466,0.623193621635437,0.5522570610046387,-0.007378913462162018,0.6280041337013245,0.5838191509246826,-0.0017633666284382343,0.6389805674552917,0.5764109492301941,-0.004171647597104311,0.6459876298904419,0.5728616714477539,-0.006306024733930826,0.6515065431594849,0.5708006024360657,-0.007945733144879341,0.6302931308746338,0.5952488780021667,-0.002512234030291438,0.6424970030784607,0.5922046303749084,-0.0043307761661708355,0.6494539976119995,0.5908994078636169,-0.006164112128317356,0.6547304391860962,0.5901666283607483,-0.007582629099488258,0.6300190091133118,0.606900691986084,-0.0038782870396971703,0.6419434547424316,0.6052349805831909,-0.006370738614350557,0.6487311720848083,0.6040740013122559,-0.00811009481549263,0.6544175148010254,0.6028304696083069,-0.009444613941013813,0.6274139881134033,0.6185088753700256,-0.005552696064114571,0.6358513832092285,0.6242494583129883,-0.008257720619440079,0.6413518786430359,0.6281623244285583,-0.009458109736442566,0.646308958530426,0.6312730312347412,-0.010217784903943539
681,22.719937264742786,1,Left,0.9827321767807007,0.4329223930835724,0.6163811683654785,6.348861347760248e-08,0.431682288646698,0.5965041518211365,-0.0031078641768544912,0.42531251907348633,0.57819002866745,-0.003971668891608715,0.42013806104660034,0.5648399591445923,-0.004827412776648998,0.4170542061328888,0.5551500916481018,-0.00563654862344265,0.4099804759025574,0.5824050307273865,-0.0016819433076307178,0.401964396238327,0.5696350932121277,-0.0039046378806233406,0.3970925509929657,0.5617597699165344,-0.006000229623168707,0.39297235012054443,0.5556855797767639,-0.007594132795929909,0.40625837445259094,0.5929572582244873,-0.002447353443130851,0.39489519596099854,0.5839625000953674,-0.004227491561323404,0.3880908489227295,0.5788258910179138,-0.0060828812420368195,0.382628470659256,0.5753084421157837,-0.0074923415668308735,0.4052242636680603,0.6044548153877258,-0.0037961953785270452,0.3938218057155609,0.5985081195831299,-0.006159875076264143,0.38697758316993713,0.5946736335754395,-0.008372875861823559,0.3813025951385498,0.5911802053451538,-0.009951746091246605,0.4067036807537079,0.6170473694801331,-0.0054775322787463665,0.39781713485717773,0.6217350959777832,-0.008380717597901821,0.3917520344257355,0.6248043179512024,-0.010005136020481586,0.3860000967979431,0.6266637444496155,-0.010999517515301704
682,22.753299874529485,0,Right,0.811904788017273,0.602005660533905,0.6114462018013,6.717052514204624e-08,0.6054791808128357,0.5926096439361572,-0.003160214051604271,0.6130841374397278,0.5761522650718689,-0.004659755155444145,0.6193988919258118,0.5640373229980469,-0.0060653374530375,0.6245502829551697,0.5541867017745972,-0.0073000588454306126,0.6288970708847046,0.5855984091758728,-0.0013372849207371473,0.6395153403282166,0.5785021781921387,-0.0037259506061673164,0.6463295221328735,0.5749133825302124,-0.005930094048380852,0.651850700378418,0.5727299451828003,-0.007633974775671959,0.631145715713501,0.597100019454956,-0.002090671332553029,0.6431266665458679,0.5943778157234192,-0.0038658534176647663,0.6503409147262573,0.5931349992752075,-0.00575456814840436,0.6559675335884094,0.5925081968307495,-0.007225858047604561,0.6307606101036072,0.6088277101516724,-0.0035072630271315575,0.6420959830284119,0.6074368357658386,-0.006007005926221609,0.6488314867019653,0.606398344039917,-0.0077695706859230995,0.6544983386993408,0.6054198741912842,-0.009085489436984062,0.6280405521392822,0.6204437017440796,-0.005253144074231386,0.636211633682251,0.6261734366416931,-0.007870685309171677,0.6415636539459229,0.6300859451293945,-0.008985782973468304,0.6463813781738281,0.6333335638046265,-0.009682556614279747
682,22.753299874529485,1,Left,0.9827023148536682,0.43240711092948914,0.6170274615287781,6.805936436649063e-08,0.4307311475276947,0.5972282290458679,-0.003439022460952401,0.4241606593132019,0.5794121623039246,-0.004539778921753168,0.4184401035308838,0.565928041934967,-0.005542732775211334,0.41465669870376587,0.5557137727737427,-0.006461714394390583,0.409071147441864,0.5840128064155579,-0.002229073317721486,0.4003458023071289,0.5705881714820862,-0.0045673660933971405,0.39488187432289124,0.5627970695495605,-0.006612265948206186,0.3902527093887329,0.5570164322853088,-0.008145607076585293,0.4055348038673401,0.5948969125747681,-0.0028269689064472914,0.3940010368824005,0.5862128138542175,-0.004693044815212488,0.3870760500431061,0.581436038017273,-0.0065268888138234615,0.3815022110939026,0.5782830119132996,-0.007911626249551773,0.40461522340774536,0.6065009236335754,-0.003998051397502422,0.39336469769477844,0.6009897589683533,-0.006316306069493294,0.3863907754421234,0.5972265601158142,-0.008343993686139584,0.3806144595146179,0.5938372611999512,-0.009814493358135223,0.40613600611686707,0.61893230676651,-0.005533640272915363,0.3973057270050049,0.6236607432365417,-0.00836936291307211,0.3913041949272156,0.6266744136810303,-0.00984159018844366,0.38567039370536804,0.6284893751144409,-0.010695504024624825
683,22.786662484316185,0,Right,0.8593774437904358,0.6024947762489319,0.6128123998641968,6.886823200602521e-08,0.6068341135978699,0.5941968560218811,-0.0029268229845911264,0.6147964596748352,0.57851243019104,-0.004518738016486168,0.6211673021316528,0.5671033263206482,-0.006108961533755064,0.6263952851295471,0.5577316284179688,-0.0075856707990169525,0.6299088001251221,0.5892887711524963,-0.0017161855939775705,0.6410143971443176,0.5830556750297546,-0.0045358543284237385,0.6479299664497375,0.5799371600151062,-0.00698131276294589,0.6535008549690247,0.5779204368591309,-0.008741524070501328,0.6316752433776855,0.6007827520370483,-0.00272828945890069,0.6439992189407349,0.5985285639762878,-0.0049836719408631325,0.6515983939170837,0.5971651077270508,-0.007152083795517683,0.6577889919281006,0.5961596369743347,-0.00872872769832611,0.6311069130897522,0.6124029755592346,-0.004348590970039368,0.6426640748977661,0.6116018295288086,-0.0071236323565244675,0.6496245861053467,0.6109505891799927,-0.008950086310505867,0.655502200126648,0.6103076934814453,-0.010203578509390354,0.6283621191978455,0.6238865256309509,-0.006278024520725012,0.636846661567688,0.6299118995666504,-0.008994361385703087,0.6423980593681335,0.6341910362243652,-0.010034586302936077,0.6472563743591309,0.6377517580986023,-0.010598287917673588
683,22.786662484316185,1,Left,0.9774730205535889,0.4319424033164978,0.6179239153862,6.29879011171397e-08,0.42968520522117615,0.5991386771202087,-0.0033814338967204094,0.42283281683921814,0.5821855664253235,-0.004560514818876982,0.4168451130390167,0.5691812634468079,-0.005699303466826677,0.4128318727016449,0.5588017702102661,-0.006780694704502821,0.40746816992759705,0.5881295800209045,-0.0019150428706780076,0.39845970273017883,0.5767573118209839,-0.0041959951631724834,0.39301159977912903,0.570243239402771,-0.006170474924147129,0.3885706663131714,0.565622091293335,-0.007636589463800192,0.40419426560401917,0.5989090204238892,-0.002592596458271146,0.39232417941093445,0.5913904905319214,-0.004386763088405132,0.38566383719444275,0.5867530703544617,-0.00608262000605464,0.38060590624809265,0.5837517976760864,-0.007315563969314098,0.4036411643028259,0.6102436184883118,-0.003877381794154644,0.3920116722583771,0.6059166789054871,-0.006225033197551966,0.3849203586578369,0.6031811237335205,-0.008196763694286346,0.3791263997554779,0.6006174087524414,-0.009584372863173485,0.4057256877422333,0.6220954656600952,-0.00550852483138442,0.3970734477043152,0.6274490356445312,-0.008319893851876259,0.3913075029850006,0.6308204531669617,-0.009699899703264236,0.3860611915588379,0.6331617832183838,-0.010462231934070587
684,22.820025094102885,0,Right,0.8355533480644226,0.6025944948196411,0.6136743426322937,6.733831270366863e-08,0.606938362121582,0.5954709649085999,-0.002986359177157283,0.6156260967254639,0.5802004337310791,-0.0044232760556042194,0.6226329803466797,0.5692805051803589,-0.005830938927829266,0.6279587745666504,0.5597770810127258,-0.007128253113478422,0.6304277181625366,0.5918599963188171,-0.0014397457707673311,0.6415258049964905,0.5867202281951904,-0.004066125955432653,0.6486684679985046,0.5839357972145081,-0.006399121135473251,0.6544083952903748,0.5821482539176941,-0.008180673234164715,0.6320487856864929,0.6034117341041565,-0.0024129445664584637,0.6444233059883118,0.6024606227874756,-0.004499470815062523,0.6520134210586548,0.6021677255630493,-0.006573008839040995,0.6580528616905212,0.6021000742912292,-0.008127648383378983,0.6311753392219543,0.6148906350135803,-0.0040132226422429085,0.6429595947265625,0.6149867177009583,-0.006720688194036484,0.650083601474762,0.6151089668273926,-0.008499382995069027,0.6561670303344727,0.6150228381156921,-0.009783877059817314,0.6280581951141357,0.6262310147285461,-0.005928059574216604,0.6362614035606384,0.6328853368759155,-0.008620216511189938,0.6417942643165588,0.6374624371528625,-0.009681515395641327,0.6467601656913757,0.6410693526268005,-0.0103349220007658
684,22.820025094102885,1,Left,0.9739406704902649,0.43123659491539,0.617823600769043,6.055164192275697e-08,0.42802566289901733,0.599357545375824,-0.003010846208781004,0.4202268421649933,0.5836285352706909,-0.003929561469703913,0.4137950837612152,0.572211742401123,-0.004912668373435736,0.40923866629600525,0.5643157958984375,-0.005856323521584272,0.40508201718330383,0.5924953818321228,-0.0019167194841429591,0.39507052302360535,0.5828740000724792,-0.004314649384468794,0.38903114199638367,0.5771853923797607,-0.006328349933028221,0.384026437997818,0.5729138851165771,-0.007826871238648891,0.40233978629112244,0.6037487983703613,-0.0027969880029559135,0.38984957337379456,0.5991319417953491,-0.004835294559597969,0.38246244192123413,0.5963276624679565,-0.006724865175783634,0.3766403794288635,0.5946545600891113,-0.008099417202174664,0.4023589491844177,0.6148456335067749,-0.0042184339836239815,0.3905653953552246,0.6133652329444885,-0.006513594184070826,0.38297224044799805,0.6126243472099304,-0.00857449322938919,0.3766368627548218,0.611622154712677,-0.010072506032884121,0.4051448404788971,0.6258500218391418,-0.005996289197355509,0.3968230187892914,0.6329972743988037,-0.008656110614538193,0.3909614086151123,0.6374975442886353,-0.01012961845844984,0.38557809591293335,0.640572726726532,-0.011002960614860058
685,22.853387703889585,0,Right,0.8612183928489685,0.6032772064208984,0.6152601838111877,6.550035180907798e-08,0.6079997420310974,0.5973048210144043,-0.0026697111316025257,0.6170851588249207,0.5824999213218689,-0.003928781021386385,0.6242043972015381,0.5722449421882629,-0.005209208000451326,0.6292198896408081,0.5628505945205688,-0.006387690082192421,0.6316593289375305,0.5951663851737976,-0.00117452722042799,0.6426528692245483,0.5900589823722839,-0.0035050283186137676,0.6495392322540283,0.5876362919807434,-0.0056305225007236,0.6550392508506775,0.5861162543296814,-0.007293197326362133,0.6332613229751587,0.6067268252372742,-0.002232001628726721,0.645555317401886,0.6061910390853882,-0.004009433090686798,0.6529307961463928,0.6061519384384155,-0.005858870688825846,0.658677875995636,0.6062650084495544,-0.007289673667401075,0.6322857141494751,0.618188202381134,-0.0038890307769179344,0.6440223455429077,0.6186681985855103,-0.006274838000535965,0.6509972810745239,0.6187618970870972,-0.00793833751231432,0.6568682193756104,0.6187317371368408,-0.00921565666794777,0.6289727091789246,0.6293355822563171,-0.005854714196175337,0.6369600892066956,0.6365917921066284,-0.008255376480519772,0.6423540115356445,0.6412807106971741,-0.009243694134056568,0.6471289396286011,0.6451248526573181,-0.009904267266392708
685,22.853387703889585,1,Left,0.9739446640014648,0.43066588044166565,0.6185973882675171,5.806165859212342e-08,0.4260905683040619,0.6005640029907227,-0.0025699534453451633,0.41717764735221863,0.586035430431366,-0.0031771555077284575,0.41043099761009216,0.576323926448822,-0.003973532002419233,0.40610358119010925,0.5693777203559875,-0.0047353110276162624,0.4028114974498749,0.5986233353614807,-0.001071520266123116,0.39264506101608276,0.5905839800834656,-0.0032779034227132797,0.38637182116508484,0.5860034227371216,-0.005247791297733784,0.3813243508338928,0.5826186537742615,-0.006705275271087885,0.40087786316871643,0.6101681590080261,-0.002089596586301923,0.38832971453666687,0.6080419421195984,-0.003970046062022448,0.3808225095272064,0.6064909100532532,-0.005822375882416964,0.37493547797203064,0.6056938171386719,-0.007159824948757887,0.4015032649040222,0.6209341883659363,-0.0036500028800219297,0.3897280991077423,0.6220452785491943,-0.005738144274801016,0.3823850452899933,0.6226505041122437,-0.007688015699386597,0.3762410581111908,0.6227172613143921,-0.009099536575376987,0.4047335386276245,0.6311301589012146,-0.0055616749450564384,0.3968000113964081,0.6398748755455017,-0.007964063435792923,0.3912074863910675,0.6452717185020447,-0.009347015991806984,0.38597211241722107,0.6491648554801941,-0.01017565093934536
686,22.886750313676284,0,Right,0.9088927507400513,0.6031506657600403,0.6163573861122131,6.076652425690554e-08,0.6078467965126038,0.5988960862159729,-0.0025800936855375767,0.6170246601104736,0.5843529105186462,-0.0036388554144650698,0.6240401268005371,0.5742084980010986,-0.004751136060804129,0.6292482614517212,0.5653395652770996,-0.005796506069600582,0.6319515705108643,0.5970009565353394,-0.0006865471950732172,0.6428545117378235,0.5928203463554382,-0.0028671829495579004,0.6496949195861816,0.5909693241119385,-0.00497735571116209,0.6551864147186279,0.5900722742080688,-0.006673797033727169,0.633402407169342,0.6085203289985657,-0.0017583257285878062,0.6456233263015747,0.6079182028770447,-0.0034446390345692635,0.6530629992485046,0.6081408262252808,-0.005381322931498289,0.658888578414917,0.6085100173950195,-0.006915422156453133,0.6323341727256775,0.6201049089431763,-0.003459896659478545,0.6440483927726746,0.6209291815757751,-0.005871059838682413,0.651134729385376,0.6211410760879517,-0.007756256032735109,0.6571125984191895,0.6209388375282288,-0.00921911932528019,0.6289443969726562,0.6314960718154907,-0.005452413577586412,0.6368814706802368,0.6391977667808533,-0.007889912463724613,0.6421080827713013,0.6440757513046265,-0.009036526083946228,0.646769106388092,0.6478329300880432,-0.009859188459813595
686,22.886750313676284,1,Left,0.9778293967247009,0.42982885241508484,0.6200211048126221,6.153398146580003e-08,0.42505979537963867,0.6030237078666687,-0.002467201091349125,0.41642075777053833,0.5912400484085083,-0.0033635178115218878,0.41000235080718994,0.5835821032524109,-0.004481473006308079,0.4056095480918884,0.5777775645256042,-0.005610763095319271,0.4012419879436493,0.6042089462280273,-0.001845441060140729,0.39060601592063904,0.5971709489822388,-0.004517611116170883,0.38385552167892456,0.5933310985565186,-0.006871812045574188,0.37816083431243896,0.5907191634178162,-0.008620086126029491,0.3997129201889038,0.6159003376960754,-0.0031305181328207254,0.38694217801094055,0.6150919795036316,-0.0053690229542553425,0.379193514585495,0.6141066551208496,-0.007457845378667116,0.37294453382492065,0.6137635707855225,-0.009021380916237831,0.400947242975235,0.6263771057128906,-0.004898665938526392,0.3892565667629242,0.6295186281204224,-0.00733964005485177,0.3818504810333252,0.6308468580245972,-0.009416710585355759,0.3755142390727997,0.6316431760787964,-0.01091729011386633,0.4048819839954376,0.6357910633087158,-0.0069952975027263165,0.39692121744155884,0.6459964513778687,-0.009825360029935837,0.3912126123905182,0.6522039771080017,-0.0113329216837883,0.3857053220272064,0.656855046749115,-0.01223049033433199
687,22.920112923462987,0,Right,0.9052816033363342,0.603689968585968,0.6183555126190186,6.566656196582699e-08,0.6085937023162842,0.600741446018219,-0.003002337645739317,0.6175174117088318,0.5865007042884827,-0.004409851040691137,0.6243707537651062,0.5764246582984924,-0.005801298655569553,0.629779577255249,0.5680884718894958,-0.0071145822294056416,0.632439136505127,0.5997067093849182,-0.0015754938358440995,0.6436785459518433,0.5958706140518188,-0.004214521963149309,0.6507888436317444,0.5944579839706421,-0.006574920378625393,0.6564698815345764,0.5940129160881042,-0.00836158450692892,0.6337989568710327,0.6111973524093628,-0.0024920739233493805,0.6460369825363159,0.6112592220306396,-0.004543753806501627,0.6534019708633423,0.611851155757904,-0.006567580625414848,0.659105122089386,0.6126017570495605,-0.008117572404444218,0.6326391100883484,0.6225243806838989,-0.0040526241064071655,0.6443841457366943,0.6238501071929932,-0.006675190292298794,0.6512097120285034,0.6240530014038086,-0.008461237885057926,0.6568905115127563,0.6238913536071777,-0.009799557738006115,0.6291306018829346,0.6335028409957886,-0.005944639444351196,0.6371437907218933,0.6412568092346191,-0.008541909977793694,0.6423076391220093,0.6461761593818665,-0.009641616605222225,0.6468421816825867,0.6501606106758118,-0.010358981788158417
687,22.920112923462987,1,Left,0.98112952709198,0.4295995831489563,0.6226335763931274,5.401869884735788e-08,0.42391127347946167,0.6058681011199951,-0.002992057939991355,0.4144197702407837,0.5939947366714478,-0.0040620178915560246,0.40688368678092957,0.5870340466499329,-0.005202408879995346,0.4016595184803009,0.5814936757087708,-0.00633299071341753,0.4005856215953827,0.6088544726371765,-0.002177304355427623,0.38959401845932007,0.6039016842842102,-0.004885989241302013,0.3826785087585449,0.6014251112937927,-0.007248796988278627,0.37706366181373596,0.5997874736785889,-0.008990413509309292,0.39938345551490784,0.6210730671882629,-0.0031825900077819824,0.38641220331192017,0.6226935982704163,-0.00546171935275197,0.37872201204299927,0.6232557892799377,-0.007622829172760248,0.3726831376552582,0.6239483952522278,-0.009203890338540077,0.4007905423641205,0.6317636966705322,-0.0047031426802277565,0.3887805938720703,0.6357524991035461,-0.007226969581097364,0.38121286034584045,0.637583315372467,-0.009397790767252445,0.3747774660587311,0.6386620998382568,-0.010950451716780663,0.4048534333705902,0.6411413550376892,-0.006570081692188978,0.39711999893188477,0.6518987417221069,-0.009503484703600407,0.3916003704071045,0.6585875153541565,-0.011082700453698635,0.38628828525543213,0.6637911200523376,-0.012006111443042755
688,22.953475533249687,0,Right,0.8805004954338074,0.6038995981216431,0.6195828318595886,6.571087851625634e-08,0.6089658141136169,0.602057695388794,-0.0028196554630994797,0.6181550621986389,0.5880477428436279,-0.004209298174828291,0.6254058480262756,0.578330934047699,-0.005592500790953636,0.6310065984725952,0.5699699521064758,-0.006896634586155415,0.6325492262840271,0.6019369959831238,-0.0016078670741990209,0.6438577175140381,0.5977798104286194,-0.0041945930570364,0.6509538292884827,0.5960850119590759,-0.006472390610724688,0.6566973328590393,0.5954728722572327,-0.008217993192374706,0.6337409615516663,0.6135047674179077,-0.0026123696006834507,0.6461818814277649,0.6137592792510986,-0.004657349549233913,0.6537638902664185,0.6146609783172607,-0.00668889656662941,0.6596751809120178,0.6159163117408752,-0.008255268447101116,0.6323751211166382,0.6248680949211121,-0.00421585189178586,0.6440941095352173,0.626468300819397,-0.006896152161061764,0.6510331034660339,0.6273899674415588,-0.008765809237957,0.656814455986023,0.6281179785728455,-0.010145408101379871,0.6287320256233215,0.6358181238174438,-0.006114406976848841,0.6366245150566101,0.6438190937042236,-0.008823450654745102,0.6418503522872925,0.6491885781288147,-0.010021320544183254,0.6464512348175049,0.6536648273468018,-0.010800282470881939
688,22.953475533249687,1,Left,0.9853067994117737,0.4292861819267273,0.6251918077468872,5.675795833326447e-08,0.42317578196525574,0.6087908744812012,-0.0030781556852161884,0.4135422706604004,0.5973194241523743,-0.004316680133342743,0.40578004717826843,0.5902451276779175,-0.0055852909572422504,0.40019282698631287,0.5848164558410645,-0.006849510129541159,0.4003447890281677,0.6129102110862732,-0.002721708733588457,0.38900628685951233,0.6087289452552795,-0.005518984980881214,0.382026731967926,0.6070858240127563,-0.007791365031152964,0.37644097208976746,0.606184184551239,-0.009413402527570724,0.3993961215019226,0.6251299977302551,-0.0036889647599309683,0.38629254698753357,0.626352846622467,-0.0059967911802232265,0.3785448670387268,0.6266785860061646,-0.008070890791714191,0.37247025966644287,0.6271611452102661,-0.009573007933795452,0.40112367272377014,0.6358842253684998,-0.00513941515237093,0.38923218846321106,0.6403256058692932,-0.007608351297676563,0.3817586600780487,0.6421764492988586,-0.009764756076037884,0.37543848156929016,0.6430957317352295,-0.01133277639746666,0.4054371416568756,0.6452418565750122,-0.006922468077391386,0.3981981873512268,0.6562274098396301,-0.00973749253898859,0.3930181562900543,0.6630051732063293,-0.011266342364251614,0.3880968689918518,0.6682590842247009,-0.012178256176412106
689,22.986838143036387,0,Right,0.8295739889144897,0.6042059063911438,0.6205083131790161,6.811342956325461e-08,0.6095679998397827,0.6033472418785095,-0.002678985707461834,0.619077205657959,0.5897387266159058,-0.004026072099804878,0.6264299750328064,0.580550491809845,-0.005379943642765284,0.6321102380752563,0.5726289749145508,-0.006629857234656811,0.6331530213356018,0.6041660308837891,-0.0015379716642200947,0.6447690725326538,0.6015362739562988,-0.003922309260815382,0.6519892811775208,0.6006128787994385,-0.0059863184578716755,0.6575410962104797,0.6003736257553101,-0.007565665524452925,0.6340545415878296,0.615936279296875,-0.0025245307479053736,0.6463187336921692,0.6180043816566467,-0.0044357795268297195,0.6535870432853699,0.6199672818183899,-0.0063127088360488415,0.6590607762336731,0.6219272613525391,-0.007753448560833931,0.6325780749320984,0.6271645426750183,-0.004080126993358135,0.644541323184967,0.6299579739570618,-0.006679361220449209,0.651459813117981,0.6317504048347473,-0.008483372628688812,0.6571620106697083,0.6332995295524597,-0.00982104241847992,0.6288490891456604,0.6377511024475098,-0.00590079789981246,0.6366658806800842,0.6465969681739807,-0.008662755601108074,0.6418433785438538,0.6527401804924011,-0.009881878271698952,0.646306574344635,0.6579282283782959,-0.01063601952046156
689,22.986838143036387,1,Left,0.9851951599121094,0.428923636674881,0.6268810629844666,5.994674268094968e-08,0.4226416051387787,0.611296534538269,-0.003383768955245614,0.4127746820449829,0.6012316346168518,-0.004770839586853981,0.40456777811050415,0.5953372120857239,-0.006155942566692829,0.39853551983833313,0.5910087823867798,-0.007514110766351223,0.3997150957584381,0.6183038949966431,-0.003155734157189727,0.38803359866142273,0.6160498261451721,-0.0062522138468921185,0.3810289800167084,0.6146789193153381,-0.008678028360009193,0.3752799928188324,0.6136006712913513,-0.010351203382015228,0.39921730756759644,0.6304458975791931,-0.0039884489960968494,0.3862032890319824,0.6334850192070007,-0.0065184952691197395,0.3784456253051758,0.6347580552101135,-0.008620629087090492,0.3722519874572754,0.6358743906021118,-0.010111176408827305,0.40129557251930237,0.6407263875007629,-0.0053449212573468685,0.38987472653388977,0.6467997431755066,-0.007976247929036617,0.382636696100235,0.6501778364181519,-0.01001372653990984,0.3764966130256653,0.652380108833313,-0.011439895257353783,0.40590900182724,0.6492850184440613,-0.007084732409566641,0.39889752864837646,0.660879373550415,-0.009971292689442635,0.3939460813999176,0.6682354807853699,-0.011448869481682777,0.389194518327713,0.6741010546684265,-0.012287563644349575
690,23.020200752823087,0,Right,0.8256658911705017,0.6052595973014832,0.6216185688972473,7.020740611096699e-08,0.6111854910850525,0.6049438118934631,-0.002467202953994274,0.6211546063423157,0.5925182104110718,-0.0036654213909059763,0.628715991973877,0.5846903324127197,-0.004887389484792948,0.6344069838523865,0.5777526497840881,-0.006038312334567308,0.6348533630371094,0.6083415150642395,-0.0015207570977509022,0.6463450193405151,0.6062220335006714,-0.003906802274286747,0.6534290909767151,0.6059494018554688,-0.0060233850963413715,0.6589173078536987,0.6061792373657227,-0.007599702104926109,0.6353456974029541,0.6201581358909607,-0.002618614584207535,0.6476502418518066,0.6234626770019531,-0.00452125770971179,0.655076801776886,0.6257640719413757,-0.0064689116552472115,0.6608868837356567,0.6279435753822327,-0.007912857457995415,0.6334521174430847,0.6310639977455139,-0.004234932828694582,0.6452204585075378,0.6353082060813904,-0.0067575001157820225,0.6521136164665222,0.6378589868545532,-0.008592760190367699,0.6578693985939026,0.6401649713516235,-0.009919552132487297,0.6293149590492249,0.6407666802406311,-0.00610127579420805,0.6367745995521545,0.6501988172531128,-0.008792252279818058,0.6417365670204163,0.6567881107330322,-0.009938614442944527,0.646064281463623,0.6625837087631226,-0.010588348843157291
690,23.020200752823087,1,Left,0.9783861637115479,0.4287858307361603,0.6285005807876587,5.8758580223639e-08,0.421944260597229,0.613406777381897,-0.003168324241414666,0.4118049144744873,0.6053686141967773,-0.004440637305378914,0.403395414352417,0.6014487147331238,-0.005778533406555653,0.3969835042953491,0.5981181263923645,-0.007119488436728716,0.398759663105011,0.624187171459198,-0.002731485990807414,0.38721492886543274,0.6235085129737854,-0.005728562828153372,0.38025736808776855,0.6232362985610962,-0.008136814460158348,0.3744341731071472,0.6232351064682007,-0.009874509647488594,0.3987734019756317,0.6360814571380615,-0.0037498092278838158,0.38590410351753235,0.6408928632736206,-0.00633150665089488,0.37808024883270264,0.6432876586914062,-0.008559046313166618,0.37176480889320374,0.6455761790275574,-0.010158022865653038,0.4014905095100403,0.645858108997345,-0.005292566493153572,0.3901716470718384,0.6534004211425781,-0.008121337741613388,0.38275912404060364,0.6579157114028931,-0.0104032838717103,0.3763534426689148,0.6612918376922607,-0.01197414193302393,0.40669161081314087,0.6536083221435547,-0.007175590377300978,0.4000929296016693,0.6661465764045715,-0.010322416201233864,0.39530423283576965,0.6741788983345032,-0.012014518491923809,0.39069169759750366,0.6807543635368347,-0.012988442555069923
691,23.053563362609786,0,Right,0.8543522357940674,0.6053138971328735,0.6219666600227356,6.79990037610878e-08,0.6121503114700317,0.6058594584465027,-0.0023647164925932884,0.6227178573608398,0.5952370762825012,-0.0035314373672008514,0.6307643055915833,0.5887423753738403,-0.004798981826752424,0.6373153328895569,0.5832216143608093,-0.0060265157371759415,0.6356610059738159,0.6130911111831665,-0.001042134128510952,0.6470397710800171,0.6134751439094543,-0.0034859860315918922,0.6541589498519897,0.6146374344825745,-0.0057628583163022995,0.6597253680229187,0.6159024238586426,-0.007524170912802219,0.6355496644973755,0.6246544718742371,-0.0023355705197900534,0.6475510001182556,0.6304195523262024,-0.004345342051237822,0.6546658873558044,0.6343801617622375,-0.006439271382987499,0.6602751016616821,0.6378908157348633,-0.008000529371201992,0.6330596804618835,0.6348228454589844,-0.004180166870355606,0.6448490619659424,0.6415305137634277,-0.006816845387220383,0.6518232226371765,0.6455055475234985,-0.008736460469663143,0.657874345779419,0.6488367319107056,-0.010166232474148273,0.6282007098197937,0.6435744762420654,-0.00627828249707818,0.635158360004425,0.6545368432998657,-0.009115810506045818,0.6400085091590881,0.6617116928100586,-0.010348928160965443,0.6444391012191772,0.6678164005279541,-0.011100588366389275
691,23.053563362609786,1,Left,0.9712686538696289,0.4279780983924866,0.6296950578689575,5.673502201375413e-08,0.4199160635471344,0.6159364581108093,-0.003230162663385272,0.4093853533267975,0.6094322800636292,-0.0047559309750795364,0.40095755457878113,0.6072503328323364,-0.006358825135976076,0.39423805475234985,0.6050878167152405,-0.008018014021217823,0.39762070775032043,0.6304908394813538,-0.003413556609302759,0.3854626417160034,0.6323105692863464,-0.006730637047439814,0.37811774015426636,0.6336854100227356,-0.009281201288104057,0.3720633387565613,0.6351295709609985,-0.011092270724475384,0.3985280990600586,0.6421769857406616,-0.0045147486962378025,0.3858114182949066,0.6497088074684143,-0.007397321052849293,0.3781123161315918,0.6539609432220459,-0.009781144559383392,0.37199583649635315,0.6577982306480408,-0.011480506509542465,0.40188246965408325,0.6511391401290894,-0.006097900215536356,0.3908671438694,0.6609911918640137,-0.00905671063810587,0.383623868227005,0.6670006513595581,-0.011372892186045647,0.3773913085460663,0.6715908646583557,-0.012990693561732769,0.4075244069099426,0.6574534773826599,-0.008022559806704521,0.4015657603740692,0.6714818477630615,-0.011301621794700623,0.397052526473999,0.6805829405784607,-0.01306342612951994,0.3927460312843323,0.6881262063980103,-0.014067624695599079
692,23.086925972396486,0,Right,0.8954159617424011,0.6061810851097107,0.6229760646820068,7.67482219998783e-08,0.6140187978744507,0.6081004738807678,-0.0023019856307655573,0.624933660030365,0.6000411510467529,-0.003494551405310631,0.6331680417060852,0.595708966255188,-0.00476150494068861,0.6399741172790527,0.5914645195007324,-0.006031696684658527,0.6371515393257141,0.6199211478233337,-0.0014942300040274858,0.648827075958252,0.6229210495948792,-0.0040147872641682625,0.6560306549072266,0.6254898309707642,-0.00628188019618392,0.6617233157157898,0.6277440786361694,-0.007987957447767258,0.6362399458885193,0.6310057640075684,-0.0028273235075175762,0.6483760476112366,0.6391787528991699,-0.004953722003847361,0.6555925011634827,0.6447091698646545,-0.0070913261733949184,0.6612374186515808,0.6494525671005249,-0.008640957996249199,0.6330532431602478,0.6403646469116211,-0.004661680199205875,0.6444576978683472,0.6496278643608093,-0.007444340735673904,0.6513301730155945,0.6550599336624146,-0.009526357054710388,0.657241940498352,0.65960294008255,-0.01101831067353487,0.6276392936706543,0.6480202078819275,-0.006716464646160603,0.6341214179992676,0.6603922247886658,-0.009693080559372902,0.6386586427688599,0.6684166193008423,-0.010992826893925667,0.6428016424179077,0.6752938032150269,-0.011751375161111355
692,23.086925972396486,1,Left,0.9787947535514832,0.4278412163257599,0.6319999694824219,5.8852897666383797e-08,0.4188741147518158,0.61958909034729,-0.0034725493751466274,0.40807002782821655,0.6148701310157776,-0.0052745286375284195,0.3994198441505432,0.6138890981674194,-0.007102941162884235,0.39225947856903076,0.6124809384346008,-0.008974465541541576,0.3973609507083893,0.6370003819465637,-0.003888138569891453,0.38519957661628723,0.6410224437713623,-0.007569476030766964,0.3777737319469452,0.643689751625061,-0.010377507656812668,0.37156105041503906,0.6460158228874207,-0.012355401180684566,0.39868268370628357,0.6485728621482849,-0.0049628568813204765,0.3863371014595032,0.6581565141677856,-0.008104143664240837,0.37868836522102356,0.6634870767593384,-0.010609657503664494,0.37247130274772644,0.6679636240005493,-0.012383551336824894,0.40247541666030884,0.657230794429779,-0.006535569205880165,0.3916478455066681,0.6689276695251465,-0.009743577800691128,0.3844132721424103,0.6758886575698853,-0.012061048299074173,0.37805116176605225,0.681218147277832,-0.013662518933415413,0.40852782130241394,0.662900447845459,-0.008458387106657028,0.4031437635421753,0.6776750087738037,-0.011949801817536354,0.3989347219467163,0.687240481376648,-0.013694795779883862,0.39489489793777466,0.6952399015426636,-0.014649787917733192
693,23.120288582183186,0,Right,0.8490076065063477,0.6066474914550781,0.6247865557670593,7.10404677306542e-08,0.61484295129776,0.6110280752182007,-0.00191109802108258,0.6264336109161377,0.604844868183136,-0.00277110212482512,0.6349545121192932,0.6022091507911682,-0.0037881594616919756,0.641664981842041,0.5993833541870117,-0.004816951230168343,0.6378744840621948,0.6264123320579529,-0.0008579011773690581,0.6489445567131042,0.6307891011238098,-0.003159517887979746,0.6557887196540833,0.6344076991081238,-0.0053172423504292965,0.6611946821212769,0.637600302696228,-0.0069902134127914906,0.6366592049598694,0.6368944048881531,-0.0023550833575427532,0.648292064666748,0.6473081707954407,-0.004327984992414713,0.6553007960319519,0.6540926694869995,-0.0064529189839959145,0.6607815623283386,0.6598896384239197,-0.008008147589862347,0.6331347823143005,0.6452603340148926,-0.004335703793913126,0.6442865133285522,0.6568020582199097,-0.007146812044084072,0.6509050726890564,0.6638016700744629,-0.009390399791300297,0.6565749645233154,0.6697296500205994,-0.01097647100687027,0.627384603023529,0.6514307856559753,-0.006504788063466549,0.6331657767295837,0.6657324433326721,-0.00963446032255888,0.6372483968734741,0.6753005385398865,-0.01114563550800085,0.6409120559692383,0.6836187839508057,-0.012040353380143642
693,23.120288582183186,1,Left,0.9715189337730408,0.42794182896614075,0.6345231533050537,5.5057284953363705e-08,0.4182552993297577,0.6234521865844727,-0.0032216834370046854,0.40715810656547546,0.6205558776855469,-0.0049456022679805756,0.3985346853733063,0.6207898855209351,-0.006739117670804262,0.39138129353523254,0.6201030015945435,-0.008631888777017593,0.3976026177406311,0.6430267095565796,-0.0038661102298647165,0.38565975427627563,0.6490646004676819,-0.007528944406658411,0.37836629152297974,0.6532281041145325,-0.010323395021259785,0.3722321689128876,0.656719982624054,-0.012310527265071869,0.39942386746406555,0.6541118621826172,-0.005098997615277767,0.387386292219162,0.6654143333435059,-0.00824589654803276,0.37970221042633057,0.6721997261047363,-0.010777243413031101,0.37332019209861755,0.67794269323349,-0.01259524468332529,0.4036022126674652,0.6620376706123352,-0.006797341629862785,0.3929327428340912,0.6750667691230774,-0.01005235780030489,0.38582903146743774,0.6831989288330078,-0.012466417625546455,0.3795391023159027,0.6895661950111389,-0.0141478655859828,0.40989840030670166,0.6667320132255554,-0.008815481327474117,0.4049707353115082,0.6822907328605652,-0.012427447363734245,0.4010083079338074,0.6925641894340515,-0.014285448007285595,0.3971445560455322,0.7012291550636292,-0.015332839451730251
694,23.153651191969885,0,Right,0.8633928298950195,0.6076450943946838,0.6265491247177124,7.658285738898485e-08,0.616682231426239,0.614479660987854,-0.0020502081606537104,0.6283185482025146,0.6104159951210022,-0.0031654303893446922,0.6367073655128479,0.6087934374809265,-0.0044044009409844875,0.6436834931373596,0.6067977547645569,-0.005645580589771271,0.6389879584312439,0.6326044797897339,-0.0013715993845835328,0.6500793099403381,0.6391420364379883,-0.00395602360367775,0.6567976474761963,0.6442990303039551,-0.006267529912292957,0.6620370149612427,0.6487128138542175,-0.007976876571774483,0.6370198726654053,0.6429154276847839,-0.0028723417781293392,0.6482750773429871,0.6550686955451965,-0.005001108627766371,0.6551022529602051,0.662859320640564,-0.007141041569411755,0.6603370308876038,0.6693176031112671,-0.008681664243340492,0.6328027248382568,0.6508597135543823,-0.004850560799241066,0.6433650255203247,0.6637057662010193,-0.007599602919071913,0.649608314037323,0.6712939739227295,-0.009615741670131683,0.6549763083457947,0.6775004267692566,-0.011058970354497433,0.6264241337776184,0.6564673781394958,-0.0070356810465455055,0.631643533706665,0.6708971261978149,-0.009958098642528057,0.6353588700294495,0.6801781058311462,-0.011177279986441135,0.6387977600097656,0.6881212592124939,-0.011869262903928757
694,23.153651191969885,1,Left,0.9743471741676331,0.4278096556663513,0.6362645030021667,5.444506712137809e-08,0.41801154613494873,0.6260374188423157,-0.003264925442636013,0.40661385655403137,0.6245234608650208,-0.004888584837317467,0.39759722352027893,0.6258460283279419,-0.00655768858268857,0.39015236496925354,0.6259389519691467,-0.00831134058535099,0.39801615476608276,0.6481970548629761,-0.003797251731157303,0.38628432154655457,0.6550796031951904,-0.007324250880628824,0.3791395425796509,0.6593042612075806,-0.009980043396353722,0.37309885025024414,0.6628778576850891,-0.011881539598107338,0.40008801221847534,0.6590960025787354,-0.004975409246981144,0.3884216248989105,0.6719302535057068,-0.00802148599177599,0.38099634647369385,0.679585337638855,-0.010507321916520596,0.3750051259994507,0.6860892176628113,-0.012307423166930676,0.404493510723114,0.6663566827774048,-0.00662532914429903,0.39455822110176086,0.6803774237632751,-0.009775427170097828,0.38755059242248535,0.6890811920166016,-0.01225341111421585,0.3812790513038635,0.6960088014602661,-0.014012877829372883,0.4109378457069397,0.67020183801651,-0.00859776046127081,0.40667101740837097,0.6860922574996948,-0.01214382890611887,0.40298599004745483,0.696829617023468,-0.01406809315085411,0.3993469476699829,0.7060259580612183,-0.015198305249214172
695,23.18701380175659,0,Right,0.9269641041755676,0.6075811386108398,0.6285474896430969,7.229238718764464e-08,0.6171666383743286,0.6176249980926514,-0.0020943402778357267,0.6290137767791748,0.6150983572006226,-0.0032331522088497877,0.6375723481178284,0.6147937178611755,-0.004522761795669794,0.6448245048522949,0.6140727996826172,-0.005855856463313103,0.6386473178863525,0.6385741233825684,-0.0014098011888563633,0.649078369140625,0.6460604667663574,-0.004204025492072105,0.6556381583213806,0.651386022567749,-0.006690321024507284,0.6608585119247437,0.6560260057449341,-0.008545434102416039,0.6363980770111084,0.6482937335968018,-0.0030090457294136286,0.6470971703529358,0.6615833640098572,-0.0053736069239676,0.6538525223731995,0.6701046824455261,-0.007762485649436712,0.659151554107666,0.6773097515106201,-0.009492689743638039,0.6319596171379089,0.6554312109947205,-0.005103546194732189,0.6420183777809143,0.6695526242256165,-0.008101456798613071,0.6481563448905945,0.6780563592910767,-0.01040706504136324,0.6534621119499207,0.6852664351463318,-0.012045851908624172,0.6254794597625732,0.6600059866905212,-0.007408808916807175,0.6300795078277588,0.6754100918769836,-0.010626984760165215,0.6334995627403259,0.6857545375823975,-0.012134390883147717,0.636603593826294,0.6947377920150757,-0.013031364418566227
695,23.18701380175659,1,Left,0.9707738161087036,0.42769289016723633,0.6392066478729248,5.811433112512532e-08,0.41763365268707275,0.6294637322425842,-0.003487765323370695,0.4063628911972046,0.6289117932319641,-0.005328528583049774,0.39732250571250916,0.6310291886329651,-0.007137663662433624,0.38976559042930603,0.6316586136817932,-0.009038499556481838,0.3979400396347046,0.6526505351066589,-0.004434566013514996,0.38611212372779846,0.6609764695167542,-0.008100615814328194,0.3789575397968292,0.6661291718482971,-0.0107828164473176,0.3729577660560608,0.6704717874526978,-0.012676844373345375,0.40048617124557495,0.6633979082107544,-0.0055115846917033195,0.3889927864074707,0.6772094964981079,-0.008652432821691036,0.38165974617004395,0.6851987838745117,-0.01114247739315033,0.3757593035697937,0.6919177174568176,-0.012948276475071907,0.4052695333957672,0.6702153086662292,-0.0070440806448459625,0.3957013189792633,0.6848781108856201,-0.010286374017596245,0.38883522152900696,0.6940685510635376,-0.012820987962186337,0.3827514052391052,0.7013756036758423,-0.014614369720220566,0.41192564368247986,0.6734948754310608,-0.008894254453480244,0.4079774022102356,0.689674973487854,-0.012525273486971855,0.40460070967674255,0.7006329894065857,-0.014505065977573395,0.4012860357761383,0.7100305557250977,-0.015665143728256226
696,23.22037641154329,0,Right,0.9142802357673645,0.607725203037262,0.6299576759338379,7.926977474426167e-08,0.6177341938018799,0.6204216480255127,-0.0022328312043100595,0.6299642324447632,0.6201962232589722,-0.003513153176754713,0.6388824582099915,0.6212258338928223,-0.0048620812594890594,0.6465067267417908,0.6209251880645752,-0.006274868734180927,0.6383710503578186,0.6444636583328247,-0.0022371169179677963,0.648988664150238,0.6537047624588013,-0.005187937058508396,0.655610203742981,0.6602369546890259,-0.0076996986754238605,0.6609333157539368,0.6657954454421997,-0.009581907652318478,0.6355385184288025,0.6536009907722473,-0.0038227851036936045,0.6460710763931274,0.6687991619110107,-0.006296180654317141,0.6526607871055603,0.6784378290176392,-0.008616989478468895,0.6577558517456055,0.6864059567451477,-0.010301460511982441,0.6305447816848755,0.6596952676773071,-0.005859551019966602,0.6403679847717285,0.6756819486618042,-0.008961889892816544,0.6463747620582581,0.685139000415802,-0.01126536913216114,0.6515583395957947,0.693084716796875,-0.012923356145620346,0.6235900521278381,0.662775993347168,-0.008090790361166,0.6274117827415466,0.6786870360374451,-0.011510982178151608,0.6304087042808533,0.6891859769821167,-0.013120639137923717,0.6331777572631836,0.6982959508895874,-0.01408220175653696
696,23.22037641154329,1,Left,0.9546770453453064,0.42844951152801514,0.6422356963157654,5.782759515682301e-08,0.4179776608943939,0.6325319409370422,-0.003259182907640934,0.4065837264060974,0.6326135396957397,-0.004960937425494194,0.39740145206451416,0.6354397535324097,-0.006668218411505222,0.3896917998790741,0.6365495324134827,-0.008477935567498207,0.3990582227706909,0.6575158834457397,-0.0042279548943042755,0.3872600197792053,0.6664798259735107,-0.0077843330800533295,0.3801173269748688,0.6721643805503845,-0.010335665196180344,0.3742005527019501,0.676916778087616,-0.012155518867075443,0.401744544506073,0.6680626273155212,-0.005350142251700163,0.39026111364364624,0.6821637749671936,-0.008418542332947254,0.38298022747039795,0.6906682252883911,-0.010832522064447403,0.37714171409606934,0.6977759599685669,-0.012577633373439312,0.4065764546394348,0.6746887564659119,-0.00690167210996151,0.39694786071777344,0.6901243329048157,-0.01012555230408907,0.39022430777549744,0.6997867226600647,-0.012602808885276318,0.3841811418533325,0.7074939608573914,-0.014350103214383125,0.4132252335548401,0.6777116060256958,-0.008731668815016747,0.40971308946609497,0.6943475008010864,-0.012376761995255947,0.406480610370636,0.7054569721221924,-0.0143340565264225,0.40321874618530273,0.7149024605751038,-0.015464087948203087
697,23.253739021329988,0,Right,0.9124494791030884,0.606777548789978,0.6330872178077698,8.042781018957612e-08,0.6172319054603577,0.6246461272239685,-0.0025658062659204006,0.6292486190795898,0.6257734298706055,-0.0041413381695747375,0.6380765438079834,0.6276942491531372,-0.005754256155341864,0.6458637714385986,0.6284551620483398,-0.007437253370881081,0.6372247338294983,0.6499549150466919,-0.0027221133932471275,0.6476412415504456,0.6613262295722961,-0.005979036446660757,0.6543182134628296,0.6684756875038147,-0.008662093430757523,0.6597080230712891,0.674274206161499,-0.01065612118691206,0.6340480446815491,0.6583312749862671,-0.004306688904762268,0.6438887715339661,0.6751304268836975,-0.007126628886908293,0.6501826643943787,0.6854254603385925,-0.00969653483480215,0.6550185084342957,0.6938276886940002,-0.011530021205544472,0.6287121176719666,0.6633812785148621,-0.00634807301685214,0.6377827525138855,0.6808675527572632,-0.009715563617646694,0.6434498429298401,0.6910072565078735,-0.012129868380725384,0.6484222412109375,0.6996744871139526,-0.01386786438524723,0.6214771270751953,0.6652715802192688,-0.008597592823207378,0.6244251728057861,0.6815133094787598,-0.012279964983463287,0.6269491314888,0.6923644542694092,-0.013926812447607517,0.6293436288833618,0.7020251750946045,-0.014890805818140507
697,23.253739021329988,1,Left,0.9561503529548645,0.42918869853019714,0.6441428661346436,5.765713950722784e-08,0.41853493452072144,0.6352359056472778,-0.0032688803039491177,0.4072367548942566,0.6364821791648865,-0.004979677498340607,0.3979381024837494,0.639747679233551,-0.006744694896042347,0.39007142186164856,0.641385018825531,-0.008625932969152927,0.3997128903865814,0.6627098321914673,-0.0039476994425058365,0.3881893455982208,0.6724314093589783,-0.007543147541582584,0.38115769624710083,0.6782694458961487,-0.010249961167573929,0.37522953748703003,0.6831812262535095,-0.012211184948682785,0.40262749791145325,0.6727465987205505,-0.005167870782315731,0.3915995955467224,0.6879891753196716,-0.008221658878028393,0.3845212459564209,0.6972275972366333,-0.01078348234295845,0.37883520126342773,0.7049890756607056,-0.012667209841310978,0.4077436029911041,0.6786086559295654,-0.006844444200396538,0.3985946774482727,0.6949375867843628,-0.010078287683427334,0.39228495955467224,0.7054097652435303,-0.012683035805821419,0.3866027295589447,0.7137976288795471,-0.014538816176354885,0.41470465064048767,0.6806653141975403,-0.008819377049803734,0.411907434463501,0.6976721286773682,-0.012558157555758953,0.4091513454914093,0.7093412280082703,-0.014638055115938187,0.4063301384449005,0.7192961573600769,-0.015850581228733063
698,23.287101631116688,0,Right,0.9259411096572876,0.6064966917037964,0.6341851353645325,8.539989693190364e-08,0.6176879405975342,0.6274985671043396,-0.0024350883904844522,0.6298267841339111,0.6305705904960632,-0.004061954561620951,0.6386700868606567,0.6335360407829285,-0.0057234144769608974,0.6464250087738037,0.6355887055397034,-0.007503049913793802,0.6357700824737549,0.6553247570991516,-0.003452868666499853,0.6461558938026428,0.6680487990379333,-0.006955759599804878,0.6527583003044128,0.6760163307189941,-0.009680832736194134,0.6580844521522522,0.6826540231704712,-0.011676924303174019,0.6320847868919373,0.6631274223327637,-0.005110564175993204,0.6416695713996887,0.6811481714248657,-0.00819405447691679,0.6477006673812866,0.6923543214797974,-0.010793888010084629,0.6522197127342224,0.7016859650611877,-0.012632100842893124,0.6263877153396606,0.6674798130989075,-0.007158650550991297,0.6348733305931091,0.6860654950141907,-0.010792921297252178,0.6402817368507385,0.6972275972366333,-0.013344291597604752,0.6449179649353027,0.7069008946418762,-0.01514741126447916,0.6189205646514893,0.6685361266136169,-0.00936428364366293,0.6213767528533936,0.6854110956192017,-0.013361694291234016,0.6234792470932007,0.6968722343444824,-0.015185168012976646,0.6254242658615112,0.7070758938789368,-0.016234297305345535
698,23.287101631116688,1,Left,0.9701487421989441,0.42988818883895874,0.646026611328125,5.3934780197550936e-08,0.4185389280319214,0.638378381729126,-0.0035003104712814093,0.4069821536540985,0.6406110525131226,-0.005389221478253603,0.39789286255836487,0.6451332569122314,-0.0072699966840445995,0.3900410532951355,0.6477125287055969,-0.009277616627514362,0.40075409412384033,0.6662405729293823,-0.004566570743918419,0.3894478380680084,0.6778513193130493,-0.008497831411659718,0.38249367475509644,0.6845370531082153,-0.011359957978129387,0.37652578949928284,0.6900777816772461,-0.01339635904878378,0.40412595868110657,0.6758224964141846,-0.005807698238641024,0.3934849798679352,0.6926813721656799,-0.009209590964019299,0.38657134771347046,0.7026618123054504,-0.011892133392393589,0.38092097640037537,0.7109637260437012,-0.013841974548995495,0.4095090627670288,0.6811302304267883,-0.007523769047111273,0.40077003836631775,0.6982330083847046,-0.011084534227848053,0.3943715989589691,0.708993136882782,-0.01379456277936697,0.3885175287723541,0.7177063226699829,-0.01570773869752884,0.41653499007225037,0.6826605200767517,-0.00954762939363718,0.4139382541179657,0.7000383734703064,-0.01355036348104477,0.4113789200782776,0.7119425535202026,-0.015713602304458618,0.4087321162223816,0.7223449945449829,-0.01699172705411911
699,23.320464240903387,0,Right,0.9170984625816345,0.6059760451316833,0.6356182098388672,8.907389315027103e-08,0.6176366806030273,0.6310907602310181,-0.0024916313122957945,0.6296631693840027,0.6359515190124512,-0.004287293646484613,0.6382541656494141,0.6402974128723145,-0.006107657216489315,0.6458694338798523,0.6439880728721619,-0.008072412572801113,0.6339309215545654,0.6605156660079956,-0.004120720084756613,0.6440313458442688,0.6748841404914856,-0.007955259643495083,0.6504107117652893,0.6841582655906677,-0.01080383826047182,0.6554890871047974,0.691855788230896,-0.012841791845858097,0.6298271417617798,0.667521059513092,-0.005914615001529455,0.6386082768440247,0.6871195435523987,-0.009310179390013218,0.644189178943634,0.699672520160675,-0.011994185857474804,0.6483132839202881,0.7100902199745178,-0.013853590004146099,0.6237663626670837,0.6706972122192383,-0.008078023791313171,0.6314334273338318,0.6905017495155334,-0.0119688231498003,0.6364611387252808,0.7022125720977783,-0.014521188102662563,0.640781044960022,0.712331235408783,-0.016298159956932068,0.6159917712211609,0.6704381108283997,-0.010379319079220295,0.6176268458366394,0.6875253915786743,-0.014524322934448719,0.6192361116409302,0.6990391612052917,-0.01624678634107113,0.6207694411277771,0.7092715501785278,-0.01720568723976612
699,23.320464240903387,1,Left,0.9664627313613892,0.43080127239227295,0.647427499294281,5.129743030352074e-08,0.4190308749675751,0.6409180164337158,-0.0031640806701034307,0.40729954838752747,0.645174503326416,-0.00476413918659091,0.398110955953598,0.6505027413368225,-0.006401279475539923,0.3903736472129822,0.6535261869430542,-0.008209696970880032,0.4022092819213867,0.6707677841186523,-0.004402865190058947,0.3909820318222046,0.6836645007133484,-0.008109311573207378,0.38423457741737366,0.6916201114654541,-0.010781388729810715,0.3786456286907196,0.6984530687332153,-0.012720918282866478,0.40608933568000793,0.6799754500389099,-0.005741349421441555,0.39578014612197876,0.6977270841598511,-0.009000029414892197,0.3891583979129791,0.7086292505264282,-0.011620928533375263,0.38382989168167114,0.717860221862793,-0.013539846055209637,0.41176772117614746,0.6847604513168335,-0.007489768788218498,0.40319615602493286,0.702666699886322,-0.01087117474526167,0.3971823751926422,0.7141167521476746,-0.013473008759319782,0.3917374908924103,0.7235511541366577,-0.01535271666944027,0.41892948746681213,0.6856427788734436,-0.009512988850474358,0.41685187816619873,0.7033179998397827,-0.013399295508861542,0.41456693410873413,0.715520977973938,-0.015478416346013546,0.4121643304824829,0.7260957360267639,-0.016701608896255493
700,23.353826850690087,0,Right,0.8778972625732422,0.6050354838371277,0.6382429003715515,8.957212571658602e-08,0.6169203519821167,0.6351459622383118,-0.002756208647042513,0.6288133263587952,0.6416945457458496,-0.004614453762769699,0.6375853419303894,0.64783775806427,-0.006426522042602301,0.6454355120658875,0.6524227261543274,-0.008368011564016342,0.6318251490592957,0.6663466691970825,-0.004528079181909561,0.6413284540176392,0.6821709871292114,-0.008413564413785934,0.6473203301429749,0.6922828555107117,-0.011294400319457054,0.6522012948989868,0.7007238268852234,-0.013397905975580215,0.6274095177650452,0.6727244853973389,-0.006215044762939215,0.6351385116577148,0.6937352418899536,-0.009655254893004894,0.6401352286338806,0.706904411315918,-0.012343675829470158,0.643964946269989,0.717922568321228,-0.014275378547608852,0.6213029623031616,0.6748607754707336,-0.008281840942800045,0.6276212930679321,0.6958314180374146,-0.01226850226521492,0.6316967606544495,0.7083210945129395,-0.0148310586810112,0.6352595686912537,0.7192069888114929,-0.016642838716506958,0.6137346029281616,0.6732974648475647,-0.010510089807212353,0.6143799424171448,0.6905747652053833,-0.01483058463782072,0.6150999069213867,0.7022768259048462,-0.0166355948895216,0.615837812423706,0.7127543687820435,-0.017662638798356056
700,23.353826850690087,1,Left,0.9647912383079529,0.4318007528781891,0.6491430997848511,5.520350043752842e-08,0.41968169808387756,0.6441226601600647,-0.0030899797566235065,0.4080958366394043,0.6493064165115356,-0.004788566846400499,0.3989572525024414,0.6549360752105713,-0.006545975338667631,0.39118704199790955,0.658184826374054,-0.00850231759250164,0.40392178297042847,0.67471843957901,-0.004710230510681868,0.39308491349220276,0.6886062622070312,-0.008639910258352757,0.38642755150794983,0.6965781450271606,-0.011396345682442188,0.38078102469444275,0.7033177018165588,-0.013351899571716785,0.4080579876899719,0.6830897927284241,-0.006158978678286076,0.3982834815979004,0.7018322348594666,-0.009580458514392376,0.39168378710746765,0.7131145596504211,-0.012288752011954784,0.3863356113433838,0.7226772308349609,-0.014270707033574581,0.4139375686645508,0.6868666410446167,-0.008005076088011265,0.4063836336135864,0.705331563949585,-0.01154800783842802,0.4008018672466278,0.7172012329101562,-0.01428014412522316,0.3956010341644287,0.7271482348442078,-0.016244731843471527,0.42114201188087463,0.68658447265625,-0.010108042508363724,0.4197219908237457,0.7036839127540588,-0.014125330373644829,0.41799071431159973,0.7157667875289917,-0.01626543328166008,0.41608041524887085,0.7265191674232483,-0.0175422802567482
701,23.387189460476787,0,Right,0.9055652022361755,0.6041056513786316,0.6392867565155029,8.952573438136824e-08,0.6160804629325867,0.6384042501449585,-0.0025244916323572397,0.6276559829711914,0.646711528301239,-0.004292837809771299,0.6360560059547424,0.6536989212036133,-0.006076364777982235,0.6436350345611572,0.659096360206604,-0.00798804685473442,0.6292294859886169,0.6711711287498474,-0.004112930037081242,0.6379194259643555,0.6880813241004944,-0.00789687316864729,0.6434160470962524,0.6987773776054382,-0.010649493895471096,0.6478044390678406,0.7076137065887451,-0.012643069960176945,0.6246633529663086,0.6767716407775879,-0.0059418631717562675,0.6316474676132202,0.6989347338676453,-0.00931894313544035,0.6362293362617493,0.7129514217376709,-0.011994341388344765,0.6395885944366455,0.7244905829429626,-0.013882501982152462,0.6184943318367004,0.6780472993850708,-0.008142794482409954,0.6241601705551147,0.6997711062431335,-0.012143249623477459,0.6277661323547363,0.7128779888153076,-0.014734286814928055,0.6308441758155823,0.7242641448974609,-0.016523273661732674,0.6108739376068115,0.6755551099777222,-0.010482626967132092,0.6108521819114685,0.693052351474762,-0.014792903326451778,0.6109665036201477,0.7049469947814941,-0.016549617052078247,0.6110695600509644,0.7154634594917297,-0.01752576045691967
701,23.387189460476787,1,Left,0.9591192603111267,0.43268415331840515,0.6488915681838989,5.5841784529775396e-08,0.4201914668083191,0.6450771689414978,-0.003613355802372098,0.4089462459087372,0.6521611213684082,-0.005564579740166664,0.4000091850757599,0.6598355174064636,-0.00745928892865777,0.3922397792339325,0.6649416089057922,-0.009565635584294796,0.40586328506469727,0.6774685978889465,-0.005495863500982523,0.39573168754577637,0.6933475732803345,-0.009739619679749012,0.3895612955093384,0.7028064131736755,-0.012663385830819607,0.3842610716819763,0.7107449173927307,-0.014736520126461983,0.41043099761009216,0.6852856278419495,-0.006734568625688553,0.4014459550380707,0.7053455114364624,-0.010442798025906086,0.395063191652298,0.7175011038780212,-0.013303369283676147,0.3897656798362732,0.7275289297103882,-0.01534312590956688,0.41668209433555603,0.6879246830940247,-0.008374129422008991,0.4098699390888214,0.7078608870506287,-0.012181557714939117,0.4046855568885803,0.7207667827606201,-0.01501064095646143,0.3996860384941101,0.7315352559089661,-0.017020292580127716,0.42399492859840393,0.6860230565071106,-0.010298537090420723,0.42334651947021484,0.7026243805885315,-0.014664111658930779,0.4220805764198303,0.714732825756073,-0.016954641789197922,0.4206041991710663,0.725488543510437,-0.018267543986439705
702,23.420552070263486,0,Right,0.9238927364349365,0.6030462980270386,0.640407919883728,9.01286441035154e-08,0.6150375008583069,0.6410734057426453,-0.0025799276772886515,0.6264147758483887,0.6513320207595825,-0.004342764150351286,0.6345487236976624,0.6596420407295227,-0.006090069189667702,0.6420231461524963,0.6658250689506531,-0.007990661077201366,0.6269341707229614,0.6749585270881653,-0.004643983673304319,0.635116457939148,0.6929793953895569,-0.008516402915120125,0.6404438614845276,0.7043642997741699,-0.01128296833485365,0.6447983384132385,0.7136737704277039,-0.013283336535096169,0.621935248374939,0.679864764213562,-0.0064692446030676365,0.6279588937759399,0.7025187015533447,-0.009976993314921856,0.6319205164909363,0.7168003916740417,-0.012642416171729565,0.6348422765731812,0.728428304195404,-0.014502987265586853,0.615549623966217,0.6802173256874084,-0.008638620376586914,0.6203204393386841,0.7021517157554626,-0.012785091064870358,0.623721182346344,0.7156685590744019,-0.015457011759281158,0.6266604661941528,0.7275055646896362,-0.017287569120526314,0.6080161929130554,0.6766512989997864,-0.010925641283392906,0.6073291897773743,0.6943092346191406,-0.015369975008070469,0.6068218946456909,0.7062771320343018,-0.017165519297122955,0.6063350439071655,0.7168031930923462,-0.018149780109524727
702,23.420552070263486,1,Left,0.9575756192207336,0.43332719802856445,0.6484001278877258,5.214535647724006e-08,0.42094895243644714,0.6466252207756042,-0.003583160461857915,0.40995487570762634,0.655630886554718,-0.005660300143063068,0.40101131796836853,0.6642293334007263,-0.00764315715059638,0.39330899715423584,0.6702108979225159,-0.009879352524876595,0.407701700925827,0.6801486611366272,-0.00622942578047514,0.39836010336875916,0.6974582076072693,-0.010651977732777596,0.392647922039032,0.7075691223144531,-0.013614064082503319,0.38761043548583984,0.7164140343666077,-0.015756845474243164,0.4127500355243683,0.6870198249816895,-0.007620479445904493,0.4050716459751129,0.7089251279830933,-0.011562555097043514,0.39961034059524536,0.7222598195075989,-0.014441253617405891,0.39501211047172546,0.7336691617965698,-0.016538020223379135,0.41934657096862793,0.6883671283721924,-0.009366226382553577,0.4139218032360077,0.7090307474136353,-0.013369951397180557,0.40946707129478455,0.7224282026290894,-0.01608414202928543,0.40503570437431335,0.7342036962509155,-0.018049001693725586,0.426745742559433,0.6850004196166992,-0.011387459933757782,0.4269660413265228,0.7018876671791077,-0.015853041782975197,0.42624545097351074,0.7139853835105896,-0.018070172518491745,0.4251168370246887,0.7251315712928772,-0.019384101033210754
703,23.45391468005019,0,Right,0.8976645469665527,0.6017175316810608,0.6408164501190186,8.576890309086593e-08,0.6137006282806396,0.6435372829437256,-0.0023906307760626078,0.62474524974823,0.6549456715583801,-0.004136240109801292,0.6328017115592957,0.6639640927314758,-0.005896416958421469,0.6401157975196838,0.6710928678512573,-0.007744042668491602,0.6244720816612244,0.6778518557548523,-0.004381588194519281,0.6320276260375977,0.6963388323783875,-0.008190687745809555,0.6369534730911255,0.7078374624252319,-0.010829025879502296,0.6409845948219299,0.7173120379447937,-0.012748642824590206,0.6193878650665283,0.681908130645752,-0.006266947835683823,0.6247988939285278,0.70476233959198,-0.009734326042234898,0.6281980276107788,0.7196676135063171,-0.012244175188243389,0.63060063123703,0.7317396402359009,-0.013999397866427898,0.6129685044288635,0.6814948916435242,-0.008508220314979553,0.6168543100357056,0.7035297155380249,-0.012539059855043888,0.6196311116218567,0.7172141671180725,-0.014914925210177898,0.6220942139625549,0.7291682958602905,-0.016533365473151207,0.6053951978683472,0.6772967576980591,-0.010873721912503242,0.6041482090950012,0.6945473551750183,-0.015051975846290588,0.6035914421081543,0.7063829898834229,-0.016666444018483162,0.6031866669654846,0.7168866991996765,-0.01756279729306698
703,23.45391468005019,1,Left,0.9545614123344421,0.4339365065097809,0.647849440574646,5.736658081900714e-08,0.42161789536476135,0.6477602124214172,-0.003658074652776122,0.4111012816429138,0.6574227809906006,-0.005945674609392881,0.4025964140892029,0.6668944954872131,-0.008082486689090729,0.39503711462020874,0.6736746430397034,-0.01048928964883089,0.4098711907863617,0.6821722388267517,-0.006753787398338318,0.40105220675468445,0.700791597366333,-0.011430650018155575,0.3954031467437744,0.7115352153778076,-0.014505422674119473,0.39043092727661133,0.7205425500869751,-0.01667330414056778,0.41515859961509705,0.6883760690689087,-0.008193820714950562,0.40804925560951233,0.711335301399231,-0.012292452156543732,0.40296462178230286,0.7253941297531128,-0.015261424705386162,0.3987150192260742,0.7370193600654602,-0.017391519621014595,0.42181816697120667,0.6888518333435059,-0.009958897717297077,0.41666555404663086,0.7105312347412109,-0.014094780199229717,0.41238653659820557,0.7248255610466003,-0.0169826652854681,0.4079884886741638,0.7372430562973022,-0.0190851092338562,0.42915213108062744,0.6844789981842041,-0.011965515092015266,0.4300538897514343,0.700875461101532,-0.01664152182638645,0.42975685000419617,0.7129696011543274,-0.018978958949446678,0.42893755435943604,0.7241445183753967,-0.020351197570562363
704,23.48727728983689,0,Right,0.8952257633209229,0.6008831262588501,0.642181396484375,8.9055731677945e-08,0.6127319931983948,0.6460571885108948,-0.0024116255808621645,0.6234288811683655,0.6585707068443298,-0.004191186744719744,0.6312037706375122,0.66829913854599,-0.005955916829407215,0.6382977366447449,0.6757683157920837,-0.007846100255846977,0.622434675693512,0.6808114647865295,-0.004886826034635305,0.6294707655906677,0.6995933651924133,-0.008852804079651833,0.6340466141700745,0.7114256024360657,-0.011560577899217606,0.6378436088562012,0.7213326692581177,-0.013530179858207703,0.6171134114265442,0.6844567060470581,-0.006829043384641409,0.6218566298484802,0.7078787684440613,-0.01048635970801115,0.6249551177024841,0.723147451877594,-0.0130717558786273,0.6271584033966064,0.7356306314468384,-0.014858038164675236,0.6106242537498474,0.6831954121589661,-0.009093747474253178,0.6140569448471069,0.7057366967201233,-0.013362951576709747,0.6166464686393738,0.7197206020355225,-0.01593545451760292,0.618882954120636,0.7321596741676331,-0.017651446163654327,0.6032012104988098,0.6779663562774658,-0.011453605256974697,0.6013250350952148,0.6950727701187134,-0.015935374423861504,0.600435733795166,0.7070746421813965,-0.01778743602335453,0.5997210741043091,0.7179319858551025,-0.01881743036210537
704,23.48727728983689,1,Left,0.9623597264289856,0.4351305067539215,0.6477136015892029,5.926191448679674e-08,0.4229935109615326,0.6482224464416504,-0.003790466347709298,0.4126392602920532,0.658682107925415,-0.006172234658151865,0.40426111221313477,0.6689627170562744,-0.008381468243896961,0.396717369556427,0.6765185594558716,-0.01086357794702053,0.4118589758872986,0.6834374666213989,-0.0070091537199914455,0.40321093797683716,0.7023462653160095,-0.011844719760119915,0.39764517545700073,0.7134960293769836,-0.015058154240250587,0.3928709328174591,0.7230520844459534,-0.017310043796896935,0.4171837270259857,0.6890614032745361,-0.00842193141579628,0.41057807207107544,0.7121806740760803,-0.012652675621211529,0.40575799345970154,0.7266938090324402,-0.015740782022476196,0.4018365144729614,0.7388669848442078,-0.017972402274608612,0.42382439970970154,0.6889120936393738,-0.010173309594392776,0.419342577457428,0.7105008959770203,-0.014451936818659306,0.41542309522628784,0.7249273061752319,-0.01744111441075802,0.4114575684070587,0.7375945448875427,-0.01958926022052765,0.43109461665153503,0.6840316653251648,-0.01216814573854208,0.4321459233760834,0.7003844380378723,-0.016980189830064774,0.43212172389030457,0.712632417678833,-0.019404644146561623,0.4316849410533905,0.7240648865699768,-0.02083182893693447
705,23.52063989962359,0,Right,0.8804572820663452,0.5991727709770203,0.6432852745056152,8.90385223328849e-08,0.6107710003852844,0.647067129611969,-0.002365574473515153,0.6211321949958801,0.6598950624465942,-0.004147208295762539,0.6286565065383911,0.6701539754867554,-0.0058797853998839855,0.6356133818626404,0.6776882410049438,-0.007756609469652176,0.620379626750946,0.6823014616966248,-0.005116507411003113,0.6270357966423035,0.7019228339195251,-0.0089744683355093,0.6313497424125671,0.7144503593444824,-0.011581293307244778,0.6348955035209656,0.7246342301368713,-0.01347424928098917,0.6149532794952393,0.6854774951934814,-0.007038080599159002,0.6192112565040588,0.7092652320861816,-0.0105858463793993,0.621778666973114,0.7247546911239624,-0.013125333935022354,0.623569130897522,0.7372810244560242,-0.014882925897836685,0.6083725690841675,0.6839146018028259,-0.009231695905327797,0.6115828156471252,0.7069849967956543,-0.01345339510589838,0.6137718558311462,0.7214657664299011,-0.01611345261335373,0.6156438589096069,0.7343576550483704,-0.017918497323989868,0.600923478603363,0.6784551739692688,-0.011487406678497791,0.5987240672111511,0.6953177452087402,-0.016027895733714104,0.5974614024162292,0.7070723176002502,-0.01792578212916851,0.5963757634162903,0.7177744507789612,-0.018984341993927956
705,23.52063989962359,1,Left,0.9611320495605469,0.43622347712516785,0.6470428109169006,5.7028533007041915e-08,0.4239022731781006,0.6481224298477173,-0.0036460119299590588,0.41355884075164795,0.6590504050254822,-0.005937262438237667,0.4054449200630188,0.6699212193489075,-0.008059186860918999,0.39795348048210144,0.6773888468742371,-0.01045006699860096,0.41330617666244507,0.6835249662399292,-0.006839764770120382,0.4050813615322113,0.7029572129249573,-0.011563744395971298,0.3997507691383362,0.7143800854682922,-0.014650433324277401,0.395157128572464,0.7239008545875549,-0.016803115606307983,0.418693870306015,0.6884034872055054,-0.00828514713793993,0.41254812479019165,0.7118498682975769,-0.012389234267175198,0.4079084098339081,0.7264315485954285,-0.015354054979979992,0.4040480852127075,0.7385540008544922,-0.01749337650835514,0.42525845766067505,0.6874758005142212,-0.01006723940372467,0.4213235676288605,0.7093950510025024,-0.014297440648078918,0.41788449883461,0.7240025997161865,-0.017233798280358315,0.41429808735847473,0.7367610335350037,-0.019342277199029922,0.4323463439941406,0.6818012595176697,-0.012077238410711288,0.43390002846717834,0.6980794668197632,-0.016870250925421715,0.434293270111084,0.7100600600242615,-0.019262874498963356,0.434141606092453,0.7212965488433838,-0.020674265921115875
706,23.55400250941029,0,Right,0.8470118045806885,0.598532497882843,0.6458224058151245,9.059627359420119e-08,0.6100516319274902,0.6507686972618103,-0.002417980460450053,0.6201978921890259,0.6645405888557434,-0.0041525824926793575,0.6275443434715271,0.6750103235244751,-0.005823550280183554,0.6343474388122559,0.6828874945640564,-0.007601493038237095,0.6187770366668701,0.6859272718429565,-0.0048317271284759045,0.6255205273628235,0.705504834651947,-0.008556131273508072,0.6297445297241211,0.7180920839309692,-0.011096293106675148,0.6330793499946594,0.7284399271011353,-0.012977862730622292,0.6132509708404541,0.6890020370483398,-0.006646170746535063,0.617007315158844,0.7126466631889343,-0.010125910863280296,0.6192920207977295,0.7276667356491089,-0.012631935067474842,0.6207823753356934,0.7398942112922668,-0.014385153539478779,0.6068107485771179,0.6871435642242432,-0.008750242181122303,0.6094178557395935,0.7104384899139404,-0.01287797000259161,0.6113552451133728,0.724463164806366,-0.01542624644935131,0.6129754781723022,0.7369927763938904,-0.01717173308134079,0.5997292399406433,0.6812288165092468,-0.010931359604001045,0.5971902012825012,0.6974483132362366,-0.015417595393955708,0.595884382724762,0.708939254283905,-0.01731938123703003,0.5947637557983398,0.7194972038269043,-0.018388746306300163
706,23.55400250941029,1,Left,0.9441131353378296,0.43757760524749756,0.6477986574172974,5.7733569036599874e-08,0.4252255856990814,0.6504257321357727,-0.0036877768579870462,0.4153338372707367,0.6622776389122009,-0.006017195526510477,0.407632052898407,0.6738830804824829,-0.00819186307489872,0.4001723825931549,0.6817622780799866,-0.010642590001225471,0.41567644476890564,0.6859320402145386,-0.00673915259540081,0.40778982639312744,0.7058904767036438,-0.011304940097033978,0.4029651880264282,0.717540442943573,-0.014229235239326954,0.3987169563770294,0.7273325324058533,-0.016336385160684586,0.42113274335861206,0.6903968453407288,-0.008162367157638073,0.41549569368362427,0.7144725322723389,-0.01226697489619255,0.411327987909317,0.7291434407234192,-0.01525790337473154,0.40787097811698914,0.7411141395568848,-0.017413387075066566,0.42765748500823975,0.6890425086021423,-0.009911181405186653,0.42392897605895996,0.711448609828949,-0.014277184382081032,0.4207160770893097,0.7263031005859375,-0.017343861982226372,0.417350172996521,0.7393860816955566,-0.01954931579530239,0.43458130955696106,0.6829112768173218,-0.011864537373185158,0.43648606538772583,0.6984735131263733,-0.016857372596859932,0.43720269203186035,0.7101205587387085,-0.01939690299332142,0.43747586011886597,0.721145510673523,-0.020892931148409843
707,23.58736511919699,0,Right,0.8280923962593079,0.5974685549736023,0.6475213766098022,9.056039118604531e-08,0.60903000831604,0.6530218124389648,-0.002600377192720771,0.6192833185195923,0.6673224568367004,-0.004457347095012665,0.6266432404518127,0.6784591674804688,-0.006218824535608292,0.6334486603736877,0.6866803169250488,-0.00805770792067051,0.6173356175422668,0.6883598566055298,-0.005094640422612429,0.623623251914978,0.7084840536117554,-0.008976119570434093,0.6275476813316345,0.7214922904968262,-0.011637835763394833,0.6306474804878235,0.7322944402694702,-0.013614690862596035,0.6117493510246277,0.6911302804946899,-0.006853514816612005,0.6152058839797974,0.7142857909202576,-0.010540617629885674,0.6173238754272461,0.7293522357940674,-0.013189710676670074,0.618760347366333,0.7417759895324707,-0.015073965303599834,0.6053609251976013,0.689067006111145,-0.008923199959099293,0.6077227592468262,0.7115908265113831,-0.013273467309772968,0.6097632646560669,0.7254595160484314,-0.01595502905547619,0.6115829944610596,0.7379407286643982,-0.017796102911233902,0.5983284115791321,0.6830116510391235,-0.011076175607740879,0.5953395366668701,0.6993408799171448,-0.01569351740181446,0.5938171744346619,0.7111940383911133,-0.017763007432222366,0.5925670266151428,0.7222406268119812,-0.018993891775608063
707,23.58736511919699,1,Left,0.9460787773132324,0.4392910599708557,0.6480714082717896,5.192741525661404e-08,0.42692866921424866,0.6513557434082031,-0.0036742754746228456,0.4168604910373688,0.663433313369751,-0.006055859383195639,0.40929773449897766,0.6752760410308838,-0.008263454772531986,0.4024079442024231,0.6844288110733032,-0.010783905163407326,0.41796305775642395,0.686377763748169,-0.007248121313750744,0.41081079840660095,0.7069963216781616,-0.012041266076266766,0.4061044752597809,0.7192888259887695,-0.015159218572080135,0.40184617042541504,0.7296693325042725,-0.01740735024213791,0.4235079288482666,0.6903903484344482,-0.008725880645215511,0.4188501834869385,0.7148271799087524,-0.013047832995653152,0.41496217250823975,0.7301761507987976,-0.01622829958796501,0.41158854961395264,0.7430406808853149,-0.018591618165373802,0.4299662411212921,0.688720703125,-0.010498246178030968,0.42707666754722595,0.7112002968788147,-0.015031957067549229,0.4242899417877197,0.7263165712356567,-0.01825898513197899,0.4214072525501251,0.7398437857627869,-0.02060799114406109,0.4366406798362732,0.6823050379753113,-0.012471883557736874,0.4390425682067871,0.6981019377708435,-0.017541194334626198,0.44026294350624084,0.7096906304359436,-0.020185420289635658,0.4410885274410248,0.7207086682319641,-0.021814750507473946
708,23.620727728983688,0,Right,0.7885448336601257,0.5965967774391174,0.6487674117088318,9.77925651568512e-08,0.6080494523048401,0.6547572016716003,-0.002447138074785471,0.6179364919662476,0.6695314645767212,-0.004352901596575975,0.6250344514846802,0.680987536907196,-0.006187694612890482,0.6317178010940552,0.6892049312591553,-0.008102573454380035,0.6157940626144409,0.6905084848403931,-0.005337391048669815,0.6219495534896851,0.7112091779708862,-0.009324457496404648,0.625678300857544,0.7247611284255981,-0.01192921120673418,0.6285758018493652,0.735807478427887,-0.01377896498888731,0.610223650932312,0.6928848028182983,-0.0071970927529037,0.6134682893753052,0.7177175283432007,-0.011004654690623283,0.6154712438583374,0.7339138388633728,-0.013616749085485935,0.6168175339698792,0.7467753887176514,-0.015380335971713066,0.603769838809967,0.6905685663223267,-0.00932745449244976,0.6060075759887695,0.7138630747795105,-0.013742608949542046,0.6079822182655334,0.7284570336341858,-0.01642524264752865,0.6097155809402466,0.7413186430931091,-0.018179159611463547,0.5966212749481201,0.6844515800476074,-0.011515318416059017,0.5935633182525635,0.7016920447349548,-0.016007645055651665,0.59194016456604,0.7141066789627075,-0.017960965633392334,0.5906611680984497,0.7254773378372192,-0.01908315159380436
708,23.620727728983688,1,Left,0.9285175800323486,0.4401080012321472,0.6481338143348694,5.2366520009172746e-08,0.42781350016593933,0.6525563597679138,-0.0031863334588706493,0.4179317355155945,0.6655349731445312,-0.005291423294693232,0.41050952672958374,0.6777438521385193,-0.007299327291548252,0.40369853377342224,0.686943769454956,-0.009598659351468086,0.4197714328765869,0.6873974800109863,-0.006657851859927177,0.4128088355064392,0.708041787147522,-0.011115625500679016,0.4083567261695862,0.7202872633934021,-0.013922673650085926,0.4043867290019989,0.7306306958198547,-0.01594391092658043,0.42531055212020874,0.6909857988357544,-0.00822596438229084,0.4207761883735657,0.7153363823890686,-0.012233516201376915,0.4170588552951813,0.7307923436164856,-0.015164298005402088,0.41397225856781006,0.7436883449554443,-0.017320962622761726,0.4316018521785736,0.6889011263847351,-0.010043689049780369,0.42937740683555603,0.7113512754440308,-0.014220060780644417,0.42682158946990967,0.7264889478683472,-0.017270302399992943,0.424084335565567,0.7399967908859253,-0.01951448805630207,0.43798595666885376,0.6820371150970459,-0.012031038291752338,0.44100421667099,0.6972807049751282,-0.01676131784915924,0.44244384765625,0.7086363434791565,-0.019286703318357468,0.44334331154823303,0.7194903492927551,-0.02084960602223873
709,23.654090338770388,0,Right,0.8476584553718567,0.5957894325256348,0.6504132151603699,9.538099021710877e-08,0.6071043014526367,0.6564772129058838,-0.0026227475609630346,0.6169191002845764,0.6707424521446228,-0.004595133941620588,0.6238886117935181,0.6822689175605774,-0.006460299715399742,0.6304282546043396,0.691365122795105,-0.00838965643197298,0.6146847605705261,0.6927531957626343,-0.005311925429850817,0.6203537583351135,0.7131295800209045,-0.009299062192440033,0.6240261793136597,0.7264962792396545,-0.0119353998452425,0.6269814372062683,0.7374661564826965,-0.013838761486113071,0.6090493202209473,0.695163369178772,-0.007083189208060503,0.6121231317520142,0.7192566990852356,-0.010836362838745117,0.6139564514160156,0.7354057431221008,-0.013441943563520908,0.61521977186203,0.7485963106155396,-0.015255695208907127,0.6026673913002014,0.692716121673584,-0.009174847044050694,0.6049264073371887,0.7154470086097717,-0.013635684736073017,0.6067869067192078,0.7300755977630615,-0.016405854374170303,0.6084155440330505,0.7431175112724304,-0.01824786886572838,0.5956041216850281,0.6863175630569458,-0.011332412250339985,0.5925275087356567,0.7031001448631287,-0.01593850553035736,0.5909019112586975,0.7153713703155518,-0.018044602125883102,0.5896143913269043,0.7268419861793518,-0.019295815378427505
709,23.654090338770388,1,Left,0.9407511949539185,0.44039151072502136,0.6474208235740662,5.3497615226660855e-08,0.42871108651161194,0.6533951163291931,-0.003287713276222348,0.419314980506897,0.6666370630264282,-0.005649656523019075,0.41196802258491516,0.678617000579834,-0.007932654581964016,0.4052351415157318,0.6881985664367676,-0.01049257256090641,0.42121395468711853,0.6878125071525574,-0.006868827156722546,0.41472896933555603,0.7093058824539185,-0.011486182920634747,0.4106144309043884,0.721973180770874,-0.014440727420151234,0.40682318806648254,0.732721745967865,-0.016586968675255775,0.426838219165802,0.6910312175750732,-0.00856054201722145,0.4229448139667511,0.7156442999839783,-0.012846854515373707,0.4195805788040161,0.7315731644630432,-0.01598069630563259,0.4167387783527374,0.7447748780250549,-0.018304305151104927,0.4332209825515747,0.6887617111206055,-0.010526059195399284,0.43134593963623047,0.7113885283470154,-0.015012495219707489,0.42882809042930603,0.7265011668205261,-0.018142998218536377,0.4261173605918884,0.7398414611816406,-0.0203955490142107,0.43970441818237305,0.6819879412651062,-0.012658920139074326,0.4429168999195099,0.6982226371765137,-0.017685914412140846,0.44451314210891724,0.7102813124656677,-0.02029813453555107,0.4456048309803009,0.7217748761177063,-0.021894382312893867
710,23.687452948557087,0,Right,0.8409616351127625,0.594997227191925,0.6522732973098755,9.746375440045085e-08,0.6063028573989868,0.6580823659896851,-0.002809658646583557,0.6161600351333618,0.67204350233078,-0.004925747402012348,0.6231689453125,0.6836516857147217,-0.006889432668685913,0.6298757791519165,0.6922023296356201,-0.008946883492171764,0.6139041185379028,0.6941334009170532,-0.005716856103390455,0.6196009516716003,0.714645266532898,-0.009857147932052612,0.6233490109443665,0.7282067537307739,-0.01263283472508192,0.626387357711792,0.7394980192184448,-0.014635588973760605,0.6081900596618652,0.6966657638549805,-0.007441858295351267,0.6112556457519531,0.7209562063217163,-0.011275242082774639,0.6132140755653381,0.7371927499771118,-0.013951689004898071,0.6145974397659302,0.7505037784576416,-0.01582287810742855,0.6018198728561401,0.6942748427391052,-0.009478258900344372,0.6040949821472168,0.717380166053772,-0.013985391706228256,0.6059542298316956,0.7323041558265686,-0.016822338104248047,0.6075581908226013,0.7454830408096313,-0.018724799156188965,0.5948253870010376,0.6878596544265747,-0.011593678034842014,0.5916789770126343,0.7046720385551453,-0.016282623633742332,0.589949369430542,0.7167290449142456,-0.018434662371873856,0.5885897278785706,0.7278751730918884,-0.019714849069714546
710,23.687452948557087,1,Left,0.9420311450958252,0.4409618079662323,0.6483873724937439,5.929759794298661e-08,0.42931947112083435,0.6540478467941284,-0.00358227314427495,0.42007705569267273,0.6674032807350159,-0.0061353216879069805,0.41291308403015137,0.6799402832984924,-0.008515219204127789,0.4060497283935547,0.6894568800926208,-0.011150128208100796,0.42213672399520874,0.688893735408783,-0.007321385201066732,0.4158277213573456,0.7106302380561829,-0.012080658227205276,0.4117506444454193,0.723505437374115,-0.015104113146662712,0.4080744683742523,0.7343754768371582,-0.017266560345888138,0.4280339181423187,0.6921693086624146,-0.008857810869812965,0.4243616461753845,0.7165476083755493,-0.013182512484490871,0.4213152825832367,0.7324053645133972,-0.016235779970884323,0.4187034070491791,0.7456055283546448,-0.018502898514270782,0.4346359372138977,0.6897833943367004,-0.010686163790524006,0.4327555298805237,0.7119699716567993,-0.015167311765253544,0.4305742084980011,0.7268522381782532,-0.01813763566315174,0.42811402678489685,0.7400422096252441,-0.020289350301027298,0.4412796199321747,0.6827871799468994,-0.012702470645308495,0.44455862045288086,0.6986780762672424,-0.017728419974446297,0.44629213213920593,0.7104070782661438,-0.02022974193096161,0.4474463164806366,0.7217085361480713,-0.021739846095442772
711,23.72081555834379,0,Right,0.827538788318634,0.5943508744239807,0.6529873013496399,9.69115703242096e-08,0.6056505441665649,0.6583722829818726,-0.0028490612749010324,0.6156140565872192,0.6722413301467896,-0.00494323018938303,0.6226369738578796,0.6838627457618713,-0.006871140096336603,0.6294141411781311,0.6919307708740234,-0.008894057013094425,0.6133888363838196,0.694685161113739,-0.005586683750152588,0.6191878914833069,0.7152227759361267,-0.009585211053490639,0.6230348944664001,0.7285755276679993,-0.012268331833183765,0.6262019872665405,0.739618718624115,-0.01420949213206768,0.6078063249588013,0.6972286701202393,-0.007246103137731552,0.6109906435012817,0.7217010855674744,-0.01094128843396902,0.6129388213157654,0.73792964220047,-0.013519692234694958,0.6143028736114502,0.7512034177780151,-0.015317322686314583,0.6014542579650879,0.6949812769889832,-0.00922238640487194,0.6038634777069092,0.718375563621521,-0.013598985970020294,0.6056702733039856,0.7331345081329346,-0.016339978203177452,0.6071912050247192,0.7460815906524658,-0.01817644201219082,0.5944180488586426,0.6887625455856323,-0.011288858950138092,0.5914613604545593,0.7056068181991577,-0.015841983258724213,0.5897685289382935,0.7175387144088745,-0.01788846217095852,0.5884163975715637,0.7285347580909729,-0.01909865438938141
711,23.72081555834379,1,Left,0.9540969729423523,0.44180041551589966,0.6487687230110168,6.128902185764673e-08,0.4300236701965332,0.6542442440986633,-0.003909803461283445,0.4205275774002075,0.6670187711715698,-0.006628674920648336,0.4133475124835968,0.6794543862342834,-0.009107456542551517,0.4067302942276001,0.6897595524787903,-0.011826399713754654,0.4229201376438141,0.6892886757850647,-0.007495414931327105,0.41669055819511414,0.7106685042381287,-0.012480339035391808,0.41244152188301086,0.723567008972168,-0.015739979222416878,0.40854156017303467,0.7343155741691589,-0.018029483035206795,0.42876479029655457,0.6925386786460876,-0.008921385742723942,0.4252927899360657,0.7170767784118652,-0.01334606297314167,0.4221637547016144,0.7327478528022766,-0.01651908829808235,0.41937291622161865,0.7457842230796814,-0.018853161484003067,0.4352617561817169,0.6899997591972351,-0.010686087422072887,0.4334025979042053,0.7122832536697388,-0.015234383754432201,0.43117502331733704,0.7270621657371521,-0.018258465453982353,0.4286562204360962,0.7402461171150208,-0.020424533635377884,0.441733181476593,0.6828453540802002,-0.012672734446823597,0.44515249133110046,0.6988655924797058,-0.017763476818799973,0.4469904601573944,0.7107056975364685,-0.020301248878240585,0.4482465088367462,0.7221546769142151,-0.021805457770824432
712,23.75417816813049,0,Right,0.8456212878227234,0.5942606925964355,0.6539958715438843,9.838404224637998e-08,0.6055644154548645,0.6594842076301575,-0.002927247202023864,0.6155964136123657,0.6729821562767029,-0.005109724588692188,0.6227918863296509,0.6840437650680542,-0.0071244630962610245,0.6296376585960388,0.6916741132736206,-0.009255674667656422,0.6134352087974548,0.6953481435775757,-0.005746541079133749,0.6193199157714844,0.7155048251152039,-0.009866928681731224,0.6231611967086792,0.7286016941070557,-0.01262708567082882,0.6262992024421692,0.7395386099815369,-0.014614432118833065,0.6078731417655945,0.6979320049285889,-0.0074243126437067986,0.6110924482345581,0.7223032116889954,-0.011252903379499912,0.6131501793861389,0.7384752035140991,-0.013913796283304691,0.6145947575569153,0.7517115473747253,-0.015752945095300674,0.6014907360076904,0.6956605911254883,-0.009427482262253761,0.6038944125175476,0.7187315821647644,-0.01392102986574173,0.6058411598205566,0.7334030270576477,-0.016725869849324226,0.6074891686439514,0.7463599443435669,-0.018589049577713013,0.5944285988807678,0.6894198656082153,-0.01152369100600481,0.591555118560791,0.7060987949371338,-0.016136499121785164,0.5899414420127869,0.717979371547699,-0.018200574442744255,0.5886609554290771,0.7289921045303345,-0.019421137869358063
712,23.75417816813049,1,Left,0.951697051525116,0.44204089045524597,0.6494179964065552,6.582283873513006e-08,0.4304336607456207,0.6546595692634583,-0.004010359290987253,0.42098701000213623,0.6672906875610352,-0.006752705667167902,0.41387298703193665,0.6797425746917725,-0.009242712520062923,0.40722182393074036,0.6899278163909912,-0.011961414478719234,0.42343294620513916,0.6899884343147278,-0.007524564862251282,0.41706302762031555,0.7112478017807007,-0.01252948772162199,0.41264593601226807,0.723997175693512,-0.01580594666302204,0.4085891544818878,0.734673261642456,-0.01811753213405609,0.4292798340320587,0.6934307217597961,-0.008917033672332764,0.425621896982193,0.7178189158439636,-0.01337291020900011,0.4224492013454437,0.7333786487579346,-0.016582947224378586,0.4196663796901703,0.7462431192398071,-0.01892869919538498,0.43579259514808655,0.6910014748573303,-0.010659744963049889,0.4339318573474884,0.7129974365234375,-0.01528533548116684,0.4315382242202759,0.7278739809989929,-0.018404081463813782,0.4288589656352997,0.7411304712295532,-0.020631296560168266,0.44230687618255615,0.6838651299476624,-0.012624912895262241,0.44584745168685913,0.6995514631271362,-0.01778474822640419,0.4477144181728363,0.711158275604248,-0.02036004513502121,0.44897064566612244,0.7224063277244568,-0.02188759297132492
713,23.78754077791719,0,Right,0.8682149648666382,0.59403395652771,0.6540079116821289,9.442655368729902e-08,0.6053519248962402,0.6590029001235962,-0.002966993721202016,0.6154145002365112,0.6721333861351013,-0.005228202790021896,0.6227090358734131,0.6830054521560669,-0.007286806590855122,0.6296437978744507,0.6904682517051697,-0.009471643716096878,0.6137399673461914,0.6945173144340515,-0.005950107704848051,0.6198758482933044,0.7147650718688965,-0.009996877051889896,0.6239665746688843,0.7275213003158569,-0.012663214467465878,0.6273550391197205,0.738128125667572,-0.014575081877410412,0.6081295609474182,0.6971316933631897,-0.007595391478389502,0.6116418838500977,0.7213649749755859,-0.011385674588382244,0.6138572692871094,0.7371491193771362,-0.013965881429612637,0.6154358983039856,0.7499653697013855,-0.015747180208563805,0.6017434000968933,0.6949630379676819,-0.009550309740006924,0.6043415665626526,0.7178056240081787,-0.013919739983975887,0.6065184473991394,0.7323554754257202,-0.016669057309627533,0.6084367632865906,0.7450681924819946,-0.01853032596409321,0.5946750044822693,0.6889687776565552,-0.011589228175580502,0.5921959280967712,0.7057846784591675,-0.016005361452698708,0.5909489989280701,0.7178044319152832,-0.017958566546440125,0.5900970101356506,0.7289479374885559,-0.019147194921970367
713,23.78754077791719,1,Left,0.9570160508155823,0.44396311044692993,0.6493735313415527,6.657032969314969e-08,0.4321923553943634,0.653508186340332,-0.003607969731092453,0.42235302925109863,0.665567934513092,-0.006175436545163393,0.4147079586982727,0.6769728064537048,-0.008519971743226051,0.40798747539520264,0.6864523887634277,-0.011174564249813557,0.42401209473609924,0.6881866455078125,-0.007401697803288698,0.4170137643814087,0.7078219056129456,-0.012235868722200394,0.41253045201301575,0.7199932336807251,-0.015348370186984539,0.40865573287010193,0.7302592396736145,-0.017517050728201866,0.42980167269706726,0.6923080682754517,-0.008944354951381683,0.42500290274620056,0.7165890336036682,-0.013206501491367817,0.42135632038116455,0.7320761680603027,-0.016255324706435204,0.4183759391307831,0.7449976801872253,-0.018439602106809616,0.43653666973114014,0.6904169917106628,-0.010756789706647396,0.43365150690078735,0.7130447626113892,-0.015291864052414894,0.4309839606285095,0.7274763584136963,-0.018352122977375984,0.4281449019908905,0.7402582764625549,-0.020484913140535355,0.4434409737586975,0.6838040351867676,-0.012717886827886105,0.4460202157497406,0.6995936632156372,-0.017893515527248383,0.4473305344581604,0.7113458514213562,-0.02041270211338997,0.4480719268321991,0.7226115465164185,-0.02185116894543171
714,23.82090338770389,0,Right,0.860479474067688,0.5934776067733765,0.6546406745910645,9.363361641590018e-08,0.6047635674476624,0.6585407257080078,-0.002981807105243206,0.6150057911872864,0.6704568862915039,-0.005277715157717466,0.6225671172142029,0.6801972389221191,-0.007382091134786606,0.6295555830001831,0.68637615442276,-0.009616479277610779,0.6141839623451233,0.6935634613037109,-0.005935868714004755,0.621465802192688,0.7130971550941467,-0.009898175485432148,0.6258289813995361,0.7253922820091248,-0.012466995045542717,0.6292276382446289,0.7356740832328796,-0.014292501844465733,0.6086503863334656,0.6968172192573547,-0.007537064608186483,0.6130278706550598,0.7207774519920349,-0.011277181096374989,0.6156893372535706,0.7361224889755249,-0.013799866661429405,0.6176075339317322,0.7484385967254639,-0.015513681806623936,0.6021944284439087,0.6953378319740295,-0.009448610246181488,0.6056364178657532,0.7176982164382935,-0.01373341865837574,0.6082111597061157,0.7317967414855957,-0.016407882794737816,0.6104307174682617,0.7439801096916199,-0.018209856003522873,0.5949481129646301,0.6901232600212097,-0.011454516090452671,0.5930136442184448,0.7071093320846558,-0.015674084424972534,0.5920929908752441,0.7190941572189331,-0.01749960333108902,0.5915594696998596,0.7301458716392517,-0.018611105158925056
714,23.82090338770389,1,Left,0.955160915851593,0.4478468894958496,0.6496745944023132,7.67024701531227e-08,0.4363577365875244,0.6513217091560364,-0.004011470824480057,0.4257696866989136,0.6608675718307495,-0.006717465352267027,0.4173571467399597,0.6705799102783203,-0.009102866984903812,0.41033071279525757,0.6786060929298401,-0.011744797229766846,0.426709920167923,0.6841484904289246,-0.007733864244073629,0.4174942076206207,0.7015413641929626,-0.012553595006465912,0.4119206666946411,0.712526261806488,-0.015617317520081997,0.40730100870132446,0.7213565707206726,-0.017669102177023888,0.4320358335971832,0.6899983882904053,-0.008940520696341991,0.42506617307662964,0.7129775285720825,-0.013145080767571926,0.4203004837036133,0.7277385592460632,-0.01615571416914463,0.41641965508461,0.7396768927574158,-0.018281996250152588,0.43861904740333557,0.6902853846549988,-0.010439136996865273,0.43358322978019714,0.7121672034263611,-0.014862499199807644,0.4296926259994507,0.7260371446609497,-0.018038248643279076,0.4259188175201416,0.7375876903533936,-0.020235372707247734,0.4457069933414459,0.6860029697418213,-0.012098662555217743,0.446995347738266,0.7017807364463806,-0.017100756987929344,0.4475417137145996,0.7134294509887695,-0.01962721161544323,0.4477381706237793,0.7240365743637085,-0.021070607006549835
715,23.85426599749059,0,Right,0.8676750659942627,0.5897808074951172,0.6544058322906494,8.25631119028003e-08,0.6017451286315918,0.6560192704200745,-0.0026843552477657795,0.6129894852638245,0.66599440574646,-0.00483750831335783,0.6211180090904236,0.6743344068527222,-0.0068750507198274136,0.628424346446991,0.6791730523109436,-0.009032024070620537,0.6134343147277832,0.6895794868469238,-0.005218041129410267,0.6219495534896851,0.7081316709518433,-0.009131409227848053,0.6271129250526428,0.7197458744049072,-0.011763096787035465,0.6312215328216553,0.729155421257019,-0.013583309017121792,0.6078665256500244,0.6941929459571838,-0.006935629528015852,0.6134982705116272,0.7174329161643982,-0.010516577400267124,0.6170547604560852,0.7325040698051453,-0.01307386253029108,0.6197559237480164,0.7446557879447937,-0.014825207181274891,0.6012030839920044,0.694135308265686,-0.008971107192337513,0.6058526635169983,0.7156205177307129,-0.01309846993535757,0.6091976761817932,0.7290969491004944,-0.015740185976028442,0.6120384931564331,0.7403833270072937,-0.01749921776354313,0.5935137867927551,0.6903911828994751,-0.011090434156358242,0.5927776098251343,0.7079406976699829,-0.015054989606142044,0.592439591884613,0.7199077606201172,-0.016672737896442413,0.5924052000045776,0.730730414390564,-0.017639709636569023
715,23.85426599749059,1,Left,0.9642130136489868,0.45335736870765686,0.6519478559494019,7.866491813501852e-08,0.44213929772377014,0.6494302749633789,-0.004618167411535978,0.4314674139022827,0.6543334126472473,-0.007909422740340233,0.4226990342140198,0.6608359813690186,-0.010795007459819317,0.4151054620742798,0.6663967370986938,-0.013918419368565083,0.43020784854888916,0.6780472993850708,-0.008734572678804398,0.4199167490005493,0.6928693652153015,-0.013954579830169678,0.41367611289024353,0.7019873261451721,-0.01729952171444893,0.4083355665206909,0.7093855142593384,-0.01948770321905613,0.4346863329410553,0.6863147616386414,-0.009609254077076912,0.4255601167678833,0.7061975002288818,-0.014032186940312386,0.41951167583465576,0.7186411619186401,-0.01711146906018257,0.41461658477783203,0.7286425232887268,-0.019337281584739685,0.441023588180542,0.6892774105072021,-0.010804790072143078,0.43418368697166443,0.7092676758766174,-0.015269268304109573,0.42937979102134705,0.7215256094932556,-0.018415559083223343,0.425025999546051,0.7313172817230225,-0.020626267418265343,0.44821345806121826,0.6877011060714722,-0.012215862050652504,0.4480886161327362,0.7036240696907043,-0.017094751819968224,0.44800224900245667,0.7148070931434631,-0.019581114873290062,0.4477951228618622,0.7246687412261963,-0.021049775183200836
716,23.88762860727729,0,Right,0.8180165886878967,0.5864864587783813,0.6552059650421143,7.776844057616472e-08,0.598646342754364,0.6549614071846008,-0.002793011022731662,0.610548198223114,0.6625540852546692,-0.005100900307297707,0.6194534301757812,0.6693339347839355,-0.00728742778301239,0.6272574067115784,0.6731840372085571,-0.009585363790392876,0.6118753552436829,0.686253011226654,-0.005251932889223099,0.6213592290878296,0.7024097442626953,-0.009241289459168911,0.6273059248924255,0.7125100493431091,-0.011991992592811584,0.632127583026886,0.7210306525230408,-0.013928704895079136,0.6068160533905029,0.6924887299537659,-0.006944213528186083,0.6138650178909302,0.7146404385566711,-0.010449256747961044,0.6183252334594727,0.7289499044418335,-0.012944357469677925,0.6216837763786316,0.7405202388763428,-0.014697393402457237,0.6002921462059021,0.6940536499023438,-0.008978074416518211,0.606217622756958,0.7148726582527161,-0.01286980602890253,0.6102380156517029,0.7278225421905518,-0.01532371062785387,0.613594651222229,0.7387248277664185,-0.01701550930738449,0.5925251245498657,0.6920886635780334,-0.011139757931232452,0.5931860208511353,0.7094337940216064,-0.014821667224168777,0.593825101852417,0.7213277220726013,-0.016294624656438828,0.59455406665802,0.7320847511291504,-0.017203299328684807
716,23.88762860727729,1,Left,0.9620654582977295,0.45964372158050537,0.653951108455658,7.041212768399419e-08,0.44961175322532654,0.6488727927207947,-0.004329560790210962,0.43943503499031067,0.6490192413330078,-0.007413745857775211,0.43126553297042847,0.6526538133621216,-0.010181170888245106,0.42451149225234985,0.6558294296264648,-0.013081664219498634,0.434965580701828,0.6713016629219055,-0.0076490286737680435,0.42416536808013916,0.6816571354866028,-0.012569318525493145,0.4174343943595886,0.687773585319519,-0.01593009941279888,0.41178643703460693,0.6928934454917908,-0.018089164048433304,0.43881186842918396,0.6810648441314697,-0.008551572449505329,0.42838287353515625,0.6967990398406982,-0.012638519518077374,0.4214915931224823,0.7068477869033813,-0.0155995087698102,0.41596922278404236,0.7151498794555664,-0.0177465807646513,0.44469115138053894,0.6866801381111145,-0.009824567474424839,0.4367339015007019,0.7032371163368225,-0.013989973813295364,0.43096938729286194,0.7139689326286316,-0.016971711069345474,0.42598652839660645,0.7223791480064392,-0.019030852243304253,0.45181000232696533,0.6886852979660034,-0.011362078599631786,0.45017939805984497,0.7044622302055359,-0.015794221311807632,0.44923725724220276,0.7155861854553223,-0.017996927723288536,0.44834664463996887,0.7253879904747009,-0.019296741113066673
717,23.92099121706399,0,Right,0.8784623146057129,0.5822833776473999,0.6581314206123352,6.804391006198784e-08,0.5939681529998779,0.6540013551712036,-0.0027476069517433643,0.6057281494140625,0.6576887369155884,-0.005159278865903616,0.6140613555908203,0.6612884998321533,-0.007491611409932375,0.6215446591377258,0.6636032462120056,-0.010017553344368935,0.6096953749656677,0.6817507147789001,-0.005349976010620594,0.620474636554718,0.6949201226234436,-0.009515661746263504,0.6273912787437439,0.703091561794281,-0.01249250490218401,0.6330426335334778,0.7100670337677002,-0.014574592933058739,0.6050784587860107,0.6893558502197266,-0.007158119697123766,0.6141749620437622,0.7088975310325623,-0.010934342630207539,0.6199514269828796,0.7214958667755127,-0.013815603218972683,0.6245098114013672,0.7321492433547974,-0.01579809933900833,0.5985919237136841,0.6927637457847595,-0.009274939075112343,0.6066612005233765,0.712415337562561,-0.013410010375082493,0.6117268204689026,0.7246304750442505,-0.01608234830200672,0.6160835027694702,0.7350649833679199,-0.017881160601973534,0.5906623601913452,0.692937970161438,-0.01149670034646988,0.593123733997345,0.7101505994796753,-0.015369048342108727,0.5947832465171814,0.7219687700271606,-0.016887567937374115,0.5964909195899963,0.7325552701950073,-0.017795275896787643
717,23.92099121706399,1,Left,0.882098913192749,0.46906614303588867,0.6594449281692505,4.3582467412761616e-08,0.4607248604297638,0.6487455368041992,-0.003060038900002837,0.4509904682636261,0.6431282758712769,-0.005228240508586168,0.4430145025253296,0.642889142036438,-0.007338814903050661,0.43667352199554443,0.6445237398147583,-0.009542800486087799,0.44195225834846497,0.6631433367729187,-0.004161486867815256,0.4317884147167206,0.6667478680610657,-0.007448828313499689,0.42579156160354614,0.6691287755966187,-0.009891785681247711,0.42110127210617065,0.6715196967124939,-0.011576882563531399,0.44337692856788635,0.6738020777702332,-0.005285258404910564,0.4318830370903015,0.6821661591529846,-0.00799084547907114,0.42511358857154846,0.6867518424987793,-0.010052364319562912,0.4199011027812958,0.6910653710365295,-0.011621231213212013,0.4474722445011139,0.6822349429130554,-0.006869344040751457,0.4381803572177887,0.6942963004112244,-0.01011163741350174,0.43225815892219543,0.7006587982177734,-0.012522797100245953,0.4273487329483032,0.7053309679031372,-0.014199582859873772,0.4533786475658417,0.6885890960693359,-0.008660947903990746,0.4500640034675598,0.7035926580429077,-0.012152018025517464,0.4478936195373535,0.7134872674942017,-0.013986926525831223,0.44572848081588745,0.7219918966293335,-0.015155915170907974
718,23.95435382685069,0,Right,0.8287723064422607,0.5780772566795349,0.6632627248764038,6.479559999661433e-08,0.5886327624320984,0.6562113761901855,-0.0028800710570067167,0.5999487638473511,0.6560961604118347,-0.005294605623930693,0.6081907749176025,0.6582028269767761,-0.007621984463185072,0.6153203248977661,0.6590280532836914,-0.010111754760146141,0.6062052845954895,0.6786068081855774,-0.0053645106963813305,0.6184087991714478,0.6879364252090454,-0.009604854509234428,0.6259430646896362,0.6941238641738892,-0.012562833726406097,0.6319038271903992,0.6994553208351135,-0.014516044408082962,0.6023797988891602,0.6884409785270691,-0.007012949325144291,0.6137017011642456,0.7054259777069092,-0.010666935704648495,0.6208406686782837,0.716190755367279,-0.013376559130847454,0.6264245510101318,0.7249168157577515,-0.015188666060566902,0.5964930653572083,0.6947187781333923,-0.008991229347884655,0.606407880783081,0.7118427157402039,-0.012745720334351063,0.6125463247299194,0.7219627499580383,-0.015005487948656082,0.6175651550292969,0.7301311492919922,-0.01647569052875042,0.5890046954154968,0.6982599496841431,-0.011133543215692043,0.5934382677078247,0.7146993279457092,-0.014387997798621655,0.5963261127471924,0.7257331609725952,-0.015426293946802616,0.5990007519721985,0.7351402044296265,-0.01597820408642292
718,23.95435382685069,1,Left,0.9758626818656921,0.4746515452861786,0.66458660364151,4.375252871113844e-08,0.4704323410987854,0.650684118270874,-0.004778679925948381,0.464640349149704,0.640128493309021,-0.008092556148767471,0.4592459201812744,0.6358185410499573,-0.011135720647871494,0.45495423674583435,0.6345354914665222,-0.01412161998450756,0.4509395360946655,0.6510507464408875,-0.0060897404327988625,0.4417857825756073,0.6480647325515747,-0.010038884356617928,0.436491459608078,0.6462863683700562,-0.013037498109042645,0.43188172578811646,0.6458024382591248,-0.015095340088009834,0.44979017972946167,0.6631495356559753,-0.006543703377246857,0.4382729232311249,0.6657435894012451,-0.0094287795946002,0.43194466829299927,0.6665938496589661,-0.011526674032211304,0.4268575608730316,0.6677998900413513,-0.01325173582881689,0.45193713903427124,0.674433171749115,-0.007573544513434172,0.44226399064064026,0.6814987063407898,-0.010495650582015514,0.4364107847213745,0.6850807666778564,-0.012559075839817524,0.43122050166130066,0.6878880858421326,-0.01412234827876091,0.4563981592655182,0.6845760941505432,-0.009056095965206623,0.4500217139720917,0.6963388919830322,-0.011789371259510517,0.4461035430431366,0.7039496898651123,-0.013078253716230392,0.44204890727996826,0.7104160785675049,-0.014050647616386414
719,23.987716436637392,0,Right,0.7805925011634827,0.5715097188949585,0.6733939051628113,5.4582951491966014e-08,0.5802625417709351,0.6614106893539429,-0.00307076727040112,0.5906199216842651,0.6558142304420471,-0.005709266290068626,0.598660409450531,0.6552921533584595,-0.008234834298491478,0.6052528023719788,0.6560607552528381,-0.010883655399084091,0.600166380405426,0.6758637428283691,-0.006090282462537289,0.6135639548301697,0.6813001036643982,-0.010501410812139511,0.6218116283416748,0.6850278377532959,-0.01357459556311369,0.6283382773399353,0.6885390877723694,-0.015575425699353218,0.5982773900032043,0.6870784163475037,-0.007539098616689444,0.6121416687965393,0.6997430324554443,-0.011216208338737488,0.6208263635635376,0.7078588604927063,-0.013937044888734818,0.627450704574585,0.7144927382469177,-0.015810120850801468,0.593766450881958,0.6960219740867615,-0.009263002313673496,0.6058346629142761,0.7092707753181458,-0.012906122021377087,0.6132370829582214,0.7168828845024109,-0.015193216502666473,0.6189156174659729,0.7227303981781006,-0.016708213835954666,0.587289571762085,0.7030548453330994,-0.011181938461959362,0.5939393043518066,0.7176714539527893,-0.014294181019067764,0.5981478691101074,0.7272266149520874,-0.015320111066102982,0.6016829013824463,0.7354488372802734,-0.015870941802859306
719,23.987716436637392,1,Left,0.9849014282226562,0.4770531952381134,0.6706886887550354,3.857298480625104e-08,0.47758734226226807,0.6541863083839417,-0.004386546090245247,0.4758989214897156,0.6410525441169739,-0.007568910252302885,0.47263529896736145,0.6336089968681335,-0.010392995551228523,0.469566285610199,0.6295101046562195,-0.01317077036947012,0.46060633659362793,0.641457200050354,-0.006486928090453148,0.4543395936489105,0.6317204833030701,-0.010267909616231918,0.4500930607318878,0.6275374889373779,-0.013133762404322624,0.44599077105522156,0.6254369020462036,-0.01513582095503807,0.4568428099155426,0.6519619226455688,-0.00701116630807519,0.44637152552604675,0.6471325755119324,-0.009723326191306114,0.44038745760917664,0.6445003151893616,-0.011630816385149956,0.43515804409980774,0.6430632472038269,-0.013247473165392876,0.4562653601169586,0.6633202433586121,-0.007958619855344296,0.44658952951431274,0.6631819605827332,-0.01095534022897482,0.44027018547058105,0.6634907722473145,-0.01290447823703289,0.43478360772132874,0.6633925437927246,-0.014296152628958225,0.45804354548454285,0.6747304797172546,-0.009265339002013206,0.4505736827850342,0.6822148561477661,-0.012032399885356426,0.44556495547294617,0.6869267821311951,-0.013139108195900917,0.4407680630683899,0.690221905708313,-0.013912270776927471
720,24.02107904642409,0,Right,0.7457113265991211,0.5658422708511353,0.6848976016044617,5.3222695584054236e-08,0.5729399919509888,0.6692739129066467,-0.0033248234540224075,0.5824887752532959,0.6589838862419128,-0.005876303184777498,0.5904393196105957,0.655791699886322,-0.008309269323945045,0.5971916317939758,0.6552526950836182,-0.01074827928096056,0.5957251787185669,0.6755311489105225,-0.004795124288648367,0.6087180972099304,0.6743202805519104,-0.00891985185444355,0.6168122291564941,0.6743588447570801,-0.01208563894033432,0.6232481002807617,0.6749013662338257,-0.014200135134160519,0.5954097509384155,0.687362015247345,-0.006071065086871386,0.6097327470779419,0.6935570240020752,-0.009549671784043312,0.6186480522155762,0.6974540948867798,-0.012311412021517754,0.6254636645317078,0.7008315920829773,-0.014184150844812393,0.5921940803527832,0.6979652047157288,-0.0077797225676476955,0.6053783893585205,0.705476701259613,-0.011446807533502579,0.6130930185317993,0.7099897265434265,-0.01374048925936222,0.6189463138580322,0.7136170268058777,-0.015192520804703236,0.5868284702301025,0.7075599431991577,-0.009731647558510303,0.595134973526001,0.7191506624221802,-0.012848583981394768,0.6001401543617249,0.7268502712249756,-0.013815757818520069,0.6043599843978882,0.7335631847381592,-0.014274679124355316
720,24.02107904642409,1,Left,0.9845906496047974,0.47940826416015625,0.671822190284729,6.467095658990729e-08,0.4829547107219696,0.6578977704048157,-0.004755732137709856,0.48402780294418335,0.6435428857803345,-0.008391688577830791,0.4828568398952484,0.6345354318618774,-0.01171137299388647,0.4815724790096283,0.6257635951042175,-0.01499427855014801,0.4700630009174347,0.6314494609832764,-0.0068300021812319756,0.46579405665397644,0.6173681020736694,-0.011093618348240852,0.46305596828460693,0.608954668045044,-0.01420475821942091,0.46022742986679077,0.6019672751426697,-0.016344143077731133,0.46445971727371216,0.6389527320861816,-0.007484599947929382,0.4562484920024872,0.6260966062545776,-0.011069017462432384,0.4509855806827545,0.618755578994751,-0.01361783780157566,0.44588208198547363,0.6128690242767334,-0.015505296178162098,0.46146905422210693,0.6493955254554749,-0.008621246553957462,0.45258018374443054,0.642361581325531,-0.012495506554841995,0.4467988908290863,0.6373361349105835,-0.014890147373080254,0.44177645444869995,0.6324183940887451,-0.01636713184416294,0.46052154898643494,0.6618444919586182,-0.010116923600435257,0.4514200687408447,0.6624792218208313,-0.013677984476089478,0.4456259608268738,0.6629995703697205,-0.015118964947760105,0.44031763076782227,0.6623464822769165,-0.015940416604280472
721,24.05444165621079,0,Right,0.7503898739814758,0.56260746717453,0.6940280795097351,4.702667766309787e-08,0.5671525597572327,0.6758258938789368,-0.0038734269328415394,0.574414074420929,0.6616923213005066,-0.006818170193582773,0.5810756683349609,0.6553813815116882,-0.00957762636244297,0.5867813229560852,0.6554839611053467,-0.012314209714531898,0.5900546312332153,0.6733201742172241,-0.005107913166284561,0.6027079224586487,0.6666721105575562,-0.0092984763905406,0.6105427145957947,0.6634677648544312,-0.012536522932350636,0.6170236468315125,0.661462664604187,-0.014713200740516186,0.5916475057601929,0.6852137446403503,-0.006021114531904459,0.6061767935752869,0.6843562722206116,-0.00964021123945713,0.6150897145271301,0.6836957931518555,-0.012417729943990707,0.622243344783783,0.683307945728302,-0.014306298457086086,0.5905249714851379,0.6965844631195068,-0.0074452850967645645,0.6043250560760498,0.6986215710639954,-0.011075329035520554,0.6128502488136292,0.6995032429695129,-0.013345291838049889,0.6195639967918396,0.699995219707489,-0.014752333983778954,0.587360143661499,0.7073068022727966,-0.009184474125504494,0.5977170467376709,0.7145946025848389,-0.012247413396835327,0.6042627692222595,0.7194291353225708,-0.013336724601686,0.6099129915237427,0.7234552502632141,-0.013866239227354527
721,24.05444165621079,1,Left,0.9729150533676147,0.4787255525588989,0.6648365259170532,9.059440486680614e-08,0.48452121019363403,0.6515111327171326,-0.003972101025283337,0.48750314116477966,0.638160228729248,-0.007110272068530321,0.4878173768520355,0.6271740198135376,-0.009999562986195087,0.4884271025657654,0.616898238658905,-0.012856731191277504,0.47620558738708496,0.6197912096977234,-0.005848272703588009,0.474741131067276,0.6017259359359741,-0.009989622049033642,0.4740311801433563,0.590620219707489,-0.012896663509309292,0.47334402799606323,0.5817619562149048,-0.014785870909690857,0.4695277810096741,0.6232555508613586,-0.00677000917494297,0.4637656509876251,0.604175329208374,-0.010210361331701279,0.46066462993621826,0.5928102731704712,-0.01258614007383585,0.45777979493141174,0.5836706757545471,-0.014211054891347885,0.4649859070777893,0.6315116286277771,-0.008134693838655949,0.4580918848514557,0.6174489259719849,-0.011763794347643852,0.45360639691352844,0.6074188351631165,-0.014169799163937569,0.4498665928840637,0.598784863948822,-0.015663160011172295,0.46214333176612854,0.6434128284454346,-0.009768922813236713,0.45346197485923767,0.6372665166854858,-0.01321558840572834,0.4477612376213074,0.6337110996246338,-0.01458432711660862,0.44267961382865906,0.6298131942749023,-0.015281992964446545
722,24.08780426599749,0,Right,0.9125047326087952,0.5602332353591919,0.6983754634857178,5.466449692903552e-08,0.5627889633178711,0.6789488792419434,-0.004224355798214674,0.568568229675293,0.6624226570129395,-0.007213189732283354,0.5754518508911133,0.6539652347564697,-0.010103363543748856,0.580879271030426,0.6517691016197205,-0.012909766286611557,0.5838253498077393,0.6650600433349609,-0.004428847227245569,0.5948274731636047,0.6541921496391296,-0.008570359088480473,0.6018419861793518,0.647756040096283,-0.01185975968837738,0.6078325510025024,0.6430978178977966,-0.014210859313607216,0.5869735479354858,0.6759845018386841,-0.0054769860580563545,0.6008393168449402,0.6693291664123535,-0.009221188724040985,0.6098169088363647,0.664777398109436,-0.01218784973025322,0.6170464158058167,0.6611247062683105,-0.01426527090370655,0.587242841720581,0.6875929832458496,-0.007163478061556816,0.600409746170044,0.6832725405693054,-0.010940358974039555,0.6086694002151489,0.6800274848937988,-0.0133869843557477,0.6152111887931824,0.676802933216095,-0.0149748669937253,0.5854253172874451,0.6995800733566284,-0.009253798052668571,0.5956474542617798,0.7019696235656738,-0.012447484768927097,0.6025694012641907,0.7029476761817932,-0.01380135864019394,0.6084739565849304,0.703443169593811,-0.014635216444730759
722,24.08780426599749,1,Left,0.9840992093086243,0.4779815375804901,0.6535554528236389,1.0532555450026848e-07,0.4852599799633026,0.6399111747741699,-0.003925105556845665,0.4892050325870514,0.6259803175926208,-0.0066965860314667225,0.4905734062194824,0.6141447424888611,-0.009305285289883614,0.4913557767868042,0.6032626032829285,-0.01188687514513731,0.4792118966579437,0.6040012836456299,-0.0049540153704583645,0.47942253947257996,0.585063636302948,-0.00906271580606699,0.4795519709587097,0.5726282596588135,-0.012203370220959187,0.47967737913131714,0.5623277425765991,-0.014187012799084187,0.4724750518798828,0.6052436828613281,-0.005646788515150547,0.469211608171463,0.5841853618621826,-0.008822775445878506,0.46788686513900757,0.570314884185791,-0.011263841763138771,0.46685826778411865,0.5587756633758545,-0.012882278300821781,0.467006117105484,0.6116867065429688,-0.006827766075730324,0.4616103768348694,0.5938631296157837,-0.01025219913572073,0.45872825384140015,0.5810056924819946,-0.012794476933777332,0.45676952600479126,0.5698994398117065,-0.014366473071277142,0.462849885225296,0.6224800944328308,-0.0082816481590271,0.4550778567790985,0.613933265209198,-0.011759815737605095,0.4499814212322235,0.6074829697608948,-0.013348672538995743,0.4456752836704254,0.6009027361869812,-0.014098858460783958
723,24.12116687578419,0,Right,0.947081446647644,0.5581252574920654,0.6975604891777039,6.716941669537846e-08,0.5570083856582642,0.6771244406700134,-0.0034943840000778437,0.5607059001922607,0.6589615345001221,-0.005541772115975618,0.5664476156234741,0.6498138308525085,-0.0074986484833061695,0.5715226531028748,0.6432552933692932,-0.009290440939366817,0.5776839852333069,0.6524991989135742,-0.002667786320671439,0.5870323777198792,0.6382324695587158,-0.005896205548197031,0.5933065414428711,0.6303896903991699,-0.008663974702358246,0.5986923575401306,0.6246358752250671,-0.010645524598658085,0.5824617743492126,0.6616637706756592,-0.0036556697450578213,0.5949169993400574,0.6501291394233704,-0.006294195540249348,0.602668046951294,0.6428323984146118,-0.008801489137113094,0.6090481281280518,0.6370167136192322,-0.01064364705234766,0.5845993161201477,0.6729633808135986,-0.005271299742162228,0.5966044664382935,0.6637798547744751,-0.008063387125730515,0.6036922931671143,0.6574439406394958,-0.010183032602071762,0.6093147397041321,0.6521963477134705,-0.011670917272567749,0.5846158862113953,0.686121940612793,-0.00728157814592123,0.594709038734436,0.6843395829200745,-0.009710673242807388,0.6012366414070129,0.6827540993690491,-0.010801349766552448,0.6068774461746216,0.6810814142227173,-0.011497944593429565
723,24.12116687578419,1,Left,0.9777640700340271,0.47746720910072327,0.6418778300285339,1.0084229273843448e-07,0.4852147698402405,0.6280892491340637,-0.003368958132341504,0.4897432327270508,0.6128853559494019,-0.005558473989367485,0.4922191798686981,0.5996861457824707,-0.0077691879123449326,0.49351736903190613,0.5884655714035034,-0.009935385547578335,0.4814005196094513,0.5885422825813293,-0.0038669677451252937,0.4823817014694214,0.5680794715881348,-0.007798164617270231,0.48298537731170654,0.5548425912857056,-0.01088580209761858,0.4837881922721863,0.5438203811645508,-0.01288175955414772,0.4744526147842407,0.5884017944335938,-0.004826807416975498,0.4719538390636444,0.5667784810066223,-0.007790710777044296,0.4709591865539551,0.5521599650382996,-0.01029408909380436,0.47033870220184326,0.540022075176239,-0.012009166181087494,0.46876296401023865,0.5937905311584473,-0.006264303810894489,0.4644297659397125,0.5754261016845703,-0.009288640692830086,0.4623959958553314,0.5626530647277832,-0.011643552221357822,0.4611698091030121,0.551720917224884,-0.013206585310399532,0.4644775092601776,0.6040703058242798,-0.008021680638194084,0.4574744403362274,0.5948963165283203,-0.011288613080978394,0.4530255198478699,0.5877439975738525,-0.012802336364984512,0.4494062066078186,0.5809001326560974,-0.013499333523213863
724,24.15452948557089,0,Right,0.9011745452880859,0.5586888790130615,0.6895480155944824,7.825511971759624e-08,0.5566396713256836,0.6704927086830139,-0.0028436926659196615,0.5585123896598816,0.6531222462654114,-0.004937149118632078,0.5615894794464111,0.6411831378936768,-0.007032920606434345,0.5631351470947266,0.6299425363540649,-0.00915643759071827,0.5713943839073181,0.6383028030395508,-0.003343100193887949,0.5789284110069275,0.6206210255622864,-0.006499014794826508,0.5837335586547852,0.6105225086212158,-0.008947404101490974,0.5880008339881897,0.6026343107223511,-0.010617982596158981,0.5767396092414856,0.6452908515930176,-0.004593908786773682,0.5876660346984863,0.628643274307251,-0.007136029191315174,0.594394862651825,0.6185494065284729,-0.009456292726099491,0.6000414490699768,0.6103633046150208,-0.01120804250240326,0.5798565745353699,0.6556669473648071,-0.006303243339061737,0.5906358361244202,0.6421729922294617,-0.008910424076020718,0.5968128442764282,0.6334218382835388,-0.0111021613702178,0.6016989350318909,0.6259792447090149,-0.012746728025376797,0.5813374519348145,0.6684945225715637,-0.008289629593491554,0.5908980369567871,0.663372278213501,-0.010525419376790524,0.5972734093666077,0.6592003107070923,-0.011674920096993446,0.6028185486793518,0.6549143195152283,-0.012513077817857265
724,24.15452948557089,1,Left,0.9803138971328735,0.47785237431526184,0.6280462145805359,9.728603345138254e-08,0.4862019717693329,0.6135221123695374,-0.0029100505635142326,0.4910913407802582,0.597470760345459,-0.0047716242261230946,0.49391356110572815,0.5834177136421204,-0.006797650828957558,0.495790034532547,0.5718134045600891,-0.008863355964422226,0.48323267698287964,0.572818398475647,-0.0029990870971232653,0.4849453866481781,0.5521038770675659,-0.006841490510851145,0.4863128662109375,0.5390955209732056,-0.009999766945838928,0.48777854442596436,0.5281822085380554,-0.012093163095414639,0.47664469480514526,0.5720392465591431,-0.004286492243409157,0.4750365912914276,0.5490473508834839,-0.007228543050587177,0.47490012645721436,0.5336219072341919,-0.009959944523870945,0.47482845187187195,0.5207642316818237,-0.011889904737472534,0.4709779918193817,0.5769151449203491,-0.0060892896726727486,0.4672362506389618,0.5574530959129333,-0.009299367666244507,0.4657115638256073,0.5432440638542175,-0.012061947956681252,0.46490320563316345,0.5310001373291016,-0.013924133032560349,0.46625450253486633,0.5868103504180908,-0.008164745755493641,0.45917731523513794,0.5758054852485657,-0.011753867380321026,0.4546351432800293,0.5672765970230103,-0.013593960553407669,0.45095521211624146,0.5590066909790039,-0.014544716104865074
725,24.18789209535759,0,Right,0.9101112484931946,0.5581716895103455,0.674597978591919,8.974991771992791e-08,0.5537388920783997,0.6567502617835999,-0.003268455620855093,0.553166389465332,0.6378608345985413,-0.005463919602334499,0.5549865961074829,0.6236340999603271,-0.0075108762830495834,0.5566243529319763,0.6114294528961182,-0.009588937275111675,0.5649713277816772,0.6216321587562561,-0.004190155304968357,0.5702381134033203,0.6005339622497559,-0.007608077488839626,0.5738540887832642,0.5880077481269836,-0.010181495919823647,0.5773170590400696,0.5782355666160583,-0.01194304134696722,0.5710806250572205,0.6265350580215454,-0.005198312923312187,0.5794797539710999,0.605479896068573,-0.008021442219614983,0.5847098231315613,0.5928048491477966,-0.010500513017177582,0.5890301465988159,0.5825660824775696,-0.012306052260100842,0.5754822492599487,0.635442852973938,-0.006664498243480921,0.5841719508171082,0.6177507638931274,-0.009610714390873909,0.589346170425415,0.6069252490997314,-0.011988903395831585,0.5935543775558472,0.597874641418457,-0.01373275276273489,0.578547477722168,0.6473066210746765,-0.008406889624893665,0.5868960022926331,0.6382888555526733,-0.011072064749896526,0.5923764109611511,0.6326465010643005,-0.012397728860378265,0.5971723198890686,0.6273717880249023,-0.013301161117851734
725,24.18789209535759,1,Left,0.9791486263275146,0.47777971625328064,0.6130173802375793,9.176972071145428e-08,0.4873548150062561,0.5981523990631104,-0.0026504620909690857,0.49312663078308105,0.5806844234466553,-0.004038660321384668,0.49639537930488586,0.5655751824378967,-0.005651212763041258,0.4989815354347229,0.5532390475273132,-0.0072745028883218765,0.4852878153324127,0.5570475459098816,-0.001852661487646401,0.48780640959739685,0.53658127784729,-0.005311919841915369,0.489752858877182,0.523845911026001,-0.008177429437637329,0.4916222393512726,0.5131518244743347,-0.010099663399159908,0.47875070571899414,0.5555644035339355,-0.0031180293299257755,0.4779827892780304,0.5321871638298035,-0.005840005818754435,0.4779553711414337,0.516793966293335,-0.00842770654708147,0.47779199481010437,0.5037367343902588,-0.010234005749225616,0.4729543924331665,0.5596908330917358,-0.004938820376992226,0.47030216455459595,0.5392059087753296,-0.008086571469902992,0.4690872132778168,0.5251556038856506,-0.010741912759840488,0.4684546887874603,0.5127535462379456,-0.012502958066761494,0.4679519832134247,0.5688688158988953,-0.007019421085715294,0.46151071786880493,0.5569872856140137,-0.010512705892324448,0.4572904109954834,0.5484031438827515,-0.012242181226611137,0.45384877920150757,0.5400711894035339,-0.013113989494740963
726,24.22125470514429,0,Right,0.9291642904281616,0.5551603436470032,0.6583510041236877,8.672169826695608e-08,0.5495421886444092,0.6388705968856812,-0.002000117441639304,0.5482758283615112,0.6187804937362671,-0.0030709870625287294,0.5496110320091248,0.6042833924293518,-0.0042901411652565,0.5501888394355774,0.5916367173194885,-0.005530802998691797,0.5592043399810791,0.6011249423027039,-0.0007596997893415391,0.5621812343597412,0.5802392959594727,-0.003256021998822689,0.5642658472061157,0.567039430141449,-0.005627756472676992,0.5665301084518433,0.5563980340957642,-0.00735167320817709,0.5653156042098999,0.6044742465019226,-0.002293638652190566,0.570751428604126,0.5825358629226685,-0.004280226305127144,0.5745108127593994,0.5683539509773254,-0.006602186243981123,0.5779187679290771,0.5566577911376953,-0.008303807117044926,0.5701652765274048,0.6118394136428833,-0.004353128373622894,0.576431393623352,0.5932430028915405,-0.006559526547789574,0.5805113911628723,0.5812956094741821,-0.008532132022082806,0.5839076042175293,0.5709209442138672,-0.010002227500081062,0.5740700364112854,0.6226583123207092,-0.006673753727227449,0.5807578563690186,0.6110097765922546,-0.008588997647166252,0.5854583382606506,0.6034699082374573,-0.009287731721997261,0.5895212292671204,0.5963032841682434,-0.009750088676810265
726,24.22125470514429,1,Left,0.9799584746360779,0.4789220690727234,0.5976123213768005,9.922542432150294e-08,0.4888595938682556,0.5841097831726074,-0.0035504570696502924,0.4952690899372101,0.5674636960029602,-0.005289275664836168,0.49916839599609375,0.5516533851623535,-0.007096948567777872,0.5021296739578247,0.5384279489517212,-0.008829811587929726,0.48855364322662354,0.5414866209030151,-0.0021135371644049883,0.4923895299434662,0.5220246315002441,-0.005643158219754696,0.49480029940605164,0.5093995332717896,-0.008694930002093315,0.49695053696632385,0.4984099864959717,-0.010802669450640678,0.48188474774360657,0.538709819316864,-0.0030396173242479563,0.48260897397994995,0.5158828496932983,-0.005788126029074192,0.4833790063858032,0.5006439685821533,-0.008496423251926899,0.4839433431625366,0.4873352646827698,-0.010430417023599148,0.4756445288658142,0.5420376062393188,-0.004631927236914635,0.47403380274772644,0.5214313864707947,-0.007896370254456997,0.4733542203903198,0.5075010657310486,-0.01060681976377964,0.4733421802520752,0.4950222969055176,-0.012420096434652805,0.4699118435382843,0.5507476925849915,-0.006577888038009405,0.4639471173286438,0.5381566882133484,-0.010259431786835194,0.4601334035396576,0.5287522077560425,-0.012097946368157864,0.45726168155670166,0.5193189382553101,-0.013046029023826122
727,24.25461731493099,0,Right,0.9313708543777466,0.5527359843254089,0.6404222846031189,9.065725947721148e-08,0.5462211966514587,0.6202713251113892,-0.002279731910675764,0.5432304739952087,0.6007272601127625,-0.0036774768959730864,0.5428608059883118,0.5855013132095337,-0.0052664983086287975,0.542428195476532,0.5717077851295471,-0.00688057579100132,0.5539762377738953,0.5792378187179565,-5.4517382523044944e-05,0.5551339983940125,0.5585631132125854,-0.002880875254049897,0.5561574697494507,0.5444934964179993,-0.005934629123657942,0.5574781894683838,0.5324029922485352,-0.00824734102934599,0.5603503584861755,0.5812204480171204,-0.0015858231345191598,0.5644364953041077,0.559599757194519,-0.003700592555105686,0.5672443509101868,0.5450509190559387,-0.0065591000020504,0.5698240995407104,0.5321922302246094,-0.008724906481802464,0.5653161406517029,0.587652325630188,-0.003736881073564291,0.5702332854270935,0.5688915848731995,-0.006003696471452713,0.5734742879867554,0.5557383298873901,-0.008241552859544754,0.5760985016822815,0.5434150099754333,-0.009994639083743095,0.5690773129463196,0.598362386226654,-0.006208493839949369,0.5745903253555298,0.5864824056625366,-0.008254360407590866,0.5781942009925842,0.5777056813240051,-0.009077563881874084,0.5812230110168457,0.5686739087104797,-0.009664337150752544
727,24.25461731493099,1,Left,0.981569230556488,0.4809918999671936,0.5814325213432312,9.179205306963922e-08,0.49112001061439514,0.5702664852142334,-0.0032059219665825367,0.49829038977622986,0.5548331141471863,-0.004796873312443495,0.5032221078872681,0.54079270362854,-0.006471868138760328,0.5067299008369446,0.5296347737312317,-0.008133076131343842,0.4933798909187317,0.5283554792404175,-0.0026033897884190083,0.4979669153690338,0.5090917348861694,-0.006207178812474012,0.5006535649299622,0.4964433014392853,-0.009130196645855904,0.5030926465988159,0.48575443029403687,-0.011097759939730167,0.4867522716522217,0.5250287652015686,-0.003636545268818736,0.48829275369644165,0.5016402006149292,-0.006535131484270096,0.48962023854255676,0.4866291880607605,-0.009006856009364128,0.4908350706100464,0.4734972417354584,-0.010726146399974823,0.48031651973724365,0.5276030898094177,-0.005265494342893362,0.4796198308467865,0.5062786936759949,-0.00861129816621542,0.4795340895652771,0.4924566149711609,-0.011098046787083149,0.480074942111969,0.4797991216182709,-0.012742196209728718,0.4740884304046631,0.5353181958198547,-0.0072147478349506855,0.46887293457984924,0.5218953490257263,-0.010808167047798634,0.46549150347709656,0.5119792819023132,-0.01250202301889658,0.4629964232444763,0.5017449259757996,-0.013399939984083176
728,24.287979924717693,0,Right,0.9025545716285706,0.5515798330307007,0.6197773814201355,9.726867489234792e-08,0.5438428521156311,0.5977509021759033,-0.0017083530547097325,0.5399125814437866,0.5780912041664124,-0.002451346954330802,0.538901686668396,0.5625990629196167,-0.0035225737374275923,0.5377142429351807,0.5488005876541138,-0.0044600688852369785,0.5482785701751709,0.5558587312698364,0.0024861234705895185,0.5484561324119568,0.53526371717453,0.0007973508327268064,0.5487657785415649,0.52129065990448,-0.0017461891984567046,0.5494624972343445,0.5090189576148987,-0.0037699942477047443,0.5549288988113403,0.5566595196723938,0.0010711313225328922,0.5577433109283447,0.5352421998977661,0.0001394853461533785,0.5597278475761414,0.5208528637886047,-0.0022684393916279078,0.5616154670715332,0.5079976320266724,-0.004226516466587782,0.5604718923568726,0.5619173049926758,-0.001046338235028088,0.5646889209747314,0.5428114533424377,-0.002503154333680868,0.567127525806427,0.5299012064933777,-0.004459120333194733,0.569053053855896,0.5178695321083069,-0.006045108661055565,0.5651741623878479,0.5711004137992859,-0.003463899018242955,0.570807158946991,0.5581569671630859,-0.004885838832706213,0.5746122002601624,0.5496615171432495,-0.005332307890057564,0.5781648755073547,0.5409535765647888,-0.005639543756842613
728,24.287979924717693,1,Left,0.9808802008628845,0.48310667276382446,0.5657017230987549,9.653922461438924e-08,0.493707537651062,0.5544905662536621,-0.0030001269187778234,0.5014767646789551,0.5392261147499084,-0.004626082722097635,0.5070087313652039,0.5251117944717407,-0.006354177370667458,0.5113765001296997,0.5137935280799866,-0.008111810311675072,0.49747028946876526,0.5140319466590881,-0.002629882888868451,0.5032398104667664,0.49562960863113403,-0.006106497719883919,0.5065484642982483,0.4833477735519409,-0.008959103375673294,0.5092512965202332,0.4726743996143341,-0.010929633863270283,0.49119746685028076,0.5097047686576843,-0.003859064308926463,0.4941154420375824,0.4861481189727783,-0.006701252888888121,0.4960995316505432,0.47077837586402893,-0.00932161882519722,0.4974973201751709,0.4573959708213806,-0.011193040758371353,0.48467501997947693,0.5113589763641357,-0.00561233377084136,0.48501089215278625,0.4897228479385376,-0.008913474157452583,0.4859029948711395,0.47544047236442566,-0.011579909361898899,0.4870483875274658,0.4627859592437744,-0.013376493006944656,0.4780621826648712,0.5182600021362305,-0.0076254443265497684,0.4734433591365814,0.5030728578567505,-0.011182419024407864,0.4707099497318268,0.4920854866504669,-0.012946508824825287,0.4688117206096649,0.48113831877708435,-0.01391366682946682
729,24.321342534504392,0,Right,0.8692894577980042,0.5515873432159424,0.5977915525436401,9.845453519119474e-08,0.5428293347358704,0.5765321850776672,-0.0015669905114918947,0.5383642911911011,0.5557906031608582,-0.0019246679730713367,0.5372478365898132,0.5395800471305847,-0.0026070785243064165,0.5357601642608643,0.5258536338806152,-0.0030756767373532057,0.5460633635520935,0.5354510545730591,0.0026032021269202232,0.5453819632530212,0.5142253637313843,0.0010602402035146952,0.545014500617981,0.5002609491348267,-0.0011013572802767158,0.5450940728187561,0.48819124698638916,-0.0027866798918694258,0.5522052645683289,0.5350602269172668,0.0013402398908510804,0.5535855889320374,0.5117623805999756,0.0004928572452627122,0.5543650388717651,0.49603918194770813,-0.001729405950754881,0.5554333329200745,0.48264646530151367,-0.0034918419551104307,0.5575864911079407,0.5392336845397949,-0.0005792051088064909,0.5604976415634155,0.518103837966919,-0.0019725377205759287,0.5621436238288879,0.5037045478820801,-0.004020798951387405,0.5635146498680115,0.4911797046661377,-0.005662174895405769,0.5626327395439148,0.5479079484939575,-0.002783919684588909,0.5681562423706055,0.5344237089157104,-0.00412027258425951,0.5714647769927979,0.5244976878166199,-0.004803684540092945,0.5743681192398071,0.5147255063056946,-0.005315203685313463
729,24.321342534504392,1,Left,0.9800350666046143,0.4851742088794708,0.5496092438697815,9.52620666794246e-08,0.49655529856681824,0.5397713780403137,-0.003155538346618414,0.5050357580184937,0.5251158475875854,-0.004727912601083517,0.5111648440361023,0.5108192563056946,-0.006372332572937012,0.516620397567749,0.5000202059745789,-0.008017812855541706,0.5015730857849121,0.499045193195343,-0.0021603316999971867,0.5083658695220947,0.4814038872718811,-0.005487692076712847,0.5124160647392273,0.46941077709198,-0.008359200321137905,0.515680193901062,0.4591914415359497,-0.010340290144085884,0.49548637866973877,0.49377596378326416,-0.0032275959383696318,0.4993932545185089,0.4710032343864441,-0.005863924510776997,0.5018181204795837,0.45607230067253113,-0.008426809683442116,0.5035357475280762,0.44315701723098755,-0.010296034626662731,0.4888796806335449,0.4941806197166443,-0.004885523114353418,0.4907548725605011,0.4725936949253082,-0.007995403371751308,0.49224093556404114,0.4583420753479004,-0.010563228279352188,0.49377939105033875,0.4462357759475708,-0.012327232398092747,0.4818096458911896,0.49966490268707275,-0.0068438295274972916,0.4779928922653198,0.48341527581214905,-0.010184499435126781,0.4758439064025879,0.4718748927116394,-0.01183344516903162,0.4745422899723053,0.46102964878082275,-0.01274577435106039
730,24.354705144291092,0,Right,0.8982871174812317,0.5508952140808105,0.572507381439209,9.99051721350952e-08,0.5419411063194275,0.5516396760940552,-0.0024574846029281616,0.5370886325836182,0.5318765044212341,-0.0032029554713517427,0.5353853702545166,0.5151486396789551,-0.004150130786001682,0.5328065156936646,0.5010566711425781,-0.004873047117143869,0.5440787672996521,0.5105953216552734,0.002162046730518341,0.5422720313072205,0.48975998163223267,0.0003371879574842751,0.5415292978286743,0.4757882356643677,-0.0021710454020649195,0.5413480997085571,0.4632169008255005,-0.004128428176045418,0.5501601099967957,0.509438693523407,0.0012400810373947024,0.5503596663475037,0.4868983328342438,0.00013326978660188615,0.550456702709198,0.471574991941452,-0.0023200567811727524,0.5508691072463989,0.45872706174850464,-0.004281593952327967,0.5555839538574219,0.5128016471862793,-0.00043396904948167503,0.5575323700904846,0.49249762296676636,-0.0021258557680994272,0.5585517883300781,0.478194922208786,-0.004217889625579119,0.5594181418418884,0.4656859338283539,-0.005854019895195961,0.5606783628463745,0.5208234190940857,-0.002482942771166563,0.5651015043258667,0.506187379360199,-0.004138560965657234,0.5680180191993713,0.4965575337409973,-0.004872688092291355,0.5705812573432922,0.48738157749176025,-0.0053631956689059734
730,24.354705144291092,1,Left,0.9718843698501587,0.48550716042518616,0.5316946506500244,1.0294296970414507e-07,0.49708092212677,0.5216207504272461,-0.002664369996637106,0.5061112642288208,0.507164716720581,-0.0037556951865553856,0.5125617384910583,0.4934135675430298,-0.005019300617277622,0.5185026526451111,0.4840982258319855,-0.006216451991349459,0.5040518641471863,0.4812491536140442,-0.0006389517802745104,0.5114814043045044,0.4639926850795746,-0.003408040851354599,0.5157781839370728,0.4516536295413971,-0.006031029392033815,0.5193699598312378,0.4413425922393799,-0.007888705469667912,0.49818137288093567,0.4752439558506012,-0.0016949845012277365,0.5033700466156006,0.45359694957733154,-0.003672975581139326,0.5068280100822449,0.43890148401260376,-0.00593003211542964,0.5097557902336121,0.42650169134140015,-0.0076011731289327145,0.4917145371437073,0.47466474771499634,-0.003376559354364872,0.4946821928024292,0.4534287452697754,-0.00585924182087183,0.49682360887527466,0.4391871392726898,-0.008285988122224808,0.49907708168029785,0.42755839228630066,-0.010017935186624527,0.4845123291015625,0.47931361198425293,-0.0053583672270178795,0.4812594950199127,0.46360623836517334,-0.008236621506512165,0.47952157258987427,0.4524535536766052,-0.00967324897646904,0.47855132818222046,0.44222310185432434,-0.010440518148243427
731,24.38806775407779,0,Right,0.8592238426208496,0.5512951612472534,0.5474030375480652,9.284455160241123e-08,0.5419299602508545,0.526574432849884,-0.002011891221627593,0.5363848209381104,0.506332516670227,-0.0023068790324032307,0.5341204404830933,0.4894558787345886,-0.0029410000424832106,0.5314456820487976,0.47598832845687866,-0.0032746950164437294,0.5431714057922363,0.4857562780380249,0.0033988268114626408,0.5408340096473694,0.4648948311805725,0.00204997300170362,0.5399282574653625,0.4513799846172333,-0.00018841044220607728,0.5396201014518738,0.4394683539867401,-0.001936268643476069,0.5491743087768555,0.4838487505912781,0.0025144070386886597,0.5485109686851501,0.46167269349098206,0.001868705847300589,0.5481798648834229,0.4468298554420471,-0.0003035423578694463,0.5483044981956482,0.43452104926109314,-0.002010158495977521,0.5550687313079834,0.48647651076316833,0.0008567163022235036,0.5557962656021118,0.4654999375343323,-0.0002695915463846177,0.5564446449279785,0.4515646696090698,-0.0020705307833850384,0.55714350938797,0.43973928689956665,-0.0034949881955981255,0.5611404776573181,0.49388617277145386,-0.0011882322141900659,0.5645933151245117,0.4784848988056183,-0.002255406929180026,0.5669167637825012,0.4687007665634155,-0.00267600710503757,0.5691192746162415,0.45978888869285583,-0.0029253026004880667
731,24.38806775407779,1,Left,0.9770670533180237,0.4859657883644104,0.511832058429718,1.0684115636649949e-07,0.49789419770240784,0.501030445098877,-0.002718867501243949,0.5071471929550171,0.4871644973754883,-0.003855038434267044,0.5142655968666077,0.4743047058582306,-0.0051991199143230915,0.5203433036804199,0.46502625942230225,-0.006410315632820129,0.5058426856994629,0.4619215130805969,-0.00025063208886422217,0.5135817527770996,0.44471898674964905,-0.00316694681532681,0.518244206905365,0.43267786502838135,-0.00587372574955225,0.5222927331924438,0.42295706272125244,-0.007738614920526743,0.49983128905296326,0.45566868782043457,-0.0012316289357841015,0.5049712061882019,0.43443581461906433,-0.0033338763751089573,0.5081372857093811,0.419816792011261,-0.005666053853929043,0.5110893845558167,0.40760543942451477,-0.007365219760686159,0.49323761463165283,0.4546583890914917,-0.0028917216695845127,0.49639081954956055,0.4346974790096283,-0.005232056137174368,0.4986160397529602,0.42089447379112244,-0.007359799928963184,0.5010927319526672,0.40932315587997437,-0.008915760554373264,0.48602059483528137,0.45875197649002075,-0.004912781063467264,0.48329922556877136,0.44393211603164673,-0.007553395349532366,0.48192647099494934,0.4328078627586365,-0.008722908794879913,0.4812934398651123,0.4222850799560547,-0.009301851503551006
732,24.42143036386449,0,Right,0.8854897618293762,0.5526282787322998,0.5221313834190369,9.628347186207975e-08,0.5431280136108398,0.5017642378807068,-0.0021144545171409845,0.5372536778450012,0.48158007860183716,-0.0024188789539039135,0.5348359942436218,0.4646274745464325,-0.0030404787976294756,0.5318296551704407,0.4517584443092346,-0.0033546187914907932,0.5432526469230652,0.4604933261871338,0.0033108661882579327,0.5402350425720215,0.4393575191497803,0.0020020531956106424,0.5389760732650757,0.4255664050579071,-0.00012904155300930142,0.5384699106216431,0.4134869873523712,-0.001771634677425027,0.5492221117019653,0.4584704041481018,0.002535453997552395,0.5484294891357422,0.43619316816329956,0.0020372287835925817,0.5481461882591248,0.42131373286247253,7.782987813698128e-05,0.5482925772666931,0.40898799896240234,-0.0014743999345228076,0.5550464987754822,0.46056047081947327,0.0009549020323902369,0.5556771159172058,0.44017454981803894,4.826328586204909e-05,0.555807888507843,0.4264915883541107,-0.0016808370128273964,0.5559351444244385,0.41484910249710083,-0.003096337430179119,0.561127245426178,0.4669315218925476,-0.001053408719599247,0.5645513534545898,0.45215293765068054,-0.001910358085297048,0.566612720489502,0.44214409589767456,-0.0023677931167185307,0.5684638619422913,0.4328128695487976,-0.00270008179359138
732,24.42143036386449,1,Left,0.9793652892112732,0.48528438806533813,0.49042144417762756,1.0438787256816795e-07,0.4973124563694,0.4799916744232178,-0.0027064927853643894,0.5069928169250488,0.46666356921195984,-0.0037064948119223118,0.5140807032585144,0.45436033606529236,-0.004876829218119383,0.5190171599388123,0.44412878155708313,-0.005937107838690281,0.5057873725891113,0.44144514203071594,-0.0002582412271294743,0.513866662979126,0.4248529374599457,-0.002915032207965851,0.5183253288269043,0.41326478123664856,-0.005479651968926191,0.5216671228408813,0.40338119864463806,-0.007241240236908197,0.4998365044593811,0.4352671802043915,-0.001297274837270379,0.505589485168457,0.4138830602169037,-0.0033338693901896477,0.5086942911148071,0.39968279004096985,-0.005616402253508568,0.5110114812850952,0.387634813785553,-0.007202239241451025,0.4930599629878998,0.43403518199920654,-0.0029913068283349276,0.49649426341056824,0.4134628474712372,-0.005505778361111879,0.49891170859336853,0.40012314915657043,-0.007641929667443037,0.5012134313583374,0.3888440728187561,-0.009050526656210423,0.48545095324516296,0.4376528859138489,-0.005006630439311266,0.4828547239303589,0.4213717579841614,-0.0077404300682246685,0.4816511273384094,0.4099459648132324,-0.008808325044810772,0.4811301827430725,0.3993713855743408,-0.00923626497387886
733,24.45479297365119,0,Right,0.8411791324615479,0.5554857850074768,0.4960850775241852,8.762012271290587e-08,0.5454251170158386,0.4765680730342865,-0.0017524820286780596,0.538753092288971,0.4572611153125763,-0.0015619993209838867,0.5356801152229309,0.4414639472961426,-0.0017166347242891788,0.5331348180770874,0.42841580510139465,-0.001495436066761613,0.5446940660476685,0.4351779818534851,0.004383663646876812,0.5408291816711426,0.4151090383529663,0.00376801285892725,0.5388575196266174,0.40252697467803955,0.0020654243417084217,0.537784993648529,0.3913375437259674,0.0007343607721850276,0.5507329106330872,0.4327149987220764,0.0037650438025593758,0.5492308139801025,0.41089487075805664,0.004220698028802872,0.5483136773109436,0.39718151092529297,0.0027409454341977835,0.5479158163070679,0.38547369837760925,0.0014716490404680371,0.5566936135292053,0.43446382880210876,0.0023416897747665644,0.556614100933075,0.41533157229423523,0.002534407190978527,0.5559971332550049,0.4031836688518524,0.0014444777043536305,0.5554269552230835,0.39291882514953613,0.0003559967444743961,0.5628781914710999,0.4404955208301544,0.00044993290794081986,0.5655288100242615,0.42670464515686035,0.0007009944529272616,0.5670711398124695,0.41756343841552734,0.0009011654183268547,0.5685576796531677,0.40922683477401733,0.0009696291526779532
733,24.45479297365119,1,Left,0.962613046169281,0.4841656982898712,0.46860364079475403,1.0112553638919053e-07,0.49629634618759155,0.45735326409339905,-0.0022646633442491293,0.5059551000595093,0.44326886534690857,-0.0029037187341600657,0.5127258896827698,0.43010538816452026,-0.003834701608866453,0.5173652768135071,0.41873493790626526,-0.004697459749877453,0.5038502812385559,0.41790226101875305,0.0007879697368480265,0.5116395354270935,0.40220946073532104,-0.00161463872063905,0.5162485241889954,0.3915282189846039,-0.00411983672529459,0.5199580192565918,0.3824686110019684,-0.0058518871665000916,0.4981103241443634,0.41236555576324463,-0.0004068539710715413,0.5036439299583435,0.3922816216945648,-0.0020267157815396786,0.5067105293273926,0.37899595499038696,-0.004163095727562904,0.509072482585907,0.3676021695137024,-0.005759740713983774,0.49151065945625305,0.4115435481071472,-0.0022883221972733736,0.49474385380744934,0.391929030418396,-0.004377235192805529,0.49648645520210266,0.3792143166065216,-0.006214686669409275,0.49829918146133423,0.3683643639087677,-0.007534805219620466,0.48399093747138977,0.41565805673599243,-0.0045115649700164795,0.4809049665927887,0.39966583251953125,-0.006891809403896332,0.4796251654624939,0.3888559341430664,-0.007786530535668135,0.4790755808353424,0.37897902727127075,-0.008155602030456066
734,24.48815558343789,0,Right,0.8901083469390869,0.5595018267631531,0.47172024846076965,8.312948551747468e-08,0.5486003160476685,0.4529348909854889,-0.0017762384377419949,0.5417815446853638,0.4334682524204254,-0.0017733689164742827,0.5383692383766174,0.4162449240684509,-0.002142509212717414,0.5347560048103333,0.40281766653060913,-0.002200016053393483,0.5472409129142761,0.4109862148761749,0.004254969302564859,0.5425395369529724,0.39163702726364136,0.0031773315276950598,0.5400225520133972,0.37912264466285706,0.0010994275799021125,0.538546621799469,0.36758267879486084,-0.0005738564068451524,0.5532370209693909,0.40809810161590576,0.0034021835308521986,0.5510064959526062,0.38643690943717957,0.0031839243602007627,0.549628496170044,0.3725168704986572,0.0011378213530406356,0.5487449169158936,0.3600388765335083,-0.0005583098973147571,0.5590988993644714,0.40987998247146606,0.0017572665819898248,0.5586057305335999,0.3904784917831421,0.0010908745462074876,0.5577901005744934,0.377847284078598,-0.0004798809241037816,0.5569000840187073,0.36678528785705566,-0.0018620314076542854,0.5652344822883606,0.4164174199104309,-0.0003033758548554033,0.5679020285606384,0.40251052379608154,-0.0009629538981243968,0.5693345069885254,0.39274415373802185,-0.0012769754976034164,0.5704512596130371,0.38353466987609863,-0.0015512933023273945
734,24.48815558343789,1,Left,0.9622101187705994,0.4816606640815735,0.4466152489185333,1.0563663721541161e-07,0.49370819330215454,0.4354182481765747,-0.0029550723265856504,0.5031963586807251,0.4197770655155182,-0.003484557382762432,0.510032594203949,0.4058491587638855,-0.004100260324776173,0.5153332352638245,0.3952111005783081,-0.004562303423881531,0.5006310343742371,0.3952389359474182,0.000931987538933754,0.5081527233123779,0.3789343237876892,-0.0010963098611682653,0.5122858285903931,0.3680395185947418,-0.0033308174461126328,0.515669584274292,0.35904955863952637,-0.004877198021858931,0.4943263828754425,0.38978609442710876,0.00040275976061820984,0.4993313252925873,0.3699711859226227,-0.0009246945264749229,0.5024100542068481,0.3572476804256439,-0.002903502667322755,0.5051444172859192,0.3464294672012329,-0.004328293260186911,0.48750394582748413,0.3890572190284729,-0.0008829247090034187,0.4906468689441681,0.36972641944885254,-0.0027375819627195597,0.4926673471927643,0.35738101601600647,-0.0045642247423529625,0.4948679804801941,0.34709084033966064,-0.005839915946125984,0.4801819324493408,0.3930225074291229,-0.0025826592463999987,0.47763171792030334,0.37847429513931274,-0.004867399577051401,0.47620657086372375,0.3682316541671753,-0.005873657763004303,0.47546955943107605,0.3584315776824951,-0.006277475040405989
735,24.52151819322459,0,Right,0.8634911179542542,0.5637499690055847,0.4479624032974243,7.211349384306232e-08,0.5522323250770569,0.42973315715789795,-0.0011411042651161551,0.5450164079666138,0.41088199615478516,-0.0008098545949906111,0.5416528582572937,0.39502018690109253,-0.0009547937661409378,0.5392143726348877,0.3819473683834076,-0.0008505592704750597,0.5508806705474854,0.3877449631690979,0.004593187011778355,0.545571506023407,0.3689422011375427,0.0037293448112905025,0.542516827583313,0.3568432629108429,0.0017669093795120716,0.5405717492103577,0.34586480259895325,0.00015408529725391418,0.5568395853042603,0.38484257459640503,0.0035310909152030945,0.554080605506897,0.36380910873413086,0.003622972872108221,0.5524805188179016,0.35070085525512695,0.0016616892535239458,0.5512966513633728,0.3390282690525055,-1.4202028069121297e-05,0.5627755522727966,0.38670146465301514,0.001745471148751676,0.5618281960487366,0.36810585856437683,0.0016609253361821175,0.5608140230178833,0.35610830783843994,0.00031826304621063173,0.5597267746925354,0.34561142325401306,-0.0010767868952825665,0.5691041946411133,0.39305824041366577,-0.00041998355300165713,0.5708344578742981,0.3797944486141205,-0.0002984352468047291,0.5718078017234802,0.3712218999862671,-0.00010103265958605334,0.5726514458656311,0.36333560943603516,-0.00015456727123819292
735,24.52151819322459,1,Left,0.9588984847068787,0.47766727209091187,0.42447203397750854,1.0235802250235793e-07,0.4895020127296448,0.4121261239051819,-0.002390553941950202,0.4983748197555542,0.3963826298713684,-0.002854104619473219,0.5047513246536255,0.38274940848350525,-0.0034664864651858807,0.5095260739326477,0.3723219633102417,-0.004015826620161533,0.4954685866832733,0.37373873591423035,0.0003939641756005585,0.5030858516693115,0.3569895625114441,-0.0017254495760425925,0.5071620941162109,0.34580445289611816,-0.003874436719343066,0.5103357434272766,0.3367502689361572,-0.005299389827996492,0.48933127522468567,0.3690667450428009,-0.0003307487058918923,0.49410468339920044,0.34896284341812134,-0.0017211069352924824,0.49676987528800964,0.33599987626075745,-0.0036037873942404985,0.498910129070282,0.32522106170654297,-0.004938226193189621,0.4827488660812378,0.3688115179538727,-0.0016698313411325216,0.48548874258995056,0.34930065274238586,-0.0034098352771252394,0.4871903359889984,0.3365894854068756,-0.005136935506016016,0.4890649914741516,0.3258674740791321,-0.00637770863249898,0.4755849242210388,0.37326574325561523,-0.003344897413626313,0.4727194607257843,0.35955074429512024,-0.005553605034947395,0.471111536026001,0.3494963049888611,-0.006511733867228031,0.4702669084072113,0.339690238237381,-0.0068803695030510426
736,24.554880803011294,0,Right,0.8626949191093445,0.5683234333992004,0.4258671700954437,6.327892521085232e-08,0.5570313334465027,0.40786445140838623,-0.001430257223546505,0.550239622592926,0.38823750615119934,-0.0011081000557169318,0.5470147728919983,0.3715401887893677,-0.0012331563048064709,0.5436949133872986,0.3580641448497772,-0.001046745921485126,0.555626392364502,0.36633649468421936,0.004814657382667065,0.5510287284851074,0.3477129340171814,0.003939409274607897,0.5484542846679688,0.33608636260032654,0.0020923942793160677,0.5466883778572083,0.32533982396125793,0.0005068177706561983,0.5617585182189941,0.3638586103916168,0.003809855319559574,0.5590083003044128,0.34381216764450073,0.0037438534200191498,0.5576880574226379,0.3313654661178589,0.0019103531958535314,0.5566815137863159,0.3199203610420227,0.0003602489014156163,0.5680075287818909,0.366065114736557,0.0019947991240769625,0.5669053792953491,0.3485906720161438,0.001503713778220117,0.5661046504974365,0.3368275463581085,0.00025816509150899947,0.5650100708007812,0.32573163509368896,-0.000983876409009099,0.5750054121017456,0.3722611665725708,-0.00023813042207621038,0.576905369758606,0.3604455590248108,-0.0005699786124750972,0.5777080059051514,0.35232406854629517,-0.0005562578444369137,0.5781604647636414,0.34435054659843445,-0.0006944783381186426
736,24.554880803011294,1,Left,0.9651129841804504,0.47375717759132385,0.40440765023231506,9.962835889609778e-08,0.4848138391971588,0.39288330078125,-0.0029880369547754526,0.4935338497161865,0.3760609030723572,-0.003494428703561425,0.4993789792060852,0.3616809546947479,-0.003983859438449144,0.5036345720291138,0.3507871627807617,-0.004456968512386084,0.4895327687263489,0.3536405861377716,-0.0005833973991684616,0.4963098168373108,0.33624032139778137,-0.002827902790158987,0.5000026822090149,0.32504892349243164,-0.004926004912704229,0.5027241706848145,0.31584641337394714,-0.006346620619297028,0.483204185962677,0.3500112295150757,-0.0011936082737520337,0.48729825019836426,0.32927894592285156,-0.002850255463272333,0.4894487261772156,0.31620749831199646,-0.004899004008620977,0.4910707175731659,0.3052128851413727,-0.006383615080267191,0.4763946831226349,0.3509311378002167,-0.0024377666413784027,0.47889676690101624,0.3320034146308899,-0.004761852324008942,0.48040297627449036,0.3199511468410492,-0.006918701808899641,0.4818628132343292,0.3094661831855774,-0.008407950401306152,0.46909070014953613,0.3564263880252838,-0.00400594063103199,0.46601614356040955,0.34297314286231995,-0.006846453528851271,0.4640135169029236,0.3332659900188446,-0.00821828655898571,0.4626646339893341,0.32346081733703613,-0.008897258900105953
737,24.588243412797993,0,Right,0.810546875,0.5735320448875427,0.4050554633140564,6.290187570812122e-08,0.5629059076309204,0.3881660997867584,-0.0018779829842969775,0.5562870502471924,0.36919525265693665,-0.002080789301544428,0.5529032349586487,0.3529066741466522,-0.002609470160678029,0.550144612789154,0.3390476703643799,-0.002839419525116682,0.5620468854904175,0.34853947162628174,0.003267719643190503,0.5578703284263611,0.32919299602508545,0.0019028526730835438,0.5555596351623535,0.3174300789833069,-3.275867129559629e-05,0.5540524125099182,0.3069598972797394,-0.0015944814076647162,0.5683223605155945,0.3467719256877899,0.0024580019526183605,0.5658629536628723,0.3262540400028229,0.002059062710031867,0.564699649810791,0.314125657081604,0.0003909961960744113,0.5639224648475647,0.30368146300315857,-0.0010006721131503582,0.5745927691459656,0.3493950366973877,0.0008826013072393835,0.5737358331680298,0.33114752173423767,0.00021987441868986934,0.573147714138031,0.31959062814712524,-0.0006301448447629809,0.5724582672119141,0.30901145935058594,-0.0015601791674271226,0.581348180770874,0.35585981607437134,-0.0011231466196477413,0.5833921432495117,0.3439728021621704,-0.0015956913121044636,0.5845529437065125,0.3358672261238098,-0.0014173625968396664,0.5854853391647339,0.3282472789287567,-0.0013756982516497374
737,24.588243412797993,1,Left,0.9681769609451294,0.4681881070137024,0.38661012053489685,8.845955079550549e-08,0.47889384627342224,0.37455224990844727,-0.0024209395051002502,0.48666077852249146,0.35683390498161316,-0.0026378370821475983,0.491422176361084,0.34235090017318726,-0.002965828636661172,0.49485543370246887,0.33160600066185,-0.003309608204290271,0.48142462968826294,0.33605384826660156,-1.6551926819374785e-05,0.4868882894515991,0.3186008930206299,-0.002115941606462002,0.4898797571659088,0.307852178812027,-0.00406327098608017,0.49200722575187683,0.2991972863674164,-0.005436338018625975,0.4750574827194214,0.3335254192352295,-0.0009106125216931105,0.47800683975219727,0.3127634525299072,-0.0026114971842616796,0.479867547750473,0.300632119178772,-0.004524282645434141,0.48120594024658203,0.290802925825119,-0.005903992801904678,0.4684624969959259,0.3356163501739502,-0.0024241479113698006,0.4695424735546112,0.316177636384964,-0.004773427732288837,0.47044217586517334,0.30418094992637634,-0.0067966696806252,0.4714198112487793,0.29403117299079895,-0.008186107501387596,0.46173712611198425,0.3419235050678253,-0.004216409754008055,0.4580415189266205,0.3285647928714752,-0.0070121632888913155,0.4557628631591797,0.3190641701221466,-0.00840483047068119,0.45418310165405273,0.3097727596759796,-0.009156319312751293
738,24.621606022584693,0,Right,0.78536456823349,0.5794981718063354,0.3872857093811035,6.286891363060931e-08,0.5695284008979797,0.3714284598827362,-0.003087322460487485,0.563048243522644,0.3526865541934967,-0.0037241880781948566,0.559546947479248,0.3360207974910736,-0.004400113597512245,0.5576118230819702,0.321907103061676,-0.004739976953715086,0.5698091387748718,0.33249396085739136,0.0020609425846487284,0.5660319328308105,0.31361478567123413,0.0003733232442755252,0.5641926527023315,0.30228206515312195,-0.001749483053572476,0.5631738901138306,0.29218560457229614,-0.003433109261095524,0.5761719346046448,0.3310779631137848,0.0018497754354029894,0.5746297836303711,0.31154799461364746,0.0012381293345242739,0.5737802982330322,0.3001759350299835,-0.0004352395480964333,0.5731254816055298,0.2906361222267151,-0.0018350130412727594,0.5822945237159729,0.33408215641975403,0.0007742437883280218,0.5821422934532166,0.31650394201278687,-0.00014931370969861746,0.5816637277603149,0.30600082874298096,-0.0010658553801476955,0.5810505151748657,0.2965870797634125,-0.0020270340610295534,0.5885969400405884,0.341103732585907,-0.000825677823740989,0.5910983681678772,0.33094263076782227,-0.0016263683792203665,0.5923885703086853,0.3240506649017334,-0.0016726093599572778,0.5935138463973999,0.3176240026950836,-0.0017777648754417896
738,24.621606022584693,1,Left,0.9638005495071411,0.46171197295188904,0.3714160621166229,8.93900136134107e-08,0.47137609124183655,0.3587053120136261,-0.0028859011363238096,0.47827762365341187,0.3410792946815491,-0.0033110359217971563,0.4827306568622589,0.32599422335624695,-0.003748171264305711,0.48558172583580017,0.3143632411956787,-0.004213618580251932,0.4721430838108063,0.32112348079681396,-0.00024704067618586123,0.47665679454803467,0.3035620152950287,-0.002275508362799883,0.4791531562805176,0.2928445637226105,-0.0042930301278829575,0.48103079199790955,0.28373026847839355,-0.005796374753117561,0.46568140387535095,0.3194509446620941,-0.0008617539424449205,0.4676329493522644,0.3004724383354187,-0.0023665193002671003,0.4687199890613556,0.2890840172767639,-0.004308236297219992,0.4695303440093994,0.2792215943336487,-0.00581422308459878,0.4591986835002899,0.3222920298576355,-0.00212927907705307,0.4592357277870178,0.30409592390060425,-0.0042494176886975765,0.45940616726875305,0.2924214005470276,-0.006215884815901518,0.45981907844543457,0.2821926772594452,-0.007673481944948435,0.4529854655265808,0.3294903337955475,-0.0037388282362371683,0.44883397221565247,0.3181985020637512,-0.006320927292108536,0.4462861716747284,0.3100845515727997,-0.0076076192781329155,0.4443800449371338,0.30186280608177185,-0.008344205096364021
739,24.654968632371393,0,Right,0.7968760132789612,0.5854811072349548,0.3721497654914856,5.306194239551587e-08,0.5761662721633911,0.3570833206176758,-0.0028499194886535406,0.5703549385070801,0.33795487880706787,-0.00319845462217927,0.5679357647895813,0.3219826817512512,-0.0035901048686355352,0.5670549273490906,0.3088170289993286,-0.003700540168210864,0.5785303115844727,0.3198871910572052,0.0016994047909975052,0.5756518840789795,0.30167680978775024,0.0003093602426815778,0.5742396116256714,0.2909180521965027,-0.0014483084669336677,0.573422372341156,0.28153228759765625,-0.002859316533431411,0.5850517153739929,0.3197256326675415,0.0014788216212764382,0.5848062634468079,0.3010474443435669,0.0010780490702018142,0.584564745426178,0.2903956174850464,-0.0002747262187767774,0.5843237638473511,0.28130191564559937,-0.0014321545604616404,0.5911118388175964,0.3235361576080322,0.00048129723290912807,0.5916433334350586,0.30708178877830505,-0.0003545582585502416,0.5916483402252197,0.29789161682128906,-0.0010617630323395133,0.5914710164070129,0.2894052565097809,-0.0018192005809396505,0.5969740748405457,0.33089587092399597,-0.0009821179555729032,0.5996052026748657,0.32118144631385803,-0.0016672976780682802,0.6013124585151672,0.31546950340270996,-0.0014697181759402156,0.602809488773346,0.3101322650909424,-0.0013823725748807192
739,24.654968632371393,1,Left,0.9728227853775024,0.4537307322025299,0.3600080907344818,9.362933184320354e-08,0.4630099833011627,0.34644970297813416,-0.003383115865290165,0.46871450543403625,0.3288382887840271,-0.004021031782031059,0.4721478819847107,0.313200443983078,-0.004548646975308657,0.4742821156978607,0.3009020984172821,-0.005054316483438015,0.4616599678993225,0.3106313645839691,-0.0007604031707160175,0.4653905928134918,0.2922758162021637,-0.0029210452921688557,0.46732690930366516,0.281363844871521,-0.004957906901836395,0.46867385506629944,0.27259576320648193,-0.006390633527189493,0.4551582932472229,0.309979110956192,-0.0010453369468450546,0.45600971579551697,0.29077836871147156,-0.0025250075850635767,0.4564432203769684,0.2794334590435028,-0.004460400901734829,0.4567319452762604,0.27043384313583374,-0.00592315848916769,0.4489659070968628,0.31387513875961304,-0.00200992776080966,0.44784030318260193,0.2963378131389618,-0.004081458784639835,0.44724974036216736,0.2850273549556732,-0.0061182621866464615,0.4470265209674835,0.27566254138946533,-0.007597319781780243,0.4433022439479828,0.3218473792076111,-0.0033477251417934895,0.4388474225997925,0.3121785521507263,-0.005956848617643118,0.43603307008743286,0.30513083934783936,-0.007334326393902302,0.4338700771331787,0.2983373999595642,-0.008075879886746407
740,24.688331242158092,0,Right,0.8209643959999084,0.591776967048645,0.36478298902511597,4.393458397089489e-08,0.5831319093704224,0.34975090622901917,-0.002453920431435108,0.5787644386291504,0.3287602663040161,-0.0023467037826776505,0.5773880481719971,0.3119480013847351,-0.0023211315274238586,0.5761813521385193,0.2987503111362457,-0.0020548622123897076,0.5880153179168701,0.31306546926498413,0.002024922287091613,0.5861371159553528,0.2953302264213562,0.0008824714459478855,0.5854412913322449,0.2845596969127655,-0.0006192875443957746,0.5851820111274719,0.275686651468277,-0.0018898232374340296,0.5946312546730042,0.3134123980998993,0.001637391746044159,0.5951975584030151,0.29510217905044556,0.001464328495785594,0.5957061052322388,0.2848619818687439,0.00027705516549758613,0.5960776209831238,0.27687373757362366,-0.0007551443413831294,0.6004692316055298,0.3180431127548218,0.0004922877997159958,0.601826548576355,0.3017406165599823,-0.0003154571750201285,0.6022939682006836,0.29272526502609253,-0.00125600874889642,0.6025846004486084,0.2846824526786804,-0.002193043939769268,0.6060064435005188,0.32634246349334717,-0.0010539655340835452,0.6094895601272583,0.31777486205101013,-0.001989413518458605,0.6114209294319153,0.31256160140037537,-0.0021884075831621885,0.6129259467124939,0.30780982971191406,-0.002379195298999548
740,24.688331242158092,1,Left,0.9695676565170288,0.44533848762512207,0.35304105281829834,8.985000476968708e-08,0.45419925451278687,0.3375823199748993,-0.0028486393857747316,0.45898541808128357,0.3196217119693756,-0.0031887018121778965,0.4614527225494385,0.3042355477809906,-0.003521375358104706,0.4627835154533386,0.2922752797603607,-0.00385376438498497,0.45065292716026306,0.30415982007980347,1.0062119599751895e-06,0.45353588461875916,0.28594809770584106,-0.0016231462359428406,0.4551818370819092,0.27542921900749207,-0.003366470569744706,0.4563523530960083,0.2669523060321808,-0.004680792801082134,0.44432878494262695,0.3045094907283783,-0.00040826716576702893,0.44390881061553955,0.2857512831687927,-0.0015154659049585462,0.4438205659389496,0.2748487591743469,-0.0033913864754140377,0.44384118914604187,0.2658541202545166,-0.0049129268154501915,0.4384239912033081,0.3089389503002167,-0.0014520322438329458,0.43613579869270325,0.2921167016029358,-0.0032672847155481577,0.43508705496788025,0.28132885694503784,-0.005365689285099506,0.4346078932285309,0.272471159696579,-0.0069282823242247105,0.4329841732978821,0.3171873390674591,-0.0028134610038250685,0.4276880919933319,0.30749672651290894,-0.005256017204374075,0.42415133118629456,0.3008236289024353,-0.006690858397632837,0.42135897278785706,0.2945217192173004,-0.0075238109566271305
741,24.721693851944792,0,Right,0.7294455766677856,0.5993486046791077,0.35947176814079285,4.1779156134680306e-08,0.5917099118232727,0.3434319496154785,-0.002505894284695387,0.588294506072998,0.32274413108825684,-0.002491228748112917,0.5871173143386841,0.3065739572048187,-0.002588700968772173,0.586399257183075,0.2933410704135895,-0.0023981633130460978,0.5976234674453735,0.3080475926399231,0.00225716270506382,0.5967046022415161,0.2907244563102722,0.0010696823010221124,0.5966957211494446,0.28051871061325073,-0.0004397690063342452,0.5968071818351746,0.2722700238227844,-0.0016237301751971245,0.6042004227638245,0.3091566860675812,0.0019503312651067972,0.605858564376831,0.29137295484542847,0.0015679060015827417,0.6068248748779297,0.2826668322086334,0.0004723448073491454,0.6072952747344971,0.2769387662410736,-0.00025698330136947334,0.6099039912223816,0.314220666885376,0.0008671865216456354,0.6121071577072144,0.2978430390357971,-3.744243804248981e-05,0.6129106283187866,0.2895926237106323,-0.0006439968128688633,0.6134316325187683,0.28281691670417786,-0.0011361886281520128,0.6151138544082642,0.3228306770324707,-0.0006395219243131578,0.6195342540740967,0.3145369589328766,-0.0016318386187776923,0.622218132019043,0.30970069766044617,-0.0017056362703442574,0.6244094967842102,0.30553728342056274,-0.0016404340276494622
741,24.721693851944792,1,Left,0.9743667840957642,0.43604332208633423,0.3476192355155945,8.640941473458952e-08,0.44418203830718994,0.331327885389328,-0.002295844489708543,0.4481668770313263,0.31290438771247864,-0.002311302348971367,0.4500824511051178,0.29817578196525574,-0.0024173182900995016,0.4510277211666107,0.28732749819755554,-0.0025536157190799713,0.43913015723228455,0.30008652806282043,0.00039809191366657615,0.44091886281967163,0.2824760973453522,-0.0009425420430488884,0.44194552302360535,0.27209606766700745,-0.0024612543638795614,0.44249653816223145,0.26391685009002686,-0.003648341167718172,0.43276163935661316,0.3012131154537201,-0.00016871820844244212,0.43131566047668457,0.28296181559562683,-0.0011012207251042128,0.43053632974624634,0.2725215256214142,-0.002859689760953188,0.4299685060977936,0.26466935873031616,-0.004288178868591785,0.4270719289779663,0.3063300848007202,-0.0012933771358802915,0.4235779047012329,0.28999683260917664,-0.0029789162799715996,0.42167821526527405,0.27976205945014954,-0.005095231346786022,0.4205445647239685,0.271754652261734,-0.006672123912721872,0.42214077711105347,0.31527072191238403,-0.0026682205498218536,0.416721373796463,0.30641984939575195,-0.004926920868456364,0.4128805696964264,0.3007698357105255,-0.006316804327070713,0.40983206033706665,0.29576602578163147,-0.007158332038670778
742,24.755056461731492,0,Right,0.8076310753822327,0.608005702495575,0.35983917117118835,3.644402468694352e-08,0.6012250781059265,0.3418567478656769,-0.002735714428126812,0.5976852178573608,0.3213551938533783,-0.00322342780418694,0.5971229076385498,0.3049149215221405,-0.003807325614616275,0.5982142090797424,0.2918412685394287,-0.004102122504264116,0.608154833316803,0.30845358967781067,0.0015918347053229809,0.6080894470214844,0.29141753911972046,-0.00012248085113242269,0.6084281206130981,0.2812997102737427,-0.0018631856655701995,0.6089958548545837,0.27309560775756836,-0.0032457192428410053,0.6145981550216675,0.3106386363506317,0.0011223884066566825,0.6167421340942383,0.2942850887775421,-1.8574723071651533e-05,0.6179891228675842,0.2848566472530365,-0.0017667291685938835,0.6190899610519409,0.2769249677658081,-0.0030627241358160973,0.6200452446937561,0.31645748019218445,-0.0001142633191193454,0.6230636239051819,0.3021678328514099,-0.002071441151201725,0.6241571307182312,0.2942853271961212,-0.0034707679878920317,0.6250225901603699,0.28717756271362305,-0.00440271245315671,0.6248483061790466,0.3255704641342163,-0.0017074119532480836,0.6293508410453796,0.31853780150413513,-0.0036798894871026278,0.6320778727531433,0.3142842650413513,-0.004380721133202314,0.6344058513641357,0.31029412150382996,-0.004686139523983002
742,24.755056461731492,1,Left,0.9511317610740662,0.42564383149147034,0.34818771481513977,8.332657586151981e-08,0.4334484040737152,0.3304245173931122,-0.0026162206195294857,0.43698403239250183,0.3111189305782318,-0.0026364317163825035,0.43839672207832336,0.2964179515838623,-0.002627146663144231,0.4385479688644409,0.2854933738708496,-0.002646935638040304,0.4271925687789917,0.3014216423034668,6.106135697336867e-05,0.4283989667892456,0.2843036949634552,-0.0013265012530609965,0.4287339746952057,0.273926705121994,-0.0029283403418958187,0.4288327693939209,0.26540854573249817,-0.0041733100079,0.42082226276397705,0.3036045432090759,-0.00011699298192979768,0.41888654232025146,0.2866981625556946,-0.0007895568269304931,0.41809284687042236,0.2766874134540558,-0.002391656395047903,0.4174794852733612,0.26882556080818176,-0.003822845872491598,0.4154060184955597,0.3091143071651459,-0.0008708495297469199,0.4117027819156647,0.2948623299598694,-0.0021562427282333374,0.40982258319854736,0.2861475944519043,-0.004035738296806812,0.40847906470298767,0.2792275547981262,-0.005586837884038687,0.4110167622566223,0.3182244896888733,-0.0019392365356907248,0.4059610664844513,0.31089988350868225,-0.003742339089512825,0.4025123119354248,0.306974858045578,-0.004909315146505833,0.39964982867240906,0.30343097448349,-0.005712219513952732
743,24.78841907151819,0,Right,0.786649227142334,0.6158490180969238,0.361387699842453,3.4176114382944434e-08,0.6100475192070007,0.34240031242370605,-0.002163666533306241,0.6083037853240967,0.3217867910861969,-0.002013322664424777,0.6085824966430664,0.30624595284461975,-0.002026396105065942,0.6094782948493958,0.29400765895843506,-0.001762029598467052,0.6193305850028992,0.31146031618118286,0.0027685421518981457,0.6203258037567139,0.2956145703792572,0.0017240617889910936,0.6209607720375061,0.2860981822013855,0.00019901420455425978,0.6217749118804932,0.27812668681144714,-0.0010451636044308543,0.6253889203071594,0.31449228525161743,0.002388215158134699,0.6286113858222961,0.29930567741394043,0.002237222623080015,0.6304121017456055,0.29046961665153503,0.0008412257302552462,0.6320470571517944,0.2830020785331726,-0.0002993384259752929,0.6304033994674683,0.3207857012748718,0.001284286379814148,0.6344518661499023,0.30725714564323425,0.0004259028937667608,0.6363537311553955,0.30005475878715515,-0.000642250117380172,0.6380723118782043,0.29364919662475586,-0.0015200987691059709,0.6344503164291382,0.330096572637558,-0.00018305353296454996,0.6395595669746399,0.32388460636138916,-0.001164308632723987,0.6426084637641907,0.32055461406707764,-0.0014350720448419452,0.6453880667686462,0.31751611828804016,-0.0015390488551929593
743,24.78841907151819,1,Right,0.6587659120559692,0.4171048104763031,0.34971630573272705,2.9231074449853622e-08,0.4088270664215088,0.3395831882953644,3.587526225601323e-05,0.4033050537109375,0.32626205682754517,0.0008989834459498525,0.3993263244628906,0.31619787216186523,0.001369088189676404,0.3959870934486389,0.3107626736164093,0.0018373335478827357,0.4051596522331238,0.31105396151542664,0.0031913951970636845,0.40105128288269043,0.2965930998325348,0.003299812087789178,0.39900311827659607,0.28804653882980347,0.00289578502997756,0.39733439683914185,0.28169718384742737,0.0023948950693011284,0.41037657856941223,0.30700114369392395,0.001926298951730132,0.40754207968711853,0.2898234724998474,0.0020443028770387173,0.4060685932636261,0.2804063558578491,0.0012310559395700693,0.40452107787132263,0.2737467586994171,0.000609008246101439,0.4165067672729492,0.30691060423851013,0.0002622963802423328,0.4160626232624054,0.28967875242233276,-0.000436240341514349,0.41570863127708435,0.27896568179130554,-0.0018597374437376857,0.4149143397808075,0.27054208517074585,-0.002932950621470809,0.4229128360748291,0.31057873368263245,-0.0014335435116663575,0.4253081679344177,0.29943472146987915,-0.0021966604981571436,0.4255945384502411,0.29193881154060364,-0.00262999814003706,0.4250180721282959,0.2859547436237335,-0.0029410042334347963
744,24.821781681304895,0,Right,0.8484644889831543,0.6248230934143066,0.3644196689128876,3.253301272820863e-08,0.62007737159729,0.34508389234542847,-0.002152112079784274,0.6194671392440796,0.32350000739097595,-0.0018866786267608404,0.6203528642654419,0.3078835606575012,-0.0017747509991750121,0.6210930943489075,0.2957471013069153,-0.0014233853435143828,0.6303954720497131,0.3163098692893982,0.002221472095698118,0.6322703957557678,0.3004637062549591,0.0012081412132829428,0.633732259273529,0.2911175489425659,-8.498382521793246e-05,0.6351526975631714,0.28371667861938477,-0.00117683841381222,0.6364800930023193,0.3203510046005249,0.0017119328258559108,0.6403210163116455,0.3054555654525757,0.001345141907222569,0.6425327062606812,0.2968800663948059,-3.627462501754053e-05,0.6444193720817566,0.29033389687538147,-0.0011215731501579285,0.6413161158561707,0.32746291160583496,0.0005108742043375969,0.6460307836532593,0.31487101316452026,-0.0006546753575094044,0.6482616066932678,0.30813348293304443,-0.0018835847731679678,0.6502926349639893,0.30243736505508423,-0.002820839174091816,0.6449535489082336,0.33734628558158875,-0.0010160424280911684,0.650038480758667,0.33214566111564636,-0.0022798501886427402,0.6530776619911194,0.3292706608772278,-0.0027325525879859924,0.6557319760322571,0.3266933858394623,-0.002979077398777008
744,24.821781681304895,1,Left,0.9119538068771362,0.40613922476768494,0.35166263580322266,8.291946329563871e-08,0.4126652181148529,0.3325034976005554,-0.002020131330937147,0.4144093096256256,0.31444472074508667,-0.0017461980460211635,0.4144849181175232,0.3008364737033844,-0.0016309014754369855,0.4139286279678345,0.29071205854415894,-0.001611504121683538,0.4047790765762329,0.3081541955471039,0.0015357194934040308,0.404224157333374,0.29256340861320496,0.0005892906337976456,0.40371277928352356,0.28302842378616333,-0.000893636024557054,0.40307384729385376,0.27506744861602783,-0.002116490388289094,0.39860281348228455,0.31196728348731995,0.001257352763786912,0.39529186487197876,0.29727301001548767,0.0011092834174633026,0.3934471905231476,0.2886374592781067,-0.0004583535483106971,0.39168521761894226,0.28175118565559387,-0.001900446368381381,0.39381659030914307,0.3187088072299957,0.000406180159188807,0.38937392830848694,0.30745017528533936,-0.00031161317019723356,0.3866758346557617,0.30043545365333557,-0.002085695508867502,0.3845333158969879,0.2946716547012329,-0.0036212413106113672,0.3905750811100006,0.32809412479400635,-0.0007340763113461435,0.3862469494342804,0.32299691438674927,-0.0017775122541934252,0.3838311731815338,0.321431428194046,-0.0024950176011770964,0.38208648562431335,0.31990566849708557,-0.0030597983859479427
745,24.855144291091595,0,Right,0.8178361058235168,0.6333833932876587,0.37023186683654785,3.249012792139183e-08,0.6295311450958252,0.35088345408439636,-0.001816737581975758,0.6300009489059448,0.3293260633945465,-0.0013290736824274063,0.6311488151550293,0.31438201665878296,-0.0010489259148016572,0.6321706175804138,0.30274248123168945,-0.0004968142602592707,0.6414906978607178,0.32311710715293884,0.003038192866370082,0.6442745327949524,0.3082367777824402,0.0024849618785083294,0.6462869644165039,0.2996075451374054,0.0014579513808712363,0.6480437517166138,0.2928113043308258,0.0005616078851744533,0.6474098563194275,0.3280342221260071,0.002518795197829604,0.6524618864059448,0.3143771290779114,0.0026989667676389217,0.6551880240440369,0.30710119009017944,0.0016405327478423715,0.6572723388671875,0.30167651176452637,0.0008195221307687461,0.6520525217056274,0.33568358421325684,0.0013335506664589047,0.6574221253395081,0.324241042137146,0.0007979488582350314,0.6598488092422485,0.31844836473464966,4.0916474972618744e-05,0.6619753241539001,0.3137083351612091,-0.000581265427172184,0.6553481817245483,0.34576699137687683,-0.00018357396766077727,0.660494327545166,0.34140095114707947,-0.0007827697554603219,0.6636407375335693,0.33941933512687683,-0.0007374036940746009,0.6663281321525574,0.337820440530777,-0.0006323358393274248
745,24.855144291091595,1,Left,0.8203616738319397,0.39670825004577637,0.35618501901626587,7.78732527351167e-08,0.40224215388298035,0.3385733664035797,-0.002022350439801812,0.40318605303764343,0.32076629996299744,-0.001846690778620541,0.40346938371658325,0.30774441361427307,-0.0017898081569001079,0.4027954041957855,0.29839009046554565,-0.0018321187235414982,0.3943159878253937,0.3148481845855713,0.0010706837056204677,0.39295393228530884,0.2995382249355316,0.0003544313076417893,0.3919751048088074,0.2905990481376648,-0.000886161404196173,0.3910388946533203,0.28343233466148376,-0.001944968942552805,0.38870933651924133,0.3192232847213745,0.0008141375728882849,0.38496267795562744,0.3055180013179779,0.0006861176225356758,0.3829846978187561,0.29780441522598267,-0.0008028794545680285,0.38131096959114075,0.2921336889266968,-0.002190381521359086,0.3843832015991211,0.3263932168483734,5.7857523643178865e-05,0.3797839879989624,0.3159365653991699,-0.0005476835067383945,0.37717658281326294,0.3097529709339142,-0.001972348429262638,0.37528306245803833,0.3050435781478882,-0.00327858654782176,0.3814018666744232,0.3359266519546509,-0.0009788970928639174,0.37765657901763916,0.32970982789993286,-0.0017115746159106493,0.3758434057235718,0.32704949378967285,-0.002074456075206399,0.3747279644012451,0.32475021481513977,-0.0024517893325537443
746,24.888506900878294,0,Right,0.815963864326477,0.6428181529045105,0.37649351358413696,2.7447484285403334e-08,0.639743447303772,0.3565017879009247,-0.0017692898400127888,0.6401870250701904,0.3361445963382721,-0.0016851895488798618,0.6417003870010376,0.3218115568161011,-0.0018645620439201593,0.6440301537513733,0.3109510540962219,-0.0017601486761122942,0.6519604325294495,0.3314211070537567,0.0027554233092814684,0.6556168794631958,0.3181245028972626,0.0017878259532153606,0.6577359437942505,0.31055450439453125,0.0004631994816008955,0.6595861911773682,0.3042842149734497,-0.0005969978519715369,0.6575658917427063,0.3372363746166229,0.0021476654801517725,0.662770688533783,0.32549867033958435,0.001939913840033114,0.6657175421714783,0.3189522325992584,0.0007565745618194342,0.6682813167572021,0.3135945200920105,-0.00021309407020453364,0.6619099378585815,0.3453863263130188,0.0008514063665643334,0.66728276014328,0.3362617790699005,-7.454329897882417e-05,0.6701024174690247,0.33116450905799866,-0.0008381871157325804,0.6726508736610413,0.326878160238266,-0.0014390938449651003,0.6648365259170532,0.355496346950531,-0.000768753292504698,0.6702658534049988,0.35207363963127136,-0.0016249584732577205,0.6735914945602417,0.3509288430213928,-0.0015820713015273213,0.6764410734176636,0.3500449061393738,-0.0014693171251565218
746,24.888506900878294,1,Left,0.9013234376907349,0.38836586475372314,0.3639850616455078,7.329907703024219e-08,0.392374724149704,0.3465672731399536,-0.0018877092516049743,0.3927939832210541,0.3290965259075165,-0.0014822302618995309,0.3927854597568512,0.31623852252960205,-0.0011596670374274254,0.3918352723121643,0.3075663447380066,-0.0008760974742472172,0.3836342990398407,0.32458755373954773,0.0020647281780838966,0.38190990686416626,0.3098519742488861,0.001716670929454267,0.3810080289840698,0.3010179400444031,0.0005136891268193722,0.3800576627254486,0.29371681809425354,-0.0004815232241526246,0.37851208448410034,0.32951420545578003,0.0022157018538564444,0.3740488588809967,0.3174326717853546,0.0028043794445693493,0.37201738357543945,0.3103824853897095,0.001651116064749658,0.37018492817878723,0.3051595687866211,0.00047900748904794455,0.3749469220638275,0.3364167809486389,0.0018451756332069635,0.37043115496635437,0.3273950517177582,0.002196963643655181,0.36793631315231323,0.32211339473724365,0.0013629910536110401,0.36606085300445557,0.318244993686676,0.000459214934380725,0.3728557229042053,0.3448264002799988,0.0011276832083240151,0.36893606185913086,0.33860087394714355,0.0012919725850224495,0.36708253622055054,0.33579057455062866,0.001471643103286624,0.3658796548843384,0.3330766558647156,0.0015120075549930334
747,24.921869510664994,0,Right,0.8723452091217041,0.6505382657051086,0.3854086399078369,2.483912631134899e-08,0.6480522751808167,0.36620643734931946,-0.0010788876097649336,0.6498505473136902,0.34646517038345337,-0.0006897055427543819,0.6525949835777283,0.3332442045211792,-0.0006675990298390388,0.6548588871955872,0.32309168577194214,-0.0004407847300171852,0.6615161299705505,0.34305381774902344,0.0025881524197757244,0.6657257676124573,0.33074983954429626,0.001760058687068522,0.6683353185653687,0.3240847587585449,0.0006785888108424842,0.6702902317047119,0.3187548816204071,-0.00014375375758390874,0.6667919158935547,0.3496369421482086,0.0016564553370699286,0.6730758547782898,0.33951228857040405,0.0015135490102693439,0.6762272715568542,0.3337286710739136,0.00047035241732373834,0.6783233880996704,0.3293054401874542,-0.0002516999375075102,0.6705673933029175,0.35830697417259216,0.00019245498697273433,0.6768251657485962,0.35018935799598694,-0.0005977351684123278,0.679207980632782,0.3456588685512543,-0.001179185346700251,0.6809871196746826,0.3419936001300812,-0.0015405727317556739,0.6726762652397156,0.36873647570610046,-0.0015282640233635902,0.6787064671516418,0.36676090955734253,-0.002398726064711809,0.6823590397834778,0.3657557964324951,-0.002325391164049506,0.6852168440818787,0.36517512798309326,-0.0020642420276999474
748,24.955232120451694,0,Right,0.8390906453132629,0.6588414907455444,0.39787089824676514,2.4816632304691666e-08,0.6563271880149841,0.37845519185066223,-0.0014959779800847173,0.6590360403060913,0.3584170639514923,-0.0009597131866030395,0.6623291373252869,0.3447265028953552,-0.000681123579852283,0.6648697257041931,0.33409199118614197,-7.967922283569351e-05,0.6711353063583374,0.35673996806144714,0.0032861565705388784,0.675471305847168,0.34515365958213806,0.0030578107107430696,0.6781260967254639,0.3388582766056061,0.0024233427830040455,0.6802839040756226,0.3339974284172058,0.0019388559740036726,0.6765866875648499,0.3635637164115906,0.0028712432831525803,0.6827964782714844,0.3544299602508545,0.003780932631343603,0.686025083065033,0.3496241569519043,0.0035868422128260136,0.6885430216789246,0.3459874987602234,0.0034523771610111,0.6804243326187134,0.37251877784729004,0.0018079235451295972,0.686736524105072,0.3651360273361206,0.0017982748104259372,0.6896591186523438,0.3614276051521301,0.0019062721403315663,0.6920499801635742,0.358670175075531,0.002018547151237726,0.6824642419815063,0.3827142119407654,0.00040572884608991444,0.6882347464561462,0.3810984790325165,0.00010245679732179269,0.6917039752006531,0.3807765543460846,0.0006085780914872885,0.6944630146026611,0.3808818757534027,0.0012313915649428964
749,24.988594730238393,0,Right,0.9288316369056702,0.6653214693069458,0.4090425968170166,2.264559384457243e-08,0.6643523573875427,0.38970544934272766,-0.0011277602752670646,0.6680278778076172,0.37128350138664246,-0.0009795671794563532,0.6718500852584839,0.35924530029296875,-0.0012109394883736968,0.6747648119926453,0.3498966097831726,-0.0012561832554638386,0.6803861856460571,0.37082114815711975,0.002492880215868354,0.6849473714828491,0.35992270708084106,0.001510087982751429,0.6876876354217529,0.3548941910266876,0.00028300180565565825,0.6897963881492615,0.35157981514930725,-0.0006261536036618054,0.6852179765701294,0.37863969802856445,0.0014900906244292855,0.6922867894172668,0.37053433060646057,0.0012255574110895395,0.6956722736358643,0.36682766675949097,8.803188393358141e-05,0.6979406476020813,0.3643028736114502,-0.000668307940941304,0.6882163882255554,0.3881604075431824,-4.810249083675444e-05,0.6952874064445496,0.38163191080093384,-0.0008977692923508584,0.6980603933334351,0.37864965200424194,-0.0014349904377013445,0.7001476883888245,0.37638258934020996,-0.0017608311027288437,0.6891469955444336,0.39887481927871704,-0.0018422872526571155,0.6952728629112244,0.39858341217041016,-0.0027238926850259304,0.698803722858429,0.3988417685031891,-0.002605085726827383,0.7014644145965576,0.39927345514297485,-0.0022948922123759985
750,25.021957340025093,0,Right,0.7234917879104614,0.6721810698509216,0.4365290105342865,-1.3593044023707535e-08,0.6722739934921265,0.4116509258747101,-0.0014112619683146477,0.6758950352668762,0.39034077525138855,-0.0015319624217227101,0.6795585751533508,0.3761162757873535,-0.0020736781880259514,0.6828586459159851,0.3662354648113251,-0.002341001760214567,0.690018892288208,0.3880772292613983,0.0032299794256687164,0.6965650320053101,0.37607595324516296,0.0023107887245714664,0.698438286781311,0.37230193614959717,0.0007239356054924428,0.6999926567077637,0.3691178858280182,-0.000593689561355859,0.6953651905059814,0.3962128460407257,0.0024634310975670815,0.7042413353919983,0.38587793707847595,0.0018682634690776467,0.7054311037063599,0.3847150206565857,0.0006748378509655595,0.7059281468391418,0.3846215605735779,-0.0001879784686025232,0.6985630393028259,0.406118780374527,0.0010658655082806945,0.7070757150650024,0.3987125754356384,0.0009169423137791455,0.7093283534049988,0.3970542252063751,0.0009931197855621576,0.7110099792480469,0.39555084705352783,0.0006386350723914802,0.6995246410369873,0.41838809847831726,-0.0007432512938976288,0.7058345675468445,0.4186319410800934,-0.0003148886316921562,0.7081330418586731,0.41887545585632324,0.0004664449079427868,0.7094723582267761,0.41903194785118103,0.0008246945217251778
750,25.021957340025093,1,Right,0.8997441530227661,0.6730712652206421,0.42522889375686646,1.1994595539022157e-08,0.672368586063385,0.40553805232048035,-0.0006761850672774017,0.6764551997184753,0.38700148463249207,-8.101012645056471e-05,0.6804268956184387,0.37520772218704224,9.759017848409712e-05,0.6837531924247742,0.36619552969932556,0.0005108316545374691,0.689003586769104,0.38790085911750793,0.0037960060872137547,0.6939781308174133,0.3782600462436676,0.0034557925537228584,0.6966032981872559,0.3735359311103821,0.0024018806871026754,0.6988410949707031,0.36955928802490234,0.001523027429357171,0.6936212182044983,0.3957374691963196,0.002822899492457509,0.7004165053367615,0.3886987566947937,0.0033459023106843233,0.7038577795028687,0.3854289650917053,0.002487375633791089,0.7065107226371765,0.38306960463523865,0.0017603031592443585,0.6965738534927368,0.4052371084690094,0.0012960138265043497,0.7037153840065002,0.4002789855003357,0.0012049473589286208,0.707131028175354,0.3978089392185211,0.0008303035865537822,0.7098832726478577,0.3960135281085968,0.00043926804210059345,0.6977545619010925,0.41557565331459045,-0.0004898888291791081,0.7036463022232056,0.41501274704933167,-0.0005683256313204765,0.7069374322891235,0.41557344794273376,-5.795694960397668e-05,0.7094686031341553,0.4162232577800751,0.0003628960403148085
751,25.055319949811793,0,Right,0.8403894305229187,0.6807761788368225,0.44078323245048523,1.8483254038414998e-08,0.6808471083641052,0.42085394263267517,-0.0009125465294346213,0.6855120062828064,0.40286168456077576,-0.0004888574476353824,0.6897795796394348,0.3916286528110504,-0.00046575002488680184,0.6936251521110535,0.3835859000682831,-0.0001689806958893314,0.6972121000289917,0.4062820374965668,0.003409620141610503,0.7029265761375427,0.396319180727005,0.002882546978071332,0.7059690356254578,0.3917674422264099,0.0019989456050097942,0.7084397077560425,0.3887145221233368,0.0013586748391389847,0.701147198677063,0.4147398769855499,0.002561380388215184,0.7081676721572876,0.40839675068855286,0.0027922221925109625,0.711942732334137,0.40516701340675354,0.0018946528434753418,0.7148463129997253,0.40313592553138733,0.0012521004537120461,0.7033606171607971,0.4245419502258301,0.001134504214860499,0.7102843523025513,0.42028892040252686,0.000716813316103071,0.7139285802841187,0.41800737380981445,0.0001682145957602188,0.7169377207756042,0.4164919853210449,-0.00022006963263265789,0.7038267850875854,0.43467986583709717,-0.0005265467334538698,0.7091547250747681,0.434842050075531,-0.0007580792298540473,0.7120888829231262,0.4354897737503052,-0.00035032289451919496,0.7143376469612122,0.4361855387687683,4.070758222951554e-05
752,25.088682559598496,0,Left,0.6006830930709839,0.3459136188030243,0.45855289697647095,7.88268437190709e-08,0.3371061086654663,0.45446422696113586,-0.003134029684588313,0.3279695510864258,0.44850701093673706,-0.0030236218590289354,0.32015129923820496,0.44866907596588135,-0.003244485706090927,0.3139146566390991,0.4466818869113922,-0.0033720629289746284,0.32761481404304504,0.4276977479457855,0.005429473239928484,0.32445618510246277,0.4133632779121399,0.007366531062871218,0.3223917484283447,0.40610820055007935,0.007296804338693619,0.32037684321403503,0.39974772930145264,0.006903516594320536,0.3282684087753296,0.42727863788604736,0.006515685003250837,0.32403409481048584,0.4154200851917267,0.00999317318201065,0.32095029950141907,0.4094674587249756,0.011035329662263393,0.31892862915992737,0.40469542145729065,0.011383330449461937,0.3298822343349457,0.4297378957271576,0.006591805722564459,0.32442039251327515,0.4210835099220276,0.009775801561772823,0.32154184579849243,0.4163993000984192,0.01146497018635273,0.3195739686489105,0.41202470660209656,0.012089544907212257,0.3321760594844818,0.4355383515357971,0.005869824904948473,0.3268607258796692,0.435085654258728,0.008152998052537441,0.3235883116722107,0.43558111786842346,0.009857919067144394,0.32124465703964233,0.43609899282455444,0.010973576456308365
752,25.088682559598496,1,Right,0.8788161277770996,0.6883093118667603,0.4583165645599365,2.739332494172686e-08,0.688596785068512,0.43847137689590454,-0.0018776236101984978,0.6934467554092407,0.42164087295532227,-0.0017309265676885843,0.6985602974891663,0.4104328453540802,-0.0018436925020068884,0.7032267451286316,0.40173959732055664,-0.0016215278301388025,0.7049937844276428,0.4254632294178009,0.0036468792241066694,0.7107471227645874,0.4168798327445984,0.00319342827424407,0.7139139175415039,0.41227152943611145,0.0021643885411322117,0.7165471911430359,0.40873080492019653,0.0013921173522248864,0.7084366083145142,0.43454575538635254,0.0032756959553807974,0.7155295610427856,0.42921045422554016,0.0038576165679842234,0.7193648219108582,0.4263330399990082,0.0032208338379859924,0.7225049734115601,0.4241524636745453,0.00267990306019783,0.7100650072097778,0.44437751173973083,0.0021208643447607756,0.7170403003692627,0.44131454825401306,0.001788928173482418,0.7209193110466003,0.4395931661128998,0.0014937965897843242,0.7240464091300964,0.4384162724018097,0.0013181734830141068,0.7100734114646912,0.45416197180747986,0.0006027570925652981,0.715691864490509,0.45381399989128113,0.00029644661117345095,0.7189804911613464,0.45428651571273804,0.0007831065449863672,0.7216259241104126,0.4548766613006592,0.0012556624133139849
753,25.122045169385196,0,Left,0.8504645228385925,0.3370576798915863,0.4724625051021576,7.37619103574616e-08,0.33715078234672546,0.45417454838752747,-0.0026667211204767227,0.333953857421875,0.4371988773345947,-0.002828504890203476,0.33134719729423523,0.4240413308143616,-0.003080722875893116,0.3292325735092163,0.4137895107269287,-0.0034159605856984854,0.32543522119522095,0.43619850277900696,0.0006247800192795694,0.32211074233055115,0.4222853183746338,-9.708903235150501e-05,0.31969109177589417,0.41472285985946655,-0.0014011719031259418,0.31731560826301575,0.4087074398994446,-0.0026293497066944838,0.3210769295692444,0.44522541761398315,0.00040770284249447286,0.3163878917694092,0.43603044748306274,0.00034666588180698454,0.3134165406227112,0.430562824010849,-0.0009479784639552236,0.31115686893463135,0.426527202129364,-0.002307400805875659,0.3187241852283478,0.4566980302333832,-0.0004222086863592267,0.31314826011657715,0.4500053822994232,-0.0014845144469290972,0.31011462211608887,0.4454897344112396,-0.0029533624183386564,0.3077872395515442,0.44132041931152344,-0.004294449929147959,0.31826072931289673,0.46967074275016785,-0.0015858006663620472,0.31264728307724,0.47074705362319946,-0.0035737850703299046,0.3087042570114136,0.4721846282482147,-0.004540807101875544,0.3050949275493622,0.4726496934890747,-0.005207988899201155
753,25.122045169385196,1,Right,0.9203048944473267,0.6954101920127869,0.4762663245201111,2.6149463039359944e-08,0.6965012550354004,0.4580506384372711,-0.0014863180695101619,0.7016653418540955,0.4419431686401367,-0.0015928249340504408,0.7066634297370911,0.431072860956192,-0.0018848441541194916,0.711382269859314,0.42421528697013855,-0.001977117033675313,0.7119139432907104,0.44522184133529663,0.00160680350381881,0.7188723683357239,0.43741029500961304,0.000264500267803669,0.7226957678794861,0.4335591197013855,-0.0013115491019561887,0.725605845451355,0.4307195842266083,-0.0024477611295878887,0.7143174409866333,0.4529062807559967,0.0011030748719349504,0.7219486236572266,0.44634389877319336,0.0006811156054027379,0.7257667183876038,0.44330090284347534,-0.00041776965372264385,0.7287057638168335,0.44158709049224854,-0.00129211088642478,0.715169370174408,0.46193769574165344,7.445396477123722e-05,0.7223678231239319,0.45719748735427856,-0.0006734091439284384,0.7259441614151001,0.4549710750579834,-0.0009916286217048764,0.729274332523346,0.45392513275146484,-0.0012822546996176243,0.7144443392753601,0.47146087884902954,-0.00120549276471138,0.7194899320602417,0.46952831745147705,-0.0017927783774212003,0.7216310501098633,0.4687076210975647,-0.0013371165841817856,0.7235633730888367,0.46859002113342285,-0.0009197850013151765
754,25.155407779171895,0,Left,0.9277017712593079,0.3341909945011139,0.49136945605278015,7.334674734238433e-08,0.3336704969406128,0.47210046648979187,-0.002953803399577737,0.32966935634613037,0.4554058611392975,-0.003084053285419941,0.3258839249610901,0.44235652685165405,-0.0032288627699017525,0.3227749466896057,0.4329130947589874,-0.003401503898203373,0.32030728459358215,0.456094354391098,0.0014970287447795272,0.3158676028251648,0.44320765137672424,0.0008947296300902963,0.3130563795566559,0.43601277470588684,-0.0004701220022980124,0.31008774042129517,0.4307185709476471,-0.0017490327591076493,0.31669285893440247,0.4650203287601471,0.0015197292668744922,0.3106086254119873,0.456027090549469,0.0015908762579783797,0.3076270818710327,0.4512391984462738,4.757716305903159e-05,0.30507922172546387,0.4481240510940552,-0.0014780965866521,0.3148787021636963,0.47583040595054626,0.0008633467368781567,0.30898815393447876,0.4699214696884155,0.0002257666492369026,0.3054707944393158,0.46655017137527466,-0.0012884417083114386,0.30255386233329773,0.46395352482795715,-0.0026831934228539467,0.31485480070114136,0.4876961410045624,-0.00018368821474723518,0.3101242184638977,0.4864652454853058,-0.0011799443745985627,0.3074535131454468,0.4867304563522339,-0.001700678956694901,0.3051315248012543,0.4865545332431793,-0.002162339398637414
754,25.155407779171895,1,Right,0.6934257745742798,0.7014415860176086,0.4957853853702545,2.799483844739825e-08,0.7028375864028931,0.4793291985988617,-0.0017409061547368765,0.7082100510597229,0.46455204486846924,-0.001724310452118516,0.7138577699661255,0.45447808504104614,-0.0017534052021801472,0.7186182141304016,0.4471425712108612,-0.001475923927500844,0.7175467610359192,0.46771878004074097,0.002459696028381586,0.7248762845993042,0.45935359597206116,0.0019430521642789245,0.7291373610496521,0.45458903908729553,0.0008237356669269502,0.732233464717865,0.4511558711528778,6.672894232906401e-05,0.7197477221488953,0.47238847613334656,0.002776996698230505,0.7276579141616821,0.46520566940307617,0.0032517556101083755,0.7318381071090698,0.4615560472011566,0.0026962142437696457,0.7349916100502014,0.4592950940132141,0.0022289929911494255,0.7207869291305542,0.4775185286998749,0.002547567244619131,0.7282112240791321,0.4703861176967621,0.0029417744372040033,0.7321072816848755,0.466318815946579,0.003253769129514694,0.7353445291519165,0.4638252556324005,0.003393301973119378,0.7207823991775513,0.48296085000038147,0.0019731540232896805,0.7269869446754456,0.47772133350372314,0.002502094954252243,0.7302051186561584,0.4745580852031708,0.0033918023109436035,0.7329675555229187,0.47254231572151184,0.0040882001630961895
755,25.188770388958595,0,Left,0.9646422863006592,0.3297744691371918,0.5105842351913452,5.7020834276499954e-08,0.32878297567367554,0.49175289273262024,-0.002843185095116496,0.32479166984558105,0.47526663541793823,-0.003029505955055356,0.3205586373806,0.46263372898101807,-0.0032289132941514254,0.3168283998966217,0.4538620412349701,-0.0033083120360970497,0.3164832890033722,0.4753260016441345,0.0017375779571011662,0.3111121952533722,0.4636467397212982,0.0007622758275829256,0.30760401487350464,0.45669013261795044,-0.0007365260389633477,0.3041022717952728,0.4509395956993103,-0.002003820613026619,0.31294962763786316,0.48233336210250854,0.0017938849050551653,0.3071204721927643,0.47361326217651367,0.0012386632151901722,0.30376794934272766,0.4690706431865692,-0.0002896747027989477,0.30089622735977173,0.46548762917518616,-0.0016419477760791779,0.3105311691761017,0.4908956289291382,0.0011095283553004265,0.3049825131893158,0.4825046956539154,4.5860346290282905e-05,0.3017582595348358,0.4779287874698639,-0.0009034774848259985,0.29915866255760193,0.47430092096328735,-0.0016322156880050898,0.30917465686798096,0.5009952783584595,-8.439209523203317e-06,0.3034568130970001,0.4949492812156677,-0.00103833491448313,0.2999988794326782,0.49162939190864563,-0.0012867024634033442,0.29681864380836487,0.48847174644470215,-0.0014518401585519314
756,25.222132998745295,0,Left,0.8489029407501221,0.3298913836479187,0.5371128916740417,6.881341363396132e-08,0.32621100544929504,0.5172946453094482,-0.0022817575372755527,0.3196873068809509,0.4995889663696289,-0.0017866217531263828,0.3146968185901642,0.485421746969223,-0.0019405566854402423,0.31063351035118103,0.47385451197624207,-0.0020203134045004845,0.31086796522140503,0.4986375868320465,0.006897890940308571,0.30557823181152344,0.4844570457935333,0.008446389809250832,0.3026379346847534,0.47785305976867676,0.008310982026159763,0.2994875907897949,0.4733787477016449,0.007912172004580498,0.30762791633605957,0.5094109177589417,0.0072453925386071205,0.30229735374450684,0.4994491934776306,0.009975261986255646,0.2986937463283539,0.4944644868373871,0.010369791649281979,0.2957457900047302,0.4903686046600342,0.010331500321626663,0.306337833404541,0.5215945243835449,0.006579256616532803,0.2994561791419983,0.5157225728034973,0.008847324177622795,0.2957345247268677,0.512586236000061,0.009983250871300697,0.2924208641052246,0.5089558959007263,0.010225907899439335,0.3067358434200287,0.5353398323059082,0.0052315304055809975,0.30129140615463257,0.5372855067253113,0.006628906819969416,0.2966228425502777,0.5392673015594482,0.007910473272204399,0.29246756434440613,0.5405423045158386,0.00874538253992796
756,25.222132998745295,1,Right,0.8010072112083435,0.7052565813064575,0.5539541244506836,-7.2084822555495975e-09,0.711170494556427,0.5323874354362488,-0.002518947934731841,0.7189808487892151,0.5148478746414185,-0.003313732799142599,0.7257578372955322,0.5026204586029053,-0.004485458135604858,0.7318170070648193,0.4951917827129364,-0.005193943157792091,0.7315760254859924,0.5179340243339539,0.0032694849651306868,0.739722728729248,0.5078539848327637,0.0010829551611095667,0.7416523694992065,0.5050560235977173,-0.0010240625124424696,0.7430323958396912,0.504202663898468,-0.002196657471358776,0.7345336675643921,0.5291517972946167,0.0029855933971703053,0.7458231449127197,0.5215155482292175,0.00041188750765286386,0.7437371611595154,0.521949052810669,-0.0012024760944768786,0.7411884069442749,0.5238485336303711,-0.0014018622459843755,0.7356160879135132,0.5403745174407959,0.0019050395349040627,0.7456541061401367,0.5343900322914124,0.00018065448966808617,0.7439628839492798,0.5334364771842957,0.0009311563917435706,0.7417470812797546,0.5340434908866882,0.0020973007194697857,0.7345633506774902,0.5519087910652161,0.00037813358358107507,0.7416658997535706,0.5473255515098572,0.0006927579524926841,0.7416941523551941,0.5456675887107849,0.0024663314688950777,0.7409102320671082,0.5454557538032532,0.004034631885588169
756,25.222132998745295,2,Left,0.8730481266975403,0.3271804749965668,0.5269830226898193,3.961609351676998e-08,0.32532167434692383,0.5096619129180908,-0.002032768214121461,0.3205566704273224,0.4944179952144623,-0.002068310510367155,0.31622114777565,0.48293232917785645,-0.00231652008369565,0.3118501901626587,0.47517332434654236,-0.0025298900436609983,0.3127206563949585,0.4943596124649048,0.002274938626214862,0.30661600828170776,0.48361027240753174,0.0013287445763126016,0.3030391335487366,0.4773651957511902,-0.0001969079748960212,0.2996337413787842,0.47210389375686646,-0.0015182492788881063,0.3102833926677704,0.5003395080566406,0.0020052858162671328,0.30417412519454956,0.4918636679649353,0.0013599363155663013,0.3006153702735901,0.4873889982700348,-0.00031112373108044267,0.29742002487182617,0.4841044545173645,-0.001759062404744327,0.30892911553382874,0.5076919198036194,0.001086340518668294,0.30290934443473816,0.5001775622367859,0.00011653815454337746,0.29932570457458496,0.4966605305671692,-0.0008357979822903872,0.2963314950466156,0.4938824474811554,-0.0015851152129471302,0.3087059557437897,0.5162999629974365,-0.00020532787311822176,0.3027462959289551,0.5119133591651917,-0.0012418930418789387,0.29907849431037903,0.5101187229156494,-0.0016221943078562617,0.2956638038158417,0.5084019899368286,-0.0018982747569680214
757,25.255495608531994,0,Right,0.6840659976005554,0.7085791230201721,0.5720426440238953,-4.02643252073176e-08,0.7143620848655701,0.5518465638160706,-0.0014918032102286816,0.722477912902832,0.536803662776947,-0.0021946898195892572,0.72948157787323,0.5265192985534668,-0.003500184277072549,0.7354756593704224,0.5192749500274658,-0.00438519986346364,0.7345218658447266,0.5405986309051514,0.0025740135461091995,0.7441245317459106,0.5308311581611633,-0.00045445896103046834,0.7452834248542786,0.5303595662117004,-0.0029401995707303286,0.7440205812454224,0.5321324467658997,-0.004031999967992306,0.7366064190864563,0.5517353415489197,0.0015338665107265115,0.747506856918335,0.5465770959854126,-0.0012724264524877071,0.7455889582633972,0.5476267337799072,-0.003074106527492404,0.7425723075866699,0.548776388168335,-0.0033578926231712103,0.736720085144043,0.5630018711090088,-0.00017637222481425852,0.7465903162956238,0.5593018531799316,-0.0022585352417081594,0.7456250786781311,0.5588690638542175,-0.0018856878159567714,0.7434095144271851,0.559353768825531,-0.0008853699546307325,0.7349695563316345,0.5742903351783752,-0.002180560026317835,0.7421255111694336,0.5710484385490417,-0.002556165913119912,0.7429160475730896,0.5701063871383667,-0.0009585167863406241,0.7423076629638672,0.5700278282165527,0.0006754024652764201
757,25.255495608531994,1,Right,0.6534470915794373,0.3258233964443207,0.5429216623306274,3.459349784407095e-08,0.32251450419425964,0.5334263443946838,-0.0025813900865614414,0.3176846504211426,0.5202969908714294,-0.0030774010811001062,0.31428417563438416,0.5082829594612122,-0.0034065477084368467,0.31018298864364624,0.5011472702026367,-0.0035135161597281694,0.31021350622177124,0.5168681144714355,-0.0002465764118824154,0.3035494387149811,0.5052513480186462,-0.0014970063930377364,0.2996506690979004,0.49943792819976807,-0.0028236317448318005,0.2961837351322174,0.49510955810546875,-0.004055717960000038,0.3093530535697937,0.5188778042793274,-0.0002886748989112675,0.30182358622550964,0.5098682045936584,-0.0015326592838391662,0.29739436507225037,0.5053678750991821,-0.003110630437731743,0.2937655746936798,0.5031478404998779,-0.004464666824787855,0.31036847829818726,0.5219008326530457,-0.0008724879589863122,0.30398449301719666,0.512423574924469,-0.00262941000983119,0.299466073513031,0.5082705020904541,-0.004489126615226269,0.29550477862358093,0.5064773559570312,-0.005966207943856716,0.3130338191986084,0.5249555110931396,-0.0017384737730026245,0.31113603711128235,0.515177845954895,-0.0038988797459751368,0.30876660346984863,0.5100263953208923,-0.005629298742860556,0.30622050166130066,0.5062256455421448,-0.006960817612707615
758,25.288858218318694,0,Right,0.8398327231407166,0.7099517583847046,0.5935013294219971,-3.6950071891084235e-09,0.7164139747619629,0.5743004083633423,-0.0015997987939044833,0.7244770526885986,0.5598545670509338,-0.0016897644381970167,0.7314083576202393,0.550287663936615,-0.0021708521526306868,0.7377069592475891,0.5443899631500244,-0.0023222907911986113,0.7343905568122864,0.5661641955375671,0.004095100797712803,0.7418249845504761,0.5586308836936951,0.0028640630189329386,0.7455986142158508,0.5555022358894348,0.0010265354067087173,0.7487030625343323,0.5530815124511719,-0.00024136154388543218,0.7364777326583862,0.5765390396118164,0.003468648763373494,0.7457016110420227,0.5720540285110474,0.003044207813218236,0.7493962645530701,0.5708191394805908,0.0018295921618118882,0.751802384853363,0.5700824856758118,0.0010215806541964412,0.7367675304412842,0.5871652960777283,0.0020720043685287237,0.7453259825706482,0.5840151906013489,0.001527544460259378,0.7486422061920166,0.5822758078575134,0.0019225002033635974,0.7505495548248291,0.5813326835632324,0.002307857619598508,0.735379695892334,0.5981435775756836,0.0002619870356284082,0.7422062754631042,0.595268726348877,0.0005674644489772618,0.745731770992279,0.5930393934249878,0.0020325242076069117,0.7481130361557007,0.5912339091300964,0.0031694998033344746
759,25.322220828105394,0,Right,0.7814934253692627,0.711906373500824,0.6166820526123047,-1.8674025881182388e-08,0.7177280783653259,0.5980859398841858,-0.0014992315554991364,0.7256165146827698,0.5845053195953369,-0.0016723385779187083,0.7331181764602661,0.5758334398269653,-0.002384823514148593,0.7396541237831116,0.5708966851234436,-0.0028486025985330343,0.7345314025878906,0.5880184173583984,0.003835591720417142,0.7419909834861755,0.581795334815979,0.001754037686623633,0.745956540107727,0.5788784623146057,-0.00034604198299348354,0.7490631341934204,0.5769653916358948,-0.0017143761506304145,0.7364358901977539,0.5978627800941467,0.002806886099278927,0.7470008730888367,0.5936538577079773,-0.0011154742678627372,0.745326578617096,0.5956632494926453,-0.0038629279006272554,0.7417095899581909,0.5982721447944641,-0.004325950052589178,0.7368152737617493,0.607570469379425,0.001196215394884348,0.7460511326789856,0.6041163206100464,-0.002395905554294586,0.7448233366012573,0.6048181056976318,-0.0032366111408919096,0.7416731119155884,0.606548011302948,-0.0023854656610637903,0.735461413860321,0.6173478364944458,-0.0006056317361071706,0.7423660159111023,0.6134899854660034,-0.0023685896303504705,0.7435345649719238,0.6116215586662292,-0.0020021807868033648,0.7427319288253784,0.6110365390777588,-0.0009533454431220889
760,25.355583437892093,0,Right,0.8029711842536926,0.712175726890564,0.638287365436554,-5.181578899282613e-08,0.7177038788795471,0.6206533312797546,-0.0019596798811107874,0.7254827618598938,0.6074870824813843,-0.0021501469891518354,0.7331454157829285,0.600184977054596,-0.002715087728574872,0.7394412159919739,0.5952779054641724,-0.0030976117122918367,0.7329509258270264,0.6154711246490479,0.0014778244076296687,0.7416552305221558,0.6094757318496704,2.747617691056803e-05,0.7462239265441895,0.6057294011116028,-0.000936434487812221,0.7497262358665466,0.6027424931526184,-0.0015887932386249304,0.7335271835327148,0.6274555325508118,0.0010809478117153049,0.7381478548049927,0.627489447593689,-0.0026732608675956726,0.7340207099914551,0.6289674043655396,-0.004141299054026604,0.7295911908149719,0.6302120089530945,-0.003969541285187006,0.7326151728630066,0.638116180896759,0.00022291106870397925,0.7347902059555054,0.6397857666015625,-0.004199098329991102,0.7292283177375793,0.6405601501464844,-0.004490092862397432,0.7238585948944092,0.6414915323257446,-0.0031822279561311007,0.7304984927177429,0.6475847363471985,-0.0007326748454943299,0.7312464714050293,0.649011492729187,-0.003776892554014921,0.7268110513687134,0.648628294467926,-0.0036274148151278496,0.7223808169364929,0.6488117575645447,-0.0024783427361398935
761,25.388946047678797,0,Left,0.5659922957420349,0.7106668949127197,0.6593465209007263,1.9642527604446514e-08,0.7166725993156433,0.6442264914512634,-0.001998370513319969,0.7251948118209839,0.6331080198287964,-0.0020867353305220604,0.7331774234771729,0.6266922354698181,-0.0021170908585190773,0.7400431632995605,0.6233893632888794,-0.0017890852177515626,0.7304674386978149,0.6362038254737854,0.0020478449296206236,0.7393456697463989,0.632495641708374,0.001416750717908144,0.7441847920417786,0.6312402486801147,0.0005899569950997829,0.7475496530532837,0.6307485699653625,9.026326733874157e-05,0.7316279411315918,0.6447826623916626,0.002582233166322112,0.7406959533691406,0.6416575312614441,0.0026257324498146772,0.7444331645965576,0.6408863067626953,0.0018653660081326962,0.7470378875732422,0.64124995470047,0.0012752878246828914,0.7317360043525696,0.6529425978660583,0.0025846813805401325,0.7399207353591919,0.6510148048400879,0.0023045851849019527,0.7426023483276367,0.6501675844192505,0.0022369390353560448,0.7442815899848938,0.6504796147346497,0.002307624788954854,0.7311766743659973,0.6604989767074585,0.0023451566230505705,0.7380428314208984,0.6595199108123779,0.0025315009988844395,0.7409681677818298,0.6590718626976013,0.0031443655025213957,0.7426193952560425,0.6590690016746521,0.0037043222691863775
785,26.1896486825596,0,Left,0.9936487078666687,0.5260072946548462,0.6222630143165588,-6.909578473823785e-07,0.48733195662498474,0.6041226983070374,-0.03347363322973251,0.46402665972709656,0.6295185089111328,-0.051466189324855804,0.46569159626960754,0.6918419599533081,-0.06449667364358902,0.4652261435985565,0.7327561378479004,-0.0748043805360794,0.4782804250717163,0.7270742058753967,-0.0570756159722805,0.5192362666130066,0.6727945804595947,-0.08676207065582275,0.5431441068649292,0.6053973436355591,-0.10178329050540924,0.5461148023605347,0.5738833546638489,-0.10663251578807831,0.5065350532531738,0.7541610598564148,-0.0494886077940464,0.5466766953468323,0.6709833145141602,-0.08089461177587509,0.5594103336334229,0.5969549417495728,-0.09096312522888184,0.5569677352905273,0.5596829056739807,-0.09342624247074127,0.5335901975631714,0.7709485292434692,-0.04352409392595291,0.5701417922973633,0.718165397644043,-0.07608538866043091,0.5700494647026062,0.6541029214859009,-0.07929525524377823,0.5632458329200745,0.6151916980743408,-0.07364754378795624,0.5595310926437378,0.7789300680160522,-0.038797780871391296,0.5828403830528259,0.8293967247009277,-0.05680878087878227,0.592871367931366,0.8713916540145874,-0.05599995702505112,0.5975710153579712,0.9118591547012329,-0.05074010789394379
786,26.2230112923463,0,Left,0.577222466468811,0.49733179807662964,0.6471762657165527,-5.706773436031654e-07,0.5360718965530396,0.6631226539611816,-0.02727230079472065,0.5679420232772827,0.7016708850860596,-0.0483526773750782,0.5808244347572327,0.7499571442604065,-0.06567560136318207,0.5791904330253601,0.786950409412384,-0.08013942837715149,0.5435481667518616,0.7044206857681274,-0.07146543264389038,0.5786613821983337,0.6762312054634094,-0.11276381462812424,0.5861935615539551,0.6123254299163818,-0.1340479552745819,0.5762730240821838,0.5918607115745544,-0.14191503822803497,0.5125616192817688,0.7143927216529846,-0.06701187044382095,0.5471398830413818,0.6676657199859619,-0.1055661216378212,0.5570741295814514,0.6097978353500366,-0.11196821182966232,0.5498210787773132,0.5806310772895813,-0.11130820214748383,0.4853406846523285,0.7248605489730835,-0.06347380578517914,0.5127922892570496,0.7058751583099365,-0.09864675253629684,0.5242880582809448,0.6582332849502563,-0.09558838605880737,0.5216799378395081,0.6214239001274109,-0.08534498512744904,0.4585632085800171,0.7362011671066284,-0.06102573499083519,0.4585190713405609,0.7864078879356384,-0.07771443575620651,0.45511889457702637,0.8186183571815491,-0.07319851219654083,0.4467398524284363,0.8407694101333618,-0.06568919867277145
787,26.256373902133,0,Right,0.9269047975540161,0.49868637323379517,0.6361224055290222,2.0301833103530953e-07,0.5406623482704163,0.6301646828651428,-0.0329001285135746,0.5729392170906067,0.6470493674278259,-0.062416594475507736,0.5810135006904602,0.6748565435409546,-0.08831225335597992,0.5743131637573242,0.7045198082923889,-0.11570070683956146,0.5668535232543945,0.7333463430404663,-0.08520463109016418,0.585866391658783,0.7991429567337036,-0.12061013281345367,0.5939175486564636,0.8567633628845215,-0.13989663124084473,0.5961290597915649,0.9003902673721313,-0.15272237360477448,0.5315757989883423,0.7599978446960449,-0.08276834338903427,0.5404427647590637,0.6799684762954712,-0.12996512651443481,0.5448465943336487,0.6116060018539429,-0.141314297914505,0.5438177585601807,0.5828238129615784,-0.14407801628112793,0.493003785610199,0.7547522187232971,-0.08061942458152771,0.49526548385620117,0.6825402975082397,-0.1281152367591858,0.5059410333633423,0.6198097467422485,-0.12897634506225586,0.5093730092048645,0.5781269073486328,-0.12096848338842392,0.45851704478263855,0.743541419506073,-0.0793023407459259,0.44581031799316406,0.7630179524421692,-0.12019409984350204,0.4357205331325531,0.7935326099395752,-0.12673966586589813,0.42339304089546204,0.8231416344642639,-0.12380431592464447
788,26.2897365119197,0,Right,0.9346679449081421,0.5034806132316589,0.6011838912963867,3.023141204039348e-08,0.5452508926391602,0.6016908288002014,-0.023304153233766556,0.5754210352897644,0.631023108959198,-0.04387403279542923,0.5804421305656433,0.6654210090637207,-0.06271009892225266,0.5733368992805481,0.6960933804512024,-0.08306680619716644,0.56585693359375,0.7399625778198242,-0.059227924793958664,0.5819467306137085,0.8089776635169983,-0.08554798364639282,0.5868375301361084,0.8662734031677246,-0.10056056082248688,0.5867326259613037,0.9060221314430237,-0.11147898435592651,0.5296840667724609,0.7627233862876892,-0.06039317697286606,0.5443525314331055,0.6916317343711853,-0.09800315648317337,0.5494232177734375,0.6093101501464844,-0.10755064338445663,0.5511807799339294,0.5651898384094238,-0.10965842008590698,0.490909606218338,0.7523505687713623,-0.06176100671291351,0.49974721670150757,0.6818093657493591,-0.09911420941352844,0.5088135600090027,0.6153693795204163,-0.09803213179111481,0.5134169459342957,0.5716926455497742,-0.0905105471611023,0.45508334040641785,0.7329718470573425,-0.06394489854574203,0.44689375162124634,0.7371448278427124,-0.09631140530109406,0.4408528208732605,0.7466616630554199,-0.0996803343296051,0.4337823688983917,0.76263028383255,-0.09543749690055847
789,26.3230991217064,0,Right,0.922999382019043,0.501036524772644,0.6158673167228699,-1.368029529658088e-07,0.5434128046035767,0.6280083656311035,-0.03014649637043476,0.5729753971099854,0.6600997447967529,-0.05524356663227081,0.5856158137321472,0.69766765832901,-0.07595948129892349,0.5848938226699829,0.7318705916404724,-0.09610094130039215,0.5614431500434875,0.7268614768981934,-0.08391308039426804,0.5768952369689941,0.7528475522994995,-0.11483731120824814,0.5693089962005615,0.7524691224098206,-0.12733839452266693,0.5621982216835022,0.7645707726478577,-0.13494618237018585,0.5240235328674316,0.7468218207359314,-0.08127494156360626,0.5359188914299011,0.6773976683616638,-0.12152476608753204,0.5375919342041016,0.6006342768669128,-0.12937895953655243,0.5359767079353333,0.565222978591919,-0.13178470730781555,0.48743724822998047,0.7424749732017517,-0.07808637619018555,0.4946267008781433,0.681466817855835,-0.11919531226158142,0.5028256177902222,0.6115588545799255,-0.11836343258619308,0.5057212114334106,0.564486026763916,-0.11133565753698349,0.4531668424606323,0.7367191910743713,-0.07548985630273819,0.44102391600608826,0.7692298293113708,-0.1097201555967331,0.42838019132614136,0.8031903505325317,-0.11497825384140015,0.4162181317806244,0.8368403911590576,-0.11337416619062424
