frame,time_seconds,hand_index,handedness,score,kp0_x,kp0_y,kp0_z,kp1_x,kp1_y,kp1_z,kp2_x,kp2_y,kp2_z,kp3_x,kp3_y,kp3_z,kp4_x,kp4_y,kp4_z,kp5_x,kp5_y,kp5_z,kp6_x,kp6_y,kp6_z,kp7_x,kp7_y,kp7_z,kp8_x,kp8_y,kp8_z,kp9_x,kp9_y,kp9_z,kp10_x,kp10_y,kp10_z,kp11_x,kp11_y,kp11_z,kp12_x,kp12_y,kp12_z,kp13_x,kp13_y,kp13_z,kp14_x,kp14_y,kp14_z,kp15_x,kp15_y,kp15_z,kp16_x,kp16_y,kp16_z,kp17_x,kp17_y,kp17_z,kp18_x,kp18_y,kp18_z,kp19_x,kp19_y,kp19_z,kp20_x,kp20_y,kp20_z
56,1.8683534136546185,0,Right,0.9325313568115234,0.6824997228570282,1.0426597131623163,4.304219203277171e-07,0.6570686212740838,1.0332244475682577,-0.02699505165219307,0.6389979689382017,1.0085741069581773,-0.04882241040468216,0.6296548282727599,0.9825173344877031,-0.06728976219892502,0.6175007535144686,0.9515631669097476,-0.0871666669845581,0.6515171208418906,0.9286304152674145,-0.05302892252802849,0.6463058644905686,0.8597997996542189,-0.07796365767717361,0.6448491542600095,0.8158692571851942,-0.09416382014751434,0.645867931842804,0.7765031764904659,-0.10506881028413773,0.676870480272919,0.9248747971322802,-0.05520259961485863,0.679408917017281,0.8439475748274061,-0.07660919427871704,0.6832529776729643,0.7917404181427425,-0.0915272906422615,0.6879940939135849,0.7463795853985681,-0.1024913638830185,0.6997424434870482,0.9384498880969153,-0.05861825868487358,0.7075764534994959,0.8609753254387114,-0.079373799264431,0.7125145461410284,0.8131423271364636,-0.09195669740438461,0.7169927162118256,0.7702946530448066,-0.1007988303899765,0.7197975197806954,0.9631711966461606,-0.06330946832895279,0.7329634419642389,0.9113751855161455,-0.08255761861801147,0.7405492101795972,0.8751388516690995,-0.09037363529205322,0.7464190536178649,0.839520016974873,-0.09529801458120346
57,1.9017168674698794,0,Left,0.9832606911659241,0.26544596678577365,1.055340794722239,3.684417890781333e-07,0.2942557156085968,1.0389742432369127,-0.0378110408782959,0.3120097748935223,0.9990086913108825,-0.05949323624372482,0.32033111415803434,0.9555929556488991,-0.07603172212839127,0.32954223481938244,0.912696470734146,-0.09300094842910767,0.2838608394842595,0.9194395432869593,-0.059120822697877884,0.2880169337615371,0.8492968767053551,-0.08742751181125641,0.28918850496411325,0.8066258781486088,-0.10517022013664246,0.2887215784750879,0.7688958797189924,-0.11757345497608185,0.25601866310462357,0.9149169138736195,-0.05804266035556793,0.252025139098987,0.8326257367928823,-0.08555500209331512,0.24831869108602406,0.7823785178363323,-0.10359218716621399,0.24480800218880178,0.7391657545334763,-0.11611063033342361,0.23207316738553346,0.9318257063627243,-0.05931565910577774,0.22123720501549543,0.8591738113098675,-0.08759438246488571,0.21468755933456124,0.8091250619126691,-0.10509368777275085,0.21044882833957673,0.7646484406458007,-0.1161879375576973,0.21157557708211244,0.9649015416701635,-0.06278672814369202,0.1902694905176759,0.9164246157639556,-0.09101589769124985,0.1770142766647041,0.8851317592793041,-0.10468234866857529,0.16655523544177414,0.8518959879875183,-0.11266911774873734
57,1.9017168674698794,1,Right,0.9643430113792419,0.6612488830462098,1.023856179581748,5.504052182914165e-07,0.6345195991918444,1.008039835592111,-0.02714882791042328,0.6167843619361519,0.9758060238427586,-0.04660804569721222,0.6100200049579143,0.9430362923277749,-0.06251300126314163,0.6002286251634359,0.9089400533172819,-0.0788852721452713,0.6380828095600009,0.889773063444429,-0.04093002900481224,0.6306698534637689,0.8247031471795506,-0.06304821372032166,0.6270956702530384,0.7815173140830464,-0.07977675646543503,0.6255628362298011,0.7428858464790715,-0.09107252210378647,0.6619445772841572,0.8845102430217796,-0.04291628301143646,0.6630333315581083,0.8090741023421287,-0.06127481907606125,0.6632564727216959,0.7566325478255749,-0.07722536474466324,0.6638543324545025,0.7112403861350484,-0.08844492584466934,0.683175866305828,0.8965651039448049,-0.04678783938288689,0.689966694265604,0.8233747779495186,-0.0660921260714531,0.6930000845342874,0.7738597402142153,-0.08026622235774994,0.694950046762824,0.7297552060749796,-0.0896669328212738,0.702210664562881,0.922581848088238,-0.05208373814821243,0.7152956992387771,0.8720849402248859,-0.07093807309865952,0.7219006296247243,0.8351474778519736,-0.07860757410526276,0.7264845946803689,0.7998452245361275,-0.08257262408733368
58,1.9350803212851406,0,Left,0.9831622838973999,0.280982770153787,1.0266398310661315,6.305309057097475e-07,0.3119881056714803,0.9996001034975052,-0.03234419971704483,0.3309730325359851,0.9551424071192741,-0.05315808206796646,0.3434460684657097,0.9069650337100029,-0.07056453078985214,0.3577443346381187,0.8637614324688911,-0.08835479617118835,0.30685510088223966,0.8696674033999443,-0.04662482440471649,0.31623120631556956,0.8006544888019562,-0.07367487251758575,0.31980064334347846,0.7550066098570823,-0.09258037805557251,0.3216590914875269,0.7146874576807022,-0.10574020445346832,0.2799400007352233,0.8646130383014679,-0.047796543687582016,0.27886904758634046,0.7859429731965065,-0.07192322611808777,0.2791503604967147,0.7336786091327667,-0.08934692293405533,0.27955991128692403,0.687242043018341,-0.10171957314014435,0.25566419824026526,0.8821515724062919,-0.051557041704654694,0.24812124614836648,0.807627484202385,-0.0775439590215683,0.2458247393136844,0.7567736476659774,-0.09511391073465347,0.2455516927409917,0.7113541945815086,-0.10646673291921616,0.23430995021481066,0.9168608084321022,-0.05704059079289436,0.2162295151501894,0.8687104001641274,-0.0833413228392601,0.2053730201907456,0.8348988354206085,-0.09598132967948914,0.19737223979900592,0.8009782001376152,-0.10306880623102188
58,1.9350803212851406,1,Right,0.959281861782074,0.6551546552684158,1.0061611890792848,4.655013867704838e-07,0.622273661987856,0.9871985584497451,-0.025939229875802994,0.6018890830222517,0.9468167901039124,-0.04404164105653763,0.5939141933340579,0.9066312968730926,-0.05908966809511185,0.5804611721076072,0.870842806994915,-0.07472153007984161,0.6247338079847395,0.8619587868452072,-0.03972931206226349,0.6146094798110425,0.7922678977251053,-0.06303028762340546,0.609362958278507,0.7466332852840424,-0.07992351800203323,0.6066249794326722,0.7067251786589622,-0.09126666933298111,0.6485431106295436,0.8570653483271599,-0.042927537113428116,0.6471576076000929,0.7768908098340035,-0.06274765729904175,0.6470322109758854,0.7233363971114158,-0.07861587405204773,0.6478679977823049,0.6774963915348053,-0.08954889327287674,0.6705173435155303,0.8697990745306015,-0.04822513833642006,0.6747598911635577,0.7946601897478104,-0.06830241531133652,0.6767182599753141,0.7465333759784698,-0.08193935453891754,0.6781512062530964,0.7040234357118607,-0.090752512216568,0.6912022946868092,0.8954770192503929,-0.05507420375943184,0.7018843479920178,0.8405253455042839,-0.07346691936254501,0.7072253365069627,0.8036078631877899,-0.08083372563123703,0.7111076358240098,0.7683957099914551,-0.08471698313951492
59,1.9684437751004016,0,Left,0.981174647808075,0.29432429424487055,1.0066995597547954,6.495536126749357e-07,0.32685483479872346,0.9792663522892529,-0.034702856093645096,0.3497868563048542,0.9289637568924162,-0.054308366030454636,0.3669895279221237,0.8760196289254559,-0.07024919986724854,0.38129283748567105,0.8318187171386348,-0.08633706718683243,0.3294819830916822,0.8421225703424877,-0.04632394388318062,0.3411456392146647,0.7703475434747007,-0.07555339485406876,0.345799919962883,0.7223443688617812,-0.09597880393266678,0.3488801886327565,0.6803320753905509,-0.11008081585168839,0.3025536775123328,0.8339298297961553,-0.04730352759361267,0.3043453289661556,0.7522747077047824,-0.07444606721401215,0.3051484956406057,0.696781389746401,-0.09378241747617722,0.3059073873329908,0.6481826249096129,-0.10714999586343765,0.27823439398780464,0.8489865438805686,-0.05144573748111725,0.2734874186106026,0.774710331360499,-0.07916072010993958,0.27153416969813404,0.7243419186936484,-0.09640239179134369,0.2718980196863413,0.6797746557328436,-0.10731606185436249,0.25668660160154105,0.8813157195018397,-0.05797022208571434,0.24035891676321625,0.8327076384590731,-0.0857740193605423,0.22988988913130015,0.7978083545135127,-0.09854176640510559,0.2226989712100476,0.7616553076439434,-0.1053951159119606
59,1.9684437751004016,1,Right,0.9456830024719238,0.6403131160885096,0.9901356043087112,4.966611300005752e-07,0.6081409467384219,0.9671435529987017,-0.02469535917043686,0.5881372999399901,0.9227801683048408,-0.041227348148822784,0.5797149851918221,0.8805486420790355,-0.055279120802879333,0.5662722539156675,0.8481077151166068,-0.06998061388731003,0.6113963052630424,0.8388277819587124,-0.03482530638575554,0.6004715379327535,0.7681602622071902,-0.05698690935969353,0.5947241151705385,0.7228451149331199,-0.07375456392765045,0.5916276769712567,0.6837084237072203,-0.08511234074831009,0.6352741286158562,0.8336227831741174,-0.03874851018190384,0.6330724399536848,0.7514903349181016,-0.057129278779029846,0.631735865585506,0.6982905719843175,-0.07292531430721283,0.6313882118090988,0.653767172826661,-0.0840061828494072,0.6576092828065156,0.8451478788422213,-0.04490828514099121,0.6604570411145687,0.767836351527108,-0.06389807164669037,0.6613404417410493,0.718288498206271,-0.07734858989715576,0.6617004761472345,0.6757743803991212,-0.08641906082630157,0.6790029754862189,0.8697035431861877,-0.052721064537763596,0.6893321918323636,0.8138249397277832,-0.07021863013505936,0.6950292382389307,0.7765782737897502,-0.07673944532871246,0.6989041619002819,0.7424609473182096,-0.08023277670145035
60,2.0018072289156628,0,Left,0.9790315628051758,0.309933510213159,0.9897078739272224,5.902632551624265e-07,0.3429953902494162,0.9627953800890181,-0.03402634710073471,0.3680505283176899,0.9095957477887472,-0.05154462903738022,0.3873632509727031,0.8559253447585635,-0.06589300185441971,0.40425290623679755,0.8148591650856866,-0.08047696202993393,0.34760024794377387,0.8261791865030924,-0.042950280010700226,0.36079044789075854,0.7518870366944207,-0.07052525132894516,0.3672958938870579,0.702840526898702,-0.0896003320813179,0.37225371822714803,0.6607225603527493,-0.10280187427997589,0.321338223433122,0.8171023858918084,-0.04431786760687828,0.32493585380725565,0.73303132587009,-0.06897812336683273,0.3275204175617546,0.6763597163889143,-0.08666684478521347,0.32965443963184954,0.6283601936366823,-0.09904687106609344,0.29741699784062803,0.8296979135937161,-0.04913324862718582,0.2938405133318156,0.7542865640587277,-0.07410909235477448,0.29351352984085677,0.7021815081437429,-0.09074391424655914,0.29577745040878656,0.6564278105894724,-0.10173853486776352,0.27600108219776304,0.8591670592625936,-0.05673658102750778,0.25975263556465505,0.8104688492086198,-0.08293674141168594,0.2496950081200339,0.7742243674066331,-0.09584536403417587,0.24325874831993133,0.7375284002886878,-0.10307687520980835
60,2.0018072289156628,1,Right,0.9429214596748352,0.6346082579344511,0.9823434286647372,4.903207582174218e-07,0.6009415180422366,0.9605046775605943,-0.026646889746189117,0.5792961334809661,0.9140574369165633,-0.043774355202913284,0.5678934674710036,0.8695914712217119,-0.05860181897878647,0.5505896538496018,0.8352045449945662,-0.0737825259566307,0.6003923474811017,0.8261523246765137,-0.03244268521666527,0.58896753359586,0.7549188501305051,-0.055502720177173615,0.5825999676249921,0.7083085013760461,-0.07336462289094925,0.5788016242906451,0.6676652663283877,-0.08580999076366425,0.6241954395547509,0.8191337254312303,-0.03633340448141098,0.6215848926454782,0.7363736861281924,-0.05503284931182861,0.6200148466974497,0.6827285091082255,-0.07143626362085342,0.6193553513847292,0.6375426765945222,-0.08313130587339401,0.6467638480477035,0.8298443191581302,-0.04313742369413376,0.6484742790460587,0.7525341312090555,-0.06258468329906464,0.6487074709497392,0.7042457792494032,-0.07634367048740387,0.6482278537005186,0.6611761119630601,-0.08584779500961304,0.6683074767701328,0.8534713619285159,-0.051989734172821045,0.6774218630045652,0.7985565331247118,-0.0699053630232811,0.6829202371649444,0.763123588429557,-0.07695518434047699,0.6866691019386053,0.7295585738288032,-0.08102686703205109
61,2.0351706827309237,0,Left,0.9809616208076477,0.32207417383324355,0.9814390805032518,5.355210532798083e-07,0.3572059818543494,0.9565525882773929,-0.03237665444612503,0.38363734604790806,0.9051811529530419,-0.04901399090886116,0.40535117825493217,0.8535327480898963,-0.06310998648405075,0.42320302221924067,0.8124242524305979,-0.07752236723899841,0.36292707864195106,0.8180068631966909,-0.04046407714486122,0.3783491175621748,0.7442304690678915,-0.06704210489988327,0.38645339137874546,0.694905569156011,-0.08566739410161972,0.39226986914873124,0.6531779600514306,-0.09860826283693314,0.3375027344562113,0.8080433209737142,-0.04264865443110466,0.34134362866170703,0.7239274051454332,-0.06614824384450912,0.34425977133214475,0.6683325933085548,-0.08277712762355804,0.3460866946261376,0.6213352233171463,-0.09443359076976776,0.3136082521639764,0.8199273116058774,-0.048183612525463104,0.31195560086052865,0.7436881959438324,-0.07192707061767578,0.3123303439468145,0.6933594644069672,-0.08717622607946396,0.31428631057497114,0.6484493745697869,-0.09730561077594757,0.29153336812742053,0.8491639130645328,-0.05650320276618004,0.2769854619633406,0.799575130144755,-0.08143755048513412,0.2676991187268868,0.7637512683868408,-0.0930226519703865,0.26115164877846836,0.7281236615445879,-0.09930562227964401
61,2.0351706827309237,1,Right,0.9286593794822693,0.6296152077615261,0.9792022307713827,4.5496565803659905e-07,0.5957653764635324,0.9558319250742594,-0.02631382644176483,0.5716643419116736,0.9098422825336456,-0.042423561215400696,0.5579190457239747,0.86597407857577,-0.05658285319805145,0.5407356115058064,0.831013411283493,-0.0706925168633461,0.5933654244057834,0.8223413891262479,-0.028178103268146515,0.5802299722097815,0.7511850562360551,-0.051109205931425095,0.5729980517178774,0.7054759562015533,-0.06890051066875458,0.5684463005512953,0.6651975082026588,-0.08138997107744217,0.6163223017938435,0.814137640926573,-0.03210553899407387,0.6119720928370953,0.7310308516025543,-0.05048483610153198,0.6096616997383535,0.6781695319546593,-0.06651084125041962,0.6082219150848687,0.6333204623725679,-0.0781162679195404,0.6382524990476668,0.8229568004608154,-0.03940679505467415,0.6390692753717303,0.7464060617817773,-0.05869803950190544,0.6395110235549509,0.7000376847055223,-0.07109877467155457,0.6387722657993435,0.6593711607986026,-0.07965045422315598,0.659905934240669,0.8449540535608927,-0.04901263490319252,0.6697746612131595,0.7917814122305976,-0.0661696046590805,0.6752542736008763,0.7565302153428396,-0.07246218621730804,0.6782273408025503,0.7235065698623657,-0.07621479034423828
62,2.0685341365461847,0,Left,0.9838684797286987,0.33264544140547514,0.9801115376253923,4.955181225341221e-07,0.3677523769438267,0.9549605483810107,-0.032043393701314926,0.39543032785877585,0.9049964467684428,-0.049032486975193024,0.418285371735692,0.8567620736857255,-0.06342511624097824,0.4367010882124305,0.8176160042484601,-0.07833889871835709,0.37461209995672107,0.8181342912216981,-0.0416528657078743,0.39063055999577045,0.744236828883489,-0.06801322847604752,0.3991087847389281,0.6970648517211279,-0.08625277131795883,0.40500972233712673,0.6568401455879211,-0.09925641864538193,0.3489741524681449,0.8097273697455724,-0.04455956816673279,0.3536096028983593,0.7266293361783027,-0.06793107092380524,0.3570543248206377,0.6722454234957695,-0.08565441519021988,0.35924093378707767,0.625862326969703,-0.09859916567802429,0.32501730136573315,0.8225442633032799,-0.05068139359354973,0.32398692751303315,0.7469025502602259,-0.07522505521774292,0.3254916975274682,0.6951024676362674,-0.09309322386980057,0.32852201629430056,0.6490032409628232,-0.10555626451969147,0.3032764096278697,0.8522970634202163,-0.05925670266151428,0.28851524414494634,0.8033206845323245,-0.08593521267175674,0.27876901673153043,0.7665234265228112,-0.09961920231580734,0.27184329624287784,0.7297915183007717,-0.10775155574083328
62,2.0685341365461847,1,Right,0.9090049266815186,0.6255878107622266,0.9818568624556064,4.6858187374709814e-07,0.5912881447002292,0.95788908675313,-0.026550747454166412,0.5662085181102157,0.9117162610093753,-0.04261322692036629,0.5499403513967991,0.8693202748894692,-0.05663095414638519,0.5308988261967897,0.83683107594649,-0.0709017664194107,0.5870409775525331,0.8256923099358876,-0.030996493995189667,0.5742830391973257,0.7520678043365479,-0.053964607417583466,0.5670077931135893,0.7051486762861411,-0.07118485867977142,0.562070275656879,0.6642434472839037,-0.08335641771554947,0.6101528955623507,0.8174658844868342,-0.034904561936855316,0.6054968731477857,0.7325635780890782,-0.05346012860536575,0.603265174664557,0.6791340043147405,-0.06937651336193085,0.6017865762114525,0.6344335466623306,-0.08107539266347885,0.632287971675396,0.8261427981158097,-0.0419827401638031,0.6323206042870879,0.7481598354876041,-0.061700381338596344,0.632575255818665,0.7002520824472109,-0.07505905628204346,0.6314190207049251,0.6582123192648093,-0.08457394689321518,0.6541212219744921,0.8476557247340679,-0.05119453743100166,0.6641842648386955,0.7939149123926957,-0.06901369988918304,0.6700805677101016,0.7579272441565991,-0.07619301974773407,0.6735553378239274,0.724047826230526,-0.08084454387426376
63,2.1018975903614456,0,Left,0.9857990145683289,0.34023538455367086,0.9838299448291461,4.968152893525257e-07,0.3749102622270584,0.9610597759485244,-0.03171638399362564,0.40284691005945206,0.9134179763495922,-0.04964543879032135,0.4263116255402565,0.8674606631199518,-0.06472638249397278,0.4453629292547703,0.8307697435220083,-0.08046085387468338,0.3820110969245434,0.8259929361442725,-0.04625365138053894,0.39905768930912017,0.7528112709522248,-0.07388591021299362,0.4081958457827568,0.7055380252500375,-0.09206777065992355,0.41499059125781057,0.6657751070956389,-0.10489372164011002,0.35720241293311117,0.8177380248904228,-0.04974336177110672,0.3622805945575237,0.7334210738539696,-0.07497216016054153,0.3658273532986641,0.6791620175043742,-0.09320614486932755,0.3683402255177498,0.6331338764478763,-0.10621926188468933,0.3336606524884701,0.8303165915111701,-0.05599942058324814,0.3327366441488266,0.7539213580389817,-0.08270878344774246,0.3339310124516487,0.7024840290347735,-0.10146388411521912,0.3368921883404255,0.6572080550094446,-0.11412426084280014,0.31204688400030134,0.8596088496347268,-0.06432238221168518,0.2959700711071491,0.8101307253042856,-0.09284254908561707,0.2857891857624054,0.7738917546967665,-0.10729873925447464,0.27878337204456327,0.7378939896821975,-0.11573684960603714
63,2.1018975903614456,1,Right,0.8984564542770386,0.6215453460812569,0.9878808582822481,4.344239243891934e-07,0.5887146294116974,0.9641123543183009,-0.02631814405322075,0.5623023957014084,0.9179340720176696,-0.04223731905221939,0.5442535161972046,0.8773012412091096,-0.05598809942603111,0.5251801580190658,0.8478166287144026,-0.07015746831893921,0.5846975296735764,0.831993043422699,-0.03246914595365524,0.571254451572895,0.7584326845904191,-0.05503491312265396,0.5632099017500878,0.7116247070332368,-0.07157666981220245,0.557929340004921,0.6712415888905525,-0.08332468569278717,0.6081369519233704,0.8231804033120473,-0.03669864684343338,0.6033871710300446,0.7388221199313799,-0.0547720231115818,0.6003244623541832,0.6856706157326699,-0.06990092992782593,0.5981218606233597,0.6409210061033567,-0.0811077356338501,0.6305279046297073,0.8315234358112017,-0.04389570280909538,0.6300328016281128,0.7520666442811489,-0.06305854022502899,0.629513056576252,0.7038996833066146,-0.07495027780532837,0.6279826104640961,0.6611565398673217,-0.08360493928194046,0.6522307991981506,0.8531143439312776,-0.05324001610279083,0.661372897028923,0.7984903427461784,-0.07033620029687881,0.6666907131671905,0.7624129205942154,-0.07614544034004211,0.6699575155973434,0.7281661088267962,-0.0799393504858017
64,2.135261044176707,0,Left,0.9851579070091248,0.3494408527389169,0.9928093360530006,5.28229918472789e-07,0.3833822383545339,0.969409532017178,-0.03387143462896347,0.41025452939793466,0.9222284865048197,-0.05357949063181877,0.43291157614439724,0.8772324621677399,-0.06999325007200241,0.45215928349643947,0.8415181251035796,-0.08734588325023651,0.3866153169423342,0.836815874112977,-0.05219646915793419,0.4037871280685067,0.7639558768934673,-0.08154625445604324,0.41336394250392916,0.7160386721293132,-0.10110584646463394,0.42095495108515024,0.6751258509026633,-0.11520114541053772,0.3615191662684083,0.8294720348384645,-0.055545806884765625,0.36601156713441013,0.7448712688353326,-0.08332951366901398,0.36936076106503607,0.6893823915057712,-0.10336838662624359,0.3718916085548699,0.641615145901839,-0.11786790937185287,0.33764859233051536,0.8432496238085959,-0.061521753668785095,0.33691036598756907,0.7659747294253774,-0.09118841588497162,0.3379921321757138,0.7141037401225832,-0.11200165003538132,0.34046205021440984,0.6683029020826022,-0.12602505087852478,0.3161040236242115,0.8735614859395557,-0.06949377804994583,0.30054318718612194,0.8229809944828351,-0.10098104178905487,0.2900424095802009,0.7870969295501709,-0.11714691668748856,0.28187888571992514,0.7513015021880468,-0.12683093547821045
64,2.135261044176707,1,Right,0.9167385101318359,0.6189202427864074,0.9960831799440913,4.403030686717102e-07,0.5861544802784919,0.9696602215369542,-0.026194075122475624,0.5600709145888686,0.9256334213746918,-0.04279525205492973,0.5411673435941339,0.8881727483537462,-0.057505395263433456,0.5223120048642158,0.8592296870218383,-0.07285815477371216,0.5846231484785676,0.8395791621671782,-0.032473962754011154,0.5716322055086493,0.7663538941078716,-0.05570990592241287,0.5638955798000097,0.7187363074885474,-0.07325038313865662,0.5590799886733293,0.6778729723559486,-0.08561275899410248,0.6083210065960885,0.8310326907369826,-0.03727293759584427,0.603562680631876,0.7463308084342215,-0.055873166769742966,0.6004727479070425,0.6921067853768667,-0.07176399976015091,0.5984132131561637,0.6464078783988952,-0.08340422064065933,0.631121096946299,0.8389088271392716,-0.04508616030216217,0.6299795772880316,0.7592616877622075,-0.0648670420050621,0.6288894940167665,0.710405233502388,-0.07748384773731232,0.6271833330392838,0.6677054239643945,-0.08648495376110077,0.6530748559162021,0.8597033641404576,-0.05503206327557564,0.6620290480554104,0.8043873450822301,-0.0722472220659256,0.6678041374310851,0.7689099323418406,-0.07775606215000153,0.6717691022902728,0.7358933164013757,-0.081260085105896
65,2.168624497991968,0,Left,0.9903945326805115,0.3530117956921458,1.0000593463579814,5.90423553603614e-07,0.38684746699873357,0.9765773738423983,-0.03623141720890999,0.41279449888970704,0.9321230720314715,-0.05806008353829384,0.43548233415931464,0.8882804384662045,-0.07624511420726776,0.4553716776892543,0.8533971011638641,-0.09500091522932053,0.3888025250053033,0.8454101557532946,-0.05446669086813927,0.4058106332318857,0.7718855606185065,-0.08475994318723679,0.4148434303002432,0.7234851949744754,-0.10496002435684204,0.42177513847127557,0.6819841845168008,-0.11931963264942169,0.36330778766423466,0.8389340270724561,-0.05685052275657654,0.36781085724942386,0.7537749877406491,-0.08655582368373871,0.37023229417391124,0.6978350339664353,-0.10773547738790512,0.37230996508151293,0.6488971403903432,-0.12277489900588989,0.3396219767164439,0.8535233400762081,-0.06181866303086281,0.3384587825043127,0.7768341174556149,-0.09158692508935928,0.33924754068721086,0.7231594295137458,-0.11143902689218521,0.3415892389370129,0.675654503206412,-0.12454938143491745,0.3182716863695532,0.8842040428684818,-0.06912193447351456,0.30161611541407185,0.8331713763376077,-0.09915810823440552,0.29122163358842956,0.7966730677419238,-0.11404958367347717,0.2830472107627429,0.7599578806095653,-0.12280774116516113
65,2.168624497991968,1,Right,0.9264609217643738,0.6202821685466915,1.0033679058154423,4.3837272301061603e-07,0.5874840904492885,0.9780944577521749,-0.029144270345568657,0.5609712329227478,0.9358483776450157,-0.04811534285545349,0.5415027752984315,0.8979510809812281,-0.06446367502212524,0.5229681163094938,0.8672494449549251,-0.08104889839887619,0.5869626498781144,0.8478521816432476,-0.03820105642080307,0.5739621906541288,0.7730923551652167,-0.06317669153213501,0.5664410374127329,0.7254549653993713,-0.08165989071130753,0.5620644081849605,0.6846888350943724,-0.09443064033985138,0.6101255765650422,0.8390689632958837,-0.041947826743125916,0.6050300570204854,0.7536016810271475,-0.06197315827012062,0.6019971335772425,0.6988519372211562,-0.078028604388237,0.6003912806045264,0.6530619586507479,-0.08965841680765152,0.6326972619630397,0.8465558133191533,-0.048767831176519394,0.6324217186775059,0.7677432104117341,-0.06920323520898819,0.6312588769942522,0.7187648572855525,-0.08161653578281403,0.6297076156362891,0.6759638972580433,-0.09042554348707199,0.6546555135399104,0.8670557592478063,-0.05801182612776756,0.6644186497200281,0.8114555974801382,-0.07556986063718796,0.6699394198134542,0.7754210175739394,-0.08107154816389084,0.6737309518270195,0.7414639012681113,-0.08445142209529877
66,2.201987951807229,0,Left,0.9899077415466309,0.3548137560486794,1.0018914812140995,6.189960117808369e-07,0.3882317867130041,0.9780792935027016,-0.03597259521484375,0.41409223726950584,0.9337128851148817,-0.05869302526116371,0.4370792951434851,0.890930866698424,-0.07786402851343155,0.4571036735549569,0.855799960427814,-0.09814398735761642,0.388946097670123,0.8487783917122417,-0.05695232376456261,0.4056505324784666,0.7751148319906659,-0.08851970732212067,0.4146681294776499,0.7267374724149704,-0.1094813272356987,0.4216411244124174,0.6854769534534878,-0.12419023364782333,0.3635004854295403,0.8433315964208709,-0.0601968988776207,0.3676707347389311,0.7572958807150523,-0.09029969573020935,0.37030135965906086,0.7007059047619502,-0.11196508258581161,0.37235497231595216,0.6512215359343423,-0.12745708227157593,0.3395939459092915,0.8589462308420075,-0.06593643873929977,0.3376467552036047,0.7804217618372705,-0.09673436731100082,0.33805749779567124,0.7254873638351759,-0.11816342920064926,0.33998850621283055,0.6769107374880049,-0.1324852854013443,0.31835490954108536,0.8904218705164062,-0.07377345114946365,0.3014287456171587,0.8392039701342583,-0.10540519654750824,0.290791473723948,0.8026430918110742,-0.12156368046998978,0.2823669291799888,0.7658045676019457,-0.13123655319213867
66,2.201987951807229,1,Right,0.9001893997192383,0.6204415754415095,1.0035189754433103,4.5165356254983635e-07,0.58774693319574,0.9778999406430456,-0.029141876846551895,0.5606998762115836,0.9361680406663153,-0.048280391842126846,0.5405259788036346,0.8998208964864413,-0.06485113501548767,0.522125312499702,0.8700054302811623,-0.08174384385347366,0.5871411672793329,0.8505559210975965,-0.039380017668008804,0.5741083065047861,0.7755804260571798,-0.06455522775650024,0.5666478034108877,0.7280404720041487,-0.08295749127864838,0.5622476251795888,0.6870263664258851,-0.09577617049217224,0.6104551307857037,0.8416983152429263,-0.04309897497296333,0.6056840972974896,0.7561214705308278,-0.06358189135789871,0.602925886400044,0.7013981259531445,-0.07982093840837479,0.6012981621548533,0.6548495272795359,-0.09175881743431091,0.6330248093232512,0.8488757486144701,-0.04979662597179413,0.6329295879229904,0.7699450017677413,-0.0710054412484169,0.631806724332273,0.7211254937781229,-0.08374354243278503,0.6299728430807591,0.6776044054163827,-0.09282304346561432,0.6550136640667915,0.8688923787739542,-0.05885080620646477,0.6655478992499411,0.813755948179298,-0.07743550091981888,0.6714619907550514,0.7778936311602592,-0.08354328572750092,0.6752786035649478,0.7436314480172264,-0.08737054467201233
67,2.23535140562249,0,Left,0.9906734824180603,0.3555222160881385,1.0037714736329184,6.355969048854604e-07,0.3883157754316926,0.9796098563406203,-0.036728598177433014,0.4139111842494458,0.9343496196799808,-0.05949408933520317,0.43653929226566107,0.8910936246315638,-0.07871352881193161,0.4565376679878682,0.8554854227436913,-0.09887818247079849,0.3895713613368571,0.8474968804253472,-0.05514160171151161,0.40600273923482744,0.7737106459008323,-0.08676531165838242,0.41469937274232505,0.7249259021547105,-0.10817243158817291,0.42128353621810677,0.6835186244712935,-0.12312007695436478,0.3641274835681543,0.8422173109319475,-0.057917799800634384,0.36834497812669725,0.7572043107615577,-0.0871238112449646,0.3705847061937675,0.7011657118797302,-0.10827457904815674,0.37221171595156194,0.6529461317592197,-0.12325522303581238,0.340375738684088,0.8581173355380695,-0.06353338062763214,0.3382836853619665,0.7796945210960177,-0.09365241974592209,0.338239329517819,0.7251852936214871,-0.11455374211072922,0.33979330321308227,0.676862144139078,-0.1284342259168625,0.31933439129497854,0.8900923548473252,-0.07143020629882812,0.30213440691586585,0.8406390908691618,-0.10289819538593292,0.2912441540509462,0.8045650396082137,-0.11893550306558609,0.2827960852184333,0.7679459939400355,-0.1282520592212677
67,2.23535140562249,1,Right,0.9169780015945435,0.6201228892896324,1.00093578365114,4.658120360545581e-07,0.5877680638339371,0.9764369489418135,-0.029390906915068626,0.5604495047591627,0.9352856586376826,-0.04887104034423828,0.5398271256126463,0.8991418661342727,-0.06571860611438751,0.5212016442324966,0.8695974929465188,-0.08302203565835953,0.5869789070915431,0.8496895382801691,-0.04099508374929428,0.5738181925844401,0.7743710388739904,-0.0666610598564148,0.5659139043651521,0.7265493114789326,-0.08519244194030762,0.5610330921132117,0.6853554275300767,-0.09809954464435577,0.6102152928244322,0.8412587198946211,-0.044613976031541824,0.6057671545539052,0.755347125728925,-0.06561572104692459,0.6031075066886842,0.700519190563096,-0.08205582201480865,0.6013891642913223,0.6535753773318397,-0.09409510344266891,0.6327832525130361,0.8487055016888513,-0.05110805109143257,0.6326782809104771,0.7696327192915811,-0.0727502629160881,0.6316549079492688,0.7211832781632741,-0.08563455939292908,0.6299293203745038,0.677676614622275,-0.0947333574295044,0.6547973400913178,0.8685098018911149,-0.05990063026547432,0.6648289392702281,0.8136525490217739,-0.07901427149772644,0.6706155656371265,0.7777678075763914,-0.08546415716409683,0.6745029204990715,0.7432162344455719,-0.08942397683858871
68,2.268714859437751,0,Left,0.9911299347877502,0.3556845403742045,0.9999987259507179,6.417963618332578e-07,0.3883507465943694,0.9761850461363792,-0.038049839437007904,0.413946479652077,0.9310419127345085,-0.061349496245384216,0.4365369544364512,0.8880432590842247,-0.08071470260620117,0.4564951994456351,0.8521151967346668,-0.10090980678796768,0.38895311891101303,0.8442463286221027,-0.05663596838712692,0.4053925353102386,0.7706552885472775,-0.0885682925581932,0.41436417661607267,0.7217647939920425,-0.11003074049949646,0.42149157198145987,0.6808400377631187,-0.1248181164264679,0.3637839931063354,0.8389039002358913,-0.058486081659793854,0.36766730770468714,0.7541934251785278,-0.0874951034784317,0.3701033606659621,0.6984231069684028,-0.1083388477563858,0.37214471958577633,0.6511464506387711,-0.12318101525306702,0.3403773993719369,0.8546797730028629,-0.06328175216913223,0.33813917823135853,0.7771452106535435,-0.09309574961662292,0.33790839673019946,0.7230563402175904,-0.1138327345252037,0.3394376564305276,0.6754279613494873,-0.12770257890224457,0.3197591827949509,0.8864658586680889,-0.07048508524894714,0.3021980562945828,0.8384211629629135,-0.1016705259680748,0.29116262989118696,0.8027014076709748,-0.11762244999408722,0.2824804058065638,0.7664370387792587,-0.12696397304534912
68,2.268714859437751,1,Right,0.911513090133667,0.620808485429734,0.998270945250988,4.636607684460614e-07,0.5881193264387548,0.9746287524700165,-0.028765490278601646,0.5608961366117,0.9333016939461232,-0.047949742525815964,0.5403008978813887,0.8968460477888585,-0.06443915516138077,0.5213299396447837,0.8677158027887344,-0.08131778985261917,0.5867399200797081,0.8467937476933003,-0.04055797681212425,0.5735007351264357,0.7715505629777908,-0.06565095484256744,0.5657720206305384,0.7243049934506416,-0.0836460217833519,0.5610522087663412,0.6838681980967521,-0.09607938677072525,0.6101454271934926,0.837799172103405,-0.043968137353658676,0.6055055906064808,0.7518443331122399,-0.06447132676839828,0.6027604191564023,0.6972705595195293,-0.08027438819408417,0.60098906038329,0.6514840312302113,-0.09179961681365967,0.633038283418864,0.8449717298150062,-0.05017246678471565,0.6333378563635051,0.7665995225310326,-0.07101333886384964,0.6318876357749105,0.7183429524302483,-0.08355173468589783,0.6297015222720802,0.6756887167692185,-0.09242645651102066,0.6555048500187695,0.8648311853408813,-0.058588046580553055,0.665633524954319,0.8096902050077915,-0.0768384113907814,0.6706630404107272,0.7736248850822449,-0.08296927064657211,0.6735294118523598,0.7393127419054508,-0.08669430017471313
69,2.3020783132530123,0,Left,0.9905073046684265,0.354426546767354,0.9945661332872179,6.390604880834871e-07,0.3873894538730383,0.9714705573187934,-0.03774632513523102,0.41352414414286615,0.9261243608262804,-0.06054404005408287,0.4366451881825924,0.8822153727213542,-0.07934596389532089,0.45694952718913556,0.8468836042616102,-0.09900631010532379,0.3887016911059618,0.8395724826388888,-0.055934302508831024,0.4052620854228735,0.7664191351996528,-0.0870591476559639,0.4140828650444746,0.7176528930664062,-0.1079372987151146,0.4209222801029682,0.676816897922092,-0.12236635386943817,0.3636254508048296,0.8337440490722656,-0.05748380348086357,0.3677166409790516,0.7490818871392144,-0.08557392656803131,0.37028571106493474,0.6937257978651259,-0.1057344377040863,0.37231724970042707,0.6469162835015191,-0.12016668915748596,0.34028352685272695,0.8490506913926866,-0.0619327649474144,0.3382547877728939,0.7721156226264105,-0.09070000797510147,0.33774642534554006,0.7181168874104817,-0.11092868447303772,0.339115609228611,0.6707322438557942,-0.12457124143838882,0.3195490034297109,0.8804873572455512,-0.06879808008670807,0.30205090045928956,0.8333582984076606,-0.09881893545389175,0.29115399047732354,0.7980667538113064,-0.11422692984342575,0.2827041855081916,0.7623572031656901,-0.12330665439367294
69,2.3020783132530123,1,Right,0.9127711653709412,0.6202586561441421,0.9963569641113281,4.5919873059574456e-07,0.5875881433486938,0.971380148993598,-0.027700357139110565,0.5603338487446308,0.9291717529296875,-0.04560227319598198,0.5400212116539478,0.8927981906467014,-0.06095673516392708,0.5215076997876167,0.8644597795274522,-0.0766749382019043,0.586442806571722,0.842525863647461,-0.03764069080352783,0.5732380233705043,0.7672770182291667,-0.061491820961236954,0.5655389100313186,0.7200896369086371,-0.07893793284893036,0.5606749922037124,0.679964107937283,-0.09107521176338196,0.6098267406225204,0.8335921393500434,-0.041133444756269455,0.6051672741770744,0.748048358493381,-0.06022215634584427,0.6023547768592834,0.6938597361246744,-0.07548954337835312,0.6004507772624492,0.6485214233398438,-0.0867312103509903,0.6327082969248294,0.8406481001112196,-0.04746389016509056,0.632679396122694,0.7625287797715928,-0.06721162050962448,0.6311338737607002,0.714379162258572,-0.07956815510988235,0.628974226117134,0.671884282430013,-0.08847913146018982,0.6550714828073978,0.8604234907362196,-0.055996090173721313,0.6649792276322841,0.8062455071343316,-0.0735241249203682,0.6701816737651825,0.770584954155816,-0.07949907332658768,0.6734540022909641,0.7365552266438802,-0.08321397751569748
70,2.3354417670682732,0,Left,0.989186704158783,0.3506994118215516,0.9897434751192729,6.210655101313023e-07,0.3853515085764229,0.9691308130820592,-0.036954548209905624,0.41245460300706327,0.9229620402057965,-0.0589057095348835,0.43637943593785167,0.8783817123207781,-0.07697194814682007,0.4571491031441838,0.8422978396217028,-0.09596452862024307,0.38852483781520275,0.8363034897380405,-0.055235039442777634,0.40571913758758454,0.7630906160506937,-0.08600910753011703,0.4149392168968916,0.7142588160104222,-0.1063825935125351,0.422110101650469,0.6732061700688468,-0.12046439945697784,0.3635549715487286,0.8297171968552801,-0.056926529854536057,0.3683233906514943,0.7452325031161309,-0.08436379581689835,0.37154089140240104,0.6898051821523242,-0.10365041345357895,0.3740768984425813,0.6431220829486847,-0.11743561178445816,0.3401150994002819,0.8446215361356735,-0.06151771545410156,0.3385908287251368,0.7677564651601845,-0.08998766541481018,0.33864831565879283,0.7145442532168494,-0.10953515022993088,0.3404508298262954,0.6675345909264353,-0.12263962626457214,0.3194666345138103,0.8759096508224805,-0.06847204267978668,0.3024913742672652,0.8289794592393769,-0.09870828688144684,0.29158965485403315,0.7939817985726727,-0.11397930979728699,0.2830755622242577,0.7584045832355817,-0.12280307710170746
70,2.3354417670682732,1,Right,0.9204916954040527,0.6219367535784841,0.9944143385522896,4.4407613586372463e-07,0.5888790228404105,0.9701359110573927,-0.02695782482624054,0.5616284992545844,0.9256113306515746,-0.04362144321203232,0.5418986469507218,0.8871392072902785,-0.057852115482091904,0.5230484541505576,0.8589554223749373,-0.07249657064676285,0.5873851369135081,0.8381122700042195,-0.035237688571214676,0.5743576045613736,0.7631249578462707,-0.05793587118387222,0.5665371932089329,0.71616889403926,-0.07480409741401672,0.5615077682770788,0.6761398021545675,-0.08676497638225555,0.6106379703152924,0.8292252875036663,-0.038822222501039505,0.6058892297558487,0.7439847371644444,-0.057079900056123734,0.6029962650500238,0.6899708233773708,-0.07225234806537628,0.6010336628183722,0.644875789930423,-0.08360595256090164,0.633319974457845,0.8366656165983942,-0.04524623975157738,0.6335233923513442,0.7588382590148184,-0.06444840133190155,0.6319762447383255,0.7107012588116858,-0.0770917758345604,0.6297482767608017,0.6681808066036966,-0.08635469526052475,0.6554523260798305,0.8569627554880248,-0.05382736399769783,0.665556054469198,0.8029235593974591,-0.07111255079507828,0.6707696059253067,0.7670924675961336,-0.07743873447179794,0.6740654673427343,0.7328840783072843,-0.08155055344104767
71,2.368805220883534,0,Left,0.9881784915924072,0.34915538525674494,0.9876880659825272,5.933129045843089e-07,0.3841994175221771,0.966203627983729,-0.03405412286520004,0.4115883705439046,0.9191018959714307,-0.0546349436044693,0.43589236177504065,0.8744305939310126,-0.07198066264390945,0.4567783613223583,0.8376090678903791,-0.09035623073577881,0.3883517494890839,0.8331033821735118,-0.052028410136699677,0.40568530638702216,0.7602969215148025,-0.08194703608751297,0.415172750572674,0.7118657195733653,-0.10182934999465942,0.4224320054985583,0.6707671019766066,-0.1158250942826271,0.3635845480952412,0.8260857310560015,-0.05535861849784851,0.369017852563411,0.7419633327258958,-0.08259280771017075,0.3722156923962757,0.6864205559094747,-0.1019577831029892,0.3744598841061816,0.6397643823590543,-0.11590582132339478,0.3398074392229319,0.8406630858778954,-0.06140906736254692,0.3390319787198678,0.762190186811818,-0.08999108523130417,0.33950212665367874,0.7095303089254432,-0.10924607515335083,0.3415417638374493,0.6634923719697529,-0.12222092598676682,0.31852077073417606,0.8717361745735009,-0.0695364773273468,0.30210723655764016,0.8230625574787458,-0.1000170186161995,0.29168402884388345,0.7877034862836202,-0.11516880244016647,0.28361495372373613,0.752170809937848,-0.12392923980951309
71,2.368805220883534,1,Right,0.9078405499458313,0.623965106997639,0.9904785159561369,4.4910942165188317e-07,0.5907569845207036,0.9670727493034469,-0.027496427297592163,0.5637045049574226,0.921919650832812,-0.0442388541996479,0.5437029615044594,0.8819796790679296,-0.05856781825423241,0.5234023680444807,0.8541698194212384,-0.07312683016061783,0.588411275157705,0.831869521488746,-0.03258800506591797,0.5755797071382404,0.7573359002669652,-0.054534152150154114,0.5680551795288921,0.7106915251248412,-0.07136724889278412,0.5634351303800941,0.6706993875404199,-0.08347901701927185,0.6114540606271476,0.8225142685903444,-0.035843610763549805,0.6068360708653927,0.7384193015595277,-0.05292951688170433,0.6042644028551877,0.6853445832100179,-0.06773394346237183,0.6026536245830357,0.6411150051487817,-0.07904747873544693,0.6340561035089195,0.8297733657062054,-0.042220644652843475,0.6341703488491476,0.7526087837086783,-0.06019051373004913,0.6327292505651713,0.7055014895896117,-0.07208747416734695,0.6305613574571908,0.663895287613074,-0.08115449547767639,0.6563210146035999,0.8499479696982437,-0.05098084360361099,0.6661567146424204,0.7968210433920224,-0.06702828407287598,0.6712479582987726,0.7614043285449346,-0.07276948541402817,0.6743942628148943,0.727492837773429,-0.0767330601811409
72,2.402168674698795,0,Left,0.9898314476013184,0.3486954502761364,0.9858080317576726,5.830559075548081e-07,0.38380779679864646,0.9643131507767572,-0.03394951671361923,0.4115025350358337,0.9173619495497809,-0.05422399193048477,0.43554803943261505,0.8728432161940469,-0.0712728425860405,0.4566083947895095,0.8367702656322056,-0.08925164490938187,0.3885674960212782,0.8314255734284719,-0.05138278752565384,0.4059174773748964,0.7587925142712063,-0.08089596778154373,0.4154013935942203,0.7103482981522878,-0.10051147639751434,0.4225111066363752,0.6692384514543745,-0.11442667245864868,0.3634772240649909,0.82392887406879,-0.05469868332147598,0.36884672129526735,0.7396549499697156,-0.08219945430755615,0.37223971337080003,0.6844416595167584,-0.10176879167556763,0.37453910340555013,0.6376511060529285,-0.11575137823820114,0.33959218305535616,0.8377631697389815,-0.06071310490369797,0.3389020858332515,0.7598411404424243,-0.08976421505212784,0.33977192365564407,0.7071293711662292,-0.10921750217676163,0.34194680517539383,0.6607053637504577,-0.12217678129673004,0.31812970705796034,0.8679265114996169,-0.06877011060714722,0.3018833714770153,0.8187451240089204,-0.09947240352630615,0.2914546776912175,0.7830684940020244,-0.1147095188498497,0.283329897839576,0.746923546327485,-0.12350764125585556
72,2.402168674698795,1,Right,0.9247148036956787,0.6259244960267096,0.9867103927665286,4.626209886282595e-07,0.5924138124566525,0.9635159257385466,-0.02789667621254921,0.5653121101669967,0.9177952779663934,-0.044552069157361984,0.5452520261052995,0.8768008285098605,-0.058839164674282074,0.5242589384317398,0.8486312011877696,-0.07345595955848694,0.5893548124469816,0.8274069822496838,-0.03216071054339409,0.5770215148106217,0.7528376549482345,-0.054245684295892715,0.5695670063607394,0.7058511700895097,-0.07132820785045624,0.5648850743193179,0.6653108659717771,-0.08366420120000839,0.6125427678227424,0.8187142981423272,-0.03552108258008957,0.6081177189946174,0.7342718200551139,-0.05257894843816757,0.6054784625768661,0.6809806254174974,-0.06760256737470627,0.6036482076626271,0.6365346882078383,-0.07912326604127884,0.6352909934241324,0.8262957370943493,-0.04209285229444504,0.6353823829442262,0.749337930811776,-0.06002885103225708,0.6338192068971693,0.7022236006127464,-0.07175254076719284,0.6314653612673282,0.6603739751709832,-0.08077455312013626,0.6576031353790313,0.846598207950592,-0.05114908143877983,0.6670849246904254,0.7936910539865494,-0.06696682423353195,0.6724949006922543,0.7589828944868512,-0.07223708927631378,0.6760732713621109,0.7256762395302455,-0.07595312595367432
73,2.435532128514056,0,Left,0.9892739653587341,0.3485350474715233,0.9852649834420946,5.744773829974292e-07,0.38394758151844144,0.9641129298342599,-0.03346283361315727,0.41164432391524314,0.9167740292019314,-0.05322958901524544,0.4352120434865355,0.8712625599569744,-0.06978224962949753,0.4558413458056748,0.8347921113173167,-0.08712946623563766,0.3890430463477969,0.8300312181313833,-0.05035438761115074,0.40648235846310854,0.7566507263316049,-0.07923615723848343,0.41562033630907536,0.7082138276762433,-0.09803134202957153,0.422017814218998,0.6676995552248425,-0.11132416129112244,0.3636387296020985,0.8229234798087014,-0.053745537996292114,0.36906539956107737,0.7376664923297034,-0.08135932683944702,0.37218919256702065,0.6825432403220071,-0.10072845965623856,0.37399792522192,0.6362514729301135,-0.11429505050182343,0.33954399470239877,0.8368635843197505,-0.05982343107461929,0.3388265465386212,0.7592999845743179,-0.08906134963035583,0.3400340933352709,0.7061921470695072,-0.10853298008441925,0.34235556349158286,0.6594952907827165,-0.12131310254335403,0.31773877763189373,0.8666678657134373,-0.06783618777990341,0.3014688229188323,0.8175139817926619,-0.09849746525287628,0.29119137502275405,0.7815606339110268,-0.11374440789222717,0.28332359278574587,0.7451343423790402,-0.12247046828269958
73,2.435532128514056,1,Right,0.9260088205337524,0.6262513915076852,0.9842337257332272,4.618417506208061e-07,0.5924947651103138,0.9605844404962328,-0.027454886585474014,0.5658397983759642,0.9140061775843302,-0.042974911630153656,0.5460742624476552,0.8729713138606813,-0.05616765096783638,0.5254472021013499,0.8450928290685018,-0.06971047818660736,0.5895413957536221,0.8250979019535912,-0.030150309205055237,0.5775528084486723,0.7505822360515595,-0.05114712566137314,0.5702427633106708,0.7036336421966553,-0.0673583447933197,0.5654090024530888,0.6632245057159,-0.07925461232662201,0.612860880047083,0.8164896630578571,-0.0336320735514164,0.6086844386532902,0.7319809072547488,-0.049936339259147644,0.6057652551680803,0.6791629506482019,-0.06476562470197678,0.6034300634637475,0.6351258872283829,-0.0762162134051323,0.6354114856570959,0.8241490708457099,-0.040379997342824936,0.6353977978229522,0.7468393954965803,-0.05841444805264473,0.6338073119521141,0.6993906488021214,-0.0707726925611496,0.6313585381954908,0.6572141766548156,-0.0802142322063446,0.6573691990226507,0.8444135245349672,-0.0495014525949955,0.6672604123130441,0.7914871937698789,-0.06592022627592087,0.673442997969687,0.7567007289992438,-0.0718703418970108,0.677760666795075,0.7234859628809823,-0.07607565820217133
74,2.468895582329317,0,Left,0.9884905219078064,0.3491971530020237,0.9835762474271986,5.580939159699483e-07,0.38440791401080787,0.9626313116815355,-0.034704677760601044,0.4118688068818301,0.915260155333413,-0.054933466017246246,0.4352523546665907,0.8694775193929672,-0.07171082496643066,0.4556891989894211,0.8327502446042166,-0.0893077403306961,0.3888531638775021,0.8292117883761724,-0.052399422973394394,0.4055862136650831,0.7561851001448101,-0.08181163668632507,0.41469399104826155,0.7076348649130927,-0.10125093162059784,0.42117540328763425,0.6662191145949894,-0.11508934944868088,0.36360713723115623,0.8218184587028291,-0.0553893968462944,0.36871764142997565,0.7368740194373661,-0.08298654854297638,0.3718408850952983,0.6813443117671543,-0.10239721834659576,0.3738398597575724,0.6339110831419627,-0.11623404175043106,0.3396923799067736,0.8357970009247462,-0.06111430004239082,0.3391044591087848,0.7584122164381875,-0.09042146056890488,0.34013592787086966,0.7051623192098405,-0.11007089912891388,0.3422750663943589,0.6579252322514851,-0.12313801050186157,0.3181252320297062,0.8660310781664319,-0.06893874704837799,0.30183157194405796,0.8165629218022029,-0.09985121339559555,0.29097279431298373,0.7811576267083485,-0.11515084654092789,0.2822826687246561,0.7452578981717427,-0.12403307855129242
74,2.468895582329317,1,Right,0.9221166968345642,0.6255881844088436,0.9850002931223976,4.591164213252341e-07,0.5916335059329867,0.9598879357179005,-0.026465153321623802,0.5653468657284975,0.912036602364646,-0.04149014502763748,0.5459695668891072,0.8710688994990454,-0.05446481332182884,0.525577787309885,0.8437314864661959,-0.06795158982276917,0.5894413580186665,0.8230163779523637,-0.028525270521640778,0.5776112711988389,0.748407393362787,-0.04933067411184311,0.5702540545724333,0.7012546675072776,-0.06573387235403061,0.5653422003611922,0.6608352697557873,-0.07782735675573349,0.6129327332600951,0.8148618638515472,-0.03267299011349678,0.6089400916360319,0.7305132932133145,-0.04896441847085953,0.6062182216905058,0.6774722380770577,-0.06429623812437057,0.6039242132566869,0.633359792166286,-0.0761137381196022,0.6354902574792505,0.8229638520214293,-0.04007180407643318,0.6355434697121382,0.745331072807312,-0.05820746719837189,0.6344472436234355,0.6972983168231116,-0.07104817777872086,0.6323029664345086,0.6546089073022207,-0.08082126080989838,0.6572563257999718,0.8435640679465399,-0.04973980039358139,0.6673309160396457,0.7897900468773312,-0.06623921543359756,0.6739428233355284,0.7545790430572298,-0.07232524454593658,0.6786181975156069,0.7211113618479834,-0.07665534317493439
75,2.5022590361445785,0,Left,0.9882700443267822,0.3501551661640406,0.9859515213304095,5.622200092147978e-07,0.3852331405505538,0.9645001245869531,-0.03400807827711105,0.41231924034655093,0.9163654287656148,-0.05391167476773262,0.43584414329379795,0.8700646407074398,-0.07055678218603134,0.45637464709579945,0.8330907589859433,-0.08796228468418121,0.3900057950057089,0.8294646614127689,-0.05092664062976837,0.40678001660853624,0.7558764629893833,-0.08001569658517838,0.4159412233158946,0.7071128017372555,-0.09931347519159317,0.42247217446565627,0.6659032020303938,-0.11308969557285309,0.3648074194788933,0.822286397880978,-0.054233863949775696,0.3697975790128112,0.7372678167290158,-0.08163488656282425,0.37284843204542994,0.6817526598771413,-0.10110557079315186,0.37474564677104355,0.634547513226668,-0.11494313180446625,0.34101492948830125,0.8362164093388451,-0.06029065325856209,0.34008177993819116,0.7588661094506581,-0.08917561918497086,0.3409465240314603,0.7058475534121196,-0.10869155824184418,0.3429882195778191,0.6589911848306655,-0.12170464545488358,0.31956628724001346,0.8664264314704471,-0.06844047456979752,0.3030904081650078,0.8173370589812596,-0.0989590510725975,0.29219003738835453,0.7819492164585325,-0.1141582801938057,0.2835913045797497,0.746166146794955,-0.12296302616596222
75,2.5022590361445785,1,Right,0.9246132373809814,0.6264472674578428,0.9847373690870073,4.499694910009566e-07,0.5922184444963932,0.959621857603391,-0.026306070387363434,0.5658061502501368,0.9119634277290768,-0.04103250801563263,0.546443528868258,0.8707655611965391,-0.05377756431698799,0.5260786950588227,0.8430882645977869,-0.066920705139637,0.5897566908970475,0.8224422934982512,-0.02704979106783867,0.5779021836817264,0.7479763358831406,-0.04721083119511604,0.5704654417932034,0.7009750478797488,-0.0632753074169159,0.5654701240360737,0.6605809248156018,-0.07524418085813522,0.6131276225671172,0.8140012628502316,-0.031101180240511894,0.6092041026800871,0.7296376787953907,-0.04675287380814552,0.6064834265038371,0.6767810321516461,-0.061878252774477005,0.6041702162474394,0.6325737956497405,-0.07362454384565353,0.63555898219347,0.8219832277960247,-0.03846260532736778,0.6355700403451919,0.7444450709554884,-0.05599994584918022,0.6346808031201363,0.6965239273177253,-0.06880609691143036,0.6327405020594596,0.6537579788102044,-0.07867563515901566,0.6572423994541168,0.8424200203683642,-0.04815652221441269,0.6673694413155318,0.7894560509257846,-0.06427381932735443,0.6740364279597998,0.7546112987730238,-0.07049055397510529,0.6789461124688387,0.7213476234012179,-0.07498800754547119
76,2.5356224899598394,0,Left,0.9889309406280518,0.35131238964386285,0.9862726486391491,5.556721589528024e-07,0.386343793803826,0.9648179716534084,-0.03430581092834473,0.41367767797783017,0.9166697763734394,-0.054047536104917526,0.43681991258636116,0.8700981160004934,-0.07048308849334717,0.4570016388781369,0.8328743891583549,-0.08758991211652756,0.3911830797791481,0.8292906824085448,-0.0500556118786335,0.4076271878555417,0.7558817618423038,-0.07868025451898575,0.4166340845637023,0.7074848148557875,-0.0976959615945816,0.42300997306592764,0.6666514337062835,-0.11127041280269623,0.3659482731949538,0.8220480756627189,-0.05306621268391609,0.37081635533832014,0.737393601404296,-0.07994760572910309,0.3735802159179002,0.6821915394730038,-0.09914321452379227,0.37522921259514985,0.6352294671866628,-0.11279623955488205,0.3420892779249698,0.835792416996426,-0.05893159657716751,0.3409918799996376,0.7586494031879637,-0.08762642741203308,0.3417481114156544,0.7055759241183599,-0.1071348786354065,0.343697106000036,0.6586944070127275,-0.12013598531484604,0.3204357194714248,0.8658711032734977,-0.06692609190940857,0.30365189057774844,0.8168995251258214,-0.09746690839529037,0.29257620016578584,0.7815182010332743,-0.11273209005594254,0.28384838085621594,0.7456534617476993,-0.12156003713607788
76,2.5356224899598394,1,Right,0.9213602542877197,0.6260201168246567,0.9849350247118208,4.515390799042507e-07,0.5918282899074256,0.9592688530683517,-0.026427241042256355,0.5656313752755523,0.9115213519997067,-0.04119482636451721,0.5464286178350448,0.8703843381669786,-0.053962383419275284,0.5261998225003481,0.8423413366079331,-0.06712845712900162,0.589874588418752,0.8220470663574007,-0.026995114982128143,0.5778963575139642,0.7478344443771574,-0.047158557921648026,0.5704444202594459,0.7009797159168455,-0.06322392076253891,0.5654731560498476,0.6607289562622706,-0.07516789436340332,0.6132943958975374,0.8135755042235057,-0.031103590503335,0.6092619909904897,0.7293152057462269,-0.04680703207850456,0.6064164656214416,0.6764043930504057,-0.06204497069120407,0.6039776504039764,0.6322441313001844,-0.0738464966416359,0.6356905189342796,0.8216121398740345,-0.03855876624584198,0.6356558559462429,0.7442374063862695,-0.05628014728426933,0.6346867043524981,0.6962766475147671,-0.06925764679908752,0.6326307285577059,0.6534921950764127,-0.07920928299427032,0.6572391974739731,0.8422322475247913,-0.04833583906292915,0.667361025325954,0.7891451007790036,-0.06454631686210632,0.6741503985598684,0.754276125298606,-0.07077145576477051,0.6791367584839463,0.7210037026140425,-0.07526962459087372
77,2.5689859437751004,0,Left,0.9884950518608093,0.35199069175869224,0.9844190173678928,5.527836606233905e-07,0.3869802572298795,0.9632148163186179,-0.03423461690545082,0.4145289453212172,0.9154544045527776,-0.05424240976572037,0.4376667753094807,0.869241468111674,-0.07094180583953857,0.45771547867916523,0.8321060134304894,-0.08843892812728882,0.3918726697796956,0.8294466200802061,-0.0518009327352047,0.40801941566169264,0.7555074777868059,-0.08109176158905029,0.4169884553644806,0.7069694803820716,-0.10033676773309708,0.42342892293818296,0.6657370871967739,-0.11399064213037491,0.3668404335388914,0.822356923090087,-0.05497591942548752,0.37169235562905667,0.7377682218949,-0.08249558508396149,0.3744713239837438,0.6820911135938432,-0.10195387154817581,0.3761141924886033,0.6344321159852876,-0.11584053933620453,0.3430961195845157,0.8362653606467777,-0.06088586896657944,0.3418770579388365,0.759375724527571,-0.09012910723686218,0.34239151508081705,0.7060476902458402,-0.1099947839975357,0.3441594306146726,0.6588311258289549,-0.12325123697519302,0.3215913040796295,0.8663753774431017,-0.06886199861764908,0.30472523141652347,0.8172977801826266,-0.09987267106771469,0.29335905410116536,0.7819748275809818,-0.11539798974990845,0.2842856322764419,0.7461385591162576,-0.12444247305393219
77,2.5689859437751004,1,Right,0.9284880757331848,0.6255205002147705,0.986449991994434,4.3448875430840417e-07,0.5915631057228893,0.9609228101041581,-0.025091946125030518,0.5651898496318608,0.9124494502941768,-0.03913949802517891,0.5462641521822661,0.8711774418751399,-0.05140906199812889,0.5262921154499054,0.8433758745590846,-0.06417214870452881,0.5898503525648267,0.8235472725497351,-0.026645077392458916,0.5778914315160364,0.7490634838740031,-0.04676809906959534,0.5704478682018816,0.7020578642686208,-0.06263192743062973,0.5655070248991251,0.6618837697638406,-0.07441417127847672,0.6133069190196693,0.8151035924752553,-0.03139785677194595,0.60918545355089,0.730395288599862,-0.047097522765398026,0.6063502484466881,0.6771242380142212,-0.062106721103191376,0.6039702756330371,0.6328332922524876,-0.07370959222316742,0.6358378453645855,0.8231816937526067,-0.039349693804979324,0.6356852507218719,0.745268201496866,-0.05699576437473297,0.6347739132121205,0.6974846177630954,-0.06963591277599335,0.632820802507922,0.6549603137705061,-0.07930527627468109,0.6575328753795475,0.8439374688598845,-0.0495186373591423,0.6678254427853971,0.7904465999868181,-0.0656067430973053,0.6745611952617765,0.7551653232839373,-0.07168605178594589,0.6795159382745624,0.7214688241481781,-0.07607236504554749
78,2.6023493975903613,0,Left,0.9883260726928711,0.3532001847634092,0.9858984159926574,5.543200245483604e-07,0.3880266972351819,0.9645948307381735,-0.03461644798517227,0.4149241469800472,0.9164223931729794,-0.05468562990427017,0.438017323310487,0.8697917547490862,-0.07141522318124771,0.45805242913775146,0.8320920478966501,-0.08891607075929642,0.39220688394270836,0.8295748996237914,-0.05139734596014023,0.40813094908371567,0.7557935112052494,-0.08052276074886322,0.41702636061236265,0.707083108358913,-0.09976847469806671,0.42337367662694303,0.6658144251339966,-0.11349950730800629,0.3671435244381428,0.8226708081861337,-0.054474711418151855,0.371918645594269,0.7384745012554857,-0.08190996199846268,0.37483424406964333,0.6829023126926687,-0.1014687567949295,0.37665174866560847,0.6351333596226242,-0.1154521256685257,0.34348307878244666,0.8368114112151994,-0.06038880720734596,0.34235253545921296,0.7600679902566804,-0.089596226811409,0.34311888287775216,0.706635737998618,-0.10969896614551544,0.3450199536047876,0.6593765815099081,-0.12316980957984924,0.3221869519795291,0.867240138269133,-0.06842796504497528,0.30527801348362116,0.8181514700253805,-0.09953955560922623,0.293972437561024,0.7826686840918329,-0.11536657810211182,0.28491111083421855,0.7467537393172582,-0.12466604262590408
78,2.6023493975903613,1,Right,0.9390559196472168,0.625575897609815,0.9876032859914833,4.211936470710498e-07,0.5916156157385558,0.9619824524554942,-0.02431247942149639,0.5648052574135363,0.9136182907554838,-0.03850943222641945,0.5458599862176925,0.8733067534036106,-0.05111953988671303,0.5262615629471838,0.8459426629046599,-0.06443657726049423,0.5899517130106687,0.8253705368273788,-0.02807207778096199,0.578175536217168,0.7507796511881881,-0.049184150993824005,0.5706893672700971,0.7037050555149714,-0.06557752937078476,0.5655902217142283,0.6634363716675176,-0.07770074158906937,0.6134855000767857,0.8172056590517361,-0.03364809229969978,0.6095027295406907,0.7321859074963464,-0.05039622262120247,0.6066616489551961,0.6788430703183015,-0.06576719880104065,0.6042069064453244,0.6341219621400038,-0.07758739590644836,0.63612215151079,0.8255586793025335,-0.042274776846170425,0.6361020070035011,0.747001590165827,-0.06079288199543953,0.6354074243921787,0.6992131486535073,-0.07335582375526428,0.6336435377597809,0.6565244005786048,-0.08291427046060562,0.6579685003496707,0.8467406988143921,-0.053022027015686035,0.6683433916419744,0.7928064664204916,-0.0697878897190094,0.6750500353053213,0.7573345940146181,-0.07578308135271072,0.6798731003887951,0.7233258506490124,-0.08008217066526413
79,2.6357128514056223,0,Left,0.9888285994529724,0.353755064914003,0.9864924237132072,5.636351261273376e-07,0.38848890527151525,0.9651181744204627,-0.03422641009092331,0.41532215611077844,0.9165594232579072,-0.05406133458018303,0.43815621312242004,0.8695072024232812,-0.07062046974897385,0.45815315321087835,0.8317743757532703,-0.08790459483861923,0.39261182830668984,0.8296819280419084,-0.05067808926105499,0.40853281926829366,0.7554560767279731,-0.07963966578245163,0.4173786122119054,0.7065832772188716,-0.098744235932827,0.4236742375418544,0.6654202318853802,-0.1122923269867897,0.3675661807646975,0.8230559840798378,-0.05380716174840927,0.37221018606796863,0.7384209870464272,-0.08100099861621857,0.37501794011332096,0.6829282691909208,-0.1003403589129448,0.37673228688072413,0.6355086332807939,-0.11408212035894394,0.3438669902505353,0.8372508176498943,-0.05975326523184776,0.34255180452018974,0.7601662541429202,-0.0887397825717926,0.3431106366682798,0.7069250096877416,-0.10849859565496445,0.34483616610523316,0.6600211959746148,-0.12164345383644104,0.3224122435436584,0.8675957338677512,-0.06778372824192047,0.3055209969636053,0.8186304011278682,-0.09861356019973755,0.2942319748690352,0.7833625569111771,-0.11409015953540802,0.2851385561050847,0.7476199110349019,-0.12306322157382965
79,2.6357128514056223,1,Right,0.9423457384109497,0.6248120265081525,0.9901034529838297,4.3324226339791494e-07,0.5913859223481268,0.9639509747425715,-0.024883482605218887,0.5644834327045828,0.916449613786406,-0.03944654017686844,0.5451704601757228,0.8769090181423558,-0.052283987402915955,0.5261464290786535,0.8490640160938104,-0.06573428213596344,0.5901294121518731,0.8282696585688326,-0.028887473046779633,0.5783574427012355,0.7531154832078351,-0.05020255595445633,0.5710516774561256,0.7057172740499179,-0.0665423721075058,0.5662227730732411,0.6654496857689487,-0.07839915156364441,0.613579202350229,0.8203917349378268,-0.034027811139822006,0.6096425343770534,0.7349203150305483,-0.0509447306394577,0.6070145065896213,0.6811695900228288,-0.0662045031785965,0.604998813662678,0.6362410405443775,-0.07775137573480606,0.636179277068004,0.8286003089613385,-0.04225091636180878,0.636277845269069,0.7501955035660002,-0.06083865463733673,0.6353266822174192,0.7018780719902781,-0.0735861137509346,0.6334394895471632,0.6590554119812118,-0.0830894485116005,0.6580303138121962,0.8494598105549812,-0.0526001900434494,0.6683449537493289,0.7952411522467931,-0.0690692812204361,0.6749825042672455,0.7598061498668459,-0.07488010078668594,0.6799029123503715,0.7259896362821261,-0.0789564698934555
80,2.6690763052208837,0,Left,0.988696813583374,0.3547510831151158,0.9882318040563001,5.584498694588547e-07,0.389109960058704,0.965772859669394,-0.034159254282712936,0.4157141606323421,0.9171569283637736,-0.053844694048166275,0.4383599360473454,0.8702041933933894,-0.07027057558298111,0.4581101182848215,0.8323577649063534,-0.08732046186923981,0.3929593219421804,0.8300960943102836,-0.049633145332336426,0.40863855527713894,0.755931384033627,-0.07809425890445709,0.4172100861556828,0.7071208632654614,-0.09694535285234451,0.42316797683015467,0.666088021794955,-0.11039785295724869,0.3677975684404373,0.8237673438257641,-0.052786752581596375,0.3721724200528115,0.7392387852900558,-0.07969634979963303,0.3747394525911659,0.6837446769078572,-0.09911571443080902,0.3762870009522885,0.6361643298218648,-0.11293385922908783,0.3440850157756358,0.8381544493138791,-0.05880369246006012,0.34285696730948984,0.7612995755341317,-0.08763115853071213,0.3435159442014992,0.7078818184634049,-0.10765077918767929,0.34530290015973153,0.6607061357133919,-0.12101957201957703,0.3226649400545284,0.8686736027399699,-0.06691022217273712,0.30561290367040783,0.8201890130009916,-0.09766758978366852,0.2941544307861477,0.7850533109572199,-0.11328472197055817,0.28487774999812243,0.749410783002774,-0.12238679081201553
80,2.6690763052208837,1,Right,0.9353881478309631,0.6250674364157021,0.9945435311231349,4.3554328499340045e-07,0.591454248689115,0.9669717886381679,-0.025171224027872086,0.5644082950428129,0.9192605424258444,-0.0401340089738369,0.544670918211341,0.880085276067257,-0.05333191528916359,0.5257580691017211,0.8521466452214453,-0.06715596467256546,0.5903379382565618,0.8309725474980142,-0.029495008289813995,0.5785857183858752,0.7559950111640824,-0.05141795054078102,0.5711055558174849,0.7083026002678606,-0.06847143173217773,0.5660497274249792,0.6677411052087943,-0.0809113159775734,0.6138098462484777,0.8229566667642858,-0.03461308032274246,0.6102498765103519,0.7377894772423639,-0.05210515484213829,0.6076327925547957,0.6837585400376055,-0.06787949800491333,0.605433305259794,0.6386062843104203,-0.0797935351729393,0.6364796610549093,0.8311514197952218,-0.04284176975488663,0.6366542893461883,0.7525845548344983,-0.06184328719973564,0.6357237743213773,0.7038190787037214,-0.07500913739204407,0.6337905926629901,0.6606943794422679,-0.08482223004102707,0.6583136807195842,0.8522747422258059,-0.0532107837498188,0.6689239124767482,0.7979873160521189,-0.07018084824085236,0.6756727292202414,0.7622167753676573,-0.07643524557352066,0.68065002001822,0.7280741622050603,-0.08079623430967331
81,2.7024397590361446,0,Left,0.9892476797103882,0.35409473250620066,0.9879642330110073,5.677413241755858e-07,0.38878909919876603,0.9662460601164236,-0.03455211967229843,0.4154287317302078,0.9183581748770343,-0.054888106882572174,0.43803326787892727,0.8718217130336496,-0.07187806069850922,0.4579738491214812,0.8338779898153411,-0.08954475075006485,0.392774965101853,0.8306705925199721,-0.05133501812815666,0.4086594990454614,0.7561500338216622,-0.0805082619190216,0.41731377998366953,0.7072388473484251,-0.09964277595281601,0.42342485340777786,0.6661438114113278,-0.1132006123661995,0.36764152816031126,0.8242852096756299,-0.054438360035419464,0.37216932999435814,0.7392207084430589,-0.08206293731927872,0.37482366918120535,0.6834685098793771,-0.10177574306726456,0.3764088104944676,0.6357639424088929,-0.11576677113771439,0.34395564093720166,0.8387054349813197,-0.06033548712730408,0.34237051631789656,0.76163094225857,-0.08962658047676086,0.34280676280613986,0.7081505693495274,-0.10980888456106186,0.3444556416478008,0.6607803392741415,-0.12326622009277344,0.3226469231303781,0.8693317853742175,-0.06830835342407227,0.3054877554764971,0.8207530611919032,-0.09942078590393066,0.2940538472030312,0.7856884866952896,-0.11521376669406891,0.2848107870901003,0.7498066196011173,-0.12443004548549652
81,2.7024397590361446,1,Right,0.9284459352493286,0.6249199312645942,0.9955418450136979,4.369489943201188e-07,0.591211426211521,0.9677274766895506,-0.024883264675736427,0.5643369597848504,0.9206049289140437,-0.04006567969918251,0.5449696657247841,0.8820279682675998,-0.053516171872615814,0.5261944729369133,0.8543601530293624,-0.06761116534471512,0.5904747218824923,0.8326899743742413,-0.030012071132659912,0.5783522713463753,0.7579594882826011,-0.05204576626420021,0.5706212330143898,0.7105974328186777,-0.06915543228387833,0.5653862083796412,0.6700663186609745,-0.08159118890762329,0.6140118325594812,0.824283482051558,-0.035281192511320114,0.6103454055264592,0.73897319469187,-0.05255370959639549,0.6077549708075821,0.6851705988248189,-0.0681314468383789,0.6055924022104591,0.6400118118358983,-0.07999938726425171,0.6367701367475093,0.8324052956369188,-0.04357205703854561,0.6369678599759936,0.753639669633574,-0.062144938856363297,0.6362272158730775,0.7048649233248498,-0.0749383196234703,0.634464066894725,0.6617331871555912,-0.08462616056203842,0.6587161797564477,0.8535682270096407,-0.054006464779376984,0.6695038482546807,0.7991289384663105,-0.07048756629228592,0.6763987196609378,0.7634018833438555,-0.07624305784702301,0.6814629317261278,0.729438311027156,-0.08029710501432419
82,2.7358032128514056,0,Left,0.9886628985404968,0.3545679728034884,0.9890424389806058,5.597798917733599e-07,0.3888231882592663,0.9670735499097242,-0.03495544195175171,0.4153280337806791,0.9188397184842163,-0.05521506071090698,0.4380454711616039,0.8722167911628882,-0.0721113458275795,0.4579322477802634,0.8343190817369355,-0.08974538743495941,0.3923761631594971,0.8318219486210081,-0.05172606185078621,0.4078183239325881,0.7573230062921842,-0.08109235018491745,0.4161273237550631,0.7080627133448919,-0.10053583234548569,0.4218204138800502,0.6662974856793881,-0.11444779485464096,0.36731105458457025,0.825599299536811,-0.05489673465490341,0.37185835496056824,0.7407340228557586,-0.08263953030109406,0.3744476544903591,0.6846622981131076,-0.10271560400724411,0.37591183139011264,0.636025235015485,-0.11711467057466507,0.3436503418488428,0.8403530405627356,-0.0609111562371254,0.34227779807988556,0.7632891664074527,-0.0904761403799057,0.3427180344238877,0.7094408517082532,-0.11122642457485199,0.3442246807506308,0.6613212962945302,-0.12519730627536774,0.3223201055312529,0.8713408857584,-0.0690528005361557,0.3053718326380476,0.8230220215188132,-0.10052970051765442,0.29363819271093233,0.7883121998773681,-0.11667453497648239,0.28394003863213585,0.7527361222439342,-0.12624727189540863
82,2.7358032128514056,1,Right,0.9233117699623108,0.6246375696733594,0.9954802826046943,4.403407558584149e-07,0.5910712971352041,0.9676667148868243,-0.0252321045845747,0.5641857125330716,0.9205169886350631,-0.0405069962143898,0.5447077375371009,0.8818425225714842,-0.053946565836668015,0.5259630279149861,0.8541392699711853,-0.06804636865854263,0.5905494106467813,0.8332059440513452,-0.030818533152341843,0.5784125031437725,0.7583357310957379,-0.05298404023051262,0.5707198275253177,0.7107790861692693,-0.07001730054616928,0.5655306111089885,0.6700868394639757,-0.08238853514194489,0.6141804081387818,0.8252088986337185,-0.035934511572122574,0.6107665272895246,0.740176716612445,-0.05353546142578125,0.6084174871910364,0.6863589513632986,-0.06920076906681061,0.6064557468984276,0.6409342366788122,-0.08111990243196487,0.6368880628608167,0.833663595881727,-0.044071245938539505,0.6375186603982002,0.7550765050782098,-0.06325962394475937,0.63689911426045,0.7063450336456298,-0.0763470008969307,0.6351708890404553,0.6629504036572245,-0.08612368255853653,0.6587111047934741,0.8549367159605026,-0.05431011691689491,0.66983034866862,0.8003850897153219,-0.07148069143295288,0.6770187666174025,0.7645920056435797,-0.0776199921965599,0.6823466764297337,0.7302821079062091,-0.08187250792980194
83,2.7691666666666666,0,Left,0.9886603951454163,0.35470100147649647,0.990045040845871,5.650378511745657e-07,0.3885909096803516,0.9682686204711596,-0.03498801216483116,0.4146242499351501,0.9203572447101275,-0.055806003510951996,0.4373811448458582,0.8740604445338249,-0.07326923310756683,0.45753880981355904,0.8361146673560143,-0.09150002151727676,0.392340285750106,0.8330489074190458,-0.05302620306611061,0.4076852244324982,0.7579859619339308,-0.08302010595798492,0.41593294236809014,0.708480233947436,-0.10273745656013489,0.4215955397114158,0.6665037597219149,-0.11676719784736633,0.3672580728773028,0.8268942932287852,-0.05648409575223923,0.3716791142243892,0.7412782162427902,-0.08479370176792145,0.37426963448524475,0.6849457323551178,-0.1050589382648468,0.37571654506027696,0.6358858048915863,-0.11958248168230057,0.3435247741173953,0.841867263118426,-0.06273355334997177,0.34190998901613057,0.7650108983119329,-0.09256814420223236,0.3422783868387341,0.7109985277056694,-0.11333449929952621,0.34378781989216806,0.6625515495737394,-0.12732185423374176,0.32201595492661,0.8730025390783945,-0.07109783589839935,0.3048259678762406,0.8242888152599335,-0.10253479331731796,0.2931088291341439,0.7895450418194135,-0.1185988038778305,0.28346679306123407,0.7539050231377283,-0.12817756831645966
83,2.7691666666666666,1,Right,0.9099058508872986,0.6248896852135658,0.9944995840390524,4.471023373753269e-07,0.5915003413334489,0.967754676938057,-0.02610379084944725,0.5645418857224286,0.9215239932139715,-0.041976455599069595,0.5445924339815974,0.8827075560887655,-0.05579417943954468,0.5258248911239207,0.8539459283153216,-0.07018566876649857,0.5903425052762031,0.8330664287010828,-0.03206123784184456,0.5781628590077161,0.7573606843749682,-0.054397836327552795,0.5705359190702438,0.7094849844773611,-0.0714731439948082,0.5654169329442084,0.6687069659431776,-0.08384963124990463,0.6141907183453441,0.8249471510450045,-0.03659272938966751,0.6108901333063841,0.7394467989603678,-0.054226428270339966,0.6085769353434444,0.6858615676561991,-0.06985504925251007,0.6064949033781886,0.6408835289378961,-0.08173883706331253,0.6370579303242266,0.8333986575404803,-0.04413891211152077,0.6379031205549837,0.7543628141283989,-0.06331702321767807,0.6374919098801911,0.7058186456561089,-0.07624868303537369,0.6358420854434371,0.6627246936162313,-0.085930235683918,0.6589118100702762,0.8547848810752233,-0.05382546782493591,0.6701468988321722,0.8006492281953493,-0.07129915058612823,0.6772394220344722,0.7650602534413338,-0.07761118561029434,0.6823854900896549,0.7309475839138031,-0.08187059313058853
84,2.8025301204819275,0,Left,0.9884128570556641,0.3546359042869881,0.9887709912326601,5.723504727939144e-07,0.38842377115506677,0.9668151072329945,-0.03541136533021927,0.41454377525951713,0.9191114061408573,-0.056873805820941925,0.4371228071395308,0.8731550197634432,-0.0749417394399643,0.45710265515372156,0.8351396616134379,-0.09387611597776413,0.39186915499158204,0.8326623284982311,-0.05508238449692726,0.40725851715542377,0.7576669717828433,-0.08608517795801163,0.4154399456921965,0.7079130260480775,-0.10649224370718002,0.4211246591061354,0.6654160732196437,-0.1209336519241333,0.36671884569805113,0.8265171362294091,-0.05862097442150116,0.37116226605139674,0.7408376300500499,-0.08761418610811234,0.3737340791616589,0.6842207837435934,-0.10816162079572678,0.37521645249798896,0.6348304512186183,-0.12288299947977066,0.3429626704426482,0.8417605059014426,-0.06488368660211563,0.34104330248665066,0.7639180478122499,-0.0952848345041275,0.3410378952976316,0.7098455844653977,-0.11621088534593582,0.34235520707443357,0.6614438458449311,-0.1302826702594757,0.3216471965191886,0.8733217771682474,-0.07326415926218033,0.30438708087895067,0.8241136636998918,-0.10518738627433777,0.2925706904497929,0.7894276158677207,-0.12133760750293732,0.28290123865008354,0.7539829106794463,-0.13092142343521118
84,2.8025301204819275,1,Right,0.9179221391677856,0.6254102021455765,0.9932233547170957,4.469950454222271e-07,0.5917394854594022,0.9665399702058898,-0.025711771100759506,0.5647157609462738,0.9199657522969775,-0.04134538397192955,0.5450378450099379,0.8808447274068991,-0.05504131317138672,0.5258818651083856,0.8531871953772174,-0.06933747231960297,0.5906119442544877,0.8316758708821402,-0.03103124164044857,0.5785785547923297,0.7567946892645624,-0.05317839980125427,0.5709959012921899,0.7093984867963526,-0.07031364738941193,0.5658954656217248,0.6689247471590837,-0.08275167644023895,0.6141898998990655,0.823735265682141,-0.035923298448324203,0.6109182324726135,0.7384872897631592,-0.0533493347465992,0.6087003475055098,0.6847604821125667,-0.06894028931856155,0.6069170130416751,0.6396930455333657,-0.08082664012908936,0.6369388313498348,0.8322992017699613,-0.043876923620700836,0.6377877098042518,0.753473924100399,-0.06279919296503067,0.637142161745578,0.7050987092985047,-0.07568281888961792,0.6354211355093866,0.6621302924222416,-0.0853697881102562,0.6589156898669899,0.8537736382749346,-0.05399245768785477,0.6699932958930731,0.7993295453488827,-0.07098186761140823,0.676940010394901,0.7637363152371512,-0.07696029543876648,0.6820374997332692,0.729515132225222,-0.0810873880982399
85,2.835893574297189,0,Left,0.9886675477027893,0.3541519157588482,0.9872815963294771,5.84687427362951e-07,0.38789768021088095,0.9652036266194449,-0.03507239744067192,0.4138034725794569,0.9175642679962847,-0.056495074182748795,0.4362208244856447,0.8715634637408787,-0.07455137372016907,0.4562746823532507,0.8336090215378338,-0.09352987259626389,0.39109955639578403,0.8311046569711632,-0.05499006807804108,0.4065780451055616,0.7560233410861757,-0.08600189536809921,0.41495841802097855,0.7062254851063092,-0.10639042407274246,0.4209997882833704,0.6636940555440055,-0.1207842081785202,0.36605352382175627,0.8249894150429302,-0.058660656213760376,0.37016732327174395,0.7391109590729078,-0.08740444481372833,0.37280177942011505,0.682580875688129,-0.10774029791355133,0.3744730528211221,0.6337395269837645,-0.12231355905532837,0.3424418192822486,0.8404099485940404,-0.06503800302743912,0.34035877923015506,0.7620983531077703,-0.09545499086380005,0.3401663971366361,0.7080413725641038,-0.11637424677610397,0.3413790639024228,0.660023446712229,-0.13039159774780273,0.32139201746322216,0.8721809991531901,-0.07345705479383469,0.3035561031545512,0.8230386664470036,-0.1056278645992279,0.29164114452432843,0.7881631023354001,-0.12193277478218079,0.28201575378188865,0.7525352262788348,-0.13154123723506927
85,2.835893574297189,1,Right,0.9137094020843506,0.6269940867554397,0.9902148683865865,4.5914177349004603e-07,0.5930579658132047,0.9656097752352556,-0.02653339132666588,0.5657096760347485,0.9195387907326221,-0.04254724085330963,0.5461533967405557,0.8794876131746504,-0.056327834725379944,0.526520780660212,0.8514505832559532,-0.07052866369485855,0.5909509031102061,0.8294471932782067,-0.03190942108631134,0.5788205860182642,0.7544275970922576,-0.05371107906103134,0.5715262378100305,0.707437839359045,-0.07040263712406158,0.5667739045806229,0.6673272687527868,-0.0824906975030899,0.6144034052733331,0.821435730987125,-0.03614915534853935,0.611132206581533,0.7360781909690963,-0.053271323442459106,0.6089546662755311,0.6825653928849432,-0.06842729449272156,0.607304653339088,0.6381234869360923,-0.08007174730300903,0.6371441003866494,0.8298549493981733,-0.0434875451028347,0.6382942412979901,0.7509138891266451,-0.06224825605750084,0.6371766439639032,0.7030653011467721,-0.07509995251893997,0.63509248229675,0.6608350670999951,-0.08480174839496613,0.6594095655251294,0.8512046351201005,-0.053042519837617874,0.6709705374203623,0.7967972186704476,-0.07019787281751633,0.6777170352637768,0.7609269056055281,-0.07667765021324158,0.6824992335867137,0.7263961088326242,-0.08115918934345245
86,2.86925702811245,0,Left,0.9901146292686462,0.3531882323557511,0.983982067141268,5.839044092681434e-07,0.38716891054064034,0.9619942022694482,-0.03522142767906189,0.41333954646252097,0.9146850165393617,-0.056445129215717316,0.4351359369233251,0.8680541975630655,-0.07427073270082474,0.4550496553070843,0.8294801471134027,-0.09294158220291138,0.390502423606813,0.8271855618390772,-0.053465090692043304,0.4057218338828534,0.7522053072022067,-0.08375655114650726,0.41383543708361686,0.7028009090158674,-0.10364735871553421,0.4197874339297414,0.6608800772163603,-0.11773733049631119,0.36533449732232837,0.8209595713350508,-0.056753844022750854,0.36944820715580134,0.7355274092819956,-0.08496595919132233,0.3719857435906306,0.6795036051008436,-0.10510832071304321,0.3737191448686644,0.6310748138775428,-0.11957825720310211,0.34162976732477546,0.8362573846346802,-0.06284058094024658,0.3392845605732873,0.7582248603304227,-0.09298010170459747,0.3389604522380978,0.7047246684630711,-0.11371192336082458,0.34015624697785823,0.6571854404277272,-0.12763862311840057,0.3203907585935667,0.868023866497808,-0.07098411023616791,0.30256925713038074,0.8195341804789172,-0.10305555164813995,0.2909138634451665,0.7850558391047848,-0.11936336010694504,0.28159489686368033,0.7495993314517869,-0.12898698449134827
86,2.86925702811245,1,Right,0.9216161966323853,0.6275785638019442,0.9825752471884092,4.828779651688819e-07,0.5936081089545041,0.959161822249492,-0.026892658323049545,0.5666532809380442,0.9138998776674271,-0.04294082522392273,0.5467586998362094,0.874115461193853,-0.056803010404109955,0.5264832532498985,0.847267519020372,-0.07122240960597992,0.5908920250367373,0.8245561926729149,-0.03120930679142475,0.579384374525398,0.7504110364450349,-0.052508044987916946,0.5723102950491011,0.7036437065237098,-0.06878481805324554,0.56775968442671,0.663585633618964,-0.080687515437603,0.6147160944528878,0.8168139873279465,-0.03531329333782196,0.6118334154598415,0.7319150936272409,-0.05183553323149681,0.6098046957049519,0.679009466783868,-0.06662140786647797,0.6082027709111572,0.6348386791017321,-0.07812975347042084,0.6375129954423755,0.8255839377641678,-0.042575862258672714,0.6388589506968856,0.7468064621918731,-0.061056435108184814,0.6380286276806146,0.6994009954233964,-0.0734659731388092,0.6362476517912,0.6568857255081336,-0.08296921849250793,0.6596714834216982,0.8471461524566014,-0.052088893949985504,0.6711761122569442,0.7938293852739864,-0.06904114782810211,0.6783779750578105,0.7588514062265556,-0.07504042237997055,0.6836282715667039,0.725225380476978,-0.07924377918243408
87,2.902620481927711,0,Left,0.9907400608062744,0.3533228040672839,0.9826967451307509,5.816208386022481e-07,0.38588784718886016,0.9593838161892361,-0.035824697464704514,0.4112125148996711,0.910159683227539,-0.05613916367292404,0.43256176020950077,0.861865488688151,-0.0730239748954773,0.4525843981653452,0.8232440100775824,-0.09038721770048141,0.3891936277039349,0.8208971235487196,-0.049027130007743835,0.4040729945525527,0.7454488118489583,-0.07737341523170471,0.4119083693251014,0.6960983276367188,-0.0966610312461853,0.4174050292931497,0.6539763980441623,-0.11055867373943329,0.36400083182379606,0.8145937177870008,-0.05154498666524887,0.36789625119417907,0.7297331915961371,-0.07761098444461823,0.3701627508737147,0.6744796329074436,-0.09699006378650665,0.371602535713464,0.6268431133694119,-0.1108555868268013,0.34056232068687675,0.8297484927707248,-0.05721958354115486,0.33824572218582033,0.7521421220567491,-0.0859040841460228,0.3376301910728216,0.6985170152452257,-0.10642409324645996,0.3384128418751061,0.6509937710232205,-0.12019207328557968,0.31951489043422043,0.8619218190511068,-0.06517815589904785,0.3015850498341024,0.8140261332194011,-0.09649746119976044,0.2893018959555775,0.7797667609320746,-0.11256097257137299,0.27932971878908575,0.7446440802680121,-0.12189192324876785
87,2.902620481927711,1,Right,0.9215089678764343,0.6279362071305513,0.9788670010036893,4.895436518381757e-07,0.5946965830400586,0.9545408460828994,-0.028563642874360085,0.5687652846798301,0.908910157945421,-0.04579505696892738,0.5491438081488014,0.8682644738091363,-0.06061182916164398,0.5283196564763785,0.8394132826063369,-0.07561248540878296,0.59222896322608,0.8183078342013889,-0.03170432150363922,0.580564939416945,0.7442885504828559,-0.05370357632637024,0.573468572832644,0.697180430094401,-0.0707751214504242,0.5689898191019893,0.6566947089301215,-0.08324790000915527,0.6157456737011671,0.8109882354736329,-0.03512781485915184,0.612379140779376,0.7269193861219618,-0.05276474729180336,0.6104233650490641,0.6738464779324002,-0.0684460997581482,0.6090011788532138,0.6296121173434788,-0.08033240586519241,0.6384760754182934,0.8198530832926433,-0.0419008694589138,0.6402046870440244,0.7417794969346788,-0.061136502772569656,0.6396478349342942,0.6944221920437283,-0.07373456656932831,0.6377654543146491,0.652101813422309,-0.0831143707036972,0.6608529871329665,0.8413184695773654,-0.05106089264154434,0.6721760625019669,0.7874821556939019,-0.06823578476905823,0.6787051256746054,0.7525375790066189,-0.07422389835119247,0.6828719586133957,0.7190141042073568,-0.07825970649719238
88,2.935983935742972,0,Left,0.9894802570343018,0.3528744245879352,0.9794510290026665,6.024779395374935e-07,0.3846750516444445,0.9544096753001213,-0.0358973853290081,0.40864615915343167,0.9029492110013961,-0.055825553834438324,0.42949798128101974,0.8524399094283581,-0.07236143201589584,0.4503749227616936,0.8139325343072414,-0.0890597328543663,0.38731647687964144,0.8114924326539039,-0.04587722197175026,0.40228422596119345,0.7353220373392105,-0.07305881381034851,0.41035493530798706,0.6858147330582142,-0.09210284054279327,0.4159913186682388,0.64401296377182,-0.10581118613481522,0.36237984846811744,0.8043792456388473,-0.04762343689799309,0.3666729558026418,0.7192276947200298,-0.0714125856757164,0.36861278261058034,0.6642834700644016,-0.08940952271223068,0.3694808052154258,0.6179701436311007,-0.1023745909333229,0.3391573450760916,0.818936575204134,-0.052797749638557434,0.3370749439345673,0.7423096880316734,-0.07870516180992126,0.33612482640892266,0.6892523728311062,-0.09776074439287186,0.33645919817499814,0.6425130255520344,-0.11088273674249649,0.3180519512039609,0.8513149239122868,-0.06053735315799713,0.30028707582969216,0.8054295293986797,-0.089202880859375,0.28790711945621295,0.771556168794632,-0.10394289344549179,0.27783851595595477,0.7369998753070831,-0.1125490814447403
88,2.935983935742972,1,Right,0.9440748691558838,0.6261099169496447,0.9701776914298534,4.838199743062432e-07,0.5937469481490553,0.9449334666132927,-0.026686834171414375,0.5692523966543377,0.8974854081869126,-0.04246807470917702,0.5508542986121029,0.8567579172551631,-0.056189220398664474,0.5306146337650717,0.8279169239103794,-0.07019255310297012,0.592421953054145,0.8072261936962605,-0.02780110202729702,0.5805365381762385,0.7342792704701424,-0.04811397194862366,0.573244071751833,0.6884086973965168,-0.06444316357374191,0.5687217418570072,0.6484810546040535,-0.07654476910829544,0.6159537765663117,0.8001195468008518,-0.031629957258701324,0.6128705283161253,0.7163558602333069,-0.047167081385850906,0.6109257758129388,0.663727729767561,-0.0621025450527668,0.6094489474315197,0.6200548492372036,-0.07376623153686523,0.6384441625326872,0.8098034255206585,-0.03876027837395668,0.6407980016432703,0.7319741331040859,-0.056331247091293335,0.6407754551619291,0.6852384805679321,-0.06856846064329147,0.6394200934097171,0.6433476127684117,-0.07797668874263763,0.6602208474185318,0.8323366433382035,-0.04820945858955383,0.6723555600270629,0.780157657712698,-0.06456653773784637,0.6798002321273089,0.7456888064742089,-0.07041913270950317,0.6848662504460663,0.7127912402153015,-0.07446928322315216
89,2.9693473895582327,0,Left,0.9880034923553467,0.35006434097886086,0.9679983350965712,5.977410637569847e-07,0.38165503554046154,0.9413612365722657,-0.03522634506225586,0.40608800332993267,0.8899091084798177,-0.05388990417122841,0.42750541791319846,0.8389404720730251,-0.06934217363595963,0.44841872043907643,0.8008988698323568,-0.08467597514390945,0.3858887394890189,0.7993750678168403,-0.041486140340566635,0.4004703091457486,0.7245152791341146,-0.06731661409139633,0.40826729089021685,0.6749739752875434,-0.0856289342045784,0.41384681351482866,0.633994272020128,-0.09857052564620972,0.3611530603840947,0.7917195638020833,-0.042452622205019,0.36555524803698064,0.7069229549831815,-0.0642021894454956,0.3670520918443799,0.6526188744439019,-0.08060105890035629,0.3676269195973873,0.6076064427693685,-0.09237449616193771,0.338050520606339,0.8052558898925781,-0.04708344116806984,0.3358062464743853,0.7305577596028646,-0.07027772068977356,0.3336271962150931,0.6782216389973958,-0.08782041072845459,0.3330613011494279,0.632061513264974,-0.1001543253660202,0.3166276481002569,0.8364554087320963,-0.05455945432186127,0.2992497405037284,0.793604236178928,-0.08012238889932632,0.2866456678137183,0.7613260481092665,-0.09347915649414062,0.2765377049334347,0.7279823727077908,-0.1013839989900589
89,2.9693473895582327,1,Right,0.9472510814666748,0.6262524228543043,0.9605915917290582,4.5367676193563966e-07,0.5941887196153403,0.934273444281684,-0.025263378396630287,0.5701457560062408,0.8860717349582248,-0.04045441746711731,0.5533677961677312,0.8457803938123915,-0.05378734692931175,0.5341998763382435,0.8154354519314236,-0.06751632690429688,0.592951127141714,0.7957695855034722,-0.02672470733523369,0.5807979941368103,0.7238088819715712,-0.04698742553591728,0.5734524436295032,0.6784070332845052,-0.06339078396558762,0.5690090503543616,0.6391603045993381,-0.07548326998949051,0.616682955250144,0.789617199367947,-0.031322602182626724,0.6138582937419415,0.7069881015353733,-0.04682781174778938,0.6121594220399856,0.6554080115424262,-0.061785828322172165,0.6108990825712681,0.6128140767415364,-0.07344368100166321,0.639205938205123,0.8002744886610244,-0.039180755615234375,0.6420568384230136,0.7231152004665798,-0.056936703622341156,0.6425004556775094,0.6765357547336155,-0.06939857453107834,0.6417983837425709,0.6344935099283854,-0.07897379994392395,0.6609211146831513,0.8237213558620877,-0.04921168088912964,0.6733997229486703,0.7717187245686848,-0.06596604734659195,0.6813583575189114,0.7370762295193143,-0.0721605122089386,0.6869746278971434,0.703671391805013,-0.0764540359377861
90,3.002710843373494,0,Left,0.9875513315200806,0.34702416635118427,0.9545614570379257,5.696372227248503e-07,0.3784621659200639,0.9268850296735763,-0.033322080969810486,0.40252212933264675,0.8762763947248459,-0.05099537968635559,0.42262240322306754,0.8262325882911682,-0.06588897854089737,0.44270484764128926,0.788373576849699,-0.08069387823343277,0.38403934040106835,0.784884975105524,-0.03830061852931976,0.39830176238901915,0.711369825899601,-0.0636822059750557,0.40592055590823295,0.6632077053189278,-0.08195019513368607,0.4115327434614301,0.6231481771916151,-0.09485232084989548,0.35968936337158086,0.7773552164435387,-0.040061481297016144,0.3646929523441941,0.6944789052009582,-0.061698053032159805,0.36638668421655896,0.6408582478761673,-0.07820523530244827,0.36724605117924514,0.5961442355066537,-0.08987963199615479,0.3366269325837493,0.7911625556647778,-0.04545718431472778,0.3348470447584987,0.7159675300121308,-0.06872566044330597,0.3332448057830334,0.6643679395318032,-0.08593344688415527,0.3336880780756474,0.6182528126984834,-0.09782565385103226,0.3149855226278305,0.8225921198725701,-0.05355113372206688,0.2973464637529105,0.7792701549828053,-0.07932959496974945,0.28538634672295304,0.7463513121008873,-0.09254492074251175,0.27644316675141456,0.7121245726943016,-0.1001397967338562
90,3.002710843373494,1,Right,0.9422754049301147,0.6263460997492075,0.9465412318706512,4.610383825820463e-07,0.5942916321568191,0.9199262574315071,-0.02475357986986637,0.5714242887683213,0.8729140937328339,-0.04001312330365181,0.556140164937824,0.8326477661728859,-0.05338556319475174,0.5378229232504964,0.7993483647704125,-0.06709016859531403,0.5927150581032038,0.7806196704506874,-0.025905760005116463,0.5804917566478253,0.7094936609268189,-0.04511624202132225,0.5737054754048586,0.6648482136428356,-0.06091974303126335,0.5697893142700196,0.6264830648899078,-0.0726991668343544,0.6168298186734319,0.7753829032182693,-0.030662301927804947,0.6144203414209187,0.6933703973889351,-0.04553495720028877,0.6126271282322705,0.6430717386305332,-0.06059920787811279,0.6109703640453518,0.6022389899939299,-0.07241974025964737,0.6393115763552487,0.7871377490460872,-0.03863544017076492,0.6443427168764174,0.7097150906920433,-0.056561049073934555,0.6458606185391546,0.6626642808318138,-0.07016578316688538,0.6459890451282263,0.6203272622078657,-0.08061430603265762,0.6605104618705809,0.8123794682323933,-0.048532698303461075,0.6748817303217948,0.7611082851886749,-0.06632548570632935,0.6839806079864502,0.726590170711279,-0.07370219379663467,0.6904914077371359,0.6933161653578281,-0.0787481889128685
91,3.036074297188755,0,Left,0.9860941767692566,0.34297819435596466,0.9428017698228359,5.680690264853183e-07,0.3749387459363788,0.9159621380269527,-0.033877573907375336,0.39793089423328637,0.8665628306567669,-0.05147375538945198,0.41581251793541013,0.8156352162361145,-0.06615600734949112,0.43470589015632866,0.776605948060751,-0.0805264264345169,0.3806928199715912,0.7744167491793632,-0.03782930225133896,0.3964600632432848,0.70119514092803,-0.06301358342170715,0.4046070809476078,0.6533309355378151,-0.08100279420614243,0.41045697731897235,0.6135544374585151,-0.09370029717683792,0.3563956456258893,0.765556076169014,-0.038966502994298935,0.3632615458685905,0.6836593814194203,-0.06064634770154953,0.3656836105044931,0.6305110991001129,-0.07709915935993195,0.3671621489804238,0.5859749015420675,-0.08871966600418091,0.33329781419597565,0.7775569409132004,-0.043841201812028885,0.33304068152792754,0.7038899675011635,-0.06680620461702347,0.33338883430697025,0.6531260684132576,-0.08355891704559326,0.33561812634579835,0.6081374984234571,-0.0951264426112175,0.31132591657806186,0.8069070018827915,-0.05154554173350334,0.29504260499961676,0.7627090856432914,-0.07668724656105042,0.2846957067493349,0.7286974906921386,-0.08965319395065308,0.2775456292787567,0.6939903073012829,-0.09712911397218704
91,3.036074297188755,1,Right,0.955315113067627,0.6250984976068139,0.9364049382507801,4.530544117642421e-07,0.5941172752529382,0.9073414534330368,-0.025600789114832878,0.5724352799355984,0.860698551684618,-0.04109666123986244,0.5586197395808995,0.8206716179847717,-0.054503560066223145,0.5420307689346373,0.7850209161639213,-0.06818598508834839,0.5927048400044441,0.7718367993831634,-0.027644768357276917,0.5811316140927374,0.7013926610350609,-0.04769463092088699,0.5743930155411363,0.6568853631615639,-0.06344977021217346,0.5703387754037976,0.6180297054350377,-0.07512599974870682,0.6173557042144239,0.7666735872626305,-0.03230849653482437,0.6158035088330507,0.6857689522206784,-0.0481584295630455,0.614834108762443,0.6359606750309468,-0.06316492706537247,0.6138296063058079,0.5948560655117034,-0.07485722005367279,0.6397534532472491,0.779521057754755,-0.04030247777700424,0.6474042695015669,0.7032859407365322,-0.05975672975182533,0.6511851075105369,0.6561377085745335,-0.07340645045042038,0.6529886250384151,0.6133160203695297,-0.08355038613080978,0.6602551265619695,0.806124820560217,-0.050180643796920776,0.6763113407418132,0.7556186191737652,-0.06909683346748352,0.6864286550320685,0.721200305223465,-0.07649996876716614,0.6936966946348548,0.6878017827868461,-0.08145957440137863
92,3.069437751004016,0,Left,0.9850879311561584,0.3416816480457783,0.9369098864495754,5.473606847772317e-07,0.3734816826879978,0.9095061480998993,-0.03526756539940834,0.3928279712796211,0.8569729767739773,-0.05256197601556778,0.40559073686599734,0.8018150515854359,-0.06668192148208618,0.4244885161519051,0.7627479866147041,-0.08011819422245026,0.37727112621068953,0.7667170323431491,-0.03602195903658867,0.39226877838373186,0.6938578061759472,-0.06177839636802673,0.4006964795291424,0.6469973392784596,-0.08067972958087921,0.4068892940878868,0.6064752675592899,-0.09433230012655258,0.3535928063094616,0.7579999446868897,-0.036516036838293076,0.36000162437558175,0.675788602232933,-0.05900250002741814,0.3629343882203102,0.6222590819001198,-0.0759308934211731,0.36522133499383924,0.5763919699937106,-0.08797116577625275,0.3311489708721638,0.7701249442994594,-0.04120190069079399,0.331622876226902,0.6969472907483578,-0.06551583856344223,0.3336600437760353,0.6462884157896042,-0.08216022700071335,0.3374219834804535,0.601264214888215,-0.09322360157966614,0.30956522524356844,0.7995091497898101,-0.04895541071891785,0.294757392257452,0.7525053098797798,-0.07471934705972672,0.28571805246174337,0.7170066021382808,-0.08778652548789978,0.27953565679490566,0.6811529442667961,-0.09537166357040405
92,3.069437751004016,1,Right,0.9700395464897156,0.6226892903447151,0.9277670115232468,4.340790553669649e-07,0.5928862556815148,0.8972951076924801,-0.02484612911939621,0.5732253611087799,0.8515685021877288,-0.038929060101509094,0.5624055474996567,0.8110440522432327,-0.050897061824798584,0.547450701892376,0.7755623742938041,-0.06302626430988312,0.5931687653064728,0.7628533504903316,-0.02600819617509842,0.5801003560423851,0.6943154871463776,-0.0447855107486248,0.5731020137667656,0.6516331374645233,-0.059365857392549515,0.5690094798803329,0.6129655718803406,-0.07018081843852997,0.6183486908674241,0.7578429818153382,-0.030075715854763985,0.6164433017373085,0.6802537627518177,-0.04505577310919762,0.6162549048662186,0.6319729644805193,-0.05973803997039795,0.6162253618240356,0.5911449085921049,-0.07127944380044937,0.6403139770030976,0.77180435359478,-0.03740517050027847,0.6514898151159286,0.7038876742124558,-0.05645781382918358,0.6578835189342499,0.6598443001508713,-0.07061787694692612,0.6615781471133232,0.6203085124492645,-0.08072546869516373,0.6590456023812294,0.7987589046359063,-0.04652616009116173,0.675517562031746,0.7523232907056808,-0.06481888890266418,0.6858268842101097,0.7201859921216964,-0.07246267795562744,0.6932239890098572,0.6884275957942009,-0.0775507390499115
93,3.102801204819277,0,Left,0.9785197973251343,0.33863014336675407,0.9368840232491493,5.367905941966455e-07,0.37051788293756543,0.9052289947867393,-0.03502321243286133,0.38824612211901693,0.8539768375456334,-0.052172329276800156,0.3969112379476428,0.799569072574377,-0.06722316145896912,0.4132793123135343,0.7585832893848419,-0.08178173005580902,0.37372907884418965,0.7610746078193188,-0.030161499977111816,0.38892982262186704,0.6908638752996922,-0.0573110394179821,0.3967796894721687,0.6451421111822129,-0.07821644097566605,0.40282337595708667,0.6034587435424328,-0.09375488013029099,0.3508828393882141,0.7545511357486248,-0.03134595602750778,0.3566257119877264,0.6754988834261895,-0.05636804550886154,0.35982939864043145,0.6229561991989613,-0.07580629736185074,0.3626603532349691,0.5752921681851149,-0.08946513384580612,0.3292948266258463,0.7690092593431472,-0.03726343810558319,0.3283047656295821,0.6977351628243923,-0.06466077268123627,0.3297801633598283,0.6490909844636917,-0.08211302012205124,0.33349729524925353,0.6032380357384681,-0.09324958175420761,0.30865910672582686,0.7995404489338398,-0.04634988680481911,0.29818240898894144,0.7529812946915626,-0.07431602478027344,0.29304735076148064,0.7176974341273308,-0.08816894143819809,0.2906514123664238,0.6805227994918823,-0.09624537825584412
93,3.102801204819277,1,Right,0.9682721495628357,0.623314048955217,0.9285080410540104,4.243402997872181e-07,0.5944933958817273,0.8975287258625031,-0.026154151186347008,0.5774550011381507,0.854415237903595,-0.04138007014989853,0.5710638409946114,0.8153828695416451,-0.054631683975458145,0.5593522720504552,0.7778746888041497,-0.06736554205417633,0.595231145946309,0.7627040319144726,-0.027948426082730293,0.5814270892646164,0.6935470655560494,-0.049346402287483215,0.5752279953565449,0.6505817919969559,-0.06485486775636673,0.5712737929075956,0.6116669334471225,-0.07562211155891418,0.6202590113971382,0.7594357982277871,-0.03215872123837471,0.6187457602005452,0.6821416914463043,-0.05043207108974457,0.6191468908917159,0.6349829696118832,-0.06647008657455444,0.6194837491959333,0.5951020207256079,-0.0776449665427208,0.6413258819375187,0.7763478256762028,-0.03976021707057953,0.6523714141920209,0.723902266472578,-0.06192434951663017,0.6587346876971424,0.6893359079957009,-0.07599028199911118,0.6618771397974342,0.6566439308226109,-0.08402051031589508,0.65874376706779,0.8066190667450428,-0.04927067086100578,0.6709611183963716,0.7691613808274269,-0.06772559136152267,0.6782586113549769,0.7423534728586674,-0.07380207628011703,0.6830659333150834,0.7148177854716777,-0.07686016708612442
94,3.136164658634538,0,Left,0.9898996353149414,0.3358738398645073,0.9338397724760903,5.73050613184023e-07,0.3669730646768585,0.9040589428610272,-0.03529053553938866,0.3799201668705791,0.8503925248980522,-0.05143788084387779,0.38369421097449957,0.8001125357217259,-0.06498077511787415,0.3971789197064936,0.7633272003796365,-0.07760264724493027,0.36986284314189105,0.7569949168297979,-0.028814127668738365,0.38350098750088363,0.686996027496126,-0.055062297731637955,0.3909621756291017,0.6428468211657471,-0.07529768347740173,0.39721278643701224,0.6027194165521198,-0.08976253122091293,0.3462599566671997,0.7533014819025994,-0.028935197740793228,0.34967146075796335,0.6736480898327297,-0.0524296909570694,0.3509234858909622,0.6219674250317945,-0.07057074457406998,0.3530512201366946,0.5759524383478695,-0.08258505910634995,0.3249077788321301,0.7704077874620755,-0.03363330662250519,0.32352629345841705,0.705326783325937,-0.05968039855360985,0.32579295146279036,0.6632980894711282,-0.0740545317530632,0.33046656027436255,0.6235624102254709,-0.08227185904979706,0.3052661361405626,0.802802956269847,-0.04167059063911438,0.3026522371917963,0.7621067924631967,-0.06709375977516174,0.3054562364821322,0.7355633777048852,-0.0766836553812027,0.3108112356974743,0.7070735908216901,-0.08131170272827148
94,3.136164658634538,1,Right,0.9756456613540649,0.6278568068053574,0.9281349473529392,4.557362558443856e-07,0.5997923935763538,0.9080706174174945,-0.030831625685095787,0.5826251613441855,0.8733174372050497,-0.04898867383599281,0.5825950765982271,0.8321664022074805,-0.06472006440162659,0.5791539498139173,0.7905017755097813,-0.07902314513921738,0.595555783668533,0.7676095424426926,-0.03397708386182785,0.583339083660394,0.6962772720389896,-0.056223124265670776,0.5770356619730592,0.6520334108008279,-0.07145731151103973,0.5734139924868942,0.6130329931775729,-0.08212974667549133,0.6200003071688116,0.7612432605690427,-0.03652216121554375,0.6218076166231186,0.6852342420154147,-0.056175243109464645,0.6233230116311461,0.6349048510193824,-0.07355980575084686,0.6240418625064195,0.597929333564308,-0.08570490032434464,0.6396762101911009,0.7780807283189561,-0.04263168200850487,0.6560933088883758,0.7343118649390009,-0.07291248440742493,0.6567233430221677,0.7253616253534952,-0.09310789406299591,0.6511021845042706,0.72674074884918,-0.1027052253484726,0.6558612901251764,0.8103558604915937,-0.0502157025039196,0.667858566576615,0.7925717585616642,-0.08069919049739838,0.667117160698399,0.7889879778027534,-0.09434060007333755,0.659598130453378,0.7917103116710981,-0.10023292154073715
95,3.1695281124497994,0,Left,0.9921358227729797,0.33837466361001134,0.9448788452479574,6.126522862359707e-07,0.36572549887932837,0.9123566188746028,-0.03496633097529411,0.37528078723698854,0.8610385957691404,-0.04997904598712921,0.37074722326360643,0.8133046087291506,-0.062243394553661346,0.3744194486644119,0.7707095172670152,-0.07312929630279541,0.36493077012710273,0.7657629526323743,-0.02686351351439953,0.37879193550907075,0.6934835374355316,-0.05014393851161003,0.3861748157069087,0.6493772013319863,-0.06810770183801651,0.3914630813524127,0.6089577898383141,-0.08076372742652893,0.3422224472742528,0.7631674210230509,-0.02598857693374157,0.34383750171400607,0.6802805287970437,-0.04644320160150528,0.34516279748640954,0.6278063924776183,-0.06422515213489532,0.3474893991369754,0.583754883458217,-0.0759579986333847,0.32233716384507716,0.7824602996309599,-0.02939736098051071,0.316535999183543,0.7255007674296697,-0.053966179490089417,0.32094898901414126,0.6862073429756694,-0.07018586993217468,0.32779481797479093,0.6530977413058281,-0.07938146591186523,0.30427507567219436,0.8171152293682098,-0.035919081419706345,0.30042160663288087,0.7834568462438054,-0.06116072088479996,0.30629891622811556,0.7640807802478472,-0.07084231078624725,0.3148582186549902,0.7477117574877209,-0.07496931403875351
95,3.1695281124497994,1,Right,0.9942145347595215,0.6328850467689335,0.9484533073173629,5.125281177242869e-07,0.6049875486642122,0.9274189401004049,-0.030883118510246277,0.5881022396497428,0.889482640226682,-0.05070829391479492,0.5902397367171943,0.8487373299068874,-0.06979215890169144,0.5972069301642478,0.8145295270615154,-0.08669503033161163,0.6001002676784992,0.781015860206551,-0.03340820223093033,0.5880103218369186,0.7083432303534614,-0.05906100198626518,0.5812079617753625,0.6622429500023524,-0.07696172595024109,0.57725267438218,0.6225100578533278,-0.08954858034849167,0.6240752479061484,0.7763269424438477,-0.03782541677355766,0.6258520423434675,0.6963618636131287,-0.06204022094607353,0.6269074995070696,0.6456066638231277,-0.08074293285608292,0.6293489304371178,0.6054534732467598,-0.0936790332198143,0.6448051962070167,0.7946090198225445,-0.045718755573034286,0.6565024517476559,0.7420298248529434,-0.0787818431854248,0.6509418659843504,0.7653987152708901,-0.08960235118865967,0.6456255898810923,0.7944805155197779,-0.09074750542640686,0.6628547748550773,0.8287851221031612,-0.05594436451792717,0.6708239200524986,0.7986604796515571,-0.0852557048201561,0.6628828872926533,0.8129526260826323,-0.09087193012237549,0.6536937574855983,0.8354225820965238,-0.08996642380952835
96,3.2028915662650603,0,Left,0.9943221807479858,0.33517389064654707,0.9560176577832964,6.51479410862521e-07,0.3607393934391439,0.9263120585017734,-0.03165615350008011,0.37095768190920353,0.8796183180477885,-0.04477352648973465,0.3662422399036586,0.8308065969083044,-0.05641995742917061,0.3593220620416105,0.7878909255067508,-0.06700471043586731,0.3597882743924856,0.7791627175278134,-0.023488882929086685,0.3743432126007974,0.7077848749028312,-0.04354415833950043,0.38143089786171913,0.6632998340659672,-0.059065334498882294,0.3860764509998262,0.6222793032725652,-0.06992792338132858,0.3367637865245342,0.7748810562822553,-0.023906059563159943,0.34012790890410544,0.6953953155212932,-0.04228227958083153,0.33990765614435076,0.6404937669634819,-0.05783361569046974,0.3401336402632296,0.594228771328926,-0.0684797540307045,0.3162295910529792,0.7936028141114447,-0.028250280767679214,0.3070039318408817,0.7363792523741722,-0.0551217719912529,0.31300696581602094,0.7177737441327837,-0.06971537321805954,0.3214621870778501,0.7065550631946987,-0.07624106109142303,0.2983960710000247,0.8281273247467147,-0.035249654203653336,0.29524361276999117,0.7938019532296393,-0.06299985945224762,0.3065368092153221,0.8007863748404714,-0.06959459185600281,0.32022865531034767,0.8166416782471869,-0.07002962380647659
96,3.2028915662650603,1,Right,0.9881036281585693,0.6322461301460862,0.9733582496643066,4.960824639965722e-07,0.6045317722484469,0.9477626179655393,-0.027834730222821236,0.5909134898334741,0.901734844677978,-0.04488922655582428,0.5988540519028902,0.8615242739518484,-0.06266306340694427,0.6103123873472214,0.8298278792036904,-0.07884211838245392,0.6027054915204644,0.7964842890699705,-0.024615123867988586,0.5895590011030436,0.7244157570931646,-0.04813120886683464,0.5825422329828143,0.6773208449284236,-0.06516793370246887,0.578482374176383,0.6368561165200339,-0.07755644619464874,0.6268877139315009,0.792635032037894,-0.030970118939876556,0.6278260722756386,0.7116674494412211,-0.055093612521886826,0.6280702956020832,0.6586966567569309,-0.07548121362924576,0.6295993885025382,0.6177065712710221,-0.08936864882707596,0.647085495479405,0.8116091178523169,-0.040814898908138275,0.6599920105189085,0.7545722703138987,-0.07769346237182617,0.6540027739480138,0.7838018930620617,-0.09109102189540863,0.6479058552533388,0.818193303876453,-0.09252211451530457,0.6641463356092572,0.8465384170413017,-0.05250510200858116,0.6740197816863656,0.8174302351143625,-0.08669856935739517,0.6662776594981551,0.8369088917970657,-0.09467025101184845,0.6570740407332778,0.863538302315606,-0.09437558799982071
97,3.2362550200803213,0,Left,0.9950843453407288,0.3334455066360533,0.9758328936166234,6.92465391693986e-07,0.3582513345172629,0.9480333705743154,-0.03150518983602524,0.36728069628588855,0.9035156504975425,-0.04542909562587738,0.3606390032218769,0.8521875427828894,-0.057571060955524445,0.3473239204613492,0.8101856561170684,-0.06856806576251984,0.3556832247413695,0.8003969472315576,-0.02836349979043007,0.3705468977568671,0.7228223888410462,-0.047792937606573105,0.3779044452821836,0.6780348522795572,-0.061926934868097305,0.38067000976298004,0.6358312947054704,-0.07197310030460358,0.33219663600903004,0.7958179814947977,-0.02891126461327076,0.3366508618928492,0.7094835571116871,-0.049791183322668076,0.33712741010822356,0.6558804977271292,-0.06542462855577469,0.3356040572980419,0.6116574014226596,-0.0753839835524559,0.3120337987784296,0.8136304650041792,-0.0322326235473156,0.30127355782315135,0.7528043574757046,-0.06419378519058228,0.3085028372006491,0.7559055662817425,-0.07694889605045319,0.3153365995385684,0.7656541069348654,-0.07977287471294403,0.29504142387304455,0.8495061856177119,-0.03752859681844711,0.2943451300961897,0.816982257200612,-0.06936539709568024,0.3082930134842172,0.8386918251713117,-0.07396852225065231,0.32263404998229817,0.8697054450710614,-0.07122759521007538
97,3.2362550200803213,1,Right,0.9854021668434143,0.6277966839261353,0.9831082370546129,4.882201096734207e-07,0.6041138058062643,0.9575072013669543,-0.03477029874920845,0.5948366476222873,0.9118145604928335,-0.05536288022994995,0.6123659175354987,0.8739552780985832,-0.07573653012514114,0.6317037267144769,0.8482405884398354,-0.094549261033535,0.6051531357225031,0.8137186734212769,-0.033722102642059326,0.5922311977483332,0.739324085911115,-0.05834271386265755,0.5856911370065063,0.6935838729143142,-0.07427824288606644,0.5823677850421518,0.6528916663593716,-0.0858767032623291,0.6297481243964285,0.8087497269113858,-0.0376109816133976,0.6304135206155479,0.7260272946622637,-0.06291498243808746,0.6306801452301443,0.6755888026621607,-0.08169031143188477,0.631355929421261,0.6353906781309181,-0.09421496093273163,0.649785690009594,0.8279126544793447,-0.04526365175843239,0.6624915115535259,0.7721397446261512,-0.08436999469995499,0.6565591138787568,0.8106817593177159,-0.09549406915903091,0.6502806169446558,0.8480615334378349,-0.09467805176973343,0.6665350962430239,0.8626653240786658,-0.05539754778146744,0.6755036117974669,0.8405119482013914,-0.09095042198896408,0.6660480601713061,0.8697345925701989,-0.09781507402658463,0.6562623574864119,0.9011174283093877,-0.09666512161493301
98,3.2696184738955822,0,Left,0.996929943561554,0.32592872026143593,0.994590301811695,7.183836032709223e-07,0.3527258265763521,0.9677578046917915,-0.03457821160554886,0.3646527610486373,0.9230301812291145,-0.051671821624040604,0.35586660497356204,0.8753999337553978,-0.06747853010892868,0.34019252182915805,0.8369284443557262,-0.08223481476306915,0.3539707232499495,0.8207498446106911,-0.0347917303442955,0.3683299836935475,0.7438031286001205,-0.05987314134836197,0.37485273603815583,0.6960631005465985,-0.07711608707904816,0.37736311324406413,0.6531950794160366,-0.08835416287183762,0.32973052121233193,0.8171046197414398,-0.036656323820352554,0.3339779692701995,0.7274531692266464,-0.06230994686484337,0.3338707001181319,0.6725285649299622,-0.07935212552547455,0.3324682072503492,0.6281599473208189,-0.0893399640917778,0.30855602558003736,0.8364019222557545,-0.04142175242304802,0.3008204588200897,0.7714864358305931,-0.08062563836574554,0.3088082927512005,0.7932066403329372,-0.0900273323059082,0.3161302946624346,0.8203374773263932,-0.08746703714132309,0.2909919945755973,0.8724192529916763,-0.04839087277650833,0.2930060611339286,0.8405605040490627,-0.0866851732134819,0.307332041056361,0.8674555145204067,-0.09006205201148987,0.3196409833850339,0.9001856707036495,-0.08394310623407364
98,3.2696184738955822,1,Right,0.9909647703170776,0.6347286304458976,1.0075702309608459,4.900435897070565e-07,0.6091671547852456,0.9830420218408108,-0.03681577742099762,0.5978942584712058,0.9376679457724094,-0.059818658977746964,0.6178455985151231,0.9029985167086124,-0.08226248621940613,0.6423771261703223,0.8843598552048206,-0.1031230092048645,0.6101420155260712,0.8369251318275929,-0.03965510427951813,0.5977917987853288,0.7610564738512039,-0.06769183278083801,0.5918259924743324,0.7136190749704838,-0.08593634516000748,0.588469838630408,0.6714055329561234,-0.09923136979341507,0.6354755586013198,0.83166738525033,-0.04413285851478577,0.6368602580856532,0.7468119658529758,-0.0724978819489479,0.6383586776442826,0.6955062985420227,-0.09133794903755188,0.63991743712686,0.6539685547351837,-0.10342614352703094,0.655794617626816,0.8514907002449036,-0.052343033254146576,0.669352880353108,0.7941767439246178,-0.09347600489854813,0.6612588278017938,0.8371999442577363,-0.10090255737304688,0.6532086677849293,0.8770583637058735,-0.0968397930264473,0.6726857911795378,0.8875880837440491,-0.06345642358064651,0.6800344257149845,0.8650090001523495,-0.10091672092676163,0.6684893431607634,0.8969834752380847,-0.10521109402179718,0.6569500057026744,0.9298108838498592,-0.1014116033911705
99,3.302981927710843,0,Left,0.9971383810043335,0.3246493428014219,1.0106092631816863,7.143792117858538e-07,0.35054007812868804,0.9840829625725747,-0.030369851738214493,0.3633089318173006,0.9403761073946952,-0.04717281833291054,0.35308225033804774,0.898409178853035,-0.06398668140172958,0.33742019906640053,0.8629050351679325,-0.08049929141998291,0.35055831470526755,0.8359240688383579,-0.03492147848010063,0.3653830428374931,0.7585653677582741,-0.061075326055288315,0.37202455452643335,0.7096063293516636,-0.0788801833987236,0.3750738217495382,0.6649176493287087,-0.0906592383980751,0.32617431291146204,0.8352471239864826,-0.04005848243832588,0.3298715695273131,0.745654534548521,-0.06715387105941772,0.3289840342476964,0.6889061711728572,-0.086581751704216,0.32694939203793183,0.6428886789828538,-0.09848520904779434,0.30516285490011796,0.8569345429539681,-0.04735168442130089,0.29703955160221085,0.7911217011511326,-0.08860811591148376,0.3066101595177315,0.8160665243864059,-0.09979505836963654,0.31524634396191686,0.8450592994689942,-0.09830442816019058,0.2885349791031331,0.8951786570250988,-0.05636494606733322,0.29145284777041525,0.8668237134814263,-0.09722720086574554,0.308004338410683,0.8957013994455337,-0.10238327831029892,0.3224265404860489,0.9290736764669418,-0.09726439416408539
99,3.302981927710843,1,Right,0.989068865776062,0.6367976837791502,1.01574045419693,5.421910032055166e-07,0.6148399591911584,0.9966573193669319,-0.043463099747896194,0.6032639187760651,0.9591252714395523,-0.07169391959905624,0.622928332304582,0.9285061724483967,-0.09800918400287628,0.6486661660019308,0.9105831019580364,-0.12267414480447769,0.6146214813925326,0.8537311159074307,-0.05200619995594025,0.6031659895088524,0.777578217536211,-0.08390005677938461,0.5974449571222067,0.7303365126252175,-0.10367286205291748,0.5950811947695911,0.6865825600922107,-0.11821725219488144,0.640630253823474,0.8467087261378765,-0.054822880774736404,0.641201677499339,0.7633797027170658,-0.0862351506948471,0.6428086629603058,0.7139873176813125,-0.1056780144572258,0.6444995596539229,0.6704536482691765,-0.11861109733581543,0.661217428278178,0.8665549740195274,-0.0616329200565815,0.6753135961480439,0.812268541008234,-0.10619067400693893,0.667693957220763,0.8594665460288524,-0.11416900902986526,0.6593208571430296,0.8998162388801575,-0.11053258925676346,0.6786157789174467,0.9029916793107986,-0.07177811861038208,0.6858488549478352,0.8866987124085426,-0.11210303753614426,0.6748463392723352,0.9205305390059948,-0.11806376278400421,0.6636446821503341,0.9521985203027725,-0.11569677293300629
100,3.3363453815261046,0,Left,0.997068464756012,0.3279532301938161,1.0216068565845489,7.784645390529477e-07,0.3521484359167516,0.9910819098353386,-0.029565483331680298,0.36151364815887066,0.9447300009429455,-0.04670345410704613,0.3482570256106555,0.909284845739603,-0.06405403465032578,0.3305628948844969,0.8794053323566914,-0.08097615092992783,0.3479515235638246,0.8478431396186352,-0.036222849041223526,0.3623464000876993,0.7697620525956154,-0.0636320412158966,0.36818489828146994,0.7208145231008529,-0.08105657994747162,0.37056440350133923,0.6764146700501442,-0.09237481653690338,0.32353910504607486,0.8485612362623215,-0.04269019514322281,0.3258550620870665,0.7574932128190994,-0.07161324471235275,0.3247506851097569,0.7012202821671962,-0.09097104519605637,0.32241186356404794,0.653411965072155,-0.10218773782253265,0.30216704013291745,0.8710886359214782,-0.051387764513492584,0.29364248116035013,0.8055884033441544,-0.09654048830270767,0.30466878567822275,0.8351671986281872,-0.10931664705276489,0.314578235684894,0.8663196995854378,-0.10756345838308334,0.286204307153821,0.9090868584811688,-0.06146210432052612,0.2887332464801148,0.8871482394635677,-0.10627011954784393,0.3064329410670325,0.9155780971050262,-0.11413534730672836,0.32179717217804865,0.9454082623124123,-0.11024806648492813
100,3.3363453815261046,1,Right,0.9916139245033264,0.6401434162631631,1.0254875257611276,5.62623370115034e-07,0.6189438886474818,1.0082694292068481,-0.04510705918073654,0.6067727292422205,0.971547082066536,-0.07363644242286682,0.6267825783230364,0.9418397352099419,-0.0994926244020462,0.654649224318564,0.926061823964119,-0.12342338263988495,0.6186988153960555,0.8695741310715676,-0.05559869483113289,0.607668872969225,0.7908232338726521,-0.08817721903324127,0.602448391309008,0.7429721087217331,-0.10681414604187012,0.6007167795673013,0.6984792925417423,-0.12005645781755447,0.6450835320167243,0.8631117708981038,-0.05722472444176674,0.645709482813254,0.7786294355988502,-0.08885284513235092,0.6480256620794534,0.7284886740148068,-0.10614252835512161,0.6503895127680153,0.6825214855372905,-0.11679089069366455,0.665483015961945,0.8839041277766228,-0.06292006373405457,0.6798311922699213,0.8317520670592785,-0.10923543572425842,0.6722173945046961,0.8794173508882522,-0.11631917208433151,0.6637186465784908,0.9188043296337127,-0.11099884659051895,0.6823074395302683,0.9210921823978424,-0.07195756584405899,0.6903027732856571,0.9096508376300335,-0.11465712636709213,0.6789413366932422,0.943981709331274,-0.12101996690034866,0.6670353001914918,0.9752436935901642,-0.1179448589682579
101,3.3697088353413656,0,Left,0.9964888691902161,0.32515522176399825,1.0313777104020119,7.585369417029142e-07,0.3502029726747423,1.0006371945142747,-0.02933555468916893,0.3614939431659877,0.9544761806726456,-0.04638342931866646,0.34634586623869834,0.9204612307250499,-0.063564233481884,0.3237935735611245,0.8966679781675339,-0.08028649538755417,0.3470143788959831,0.856054387241602,-0.03522520512342453,0.36081514824181793,0.7767835929989815,-0.06278431415557861,0.36705010328441856,0.729190717637539,-0.08130429685115814,0.3698975473176688,0.6848030105233193,-0.09414782375097275,0.32295256017241625,0.8574247121810913,-0.04121588170528412,0.32454976651351897,0.766766083240509,-0.07025357335805893,0.32268771741073576,0.7123959451913834,-0.0914120003581047,0.31951043081935493,0.6643160432577133,-0.10474404692649841,0.30228565006982533,0.8797054558992385,-0.049235712736845016,0.290682508633472,0.8118896387517452,-0.09410285204648972,0.30147470652591435,0.8483450300991535,-0.10590843111276627,0.31256466035265473,0.8834051676094532,-0.10384788364171982,0.28744943826459346,0.9174810595810413,-0.05866415798664093,0.2868067304603755,0.8953467890620231,-0.10424821823835373,0.30346134132705627,0.9260263629257679,-0.11208073049783707,0.31896822308190165,0.9565350018441677,-0.10812903940677643
101,3.3697088353413656,1,Right,0.9906277656555176,0.6388436443172395,1.032527157664299,6.153865683700133e-07,0.6180014562793076,1.0154560014605523,-0.045185454189777374,0.6075707081705332,0.977182286977768,-0.07344833016395569,0.6293932491913438,0.9532399281859398,-0.09910403192043304,0.6571600645780563,0.9418997004628181,-0.12311150133609772,0.6213517230004072,0.879468185454607,-0.05696249008178711,0.6120004476048052,0.7998759061098099,-0.08961639553308487,0.607695616222918,0.7516984544694424,-0.10766410082578659,0.6066788950935006,0.706977965682745,-0.12048784643411636,0.6476866913959384,0.8740554720163345,-0.058624017983675,0.6502825835719704,0.7899869479238987,-0.09122192859649658,0.6536055080592632,0.7395162075757981,-0.10929101705551147,0.6563739174976945,0.6919119507074356,-0.12023424357175827,0.6672616478987038,0.895192714035511,-0.06423138082027435,0.6837919292971492,0.8437174282968044,-0.1119123250246048,0.6766885690391063,0.8924385167658329,-0.12028367817401886,0.6679875230416655,0.9318434596061707,-0.11544198542833328,0.6827991780824959,0.9324812062084675,-0.07312069088220596,0.6935235163196921,0.9256328515708446,-0.11771037429571152,0.6826347609981894,0.959460049122572,-0.1261032372713089,0.670427032187581,0.9893278837203979,-0.1241658478975296
102,3.4030722891566265,0,Left,0.9964749217033386,0.3181715850019827,1.0324818015098571,7.763645726299728e-07,0.34575591238681225,1.0051199793815613,-0.02874053083360195,0.35909746449906377,0.962736988812685,-0.046158526092767715,0.3474337363382801,0.9308049395680428,-0.06430123001337051,0.32727494442369787,0.9039886653423309,-0.08209846168756485,0.34633317731786517,0.8576875910162925,-0.034274693578481674,0.36129943155683575,0.7799755536019802,-0.061827272176742554,0.36766912289895115,0.7323162153363227,-0.07952039688825607,0.37047873637638984,0.6879777289927006,-0.09159253537654877,0.3220981551799923,0.8579334400594234,-0.04158969968557358,0.3241087521542795,0.7686837822198868,-0.07158945500850677,0.32219187999144194,0.7146902956068516,-0.09320180118083954,0.3190330292214639,0.667145536839962,-0.10620462149381638,0.30086704654386265,0.8807909034192563,-0.050957150757312775,0.2907398392795585,0.8168618284165859,-0.09822677820920944,0.30026613399386404,0.8549250699579716,-0.11140471696853638,0.3100137141533196,0.8900123447179794,-0.10942596197128296,0.2857559017371386,0.9199571743607521,-0.06152709573507309,0.28621412117499856,0.9021624431014061,-0.10948992520570755,0.30396391907706855,0.9341894939541817,-0.11866924911737442,0.32046000196132807,0.9653527818620204,-0.11503949016332626
102,3.4030722891566265,1,Right,0.9846684336662292,0.6397480886895209,1.0424114868044854,6.166206389934814e-07,0.6181025848723948,1.0240210101008416,-0.04413675516843796,0.6092099148314446,0.9828969925642014,-0.07113248854875565,0.6325917415320873,0.9602146685123444,-0.09563472867012024,0.660298393946141,0.9527984701097012,-0.11884880810976028,0.6240429400000721,0.8866284698247909,-0.05545598268508911,0.6160439684987068,0.8051791362464428,-0.08753611147403717,0.6122270879801363,0.7551577106118202,-0.10536323487758636,0.6110796499066055,0.7092901527881622,-0.11770996451377869,0.6504142718855291,0.8833366662263871,-0.05731583014130592,0.653614133503288,0.7952472001314164,-0.0885520651936531,0.6573905275668949,0.744465634226799,-0.10565176606178284,0.6609756764024496,0.6971761524677277,-0.11541346460580826,0.6696014887653291,0.9066967844963074,-0.06296302378177643,0.6863151031080633,0.8523664817214012,-0.10935802757740021,0.6784173477441072,0.9011296987533569,-0.11601127684116364,0.6696813962422311,0.9410756878554821,-0.10933519154787064,0.6841632280498743,0.9460334807634354,-0.07182465493679047,0.6956815911922604,0.9316131114959717,-0.11497674882411957,0.6861496946308762,0.965398944914341,-0.12083059549331665,0.6754405944608152,0.996570386737585,-0.11649353802204132
103,3.4364357429718875,0,Left,0.9976990818977356,0.3212804028298706,1.0396646365523339,8.058979688030377e-07,0.3472995991818607,1.0123647332191468,-0.028463222086429596,0.35846284935250877,0.964104425907135,-0.04373077303171158,0.34535254780203106,0.9274651043117046,-0.05976231023669243,0.3251577515620738,0.8971037030220032,-0.07485000044107437,0.3462776535190642,0.859135590493679,-0.03064030408859253,0.3610742937773466,0.7802578404545784,-0.057248156517744064,0.367794075794518,0.7302638918161393,-0.07406283915042877,0.3704241246916354,0.6852053552865982,-0.08532803505659103,0.3216798571869731,0.8587000355124473,-0.0376444086432457,0.32427209699526427,0.7692280985414982,-0.06826665252447128,0.32285699849016963,0.7121410928666592,-0.09040986746549606,0.3197761495597661,0.6636166751384736,-0.10297554731369019,0.299897596007213,0.8809500321745872,-0.046841543167829514,0.2908486707601696,0.8154574438929558,-0.0949120968580246,0.2997470431495458,0.8536450751125813,-0.10815302282571793,0.3081858467310667,0.8889906421303749,-0.10516490042209625,0.284153569675982,0.9201102301478385,-0.057275742292404175,0.28636715179309247,0.9025168411433697,-0.10557682067155838,0.30438459129072726,0.9356704913079739,-0.11530769616365433,0.3203149624168873,0.9676290407776833,-0.111402228474617
103,3.4364357429718875,1,Right,0.9856714606285095,0.6435609666630626,1.0438579574227334,5.623729180115333e-07,0.6215125998482108,1.025007039308548,-0.04183822125196457,0.6112052887678147,0.9842302426695824,-0.06732183694839478,0.633849965594709,0.9614245481789112,-0.09058982878923416,0.6611791018396616,0.9530545964837074,-0.11239825934171677,0.6246673248708248,0.8868422128260136,-0.051882363855838776,0.6163671962916851,0.8055052503943443,-0.08235190063714981,0.612778633646667,0.7560465723276139,-0.09928474575281143,0.6117241468280554,0.7109563544392585,-0.1113351508975029,0.6510639702901244,0.882633263617754,-0.05453457310795784,0.6530788213014602,0.7937936797738075,-0.08428899198770523,0.6570995211601257,0.7437260910868645,-0.10113681852817535,0.6609101705253124,0.6986556634306907,-0.11111753433942795,0.6706953894346952,0.905651681870222,-0.060866206884384155,0.6855494268238544,0.8514026634395122,-0.10612055659294128,0.6787997709587217,0.8974330022931098,-0.11390850692987442,0.6705091780051589,0.9356522724032402,-0.10863499343395233,0.6863906290382147,0.94591304063797,-0.0701339840888977,0.697288915514946,0.9298089303076267,-0.11230059713125229,0.6877784293144942,0.9629380762577057,-0.11851330101490021,0.6763113727793097,0.9943237707018853,-0.11503710597753525
104,3.4697991967871484,0,Left,0.9966598749160767,0.3193902449682355,1.03592080026865,7.974242635100381e-07,0.34675512977410106,1.0079826831817627,-0.02963489480316639,0.3587901373626664,0.9637086637318134,-0.04707658290863037,0.34716116019990295,0.9287980571389198,-0.06504636257886887,0.3276214175624773,0.8982381165027619,-0.08239735662937164,0.3455080077052116,0.8570241086184979,-0.03437173366546631,0.36094576127361505,0.7786248065531254,-0.061977144330739975,0.36794034568592904,0.7302586682140827,-0.07887379080057144,0.370808701403439,0.6862280771136284,-0.08981247991323471,0.3208243560511619,0.8556906461715699,-0.04101919010281563,0.3237160749617033,0.7644684202969074,-0.07082522660493851,0.3220718203461729,0.709521222859621,-0.09099411964416504,0.3185847031068988,0.662211186438799,-0.10215604305267334,0.2993498338619247,0.8778989814221859,-0.04997026547789574,0.28966314853169023,0.8164145097136497,-0.09695041179656982,0.2996988460770808,0.8532659605145454,-0.1100132018327713,0.30934218554757537,0.8878537230193615,-0.10730908811092377,0.28409005457069725,0.9175219990313053,-0.06021155044436455,0.28491663916502147,0.9004463411867618,-0.1069202572107315,0.3028497637133114,0.9311877489089966,-0.11587731540203094,0.31930817747488616,0.9621031068265438,-0.11191796511411667
104,3.4697991967871484,1,Right,0.9833441972732544,0.6394331691786647,1.037268404662609,6.054829100321513e-07,0.6188681170810014,1.0177081808447839,-0.04313085228204727,0.6102937334217131,0.980048218369484,-0.07026372104883194,0.6345027424860745,0.9624432355165482,-0.0948587954044342,0.6616301557514817,0.9528924100100994,-0.11853628605604172,0.6239462185185403,0.8830097876489162,-0.0571230985224247,0.6161849307361991,0.801609717309475,-0.08879175037145615,0.6125102235004306,0.7522900380194187,-0.10578418523073196,0.6113783064298332,0.7073951318860054,-0.11740972846746445,0.6506147816777229,0.8785904504358768,-0.05934206023812294,0.6533880486153066,0.7903385005891324,-0.09003431349992752,0.657164488825947,0.7399964392185211,-0.10749243199825287,0.6602302338927984,0.6944710060954093,-0.11788548529148102,0.6701039082370699,0.9006336264312267,-0.06509228050708771,0.685654162382707,0.848128654062748,-0.11143560707569122,0.6798110770527274,0.8936232551932335,-0.12091230601072311,0.671930561028421,0.9310758873820305,-0.11685697734355927,0.6854902277234942,0.9394613824784755,-0.0736817717552185,0.6968783444724977,0.9257983081042767,-0.11621890962123871,0.6878096193540841,0.9596972346305848,-0.12321747094392776,0.6765980578958988,0.9915064230561257,-0.12052021920681
105,3.50316265060241,0,Left,0.9971919655799866,0.32222418824676424,1.0340089619159698,8.055530429373903e-07,0.34926248916890473,1.0046670123934747,-0.027519773691892624,0.3597810009960085,0.9579185768961906,-0.04354587569832802,0.3467977098654956,0.9230844132602215,-0.06058133766055107,0.3259336689952761,0.8947670541703701,-0.07694138586521149,0.3458902931306511,0.8530412182211876,-0.030916547402739525,0.3613367609446868,0.7746558457612991,-0.05767498165369034,0.3685160306049511,0.7257462404668331,-0.0741264596581459,0.3715739628998563,0.6817193016409874,-0.0848182886838913,0.32099475342547523,0.8521804705262184,-0.03826866298913956,0.3236019154894166,0.760537001490593,-0.06772715598344803,0.3223900594050065,0.7049150675535202,-0.08767242729663849,0.3191991513944231,0.6576173469424248,-0.09862249344587326,0.29921984851825983,0.8743729226291179,-0.04787842184305191,0.28943617129698396,0.8111199855804443,-0.09466864168643951,0.2999572539934888,0.8488060660660267,-0.10724857449531555,0.3097537521738559,0.8843134373426438,-0.10396652668714523,0.2839601193089038,0.9134810969233513,-0.05865104869008064,0.2855183583102189,0.8955421008169651,-0.10493655502796173,0.303592137794476,0.9270168513059616,-0.11354747414588928,0.31963105745380743,0.9586246550083161,-0.10924360901117325
105,3.50316265060241,1,Right,0.9884209036827087,0.6401421887334436,1.0328281730413438,5.664711011377221e-07,0.6191335781943053,1.0146938651800155,-0.04171082004904747,0.6092655797954649,0.9752867989242077,-0.06690612435340881,0.6325614294037223,0.9552635855972766,-0.08989528566598892,0.660205153375864,0.9452656961977481,-0.11136361956596375,0.622094618761912,0.8775585129857063,-0.050996195524930954,0.6142387764062732,0.7969672091305255,-0.08104892820119858,0.6107541799545289,0.7466753028333187,-0.09708039462566376,0.6092252471949905,0.7018239691853523,-0.1083972305059433,0.6492057387251406,0.8723556354641915,-0.053156327456235886,0.6515129103790969,0.7840552292764187,-0.0835607647895813,0.6556397567503154,0.7339503958821296,-0.10053904354572296,0.6588430266361683,0.6895386941730977,-0.11018335819244385,0.6691734476480633,0.8937109522521496,-0.05901407450437546,0.6840039585251361,0.841678100079298,-0.1057967096567154,0.6782030421309173,0.8876409567892551,-0.11494453996419907,0.6702701738569885,0.9253500126302242,-0.11009836941957474,0.6851862913463265,0.9324612885713577,-0.06759771704673767,0.6961560909170658,0.9215147420763969,-0.1111127957701683,0.6866707514040172,0.9559308901429177,-0.11888275295495987,0.6751879799179733,0.9877242378890514,-0.11624450236558914
106,3.536526104417671,0,Left,0.9967218637466431,0.3238951948005706,1.0284996330738068,7.861066251280135e-07,0.3496335903182626,0.9974657885730267,-0.02697763964533806,0.3595162326470017,0.9514802537858487,-0.04327336326241493,0.3466547575779259,0.9181643322110176,-0.060442518442869186,0.3266772385686636,0.889611528813839,-0.07718264311552048,0.3455728808417916,0.849902767688036,-0.03272756561636925,0.36159058129414917,0.7718357801437378,-0.05947592481970787,0.369140712916851,0.7240643680095673,-0.07619323581457138,0.37283281711861493,0.680048980563879,-0.08721102029085159,0.3214646605309099,0.8496672384440899,-0.040205955505371094,0.32405392462387683,0.7582533955574036,-0.06838436424732208,0.3227313566952944,0.7040328733623028,-0.08758924156427383,0.3194858765229583,0.6571439951658249,-0.09868092834949493,0.3004196015652269,0.8721372209489345,-0.049754414707422256,0.28986498937010763,0.8099310852587223,-0.09477104991674423,0.30085194716230035,0.8458872191607952,-0.10679138451814651,0.3110555499792099,0.879999166727066,-0.10419508814811707,0.28565358533523977,0.9111057169735431,-0.06047969311475754,0.28553784918040037,0.8925459615886211,-0.1056506335735321,0.3034485046751797,0.9234504476189613,-0.11355174332857132,0.31959114349447193,0.9547348551452159,-0.10941068828105927
106,3.536526104417671,1,Right,0.9897753596305847,0.6408841365948319,1.0259603679180145,5.798480628982361e-07,0.6199470702558756,1.0089925795793533,-0.04325513914227486,0.6099001884460449,0.9727989628911018,-0.06991390883922577,0.6327724866569042,0.9522240862250329,-0.09408070892095566,0.659640745446086,0.9385758332908154,-0.11671847105026245,0.6214220248162746,0.8725139997899533,-0.05275041610002518,0.6131603388115764,0.7931263752281665,-0.08359667658805847,0.6092238591983914,0.7437550544738769,-0.10013195127248764,0.6077425697818398,0.6986963905394077,-0.11168234795331955,0.6483240917325019,0.8660035654902458,-0.054247207939624786,0.6499120067805052,0.7795694291591644,-0.08484478294849396,0.653930239379406,0.7304998882114887,-0.10152975469827652,0.6572293324396015,0.6860559105873107,-0.111043781042099,0.6684554643929005,0.8866540782153607,-0.05957527458667755,0.6819192009046674,0.8360536396503448,-0.1071339026093483,0.6765914535149932,0.8832691416144371,-0.11600005626678467,0.669365449808538,0.9215158462524414,-0.11091368645429611,0.684751215018332,0.9246123805642128,-0.06770866364240646,0.6945773104205728,0.914525817334652,-0.11189907044172287,0.6850614896044135,0.9503434620797634,-0.1193605586886406,0.6739416832104326,0.982921539247036,-0.11640213429927826
107,3.5698895582329317,0,Left,0.9968134760856628,0.3200370218139142,1.0241928368806839,8.010712804207287e-07,0.34749144650995734,0.9956708654761315,-0.02882063388824463,0.3594167298637331,0.9514496766030789,-0.045950863510370255,0.3473861045204103,0.9184189721941948,-0.06349010020494461,0.32816369202919304,0.8890634752810002,-0.08058854192495346,0.34619885245338083,0.8480056658387184,-0.03492443263530731,0.36206995099782946,0.7698461398482322,-0.06250986456871033,0.36956762000918386,0.7217597827315331,-0.07981231808662415,0.3732512888498604,0.6776152491569519,-0.09100119769573212,0.32181067317724227,0.8475833185017109,-0.041485629975795746,0.32495886329561474,0.7556551843881607,-0.07019806653261185,0.32392238080501556,0.7013608098030091,-0.08984982967376709,0.3207824676763266,0.6548952981829643,-0.10105331987142563,0.3003600083757192,0.8693885870277882,-0.05020240694284439,0.29073248570784926,0.8077186137437821,-0.09607266634702682,0.3013339591678232,0.8424305111169815,-0.10911953449249268,0.3110586968716234,0.8762659899890423,-0.10704266279935837,0.2850042420439422,0.9073758527636528,-0.06016182526946068,0.28715020790696144,0.8899766713380813,-0.1063312366604805,0.3051567364484072,0.9211457774043084,-0.11504891514778137,0.3207876855973154,0.9523632973432541,-0.11124575883150101
107,3.5698895582329317,1,Right,0.9906537532806396,0.6409084469079971,1.0228648528456687,5.74278601561673e-07,0.6197084840387106,1.0057865619659423,-0.0421966053545475,0.6089008193463087,0.968475391715765,-0.0678672343492508,0.632014942355454,0.9468019872903823,-0.09106596559286118,0.659617911092937,0.9342827968299389,-0.11285994201898575,0.6211845388635993,0.8691883914172649,-0.051169075071811676,0.6121760066598654,0.7898106195032597,-0.0815020203590393,0.6080135393887758,0.7407499544322491,-0.09809322655200958,0.606255316734314,0.6961806952953339,-0.10973063856363297,0.647888058051467,0.862926609069109,-0.05309324339032173,0.6488725280389189,0.7761185392737389,-0.08274032920598984,0.6526313316076994,0.7269823655486107,-0.0991511419415474,0.6559327252209186,0.6827942594885826,-0.10854373127222061,0.6680449368432164,0.8841933369636535,-0.058866530656814575,0.6811903968453408,0.8336776226758957,-0.10542616248130798,0.675987946242094,0.8795258149504661,-0.11432112753391266,0.6691928127780556,0.9169429011642933,-0.10943193733692169,0.6842625686898828,0.9228389464318753,-0.06736598908901215,0.6941755183041096,0.9097204856574536,-0.11090302467346191,0.6846331244334578,0.945267989486456,-0.11781550943851471,0.673609907925129,0.97812669724226,-0.11459309607744217
108,3.6032530120481927,0,Left,0.9975286722183228,0.3224293895531446,1.0245129629969596,8.04673106813425e-07,0.34924108334816995,0.9962915398180485,-0.027135642245411873,0.3600693623069674,0.9506459638476372,-0.0430186428129673,0.3478865676559508,0.9165538065135479,-0.060055702924728394,0.3282229826087132,0.8866470709443093,-0.0764332115650177,0.3470957089681178,0.8454638950526714,-0.030259408056735992,0.36292071267962456,0.7677535563707352,-0.057284992188215256,0.37074494883418085,0.7189877063035965,-0.07427220791578293,0.3743636680301279,0.675029693543911,-0.08534341305494308,0.322693347139284,0.8450201861560345,-0.038158517330884933,0.3259601755300537,0.7543826214969158,-0.06772129237651825,0.32492510869633406,0.6990180879831314,-0.0883982852101326,0.3218615598976612,0.6516043439507484,-0.1000087559223175,0.3012767415959388,0.8673242025077343,-0.04831472411751747,0.29117946622427554,0.8048630870878697,-0.09536363184452057,0.30107206557877364,0.8411089822649955,-0.10841770470142365,0.31065620461013166,0.8750464275479317,-0.10559950768947601,0.2858960753539577,0.9064257517457008,-0.0596289336681366,0.28736695148982105,0.8877699755132198,-0.10647214949131012,0.30522530802991243,0.9195153765380383,-0.11514031141996384,0.32139069866389036,0.9511373221874238,-0.11085505783557892
108,3.6032530120481927,1,Right,0.991280734539032,0.6418378348462284,1.0198778867721559,5.675909164892801e-07,0.6202675560489297,1.003783756494522,-0.04245103895664215,0.6087651362642645,0.9670146517455578,-0.06826223433017731,0.6315123021602631,0.9444558680057525,-0.09162997454404831,0.6593077109195292,0.9312294527888298,-0.11358015984296799,0.6202896328642964,0.8671556882560253,-0.05110780522227287,0.6109245081432164,0.7879400603473187,-0.08145517855882645,0.6066507824696601,0.7392512902617454,-0.09821542352437973,0.6048643225803971,0.6947294682264328,-0.11024253070354462,0.6470840375870466,0.8603483155369759,-0.05309734866023064,0.6477929560467601,0.7737969242036342,-0.08297154307365417,0.6511777574196458,0.7246782049536705,-0.1001429483294487,0.6541376798413694,0.6804430440068245,-0.11034908145666122,0.6673521500080823,0.8811869204044342,-0.05893551558256149,0.680183534231037,0.8291296064853668,-0.10574618726968765,0.675555681809783,0.8745785541832447,-0.11515995860099792,0.6694437952712178,0.9116544499993324,-0.11086063832044601,0.6838607869111002,0.9193593055009842,-0.06749497354030609,0.6933262879960239,0.9059879459440708,-0.11170575767755508,0.683976124972105,0.9420395910739898,-0.11928194761276245,0.6734138982370496,0.9752104409039021,-0.11663299053907394
109,3.6366164658634537,0,Left,0.9973183870315552,0.3192247177008539,1.0266311123967171,7.910598469607066e-07,0.3471489320509136,0.9984803989529609,-0.02878471091389656,0.3590560397133231,0.9525940276682376,-0.045072682201862335,0.3466193989384919,0.9177932865917683,-0.06213126704096794,0.3272383757983334,0.8862477414309978,-0.0784769356250763,0.34755563565995545,0.8475888818502426,-0.03136613592505455,0.3632409416604787,0.769672954082489,-0.05862043425440788,0.3709163662511855,0.7216320380568504,-0.07583478093147278,0.37464615658391265,0.6772783905267715,-0.0870768204331398,0.3230894893407822,0.8464806288480758,-0.03828151524066925,0.3267402597470209,0.755426025390625,-0.06750091165304184,0.325682297477033,0.701022507250309,-0.08773715794086456,0.3225224715657532,0.6540515378117562,-0.09907621890306473,0.30156828785547984,0.8681561566889286,-0.04767175018787384,0.2920399040915072,0.8053950875997543,-0.09488001465797424,0.30190096008591355,0.8422304004430771,-0.10806617885828018,0.3113131961785257,0.8769112534821033,-0.10530710965394974,0.28605983874294905,0.9067957356572152,-0.05836585536599159,0.288114423234947,0.8886058367788792,-0.10576342791318893,0.3058174266945571,0.9204690873622894,-0.11487782001495361,0.3215561541495845,0.9519901283085346,-0.1108299195766449
109,3.6366164658634537,1,Right,0.9911975264549255,0.6410676656290889,1.0178388133645058,5.88897819397971e-07,0.6195079751312733,1.002123585343361,-0.0433008149266243,0.6079535021912307,0.9656326904892921,-0.0701664388179779,0.6310207467991858,0.9432629331946373,-0.0944475457072258,0.6592943753115833,0.9305815562605858,-0.11750274896621704,0.6199827919248492,0.866048539429903,-0.053911782801151276,0.6104221444576978,0.7869875811040401,-0.08537071198225021,0.6059432087000459,0.7385086469352246,-0.10305725783109665,0.6039603397715837,0.6938423901796341,-0.11587558686733246,0.6467739999759943,0.859111213684082,-0.056069180369377136,0.6474681136664003,0.7724845260381699,-0.08704002946615219,0.6505837896838784,0.7236049883067608,-0.10502567887306213,0.6532600418664515,0.6790604457259178,-0.11598976701498032,0.6669655168894678,0.8801439836621284,-0.06203780695796013,0.6799192401580513,0.8279008284211159,-0.10932113230228424,0.6750106750521809,0.8739332482218742,-0.11866980046033859,0.6687455569393933,0.9111052073538304,-0.11453071981668472,0.6833719793241471,0.9182947099208831,-0.07082059979438782,0.6928280415944755,0.9036607675254344,-0.11535892635583878,0.6833477089181542,0.9395111128687859,-0.12288322299718857,0.6727168726734817,0.9721885234117508,-0.1203945130109787
110,3.669979919678715,0,Left,0.9979598522186279,0.3239390829345211,1.032914298772812,7.81655103310186e-07,0.3504028757102787,1.0017663419246674,-0.02548789791762829,0.36033842344768346,0.9519048944115639,-0.03975577652454376,0.3462934460956603,0.917114558070898,-0.0554550439119339,0.32607060112059116,0.8886347576975823,-0.07037387043237686,0.3480901464354247,0.8497697144746781,-0.027336323633790016,0.3634781522210687,0.7720415391027927,-0.05322016030550003,0.37126416955143215,0.7232712723314763,-0.06953085213899612,0.37482327469624577,0.6789907976984978,-0.08028984069824219,0.3236454097554088,0.8497475035488605,-0.03579762205481529,0.32682998206000774,0.7582643948495388,-0.06470423936843872,0.3261544198729098,0.7019108593463897,-0.0852535218000412,0.323440949851647,0.6531477697193623,-0.096860870718956,0.30212624177802355,0.8725836902856827,-0.04650934413075447,0.2932077320292592,0.8074846133589745,-0.09326750785112381,0.30280120549723505,0.8437918327748776,-0.10665912926197052,0.31166346757672725,0.8779978901147842,-0.10395697504281998,0.28666772483848035,0.9121975772082805,-0.05824723467230797,0.2891047026962042,0.8910843722522259,-0.10449004918336868,0.3073930501006544,0.9225725427269935,-0.11326054483652115,0.3236862302524969,0.9542611211538314,-0.10919848084449768
110,3.669979919678715,1,Right,0.9914067387580872,0.642915625590831,1.0178226754069328,5.894148102925101e-07,0.620775206387043,1.00268085449934,-0.04400695487856865,0.6087914854288101,0.966125450283289,-0.07092469930648804,0.6313446147367359,0.9434638082981109,-0.095093734562397,0.6594684161245823,0.9311115607619286,-0.11779850721359253,0.6196342938579619,0.866282157599926,-0.0540318600833416,0.6094725418835878,0.7865878269076347,-0.08550308644771576,0.6046495556831359,0.7377270177006722,-0.10319428890943527,0.6023544313386082,0.6928270578384399,-0.11595326662063599,0.6467421627603471,0.8592300400137901,-0.05561036989092827,0.6469772608950735,0.7729871809482575,-0.08653794229030609,0.6500518896616996,0.7237986013293266,-0.10416705161333084,0.6528682130388915,0.6790278725326061,-0.11474719643592834,0.6672143527306617,0.8798574075102806,-0.0610523521900177,0.6795396326109767,0.8280119679868221,-0.10807236284017563,0.6742028617300093,0.8755135789513588,-0.11605430394411087,0.6679764018394053,0.9137799464166164,-0.11073761433362961,0.6839571568183601,0.9174295030534267,-0.06945483386516571,0.6924865876324475,0.9034895777702332,-0.11386403441429138,0.683026373013854,0.9404000595211983,-0.12043830007314682,0.6728402500972152,0.974017845839262,-0.11692553013563156
111,3.703343373493976,0,Left,0.9970684051513672,0.3165781772928312,1.0308722525835037,7.734889209132234e-07,0.3459741468541324,1.0033661231398583,-0.028443315997719765,0.3596026736777276,0.9585568755865097,-0.04485625773668289,0.3484804306179285,0.9245013259351254,-0.06231820210814476,0.32874225319828837,0.8953083127737045,-0.07925800234079361,0.34771947870031,0.8512668073177337,-0.03131921961903572,0.3632051677443087,0.7731274962425232,-0.058382898569107056,0.37111375462263824,0.7258091360330582,-0.07540544867515564,0.37504758378490805,0.6817570134997368,-0.08661605417728424,0.3235462718876079,0.849825432896614,-0.03864434361457825,0.32688155004289,0.7586587980389595,-0.06763831526041031,0.32562147590797397,0.7047470204532147,-0.08762280642986298,0.3224165307590738,0.6582062974572181,-0.09893998503684998,0.30242538428865373,0.8721533589065075,-0.048407766968011856,0.2926307757385075,0.8100478306412697,-0.09462469071149826,0.30205455862451347,0.8472116358578206,-0.10688126087188721,0.31143590847495944,0.8818345621228219,-0.10375670343637466,0.2872436171863228,0.9116444699466228,-0.05957401171326637,0.2885509869083762,0.8930192284286023,-0.1054774820804596,0.30590811828151343,0.9238779336214066,-0.11356553435325623,0.3217425561742857,0.9551018238067627,-0.10913611948490143
111,3.703343373493976,1,Right,0.9918718338012695,0.6403826435096562,1.0163681358098984,6.17555997450836e-07,0.6191162534058094,1.0014489337801933,-0.04513271525502205,0.6078536862507462,0.9660652302205562,-0.07318639010190964,0.6309022472240031,0.9445512093603611,-0.09826132655143738,0.6594210706651211,0.9335202783346176,-0.12220290303230286,0.6199074279516935,0.8676469191908837,-0.05796416103839874,0.6098485792055726,0.7883523851633072,-0.09068011492490768,0.605052889790386,0.7398695439100266,-0.1088835597038269,0.6027256476692855,0.6950127318501472,-0.12168092280626297,0.6468209277838468,0.8606452114880085,-0.0594337172806263,0.6475412836298347,0.7745213486254215,-0.09111116081476212,0.650227174255997,0.7255391225218772,-0.10842938721179962,0.6522881646640599,0.6801271647214889,-0.11855100840330124,0.6672332044690847,0.8813996866345406,-0.06471940875053406,0.6798984473571181,0.8311222195625305,-0.11212140321731567,0.6744426146149636,0.8793666012585163,-0.11970741301774979,0.6678791840560734,0.9177736662328243,-0.1139504536986351,0.683707728702575,0.9188915595412255,-0.0730600357055664,0.6925086311995983,0.9050627738237381,-0.11728129535913467,0.6828786511905491,0.9414217196404934,-0.12318547070026398,0.672334046009928,0.9744624465703964,-0.11918056756258011
112,3.736706827309237,0,Left,0.997412919998169,0.3204070291714743,1.032783185938994,7.904853305262804e-07,0.3477651079185307,1.0039423616396057,-0.027743849903345108,0.35991431707516314,0.9558241359889508,-0.04281165823340416,0.3447626859880984,0.9201318328579267,-0.05915794521570206,0.32257762893568726,0.893496504260434,-0.07461848855018616,0.3492314550559968,0.8531319479975435,-0.027133362367749214,0.36507499013096095,0.7760056753125456,-0.05286341533064842,0.37236518347635866,0.7272647533151838,-0.06869670003652573,0.3754362254869193,0.6824961009952757,-0.07918791472911835,0.32428445217665286,0.8508723470899794,-0.034907154738903046,0.3274119557347149,0.7613627930482229,-0.06454319506883621,0.32623161100782455,0.7052273096309768,-0.08465650677680969,0.3230600441340357,0.6573827404114935,-0.09549083560705185,0.3028035981580615,0.8725531786680222,-0.04524710401892662,0.2942125162109733,0.8106466707256105,-0.09271373599767685,0.3033418632578105,0.8499916463262505,-0.10563408583402634,0.3120183690218255,0.8859503298170037,-0.10203256458044052,0.287119851494208,0.9121744757725133,-0.05692578852176666,0.2897031801287085,0.8967171388367812,-0.10337390005588531,0.30760028392542155,0.9282485866712199,-0.11260273307561874,0.3240057812537998,0.9587936191923089,-0.10860808938741684
112,3.736706827309237,1,Right,0.9940757155418396,0.6396945014595985,1.0114300313923095,6.200826305757801e-07,0.6196740351617336,0.9997762185004022,-0.04773641750216484,0.6095421670936048,0.9682105900512801,-0.07715088874101639,0.6319761227816343,0.9472063908146487,-0.10291240364313126,0.6586822115816175,0.9324573709732956,-0.12695986032485962,0.6193538301624357,0.8685810782015324,-0.06089802831411362,0.610426739603281,0.7897358759409852,-0.09436839818954468,0.6058962604030966,0.7412754211160871,-0.11227980256080627,0.6038085634820163,0.6959908022648759,-0.12463264912366867,0.6468145249411463,0.8603528989685907,-0.060759954154491425,0.6482175419107079,0.7751996388865842,-0.09276895225048065,0.6515319694764912,0.7261205064753692,-0.10893799364566803,0.6542039702646434,0.6802252475586202,-0.11809930950403214,0.6673470547422766,0.8802511353459623,-0.06467503309249878,0.6804871305823326,0.8321494077642758,-0.11294535547494888,0.6750996194779872,0.8815632394618458,-0.11966521292924881,0.6686260893940925,0.920932623744011,-0.11301029473543167,0.6838868910446763,0.916809714006053,-0.07185238599777222,0.693003393523395,0.9085676171713405,-0.11762192845344543,0.6830917180515825,0.9448708141843478,-0.12442532181739807,0.6723195061087608,0.977117897487349,-0.12061206996440887
113,3.770070281124498,0,Left,0.9972681999206543,0.321612189989537,1.035498555501302,7.850874794712581e-07,0.34860046952962875,1.0045072767469618,-0.02675643377006054,0.35966112148016693,0.955326165093316,-0.04184168204665184,0.34454848729074,0.9194819980197483,-0.05813448131084442,0.3230641671456397,0.8916189405653212,-0.07356797903776169,0.3487834192812443,0.8542830573187934,-0.02898542396724224,0.36480730436742304,0.7765091366238064,-0.05548295006155968,0.3721341136842966,0.7275612301296658,-0.07183478772640228,0.37533507123589516,0.6829310946994358,-0.08265287429094315,0.3241794627159834,0.8533367580837674,-0.03697288781404495,0.32788823181763294,0.7624992370605469,-0.06686647981405258,0.32672544987872243,0.706087154812283,-0.08754551410675049,0.32351542441174386,0.6572947184244792,-0.09915516525506973,0.30239658933132885,0.8757281833224826,-0.0471821092069149,0.29440059438347815,0.8120662689208984,-0.09416273236274719,0.30397198628634214,0.8498210059271918,-0.10635071247816086,0.3127153216861188,0.8845835791693794,-0.10277590900659561,0.2866235473193228,0.9151977115207248,-0.058602429926395416,0.28913594838231804,0.8956455230712891,-0.10460628569126129,0.30709632243961094,0.9270831637912327,-0.11274036020040512,0.3231337265111506,0.9581344180636936,-0.10821578651666641
113,3.770070281124498,1,Right,0.9965851902961731,0.6430938027799129,1.0138003031412761,6.192722139530815e-07,0.6217901695519685,1.002219475640191,-0.046991728246212006,0.6103200688958168,0.9689153883192274,-0.07549764215946198,0.6319161299616098,0.9468977186414931,-0.10052419453859329,0.6589423306286335,0.9330084482828777,-0.12369951605796814,0.6200717084109784,0.8703687879774306,-0.058763667941093445,0.6107461117208004,0.7907518174913194,-0.09212865680456161,0.6062093358486891,0.7414059109157987,-0.11002472043037415,0.6041437078267335,0.6956286112467448,-0.12229567766189575,0.6477796770632267,0.8619013468424479,-0.0586402490735054,0.6484454311430454,0.7763636271158855,-0.09080915153026581,0.6515854496508837,0.7265089246961806,-0.10661341995000839,0.6544502146542073,0.6802659776475695,-0.11512631922960281,0.6687003027647733,0.8811537000868056,-0.06266520917415619,0.680709869787097,0.8326847500271267,-0.11148285120725632,0.6746400360018014,0.8831901550292969,-0.11761438101530075,0.6681359369307757,0.9239427778455946,-0.10990498214960098,0.6855710681527853,0.916916020711263,-0.06991975009441376,0.6931969694793224,0.9090951707628038,-0.11641326546669006,0.6829962775111198,0.9462548573811849,-0.1231398805975914,0.6724300507456065,0.979404067993164,-0.11866654455661774
114,3.803433734939759,0,Left,0.9968761801719666,0.3201807079836726,1.0357683817545573,7.846275593692553e-07,0.3479784904513508,1.0063774956597222,-0.02779531292617321,0.36000014380551876,0.9597071753607855,-0.04369712620973587,0.3472182722762227,0.9246083577473958,-0.060738712549209595,0.32680150707019495,0.8959953308105468,-0.07697027921676636,0.34853086629882457,0.854668468899197,-0.030352886766195297,0.36443517038132994,0.7764599270290798,-0.0573185533285141,0.3719014079775661,0.7277374267578125,-0.07403728365898132,0.37521300693042575,0.6832701789008246,-0.0850725919008255,0.3241721522179432,0.852970208062066,-0.037844154983758926,0.3276468957774341,0.7622476365831163,-0.06799869239330292,0.3263928362634033,0.7065539889865451,-0.08879369497299194,0.3232180613093078,0.6584876166449652,-0.10043670237064362,0.3026647792197764,0.87479125128852,-0.04764517396688461,0.29367544084088876,0.8113669077555339,-0.09486718475818634,0.3031924364389852,0.8494535658094619,-0.10746242105960846,0.3124078365508467,0.8847759670681423,-0.10411899536848068,0.2872837746399455,0.913749016655816,-0.05873199552297592,0.28902476124931126,0.8950567033555773,-0.10543844848871231,0.30693653668276966,0.9262934366861979,-0.11430836468935013,0.3234277463285252,0.9575587378607856,-0.11012895405292511
114,3.803433734939759,1,Right,0.9953760504722595,0.6410825551487506,1.0118311564127604,6.449321858781332e-07,0.6208488721400499,1.0008587307400174,-0.0483909510076046,0.6099794156383723,0.9690393659803602,-0.07835298031568527,0.632403577491641,0.9482230292426215,-0.10434002429246902,0.6602034516632557,0.9357339223225911,-0.1287803053855896,0.620558955334127,0.8708090464274089,-0.06355546414852142,0.6117993972729892,0.7912760416666667,-0.09766313433647156,0.607056375592947,0.7423884073893229,-0.11603222787380219,0.6045012430287897,0.6964941660563151,-0.1288149356842041,0.6479438752867281,0.8624022589789496,-0.06305079907178879,0.6488979578949511,0.7774032592773438,-0.09548091888427734,0.6521044736262411,0.7284846411810981,-0.11143176257610321,0.6546008392702788,0.6817138671875,-0.12052953988313675,0.668616484105587,0.8818004184299045,-0.06652437895536423,0.6814962008967995,0.8340177747938368,-0.11496959626674652,0.6756157238967717,0.8838161044650608,-0.12150944769382477,0.6687404258642345,0.9235764397515192,-0.1148386150598526,0.6851999445352703,0.9172831641303169,-0.0733427181839943,0.6937607575207949,0.9106380038791233,-0.11962219327688217,0.683756768424064,0.9469173431396485,-0.126786008477211,0.6730069706682116,0.978967793782552,-0.12324406206607819
115,3.8367971887550203,0,Left,0.9969534873962402,0.31933089687954636,1.0356940375434027,7.880784096414573e-07,0.3477634495124221,1.0045614454481337,-0.026502471417188644,0.3602550535928458,0.9565024905734592,-0.04182606190443039,0.3460803250782192,0.9215294731987848,-0.05853759124875069,0.3250583426095545,0.894682354397244,-0.07449319958686829,0.3481489792000502,0.8541183471679688,-0.029136689379811287,0.36425330117344856,0.7759866502549914,-0.05574186518788338,0.37171666119247676,0.7268692864312066,-0.07237784564495087,0.3749958329834044,0.682027096218533,-0.08355668932199478,0.32330747493542733,0.8530444251166449,-0.037398289889097214,0.32706408279482274,0.7622739579942491,-0.06757595390081406,0.3261491085169837,0.7057657877604167,-0.0887833759188652,0.32313977924641224,0.6571241590711806,-0.10094089061021805,0.30146775259636344,0.8751447889539931,-0.047836776822805405,0.2930664936546236,0.8106758541531033,-0.0950503870844841,0.30301957982592287,0.849028566148546,-0.1077856793999672,0.3122693332377821,0.884797626071506,-0.10465049743652344,0.28579897393938153,0.9143522474500868,-0.05944196879863739,0.28836749005131423,0.8950369517008464,-0.10580931603908539,0.30640481342561543,0.9261677636040582,-0.11466556787490845,0.3225689240032807,0.9572047763400607,-0.11071403324604034
115,3.8367971887550203,1,Right,0.9965230226516724,0.6416696653701365,1.0097525702582466,6.4112163045138e-07,0.6214369955472648,0.9998248630099826,-0.04778827726840973,0.6102001957595349,0.9686800638834635,-0.07728862017393112,0.6322978245094418,0.9481976826985677,-0.10299589484930038,0.6599162197671831,0.9355227576361762,-0.12693114578723907,0.6200833276845514,0.8703598870171441,-0.062257684767246246,0.6110353244468569,0.790665520562066,-0.09635572135448456,0.6064642267301679,0.7410700903998481,-0.11450184881687164,0.6042320412583649,0.6950806935628255,-0.1269872635602951,0.6478060225956142,0.8616319444444445,-0.06162841618061066,0.6486238954588771,0.7763617197672527,-0.09407830983400345,0.6522417335771025,0.7270458221435547,-0.10933751612901688,0.6553915698081255,0.6808082580566406,-0.11762480437755585,0.6685178657062352,0.8806981828477648,-0.06502897292375565,0.6813269071280956,0.8337798648410373,-0.11364223062992096,0.6751445343717932,0.8843581305609809,-0.11919006705284119,0.6681718515232206,0.9251420762803819,-0.1113816648721695,0.68513791738078,0.9158978780110677,-0.07176289707422256,0.6937219750136137,0.9113655938042535,-0.11851638555526733,0.6835324940271675,0.9484906514485677,-0.125589057803154,0.6726208285428583,0.9812837812635634,-0.12149626761674881
116,3.8701606425702813,0,Left,0.9974648356437683,0.32006830046884716,1.0352363586425781,7.781592898936651e-07,0.34797665094956753,1.00531251695421,-0.025230426341295242,0.36016929857432844,0.9578591664632161,-0.0399068258702755,0.3469657746143639,0.9230461968315973,-0.0562489815056324,0.32631603567861023,0.8958352830674913,-0.0718260407447815,0.34794047558680175,0.8531412336561415,-0.02742139995098114,0.3638888593763113,0.775279066297743,-0.05356435105204582,0.371756717376411,0.726736323038737,-0.06995413452386856,0.37517768973484633,0.6823552449544271,-0.08096467703580856,0.3234297085087746,0.8525001949734158,-0.036361560225486755,0.3271495360415429,0.7615711636013455,-0.06586357206106186,0.3261974405031651,0.7054566277398003,-0.08696835488080978,0.32294423347339035,0.6570380316840277,-0.09910900145769119,0.3018959237262607,0.8752040863037109,-0.04745790734887123,0.29308017953298987,0.8114727020263672,-0.09408733993768692,0.3028684991877526,0.8494183010525174,-0.10692420601844788,0.31198282348923384,0.8842942555745442,-0.10403547435998917,0.2863931137137115,0.9151048872205946,-0.05965244024991989,0.288555100094527,0.8961978912353515,-0.10554710775613785,0.30659258607774975,0.9274220784505208,-0.11427056044340134,0.32290443223901094,0.9585260603162977,-0.11034418642520905
116,3.8701606425702813,1,Right,0.9966444969177246,0.641378964483738,1.0113689846462675,6.406227157640387e-07,0.6212275870144367,1.0003722296820747,-0.04680002108216286,0.610014958307147,0.9684778849283854,-0.07584721595048904,0.6317305451259017,0.9473392486572265,-0.10127490758895874,0.6592244209721685,0.9351570129394531,-0.12497135996818542,0.6205192500725388,0.870382563273112,-0.06119305267930031,0.6116885606199503,0.7905467139350043,-0.09495840966701508,0.6070573139935732,0.7411986456976997,-0.11300554871559143,0.6046548698097467,0.6952213711208768,-0.12534232437610626,0.6480729069560767,0.8621746487087674,-0.06077098101377487,0.6497157018631696,0.7775850084092882,-0.0926310271024704,0.6532086081802845,0.7281514061821832,-0.1074303612112999,0.6559738395735621,0.6814356486002604,-0.11541873961687088,0.6687508776783944,0.881403817070855,-0.06434062868356705,0.6817317314445972,0.8340704176161025,-0.11180310696363449,0.6748785840347409,0.8845317840576172,-0.11686532944440842,0.6674173571169376,0.9254639943440756,-0.10894422978162766,0.6852475766092538,0.9165948655870225,-0.07126298546791077,0.6940518263727427,0.9118792215983073,-0.11676933616399765,0.6834152694791555,0.9478975507948134,-0.12342610210180283,0.6722269799560309,0.9797391255696615,-0.11920689791440964
117,3.903524096385542,0,Left,0.9974797368049622,0.32021727652754634,1.035595917701721,7.773146535328124e-07,0.3479517655447125,1.0059427604079247,-0.02671857178211212,0.3599717819597572,0.9581086225807667,-0.04232874512672424,0.3456920548109338,0.9232053630053997,-0.05920787900686264,0.32421722378348933,0.8955393828451633,-0.07546447217464447,0.34801117933820935,0.8533150538802147,-0.029940765351057053,0.3638243299210444,0.7753444269299508,-0.05693482235074043,0.3716081211576238,0.7268969193100929,-0.0739007443189621,0.37517707217484714,0.6822503253817558,-0.0852956622838974,0.3232796828029677,0.8527345970273018,-0.03846919164061546,0.3270217334618792,0.7614160530269146,-0.0683107003569603,0.326066154660657,0.7060288839042187,-0.08935097604990005,0.3228572922991589,0.6578957691788674,-0.10152263939380646,0.30154152129543943,0.8756664223968983,-0.04924815520644188,0.2930162178701721,0.811107287555933,-0.09661506116390228,0.303134316788055,0.8494594834744931,-0.10957226902246475,0.31243083929875864,0.8846126265823842,-0.10676310956478119,0.2858021162683144,0.915976619720459,-0.061174482107162476,0.2878693373291753,0.8958346650004387,-0.10801892727613449,0.3060651162522845,0.9274613246321678,-0.11686237901449203,0.32238124741706997,0.9588290549814701,-0.11295878142118454
117,3.903524096385542,1,Right,0.9963783025741577,0.6413487302139401,1.0104162871837616,6.316414555840311e-07,0.6209128559567034,0.999303774535656,-0.046621158719062805,0.609601664962247,0.9678249470889568,-0.07555372267961502,0.631395058427006,0.9468555822968483,-0.10082618147134781,0.6587491422425955,0.9339672148227691,-0.12441473454236984,0.6196919934824109,0.8695379480719566,-0.060599468648433685,0.6109196862671524,0.7900968134403229,-0.09402244538068771,0.6062707864679396,0.7405425816774368,-0.11197718232870102,0.6038304304238409,0.6946021057665348,-0.1243404746055603,0.6474003230687231,0.8610817857086659,-0.060199860483407974,0.6486209852155298,0.7762380450963974,-0.09163714200258255,0.6522315876558423,0.7272744625806808,-0.10651087760925293,0.6552165339700877,0.6816148295998573,-0.11464563757181168,0.6681549517437816,0.8802664622664451,-0.06375905126333237,0.6808567827567458,0.8331669412553311,-0.11116771399974823,0.6747123047243804,0.8828651405870914,-0.1166495829820633,0.667804712522775,0.9234485365450382,-0.10908353328704834,0.6847232033964247,0.9155811548233033,-0.07056821882724762,0.6929446100257337,0.910321157425642,-0.11625789850950241,0.682728742947802,0.9467827491462231,-0.1230127289891243,0.6719137297477573,0.9794003643095494,-0.118873231112957
118,3.936887550200803,0,Left,0.99764084815979,0.3170401149312966,1.0341961622238158,7.711889793426963e-07,0.34583802267443386,1.006291849911213,-0.02770526334643364,0.3593155038310215,0.9599898412823678,-0.04408438503742218,0.34524896370712665,0.925366447865963,-0.061490390449762344,0.323303772485815,0.8972948528826237,-0.07829707860946655,0.3475016064476222,0.853982400894165,-0.031198769807815552,0.36354675686452537,0.7761379897594451,-0.05823386833071709,0.37128419496584686,0.7282371342182159,-0.07495523244142532,0.37487597740255296,0.6836573004722595,-0.08602803200483322,0.3225460452376865,0.8524365544319152,-0.03924592584371567,0.3266185343731195,0.760514535754919,-0.0687025934457779,0.32562040761113165,0.7056724473834037,-0.08895110338926315,0.3221222803462297,0.6579728916287422,-0.10044104605913162,0.3007357298862189,0.8746447198092937,-0.04963688924908638,0.2925787488464266,0.810610068589449,-0.09735894948244095,0.30265226152259855,0.8500051587820053,-0.11071924865245819,0.31172506222501395,0.8860972337424755,-0.10805820673704147,0.28481990720611067,0.9145674787461757,-0.0611860491335392,0.2876770194619894,0.8962763354182244,-0.10865205526351929,0.3058450568118133,0.9286518812179565,-0.11807270348072052,0.32188945180969314,0.9603761754930019,-0.11447712033987045
118,3.936887550200803,1,Right,0.9961788654327393,0.6410787920933216,1.0111373990774155,6.291839440564218e-07,0.6205946819856762,0.9992971494793892,-0.0461251474916935,0.6093035513535142,0.9669182062149048,-0.07474691420793533,0.6312711365520954,0.9460218869149685,-0.09981314092874527,0.6591041307896376,0.934295155107975,-0.12334168702363968,0.619975708425045,0.8695952378213405,-0.06055407226085663,0.6110705603845418,0.7899123311042786,-0.09376255422830582,0.6063422080595047,0.7406539335846901,-0.11165209859609604,0.6038379772100597,0.6947146467864513,-0.12402497977018356,0.6476635279133915,0.8612927258014679,-0.060457758605480194,0.6490685737226158,0.7763642184436321,-0.0916118249297142,0.6525564944371581,0.7273895516991615,-0.10646366328001022,0.6554102996364236,0.6812696471810341,-0.11472467333078384,0.6685432425700129,0.8808304838836193,-0.06425327807664871,0.6813331245444715,0.8333445437252521,-0.11124520003795624,0.6746547503396869,0.8831574499607087,-0.11687362939119339,0.6674138743430376,0.9237219050526619,-0.10960652679204941,0.6850928282365203,0.9165776312351227,-0.07126399874687195,0.6934484341181815,0.9101118311285973,-0.1163959875702858,0.6829808445181698,0.9461115799844265,-0.12296854704618454,0.6720917982514948,0.9784135282039642,-0.11892890930175781
119,3.970251004016064,0,Left,0.9973617196083069,0.31508771385997536,1.0329481035470962,7.428268418152584e-07,0.3437998676672578,1.0046930879354476,-0.027025386691093445,0.3584741530008614,0.958554157614708,-0.042946066707372665,0.3436407550238073,0.9233905248343944,-0.06015812233090401,0.32094832356087866,0.8970290862023831,-0.0765804797410965,0.3477001081220806,0.8540861085057259,-0.02909022569656372,0.3641220197081566,0.7762501910328865,-0.05540195852518082,0.3716060284525156,0.7277639098465443,-0.071867436170578,0.3748737797141075,0.6830767586827278,-0.08297453075647354,0.32280310094356535,0.8531495548784733,-0.037197623401880264,0.32644081143662335,0.761991710960865,-0.0667857676744461,0.3255493322387338,0.7064912363886833,-0.087179996073246,0.32268448709510267,0.6580826297402382,-0.09884302318096161,0.3011718980502337,0.8757086783647537,-0.04752247780561447,0.2939188377931714,0.8099646352231502,-0.09412147849798203,0.303108119731769,0.8511085279285908,-0.10522212088108063,0.31161603578366337,0.8884085290133953,-0.10106182843446732,0.2854897279292345,0.9156098634004592,-0.05912742391228676,0.28791487668640914,0.8962617687880993,-0.10492448508739471,0.3055875899735838,0.9289616450667382,-0.11258174479007721,0.3214900128543377,0.9611067153513432,-0.1077486053109169
119,3.970251004016064,1,Right,0.9960631728172302,0.6420175530016422,1.010010799765587,6.254472850741877e-07,0.621760873310268,0.9994298204779625,-0.046734362840652466,0.6107124986127019,0.9678400233387947,-0.07554936408996582,0.6324208978563547,0.9473382346332073,-0.10079259425401688,0.6601884899660945,0.9352604173123836,-0.12434986233711243,0.6205084702000022,0.8700741954147816,-0.06046319007873535,0.611463980935514,0.7908692695200443,-0.09382715076208115,0.6068226588889957,0.7416135899722576,-0.11157228797674179,0.6045753255486488,0.6957663744688034,-0.12377379834651947,0.6484386643394828,0.8612749740481377,-0.06005486100912094,0.6496324390172958,0.776961237937212,-0.0918949544429779,0.6532079305499792,0.7276507318019867,-0.10717150568962097,0.6562733311206103,0.6809833258390426,-0.11554120481014252,0.6693687787279486,0.8801331542432308,-0.0636068731546402,0.682043881714344,0.8336029209196567,-0.11154929548501968,0.675808634981513,0.8842657878994942,-0.11742768436670303,0.668819242529571,0.9248527087271213,-0.10998940467834473,0.6861134838312865,0.9150458417832852,-0.07039608061313629,0.6943225769326091,0.9106949634850026,-0.11618736386299133,0.683964291587472,0.9476869843900204,-0.12319570779800415,0.6731261229142547,0.980214524269104,-0.11925068497657776
120,4.0036144578313255,0,Left,0.9977242946624756,0.31656074626371267,1.0352307751774787,7.537559554293694e-07,0.3449536319822073,1.004671174287796,-0.025492195039987564,0.3581312781199813,0.9559137754142284,-0.0401528961956501,0.3433386631309986,0.9200395628809929,-0.056568801403045654,0.3202078930102289,0.8956162929534912,-0.0721103698015213,0.34729414861649277,0.8541344374418258,-0.02523261308670044,0.36295806504786016,0.7761060535907746,-0.050164323300123215,0.36975422985851764,0.7269590929150581,-0.06559327989816666,0.3721658859401941,0.682177959382534,-0.07601233571767807,0.3221327345818281,0.8531856954097747,-0.034185051918029785,0.3245450262911618,0.7621502451598644,-0.06348849833011627,0.3231454250402749,0.7054387867450714,-0.08353769034147263,0.3200013987720013,0.6576091080904007,-0.09447013586759567,0.3004567975178361,0.8758655987679959,-0.04543440788984299,0.2930989836342633,0.8104708574712276,-0.09250819683074951,0.30263734785839913,0.8528598785400391,-0.10445069521665573,0.3114159251563251,0.8916198551654816,-0.10017119348049164,0.28467586627230046,0.9163357317447662,-0.057829540222883224,0.28764715436846017,0.8996698506176471,-0.10374289751052856,0.30623553432524203,0.9315576478838921,-0.11242322623729706,0.32321039466187357,0.9630307845771313,-0.10806557536125183
120,4.0036144578313255,1,Right,0.9961759448051453,0.6436847656965256,1.0128393590450286,6.401577934411762e-07,0.6232748802751302,1.0014130905270577,-0.04541750252246857,0.611905213445425,0.9706528268754482,-0.07456807792186737,0.6320392534136772,0.9492762759327888,-0.10055296868085861,0.6585668601095677,0.9366183839738369,-0.1248772069811821,0.6226601012051105,0.8700778476893902,-0.05995061993598938,0.6135756429284811,0.7903492875397206,-0.09358467161655426,0.6090470924973488,0.7407351329922676,-0.1116538867354393,0.6068115476518869,0.6946463152766228,-0.1237935870885849,0.6503937732428312,0.8629362069070339,-0.060412801802158356,0.652632063999772,0.777925693243742,-0.09251352399587631,0.6562489040195942,0.727504301071167,-0.10784433782100677,0.6591462813317776,0.6801021933555603,-0.1159699559211731,0.6715255282819271,0.8831921890377998,-0.06471054255962372,0.6839066736400128,0.835594642162323,-0.11221285164356232,0.6768458165228367,0.8855959802865982,-0.11766480654478073,0.6694505006074906,0.9257580056786537,-0.10981827229261398,0.68849932923913,0.9194189734756947,-0.07215343415737152,0.6969833143055439,0.9124585874378681,-0.11656107753515244,0.6860769268125295,0.9479434505105019,-0.1224241703748703,0.6748835068196058,0.979554609209299,-0.11765193194150925
121,4.036977911646586,0,Left,0.9983709454536438,0.31864701537415385,1.0395825028419494,7.306853149202652e-07,0.3470343519002199,1.0055443227291108,-0.02119060978293419,0.3601590362377465,0.9550607994198799,-0.03517484292387962,0.3470514649525285,0.9201602578163147,-0.05200320854783058,0.3233866548980586,0.9000151179730892,-0.06792047619819641,0.3451511631719768,0.8526795156300068,-0.02265656366944313,0.35947379539720714,0.7741177298128605,-0.048219822347164154,0.36678654490970075,0.7241850204765796,-0.0643901377916336,0.36919729481451213,0.6793991729617119,-0.07549046725034714,0.32055887702153996,0.8552561104297638,-0.03474527969956398,0.32047745311865583,0.7620418660342694,-0.06504212319850922,0.31912755843950436,0.704941312968731,-0.08586308360099792,0.3151740583125502,0.657228634506464,-0.0976656973361969,0.29996179550653324,0.881252109259367,-0.04890710860490799,0.29269857972394675,0.815029363334179,-0.09689592570066452,0.3065142035484314,0.8583088174462319,-0.10840468108654022,0.3174958460149355,0.8975833401083946,-0.10360129922628403,0.28533888910897076,0.9241034828126431,-0.06389984488487244,0.28996583918342367,0.9013949133455753,-0.10891270637512207,0.31042616174090654,0.9308234557509423,-0.11654701083898544,0.32792588346637785,0.9616281412541866,-0.11184722185134888
121,4.036977911646586,1,Right,0.9943134784698486,0.6448123801965266,1.0166941225528716,6.393250373548653e-07,0.622931768419221,1.0019914239645005,-0.044032011181116104,0.6092507387511432,0.9699385948479176,-0.07360067963600159,0.6265429304912686,0.9476657927036285,-0.10043510794639587,0.6540694462601095,0.9378926455974579,-0.12583835422992706,0.6267578019760549,0.8689012207090855,-0.057939041405916214,0.618771516950801,0.7898461230099201,-0.09110895544290543,0.6146740019321442,0.7410158485174179,-0.10898066312074661,0.6133609858807176,0.6953936725854873,-0.12105739116668701,0.6537828026339412,0.8646007098257542,-0.05942105874419212,0.658224118873477,0.7798089928925037,-0.09142687171697617,0.6623592826072127,0.7297263279557228,-0.10724479705095291,0.6658899791073054,0.6826770044863224,-0.11577703058719635,0.6743391379714012,0.8867661945521832,-0.06468845158815384,0.6886095069348812,0.8374132625758648,-0.1121542751789093,0.680122391320765,0.8863240145146847,-0.1187782734632492,0.6714198223780841,0.9263100937008858,-0.11186198145151138,0.6908536783885211,0.9246015086770057,-0.07291063666343689,0.6990673958789557,0.91690973341465,-0.11660483479499817,0.6871872411575168,0.9514529041945934,-0.12283367663621902,0.6749949785880744,0.9819475710391998,-0.11864237487316132
122,4.070341365461847,0,Left,0.99880450963974,0.3134905841085128,1.0351360549529394,6.84486849422683e-07,0.34395520866382867,1.003367238243421,-0.02445327118039131,0.36070212370250376,0.96002928978867,-0.04256777837872505,0.35258609731681645,0.9237589503328005,-0.06330031156539917,0.3315134189091623,0.8974695656034681,-0.08317063748836517,0.3417576245497912,0.8476495111982028,-0.02996763214468956,0.35335463676601647,0.7671188432309363,-0.05889592692255974,0.35946447867900133,0.7182393381992976,-0.07703898102045059,0.36131398323923347,0.6735837951302528,-0.08918266743421555,0.3168018982396461,0.8517360331283675,-0.0416681170463562,0.3136830649571493,0.757012915942404,-0.0742383599281311,0.3122194735566154,0.7021866828203202,-0.09491169452667236,0.3087388510117307,0.6564019188284874,-0.10674792528152466,0.2971854071249254,0.8803528350260522,-0.055857472121715546,0.2914976944914088,0.8167168660296334,-0.10538735240697861,0.31173645068192857,0.8578970910774337,-0.11836543679237366,0.32754419445991517,0.8968657230337461,-0.11494386941194534,0.2832357483683154,0.9267264636026489,-0.07108426839113235,0.29090347160818053,0.9018761143088341,-0.11638646572828293,0.31364101031795144,0.9264012455940247,-0.12544482946395874,0.33270513424649834,0.9543923762109544,-0.12245766073465347
122,4.070341365461847,1,Right,0.994651734828949,0.645681433333084,1.0153731995158726,6.786589210605598e-07,0.6235357129015029,0.9982131519251399,-0.04058380797505379,0.6082368544768542,0.9687577105230756,-0.06986111402511597,0.6155055084265768,0.9461308686269654,-0.09754782915115356,0.6383550342638046,0.9332758853832881,-0.1238274797797203,0.6299935478717089,0.8638363301753997,-0.053855590522289276,0.6241262077819556,0.7840841770172119,-0.086248978972435,0.6215218302328139,0.7353028799096744,-0.1038530096411705,0.6218083761166782,0.6906296781367726,-0.11565665155649185,0.6571380096953362,0.8631965744826529,-0.05764796584844589,0.6656478896271437,0.7800073141853014,-0.08990832418203354,0.6724371795076877,0.7292376470234659,-0.1069103479385376,0.6783175978809595,0.6826761979195807,-0.11628253012895584,0.6774285859894007,0.8876891541812155,-0.06499207764863968,0.6934381003491581,0.8402467697858811,-0.11270901560783386,0.6827999892644584,0.887309385670556,-0.12057808041572571,0.6718405260704458,0.9263681408431795,-0.11492493003606796,0.6928567395079881,0.9278027935160531,-0.07482658326625824,0.7008268461562693,0.9239898751179377,-0.11894689500331879,0.6861729062628001,0.9574123975303438,-0.12568864226341248,0.6711275520268828,0.9862847612963782,-0.1220121830701828
123,4.103704819277109,0,Left,0.9980577826499939,0.3117184359231032,1.0300380397174094,6.790284032831551e-07,0.33989333615172657,0.9908732378648387,-0.020490441471338272,0.35686899672728034,0.9489146379960908,-0.039822760969400406,0.3564726253505796,0.9167571829424964,-0.06306425482034683,0.34206395293585956,0.8961015807257758,-0.08498707413673401,0.3344314714660868,0.8431639472643534,-0.03190537542104721,0.34350886254105717,0.760449790292316,-0.06274396181106567,0.348980301246047,0.7122728688021501,-0.08225154131650925,0.35147174359299244,0.6678331477774514,-0.09501982480287552,0.31142636729637163,0.8507537581026554,-0.04635492339730263,0.308286333095748,0.7612768875228034,-0.0814627930521965,0.30847196269314736,0.7051157918241289,-0.10449322313070297,0.30616005500778554,0.6569280839628644,-0.11802193522453308,0.2923757865326479,0.8801436776088344,-0.06273657828569412,0.2959339560009539,0.8243830845587783,-0.11253291368484497,0.31956061283126475,0.8614909297062291,-0.12645962834358215,0.3358040614752099,0.8966165553364489,-0.1239544078707695,0.2808497135760263,0.9258432723581791,-0.08016062527894974,0.2980263239238411,0.9083614639110036,-0.12289554625749588,0.3234646677272394,0.925671628365914,-0.13313134014606476,0.34289614274166524,0.9455257136788633,-0.13191889226436615
123,4.103704819277109,1,Right,0.9955093264579773,0.6493264611810445,1.0159975099894736,6.841681852165493e-07,0.6263975742273032,0.9910224990712272,-0.02970086596906185,0.6124328642617911,0.9614095191160837,-0.05401184782385826,0.6121606412343681,0.9410170105596384,-0.07876323163509369,0.6212457403540611,0.9233646666010221,-0.10288745164871216,0.6362132634501905,0.8553705381022559,-0.04504586383700371,0.6341819320805371,0.7782790222101741,-0.07579547166824341,0.6330806582700461,0.7314873180455632,-0.0938834622502327,0.6340951904188842,0.6880843250287904,-0.10603921860456467,0.6616302095819264,0.8618681116236581,-0.05395326018333435,0.6764249469153583,0.7823914434346888,-0.0842236652970314,0.6855128711555153,0.7318893555137846,-0.10208448022603989,0.6930250408593566,0.6863716795212693,-0.11279310286045074,0.6800574937835335,0.8919241002036465,-0.0654299408197403,0.6974647002294659,0.8509589123229185,-0.10803912580013275,0.6821467924397439,0.8915801300770707,-0.11625884473323822,0.6674966594204307,0.924745918975936,-0.11295733600854874,0.6921921534929425,0.9359952087203661,-0.07867886871099472,0.6977121249772609,0.9359256728655763,-0.1172248050570488,0.6786350281909108,0.9638373479247093,-0.12233654409646988,0.6603893538936972,0.98554792544908,-0.11914394795894623
124,4.137068273092369,0,Left,0.9984356164932251,0.30304292659275234,1.015851019985146,6.627790298807668e-07,0.33159619458019735,0.9736711502903037,-0.01956476829946041,0.34761797948740425,0.9257939875953727,-0.038736701011657715,0.35757605922408403,0.8897180101937718,-0.061885733157396317,0.364619758957997,0.8678467029498683,-0.08282369375228882,0.3332862528041005,0.8296042424109247,-0.038089871406555176,0.3428836428327486,0.7555143220557107,-0.07045404613018036,0.3484101002803072,0.712395185397731,-0.08980216830968857,0.35144213191233575,0.6715542326370875,-0.10359025001525879,0.3081221968401223,0.8387171485357814,-0.05243517458438873,0.3093778697075322,0.762546652307113,-0.09391573071479797,0.31481859061168505,0.7109987553622987,-0.11769285053014755,0.3181005267659202,0.6698107628358735,-0.1313077211380005,0.2881673811702058,0.8689787603086896,-0.06828577816486359,0.3054738624254242,0.8296331908139918,-0.11887229979038239,0.3338257744209841,0.8660265774362617,-0.13079655170440674,0.352075563557446,0.900574556655354,-0.12789085507392883,0.27887111199088394,0.9123784705168672,-0.08573658019304276,0.31103773169452326,0.9152121312088437,-0.12834368646144867,0.33800105545669795,0.9354620294438468,-0.14126215875148773,0.3559829369187355,0.9548138450417254,-0.14273037016391754
124,4.137068273092369,1,Right,0.9979922771453857,0.6531463155988604,1.0099406854973898,5.664607556354895e-07,0.6271077594254166,0.9762096566458544,-0.02604152262210846,0.6137141303624958,0.9389392058882449,-0.046208448708057404,0.6068224055226892,0.9117071148422029,-0.06720473617315292,0.5962612246628851,0.8891484642194377,-0.08805057406425476,0.6403823223896324,0.844115705953704,-0.038618508726358414,0.6389297517947853,0.7712208558287885,-0.0651169866323471,0.6373127804603428,0.7266580507987075,-0.08177917450666428,0.6369718396104872,0.6855388693511486,-0.09404564648866653,0.6645920590963215,0.8571806446545653,-0.04775930196046829,0.6786233811173588,0.792829325215684,-0.07586807757616043,0.685897012706846,0.7509189868966738,-0.09412983059883118,0.6921232565306127,0.7144777650634447,-0.10637765377759933,0.6809693234506995,0.8911545587082704,-0.059222761541604996,0.6958278773352504,0.8593413722183969,-0.09880135953426361,0.6748615011572838,0.8940198111037413,-0.10841669887304306,0.6571530957240611,0.9213850051164627,-0.10795779526233673,0.6907700568903238,0.9374226762188805,-0.07207947969436646,0.6914082511793822,0.9409254329899946,-0.10858242213726044,0.6701321599073709,0.96211988478899,-0.11544174700975418,0.6513588559348136,0.9780346850554148,-0.1148553267121315
125,4.170431726907631,0,Left,0.9981349110603333,0.2957118437858298,1.0018391402231321,6.185965162330831e-07,0.3281916120089591,0.9367349917689959,-0.0013347129570320249,0.34570692842826245,0.8862123543189632,-0.016380328685045242,0.36206024955026805,0.852548559092813,-0.037109918892383575,0.3810284283012152,0.8228540205293231,-0.05649769678711891,0.3228174451272935,0.8076419971055455,-0.026804925873875618,0.3332404889399186,0.7471378735370107,-0.05841708183288574,0.34409441400785,0.7169240969750617,-0.07689455896615982,0.35664924278389665,0.6917016390297148,-0.08792644739151001,0.3021063395193778,0.8225854697326819,-0.04629902541637421,0.3135070564690977,0.75628778586785,-0.08310583233833313,0.33501418493688107,0.718815037359794,-0.10173247754573822,0.35626050741411747,0.6941238828003407,-0.11063831299543381,0.287152726307977,0.8572335532969899,-0.06561017036437988,0.31666155892889947,0.8401829012566142,-0.1075638011097908,0.34493436715565623,0.8662644744747214,-0.1155184730887413,0.3642602949868888,0.8919693347480562,-0.1115507110953331,0.28138619860401376,0.9053654534121355,-0.08471716940402985,0.31711041638627646,0.9134031757712364,-0.11475910246372223,0.3452264804393053,0.9258605817125903,-0.11878083646297455,0.3645309199113399,0.9355837491651376,-0.1154506728053093
125,4.170431726907631,1,Right,0.997367262840271,0.667130787204951,1.0129781787594159,1.5701657218869514e-07,0.6366844257805496,0.9630511792169677,-0.01322395633906126,0.6201751724351198,0.9033650292290581,-0.02240910939872265,0.6070152329746634,0.859817336830828,-0.03360376134514809,0.5888007706962526,0.8316975231799815,-0.04455218091607094,0.6434395879507064,0.8442020395563709,-0.014610677026212215,0.6418912553694099,0.7791022397577763,-0.03714149072766304,0.6387881701346487,0.7409311909642484,-0.05159697309136391,0.6335263167507946,0.7102759405970573,-0.06107723340392113,0.6672886832151562,0.8594202448924383,-0.02573668397963047,0.6855479349382222,0.7960638722611798,-0.060127295553684235,0.6762881893198938,0.7819723097814454,-0.07748778909444809,0.6598301454912872,0.7879795937074555,-0.08133412897586823,0.6851380322128534,0.8893821831378672,-0.03878709301352501,0.6858045489992947,0.8719576319886578,-0.07562611997127533,0.6616873213090002,0.8957015896836916,-0.08659058809280396,0.6407940650358797,0.9192091425259908,-0.08409532904624939,0.6959261326584965,0.9295840967032645,-0.05228244140744209,0.6822359330020845,0.9450842398736212,-0.08003918826580048,0.6586129375733435,0.9626325145363808,-0.08594675362110138,0.6385870330501348,0.9768081510232555,-0.08412273973226547
126,4.203795180722891,0,Left,0.9965212941169739,0.2816987713682465,0.9837014521989558,5.555904181164806e-07,0.3227008665446192,0.9086703463561006,0.0063609955832362175,0.34181601256132127,0.8628268622689776,-0.009713148698210716,0.35757295074872675,0.8358853211005529,-0.0320422537624836,0.37821952244266865,0.8178771121634377,-0.05564259737730026,0.3075860853074118,0.780478674504492,-0.03233497589826584,0.33405101075768473,0.7334165010187361,-0.06649455428123474,0.3599326621275395,0.7243170671992831,-0.09011679887771606,0.38330401899293065,0.7258459180593491,-0.10435237735509872,0.29234918099828067,0.8101106691691611,-0.05488232523202896,0.3293570253998041,0.7771153305139806,-0.08923335373401642,0.3629937469959259,0.7707866297827827,-0.1071583479642868,0.3890388375846669,0.7781083587970998,-0.11811349540948868,0.2828791373758577,0.8557406001620822,-0.07617733627557755,0.32364102969877423,0.8450497289498647,-0.10983739048242569,0.35405575917102394,0.8570344530873828,-0.11959601938724518,0.37562761628068986,0.8746327799227502,-0.121832937002182,0.27956678948830815,0.9079471478859583,-0.09660036116838455,0.3180652537383139,0.9058600063953135,-0.1197877749800682,0.34542249019723387,0.9127578693959448,-0.12224429100751877,0.36616896649356934,0.9222088195383549,-0.12048783898353577
126,4.203795180722891,1,Right,0.9973171949386597,0.668998011155054,1.0264644680751696,-3.4279835858797014e-07,0.6370617483276874,0.965186369087961,-0.009876176714897156,0.6229407725390047,0.8900430082447,-0.018978441134095192,0.614896391145885,0.8309261057939794,-0.030054764822125435,0.6003435291349888,0.7869646089772383,-0.04080186039209366,0.6510027388110757,0.8511453929046789,-0.020632943138480186,0.6514919376932085,0.7886429768469598,-0.05388748645782471,0.6360648613423109,0.7701855773727099,-0.07412885129451752,0.6200109572149813,0.763595829407374,-0.0844184160232544,0.671874203812331,0.8709068348010381,-0.03348429501056671,0.6743510528467596,0.8080547356771098,-0.0752638429403305,0.6446373043116183,0.8272309849659601,-0.08968615531921387,0.6233960941433907,0.8591663601497809,-0.09023334830999374,0.6885397046804428,0.9043501276108954,-0.04918273910880089,0.684747294569388,0.8623588701917065,-0.08941352367401123,0.6571950969286263,0.8878224227163527,-0.09669113159179688,0.6417907101102174,0.9160334728658199,-0.09168881177902222,0.7003652299288661,0.9485588582853476,-0.06497283279895782,0.679781231097877,0.9388628059791194,-0.09514253586530685,0.651731944270432,0.9496312282151647,-0.10194692015647888,0.6343226742465049,0.9602559742828211,-0.10044962167739868
127,4.237158634538153,0,Left,0.9918273687362671,0.2734101812238805,0.9826670247647498,3.6737560549227055e-07,0.3162067065713927,0.8911717058883772,0.01052477490156889,0.33961615478619933,0.8219945632749134,0.002835153602063656,0.3589478546055034,0.7737681324283282,-0.011058840900659561,0.37808705773204565,0.7322086920340856,-0.026582125574350357,0.30070120305754244,0.7648108293612798,-0.012677682563662529,0.3355376645922661,0.7406586584117677,-0.038270045071840286,0.3624974631238729,0.7378417334622807,-0.056768499314785004,0.3856480442918837,0.7427915745311313,-0.06876523047685623,0.28799265052657574,0.7984474688768387,-0.033716242760419846,0.3396907055284828,0.7862889193826251,-0.06019880622625351,0.3786028961185366,0.7982214800185627,-0.0747462585568428,0.407668330706656,0.8184384832779567,-0.08427253365516663,0.2797142521594651,0.8462596222758293,-0.05395897850394249,0.3302781900856644,0.8404930980669127,-0.07966450601816177,0.3587942405138165,0.8589952497018708,-0.0844833105802536,0.37812315858900547,0.8780551610721482,-0.0850997194647789,0.275041117798537,0.8980034967263539,-0.07337301224470139,0.30990846699569374,0.898411136203342,-0.09097310900688171,0.3306736304657534,0.9082466938429409,-0.09102879464626312,0.345983752515167,0.9197392336196369,-0.08846228569746017
127,4.237158634538153,1,Right,0.9915372729301453,0.6996285715140402,1.003328772054778,-6.193956210154283e-07,0.656415268778801,0.9307426485750411,-0.007843189872801304,0.6345061284955591,0.8597270859612359,-0.016682172194123268,0.6240148732904345,0.8025316504968537,-0.02711145579814911,0.6117444969713688,0.7523064245780309,-0.03768898919224739,0.6662609945051372,0.8000454326470693,-0.023328591138124466,0.6357394508086145,0.7761652482880487,-0.053518135100603104,0.6088744376320392,0.7935253711210357,-0.07546453177928925,0.5900429366156459,0.8129570939474635,-0.08839044719934464,0.683072866871953,0.8254343936840693,-0.03434725105762482,0.6463193921372294,0.8156892145673434,-0.06077715381979942,0.612041381187737,0.8370246307717429,-0.07527809590101242,0.5890886953566223,0.8620582476258278,-0.08521267026662827,0.6956796075683087,0.8669917916258176,-0.0478009469807148,0.6632196621503681,0.8611895244982507,-0.07423603534698486,0.6311862096190453,0.8752068334155613,-0.08537301421165466,0.6087341553065926,0.8932196474737591,-0.09195646643638611,0.7041892718989402,0.9210138090782696,-0.061782266944646835,0.6707213048357517,0.9276233981053035,-0.08703270554542542,0.6420045567210764,0.9336759507656097,-0.09828867018222809,0.6196860261261463,0.9404786366555425,-0.10454355925321579
128,4.270522088353414,0,Left,0.990911602973938,0.2587001300416887,0.952635508775711,1.3593282233159698e-07,0.2987424528924748,0.8615489333868027,0.006964352447539568,0.3235663776984438,0.7888195445140203,0.0016271803760901093,0.3408140373183414,0.7337896764278412,-0.007951715961098671,0.35548170425463466,0.6821183204650879,-0.017701685428619385,0.2997885776683688,0.7501758734385172,-0.007316039875149727,0.35346479958388954,0.7471126616001129,-0.029804999008774757,0.3817199680954218,0.770431003967921,-0.043586842715740204,0.40073227961547675,0.7976345976193746,-0.050108131021261215,0.28899403733666984,0.7888538459936778,-0.021536553278565407,0.35044576071668415,0.7904920727014542,-0.0380324050784111,0.377761589596048,0.8126296410957973,-0.043447915464639664,0.3934438980650157,0.8367582758267721,-0.0474301353096962,0.28119239296065646,0.8362396528323491,-0.03621374070644379,0.3383353282697499,0.8403018792470296,-0.05091326683759689,0.35263538267463446,0.8555216977993647,-0.04972744733095169,0.35677932964172215,0.8687299887339274,-0.04758129641413689,0.2776034536655061,0.883704827229182,-0.05059468373656273,0.3153178324457258,0.8877261737982433,-0.05841294676065445,0.3263269101269543,0.8893232643604279,-0.056185971945524216,0.32983332679141314,0.8900227069854736,-0.05318012833595276
128,4.270522088353414,1,Right,0.9825797080993652,0.721508705150336,0.9693170060714086,-5.29435851603921e-07,0.6818504778668284,0.882215040922165,0.00020434739417396486,0.6544356003403664,0.8128511269887289,-0.004557470325380564,0.637764266738668,0.7609760125478109,-0.010980907827615738,0.6216590297874063,0.7152714480956396,-0.01827007159590721,0.6699383361265063,0.7802639096975327,-0.011371389962732792,0.625965077849105,0.7852078080177307,-0.028930652886629105,0.5993225175887347,0.8105710397164027,-0.04132012650370598,0.5842134835198521,0.8338063408931097,-0.04847978428006172,0.6812106266152114,0.8168886204560598,-0.02032172493636608,0.6324058832135051,0.8265869687000911,-0.02869848906993866,0.608032652316615,0.8462706784407298,-0.0334671251475811,0.5963285363744945,0.8635105679432551,-0.04106101766228676,0.6885556565131992,0.8609567950169246,-0.03017525002360344,0.6460782068781554,0.8693186243375143,-0.038586895912885666,0.6245413045864552,0.8807456731796265,-0.03814347833395004,0.6127779184840619,0.8883873850107193,-0.04102165997028351,0.6929162468761205,0.9107146581013997,-0.04032031074166298,0.6560439750086516,0.9206554661194484,-0.048046957701444626,0.6331215091515332,0.9210841278235118,-0.04863948002457619,0.6146260815672576,0.9184601714213689,-0.05010834336280823
129,4.303885542168675,0,Left,0.9909973740577698,0.25577693595550954,0.9178977793289556,-6.881572200967412e-09,0.29127652756869793,0.8302753288712766,0.0063948966562747955,0.31777673051692545,0.7612876289420658,0.0002950828056782484,0.3347294603008777,0.7058781389560964,-0.010247791185975075,0.3471394081134349,0.654079638255967,-0.019659560173749924,0.30423360876739025,0.7351080208188958,-0.007076280657202005,0.3580723435152322,0.7487089144686858,-0.026379048824310303,0.3775688586756587,0.7805531577103668,-0.03634677827358246,0.3849056572653353,0.8129891888962851,-0.04030700773000717,0.29495751252397895,0.7729682398339113,-0.02059183456003666,0.36021245876327157,0.7962457031011582,-0.031722404062747955,0.3648228582460433,0.8214695139891571,-0.03169172629714012,0.3592414828017354,0.8345580554670757,-0.03365900367498398,0.2895357471425086,0.8189503813783328,-0.034533724188804626,0.35086693125776947,0.8365776757399241,-0.0419657863676548,0.3454777249135077,0.8518602880338828,-0.03304889798164368,0.3328762494493276,0.8560607112944126,-0.028538640588521957,0.2877549978438765,0.865252791179551,-0.04881172627210617,0.3342134039849043,0.8808636324273216,-0.04864656180143356,0.3300178446806967,0.8854207034740184,-0.03921087458729744,0.3169749421067536,0.8816808022558689,-0.03342960402369499
129,4.303885542168675,1,Right,0.979717493057251,0.7265849271789193,0.9394900571968821,-4.340481041253952e-07,0.69344641873613,0.8613987010386255,0.00033606146462261677,0.6641404540278018,0.7943044058150716,-0.007509264163672924,0.6418047775514424,0.7437676327923933,-0.016399165615439415,0.6280245189554989,0.6941632885071967,-0.026004061102867126,0.6691149529069662,0.7716485617061456,-0.023451823741197586,0.6125963130034506,0.7876894517905182,-0.041389089077711105,0.5971339996904135,0.8204450664420923,-0.04891803860664368,0.5978014157153666,0.8406556497845384,-0.052284810692071915,0.6793106207624078,0.8096006711324056,-0.03179812803864479,0.6190578220412135,0.8307434692151017,-0.04444010555744171,0.608853748999536,0.8523848380479547,-0.04381474852561951,0.6129130558110774,0.8608197529282835,-0.04593351110816002,0.6867551384493709,0.8546891602377097,-0.040242139250040054,0.6316714850254357,0.8690455925133493,-0.05364776402711868,0.621317932382226,0.8810778008566962,-0.04752795398235321,0.6220780266448855,0.8805552624166012,-0.04419466853141785,0.6915730354376137,0.902287879669004,-0.04819578304886818,0.6467770203016698,0.9092277670900027,-0.05994966998696327,0.6276926025748253,0.9077355215946833,-0.05926830321550369,0.6155187962576747,0.8996234429379304,-0.05809951201081276
130,4.337248995983936,0,Left,0.977803111076355,0.2601587815675884,0.8913942649960518,-2.2583903103168268e-07,0.2892251595854759,0.807497805936469,0.004959190264344215,0.31979123114142566,0.7384851967295011,-0.0002252407866762951,0.3377242543268949,0.686093923697869,-0.008382515050470829,0.3468410817440599,0.6355579638646709,-0.014854876324534416,0.3151981703704223,0.7263324223458767,-0.0149588817730546,0.3719568284694105,0.7474824107355542,-0.03246519714593887,0.36819696116726847,0.7732329972088337,-0.04003480449318886,0.3550677075982094,0.7819885227415296,-0.04392506927251816,0.3072730423416942,0.7651637179983987,-0.027809586375951767,0.36910325537901373,0.7883216424120797,-0.03779834881424904,0.3577531968476251,0.8066302611596055,-0.0357738621532917,0.3416203620843589,0.8082338280147976,-0.0372939333319664,0.3014513329137117,0.8100579832163122,-0.04064182937145233,0.3582326483679935,0.8274620784653558,-0.04745486378669739,0.344959700666368,0.8383264611164729,-0.03864871338009834,0.32999301308300344,0.8352975443005561,-0.03531309962272644,0.29753170162439346,0.8545997949937979,-0.053488001227378845,0.3391143765300512,0.8682550439404116,-0.05393650382757187,0.3299055064562708,0.870163984845082,-0.04585681110620499,0.3158166660228744,0.8638677154978116,-0.042001452296972275
130,4.337248995983936,1,Right,0.9880332946777344,0.7213675294537097,0.9101931514011489,-3.2535169225411664e-07,0.6955208664759993,0.8389776118927532,0.0017628842033445835,0.6655846648383885,0.7743836175236437,-0.006334575358778238,0.6433189581148326,0.7256754936443435,-0.015221280977129936,0.6338460865430534,0.6794282523294289,-0.024351319298148155,0.6639770867303014,0.7609644503229194,-0.026704421266913414,0.6038270966615528,0.7831374738779333,-0.044202033430337906,0.6068764940369874,0.8071037942336665,-0.050432685762643814,0.621733427932486,0.8106620974010892,-0.0523732453584671,0.6719558493234217,0.8040088378720813,-0.03504825383424759,0.606905761687085,0.8243163619604376,-0.04920144006609917,0.6120631136931479,0.8390915440188513,-0.047050025314092636,0.6286676271818579,0.837735957155625,-0.0465613529086113,0.6781196529045701,0.8495593897998333,-0.04263617470860481,0.6192310438491404,0.8633317380315728,-0.05675405636429787,0.6236203707754612,0.8743670616712835,-0.04838032275438309,0.6381612414028496,0.8708551103042231,-0.04205894097685814,0.6829309445805848,0.8943247430854373,-0.0493612065911293,0.6337295174133033,0.8997404566241636,-0.06016741320490837,0.6287005874793976,0.9007652037673526,-0.056363627314567566,0.6331562452949584,0.8947475588156117,-0.052138734608888626
131,4.3706124497991965,0,Left,0.9842278361320496,0.2629623797023669,0.8649233751826816,-2.219222352550787e-07,0.28717962126247587,0.783473895655738,0.003622874151915312,0.3205074386904016,0.719844212796953,-0.0018177235033363104,0.34026498375460507,0.6691155203514629,-0.009163182228803635,0.3464593512238935,0.621150887840324,-0.0144900968298316,0.32340884674340487,0.7162129455142551,-0.02022622898221016,0.37933794292621315,0.7423815694120195,-0.036874718964099884,0.37028595763258637,0.7621310235725509,-0.04224446043372154,0.3536002595210448,0.7634870454668998,-0.04432971775531769,0.3168371174484491,0.7561448785993788,-0.03133474662899971,0.37558363559655844,0.7822472494509485,-0.04073675349354744,0.36169398117344825,0.7954186980923017,-0.0367259718477726,0.34576375847682356,0.7928052834338613,-0.036550916731357574,0.3118201996898279,0.8001776393916872,-0.042047955095767975,0.3651670584455132,0.8202740536795722,-0.04777296632528305,0.35050501392688604,0.8274146311812931,-0.03761473670601845,0.3355690455529839,0.8216777177320587,-0.03324274346232414,0.3075913885841146,0.8421269241306517,-0.05270242691040039,0.3473259232006967,0.855338853597641,-0.051347602158784866,0.33686252527404575,0.8566811102959845,-0.0418703556060791,0.32343201045878234,0.8500446562965711,-0.03707484155893326
131,4.3706124497991965,1,Right,0.9805039763450623,0.720975352358073,0.8929083188374837,-2.983612432672089e-07,0.6993094319477677,0.8264023532470067,0.004577823914587498,0.6664306757971644,0.7623876737223731,-0.0010805909987539053,0.6430147437378764,0.7138705036706394,-0.007957248017191887,0.6358681502286345,0.6676011343797048,-0.014996377751231194,0.6588855066336692,0.7530785418219037,-0.023012416437268257,0.6030890967231244,0.7743594490819508,-0.03863910213112831,0.613818877376616,0.7941124195853869,-0.04335020110011101,0.6316333250142634,0.792901897099283,-0.044389575719833374,0.6644197082147002,0.7951385055979093,-0.032584112137556076,0.6027196519076824,0.8133146536019114,-0.04518752545118332,0.6158650838769972,0.8264389746718936,-0.04097825288772583,0.634805485419929,0.8235013274682893,-0.0384536050260067,0.6690064997412264,0.8401055415471395,-0.04118526726961136,0.6121557883918285,0.8532397255301476,-0.05340827628970146,0.6252662633545697,0.8639502487248845,-0.041969794780015945,0.6431311731226742,0.8601065857542886,-0.033702000975608826,0.6723486057016999,0.8846224856045511,-0.048884857445955276,0.6253097716718912,0.8914444910155402,-0.05845572054386139,0.6344998935237527,0.8954556948608823,-0.05123531073331833,0.6498936624266207,0.8910554205377896,-0.04450858756899834
132,4.403975903614458,0,Left,0.9723290801048279,0.27126908181235193,0.8460279206434885,-2.0120435806347814e-07,0.29097075210884216,0.7739281824893421,-0.0013657971285283566,0.32255281656980517,0.7131313855449358,-0.008713320828974247,0.3417633571662009,0.6624673595031102,-0.01674599014222622,0.3474349543219432,0.614941369328234,-0.02239839918911457,0.33096615835092963,0.7112772865427865,-0.02491089142858982,0.38358091164845975,0.7394377471672164,-0.04217201843857765,0.37207459381315855,0.7530205650462045,-0.047959621995687485,0.35526381372474136,0.7490172515312831,-0.050344694405794144,0.32670745053328576,0.7509828872150845,-0.0333404503762722,0.3806529846508056,0.7821578400002586,-0.043270569294691086,0.36508524289820343,0.7877525988552305,-0.0390271320939064,0.3490375442896038,0.7803094872170024,-0.03856993094086647,0.3227970264153555,0.7949954075945749,-0.04171190783381462,0.3714302772888914,0.8209410010112657,-0.04795296490192413,0.354925252776593,0.8216547757387161,-0.03715825825929642,0.3395688917255029,0.8128957370917003,-0.03242989629507065,0.3184018910396844,0.8365671571758059,-0.05042126402258873,0.35610177703201773,0.8544823239247005,-0.05027098208665848,0.342554965056479,0.851567104127672,-0.04101316258311272,0.3276649632724002,0.8425292452176412,-0.036334965378046036
132,4.403975903614458,1,Right,0.9869693517684937,0.7143417169805616,0.8797781229019165,-2.7356864507055434e-07,0.6950283862184733,0.8125555523567729,0.005393804516643286,0.6627900241408498,0.7507362286249797,-0.0008728942484594882,0.6408609166275709,0.7022840251525243,-0.00861445628106594,0.6360276393592358,0.6543443500995636,-0.01690070331096649,0.652970330324024,0.7452281776401731,-0.023878468200564384,0.5996507607400418,0.7687993390692605,-0.037709977477788925,0.6107523838989437,0.7853168881601758,-0.04104261472821236,0.6274175604339689,0.7824699797564083,-0.041316065937280655,0.6574838265310973,0.788642919725842,-0.03378034755587578,0.600496711442247,0.8112790341178576,-0.044177278876304626,0.6137963896151633,0.8201134168439441,-0.03925083950161934,0.6313385155517608,0.8145804084009595,-0.03676854819059372,0.6612350495066494,0.8345721042818494,-0.042385563254356384,0.6097574302460999,0.8504559397697449,-0.05149197578430176,0.6230041919276118,0.8572114777233866,-0.04003332182765007,0.6394961656071245,0.8516556988159816,-0.03272291272878647,0.6638044232968241,0.8790238244665993,-0.05007270351052284,0.6193501964677125,0.8861003359158833,-0.05682656913995743,0.6297576294280589,0.8879641263021363,-0.04854397848248482,0.6448406836949289,0.883260331551234,-0.0417448990046978
133,4.437339357429719,0,Left,0.979159951210022,0.27767218463122845,0.8311013880703184,-1.6880707676136808e-07,0.2963256516493857,0.7682200858990351,-0.004069371614605188,0.3278268147725612,0.7083036182655229,-0.012928028590977192,0.3455126095097512,0.6605543403161896,-0.021591883152723312,0.3505117877852172,0.6154491807023684,-0.02793334797024727,0.33961577592417597,0.7091568460067114,-0.030229507014155388,0.38962628720328213,0.74231728894843,-0.04811502620577812,0.37805074523203075,0.7554022441307704,-0.05444645136594772,0.36155576454475524,0.7488395475678974,-0.05734097212553024,0.33473216984421017,0.7495681166648864,-0.03773464262485504,0.38673010244965556,0.7840889126062394,-0.04880073666572571,0.3716147738043219,0.791233478155401,-0.044597238302230835,0.3551008734852076,0.7830067795183924,-0.043619513511657715,0.3297327526845038,0.7943829206956757,-0.04515192657709122,0.37691692896187307,0.8235773147808181,-0.052434228360652924,0.3608574103564024,0.8254733526044422,-0.04123767465353012,0.3450149897485971,0.8153733437259992,-0.03591504693031311,0.324455369822681,0.8375374105241563,-0.0529484823346138,0.3605990331619978,0.8574349799089962,-0.054349303245544434,0.34692405704408885,0.8556741068760554,-0.0450461320579052,0.3317284394055605,0.8460042496522268,-0.04008857533335686
133,4.437339357429719,1,Right,0.9806442260742188,0.7064449821598828,0.8678917260633574,-2.448919076414313e-07,0.6866266678087414,0.8005108343230354,0.005411125719547272,0.6559159487485886,0.7411202314827178,-0.001614828477613628,0.6361077630892396,0.6944856342342165,-0.010037499479949474,0.6351973752491176,0.6469400039977498,-0.01941940002143383,0.6451495793648064,0.7443222476376428,-0.02632470801472664,0.5939010266214609,0.7699953673614396,-0.03990103304386139,0.605053767375648,0.7850856242908372,-0.04333985969424248,0.6215952110476792,0.7813533264729712,-0.04392969608306885,0.6492098947986961,0.7885497795210944,-0.03645660728216171,0.593861754052341,0.8114465321103732,-0.04696891829371452,0.6077750410884619,0.8189143439133962,-0.042174603790044785,0.6254836731590331,0.8145334523585107,-0.03972112759947777,0.6536221344955265,0.8341006570392184,-0.04497417435050011,0.6032293606549501,0.8503056375516785,-0.05397268384695053,0.6176615998148918,0.854489270846049,-0.04244652017951012,0.6344408766366542,0.8493792098429468,-0.03504161536693573,0.6578183750621974,0.8780588885148366,-0.0524916835129261,0.6127539142034948,0.8867343068122864,-0.05913906916975975,0.6239241890609264,0.8853600170877245,-0.050442758947610855,0.6396155392751097,0.8787701331906849,-0.043448466807603836
134,4.47070281124498,0,Left,0.9897025227546692,0.2828452805057168,0.8338517958919207,-1.675247318644324e-07,0.3015250084921718,0.7704786998530229,-0.0047422791831195354,0.33208003398030994,0.7096946756045024,-0.014477625489234924,0.34888328267261387,0.6607708429296811,-0.02383514679968357,0.35097165843471884,0.6150636290510495,-0.03084220550954342,0.3447872638702393,0.7160592551032702,-0.030022116377949715,0.3945776442065835,0.7507800998787085,-0.047650329768657684,0.3822233596816659,0.7633034564554692,-0.0539347305893898,0.3652574487961829,0.7562574518223604,-0.05655120685696602,0.3410031897947192,0.7575462733705839,-0.03709828108549118,0.39123593661934136,0.7928806155920028,-0.04816070571541786,0.37518331315368414,0.7994599342346191,-0.04410603642463684,0.35755253611132504,0.7900631847480933,-0.042601488530635834,0.33664410151541235,0.8033732737104098,-0.04403053596615791,0.3819245552644134,0.8321742698550224,-0.05094597861170769,0.36624845312908294,0.8344471191366514,-0.039181794971227646,0.3497314908541739,0.8246648445725441,-0.03305783495306969,0.33157352171838284,0.8470026135444642,-0.051338180899620056,0.36647207774221896,0.8659803465008735,-0.052125487476587296,0.35249212868511676,0.8651662454009056,-0.04145808145403862,0.3369519294239581,0.8565040687719981,-0.03518838435411453
134,4.47070281124498,1,Right,0.9819795489311218,0.6979647025465965,0.8636378509302934,-1.9139883988827933e-07,0.6787277201190591,0.7964223506549994,0.004661638755351305,0.6515269441530108,0.7367256420354048,-0.003644671058282256,0.6345332447439432,0.6899846899012725,-0.012638158164918423,0.6354505771771073,0.6443202262123425,-0.022549858316779137,0.6394845325499773,0.748120995114247,-0.031258706003427505,0.5898959241807461,0.7753556157151859,-0.043015219271183014,0.6017258888110518,0.784924611945947,-0.04416361451148987,0.6178621411323547,0.780141531676054,-0.04335619881749153,0.64300053473562,0.7930839690069358,-0.04062158241868019,0.5889361310750246,0.8132564301292101,-0.04996676370501518,0.6035775953903795,0.8169439025223255,-0.04381706193089485,0.6212915943935513,0.813643974562486,-0.040526386350393295,0.646992651745677,0.8376480986674627,-0.04775840789079666,0.5980263052508235,0.8512643992900848,-0.0548417866230011,0.6124306216835975,0.8515284622708956,-0.042112670838832855,0.6287894694134593,0.8479343958199024,-0.034302372485399246,0.6508695935830474,0.8811519376933574,-0.05391167849302292,0.6085464514791965,0.8890229565401871,-0.058762650936841965,0.6198608564212919,0.88340493713816,-0.04884684830904007,0.634813379868865,0.8768871014316877,-0.04138405621051788
135,4.504066265060241,0,Left,0.9886571168899536,0.2870734611526132,0.8423027008771896,-1.7546817332458886e-07,0.3047390865162015,0.7803415144483249,-0.0055726999416947365,0.3347231430001557,0.7203927151858807,-0.01621886156499386,0.3501548821106553,0.6721687386433284,-0.026356901973485947,0.3526289640925825,0.6266048974874947,-0.03419531136751175,0.3495446614921093,0.7314696826868587,-0.03218090161681175,0.3991043400019407,0.7662398672766155,-0.050114355981349945,0.3862544811330736,0.7775577956603633,-0.056800276041030884,0.36869627702981234,0.7703644499182701,-0.05977949872612953,0.346521220728755,0.7741667955285974,-0.03926916420459747,0.39548580572009084,0.8078733710779085,-0.050292856991291046,0.378939279448241,0.8128984968695375,-0.04636693373322487,0.36103468360379337,0.8036275804042816,-0.04505646601319313,0.34207357056438925,0.8206663395795557,-0.046184271574020386,0.38633586587384344,0.8475111794968446,-0.052765924483537674,0.3696521118283272,0.8491425231926971,-0.04028788581490517,0.3528341460041702,0.8399827140900824,-0.033935148268938065,0.33672251207754017,0.8651440377864573,-0.05359724909067154,0.3696228236891329,0.882463860925701,-0.05502974987030029,0.3549642867408693,0.880512291772498,-0.04422594979405403,0.3396311329677701,0.871563697937462,-0.03788703680038452
135,4.504066265060241,1,Right,0.9644149541854858,0.6891798198223114,0.8577085327770975,-1.6655182832892024e-07,0.6703272590413689,0.795306041257249,0.001233916962519288,0.6440457841381431,0.7390245125525527,-0.009097683243453503,0.6309721525758505,0.6907111707660887,-0.01982499100267887,0.6337118070572615,0.6443525224924087,-0.03162718564271927,0.633560536056757,0.7566444882088237,-0.03631768748164177,0.5839726768434048,0.7851228545937273,-0.05008363723754883,0.5964609697461128,0.7930289823147986,-0.0525837317109108,0.6131210435181856,0.7870189984639485,-0.052744075655937195,0.6371885895729065,0.8013170094953643,-0.04476218298077583,0.5850837882608175,0.8245779093768861,-0.05509388819336891,0.5994059946388006,0.8258467417624261,-0.049838364124298096,0.6165552251040936,0.8203269827697012,-0.04751579463481903,0.6412803523242474,0.8460569827093019,-0.05131074786186218,0.5936320135369897,0.8613651890721586,-0.05995955318212509,0.6081035116687417,0.8595832341247135,-0.0484180711209774,0.6245734835043549,0.8538224714497725,-0.04143966734409332,0.6452752262353897,0.8888533046676053,-0.05712444335222244,0.605285394191742,0.89879724242621,-0.06414832919836044,0.6168102180585265,0.8928418706688616,-0.05556552857160568,0.6317894872277975,0.8860085538691944,-0.048970818519592285
136,4.537429718875502,0,Left,0.9940854907035828,0.28967997736763207,0.8613755465381675,-2.028592120950634e-07,0.3075740551343188,0.8009164494772752,-0.006891253869980574,0.3363741603679955,0.7360506786240472,-0.018890010192990303,0.3509794773068279,0.6857639399667581,-0.03001675009727478,0.35374537885654717,0.6390891749825742,-0.03843364119529724,0.3515346762724221,0.7500585094094276,-0.03581896796822548,0.40015875815879554,0.7829586149917709,-0.05509692430496216,0.3870910754892975,0.7976275260249773,-0.062273938208818436,0.3688037718413398,0.7922304730448458,-0.06516952067613602,0.3482489136746153,0.7935499371753798,-0.042248327285051346,0.39619102410506457,0.8272431164979934,-0.053917691111564636,0.38108218761626633,0.8349662337866094,-0.04970179870724678,0.3625511805061251,0.8265774995088577,-0.04823079705238342,0.3436401076847687,0.840470456580321,-0.048511236906051636,0.3866446825210005,0.8681742813852098,-0.055066294968128204,0.3711125920759514,0.8718904289106528,-0.04145760461688042,0.3532321551116183,0.8636467419564724,-0.034425608813762665,0.3381965349428356,0.8856605515711837,-0.05539489910006523,0.370901388511993,0.9026366951564948,-0.056420888751745224,0.3575856309151277,0.9023863611949815,-0.04463353753089905,0.3422902404330671,0.894415178315507,-0.037669144570827484
136,4.537429718875502,1,Right,0.9799340963363647,0.6793852728325873,0.868311496410105,-1.407171623668546e-07,0.6627450960688293,0.8069183442327711,-0.00025257287779822946,0.6386778686195612,0.749460087551011,-0.011667842976748943,0.6285608334001154,0.699028900762399,-0.023027099668979645,0.6335187615361064,0.6517174512147903,-0.03581159561872482,0.6288261424284428,0.768230683522092,-0.04187814146280289,0.5829492860939354,0.796907168544001,-0.05384041741490364,0.5932347257155925,0.8058437357346216,-0.05424164980649948,0.6082345273345708,0.8009321140746276,-0.05359836295247078,0.6320970969740302,0.8141627497143216,-0.049794938415288925,0.5818922612350435,0.8364555689195792,-0.05975150316953659,0.5951093290001154,0.8396607766548793,-0.053673628717660904,0.6122973808087409,0.8355734723309676,-0.05084666982293129,0.635722071537748,0.8598825306528144,-0.05528731644153595,0.590210541523993,0.8746771864593029,-0.06291978061199188,0.6028512625023723,0.8733034954302841,-0.05100317299365997,0.6188134730793535,0.8684072815709644,-0.04415486380457878,0.6391178073827177,0.9040465517176522,-0.06011372059583664,0.6010073739103973,0.9122094333171844,-0.06613532453775406,0.6109493216499686,0.9060872293180889,-0.05714170262217522,0.6252832415513694,0.899370669407977,-0.050766561180353165
137,4.570793172690763,0,Left,0.994843065738678,0.2918978329049423,0.8842274655898412,-2.4328471681656083e-07,0.30927858538925646,0.822897274295489,-0.007926843129098415,0.3371752880513668,0.7574338187774022,-0.02123863250017166,0.3515541726956144,0.7062434951464335,-0.0334937609732151,0.35437629260122777,0.6584992955128351,-0.04325520992279053,0.35385952005162835,0.7765626817941665,-0.037809818983078,0.4014681744389236,0.8075063327948252,-0.05769914761185646,0.388038783124648,0.8184579024712245,-0.06558570265769958,0.37006980082951485,0.8109853913386663,-0.06915273517370224,0.3509499235544354,0.8225751906633377,-0.0439259372651577,0.3987772804684937,0.8505638311306636,-0.0561397485435009,0.3834576302673668,0.8560866256554921,-0.05211227014660835,0.36492423724848777,0.8483289808034897,-0.05081209912896156,0.3469613533467054,0.8707260529200236,-0.04981404170393944,0.39089800158981236,0.891065506140391,-0.057182516902685165,0.3752521757269278,0.8945436676343282,-0.043089743703603745,0.3568241567583755,0.8882066508134207,-0.03556574136018753,0.3420732038328424,0.9170149385929107,-0.05629594251513481,0.374867468746379,0.9281455338001251,-0.05856475606560707,0.360894591268152,0.9279849191506704,-0.0467250794172287,0.345310588972643,0.9211459815502167,-0.0394805371761322
137,4.570793172690763,1,Right,0.9804388880729675,0.6785577797330916,0.8925447841485341,-1.5427211508267646e-07,0.6608630262780935,0.8267826110124588,0.0014041303656995296,0.6364429823122919,0.7669446835915248,-0.009304435923695564,0.6268982012756169,0.7147289892037709,-0.020515622571110725,0.6319198304787278,0.6652967979510626,-0.03318260982632637,0.623944059992209,0.7854077219963074,-0.03799682483077049,0.5792490235064178,0.813592004776001,-0.04923876374959946,0.5894005504902452,0.8240710427363713,-0.049623701721429825,0.6040155711118131,0.8183703333139419,-0.049373991787433624,0.6270260907709598,0.8311720470587413,-0.047175332903862,0.579036772903055,0.8539512197176615,-0.05664268136024475,0.592045485554263,0.8593788415193557,-0.05130565166473389,0.6088206631597132,0.854394276936849,-0.049079276621341705,0.6308013939764351,0.8778134306271871,-0.053900256752967834,0.5880133427679539,0.8925113797187805,-0.06164972856640816,0.6007218200247735,0.8926671246687571,-0.050083644688129425,0.6162096621468663,0.887040443221728,-0.043345313519239426,0.6347718015778809,0.922989547252655,-0.059776704758405685,0.598386179562658,0.930114088455836,-0.06567882001399994,0.6081886840052902,0.9258895814418793,-0.05621175840497017,0.6216257866937667,0.919620868563652,-0.04928765073418617
138,4.6041566265060245,0,Left,0.9967196583747864,0.2920157850254327,0.9081090713540713,-2.494539899089432e-07,0.31111187315545974,0.8463089631663429,-0.00596557417884469,0.3405563866253942,0.7830604542460706,-0.018673667684197426,0.35464796277228744,0.731373954564333,-0.030446548014879227,0.3558442124631256,0.6832268341547914,-0.039854153990745544,0.35559989996254443,0.8014917191531923,-0.03637804836034775,0.4030843817163259,0.8303261192308532,-0.05430429056286812,0.3902256015688181,0.8430407779912154,-0.06087518855929375,0.37299483017995955,0.8363186092012458,-0.06359245628118515,0.35372397024184465,0.8493615914550092,-0.04276401549577713,0.4001870383042842,0.873675734632545,-0.05095726251602173,0.3858530112076551,0.8815292786392901,-0.045484691858291626,0.36831709526013584,0.8748456935087839,-0.04393840953707695,0.35043097238522025,0.8990069942341911,-0.048564668744802475,0.3931386718759313,0.9159827385511663,-0.052296508103609085,0.3787713294383138,0.9204074529310068,-0.03740965574979782,0.36106740317773073,0.9144180752336979,-0.03028182126581669,0.3456287061329931,0.9454427481525474,-0.05474790185689926,0.3765748920151964,0.952692724350426,-0.054253965616226196,0.3633243517018855,0.9536704897052712,-0.04097626730799675,0.3487181744305417,0.9488785697354211,-0.033183030784130096
138,4.6041566265060245,1,Right,0.9809783697128296,0.6761730348225683,0.9118568450212479,-1.5454891411081917e-07,0.65851517659612,0.8452758164041572,0.0013740677386522293,0.6340777213685215,0.7857596903211541,-0.009347855113446712,0.6245649825781584,0.732540843801366,-0.0205864105373621,0.6301311051938683,0.6828744225203991,-0.03342915698885918,0.6194950595498085,0.8063899253805479,-0.038119398057460785,0.5751989650540054,0.8310170438554552,-0.04944458603858948,0.584796222532168,0.8414649872316254,-0.05025247111916542,0.5999063665512949,0.8382966079645686,-0.050203837454319,0.6220246289856732,0.8524251340164078,-0.04723387211561203,0.5759435853920877,0.8737660758197308,-0.0555332750082016,0.5883234548382461,0.8784096725285053,-0.050050534307956696,0.6046397982165217,0.8735558908018801,-0.04832122102379799,0.6256723699625582,0.8991308456493748,-0.053956229239702225,0.5845442926511168,0.9115676167938445,-0.061285290867090225,0.5968099013902247,0.9120856184098456,-0.049884844571352005,0.6120878845453263,0.9074456455806891,-0.04361047223210335,0.6297661556396633,0.9444003072049882,-0.05979738384485245,0.5940192440990358,0.9485594551596377,-0.06554926186800003,0.604423601552844,0.945277627143595,-0.05563917011022568,0.6183156921993941,0.9403628789716296,-0.04847013205289841
139,4.637520080321285,0,Left,0.9952867031097412,0.29366204934194684,0.9237337480816576,-2.461111421325768e-07,0.3128338345559314,0.8619274153477616,-0.0036220927722752094,0.3407594358781353,0.8019776600930426,-0.015521922148764133,0.3548727066256106,0.7522776433163219,-0.02678580954670906,0.35572581400629133,0.7061492370234596,-0.035821445286273956,0.35816602006088943,0.8237260112331973,-0.03466051071882248,0.40469200699590147,0.8492533014052444,-0.05034369230270386,0.39240024141035973,0.8598968063791593,-0.055236462503671646,0.375270021520555,0.8544293099807369,-0.05684741213917732,0.3569427358917892,0.8722063153982162,-0.04151488468050957,0.4008665072498843,0.8916040050486723,-0.0470663458108902,0.38700182298198343,0.8978572011821799,-0.04065825045108795,0.3699204429751262,0.8929199849565824,-0.03892930969595909,0.35389649113640187,0.9215271464652486,-0.047344014048576355,0.3946160834049806,0.9347255292038122,-0.048860106617212296,0.38033342205453663,0.9372280099325709,-0.033457882702350616,0.36256813814397904,0.9318415179020829,-0.02646316960453987,0.34927019611932336,0.9672640032238431,-0.05334370583295822,0.3786183707881719,0.9722766387793753,-0.051804110407829285,0.3656035919673741,0.97164037078619,-0.03805333375930786,0.3509922542143613,0.9672553059127595,-0.02994878590106964
139,4.637520080321285,1,Right,0.9829436540603638,0.6765291817020624,0.9275649562478065,-1.3241123042462277e-07,0.658100099535659,0.861578755494621,-0.00013803118781652302,0.6329742772504687,0.8010052666068077,-0.012263268232345581,0.6227292957250029,0.7468189721306165,-0.024687258526682854,0.6286097506992518,0.696272161271837,-0.03859109431505203,0.6169644846115261,0.8222810212108824,-0.04008287563920021,0.5734856780618429,0.843887614707152,-0.05170741304755211,0.5828748700674623,0.85576016911202,-0.052386946976184845,0.5981861837673932,0.8537405170500278,-0.052148811519145966,0.6189390380401164,0.869711636669106,-0.04877784475684166,0.5736308046616614,0.8876339809762107,-0.05777168273925781,0.5858465970959514,0.8928981990449958,-0.05213659629225731,0.6023676179349422,0.8881705709629588,-0.049959246069192886,0.6220274901017546,0.917203389108181,-0.05507813021540642,0.5809801154769957,0.9265447701844904,-0.06259561330080032,0.5931371503509582,0.9277736064460542,-0.05086902901530266,0.608891911059618,0.923975737972392,-0.04419342055916786,0.6255136888474226,0.9632877972390916,-0.06062508001923561,0.5910155574791134,0.9646155014634132,-0.06588704884052277,0.6014559817034751,0.9622802308036221,-0.0553537979722023,0.6152861724141985,0.9587441343400214,-0.04766634851694107
140,4.6708835341365464,0,Left,0.9924413561820984,0.29501413870602844,0.9304213878181246,-2.2522075937558839e-07,0.31478055608458816,0.8707836046814919,-0.003998729400336742,0.3423468288965523,0.812609877023432,-0.01615375466644764,0.3555441957898438,0.764578713145521,-0.02755354903638363,0.3575691148173064,0.7212555299202601,-0.03678875416517258,0.3622692967765033,0.8393672386805217,-0.036790840327739716,0.40807939078658817,0.8601484268903732,-0.051914144307374954,0.3957378681749105,0.8711327364047369,-0.055828168988227844,0.3790273011662066,0.8673655604322751,-0.056595269590616226,0.3600988004356623,0.8866482267777125,-0.04313388466835022,0.4041211417876184,0.9039532884955406,-0.04940923675894737,0.38990762922912836,0.9084533219536145,-0.04300830885767937,0.3728678550105542,0.902901127603319,-0.0408172644674778,0.35602197851985695,0.9338043699661891,-0.048278264701366425,0.39658736693672836,0.945361800160673,-0.05043453350663185,0.3827880586963147,0.9458840297328102,-0.0355154350399971,0.36599783385172485,0.940411065518856,-0.028385978192090988,0.35056875380687413,0.9770649605327182,-0.05339549481868744,0.3808732518926263,0.978893381026056,-0.05173538997769356,0.36934586563147603,0.9778707080417209,-0.03757704421877861,0.35624748063273726,0.975157863067256,-0.029004031792283058
140,4.6708835341365464,1,Right,0.9810114502906799,0.6773390171118081,0.9354586713843875,-1.1116706133407206e-07,0.6592792159877717,0.8680551009045707,-0.0001669222256168723,0.6332003206945955,0.8095423686835501,-0.012287139892578125,0.6215806677006185,0.7562504428956244,-0.024734357371926308,0.627442079782486,0.7075636943181356,-0.038773082196712494,0.6147480009123683,0.8310121612416373,-0.041364677250385284,0.5711600709706545,0.8497998732659552,-0.05439213663339615,0.582609483320266,0.8575174927711486,-0.05657069757580757,0.5991979863494634,0.853936009771294,-0.05707899481058121,0.6165114804171026,0.8798741777737935,-0.0498792827129364,0.5718476049602031,0.8923207556207975,-0.05896211043000221,0.5850102255120874,0.8948057394888665,-0.05358579754829407,0.6014361271634698,0.8918222695589065,-0.05178293585777283,0.6201198838651181,0.9272578842110104,-0.05598757788538933,0.5802437749691307,0.9323350807030996,-0.0628490000963211,0.592771720327437,0.9314655065536499,-0.05074107646942139,0.6086371626704932,0.9292354462875261,-0.04397111386060715,0.6245897583663463,0.9719403195712302,-0.06144864484667778,0.5903540567494929,0.9701338128911124,-0.06528692692518234,0.601033669244498,0.9675221969683965,-0.05366261303424835,0.6148476399481296,0.966424548957083,-0.045435432344675064
141,4.704246987951807,0,Left,0.9942025542259216,0.2952112761791795,0.9323101457622316,-2.1612466127862717e-07,0.3146396444644779,0.8723496976825926,-0.0049168383702635765,0.3432033392135054,0.8164144554071956,-0.017477139830589294,0.356047746213153,0.7689540293481615,-0.029100369662046432,0.3569616324733943,0.7244722649455071,-0.03826579079031944,0.36285799981560557,0.8410874942938487,-0.037812694907188416,0.4105157127138227,0.86250026838647,-0.051769983023405075,0.39539954219944773,0.8716394773787922,-0.05389317125082016,0.3776975291548297,0.865707642171118,-0.053565382957458496,0.361095008533448,0.8896952680415577,-0.04365978017449379,0.4062722846167162,0.9049140921897358,-0.04862387105822563,0.39125471480656415,0.9080446186992858,-0.04104510694742203,0.373669579369016,0.9026135247614648,-0.03817891329526901,0.35734131508506833,0.9365199807617399,-0.048378899693489075,0.3982883002376184,0.9443252129687203,-0.04914696887135506,0.38383745832834393,0.94568599694305,-0.03340110555291176,0.3663996482966468,0.9420016679498885,-0.026070188730955124,0.3525599416112527,0.9783474930458599,-0.053289372473955154,0.3822666315129027,0.976914372212357,-0.05120065063238144,0.37035021421033887,0.9766091532177396,-0.037025585770606995,0.35683246061671525,0.97560060719649,-0.028629638254642487
141,4.704246987951807,1,Right,0.9840025305747986,0.6775778582319617,0.931834594739808,-1.045897022322606e-07,0.6587934372480959,0.8652869820594787,-0.0010833184933289886,0.6317990890704095,0.808303621245755,-0.01275686640292406,0.6196767122484743,0.7562875048981772,-0.024640711024403572,0.6255093674175441,0.7098866436216567,-0.037889447063207626,0.6137452507857233,0.8295224900046985,-0.03924942389130592,0.5697495178785175,0.8507568473617236,-0.05275110527873039,0.5815126887988299,0.858200139966276,-0.05594514310359955,0.5974902380257845,0.8539255422022608,-0.05699995905160904,0.6160139715764672,0.8778266191482544,-0.04705530032515526,0.5701322432141751,0.8915873024198744,-0.05707583576440811,0.58419711147435,0.893685709602303,-0.0523429773747921,0.6010242796968669,0.890777938067913,-0.050287388265132904,0.619697394547984,0.9244833827018738,-0.052749671041965485,0.579446884803474,0.9314007437891431,-0.060018934309482574,0.5928628304973245,0.9291370681590504,-0.04795992746949196,0.6088220822624862,0.926427286863327,-0.04070219770073891,0.6239840581081808,0.9685599755909707,-0.05800127238035202,0.59021500274539,0.9686128666003545,-0.06191059574484825,0.6012819655239582,0.9646234462658564,-0.050404783338308334,0.6148912475444377,0.9627738353278902,-0.04201624169945717
142,4.737610441767068,0,Left,0.9922822117805481,0.29634822960942986,0.9293530149592294,-2.1131852179223642e-07,0.31607943153940143,0.8695491974552473,-0.00486459257081151,0.3447661799611524,0.8127929743793275,-0.017105108126997948,0.3579352666856721,0.7650561364160644,-0.028553832322359085,0.3590938069624826,0.7211411951316727,-0.03767386078834534,0.364552109898068,0.8373866554763582,-0.03661870211362839,0.4117107171798125,0.8587613037890858,-0.05052460357546806,0.39690898042172196,0.8675580615798633,-0.05263761803507805,0.37933269892819227,0.862113393843174,-0.05226165056228638,0.3626044537173584,0.8854847096734577,-0.04250640422105789,0.40750754429027436,0.9005394142534998,-0.0477055162191391,0.3926334426505491,0.9039688196447161,-0.0405229777097702,0.37505040792748334,0.9000434812572268,-0.03773044794797897,0.35880304635502397,0.9326834039555656,-0.047319136559963226,0.3991409744136035,0.9410770752363735,-0.04848209023475647,0.3843618103768677,0.9429381324185265,-0.03320029377937317,0.3668437057873234,0.940057082970937,-0.025966208428144455,0.35387961158994585,0.975680475599236,-0.052354998886585236,0.3839586198562756,0.9756747312015958,-0.05063852667808533,0.3710221787914634,0.9750832284490267,-0.03670184314250946,0.3568247631425038,0.9738798409700393,-0.028373967856168747
142,4.737610441767068,1,Right,0.9876556396484375,0.6774169876240194,0.9258043814036582,-9.326905825446374e-08,0.6579167998395861,0.8592995325724284,-8.932274067774415e-05,0.6310154855251312,0.8020455893543031,-0.01110897958278656,0.6194639934692532,0.7501049586468272,-0.02244502305984497,0.6244755093473942,0.7035851670636071,-0.035200927406549454,0.6119261088781058,0.8241526270906131,-0.03733014687895775,0.5693331391084939,0.8456561201148562,-0.048462945967912674,0.5802857622038573,0.8548214980297618,-0.04993410408496857,0.5954937459900975,0.851207846403122,-0.05002114176750183,0.6140797075815498,0.8714396148920059,-0.044697217643260956,0.571184473996982,0.885935708714856,-0.05215543508529663,0.5842598415911198,0.8893967295686404,-0.046453312039375305,0.6000416227150709,0.886041192875968,-0.04411321133375168,0.6175105547066778,0.9172140815191798,-0.0497911162674427,0.5797025062143802,0.9244485759072834,-0.05456395074725151,0.5919719058088958,0.9239759183592267,-0.04234682768583298,0.6069829100742936,0.9212233732144038,-0.03550007939338684,0.6215759575832636,0.9606172608004676,-0.054374873638153076,0.5891020930372178,0.9605155211355951,-0.056108664721250534,0.599733328493312,0.9576630234718323,-0.0440841019153595,0.6127455833368003,0.9560282104545169,-0.03557441383600235
143,4.770973895582329,0,Left,0.9930425882339478,0.29592211125418544,0.9254504438075755,-2.020756539877766e-07,0.31636825688183307,0.862856961786747,-0.005146990530192852,0.3456010120920837,0.8045014577607313,-0.017352765426039696,0.3588340938091278,0.754863856981198,-0.028990572318434715,0.35977957947179673,0.7095870197647147,-0.03826358914375305,0.36566792502999307,0.82917577193843,-0.03385259583592415,0.4113653187640011,0.8500470163093673,-0.047354068607091904,0.3971187968738377,0.8585760941108068,-0.04989313334226608,0.38004609839990733,0.8534604977402422,-0.050079960376024246,0.363744783308357,0.8774444841676288,-0.04008774086833,0.4069977253675461,0.8912566242118677,-0.04574909433722496,0.3921543792821467,0.8950406366752254,-0.039851605892181396,0.3746759267523885,0.8918524326549636,-0.03782619908452034,0.3598982298746705,0.9249739675886102,-0.04539448767900467,0.3990774527192116,0.9331589047279623,-0.047514379024505615,0.38412743965163826,0.9354858617815707,-0.0333290696144104,0.3663694224320352,0.9332923487656646,-0.02657960169017315,0.35481642875820396,0.9682701627413431,-0.050961825996637344,0.3841178653761744,0.9693797520465322,-0.05013906955718994,0.3704343358054757,0.9691321771177981,-0.0368780717253685,0.3557234096340835,0.9688086286187172,-0.028815774247050285
143,4.770973895582329,1,Right,0.9869362711906433,0.6744042484089732,0.9170391207767857,-9.418948820894002e-08,0.655789447762072,0.8502138426734341,0.00048261144547723234,0.6294081443920732,0.7932158013184866,-0.010367779061198235,0.6176362300291658,0.7426824627651109,-0.02139931730926037,0.6221091404557229,0.696632886512412,-0.03385365754365921,0.6104332596063614,0.8167630036671957,-0.03766453266143799,0.5686158981174231,0.8393794231944613,-0.0483039952814579,0.5793471032753587,0.8476330435110463,-0.049356475472450256,0.5940592547878623,0.8432395371297995,-0.049167387187480927,0.6132308587431907,0.864118029259973,-0.04506884887814522,0.5703404722735286,0.8782662095295058,-0.052043359726667404,0.5832216734066605,0.8812241906093227,-0.046070896089076996,0.5989813046529889,0.8775485960973634,-0.04354728013277054,0.6171013582497835,0.909190991272529,-0.04998626187443733,0.5795167818665504,0.9162623315221734,-0.05436740443110466,0.5915608881041408,0.9159411278863748,-0.042001377791166306,0.6063889693468809,0.9123786410523785,-0.03509628400206566,0.6215439882129431,0.95157430983252,-0.05429511144757271,0.5889858026057482,0.951945991979705,-0.055844709277153015,0.5996151590719819,0.9495843735833963,-0.04373564198613167,0.6127111064270139,0.9472419404321246,-0.03520955517888069
144,4.80433734939759,0,Left,0.9915405511856079,0.2958211010787636,0.9230958173672358,-2.021131280116606e-07,0.3157294004224241,0.8586807602809535,-0.004540202673524618,0.3454043343197554,0.7986630039910475,-0.016234533861279488,0.3594612252898514,0.7491157870325778,-0.027524221688508987,0.3606732731685042,0.7041583201951451,-0.036361049860715866,0.3652111871168017,0.8196581850449244,-0.03264077007770538,0.41127814338542523,0.841704461723566,-0.045855291187763214,0.39721431089565157,0.8510494666794935,-0.04817382991313934,0.38033362226560713,0.8456767453915544,-0.04829735681414604,0.3633903554175049,0.8673928653200468,-0.0392327643930912,0.4069439797662199,0.8825311321351264,-0.044650327414274216,0.3920462449546903,0.8876694949964682,-0.03848704695701599,0.3746414297726005,0.8847808366020521,-0.03632340952754021,0.35983742638491095,0.9154792750875155,-0.044930778443813324,0.3993540552444756,0.9247261368566089,-0.04696177691221237,0.38439729660749433,0.9283573921355937,-0.03252765163779259,0.36665575499646363,0.926515949683057,-0.02559511736035347,0.35508570526726546,0.9602863722377353,-0.05084982514381409,0.385296390671283,0.9617686669031779,-0.04952002689242363,0.3715681555680931,0.9623230778508716,-0.03585447371006012,0.35657455669716,0.9617153745558527,-0.02757006138563156
144,4.80433734939759,1,Right,0.9839932322502136,0.6737008521333336,0.9120110517574681,-1.1552805290193646e-07,0.6552960399538279,0.8444249721037017,0.0009282786631956697,0.6288025174289942,0.7871183467408022,-0.009161348454654217,0.6168152238242328,0.7357927854690287,-0.019598552957177162,0.6213035435415805,0.6891381918556161,-0.031719837337732315,0.610182476323098,0.8112903059356742,-0.035986483097076416,0.568437640555203,0.8347331831852595,-0.04532761871814728,0.5780569978058339,0.8448738642036915,-0.04555504396557808,0.5922810079529881,0.8419290569921335,-0.04514755681157112,0.6131869416683913,0.8571755712231001,-0.04357990622520447,0.5703918874263764,0.8733125366270542,-0.04994908347725868,0.582930613681674,0.8766691444648637,-0.04415436089038849,0.598550998326391,0.8732109400961134,-0.04195372387766838,0.6174145362339913,0.9017502284712262,-0.048638492822647095,0.5791990032419563,0.911364977972375,-0.05282365530729294,0.591423604823649,0.9103890885081556,-0.04103022813796997,0.6064386973157525,0.9068414382636547,-0.034690361469984055,0.6223648433573544,0.9441302642226219,-0.05305076763033867,0.5893549483269453,0.9476042431261804,-0.055313486605882645,0.5997901014052331,0.9435543658004867,-0.0441487580537796,0.6130646287463606,0.9399320210019747,-0.036344170570373535
145,4.837700803212852,0,Left,0.9911970496177673,0.29464937760494647,0.9177864500217967,-2.1786787840483157e-07,0.3146741400938481,0.8531379298203521,-0.003539768513292074,0.344488249765709,0.7934250910249021,-0.014163512736558914,0.35945293223485353,0.7453794818785455,-0.024656057357788086,0.3614724825602025,0.7007346066335837,-0.03260166198015213,0.3648894399870187,0.8120013537506262,-0.02866462990641594,0.4106838771607727,0.8352129848466979,-0.04238026589155197,0.39648458794690666,0.844990766296784,-0.046105433255434036,0.37972679142840204,0.839769821614027,-0.04733918979763985,0.36348711857572197,0.858916312456131,-0.035851240158081055,0.40695763323456047,0.8752549361023638,-0.041265182197093964,0.39188372287899254,0.8810316133830283,-0.03556510806083679,0.37471348135732113,0.8787573944363329,-0.033741869032382965,0.36013604230247437,0.9068186291389995,-0.04243790730834007,0.39944254043512045,0.917765644689401,-0.044755928218364716,0.38399354643188416,0.9215783923864365,-0.030515355989336967,0.3664059665985405,0.9198743162883652,-0.02364322915673256,0.3552176162134856,0.9523333207600646,-0.04926377162337303,0.38408475518226626,0.9551590089168813,-0.04829346761107445,0.369478691322729,0.9556376168297397,-0.03506237268447876,0.35447839060798286,0.9544759289258056,-0.0269897673279047
145,4.837700803212852,1,Right,0.9853450655937195,0.6741890232078731,0.9103181031015184,-1.4213654253580899e-07,0.6555735335685313,0.8416668160094155,0.0022004307247698307,0.6287120000459254,0.7843881584703922,-0.006842068862169981,0.6160618524998427,0.733354340824816,-0.016497289761900902,0.6195248868316412,0.6869833477669292,-0.027928035706281662,0.6105209891684353,0.8067026875085301,-0.033999163657426834,0.5682160899974406,0.8306174791521497,-0.043099451810121536,0.5775439960882067,0.840888875640101,-0.0430714376270771,0.5919700996018946,0.838354462136825,-0.04242333024740219,0.6133222717791795,0.8522988098363081,-0.04219011217355728,0.5700088050216436,0.8688595559861925,-0.04871281981468201,0.5825043828226626,0.8727663113839097,-0.04318971931934357,0.5982810814864934,0.8700024849838681,-0.04102844372391701,0.6176916812546551,0.8971239411168628,-0.04780660569667816,0.5786092252470553,0.9074534475803375,-0.05258043855428696,0.5911070711910724,0.9067423997653855,-0.041057899594306946,0.6063183722086251,0.9033901832169957,-0.03473964333534241,0.6231636602431536,0.9402116566068597,-0.05260779336094856,0.5894996718503535,0.9443822730746534,-0.055848270654678345,0.6002697388641536,0.9404026137457954,-0.04508676752448082,0.6138193731196224,0.9365860289997525,-0.0373777374625206
146,4.871064257028112,0,Left,0.9956870675086975,0.28445435093017296,0.9275324910879135,-2.7421609161137894e-07,0.3052108018891886,0.8650378523601426,-0.003970093093812466,0.3362178637413308,0.806036718438069,-0.015199138782918453,0.35161362097132953,0.7555655997660425,-0.026197440922260284,0.3529960899380967,0.7070843557516734,-0.035158488899469376,0.3565092115662992,0.8246776320868068,-0.02963816002011299,0.40307325064204635,0.8465662533210383,-0.04461550712585449,0.38878826091531665,0.8582945855955283,-0.050022050738334656,0.3712109620682895,0.8547549857861466,-0.05209635570645332,0.3556286693084985,0.8708629426028993,-0.03608883544802666,0.39954390386119487,0.8874345886210601,-0.04225132241845131,0.38529677998740225,0.8937783225542969,-0.03757132962346077,0.36764699446503074,0.8915812129775683,-0.03634664788842201,0.3527214443078265,0.919126551432742,-0.041877731680870056,0.39095561895519493,0.9288305982947349,-0.04398661106824875,0.37718716931995006,0.933591951098707,-0.030326291918754578,0.3601686174515635,0.9326010583175554,-0.023948533460497856,0.34822232767473904,0.9647508040070534,-0.047916263341903687,0.3772620843956247,0.96529564095868,-0.04597069323062897,0.3638156019616872,0.9673361473613316,-0.032344210892915726,0.3495579693466425,0.9679184766279326,-0.024089733138680458
146,4.871064257028112,1,Right,0.9891006946563721,0.6817618880886585,0.9187760667668449,-1.2139598482008296e-07,0.6619214705657214,0.8550791915920045,-0.0004109437286388129,0.6326278707943856,0.7979925625026226,-0.011620487086474895,0.6192669411189854,0.745112348596255,-0.023433810099959373,0.6222178988158703,0.6947997590733899,-0.03691697120666504,0.6161736748646944,0.8204931730197536,-0.03607673943042755,0.5722019638866186,0.8356549196773105,-0.05123553052544594,0.583341788360849,0.8453826774325636,-0.05708581954240799,0.6007774878293276,0.8442871400051647,-0.05978001654148102,0.618975275196135,0.8672111654447184,-0.04465720057487488,0.573405590839684,0.8785449296236039,-0.055307090282440186,0.5871928014792502,0.8832211971282959,-0.05263803154230118,0.6055521956644953,0.8811198727124268,-0.05185740813612938,0.6235640492290259,0.9136269081797864,-0.05151720345020294,0.5844017313793302,0.9205226265721851,-0.059811919927597046,0.5968191093299537,0.9207213016019927,-0.04967692494392395,0.6133197672199457,0.9184943180117342,-0.04350917413830757,0.6288969452958554,0.9575540771087011,-0.05777030065655708,0.5945473300758749,0.9591623947024346,-0.06251411139965057,0.6057011662051082,0.9571846750875314,-0.05172111093997955,0.6205366291571408,0.9551528141730361,-0.04368750751018524
147,4.904427710843374,0,Left,0.9950331449508667,0.28342434456571935,0.9298810337980589,-2.7575103445087734e-07,0.3014361782930791,0.8656272701919079,-0.003985116723924875,0.3319043152965605,0.8091596737504005,-0.014637377113103867,0.349001027084887,0.7609884850680828,-0.02528953365981579,0.35068220356479285,0.7115602095921835,-0.03401182219386101,0.3547840633429587,0.8335819008449713,-0.028098393231630325,0.39972174176946285,0.8468355524043242,-0.04256317764520645,0.3862176424823701,0.8568503061930338,-0.048158347606658936,0.3698658374138176,0.8550647248824438,-0.050379883497953415,0.3544315638020635,0.8792049723366896,-0.034548018127679825,0.3963943053036928,0.8908381971220175,-0.039699871093034744,0.382973097730428,0.8952369578182697,-0.034852609038352966,0.36625844510272143,0.8952542121211687,-0.0335882306098938,0.35132666351273656,0.9267048947513103,-0.040525659918785095,0.3884660237468779,0.9327966198325157,-0.04253590106964111,0.3754783787764609,0.9348498384157816,-0.029389694333076477,0.3591796476393938,0.9349461495876312,-0.02330896258354187,0.3462621153332293,0.9715624315043291,-0.04679754376411438,0.3754598556086421,0.9703539783755938,-0.04535828158259392,0.3625834141857922,0.9704364687204361,-0.03200085461139679,0.34837597236037254,0.9719302480419477,-0.02381613478064537
147,4.904427710843374,1,Right,0.9917417168617249,0.6831206373870373,0.9207567671934763,-1.180007274115269e-07,0.6632160414010286,0.8555844401319822,-0.0006868102354928851,0.6347232356667518,0.799466406305631,-0.012625591829419136,0.6220725789666176,0.7460476495325565,-0.025217261165380478,0.6247508870437741,0.6954426045219103,-0.03926011919975281,0.6193154022097588,0.8261622029046217,-0.037310849875211716,0.5731569157913328,0.843032956123352,-0.05352967232465744,0.5857660513371229,0.8493405121068159,-0.06014316529035568,0.6038827421143651,0.8473389695088068,-0.06277823448181152,0.6222535509616136,0.873600322753191,-0.04519863426685333,0.5763027563691139,0.8836408493419489,-0.055840786546468735,0.5900759471580386,0.8861432013412317,-0.05348645895719528,0.6082273608073592,0.8847071826457977,-0.05293634533882141,0.6265961043536663,0.920228316138188,-0.05133313685655594,0.5859624270349741,0.925790416697661,-0.0586945079267025,0.5980957688763737,0.9253677514692148,-0.04810447245836258,0.6149824868887663,0.9235476615528265,-0.041702594608068466,0.6311530187726021,0.9641873687505722,-0.05700976401567459,0.5958831861615181,0.9653423205018044,-0.060849402099847794,0.6064976712688803,0.9629042918483416,-0.04967727139592171,0.6212492983788251,0.9614475853741169,-0.0414908267557621
148,4.937791164658634,0,Left,0.9943253397941589,0.2839742896845564,0.93130749091506,-2.4759256689321774e-07,0.30271567748859524,0.8695344788332781,-0.005111888516694307,0.33210620598401874,0.8126539091269175,-0.016818108037114143,0.3474724523257464,0.7636925429105759,-0.028367606922984123,0.35048844285774977,0.7152495880921682,-0.037740010768175125,0.35404135172720996,0.8352510916690031,-0.0299981776624918,0.39909156688954683,0.8504759495457014,-0.044690512120723724,0.385752656403929,0.8620209905008475,-0.0498938113451004,0.3696717243175954,0.8593839071691036,-0.051833461970090866,0.35317735676653683,0.880027137696743,-0.03623274341225624,0.39513611369766294,0.8927494697272778,-0.04214872792363167,0.3816486642928794,0.8982870578765869,-0.037577442824840546,0.36481988090090456,0.896635077893734,-0.036279648542404175,0.3499603829346597,0.9267388383547465,-0.04201479256153107,0.38776454352773726,0.9338188394904137,-0.04475664719939232,0.37438397281803193,0.9371773873766264,-0.03179742768406868,0.3576959183905274,0.9364753936727842,-0.025583378970623016,0.34511718396097424,0.9710436289509138,-0.04815264046192169,0.3739069022703916,0.9705369956791401,-0.04759442061185837,0.3608612181385979,0.9712286020318667,-0.03472939878702164,0.3466665933839977,0.972292414555947,-0.026664307340979576
148,4.937791164658634,1,Right,0.9934774041175842,0.6866924210451544,0.9257552996277809,-1.1090266838209573e-07,0.6657434265129268,0.8601955113311609,0.00015526505012530833,0.6356185269076378,0.8036010066668192,-0.011502740904688835,0.6220601887907833,0.7498186056812605,-0.023971067741513252,0.6245048543903977,0.6988393987218539,-0.03789754584431648,0.6188124886713922,0.829054536918799,-0.035967908799648285,0.573294360935688,0.8440969424943129,-0.05161523446440697,0.5861252392176539,0.8507118597626686,-0.058132681995630264,0.6041594302747398,0.8490159399807453,-0.060799453407526016,0.621626126486808,0.8762090255816778,-0.04407047480344772,0.5760988835711032,0.8859441032012304,-0.05393677204847336,0.5900806282181292,0.8888755527635416,-0.05133291706442833,0.6081413517240435,0.8872796818614006,-0.050602275878190994,0.6260042801033705,0.9229342862963676,-0.05031861364841461,0.5861325998324901,0.9292748297254244,-0.05670596659183502,0.5983932872302831,0.9286272500952085,-0.04605524614453316,0.6152813192922622,0.9263952299952507,-0.03971055895090103,0.6308966924902052,0.9670515830318133,-0.05603858828544617,0.5960643373429775,0.9681837173799673,-0.05857153981924057,0.606935751484707,0.9655522840718428,-0.04682103917002678,0.6217342248186469,0.9636513118942579,-0.038327015936374664
149,4.9711546184738955,0,Left,0.9958460927009583,0.2851254294160753,0.9360600699981053,-2.5031343398040917e-07,0.30378559972159563,0.8746616673966249,-0.006028354167938232,0.3327524061780423,0.817448790371418,-0.018229862675070763,0.3471533040516078,0.7693122588098049,-0.030036918818950653,0.35012053879909216,0.7216665324237611,-0.03964151069521904,0.35355846052989365,0.8402624419165983,-0.03160646930336952,0.39845701479353013,0.8554480908645524,-0.04708625748753548,0.38494105441495774,0.8661444484359688,-0.05320082977414131,0.3682788884267211,0.862930834872855,-0.0556311309337616,0.3523743799421936,0.8858977547950215,-0.037447866052389145,0.39423415367491543,0.8991451649202241,-0.044138818979263306,0.38073549452237787,0.9038064719074302,-0.03994083032011986,0.36376463039778173,0.9016950051817629,-0.03887603059411049,0.34889960000291464,0.9326418388220999,-0.04290401563048363,0.38655338822863994,0.9394356977608469,-0.04593341425061226,0.3738779311999679,0.9418537445366383,-0.03317255154252052,0.35703611336648466,0.940939762774441,-0.027031324803829193,0.34426061566919086,0.9758844331734711,-0.0487913116812706,0.3728220243938267,0.9729938089019723,-0.04796845465898514,0.3607925010845065,0.9734481587178178,-0.03507772088050842,0.34684981969185175,0.9752105718685521,-0.027094213292002678
149,4.9711546184738955,1,Right,0.992615818977356,0.685608442593366,0.9272996132572492,-9.998754535445187e-08,0.6650247079320252,0.8618038793404897,-0.0003800317645072937,0.6355299267917871,0.8058022554549906,-0.012791797518730164,0.6225495808757842,0.7523864942292372,-0.025894511491060257,0.6250447879545391,0.7017332872582807,-0.04036225005984306,0.618996849656105,0.8337384478913413,-0.0382072739303112,0.5736636792309582,0.8436798504657216,-0.054420195519924164,0.5870778964832425,0.8497184946305222,-0.06083359941840172,0.605006520729512,0.8499278748200999,-0.06329140067100525,0.6222150053828954,0.881106472760439,-0.04627365991473198,0.5761419468559325,0.8876741958989037,-0.05632084608078003,0.5903301439248025,0.8895132865342829,-0.053427282720804214,0.6086003663018346,0.8891088571813371,-0.05259547755122185,0.626800575107336,0.927755608326859,-0.05248654633760452,0.5863133227452636,0.9322152418394883,-0.0591178834438324,0.5986714629456401,0.9300399132900767,-0.048218466341495514,0.615773884486407,0.9283159904181957,-0.041725993156433105,0.6317431927658618,0.9714578779207336,-0.05814735218882561,0.5954780779778958,0.972642547223303,-0.06094632297754288,0.6065025554038584,0.9690728661086824,-0.04892945662140846,0.6219175009056925,0.9673957463767794,-0.04028991982340813
150,5.004518072289157,0,Left,0.9956613183021545,0.285774784674868,0.9374598345822758,-2.3409266702856257e-07,0.30467804623767736,0.878160948968596,-0.007030545733869076,0.3335651397937909,0.8210800819098949,-0.01980079710483551,0.346907158032991,0.7725594268904792,-0.03207669407129288,0.34920423675794154,0.7248164573477374,-0.04211435839533806,0.352342089661397,0.8423225161102083,-0.03252449631690979,0.398229436436668,0.8589201391571097,-0.04912174865603447,0.38455916084349157,0.8695723346538013,-0.05602890998125076,0.36794793999288233,0.8662303047047721,-0.05882209166884422,0.35081333976704626,0.8877351568804847,-0.038131583482027054,0.39362545805051924,0.9022202307979266,-0.046148158609867096,0.3800716732162982,0.9068075879580445,-0.04258403554558754,0.3631020307075232,0.9041350464026133,-0.04168997332453728,0.3475372497458011,0.9338991590672069,-0.043521009385585785,0.3859553068410605,0.9413406851390997,-0.04726683348417282,0.3735559921944514,0.9437871774865522,-0.034556467086076736,0.35693235700018705,0.9426855069067743,-0.028203625231981277,0.3436717122327536,0.9759774333073034,-0.04944843053817749,0.3729018795769662,0.9718956020143297,-0.04834434762597084,0.36134353042580186,0.9732508148584101,-0.03515467047691345,0.34787651845254003,0.9759112334913678,-0.027036501094698906
150,5.004518072289157,1,Right,0.9921097755432129,0.6862822582479566,0.9302124484545655,-1.032241883081042e-07,0.665562548628077,0.8641807514760229,-0.00036709452979266644,0.6352761842310428,0.8080893746680684,-0.01288207620382309,0.6218033902347088,0.754537966599067,-0.026100486516952515,0.6244813597295433,0.7032734612623851,-0.04073677584528923,0.6194717044010758,0.8340842542548974,-0.03857486695051193,0.5735100628808141,0.8448347753120793,-0.05517018213868141,0.5869405120611191,0.8506391007039282,-0.061836712062358856,0.6052465671673417,0.8501986056566239,-0.06439320743083954,0.6228220466524362,0.8815765823755,-0.04673124477267265,0.5758578618522734,0.8888405509293079,-0.056867532432079315,0.5897457710932941,0.8905201385418574,-0.05397164449095726,0.6080520812887699,0.8897668287985855,-0.05319494009017944,0.6274490255862475,0.9287347940935029,-0.053051579743623734,0.5861908472608774,0.933280370467239,-0.059958428144454956,0.5984516697004437,0.9309916925927003,-0.04906526952981949,0.6156086327508092,0.9291820866366227,-0.04255188629031181,0.6323057974223047,0.9732806892030769,-0.05879860743880272,0.5952764887362718,0.9747338812384341,-0.06179370731115341,0.6065346403513103,0.9707842763927248,-0.0497213751077652,0.6221139614004642,0.9688336115744379,-0.041062623262405396
151,5.037881526104417,0,Left,0.9953483939170837,0.2864937061909586,0.9387718871235847,-2.247930979137891e-07,0.3045816776808351,0.8803440436720849,-0.00784736406058073,0.3334235580638051,0.8234322547912598,-0.021033544093370438,0.3469208359252661,0.7749297440052032,-0.033678777515888214,0.34882276100106535,0.7270441472530365,-0.04402189701795578,0.3516582959797233,0.8442452386021614,-0.03283461928367615,0.3980044085998088,0.8619335070252419,-0.04985211417078972,0.38434254555031655,0.8717063829302788,-0.05701275169849396,0.36781417126767335,0.8682228669524192,-0.059949636459350586,0.34983631167560814,0.8892495408654213,-0.038289979100227356,0.3934175075497478,0.9040901780128479,-0.0473356619477272,0.38004029975272713,0.90786192715168,-0.04432593286037445,0.36285949605517087,0.9050119623541832,-0.043540455400943756,0.3467403176706284,0.9346907734870911,-0.04363558068871498,0.3859910246916115,0.9425932884216308,-0.04799637943506241,0.37392986277118323,0.9447094470262527,-0.03541065752506256,0.35730830547399817,0.9435846030712127,-0.02890836074948311,0.3433478669263422,0.9760140314698219,-0.04960804060101509,0.3738929751794785,0.972300922870636,-0.048629216849803925,0.3626242502592504,0.9738468810915947,-0.03546254709362984,0.3490364590194076,0.9766953766345978,-0.027335982769727707
151,5.037881526104417,1,Right,0.9920946359634399,0.686341364774853,0.9298641860485077,-1.0025575392091923e-07,0.6660793771967292,0.8646164953708648,-0.00026260563754476607,0.6361420772969723,0.8082122907042504,-0.012862563133239746,0.6229497100226581,0.7543392226099968,-0.026173457503318787,0.6250512221828103,0.7031617179512978,-0.04097479209303856,0.6193190472200513,0.8340041890740395,-0.03895868733525276,0.5730875170789659,0.8449135765433311,-0.05559093505144119,0.5862222117371857,0.851869934797287,-0.06211094930768013,0.6045129060745239,0.8516001537442207,-0.06460180878639221,0.6227087647654116,0.8820332542061806,-0.04733371362090111,0.5756898614577949,0.889224736392498,-0.05774204060435295,0.5896796448156237,0.8916947692632675,-0.05474216490983963,0.6080105955712497,0.8907453283667565,-0.05388501659035683,0.6273563894443214,0.9295507594943047,-0.053835075348615646,0.5861847520805895,0.9340948611497879,-0.06108260527253151,0.5987374236807227,0.9322565644979477,-0.049889374524354935,0.6160130206495523,0.9304529681801796,-0.04316804185509682,0.6322653842158615,0.9742708474397659,-0.05972229316830635,0.5953345274552703,0.975177463889122,-0.06304677575826645,0.607021474186331,0.9718225941061973,-0.05074046179652214,0.6227241045795381,0.9702928408980369,-0.04184899851679802
152,5.071244979919679,0,Left,0.9948199391365051,0.2859671335667372,0.9383212115201686,-2.235723428611891e-07,0.3044679217040539,0.8811843192411793,-0.008380057290196419,0.33333645574748516,0.8243340907825364,-0.0218307226896286,0.34679725356400015,0.7754851210448477,-0.034668922424316406,0.3487255696207285,0.7275451973080636,-0.0452190637588501,0.35164745301008227,0.8447009902033541,-0.033069711178541183,0.3975792441517115,0.8630486004054546,-0.05051148310303688,0.38381800428032875,0.8731685130132569,-0.05809327960014343,0.3671595763415098,0.8691048661039935,-0.06136346980929375,0.3495269678533077,0.8893460767964522,-0.03843594714999199,0.3925555616617203,0.905152938928869,-0.04766489937901497,0.37910962775349616,0.9093091963065996,-0.04486296698451042,0.3619958333671093,0.9057906046509743,-0.04435039311647415,0.34612720981240275,0.9348997331327862,-0.04378426447510719,0.385041431337595,0.9436930516527758,-0.04854254797101021,0.37276422530412673,0.9459524613287714,-0.03595030680298805,0.35611167922616005,0.944335912913084,-0.02944382093846798,0.34247357621788976,0.976763561533557,-0.0497945100069046,0.3727871157228947,0.9735501644512018,-0.04921551048755646,0.3611968133598566,0.9748650252819061,-0.03606238588690758,0.34744737967848777,0.9770074054598809,-0.027911974117159843
152,5.071244979919679,1,Right,0.9909172654151917,0.686699778586626,0.9300760222805871,-9.962904812255147e-08,0.6662825867533684,0.8638226057092349,0.00035158434184268117,0.6360081180930137,0.8065474688178963,-0.011643188074231148,0.6224877372384071,0.7524562876257631,-0.024434305727481842,0.6249789707362652,0.7014970634546545,-0.038764286786317825,0.6193920098245144,0.8323199360734886,-0.03759634867310524,0.573463212698698,0.8424522313806746,-0.05335002765059471,0.5862505480647087,0.8498788635763858,-0.059492338448762894,0.6043172039091587,0.849537343531847,-0.06189786642789841,0.6227143481373787,0.880441010908948,-0.045984528958797455,0.5755122236907482,0.8870431544880072,-0.05573003366589546,0.5892092302441597,0.8896939613752894,-0.052590105682611465,0.6075523972511292,0.8886667168802685,-0.05163592845201492,0.6271848171949387,0.9279201337032847,-0.05241144448518753,0.5861780971288681,0.9319365012149016,-0.058978334069252014,0.5986105673015117,0.9298426560229726,-0.04785115271806717,0.6157636024057865,0.9280217497713036,-0.041263069957494736,0.6318603232502937,0.9726742833024926,-0.0581958144903183,0.5956068262457848,0.9723238009545538,-0.06087617948651314,0.6074661865830422,0.9686386057072216,-0.0484418086707592,0.6230342619121074,0.9672002209557428,-0.03956286236643791
153,5.104608433734939,0,Left,0.9948538541793823,0.2862069205497392,0.9372668143775728,-2.3116392355859716e-07,0.305024622566998,0.8789676500691308,-0.008260221220552921,0.3337995667709038,0.8215370188156764,-0.02164948359131813,0.34669045279733834,0.7726157731480069,-0.034412842243909836,0.3487084975466132,0.7248281925916672,-0.04480616748332977,0.351608723658137,0.8439523031314214,-0.033627644181251526,0.3973601283505559,0.8616319957706663,-0.05094180628657341,0.3829326207283884,0.8714135987891092,-0.05819931998848915,0.36566472286358476,0.8671134882503085,-0.06123443320393562,0.34966913792304694,0.8894617954889933,-0.039036184549331665,0.3926865673158318,0.9038110269440545,-0.04816145822405815,0.3785806377185509,0.9076724029249615,-0.045190826058387756,0.3609487400855869,0.9042283756865396,-0.04452917352318764,0.3462329767178744,0.9355968554814657,-0.04434359446167946,0.3852924362523481,0.9428640852371851,-0.049011074006557465,0.3725005413638428,0.9449378152688345,-0.03631904348731041,0.35531286301556975,0.9435008880164888,-0.029730994254350662,0.3422913604415953,0.9779423316319783,-0.050287552177906036,0.3721101340604946,0.9737429036034478,-0.04990549758076668,0.36052329242229464,0.9743863867388831,-0.03689737245440483,0.34662917458917947,0.9763409982124964,-0.028807206079363823
153,5.104608433734939,1,Right,0.9914820194244385,0.6866634788457304,0.9267440388600031,-1.0170966646683155e-07,0.6672126853372902,0.8602197511328591,0.00037824755418114364,0.6373000111896545,0.802991395857599,-0.01102015282958746,0.6235569783952087,0.7492531796296438,-0.0232114065438509,0.6255497397854924,0.698651217089759,-0.03687775135040283,0.6195680194534361,0.8292209466298421,-0.03597690165042877,0.5742028011009097,0.838842221101125,-0.05097433924674988,0.5864726115949452,0.8475000060266918,-0.056712474673986435,0.6041529336478562,0.8471471617619196,-0.05900771543383598,0.6223009978421032,0.8770506047540241,-0.04421205446124077,0.5754900040570646,0.8840768645207088,-0.05345678701996803,0.5890447267331183,0.8872897687885496,-0.050165530294179916,0.6070071958005429,0.8859668847587373,-0.04909822717308998,0.6265167434234172,0.9243986699316237,-0.05054529756307602,0.5860261651687324,0.9291736930608749,-0.05690819397568703,0.5985836375039071,0.9269072737958696,-0.04595101997256279,0.6155866964254528,0.9247835278511047,-0.039487022906541824,0.6311576397158205,0.9689969877401988,-0.05624399706721306,0.5958593979943544,0.9695929275618659,-0.05904620885848999,0.6076906949281693,0.965431065691842,-0.046917624771595,0.6231137135997414,0.9636129677295685,-0.03820360451936722
154,5.137971887550201,0,Left,0.9954745769500732,0.28501962875016035,0.9350549777348837,-2.3198946053071268e-07,0.304255781788379,0.8766530739764372,-0.007850689813494682,0.33354731935542076,0.8194421517352263,-0.02083739824593067,0.34679278631228955,0.769948422908783,-0.033134825527668,0.34876135259401053,0.722036092231671,-0.04305671155452728,0.35154456766322256,0.8401850834488869,-0.03343915566802025,0.3972219759831205,0.8568802078564962,-0.04974256455898285,0.3825479029212147,0.867929220199585,-0.056037042289972305,0.36512981350533663,0.8642926476895809,-0.05863378942012787,0.35005480390973387,0.8860758356750011,-0.038927387446165085,0.39284957612399013,0.8996143788099289,-0.04724746569991112,0.3779603140195832,0.9043873014549414,-0.043901242315769196,0.36002821975853294,0.9009887687861919,-0.04300780966877937,0.34644626881927254,0.9333252012729645,-0.044130563735961914,0.3854747757548466,0.9402169696986675,-0.048458460718393326,0.3716491295490414,0.9430174256364504,-0.03571542724967003,0.3540237376000732,0.941596748928229,-0.029144980013370514,0.34175067087635397,0.9772530049085617,-0.049874886870384216,0.37024807308334856,0.9741613989075025,-0.04994644597172737,0.3579215226462111,0.9743797940512499,-0.03727918118238449,0.3437593924580142,0.9753660274048647,-0.029287496581673622
154,5.137971887550201,1,Right,0.9920795559883118,0.6859752091113478,0.923961286743482,-1.0367625691287685e-07,0.6666855298448354,0.8564149501423041,0.0008837172063067555,0.6369194199796766,0.7987156050900618,-0.00994904525578022,0.6233358747325838,0.7450203013916811,-0.021571964025497437,0.6265352891758085,0.6949067215124766,-0.03479161486029625,0.6201230681035668,0.8234859605630239,-0.03604578971862793,0.5736318187788129,0.8359076678752899,-0.0494469553232193,0.5844885024242104,0.8470376494030157,-0.05390208959579468,0.6010443051345646,0.8460515464345614,-0.055775150656700134,0.6226597181521356,0.8711366516848406,-0.04414290934801102,0.5753994597587735,0.879559272279342,-0.05245707929134369,0.5881122153252363,0.8844046021501223,-0.048409637063741684,0.6056682655122131,0.8825414851307869,-0.04698478430509567,0.626508759893477,0.9180232857664427,-0.05010988190770149,0.5856515393592417,0.9230613683660825,-0.055368371307849884,0.597517951298505,0.9222689308226109,-0.04411831870675087,0.6141470496542751,0.9198181678851446,-0.03774075210094452,0.6306514093652368,0.9623508068422476,-0.05543834716081619,0.5958930327557027,0.9630351550877094,-0.057399045675992966,0.6070031475741416,0.9595664317409197,-0.04544702172279358,0.6218291475437582,0.9574085573355356,-0.03710181638598442
155,5.171335341365462,0,Left,0.9946781396865845,0.2846639335155487,0.9337096754047606,-2.321626055845627e-07,0.3040166635997593,0.874052093260818,-0.00792868435382843,0.33348201350308954,0.8162299555208948,-0.021063221618533134,0.3472769641317427,0.7666101654370626,-0.03340219706296921,0.34926843526773155,0.7187127782238855,-0.0432693250477314,0.3512417752295732,0.8376056479083167,-0.03462444245815277,0.3975344507955015,0.8546527988380856,-0.0509444996714592,0.382516284333542,0.8652824042571916,-0.056887272745370865,0.3651587282307446,0.8613313065634833,-0.059286702424287796,0.34961735396645965,0.8840337564547857,-0.04007088392972946,0.3930105951614678,0.8974685859349039,-0.048362746834754944,0.3776449570897967,0.901861137813992,-0.04448565095663071,0.35971831195056436,0.8988765974839529,-0.0432833731174469,0.3459926726296544,0.9317924108770158,-0.04516300931572914,0.38572592777200043,0.9390034678909513,-0.04974054917693138,0.37125220727175473,0.9410882481270366,-0.03651140630245209,0.3534406269900501,0.9399834805064731,-0.02960052341222763,0.34129982679151,0.9763410950700442,-0.050773557275533676,0.3700537834782153,0.9736976388427946,-0.05122599005699158,0.35712583069689574,0.9730155577262243,-0.03845971077680588,0.34266413380391897,0.9741768461134699,-0.030350780114531517
155,5.171335341365462,1,Right,0.9917227029800415,0.6852808662690222,0.9200684014293883,-1.1260610932595227e-07,0.6665645148605108,0.8525989787446128,0.0011043275007978082,0.636958563234657,0.7950676747494274,-0.009635714814066887,0.6234603722579777,0.7420373919937345,-0.021272821351885796,0.6269091258756816,0.6923309048016866,-0.03447609394788742,0.6205508295446635,0.8190035227272245,-0.036177024245262146,0.5734191828407347,0.8347796531187164,-0.05044001713395119,0.585039946064353,0.8437391961614291,-0.05533282831311226,0.6020938050001859,0.8412425720029407,-0.05726522579789162,0.6228855799883604,0.8670167383220461,-0.044523607939481735,0.5757610836066306,0.8766748658484883,-0.05384264513850212,0.5891772586852312,0.8801326913966073,-0.05009077489376068,0.6066769487224519,0.8781799816422993,-0.04869570583105087,0.6263815768063068,0.9142182408107652,-0.05079817771911621,0.5856661525554955,0.9196036509341664,-0.056973379105329514,0.5980402958579362,0.9182390532559819,-0.04575489088892937,0.614686543866992,0.9158496356672711,-0.039176445454359055,0.6302005724050105,0.9588690368665589,-0.056434061378240585,0.595582798216492,0.9595376627312766,-0.059278763830661774,0.6068933736532927,0.9556735669573148,-0.04771419242024422,0.6218427821062505,0.9534197904997401,-0.03942480683326721
156,5.204698795180723,0,Left,0.9943068027496338,0.28456410565413537,0.9332068670127127,-2.214599703620479e-07,0.3043420671019703,0.8730811814467112,-0.007159385364502668,0.3344964441843331,0.8138890465100607,-0.02043074369430542,0.34887308203615247,0.7638652940591176,-0.03310692310333252,0.35092743770219387,0.7160484206345347,-0.04337158426642418,0.35116180228069427,0.8331690725353029,-0.03497447445988655,0.39802073654718695,0.8528447439273198,-0.05186963453888893,0.383204630529508,0.865045914053917,-0.058284416794776917,0.3660366218071431,0.8608173507783148,-0.06109778210520744,0.3487898744177073,0.8788043227460649,-0.04133002087473869,0.3933988619130105,0.8964199471804831,-0.05026478320360184,0.3779917689971626,0.9025902034507858,-0.04640394076704979,0.360049142036587,0.8983161797126135,-0.04530918970704079,0.3448018460534513,0.9267132927974066,-0.04728612303733826,0.38551973886787894,0.9382075178954337,-0.05224038287997246,0.37073078704997897,0.9419097152021196,-0.038424648344516754,0.3529984561726451,0.939616835779614,-0.031248006969690323,0.339924006909132,0.972018649843004,-0.053740378469228745,0.3706861400976777,0.9734894525673654,-0.05422646924853325,0.35734036164358257,0.974056010113822,-0.040874265134334564,0.342475522775203,0.9740108544627826,-0.032520320266485214
156,5.204698795180723,1,Right,0.9864819049835205,0.6838896604254842,0.9159832737512059,-1.148267543271686e-07,0.6656693200580776,0.8482379095421897,0.0010928413830697536,0.6369397510774434,0.7906037098831601,-0.009593095630407333,0.6240670856088399,0.7374023407697677,-0.021168846637010574,0.6279901864938437,0.6879523307085037,-0.03428804501891136,0.6207401853986084,0.8154333959023158,-0.03649785369634628,0.5736025375314057,0.8313607999020153,-0.05003690347075462,0.5853031885810196,0.8397686776187685,-0.054094549268484116,0.602232725545764,0.83656232158343,-0.055612802505493164,0.6230560811236501,0.8632884143127335,-0.04466252774000168,0.5758825965225697,0.872182988954915,-0.05361056327819824,0.5893228613771498,0.8753564688894484,-0.049404535442590714,0.6066665211692452,0.8733425355619855,-0.0478021502494812,0.6265572278760374,0.9099504003922144,-0.05067841336131096,0.5852941229939461,0.9138347443607119,-0.05649237334728241,0.5981264402158558,0.912106027536922,-0.04500008746981621,0.6148347428068519,0.909565162161986,-0.03839355334639549,0.6305010136216879,0.9537947522269354,-0.05608814209699631,0.5964348782785237,0.9536790109342999,-0.05892601236701012,0.6077612440101803,0.9489071428775787,-0.04761761426925659,0.6223544983193279,0.9458457900418176,-0.03963102772831917
157,5.238062248995984,0,Left,0.993230402469635,0.29130441702436655,0.9227338460584481,-1.4378484536337055e-07,0.3106505474075675,0.8612329122920831,-0.005740794353187084,0.33969484074041245,0.8009976886212826,-0.020118070766329765,0.3545763594098389,0.7507963207032945,-0.03403925523161888,0.35765725881792604,0.7030860890116957,-0.044941872358322144,0.3532468599267304,0.8143359940085146,-0.03907602280378342,0.4026401844341308,0.8406787740687529,-0.05789883807301521,0.3902289345860481,0.855192474110259,-0.06335034966468811,0.37272442700341346,0.8491559176809258,-0.06492864340543747,0.3497734301257879,0.8596416956848568,-0.046908654272556305,0.39933608514256774,0.8837574712104268,-0.05814886465668678,0.3845949016045779,0.8934715136885643,-0.052545782178640366,0.3663997087161988,0.8870689942604966,-0.049973081797361374,0.34577154759317635,0.9077017164064778,-0.054095808416604996,0.3914426190778613,0.9257249520056777,-0.06055989861488342,0.37578561455011367,0.9323658110366927,-0.04420330747961998,0.357455685781315,0.9275632637242476,-0.03508275747299194,0.3411988744977862,0.9546919692721632,-0.06172020733356476,0.3753809489775449,0.9643800471391942,-0.06362879276275635,0.3615030700340867,0.9651698112487793,-0.04996887966990471,0.3456253217998892,0.9600546103384759,-0.04123466834425926
157,5.238062248995984,1,Right,0.9828927516937256,0.6778042187914253,0.9118282780879073,-1.6243023992501548e-07,0.6613460426218808,0.839122752017445,0.002909321105107665,0.6360497089102864,0.7776309188041423,-0.007085184566676617,0.6238283132202923,0.7239615069495307,-0.018002714961767197,0.6268248491920531,0.674877178006702,-0.03048246167600155,0.6202609450556338,0.797601715889242,-0.0353957936167717,0.5735807594843209,0.8186520714726713,-0.04521823674440384,0.5831525229848922,0.8316437363624573,-0.04532182961702347,0.5981092256493866,0.8281916076110469,-0.044720057398080826,0.6222522801719605,0.8431175497670969,-0.0444345623254776,0.5737339166924358,0.8569907606475883,-0.051473427563905716,0.5866037014871835,0.8645783791111575,-0.045639246702194214,0.6034581963904202,0.8616156962182787,-0.04301641881465912,0.6247761477716267,0.8887174882822566,-0.05084648355841637,0.583018265850842,0.8958033686710729,-0.05456271022558212,0.5960290518589317,0.8984042722317908,-0.04180562123656273,0.611785427480936,0.8947885923087597,-0.034791141748428345,0.6278835447505117,0.932034395635128,-0.0565570667386055,0.5922286382876336,0.9343788016173574,-0.058234214782714844,0.6026650177314877,0.9325566638675001,-0.04664637893438339,0.6161784041672945,0.9286068081855774,-0.038751404732465744
158,5.271425702811245,0,Left,0.9954890012741089,0.2861402325914241,0.9183257710602548,-1.5620453552855906e-07,0.30654548737220466,0.8602544950114356,-0.00691412016749382,0.3391084036789834,0.803293658958541,-0.02220221795141697,0.3578141060192138,0.7557008287145032,-0.03679734840989113,0.3645870376378298,0.7073668856587675,-0.04837251454591751,0.3451884993817657,0.8083982928759522,-0.04717526212334633,0.3995631079655141,0.8393246462775601,-0.07034309953451157,0.3885181081248447,0.8584983901845085,-0.07750153541564941,0.37124898498877884,0.8541842967271804,-0.08006501197814941,0.33886658849660306,0.8495888624754216,-0.05562473461031914,0.39473795644007625,0.8823141493731075,-0.07132693380117416,0.37930736390408126,0.8929920741253429,-0.06524592638015747,0.3598102945834398,0.8846398798127969,-0.06250380724668503,0.3323599447729066,0.8956831637356016,-0.06344791501760483,0.38391102189198134,0.9219851853946844,-0.07316819578409195,0.3677021970972419,0.9268232291771306,-0.05636068060994148,0.34914357885718345,0.9182150117225117,-0.04717746749520302,0.326329558622092,0.941685122417079,-0.07173535227775574,0.3660918306559324,0.9602357156574726,-0.07569362223148346,0.35334001916926355,0.9587413272096051,-0.06280896812677383,0.3364771430613473,0.948709196680122,-0.05494866892695427
158,5.271425702811245,1,Right,0.9856708645820618,0.676903375517577,0.8932317076457872,-2.251894528626508e-07,0.6603983173146843,0.8320398045082887,0.0014048735611140728,0.6347412907052785,0.7736590665247706,-0.01112657692283392,0.6239257974084467,0.7239586603310373,-0.024177586659789085,0.6272402494214475,0.6771333388156361,-0.03880961984395981,0.6277829860337079,0.7832629534933302,-0.04613202065229416,0.5763258965220303,0.8077589682406849,-0.061471156775951385,0.5866888201795518,0.8204619601368904,-0.06287984549999237,0.6025102119892836,0.8162171775268183,-0.062256790697574615,0.631784119643271,0.8258496169414785,-0.05602705851197243,0.5774307826999575,0.8463809390862783,-0.0686839297413826,0.5907654990907758,0.8515583342976041,-0.062028344720602036,0.6080448863096535,0.8458864900800916,-0.05883112549781799,0.6352438383735717,0.8703800032536189,-0.06341438740491867,0.5851994336117059,0.8823827270004484,-0.07332844287157059,0.5991152581758797,0.8847746197548177,-0.05972040072083473,0.6159697495400905,0.8796949153145154,-0.05158631131052971,0.6379260063637048,0.913867492063178,-0.06992635130882263,0.5944585036952048,0.9206797520319621,-0.07815711945295334,0.6043243318330497,0.9171286385920313,-0.06891756504774094,0.6195642850361764,0.9102342579927709,-0.06204657256603241
159,5.304789156626506,0,Left,0.9846971035003662,0.2878221468999982,0.9217303196589152,-2.3142320060287602e-08,0.31699100248515605,0.8682003815968832,-0.00649672606959939,0.3503170659765601,0.8130522767702738,-0.021260986104607582,0.3680947130545974,0.7673614720503489,-0.03632768243551254,0.3753959769383073,0.7198600338564979,-0.04877515509724617,0.33770208396017554,0.7898095217016008,-0.04472910985350609,0.38845591582357886,0.8287510342068143,-0.07295732945203781,0.38348070681095126,0.8597402407063378,-0.08384738862514496,0.370477900095284,0.8657293518384298,-0.08802882581949234,0.32379661332815884,0.8258666594823202,-0.05531935766339302,0.38224077224731445,0.8699251777595944,-0.0788232684135437,0.37228430397808554,0.886855317486657,-0.07531315833330154,0.3553411439061165,0.8837508824136522,-0.07262341678142548,0.3115705523639917,0.8703046441078186,-0.06619515269994736,0.3643021846190095,0.9076662162939707,-0.08255831152200699,0.3520943149924278,0.9136112895276811,-0.06780051440000534,0.3366578686982393,0.9057211445437537,-0.05783772096037865,0.3012864775955677,0.9152267873287201,-0.07771503925323486,0.3447407713159919,0.9402245150672065,-0.08254566043615341,0.3363557828590274,0.9378040664725833,-0.07001326233148575,0.32171139065176246,0.9276072051790025,-0.06223252788186073
159,5.304789156626506,1,Right,0.9706488251686096,0.6735145412385464,0.8847602672047086,-2.9739439355580544e-07,0.6554712519049645,0.8307335144943662,-0.0011474747443571687,0.6311831768602133,0.7719052102830675,-0.015585364773869514,0.6215445291250944,0.7226630912886726,-0.028987180441617966,0.6249733932316304,0.6804140872425504,-0.0438561774790287,0.6386699680238962,0.765997502538893,-0.06217975914478302,0.5862133376300335,0.7858161926269531,-0.0757165476679802,0.5795726872980594,0.8175848656230502,-0.07150369137525558,0.5866722628474236,0.8333645529217191,-0.0682326927781105,0.647218719124794,0.8021240764194064,-0.07141586393117905,0.5885431282222271,0.828990724351671,-0.0844016745686531,0.592501774430275,0.8464995556407504,-0.07302666455507278,0.6065971374511718,0.8455456164148119,-0.06770052760839462,0.652726836875081,0.8465014927917056,-0.07744596153497696,0.5967117697000504,0.8626617656813728,-0.08791688084602356,0.6031413111835718,0.8748770091268752,-0.0705115869641304,0.6186871491372585,0.8743341333336301,-0.06065404787659645,0.6550879344344139,0.8919667700926462,-0.08284173160791397,0.611584609374404,0.900353772772683,-0.09544537961483002,0.5991976484656334,0.8990654812918769,-0.09127753227949142,0.5948969401419163,0.892438660065333,-0.08875708281993866
160,5.338152610441767,0,Left,0.9987051486968994,0.2872915595769882,0.9500385953320397,3.2931066584751534e-07,0.32815060168504717,0.899279428852929,-0.012013034895062447,0.35469461381435397,0.8391326566537222,-0.024898478761315346,0.373370835185051,0.792704787519243,-0.037649884819984436,0.3923123136162758,0.7465398112932841,-0.04956575110554695,0.32715336307883264,0.777928716606564,-0.036551639437675476,0.36655268669128416,0.8006137013435364,-0.064471535384655,0.3852264739573002,0.8434937430752648,-0.07826324552297592,0.3961215063929558,0.8806936277283562,-0.08516550064086914,0.3052992470562458,0.8000271320343018,-0.04399963840842247,0.34827640280127525,0.8308995929029253,-0.07243186980485916,0.36793940216302873,0.8753634492556254,-0.08194591104984283,0.3755784071981907,0.9098575645022922,-0.08750408887863159,0.28739544153213503,0.8378029962380728,-0.05230523273348808,0.3278126634657383,0.8627843227651384,-0.08076518774032593,0.34871550723910333,0.9001040955384573,-0.08192016929388046,0.3564460828900337,0.9262994991408454,-0.07928833365440369,0.275148968026042,0.8802291419770982,-0.06099672615528107,0.3078594423830509,0.8995232515864902,-0.08103767037391663,0.3278042748570442,0.9180302752388848,-0.08196300268173218,0.3373990528285503,0.929024510913425,-0.08005713671445847
160,5.338152610441767,1,Right,0.9734536409378052,0.6684439077973365,0.893308742178811,-5.097990651847795e-07,0.6394210115075112,0.8418010605706109,-0.0074038757011294365,0.6204282760620117,0.7841609617074331,-0.0218525268137455,0.6111695855855942,0.7353579302628835,-0.035578422248363495,0.6058951020240784,0.6910214092996385,-0.05097440257668495,0.6415818527340889,0.7485843234592013,-0.05272360146045685,0.605751670897007,0.7474737332926856,-0.07993294298648834,0.5838191002607346,0.7741097741656833,-0.09091348201036453,0.5685978993773461,0.802641726202435,-0.09582088887691498,0.6552126780152321,0.7740142941474915,-0.06149093434214592,0.6079862996935844,0.7923826177914938,-0.08318012952804565,0.5844237238168717,0.8271410034762489,-0.08300197124481201,0.5713233724236488,0.8550735149118636,-0.08415134996175766,0.6647564202547074,0.811292439699173,-0.07032500207424164,0.618522110581398,0.8251892593171861,-0.09028072655200958,0.5951768338680268,0.8503777749008603,-0.08459591120481491,0.5819683760404587,0.8697108427683512,-0.08093984425067902,0.6712989717721939,0.8532652921146817,-0.07909359037876129,0.6359620079398155,0.8611979683240255,-0.09759629517793655,0.6136547863483429,0.8712164395385318,-0.09872067719697952,0.5986762717366219,0.8784186806943681,-0.0984283834695816
161,5.371516064257028,0,Left,0.9991589784622192,0.3067369734868407,0.9488843930264313,3.1461371463592513e-07,0.3361369063146412,0.9119305275380611,-0.01424789521843195,0.3552505931816995,0.8527949849764506,-0.026223815977573395,0.3686357509810477,0.8092544967929522,-0.039003096520900726,0.3817844704259187,0.7710188989837964,-0.052064184099435806,0.3257354988250881,0.7857089382906755,-0.028730615973472595,0.3404274302534759,0.7551175899803638,-0.06380872428417206,0.3575152122881263,0.7748286068439484,-0.08726384490728378,0.3731150574982166,0.8017407320439816,-0.09941727668046951,0.30097642322070894,0.791731258481741,-0.03698298707604408,0.3220284019131213,0.7798464479545753,-0.07682019472122192,0.34465565336868165,0.8176217185954253,-0.09467493742704391,0.3600348927080631,0.8518824510276317,-0.10112952440977097,0.27890476330649105,0.816470900674661,-0.047693900763988495,0.2968715549446642,0.804680913935105,-0.08721119165420532,0.3183925511781126,0.8432152904570103,-0.09568769484758377,0.3337961527518928,0.8743883421023687,-0.09421451389789581,0.260659656394273,0.854106406122446,-0.0589706189930439,0.2772068382706493,0.8576467663049698,-0.0912177562713623,0.2976921723689884,0.8821699077884356,-0.09870811551809311,0.3140557370148599,0.9024708772699038,-0.09803822636604309
161,5.371516064257028,1,Right,0.9877198934555054,0.6592746543698013,0.8809604426225026,-2.7949621994594054e-07,0.6336584872566163,0.8435764973362286,-0.004316286649554968,0.6180119955912232,0.789741591612498,-0.012293417006731033,0.6060895811766386,0.7522318447629611,-0.021818220615386963,0.5929589899256825,0.7253601066768169,-0.031763337552547455,0.6410453700460493,0.7548738494515419,-0.03025372512638569,0.6304265627637505,0.711321588853995,-0.05556592345237732,0.6138826463371515,0.7089297264814377,-0.06909763067960739,0.5979097284376621,0.7189037968715032,-0.07613198459148407,0.6562988598830998,0.7676505707204342,-0.04015856981277466,0.6327342660166323,0.7562147016326587,-0.07070595026016235,0.6085609527304768,0.7796124604841074,-0.08111979067325592,0.5911678214557469,0.8049363839129607,-0.08509478718042374,0.670945767685771,0.7955071958402793,-0.051091842353343964,0.648476108815521,0.7829620560010274,-0.0832686647772789,0.6239107832312584,0.8014048745234807,-0.09293520450592041,0.6035577295348048,0.8214583655198415,-0.09503751248121262,0.6848056823015213,0.8315654555956523,-0.06092965230345726,0.6868686153553426,0.8119434622426828,-0.0904768630862236,0.679559588804841,0.8036146081984044,-0.10287021845579147,0.6694702197797596,0.7988961902757485,-0.10816255956888199
162,5.404879518072289,0,Left,0.9896687865257263,0.30496604440268127,0.949745669712623,4.4655871533905156e-07,0.33238600809127095,0.9173906934758027,-0.017950527369976044,0.34320832304656507,0.8634936173756917,-0.0245346762239933,0.3457664409186691,0.8217311503986517,-0.030213037505745888,0.35163741842843593,0.7877257160842419,-0.035641953349113464,0.3229694064706564,0.789499397824208,-0.013606800697743893,0.3294621895998716,0.7426155440509319,-0.031320489943027496,0.33774863979779185,0.7198311107854048,-0.045069023966789246,0.3486439278814942,0.7048067177335421,-0.05381346493959427,0.29854247700423003,0.7949068027238051,-0.015440667048096657,0.29303161741700023,0.7391177621980508,-0.03045414201915264,0.2991254658903927,0.715898651878039,-0.04047292098402977,0.3116372893564403,0.701704299946626,-0.04609908163547516,0.27771788213867693,0.8192372031509876,-0.020415131002664566,0.268474402371794,0.7693841231365999,-0.03887065127491951,0.2721505159512162,0.7486305172244708,-0.047866493463516235,0.2830497944494709,0.7325992820163568,-0.05195636302232742,0.26068587047047914,0.8577731693784396,-0.02685287594795227,0.25240308057982475,0.8285444994767507,-0.04513759911060333,0.252751081623137,0.811557421584924,-0.052151307463645935,0.25801375878509136,0.7975240165988604,-0.05471350997686386
162,5.404879518072289,1,Right,0.9929009079933167,0.6503556380979717,0.9055734239518642,1.8453920347383246e-07,0.6234929440543056,0.8804796641071637,-0.020352421328425407,0.6108772144652903,0.831507109105587,-0.03183981776237488,0.6067939815111458,0.788138094296058,-0.04177867993712425,0.597468139976263,0.7491287825008234,-0.05161711573600769,0.6322756620123983,0.7729059653977554,-0.023360321298241615,0.6310901108197868,0.7214527393380801,-0.041166793555021286,0.6283228020183742,0.6878552148739497,-0.05537398159503937,0.6238784705288708,0.657064766685168,-0.06638943403959274,0.6534441607072949,0.7757440624137719,-0.026239486411213875,0.6551742335781455,0.7279923583070437,-0.04673810303211212,0.649900128878653,0.7021104911963145,-0.06238044425845146,0.6413632049225271,0.6824847169220447,-0.07284963876008987,0.6733211243525148,0.7899018081525961,-0.031408172100782394,0.6767161807045341,0.7450831537445386,-0.052918896079063416,0.6714681738987565,0.7216983703275521,-0.0636272206902504,0.6631364601664245,0.7042885166903337,-0.06912751495838165,0.6922699816524982,0.8132831543684006,-0.037974875420331955,0.7036482749506832,0.7702783110241095,-0.05714339390397072,0.7087306067347526,0.7409564500053724,-0.06628766655921936,0.7099225658923387,0.71604206909736,-0.07138246297836304
163,5.43824297188755,0,Left,0.9893040657043457,0.2922045139828697,0.9543060527907478,6.002121608617017e-07,0.3165879600215703,0.9274852507644229,-0.0295993871986866,0.32965197549201547,0.8869843747880723,-0.047124233096838,0.32645986024290324,0.8500022259023454,-0.06141629070043564,0.3218961514532566,0.814736995432112,-0.07509467750787735,0.31743552517145873,0.7855651809109582,-0.03554755449295044,0.32622952084057033,0.7227261563142141,-0.05930411070585251,0.3317922068294138,0.6794704794883728,-0.07818181067705154,0.33476357934996487,0.6408223377333747,-0.09159887582063675,0.2907788021257147,0.781586057609982,-0.03679494932293892,0.28506247319746764,0.7088841795921326,-0.058048609644174576,0.2828417278826237,0.6606672869788276,-0.07475157827138901,0.2812854608753696,0.6166149030129114,-0.08606287837028503,0.26788491755723953,0.8001613981193967,-0.040927816182374954,0.2581544673070312,0.7335620621840159,-0.06319504231214523,0.25372984297573564,0.6856052213244967,-0.07819023728370667,0.2507920876611024,0.6401556995179918,-0.08734572678804398,0.24772393105085938,0.836451338397132,-0.04715535789728165,0.233365412754938,0.7878220909171634,-0.06874697655439377,0.2249728138325736,0.754869259066052,-0.07795286923646927,0.219543409103062,0.7199415233400133,-0.08251079171895981
163,5.43824297188755,1,Right,0.9451109170913696,0.6584811945445835,0.9075116316477457,4.646005038466683e-07,0.6287802007980645,0.891364057858785,-0.026863262057304382,0.6127234847284854,0.8520701130231222,-0.043754685670137405,0.6138516996987164,0.8116370373302035,-0.05662558972835541,0.6136998068541288,0.7726777030362023,-0.0690833330154419,0.6337536625564099,0.7646322846412659,-0.036834895610809326,0.6303263614885509,0.7004748781522115,-0.057698216289281845,0.630091733392328,0.6577275958326128,-0.07373689115047455,0.6312762206420303,0.6211621926890479,-0.08480513840913773,0.6573811349458992,0.7620999978648292,-0.03707440197467804,0.6625428376719356,0.6947217120064629,-0.054246507585048676,0.6665764408186078,0.649398191107644,-0.06900506466627121,0.6699200065806508,0.6120789133840137,-0.0793938860297203,0.6780966803431511,0.7760220434930589,-0.03955673426389694,0.6868499238044024,0.7122531003422208,-0.0566939078271389,0.6909906481392681,0.6705378459559547,-0.0698605626821518,0.6938327636569739,0.634051177236769,-0.07874270528554916,0.6961144641973078,0.8030401766300201,-0.04374304786324501,0.7092717924155295,0.7553770939509074,-0.06003715842962265,0.7155319777317345,0.7219408783647749,-0.06788231432437897,0.7197049345821143,0.6902736259831322,-0.07228001952171326
164,5.471606425702811,0,Left,0.9834993481636047,0.283503373793792,0.9681411849127876,5.445137958304258e-07,0.3105903598247096,0.9389994608031379,-0.03396042808890343,0.32507475337479264,0.8931325475374857,-0.05199082940816879,0.32012533091474327,0.8462051947911581,-0.06673981994390488,0.3082706500310451,0.8090366919835409,-0.08068566769361496,0.3153317198390141,0.7868560983075036,-0.035343438386917114,0.3267418146366253,0.7135642502042983,-0.05958597734570503,0.33210956580005585,0.6642397377226088,-0.07908555865287781,0.33483343962579964,0.622125796145863,-0.09276747703552246,0.2894119912525639,0.7798343135250939,-0.03499137610197067,0.28616258363472297,0.6955408255259196,-0.0552435964345932,0.2832292723353021,0.6414179470804002,-0.0721125453710556,0.28051482592709365,0.5961256358358595,-0.0836469903588295,0.26682137481402607,0.7953344053692288,-0.03808194771409035,0.2582698877435178,0.7210084199905396,-0.05797925591468811,0.25327113380189986,0.6706621249516805,-0.07179965078830719,0.2499607634730637,0.6266144547197554,-0.08050023764371872,0.24607529242057352,0.8290416498978933,-0.04424261674284935,0.23156160889193417,0.7763766712612576,-0.06453228741884232,0.22298007840290665,0.7391110956668854,-0.0734328106045723,0.2170325598970521,0.7033221887217628,-0.07766056060791016
164,5.471606425702811,1,Right,0.9555684328079224,0.6563330150675029,0.926082968711853,4.5076296828483464e-07,0.62934027495794,0.9007573889361488,-0.024603668600320816,0.6163026368245482,0.8569149275620779,-0.04027329385280609,0.6246902318671346,0.8149203790558709,-0.05333118140697479,0.6351933356374502,0.7797435257169936,-0.06601075828075409,0.6297937327995896,0.7691705558035109,-0.028989536687731743,0.6257109923288227,0.701863341861301,-0.04929834604263306,0.6251768787391484,0.6572511858410306,-0.06523427367210388,0.6266481586266309,0.6188387307855818,-0.07651963829994202,0.6534311410505325,0.7656987508138021,-0.031333666294813156,0.6588967452291399,0.6911442677179972,-0.04721183702349663,0.6639840472023935,0.6418129106362661,-0.06145060434937477,0.6690586160402745,0.6003062013122771,-0.07172206044197083,0.6744242010638117,0.7791376279460059,-0.03637497499585152,0.6822572642937302,0.7101966639359792,-0.05282414332032204,0.686790298158303,0.6666314734352959,-0.06411387771368027,0.6905473265331239,0.6285565346479416,-0.07194165140390396,0.693433340638876,0.8053136600388421,-0.04343351349234581,0.7062096104491502,0.754551437166002,-0.0585499033331871,0.713213512999937,0.7208893497784933,-0.06400240212678909,0.7180455871857703,0.6887638966242472,-0.06700710952281952
165,5.504969879518073,0,Left,0.9684873223304749,0.29252032479271295,0.970666459037198,4.967795916854811e-07,0.319163566082716,0.9366506619585885,-0.031568583101034164,0.3335231394506991,0.8847804855141375,-0.0460469126701355,0.3231541999615729,0.8384592311249839,-0.058104898780584335,0.30655812527984383,0.8045532876418696,-0.06920375674962997,0.322277360688895,0.7831816092133522,-0.027272842824459076,0.33605390004813673,0.708292252322038,-0.048957109451293945,0.3419952752068639,0.6593105741673045,-0.0661042258143425,0.344938812404871,0.6184072542521689,-0.07796775549650192,0.2959430071990937,0.7763333783381515,-0.027484964579343796,0.2951049321331084,0.690686995204952,-0.04405064880847931,0.2930996903218329,0.6365277924471431,-0.05891519412398338,0.29062315784394743,0.5941995890190204,-0.06908366084098816,0.27360039539635184,0.7921978419853581,-0.031452540308237076,0.26644113948568704,0.7177272830572393,-0.0483284629881382,0.26174833681434395,0.6672801570759879,-0.06282653659582138,0.25856048250570896,0.6241716351360083,-0.07257148623466492,0.254254468344152,0.8271043287383185,-0.03855006396770477,0.24069553157314658,0.7797055429882473,-0.056645508855581284,0.2317094863159582,0.7462494083576732,-0.06569680571556091,0.22465754251461476,0.7147027077774207,-0.07044215500354767
165,5.504969879518073,1,Right,0.9358723163604736,0.6527986392378807,0.943134482536051,4.1224029700970277e-07,0.6252533696591854,0.9157590269214577,-0.024978158995509148,0.6097805943340063,0.868942115869787,-0.04097992554306984,0.6197534469887614,0.823460096369187,-0.054822951555252075,0.6369370050728321,0.7916960607800219,-0.06805974990129471,0.6198915053158999,0.7789941471483972,-0.025639666244387627,0.6140658870339394,0.708114036752118,-0.046202402561903,0.6132125115022063,0.6622481119301584,-0.062265392392873764,0.6145369779318571,0.6238794038693111,-0.07371172308921814,0.6424898846074939,0.7733668568233649,-0.028008949011564255,0.6438929509371519,0.6953434161014027,-0.04367944225668907,0.6464778851717711,0.6474079996347427,-0.05730315297842026,0.6494802633300424,0.6082894448190928,-0.06707912683486938,0.6632987722754479,0.7847277543610996,-0.03359627351164818,0.6684057680889964,0.713766774121258,-0.04909887537360191,0.6718182168900967,0.6703458358016279,-0.059599798172712326,0.6743196841329336,0.6336791683816247,-0.06717053055763245,0.6831391450017691,0.8086005321807331,-0.04164339601993561,0.6935244292020798,0.756672647015916,-0.05532772094011307,0.6992674885317683,0.7234539462460412,-0.06011486053466797,0.7028791612014175,0.6928831613726086,-0.06301271170377731
166,5.538333333333333,0,Left,0.9811371564865112,0.30675559361698107,0.9751067094504833,4.520412915098859e-07,0.3338813384063542,0.9400371459623178,-0.03154394403100014,0.3481794455088675,0.8867349910239378,-0.046512190252542496,0.3355231243884191,0.8380302112135622,-0.05875568836927414,0.3175610616104677,0.8056836539672481,-0.07001370191574097,0.33938002549111845,0.7888274025585916,-0.030424073338508606,0.35539664551615713,0.7125231037537257,-0.05240398272871971,0.3623761501163244,0.6645439528756671,-0.0699959546327591,0.36690625506453217,0.623162206966016,-0.08228424191474915,0.3127648905850947,0.7831560327774949,-0.030409932136535645,0.31376980210188776,0.6957314188281695,-0.04613974690437317,0.3123289380222559,0.6425927288002438,-0.061085473746061325,0.310636166553013,0.5974929972241322,-0.07199568301439285,0.29105798818636686,0.7981745762957467,-0.03369714319705963,0.28393136291997506,0.7220672979950905,-0.04895729571580887,0.27885406111599875,0.6726831252376239,-0.06191076710820198,0.2755528218811378,0.6297800127002928,-0.07114811986684799,0.2724541211617179,0.8312534477147792,-0.040251120924949646,0.2581003652652726,0.7793820204834143,-0.05586804449558258,0.24946930394507943,0.7447140458557341,-0.06270021200180054,0.24343740104231984,0.7119698677625921,-0.06643568724393845
166,5.538333333333333,1,Right,0.9212421178817749,0.6426336379256099,0.9591229897406366,4.5956917915646045e-07,0.6127540106419473,0.9344869731201066,-0.026883872225880623,0.5952892961911858,0.8856468926701281,-0.04302344098687172,0.6076884692534804,0.8374947450227208,-0.057206686586141586,0.6278135602362453,0.8079950219227208,-0.07097987085580826,0.6044396811164916,0.7922554213139746,-0.025419440120458603,0.597306509455666,0.7194921433925628,-0.045853033661842346,0.594799480214715,0.6727501070333852,-0.06222022697329521,0.5940901956986636,0.6334084592759609,-0.07446712255477905,0.627255810983479,0.7845591137806575,-0.028176594525575638,0.6255411352962256,0.7040826211373011,-0.0441531278192997,0.6258807661477477,0.653276907487048,-0.05890864133834839,0.6270890333689749,0.6110554091218445,-0.06986376643180847,0.6485853319521994,0.7949374535017544,-0.03445875644683838,0.6508429409004748,0.7226743609540992,-0.050844039767980576,0.6522858124226332,0.6780368382732074,-0.06291148066520691,0.6533375346567482,0.6404063532749812,-0.07181761413812637,0.6696450029034168,0.8187012403375573,-0.04353823885321617,0.6783154491800815,0.7680273768802484,-0.05867839977145195,0.6830119053833187,0.7341132385863198,-0.06496623903512955,0.686555805336684,0.7027637741631931,-0.06909700483083725
167,5.5716967871485945,0,Left,0.9840112924575806,0.324772005691193,0.9772199869155884,4.625659926205117e-07,0.3514461742248386,0.9453927800059319,-0.030586812645196915,0.36780334301292894,0.8958660259842872,-0.046619631350040436,0.3597563880262896,0.8466871827840805,-0.060340870171785355,0.342809928022325,0.8157231628894805,-0.07334249466657639,0.3610494430409744,0.7965478792786598,-0.03215679153800011,0.38143760422244666,0.7234460294246674,-0.05638632923364639,0.39050973220728336,0.675740459561348,-0.07525743544101715,0.39720328445546327,0.635198412835598,-0.0883549377322197,0.3355974873062223,0.7882338002324104,-0.033736735582351685,0.33838199069723485,0.7007160574197769,-0.052145615220069885,0.33804945417214183,0.6472989335656166,-0.06780193746089935,0.3382908450672403,0.6029297597706318,-0.07915572822093964,0.3137872081948444,0.8019444942474365,-0.038572344928979874,0.3085899912053719,0.7249408662319183,-0.0565883032977581,0.3050447514047846,0.674768504500389,-0.07022307813167572,0.30368847454665227,0.6316905029118061,-0.079744853079319,0.29445856002857906,0.8340492606163025,-0.046496711671352386,0.2810440239496529,0.7824242383241653,-0.06490200012922287,0.27243437434080986,0.7465241715312004,-0.0725889578461647,0.26666382760740814,0.712372949719429,-0.07676176726818085
167,5.5716967871485945,1,Right,0.9285910129547119,0.6309940930455923,0.9676482260227204,4.583259567425557e-07,0.6027106460183859,0.9425189182162285,-0.027840634807944298,0.5855412703473121,0.8970601841807365,-0.04483960196375847,0.5951641042716801,0.8505438894033432,-0.059839267283678055,0.6118937660008669,0.819814820587635,-0.0741955041885376,0.5911239533685148,0.8007305443286896,-0.026136266067624092,0.581741736875847,0.7276485294103623,-0.046847157180309296,0.5779803843703121,0.6813655003905297,-0.0639902651309967,0.5762169229798019,0.6422334626317024,-0.07658718526363373,0.613518039137125,0.7911484122276307,-0.028591400012373924,0.6091100009158253,0.710312882065773,-0.043940044939517975,0.6072561849374324,0.6597460255026817,-0.05906546488404274,0.6064047072082758,0.61745740249753,-0.07052149623632431,0.6352272933814674,0.7994656026363373,-0.03457839787006378,0.6354512461926788,0.7256789937615394,-0.04930195212364197,0.6357247006613761,0.6809849202632904,-0.06095074117183685,0.6353478130418807,0.6436788201332092,-0.0699603408575058,0.6571568089071661,0.8215182915329933,-0.04366087168455124,0.6644336580298841,0.7694273859262466,-0.05662435293197632,0.6674768497701734,0.7350392684340477,-0.06182482838630676,0.6691574451047927,0.7040303066372872,-0.06551118195056915
168,5.605060240963855,0,Left,0.9812812805175781,0.33344065316487104,0.9757946853836378,4.956049792781414e-07,0.36196727415081115,0.9542745514876313,-0.030874233692884445,0.38047210820950567,0.9060864329338074,-0.04565446823835373,0.37696608756668865,0.8571003554595842,-0.05785946547985077,0.3630050858715549,0.8230841702057256,-0.068917416036129,0.3792771847452968,0.8041086113287343,-0.029452063143253326,0.402144680917263,0.7326689678761694,-0.05218243971467018,0.41306620312388986,0.6864397110210525,-0.06979649513959885,0.42111935205757617,0.6473205308119456,-0.08178327232599258,0.3549681169446558,0.7915853014422788,-0.03015376441180706,0.36372386240400373,0.703671069112089,-0.04715714603662491,0.36635214411653577,0.6507914644976457,-0.06168074905872345,0.3682738459901884,0.6083067833135526,-0.07181133329868317,0.33210404007695615,0.8001800621549289,-0.03438478335738182,0.3321430976968259,0.7215024167464839,-0.051710210740566254,0.3315802520141006,0.6710812122457557,-0.06495967507362366,0.3324297552462667,0.6285360619839695,-0.0737614557147026,0.309917355584912,0.8273715658320321,-0.04167255386710167,0.2999697534600273,0.7737708609965113,-0.05935824662446976,0.29352623319718985,0.7366665691137314,-0.06700527667999268,0.28944892436265945,0.7012094342046313,-0.07097525149583817
168,5.605060240963855,1,Right,0.9268189668655396,0.6289650402031839,0.9682086627516482,4.4995016423854395e-07,0.6007650156505406,0.9493195806940397,-0.03064347803592682,0.5813769964501262,0.910678330477741,-0.04924383759498596,0.5859719773754477,0.8659088282121552,-0.06508782505989075,0.5973916781134904,0.8314555144972271,-0.07974928617477417,0.5842420914210379,0.8041654574374358,-0.029331449419260025,0.5721504092682153,0.7315998469789823,-0.050277721136808395,0.5668172463774681,0.6858024135231972,-0.06750304251909256,0.5633152090478688,0.6467686318688922,-0.08002001792192459,0.6066401911433786,0.7926994075377782,-0.03047037310898304,0.6001345241442323,0.7112252613736524,-0.04569545388221741,0.5961902332957834,0.6616567053728634,-0.06036834791302681,0.5931194513104856,0.6200933365772168,-0.07153133302927017,0.6287488837726414,0.7997368522816234,-0.035262785851955414,0.6260919081047177,0.7250086312492688,-0.04999781772494316,0.6231703769881278,0.6803321616517173,-0.061299439519643784,0.6196976328734308,0.64220489859581,-0.07016376405954361,0.6512061339337378,0.821281958785322,-0.04332902282476425,0.6573238332755864,0.7687933760384719,-0.05655185133218765,0.6592751984950155,0.7346224382519722,-0.06182447820901871,0.6596263998188079,0.7031255534953541,-0.06545062363147736
169,5.638423694779116,0,Left,0.9782143235206604,0.3328700132668018,0.974024606247743,4.84134943690151e-07,0.36340484814718366,0.9522591887248887,-0.02989627793431282,0.38552599903196094,0.9065460755593246,-0.04377392679452896,0.38203613916411994,0.8559959537453121,-0.055439725518226624,0.3721512450836599,0.8161734431154198,-0.06664691120386124,0.38151626419275997,0.8024648616711298,-0.02873961813747883,0.40522367181256413,0.7322044514947468,-0.05194338411092758,0.41709393030032516,0.6869233773814307,-0.06975169479846954,0.4259871806949377,0.6482222619156043,-0.08180346339941025,0.3583635130897164,0.789031927784284,-0.030416088178753853,0.3697018040344119,0.7022828681601418,-0.048052459955215454,0.3747251146472991,0.6483810687230693,-0.06394119560718536,0.37822023751214146,0.6058222676316897,-0.07506870478391647,0.33592091454192996,0.7975167055096891,-0.03554689139127731,0.338559964299202,0.7214649362696541,-0.053687550127506256,0.3402408493682742,0.6699112520449692,-0.06946998089551926,0.34287067567929624,0.6268754267030292,-0.08032325655221939,0.3129998937249184,0.8243117528657119,-0.04351838678121567,0.30319686653092504,0.7736307297315862,-0.06371735036373138,0.29682874577119944,0.7371077087190416,-0.07436726242303848,0.29240985251963136,0.7023081858124998,-0.08021756261587143
169,5.638423694779116,1,Right,0.927537202835083,0.6353590937331319,0.9634168118238449,4.5973902729201654e-07,0.6049395343288779,0.9402418868409262,-0.027713216841220856,0.584857240319252,0.8990504546297922,-0.045141253620386124,0.5903207944706083,0.8546174140440093,-0.06042379513382912,0.6021381765604019,0.8193731716937489,-0.0747632160782814,0.5900216661393642,0.7930943542884455,-0.02544967457652092,0.5769779529422522,0.722896526588334,-0.045106709003448486,0.5699399001896381,0.6783055418067508,-0.061638373881578445,0.5656194549053908,0.6400858067803913,-0.07381372898817062,0.6127211306244135,0.7818477096656958,-0.02779853530228138,0.6062981620430946,0.7026476235025458,-0.042026881128549576,0.6028243727982044,0.6534172975354724,-0.056373026221990585,0.6008314747363329,0.6126619155208269,-0.06736524403095245,0.634779847227037,0.7892385664085547,-0.033772844821214676,0.6324463153257966,0.7166269787483746,-0.04775236174464226,0.6297010375186801,0.6725961308512423,-0.05923805013298988,0.626780479028821,0.6351008171008693,-0.06841802597045898,0.6570074373856187,0.8110779528816541,-0.04274649918079376,0.6631576806306839,0.7601124835511048,-0.05561681464314461,0.6649982158094645,0.7262122764355606,-0.060777030885219574,0.665324873663485,0.6951765007442898,-0.0644209235906601
170,5.671787148594378,0,Left,0.9814711213111877,0.3268985450267792,0.97000093460083,4.894104677077848e-07,0.35715359449386597,0.9416970863938332,-0.03458210080862045,0.37639919519424436,0.8939664527773857,-0.050593916326761246,0.37810600996017457,0.8437602981925011,-0.06413067132234573,0.37879945039749147,0.8014094263315201,-0.07647682726383209,0.3690623164176941,0.7872132733464241,-0.029276827350258827,0.3884213924407959,0.7167666256427765,-0.052755359560251236,0.39908952116966245,0.6718134015798569,-0.07191355526447296,0.4070141077041626,0.6323293045163154,-0.08556210249662399,0.345482212305069,0.7773643419146538,-0.02955074980854988,0.3527385532855988,0.6931142643094063,-0.04862676560878754,0.35503084063529966,0.6384768813848496,-0.06618551909923553,0.3567966818809509,0.5929645627737046,-0.07893618941307068,0.32291043996810914,0.789260895550251,-0.03415307775139809,0.3237094163894653,0.7141392529010773,-0.054229870438575745,0.32405282855033873,0.6625981077551841,-0.07122310996055603,0.32585484385490415,0.6170746184885502,-0.0831754133105278,0.3004749685525894,0.8197882011532783,-0.04217222332954407,0.2870472133159637,0.7723143845796585,-0.06508973240852356,0.2782692193984985,0.7359561264514923,-0.07780755311250687,0.2717589259147644,0.7006039619445801,-0.08521851897239685
170,5.671787148594378,1,Right,0.9119478464126587,0.6462055683135987,0.9533339709043502,4.616843227722711e-07,0.6154053688049317,0.927786011993885,-0.029403991997241974,0.5953087210655212,0.8823007881641388,-0.046725183725357056,0.6007772803306579,0.8339655131101609,-0.06101350858807564,0.6143029451370239,0.7960027426481247,-0.0743708536028862,0.6090949892997741,0.7763862073421478,-0.028283243998885155,0.5976444959640503,0.7045624360442162,-0.04713669419288635,0.5926783323287964,0.6589146003127098,-0.06262313574552536,0.5905431866645813,0.6194919742643833,-0.07438220828771591,0.6325650334358215,0.7684683084487915,-0.02914867363870144,0.6284123301506043,0.6875523582100869,-0.042518969625234604,0.6267950654029846,0.639218682050705,-0.0561954639852047,0.6261781573295593,0.600009162724018,-0.06716153770685196,0.6541791319847107,0.7793724238872528,-0.03359846770763397,0.6549793958663941,0.7065300270915031,-0.04807482287287712,0.6542200446128845,0.6624908521771431,-0.05965180695056915,0.6526933312416077,0.6254206970334053,-0.06911033391952515,0.6748607516288757,0.8047533199191094,-0.040931783616542816,0.6830223560333252,0.7551557391881942,-0.055036213248968124,0.687707781791687,0.7235118865966796,-0.060685135424137115,0.6906190156936646,0.6948280200362206,-0.06486330181360245
171,5.705150602409638,0,Left,0.9756010174751282,0.3178203121293336,0.9645385951631599,4.75910951536207e-07,0.3459660928696394,0.9265470640526877,-0.030647436156868935,0.36328557031229136,0.8730044129821989,-0.04496337100863457,0.3616995433811098,0.8222398027777672,-0.05812288448214531,0.3598444823175669,0.7810009700556596,-0.07055852562189102,0.34665796069893984,0.7706279353963004,-0.02421591803431511,0.3600148018449545,0.6959948172999753,-0.04759613052010536,0.3674220621818677,0.6493389127155145,-0.06690189242362976,0.37264866901095955,0.6080246877339152,-0.08048781007528305,0.32139505159575493,0.7673110210233265,-0.026515498757362366,0.3227330396650359,0.6836287183894052,-0.045372530817985535,0.3219282762147486,0.6291651431057188,-0.0628182664513588,0.3213261907920241,0.5832683799167474,-0.07541372627019882,0.2992171764839441,0.7858088655604256,-0.03297267109155655,0.294394397106953,0.7114526458084584,-0.05251814052462578,0.28971062852069734,0.6608462817139096,-0.06787783652544022,0.28727390638086947,0.6155022585143646,-0.07861447334289551,0.27923735885415224,0.8236735927561919,-0.04273078218102455,0.2629452131455764,0.7800213451186816,-0.06444890052080154,0.2514377054059878,0.7464784748852253,-0.07514876872301102,0.24233179877046496,0.7135240783294042,-0.08090861141681671
171,5.705150602409638,1,Right,0.8366544246673584,0.660184146789834,0.9423930678102705,4.1688605278977775e-07,0.6309315837919712,0.9034639209508896,-0.02302141673862934,0.6154688617680222,0.849613878213697,-0.03637929633259773,0.6244031596928835,0.8027413718402385,-0.04778046905994415,0.6383828789461404,0.7684593728019131,-0.058696504682302475,0.633781231334433,0.7581628949277931,-0.02130964957177639,0.6269793898798526,0.684770255535841,-0.03750684857368469,0.6258717604447156,0.6394240542418427,-0.0509970560669899,0.6274481369182467,0.6021052739686437,-0.061206113547086716,0.6571435159537942,0.7570895472334491,-0.023761054500937462,0.6576845677569508,0.6769477910465664,-0.03494188189506531,0.6592386229429394,0.6306159265339375,-0.04736129194498062,0.6617228054441512,0.5942809117337068,-0.05743223801255226,0.677168841753155,0.7729964082439741,-0.029282743111252785,0.6826661402359605,0.701486289418406,-0.04195531830191612,0.6848564257845282,0.657995307031605,-0.05311997979879379,0.6862904027570039,0.6218634588436948,-0.062469497323036194,0.6954996282234788,0.8029821267558469,-0.037034425884485245,0.7061788541264832,0.7576539971762233,-0.04967920854687691,0.7127880547661334,0.7278296301762263,-0.0547403022646904,0.7178006203379482,0.7004119065900644,-0.05865950509905815
172,5.7385140562249,0,Left,0.9825882315635681,0.30956190462457017,0.9621002778410912,4.4101653884354164e-07,0.33821346461772916,0.9183665350079536,-0.03439628332853317,0.3501811553258449,0.8588616847991943,-0.04917552322149277,0.34200854185037316,0.8028152868151665,-0.061666738241910934,0.3395053650485352,0.7610483139753341,-0.07302461564540863,0.33126888307742774,0.7599647387862205,-0.024976246058940887,0.33898741302546115,0.6844703376293182,-0.045902565121650696,0.3425274032400921,0.6356754019856453,-0.06337615102529526,0.3437795237172395,0.5925333581864833,-0.07629815489053726,0.30523482855642214,0.7596075803041458,-0.023753546178340912,0.2988147484138608,0.6766031712293625,-0.04056414216756821,0.2924810871249065,0.6229125499725342,-0.05604350566864014,0.2864099135505967,0.577645056694746,-0.06758721172809601,0.2834694861783646,0.7803511634469033,-0.027117609977722168,0.27013053828850386,0.70981385409832,-0.045057300478219986,0.2606172475032508,0.6618033707141876,-0.05996426194906235,0.253188225068152,0.618517404794693,-0.07058447599411011,0.2641244618222117,0.8194323390722275,-0.03417025879025459,0.24273381719831377,0.7790468111634254,-0.05428446829319,0.22786675605457277,0.7495847150683403,-0.0655447468161583,0.21512659707805143,0.7211487203836441,-0.07229985296726227
172,5.7385140562249,1,Right,0.8898788690567017,0.6632435474544763,0.9417295828461647,4.2834568603211665e-07,0.634891817253083,0.9019331827759742,-0.02459864690899849,0.6221554602030664,0.8496187344193459,-0.03857242688536644,0.6335927386302501,0.8024863466620445,-0.0504065603017807,0.6494931885506958,0.7670783936977387,-0.06172742322087288,0.6439962800126523,0.7566544651985169,-0.020025035366415977,0.6454747166950255,0.6838074445724487,-0.03557046502828598,0.6479329862631857,0.6392765879631043,-0.048750072717666626,0.6519162056501955,0.6022143840789795,-0.05869196727871895,0.6676887250971049,0.7582406118512154,-0.021395107731223106,0.6764800561591983,0.6798356175422668,-0.031640198081731796,0.6821141436230391,0.6340535178780555,-0.04321890324354172,0.6881447536405176,0.5963653467595578,-0.05295124650001526,0.6869714384898543,0.7766245290637016,-0.026165669783949852,0.6990183021407574,0.7078276380896569,-0.03790689632296562,0.7050061525776983,0.666681943833828,-0.04793374985456467,0.7099222660530359,0.6302585631608963,-0.056762728840112686,0.7036414447706193,0.8080475181341171,-0.03348711133003235,0.718419813644141,0.7663966596126557,-0.045272067189216614,0.727538594091311,0.7380697786808014,-0.04999202489852905,0.7356157434172929,0.7099718421697616,-0.05380718782544136
173,5.77187751004016,0,Left,0.9753798246383667,0.31307901481632144,0.956409077346325,4.1363239233760396e-07,0.3399473534198478,0.9113651916384697,-0.03268121927976608,0.35282595849130305,0.8528846278786659,-0.04859587177634239,0.34600333832204344,0.7986123979091644,-0.0627303346991539,0.34370972889009865,0.7567945629358291,-0.07584431022405624,0.33029545687604694,0.7574219778180122,-0.02673150599002838,0.334961370844394,0.6821967095136643,-0.0491948239505291,0.33587449656333773,0.6341434881091118,-0.06710895895957947,0.3353934425394982,0.591661398857832,-0.08042317628860474,0.3042398920399137,0.7593156307935714,-0.027507565915584564,0.29375533395214004,0.6780458927154541,-0.046793725341558456,0.2858957911725156,0.6252684779465199,-0.06311403959989548,0.278946929750964,0.580473069101572,-0.07499678432941437,0.2827689875732176,0.7820506587624549,-0.032558318227529526,0.2667628275230527,0.7125877633690834,-0.05364500731229782,0.2558739131782204,0.6653738752007484,-0.06923422962427139,0.24745861594565213,0.6232690170407296,-0.0798138752579689,0.2649368994636461,0.8225787475705146,-0.040882717818021774,0.24200518026482315,0.7826943218708038,-0.06422942131757736,0.22619263832457365,0.75300233066082,-0.07654575258493423,0.21251848414540292,0.7232881277799607,-0.08360734581947327
173,5.77187751004016,1,Right,0.9288391470909119,0.6498793196398764,0.9472940817475319,4.171188834334316e-07,0.6226025349926203,0.9084720999002457,-0.024919645860791206,0.6102937228046358,0.855819334089756,-0.03882276639342308,0.6211696639657021,0.8109037488698959,-0.05026392638683319,0.6354011704679579,0.7769279301166534,-0.060959815979003906,0.6340569431893528,0.7645574122667312,-0.021444134414196014,0.6373369901441037,0.6936545178294182,-0.03760797530412674,0.6406896641012281,0.6492838099598884,-0.05102936550974846,0.6452318002004176,0.6128868974745274,-0.060960765928030014,0.6580653985962271,0.7658757656812668,-0.022968649864196777,0.6689862703438848,0.689439269900322,-0.034004535526037216,0.6759570168796927,0.6436694860458374,-0.045824646949768066,0.6826172439847141,0.6068242996931076,-0.05523831769824028,0.677086939336732,0.7841116338968277,-0.027847887948155403,0.691362653579563,0.7165917411446572,-0.04024377092719078,0.6991299764253199,0.6760528922080994,-0.05056402459740639,0.7052527484949678,0.6407422557473182,-0.059126708656549454,0.6925069568678737,0.8159280806779862,-0.03523630648851395,0.7087131645530462,0.7736438006162644,-0.04767630621790886,0.7185191794764251,0.7449133932590485,-0.052727680653333664,0.7268140277359635,0.7168837338685989,-0.056375838816165924
174,5.805240963855422,0,Left,0.9666770696640015,0.3233376313233748,0.9570128096474542,4.248307163834397e-07,0.35123783224262295,0.9191791602306896,-0.03432324901223183,0.3661871186224744,0.8660695027973917,-0.052712827920913696,0.3661513921804726,0.8146687444713381,-0.06927193701267242,0.3698741332627833,0.7730275448825624,-0.0847766324877739,0.3501537365373224,0.7668271462950441,-0.031513284891843796,0.35862673725932837,0.6911594144999981,-0.056998759508132935,0.3609018964925781,0.6422958106630379,-0.07704151421785355,0.3620071777841076,0.5998456441279915,-0.0916183739900589,0.3232010706560686,0.7656491878959868,-0.032995112240314484,0.31633417354896665,0.6829894739720557,-0.054845891892910004,0.3110545562580228,0.6299548487696383,-0.07302402704954147,0.30628691809251907,0.5843397768421306,-0.08608391880989075,0.30102163896663114,0.7853727497988277,-0.038628194481134415,0.28819035601336507,0.7148422795865271,-0.061070963740348816,0.27907271068543194,0.6665354209641615,-0.07737275958061218,0.27228468670509753,0.6218017287966278,-0.08851107954978943,0.2826087559922598,0.8225487306714058,-0.04765282943844795,0.2608009709510952,0.7808588662081295,-0.07135097682476044,0.24612708837958053,0.7508479221827454,-0.0831591933965683,0.23401194257312455,0.7197818076444997,-0.08982178568840027
174,5.805240963855422,1,Right,0.9495475888252258,0.6299560744315386,0.9680598227514161,3.8564536453122855e-07,0.6019608908798546,0.9391283383799924,-0.02900616079568863,0.5842916537076235,0.8939049450887574,-0.04737240448594093,0.5893545858096332,0.8518107811609904,-0.06324192881584167,0.5981833704281598,0.81783187472158,-0.07825326174497604,0.6028682755306363,0.7890388947394159,-0.03137267753481865,0.5992401116993278,0.7149421205123265,-0.0532953254878521,0.5992699689231813,0.6689540738860766,-0.07093691825866699,0.6011438534129411,0.6301810928102997,-0.0835212767124176,0.6269577675964684,0.7871321755150954,-0.03396014869213104,0.631283116992563,0.7050153520372179,-0.05092550441622734,0.634469274058938,0.6547388215859731,-0.06609925627708435,0.6375743195880205,0.6138837069272995,-0.07722145318984985,0.6478646981529892,0.8029786536263095,-0.040014538913965225,0.6567908800672739,0.7308519408934646,-0.056959789246320724,0.6613831466995179,0.6856978214449353,-0.06887394934892654,0.6642513084691017,0.6471005578007963,-0.07769446820020676,0.6667943895794451,0.8325963387058841,-0.04890352487564087,0.6809229548089206,0.7826086368825701,-0.06401969492435455,0.6890419341623784,0.750021528535419,-0.06942645460367203,0.6952620716299862,0.7194278616044256,-0.07281747460365295
175,5.838604417670683,0,Left,0.9715344905853271,0.3379536418244243,0.9711751282215119,4.1638165271251637e-07,0.36951065696775914,0.9388873100280761,-0.031204810366034508,0.3877753920853138,0.8814247667789459,-0.0474032387137413,0.39728629384189845,0.8236509144306183,-0.06177935004234314,0.4113104797899723,0.7790757641196251,-0.07508300244808197,0.37586104944348336,0.7861396804451942,-0.030051415786147118,0.39270812161266805,0.7145977899432182,-0.055721160024404526,0.40143484603613616,0.667132443189621,-0.07463622093200684,0.408495874889195,0.627354084700346,-0.08810530602931976,0.3506127901375294,0.7772082984447479,-0.032333068549633026,0.3530458526685834,0.6932242855429649,-0.054223619401454926,0.3539030931890011,0.6397995561361313,-0.06951460987329483,0.35415247064083816,0.5923354841768742,-0.08024728298187256,0.32791411578655244,0.7911128908395767,-0.03891530632972717,0.3220570104196668,0.7155154690146446,-0.06263995170593262,0.31863719671964646,0.6669391930103302,-0.07739094644784927,0.3170149249956012,0.621506754308939,-0.08708487451076508,0.30737014189362527,0.8245080947875977,-0.048454564064741135,0.2881704934872687,0.7787551641464233,-0.07321321964263916,0.27585471915081144,0.7474326461553573,-0.08456293493509293,0.26583257857710124,0.7144281774759292,-0.0909438207745552
175,5.838604417670683,1,Right,0.958354651927948,0.623798507079482,0.9816132307052612,3.0617843549407553e-07,0.5924457468092441,0.9617335259914398,-0.028332257643342018,0.56933583766222,0.9278491035103797,-0.046912726014852524,0.5687393348664045,0.886473773419857,-0.06388895958662033,0.5750263080000877,0.8490283966064454,-0.07959839701652527,0.5761603888124227,0.8156022518873215,-0.023818764835596085,0.5571399301290512,0.7480884522199631,-0.045040007680654526,0.5471417929977178,0.7032208770513535,-0.0630674809217453,0.5408644814044237,0.6659656390547752,-0.07618357241153717,0.5980935364961624,0.8026927337050438,-0.025937242433428764,0.5880136124789714,0.7218929409980774,-0.04289526492357254,0.5828836530447006,0.6725114271044731,-0.05795656517148018,0.5798061870038509,0.6323404103517533,-0.06925114244222641,0.6207440800964832,0.8091471254825592,-0.03217306733131409,0.6174763914197683,0.7353160068392753,-0.04873543977737427,0.6140180200338363,0.6917555496096611,-0.06009554862976074,0.6106558039784431,0.65516307502985,-0.06866514682769775,0.6447470623999834,0.8301448032259942,-0.04146422818303108,0.651837358996272,0.7769265905022621,-0.054937176406383514,0.6544915221631527,0.7435128048062325,-0.06026117131114006,0.6555167779326438,0.7116303712129592,-0.06400804221630096
176,5.871967871485944,0,Left,0.9837222099304199,0.3411347448825836,0.969147989153862,4.4879533334096777e-07,0.3743057668209076,0.9484042331576348,-0.027985205873847008,0.4010501980781555,0.9012486398220062,-0.041538819670677185,0.41687644720077516,0.8512994319200515,-0.053307317197322845,0.4338664889335632,0.8135320290923118,-0.06416752934455872,0.3938625931739807,0.8010211110115051,-0.023630985990166664,0.41737598180770874,0.7351614326238632,-0.047204673290252686,0.4310475945472717,0.6908778861165047,-0.06540413945913315,0.4430213689804077,0.6537470161914826,-0.07772291451692581,0.370839387178421,0.7855202600359916,-0.025418903678655624,0.383763986825943,0.7032955929636955,-0.04327516257762909,0.3904295086860657,0.6531728401780128,-0.05706547200679779,0.39674564599990847,0.6096796661615371,-0.06703551113605499,0.34794415831565856,0.791313573718071,-0.031373169273138046,0.3523859679698944,0.7164438650012016,-0.05089861899614334,0.35565343499183655,0.6667462021112442,-0.06334912031888962,0.3604995787143707,0.6225776895880699,-0.07179009169340134,0.3242654919624329,0.815181915462017,-0.0401713065803051,0.31159772276878356,0.7651316314935684,-0.05992117151618004,0.3047878086566925,0.7285693198442459,-0.06819625943899155,0.30062770247459414,0.6910500913858414,-0.07281731069087982
176,5.871967871485944,1,Right,0.9424657225608826,0.6198481440544128,0.9783214524388313,3.8184279560482537e-07,0.588551664352417,0.959749773144722,-0.027044203132390976,0.5662810325622558,0.9274683937430381,-0.044537581503391266,0.5647693037986755,0.8882077097892761,-0.06031177565455437,0.570915138721466,0.8533893167972565,-0.07480162382125854,0.5689141750335693,0.8157754942774773,-0.022463228553533554,0.5476761221885681,0.7529217809438705,-0.04125141352415085,0.535755741596222,0.712201738357544,-0.05749053880572319,0.5267913341522217,0.6763209447264671,-0.0695473700761795,0.5902615189552307,0.8009655818343162,-0.025510026142001152,0.5775465607643128,0.7226824060082435,-0.03923054039478302,0.5695181727409363,0.6753934994339943,-0.05280913785099983,0.5635867714881897,0.6370178900659085,-0.06307162344455719,0.6130633354187012,0.8053438737988472,-0.032350581139326096,0.6044426798820496,0.7343824684619904,-0.04606635496020317,0.5976525068283081,0.6910326331853867,-0.05621948838233948,0.5915824890136718,0.6549387544393539,-0.06421146541833878,0.6372319340705872,0.8235033407807351,-0.042305540293455124,0.6397402286529541,0.7710850939154625,-0.05375595763325691,0.639899480342865,0.7371707245707512,-0.05726081132888794,0.6392663002014161,0.7064137399196625,-0.05975743755698204
177,5.905331325301205,0,Left,0.9778522253036499,0.33461250555701555,0.9611155556307899,4.6571335587941576e-07,0.36954007677268236,0.9420884698629379,-0.030496174469590187,0.3971747941104695,0.8959433025783963,-0.044654134660959244,0.41203520973213015,0.8447786718606949,-0.05665424093604088,0.4302658814005554,0.8094300879372491,-0.06782776117324829,0.3894625453511253,0.7926125082704756,-0.026693202555179596,0.412756365002133,0.7275961591137781,-0.04937026649713516,0.4262507090112194,0.6860363622506459,-0.06709801405668259,0.4375106259481981,0.6497660193178388,-0.07971606403589249,0.36691476139239965,0.7774949491024017,-0.02781127206981182,0.38070237485226244,0.6984603497717116,-0.046295780688524246,0.3886083175195381,0.647782430715031,-0.06133168935775757,0.3952917985152453,0.6044933108819855,-0.07228627055883408,0.3440602086484432,0.78320049378607,-0.03293326869606972,0.3504288607509807,0.7095726016494963,-0.05268792808055878,0.354794800421223,0.6605160137017568,-0.06668329238891602,0.3606819104403257,0.6176277152366109,-0.07640375941991806,0.3199193955166265,0.8073116342226664,-0.041040852665901184,0.3097257285378873,0.7553028060330285,-0.06244059279561043,0.304457254242152,0.7176771316263411,-0.07296333461999893,0.30187100076582285,0.6815934916337331,-0.07892704010009766
177,5.905331325301205,1,Right,0.9018207788467407,0.6281957440543919,0.96109928852982,4.3258023652015254e-07,0.5971603792160749,0.9368809153636296,-0.025327617302536964,0.5768964421004057,0.8970857736137178,-0.041296347975730896,0.5770533359609544,0.8540422436263826,-0.055269431322813034,0.5832469454966486,0.817914574013816,-0.0682486817240715,0.5854508195538074,0.7902312215831545,-0.025088872760534286,0.5695350324269384,0.7208149035771688,-0.043617360293865204,0.5609947646502406,0.6774484607908461,-0.05913883447647095,0.5552293281536549,0.6406588286161423,-0.07050386071205139,0.6083666219376027,0.7804565158155229,-0.02817097306251526,0.600534925609827,0.7006996138228311,-0.041577987372875214,0.5961524528451264,0.6527750425868564,-0.055315837264060974,0.593052452756092,0.6137054569191402,-0.0658659115433693,0.6308239136822522,0.7886954771147834,-0.03448224812746048,0.6280756502412259,0.7161081155141195,-0.04851171746850014,0.6256616389378905,0.6707062462965647,-0.059308212250471115,0.6229432104621082,0.6327725163764424,-0.06789872795343399,0.6534711295738816,0.8108808096912172,-0.0434102788567543,0.66064706700854,0.7583363384008408,-0.05628202110528946,0.6643847670406103,0.7240892757972082,-0.06039522960782051,0.6665109840221703,0.693117626508077,-0.06319782137870789
178,5.9386947791164655,0,Left,0.973456859588623,0.325692655146122,0.953203114370505,4.3845753339155635e-07,0.35906232222914697,0.9231173905233542,-0.027006447315216064,0.38126026019454,0.8641457470754782,-0.036813344806432724,0.39178965203464033,0.8081407137215137,-0.04501646012067795,0.4064247891306877,0.7710009353856245,-0.052458666265010834,0.3679871760308743,0.7736014239490032,-0.021581679582595825,0.3875921990722418,0.7035131851832072,-0.04126337170600891,0.3987955074757338,0.6598959155380726,-0.056331612169742584,0.4066123299300671,0.6220138979454836,-0.06741756200790405,0.34353210404515266,0.7636087487141291,-0.024240493774414062,0.35218900851905344,0.6796951194604238,-0.041539907455444336,0.3573835089802742,0.627394067744414,-0.05628908425569534,0.3611469019204378,0.583713843797644,-0.06687212735414505,0.3201497968286276,0.7747040477891763,-0.030690737068653107,0.32177414037287233,0.6992911398410797,-0.05078218877315521,0.3237739305943251,0.6484070705870787,-0.0665084719657898,0.32661686949431895,0.6040631644427776,-0.07727887481451035,0.29710570741444825,0.8043780587613583,-0.03971409425139427,0.28300681579858067,0.7547267377376556,-0.062419094145298004,0.27408228144049646,0.7178625501692295,-0.07473001629114151,0.26787766367197036,0.6810499082008997,-0.08189743012189865
178,5.9386947791164655,1,Right,0.8768937587738037,0.6432596489787101,0.9430068209767342,4.823141352972016e-07,0.6112965196371078,0.9124248946706454,-0.026456302031874657,0.5926374331116676,0.862144161015749,-0.04063203185796738,0.600165131688118,0.8138127289712429,-0.052407100796699524,0.6152812413871288,0.7802983100215594,-0.06338143348693848,0.6113186798989773,0.7627753267685572,-0.022474797442555428,0.602708925306797,0.6892672156294187,-0.03894774615764618,0.5997982278466225,0.6431949237982432,-0.053098976612091064,0.5991586104035378,0.6047323662787676,-0.06387519836425781,0.6356662727892399,0.7585032135248184,-0.023754747584462166,0.6347372576594352,0.6767376363277435,-0.03569108247756958,0.6347543798387051,0.6282338785628477,-0.04891428351402283,0.635831032693386,0.5895541645586491,-0.059221357107162476,0.6572970248758793,0.7719079814851284,-0.028448421508073807,0.6620288796722889,0.6981906890869141,-0.04231075942516327,0.6645151004195213,0.6540022020538648,-0.05385890230536461,0.6662569627165794,0.6173169246564308,-0.06274047493934631,0.6771134465932847,0.799292820195357,-0.03578219562768936,0.6887017302215099,0.7509191433588663,-0.049417752772569656,0.6958184234797955,0.7196425249179205,-0.05476827174425125,0.7015362091362476,0.6911612339317799,-0.05828181654214859
179,5.972058232931727,0,Left,0.9588889479637146,0.3218139390926808,0.9469813969400194,4.1811102846622816e-07,0.35023391803260895,0.9033964110745324,-0.025824734941124916,0.3652893082704395,0.8368583288457658,-0.0370023138821125,0.37418022074270996,0.779176707069079,-0.04749566316604614,0.38975620330311356,0.7435583929220836,-0.05753168836236,0.34584198442753405,0.7529879324966007,-0.022848136723041534,0.35675442656502127,0.6767242494556639,-0.04283083230257034,0.36224440021906046,0.6298414884342087,-0.05776868388056755,0.3653519606217742,0.589475740161207,-0.06915140897035599,0.3204857772216201,0.7514193935526742,-0.026564637199044228,0.31726239116396754,0.6660022344854143,-0.044596683233976364,0.3152487355284393,0.6137162582741843,-0.05905000865459442,0.31315675501246004,0.5700203307800823,-0.06949277967214584,0.298382205166854,0.7720734063122008,-0.03385363891720772,0.28760040205670523,0.6991892026530372,-0.0534273236989975,0.281456515728496,0.6496478550963931,-0.0680505782365799,0.2777158040320501,0.6045793096224467,-0.0784204974770546,0.27913205306977035,0.8103969610399671,-0.04384151101112366,0.2581534476019442,0.7690148876772986,-0.065249003469944,0.2443927593296394,0.7369915160867903,-0.07685243338346481,0.23368574061896652,0.7043100860383775,-0.0839017927646637
179,5.972058232931727,1,Right,0.9307730197906494,0.6515344948973507,0.9319250888294643,4.637741426449793e-07,0.6228411530610174,0.8943186746703253,-0.024339724332094193,0.6089322177693248,0.8434920526213117,-0.03938893601298332,0.619281751755625,0.8006884515285492,-0.052224043756723404,0.6345224366057665,0.7690357529454761,-0.06478624045848846,0.6285140043590218,0.7488361345397101,-0.0249582938849926,0.6258515626657755,0.6768972446521123,-0.042657673358917236,0.6264802387915551,0.6327106797032886,-0.05653470382094383,0.6297749442979693,0.5955107478631867,-0.06683430820703506,0.6526865957304835,0.7474277072482639,-0.027615826576948166,0.6584274620283395,0.6680856380197737,-0.04053713008761406,0.6631418720819056,0.6212631520297792,-0.053305916488170624,0.6683903188444674,0.5829462125897408,-0.06353814899921417,0.6722799762152135,0.7647405008474986,-0.03349867835640907,0.6842304118443281,0.6961139831278059,-0.04837408289313316,0.6902379754930734,0.6525155497921837,-0.06112193316221237,0.6948453591670841,0.6147557477156321,-0.07120896130800247,0.6887656641192734,0.7967630916171604,-0.04161009192466736,0.7044066971167922,0.7529624256822798,-0.056547533720731735,0.7136646300088614,0.7219392422172758,-0.06376122683286667,0.7208619840908795,0.6921445068385866,-0.06902310252189636
180,6.005421686746988,0,Left,0.9789056181907654,0.3198610143736005,0.9426037135223547,3.925665623683017e-07,0.3507779071107507,0.9015755454699198,-0.03323633596301079,0.36554884277284144,0.8379032562176386,-0.047899652272462845,0.3675578339025378,0.781182799488306,-0.059999581426382065,0.3767380066215992,0.7403276090820631,-0.07141128182411194,0.3410848809406161,0.7489001726110777,-0.03269844129681587,0.34515903797000647,0.6737369957069556,-0.05527997016906738,0.3459281582385302,0.6240899339318275,-0.07228334248065948,0.34477554075419903,0.5812887015442053,-0.08520157635211945,0.3137608030810952,0.7482752799987793,-0.033038582652807236,0.30244725896045566,0.6654290705919266,-0.053482536226511,0.2947960615158081,0.6118318382650614,-0.06936933845281601,0.287403548322618,0.5673212998857101,-0.0807071253657341,0.29209626745432615,0.7689595383902391,-0.037166155874729156,0.27493732087314127,0.6986364324887594,-0.059174794703722,0.26434405921027065,0.651445783674717,-0.07498067617416382,0.25600044094026086,0.6090539389600357,-0.08570306748151779,0.274681731313467,0.8074145553012689,-0.04444451257586479,0.24960900880396367,0.7688162885606289,-0.06877777725458145,0.2324847152456641,0.7412878957887491,-0.081795834004879,0.218025026563555,0.7141052844623724,-0.08933781087398529
180,6.005421686746988,1,Right,0.9321993589401245,0.647252107784152,0.9333190297087034,4.4405464905139524e-07,0.6176686979830265,0.8982780613005161,-0.027921302244067192,0.6018925800919532,0.8495140547553698,-0.04404785856604576,0.6113958612084389,0.8067315109074116,-0.05732657015323639,0.6255753062665462,0.7729319830735525,-0.06974365562200546,0.6229156773537398,0.751217986146609,-0.02578684501349926,0.621043661609292,0.679221777866284,-0.04439283162355423,0.6220361828804016,0.6341312862932682,-0.059707898646593094,0.6250824131071567,0.5963854342699051,-0.07083640992641449,0.6472528979182244,0.7491787622372309,-0.02671513333916664,0.653213518857956,0.6710448463757833,-0.039586279541254044,0.6577044527977705,0.6238139737397432,-0.05288354679942131,0.6627445675432682,0.5854725005726019,-0.06321638822555542,0.6675470024347305,0.7659455984830856,-0.031228335574269295,0.6795734073966742,0.6967672742903233,-0.04569513350725174,0.6864933639764785,0.6542701870203018,-0.057646434754133224,0.6919016059488058,0.6178813837468624,-0.06703808158636093,0.6845911726355552,0.7972496847311655,-0.03842362016439438,0.7007544185966254,0.7539926258226236,-0.052960336208343506,0.7102809522300959,0.7241975739598274,-0.05918263643980026,0.7182363606989384,0.6956057163576285,-0.06334171444177628
181,6.038785140562249,0,Left,0.9714070558547974,0.33052307963371275,0.942099079489708,3.2209950973083323e-07,0.3622679103165865,0.90455345561107,-0.025078674778342247,0.3780845873057842,0.8437775857746601,-0.0375647209584713,0.3850315555930138,0.7883189966281255,-0.04926939681172371,0.3987686362117529,0.7514442913234234,-0.06064129248261452,0.36002289690077305,0.7531405153373877,-0.02588474191725254,0.3669615413993597,0.6784681516389052,-0.04741141200065613,0.36889136433601377,0.6298007170359293,-0.0630389153957367,0.36964787989854814,0.5882201722512642,-0.07491784542798996,0.3341167658567429,0.7520009924968084,-0.030290499329566956,0.32667967975139617,0.6689526426295439,-0.049339644610881805,0.3216923978179693,0.6164989316215118,-0.06294256448745728,0.31667811833322046,0.5721056312322617,-0.07265307009220123,0.31279063522815703,0.7716033148268858,-0.03804424777626991,0.2988414987921715,0.7003164887428284,-0.058938078582286835,0.2896929979324341,0.6523547855516275,-0.07259061187505722,0.28265996240079405,0.6087411666909853,-0.08187158405780792,0.2952300697565079,0.8089047707617283,-0.048326101154088974,0.2713418733328581,0.7692153540750345,-0.0714469626545906,0.25576146598905325,0.7400005596379439,-0.08277395367622375,0.24270685389637947,0.7089453786611557,-0.08927697688341141
181,6.038785140562249,1,Right,0.9551013112068176,0.6309230990707875,0.9530848115682602,3.8245769928835216e-07,0.6023247517645359,0.9266048893332481,-0.02617727778851986,0.5836988873779774,0.8841082366804282,-0.04274609312415123,0.5868316985666752,0.8424869030714035,-0.05746639892458916,0.5956816382706165,0.8090368509292603,-0.07124889642000198,0.5974614687263966,0.7742652148008347,-0.025104958564043045,0.590268948674202,0.7012347045044104,-0.044097159057855606,0.5873663194477559,0.6553277845184008,-0.05981166660785675,0.5864180646836757,0.6171976874272028,-0.07139217108488083,0.6215709574520588,0.7680433218677839,-0.028257038444280624,0.6216558746993541,0.6859748599429926,-0.042932044714689255,0.6224824488162994,0.6358336384097735,-0.056875359266996384,0.6236033856868743,0.5953730369607607,-0.06739667057991028,0.6433619424700737,0.781550137947003,-0.03483910486102104,0.6498235754668713,0.7074247834583124,-0.04996122419834137,0.65313585922122,0.6622951763371626,-0.06140202656388283,0.6549583308398723,0.6240699415405592,-0.07021872699260712,0.6635125204920769,0.8102689037720362,-0.04406639188528061,0.676747015863657,0.7601137744883696,-0.05803806334733963,0.6843837268650532,0.7252196632325649,-0.06379900872707367,0.6902775533497334,0.6919003439446291,-0.0676865354180336
182,6.07214859437751,0,Left,0.97454833984375,0.3423026271164417,0.9593008677164714,3.849351344342722e-07,0.37555946670472623,0.9322311653031243,-0.02638818882405758,0.3972330059856176,0.8786818320552509,-0.040443554520606995,0.4107012428343296,0.8272121407919459,-0.05323389917612076,0.42707176208496095,0.7890873596072197,-0.06557763367891312,0.38605295307934284,0.7794379845261574,-0.027960747480392456,0.405388529971242,0.7098876135216818,-0.05233902856707573,0.4159537360072136,0.6636433934171995,-0.07090962678194046,0.42434630542993546,0.6241655756202009,-0.08423155546188354,0.3613911189138889,0.7683984511428409,-0.03192418813705444,0.36674017533659936,0.6841028223435084,-0.05219504237174988,0.3697595201432705,0.6325773070255916,-0.06716614961624146,0.3721224173903465,0.5877009286648698,-0.07793683558702469,0.33866662830114364,0.7803179754151238,-0.03949153050780296,0.33605180867016315,0.7036900983916389,-0.06195993721485138,0.33451046571135523,0.6535954554875691,-0.07666376233100891,0.33429474085569383,0.608141589909792,-0.08649274706840515,0.31743156649172305,0.8114074887500868,-0.049421269446611404,0.29982254598289726,0.7619286957714293,-0.07358242571353912,0.28854407705366614,0.7271652455131213,-0.08465444296598434,0.2796268168836832,0.6908935007121828,-0.09087894856929779
182,6.07214859437751,1,Right,0.9658705592155457,0.6240651361644268,0.9689228968487845,3.355492026457796e-07,0.59381835013628,0.9461763799190521,-0.02821671962738037,0.5716235153377056,0.910856692161825,-0.046376898884773254,0.5702236220240593,0.8695532492465443,-0.06287077069282532,0.57491604834795,0.8315591451194552,-0.07784760743379593,0.5767082914710044,0.794625480307473,-0.02052079141139984,0.5566314592957496,0.7290175851848391,-0.04096801578998566,0.5462274171411992,0.6860690744386779,-0.05938269570469856,0.5399750836193562,0.6493263958228959,-0.07285454869270325,0.5987522758543491,0.7810115087363455,-0.022610053420066833,0.5879517219960689,0.702769349846575,-0.03832884877920151,0.5821614682674408,0.6539914492103789,-0.05358843877911568,0.5783095985651017,0.613962445076969,-0.065028615295887,0.6216862119734288,0.7867976589335336,-0.02896217629313469,0.616458398103714,0.7135077729821205,-0.04417881742119789,0.6124859794974327,0.6689688427580728,-0.054865483194589615,0.6088882409036159,0.6314586487081316,-0.06308635324239731,0.6452829845249652,0.8082448513971434,-0.03853971138596535,0.6510889731347561,0.7543084075053533,-0.05117705091834068,0.6543084174394608,0.7202639641033278,-0.05551234632730484,0.6565327309072018,0.6883582525783115,-0.05845259502530098
183,6.105512048192771,0,Left,0.9750547409057617,0.3414643222466111,0.9584876249233881,4.5088273736837436e-07,0.37603962207213043,0.9429390206933022,-0.0276633333414793,0.4045003255829215,0.89979005108277,-0.04138552024960518,0.4230145219713449,0.8531737054387728,-0.053127091377973557,0.4431051706895232,0.8192296673854192,-0.0639941468834877,0.40050257574766873,0.7964346470932165,-0.024558525532484055,0.427115492336452,0.7330687195062637,-0.047117237001657486,0.44249938763678076,0.6918166801333427,-0.06473903357982635,0.4555691872723401,0.6555889025330544,-0.07685759663581848,0.3786368861794472,0.7779266039530436,-0.026291411370038986,0.39546575881540774,0.6988559141755104,-0.0438450463116169,0.40391973303630946,0.6493950424094995,-0.05763309821486473,0.41095762653276324,0.6056104234109322,-0.06764364242553711,0.3556421739049256,0.7805898077785969,-0.03188244625926018,0.36484250631183385,0.7084882917503516,-0.05129044130444527,0.3715038632042706,0.662065307299296,-0.06307949125766754,0.37881529293954375,0.6195748044798771,-0.07093874365091324,0.33084779903292655,0.8006749028960863,-0.040212906897068024,0.32180451741442084,0.7481392013529936,-0.05963297560811043,0.31820526560768486,0.7108486543099085,-0.06716855615377426,0.3172914355061948,0.6729219580690066,-0.07124055922031403
183,6.105512048192771,1,Right,0.953261137008667,0.6218047130852937,0.9675460904836655,3.7098561733728275e-07,0.5903319185599685,0.9472136547168096,-0.02794957533478737,0.5683824563398957,0.91266002257665,-0.04546178877353668,0.5676229249686002,0.871178592244784,-0.061126358807086945,0.5735213562846184,0.8338023386895657,-0.075223907828331,0.5706405017524958,0.7988732407490412,-0.020588859915733337,0.5497170802205801,0.7344053412477175,-0.038995612412691116,0.5379055032506586,0.6928669326007366,-0.05524174124002457,0.5292739845812321,0.6562452614307404,-0.06744081526994705,0.5923305366188287,0.783539945880572,-0.02282026968896389,0.5796647574752569,0.7049926221370697,-0.03630458563566208,0.5717156391590834,0.6574111220737299,-0.049933481961488724,0.5659054571762681,0.6189351348827282,-0.060417093336582184,0.6153571544215083,0.7877661635478338,-0.029179377481341362,0.6072911286726594,0.7157457036276659,-0.04281041771173477,0.6008727051317692,0.6719104734559854,-0.053202733397483826,0.5948302494361997,0.6355107612907887,-0.06158866360783577,0.63975994810462,0.8063584789633751,-0.03880183398723602,0.6434377253055572,0.7535662228862444,-0.050543781369924545,0.6438946036621929,0.719067874054114,-0.05485376715660095,0.6430903421714902,0.6877496192852656,-0.058104246854782104
184,6.138875502008032,0,Left,0.9817314743995667,0.33611952187493443,0.9525448756085502,4.512413624979672e-07,0.37102244722191247,0.9354076365629832,-0.027257945388555527,0.3996839584549889,0.8889681865771611,-0.0393725261092186,0.4184489829465747,0.839947689904107,-0.04982100427150726,0.43877445741090926,0.809855071372456,-0.05952760949730873,0.39288941347040235,0.7875446773237652,-0.022546621039509773,0.4182475889334455,0.7244180013736089,-0.04262356832623482,0.43292141060810535,0.6832252336872948,-0.05850854516029358,0.4444133060751483,0.6481853776507908,-0.06988809257745743,0.3710203897440806,0.7709383096959855,-0.024310609325766563,0.3871461110655218,0.6922434541914199,-0.04083668068051338,0.3952210869640112,0.6415242817666795,-0.05424110218882561,0.4012685286812484,0.5987863563828998,-0.06387536972761154,0.3485189120285213,0.7744083642959595,-0.029813027009367943,0.3577766988659278,0.700893430908521,-0.0471712164580822,0.36424432531930506,0.6532082680198882,-0.059350594878196716,0.37109859227202835,0.6119678702619341,-0.06787621229887009,0.3242911553010345,0.7953037808338801,-0.03812968730926514,0.31670190950389954,0.741684553027153,-0.05673842877149582,0.31347030990291386,0.7042254971133338,-0.06536297500133514,0.31268892758525907,0.6687080823712879,-0.07019339501857758
184,6.138875502008032,1,Right,0.9019380211830139,0.6314380226191133,0.9463950438631905,4.36384738122797e-07,0.6003019166644663,0.9244063913822174,-0.027242086827754974,0.5794327353127301,0.8861613525284662,-0.04350104555487633,0.579988768696785,0.8425771908627616,-0.05727346986532211,0.5871780738700181,0.8048597266276677,-0.0698176771402359,0.5847684366628527,0.7778450171152751,-0.024654487147927284,0.5683897741604597,0.7096836951043871,-0.04215443879365921,0.5596654803026467,0.6668707675404019,-0.056740425527095795,0.5538306936156004,0.6301037791702483,-0.06766679137945175,0.6078214837703854,0.7654891779025396,-0.025990992784500122,0.5997740266378969,0.6855435775385963,-0.03847602382302284,0.5950165867805481,0.6377301865153843,-0.051726724952459335,0.5912575380410999,0.5990632007519404,-0.0622270405292511,0.6301821528468281,0.7724725792805354,-0.03082294762134552,0.6278875874355435,0.6999985234604942,-0.04411757364869118,0.6250374295283109,0.6555483447180854,-0.055410657078027725,0.6214374311733991,0.6184885051515367,-0.06469778716564178,0.652528750244528,0.7941830860243904,-0.03839873895049095,0.6607165934983641,0.7435119774606492,-0.05054344981908798,0.664993538800627,0.7101260301139619,-0.0553271621465683,0.6675045435316861,0.6798025922642814,-0.05900175869464874
185,6.1722389558232935,0,Left,0.9744116067886353,0.3302577630849555,0.9446095153689384,4.352622227088432e-07,0.36218487420119344,0.9145867675542831,-0.02639918401837349,0.3853628035867587,0.8565437706808249,-0.03680473566055298,0.4006120811915025,0.8041315873463949,-0.04596215859055519,0.4170169132063165,0.7671828232705593,-0.05453125014901161,0.3717943222494796,0.7643354721367359,-0.022559814155101776,0.38903646427206695,0.693217147141695,-0.04228673875331879,0.3994959654984996,0.6500200654069582,-0.05743885785341263,0.40722223340999336,0.611341655254364,-0.06865670531988144,0.34793209391646085,0.7541439595321814,-0.025804130360484123,0.35516364776995035,0.6710376317302386,-0.042538080364465714,0.3605040593305603,0.6199397525439659,-0.05643404275178909,0.36458488756325097,0.5766832586377859,-0.06663727015256882,0.32456895138602704,0.7652252204716206,-0.03285876661539078,0.3243490805383772,0.6896763642628988,-0.05231744423508644,0.3257477411534637,0.6400291721026102,-0.0666571781039238,0.3285962210968137,0.5964192474881808,-0.07662813365459442,0.3012215657392517,0.795263484120369,-0.04257957264780998,0.28608595349360255,0.7454890795052052,-0.06431850045919418,0.2762813861132599,0.7094710916280746,-0.07541411370038986,0.2694143241387792,0.6730166611572107,-0.08195225894451141
185,6.1722389558232935,1,Right,0.9332467317581177,0.6434035764075816,0.9372745243211588,4.651275560263457e-07,0.6129014121834189,0.9074998994668325,-0.026238109916448593,0.5930622492451221,0.8592782082657019,-0.041475024074316025,0.598955956241116,0.8117622050146261,-0.05438520386815071,0.6134236031211913,0.7749129682779312,-0.06666350364685059,0.607754882844165,0.756645659605662,-0.024304380640387535,0.5980757287237793,0.6845155023038387,-0.042073845863342285,0.5938361410517246,0.6391957936187586,-0.057265687733888626,0.5918467926327139,0.60048104946812,-0.06886308640241623,0.6315694684628397,0.7511619205276171,-0.026323959231376648,0.6296863813418895,0.6702263752619425,-0.039321135729551315,0.6286821078974754,0.6213736416151127,-0.05340922251343727,0.6286952045280486,0.5817682798951864,-0.06445145606994629,0.6531004035379737,0.7648276326557001,-0.031639259308576584,0.656940209120512,0.6906375202039877,-0.046299420297145844,0.6584932760335505,0.6460098524888357,-0.058486368507146835,0.659399101510644,0.6084125091632208,-0.06800048798322678,0.6729086108040064,0.7932339087128639,-0.03951076790690422,0.6844144100323319,0.7454433577756087,-0.054832130670547485,0.6913399603683501,0.7123599921663603,-0.061580099165439606,0.6970446219667792,0.6815757515529791,-0.06610123813152313
186,6.205602409638554,0,Left,0.9681496024131775,0.32813423248007895,0.9388687551021576,4.0623820041219005e-07,0.3570418532937765,0.8979078478283352,-0.028268106281757355,0.375045584095642,0.8320971002181371,-0.03964151814579964,0.3870583810377866,0.7762438138326009,-0.0497363805770874,0.4006063801236451,0.7385391463836034,-0.05964764580130577,0.3504550415556878,0.7462536563475927,-0.02559390477836132,0.3591321972664446,0.6711600333452225,-0.04556216672062874,0.36336278687231244,0.6251409903168679,-0.06064947322010994,0.3652718931436539,0.5848811083369785,-0.07237346470355988,0.3250750117469579,0.7445751951800452,-0.028363117948174477,0.32052779365330936,0.6622701711124844,-0.04685034230351448,0.3174402839969844,0.6100015898545583,-0.06235498934984207,0.31416250304318966,0.5650589300526513,-0.07392525672912598,0.30288267210125924,0.7653273744715585,-0.034914374351501465,0.2908240848220885,0.694126663936509,-0.05569855868816376,0.2834333396051079,0.6446299099259907,-0.07238174229860306,0.27828286022413523,0.5988545046912299,-0.08435727655887604,0.283544043591246,0.8036904907888837,-0.044225048273801804,0.26205327867064626,0.7628263185421625,-0.06739892810583115,0.24720365907996894,0.7321603606144588,-0.08081183582544327,0.23527769970241935,0.6998409277862973,-0.08929680287837982
186,6.205602409638554,1,Right,0.9429382085800171,0.6491823175922036,0.9267151051097446,4.715026022950042e-07,0.6191347286105156,0.8948901921510697,-0.02773549221456051,0.6024984654970467,0.845520278149181,-0.043670739978551865,0.6118699068203568,0.8003706140650644,-0.05654313042759895,0.6262908077798783,0.7645233458942837,-0.068801648914814,0.6208489619195461,0.7453522420591778,-0.027696143835783005,0.6158525723032653,0.6738519565926657,-0.04542640224099159,0.6153813919983804,0.6293959650728438,-0.05949820950627327,0.6174885773099958,0.5915507281819979,-0.07011214643716812,0.6451754367910325,0.7417703999413384,-0.028536438941955566,0.64970030663535,0.6626489993598726,-0.04132390394806862,0.6530942230485379,0.6158734493785434,-0.053925469517707825,0.6567803451791405,0.5781150571174092,-0.06409306079149246,0.6653230342082679,0.7578391290373272,-0.032865218818187714,0.6760281285271048,0.6881134758392969,-0.04732973128557205,0.6804937047883868,0.6441308352682326,-0.0594903938472271,0.6836134826764464,0.6065266768137614,-0.06926723569631577,0.6826678782701492,0.7890154835250642,-0.03976346179842949,0.6977353885769844,0.7448076628976398,-0.05455976352095604,0.706317229475826,0.712692544857661,-0.061771392822265625,0.7129130748100578,0.6822719381915199,-0.06702591478824615
187,6.238965863453815,0,Left,0.9849939346313477,0.32846604669466617,0.9369533856709799,3.378623887329013e-07,0.35906343571841715,0.8969162752230962,-0.02973703108727932,0.3760395380668342,0.8319247054557005,-0.04303798824548721,0.38220837195403873,0.7767538328965505,-0.054606638848781586,0.3943042197264731,0.7377951381107172,-0.06592639535665512,0.3492500343127176,0.745314276466767,-0.030403168871998787,0.3511390675324947,0.6721973642706871,-0.052491310983896255,0.35118525195866823,0.6239800192415714,-0.06927056610584259,0.3495821375399828,0.5810929064949354,-0.0823812484741211,0.322618399374187,0.7463734820485115,-0.032935790717601776,0.3105915839783847,0.665986510614554,-0.053458321839571,0.3026452603400685,0.6136831554273764,-0.06930842995643616,0.2948142286622897,0.5694367121905088,-0.08089843392372131,0.30191144843120127,0.7680742231508096,-0.03904763236641884,0.2840609140577726,0.6994389966130257,-0.06110938638448715,0.2730889468220994,0.6523154092331728,-0.07674875110387802,0.26411797903710976,0.6088422151903311,-0.08759377896785736,0.2851910608704202,0.8066684044897556,-0.04804665595293045,0.2599603472626768,0.7681934821108977,-0.0721980631351471,0.24273160219890996,0.7408920899033546,-0.08510387688875198,0.22813547276891769,0.7123880249758562,-0.09292096644639969
187,6.238965863453815,1,Right,0.9356756806373596,0.6416388075333088,0.9265372194349766,4.4365390294842655e-07,0.6109541228041053,0.8938557878136635,-0.024856096133589745,0.5944368208292872,0.846948596338431,-0.04007725790143013,0.6040007925126701,0.8073051186899344,-0.05304630845785141,0.6175085910130292,0.776952713727951,-0.06585439294576645,0.6135867854114622,0.7493386144439379,-0.025593727827072144,0.609939944371581,0.6780682168900967,-0.04359004274010658,0.6098374668043107,0.6339641977101564,-0.05842994153499603,0.6119067470543087,0.5964862654606501,-0.06943480670452118,0.6382801588159055,0.7464267661174139,-0.028216103091835976,0.6424416424240917,0.6669328895707926,-0.04109673574566841,0.6456800763495266,0.6191766733924547,-0.05487643554806709,0.6495198472868651,0.5798902120441198,-0.0658164694905281,0.6591478909365833,0.7622356191277504,-0.033934496343135834,0.6703208769205957,0.691022460659345,-0.04874290153384209,0.6765434861648828,0.6479728445410728,-0.06168631836771965,0.6810236385557801,0.6114854048937559,-0.07189275324344635,0.6767356269061565,0.7928126777211825,-0.04189329594373703,0.692857185844332,0.7469649525980154,-0.056964389979839325,0.7022473552729934,0.7152982217570146,-0.06371039152145386,0.7097482847981155,0.6851106236378351,-0.06845417618751526
188,6.272329317269076,0,Left,0.9711555242538452,0.33796547530218957,0.9440348210434119,3.428158947826887e-07,0.3687487691640854,0.9092060327529907,-0.028877342119812965,0.38748102029785514,0.8521869940062364,-0.04463242366909981,0.39920256827026607,0.7977166374524435,-0.05900229141116142,0.4125847265124321,0.7554191698630651,-0.07326129078865051,0.3678371040150523,0.7594003503521284,-0.03206769749522209,0.37444688733667136,0.6858506463468075,-0.05709270387887955,0.3774745550006628,0.6376733295619488,-0.0758204311132431,0.37989864125847816,0.5948406960815191,-0.08963906764984131,0.34206683095544577,0.7559493159254392,-0.03579924628138542,0.3357295747846365,0.6744106958309809,-0.05759173259139061,0.33163735596463084,0.6220466680824757,-0.07400701195001602,0.3278309475630522,0.576625432819128,-0.0860411524772644,0.32046187138184906,0.774698701997598,-0.043056804686784744,0.3089920633472502,0.7030491009354591,-0.06602238863706589,0.3007133218459785,0.65430765102307,-0.08155244588851929,0.29473308101296425,0.6090307955940565,-0.09228198230266571,0.3021028268616647,0.8112957738339901,-0.053024280816316605,0.28003797084093096,0.7681440661350886,-0.07754050940275192,0.265679446561262,0.7365161031484604,-0.08996204286813736,0.2541941627860069,0.7029499647517999,-0.0973772183060646
188,6.272329317269076,1,Right,0.9538609981536865,0.6304302053526044,0.945242665708065,3.9160246956271294e-07,0.6025575065985322,0.9237071226040522,-0.02987212873995304,0.5817305538803339,0.8855798070629438,-0.04960734769701958,0.5834377106279135,0.8436357701818148,-0.06680010259151459,0.5939120441675186,0.8098118603229523,-0.0829814225435257,0.592701835744083,0.774610431243976,-0.03270198404788971,0.5836714521050453,0.7022321944435438,-0.05443273484706879,0.5795344848185777,0.656468133131663,-0.07146845012903214,0.5777055403217674,0.6178855995337168,-0.08381350338459015,0.6167459812015295,0.7666771896183491,-0.03466080129146576,0.6150912603363394,0.6847678410510222,-0.05158305540680885,0.6147145953029394,0.6344253482917944,-0.06582212448120117,0.6150204040110111,0.5933707772443692,-0.07639994472265244,0.639150083437562,0.7789384362598261,-0.04013713076710701,0.6435268834233284,0.7051879825691382,-0.05664857476949692,0.6451191142201423,0.6602298319339752,-0.06778006255626678,0.6454467559233308,0.6212055968741576,-0.07624232023954391,0.6602877618744969,0.806387685239315,-0.04854051396250725,0.6718468099832535,0.7558844710389773,-0.06349297612905502,0.6780186124145985,0.7209060875078043,-0.06941737979650497,0.6827997447922826,0.6870021646221479,-0.07330036163330078
189,6.305692771084337,0,Left,0.9777104258537292,0.34408285750541834,0.9585655316710472,4.559045976293419e-07,0.3752256686333567,0.9336343869566918,-0.02850782312452793,0.40060324317310003,0.8840809151530266,-0.044760528951883316,0.4200787955895066,0.8359857923454709,-0.059182677417993546,0.439312502508983,0.8002697189648946,-0.07277394831180573,0.38976340284571054,0.7835932188563877,-0.0296553373336792,0.4105664326110855,0.7165414315130976,-0.0548848994076252,0.4226813764544204,0.6720018045769798,-0.07399432361125946,0.4324868381721899,0.6347785688108868,-0.08716929703950882,0.36555359393823894,0.7703689705994394,-0.032563332468271255,0.37411169135011735,0.6859704025917583,-0.05341453477740288,0.379526936262846,0.6365551845894919,-0.06805737316608429,0.3837190106045455,0.593051176600986,-0.07796105742454529,0.34231930507812647,0.7797036930918694,-0.03922323137521744,0.3421184070641175,0.7044543044434654,-0.06171619892120361,0.3427172433352098,0.6549815641509162,-0.07509920001029968,0.34417652785778047,0.6095991333325704,-0.08340571075677872,0.3196733813965693,0.8076797743638356,-0.04846230894327164,0.3033956822706386,0.7569126301341587,-0.07036329060792923,0.2937867280561477,0.721167207757632,-0.07913675904273987,0.2866865925025195,0.6841761512888802,-0.0836312547326088
189,6.305692771084337,1,Right,0.950126588344574,0.6252000400330872,0.9636683815055423,3.4445250207681966e-07,0.5948278829455376,0.9452015055550469,-0.029703060165047646,0.5719364580698312,0.9118248171276516,-0.048559170216321945,0.5704434639774263,0.8707905227939288,-0.06511212140321732,0.576156087918207,0.8326251145866183,-0.08011837303638458,0.5762773321475834,0.7945335143142276,-0.024835579097270966,0.5550397153012454,0.7302659190363354,-0.04549302160739899,0.543524783430621,0.6880394632617632,-0.06345708668231964,0.5363390053622424,0.6522332092126211,-0.07630598545074463,0.598330738954246,0.7803615634640058,-0.025695418938994408,0.5865467183757573,0.7035147446725104,-0.04101520776748657,0.5799160184338689,0.6551923630966081,-0.05542292445898056,0.575399340223521,0.6162415862083435,-0.06614360213279724,0.6213703757151962,0.785082702173127,-0.030681440606713295,0.6160183982457965,0.7133001963297526,-0.04518001899123192,0.611339803878218,0.6686315905716684,-0.055476319044828415,0.6069419450126589,0.6315254024333424,-0.06336947530508041,0.6449234634172172,0.804646507733398,-0.038967911154031754,0.6504763021599501,0.7506617729862531,-0.050954222679138184,0.6530119966249913,0.7169058990147379,-0.05503098666667938,0.6545781414024532,0.6859658304187987,-0.05765146389603615
190,6.339056224899599,0,Left,0.9706476926803589,0.33782482948154213,0.955411230524381,4.2444244741091097e-07,0.3734931483864784,0.9381265478829542,-0.026132170110940933,0.4031430143862963,0.8930322751402855,-0.03860187903046608,0.4248006820678711,0.8466873479386171,-0.04942954704165459,0.4463280145078897,0.8145188515384992,-0.05990489572286606,0.39723145924508574,0.7915048276384672,-0.02237786166369915,0.4221602501347661,0.7275057062506676,-0.042623281478881836,0.43616195786744355,0.6862504507104555,-0.05885228514671326,0.4480886835604906,0.6511580670873324,-0.07030406594276428,0.37482736967504027,0.7750903355578581,-0.02434791624546051,0.38918181974440813,0.6972496124605337,-0.04046139866113663,0.3980521397665143,0.6491736484070619,-0.05436834320425987,0.4057198092341423,0.6078104339540005,-0.06467004120349884,0.3515747180208564,0.7790557394425074,-0.029895871877670288,0.3597479436546564,0.7053778233627478,-0.04802710935473442,0.36594712883234026,0.6580513566732407,-0.06115170195698738,0.3733746886253357,0.616707069799304,-0.07025960087776184,0.3270496934652328,0.7995820144812266,-0.03793711960315704,0.3174507463350892,0.7471007270117601,-0.057721372693777084,0.3129397787153721,0.7089256470402082,-0.0671638622879982,0.3114171724766493,0.6709401036302248,-0.07248809933662415
190,6.339056224899599,1,Right,0.8974728584289551,0.6278540633618832,0.9607837510605653,3.7683699360968603e-07,0.5953589133918286,0.9441330879926682,-0.028947072103619576,0.5723209239542484,0.9110801021258036,-0.046073295176029205,0.5707956254482269,0.86911715939641,-0.0607278011739254,0.5759517967700958,0.8318110095957915,-0.07373323291540146,0.5753293666988611,0.7976088089247545,-0.022143108770251274,0.5540246441960335,0.734187163412571,-0.04010511189699173,0.5421099599450827,0.6931720338761806,-0.0558520182967186,0.5335456732660532,0.6568901898960272,-0.06755732744932175,0.5973706640303135,0.7815765626728535,-0.02295520342886448,0.5840894144028426,0.7042533382773399,-0.036006104201078415,0.5758914235979319,0.656744288901488,-0.049682438373565674,0.5702562868595124,0.6173077107717594,-0.05990278348326683,0.6203076012432576,0.7853907197713852,-0.02767074853181839,0.6121333245187998,0.7141466165582339,-0.04140496253967285,0.6065285034477711,0.6704643281797568,-0.05198341980576515,0.6016403049230575,0.6340683754533529,-0.06004456803202629,0.643797043338418,0.8035572841763496,-0.035550009459257126,0.6468374982476235,0.752243161201477,-0.047528281807899475,0.6474169626832008,0.7189060226082802,-0.05168144032359123,0.6473851718008519,0.6887649719913801,-0.05433635041117668
191,6.372419678714859,0,Left,0.985207736492157,0.336076121032238,0.954218396710025,4.2144583289882576e-07,0.37047068374231457,0.9334144436650806,-0.025160199031233788,0.39735343884676694,0.8816290547450384,-0.036125488579273224,0.41510924249887465,0.8331828761431906,-0.04625013470649719,0.433718142285943,0.8017969989114337,-0.05596247315406799,0.38640373474918305,0.781418214407232,-0.021728143095970154,0.4070695563685149,0.7135919880535867,-0.04250839352607727,0.42030985485762357,0.6704659028185739,-0.058900538831949234,0.430748197901994,0.633793483260605,-0.07084644585847855,0.3634988392703235,0.7682996051179038,-0.025374332442879677,0.37383289048448204,0.686588168475363,-0.04292535409331322,0.3803881746251136,0.6349309745762083,-0.05765033885836601,0.3855615276377648,0.5923801557885275,-0.06818298250436783,0.3412211662624031,0.7763151468502151,-0.0326312854886055,0.3447562546469271,0.7020391955971718,-0.05171806365251541,0.3477887373417616,0.6517581822143661,-0.06569509208202362,0.35165147129446267,0.6080637323359649,-0.07532452791929245,0.3185522977262735,0.8026212963793012,-0.04244392365217209,0.3077058922033757,0.7514962163236406,-0.06358858942985535,0.3006816443055868,0.713833964864413,-0.07396405935287476,0.29563437956385313,0.6778073320786159,-0.07977057248353958
191,6.372419678714859,1,Right,0.9048030376434326,0.6330002957955003,0.9549104059735934,4.393201322727691e-07,0.6020082954317332,0.9313456442621019,-0.02581850066781044,0.5819103584624827,0.8925357773900032,-0.04264499247074127,0.5831134852021933,0.8522281537453333,-0.057493969798088074,0.5895825952291489,0.816387630171246,-0.0716060921549797,0.58807932138443,0.7817933503124449,-0.02589919976890087,0.5723493543453515,0.7143220987584856,-0.044948380440473557,0.5641906430944801,0.6715064858396848,-0.060995932668447495,0.5588036297820509,0.6339457148479091,-0.07293501496315002,0.610894584748894,0.7710914174715678,-0.02935161627829075,0.6040030836127699,0.6915498034821617,-0.043278928846120834,0.5997932620346547,0.6431422488556968,-0.05805961415171623,0.5966397861018777,0.603183264285326,-0.06955365091562271,0.6327120309695602,0.7799440587560336,-0.03608375042676926,0.6313180152326823,0.7054537379079395,-0.05092765763401985,0.6296142877079547,0.6602875926428371,-0.06352873891592026,0.6271432518959046,0.6227403639919228,-0.07344051450490952,0.6539875275455416,0.8043038995729552,-0.04539253190159798,0.6625422166660428,0.7525436358319388,-0.05983004346489906,0.6671560725197196,0.7180728917320569,-0.06591855734586716,0.6700743676163257,0.6870597119132678,-0.07015053182840347
192,6.405783132530121,0,Left,0.9751178622245789,0.3410679841879755,0.9527586542897755,4.0945315049611963e-07,0.371565177757293,0.9180918292866813,-0.02532915212213993,0.3919579460751265,0.8552119102742937,-0.03564191982150078,0.40492417961359023,0.8046106270617909,-0.0449930839240551,0.41905003897845744,0.7684271034267214,-0.05422530695796013,0.37278872141614555,0.7653805557224486,-0.02580493688583374,0.3856343847699463,0.6929201490349239,-0.04645954817533493,0.3933152113575488,0.6472108731667201,-0.06191297248005867,0.3988535122014582,0.6070409590171443,-0.07375587522983551,0.3471231457777321,0.7590936437249184,-0.03041118197143078,0.3476415331941098,0.675266945693228,-0.04866083711385727,0.34889084631577133,0.6227639868855477,-0.06352915614843369,0.34983889032155274,0.5789476559393936,-0.07460281252861023,0.32434619632549583,0.7761754125356675,-0.03845817968249321,0.31758328499272465,0.7023733996682697,-0.05911098048090935,0.31450739335268735,0.6525465554661221,-0.07516894489526749,0.31345240883529185,0.6075409587886599,-0.08679920434951782,0.3042812299216166,0.8127320254842441,-0.04898524656891823,0.2853245527483523,0.7693747189309862,-0.07256868481636047,0.2727391683263704,0.7353972905211978,-0.08571834862232208,0.2631551537895575,0.7001217568914095,-0.0939507856965065
192,6.405783132530121,1,Right,0.9413191676139832,0.6365679592825473,0.9509499897559484,4.716541752713965e-07,0.6064467129297555,0.9239901936716504,-0.02709871530532837,0.5878023502416909,0.8784814402461052,-0.042958617210388184,0.593647438287735,0.8340487150682343,-0.05640899017453194,0.6057087976485491,0.7989069066113896,-0.06940613687038422,0.6020803616382182,0.7692817078696357,-0.02611818164587021,0.5932835021056235,0.6985618621110916,-0.04444250464439392,0.5898730672895909,0.653130095369286,-0.060392171144485474,0.5883522459305823,0.6137092337840133,-0.07261359691619873,0.6260785923339427,0.7635204215844472,-0.028587818145751953,0.6261796836741269,0.683049045337571,-0.04215817153453827,0.6261011429131031,0.6333446482817332,-0.05719877779483795,0.6264568387530745,0.5924214577509297,-0.06913096457719803,0.6472437639720738,0.7773280791110463,-0.034386806190013885,0.6532469267956913,0.7030873553620445,-0.049728523939847946,0.6553657615557313,0.6579794726437993,-0.06311966478824615,0.656286067981273,0.6200034394860268,-0.07354141771793365,0.6662142087705434,0.8064294810096423,-0.042809128761291504,0.6789723552763463,0.7579414125945833,-0.05896729230880737,0.6864367073401809,0.7241358978880776,-0.06665826588869095,0.6924168781377376,0.6929562909735574,-0.07192845642566681
193,6.439146586345381,0,Left,0.9812677502632141,0.344313608831726,0.9565763199494944,3.2824922868712747e-07,0.3757159217726439,0.9204928439524439,-0.027876896783709526,0.39545902693644164,0.8557747715877162,-0.03982529044151306,0.4066748845856637,0.8003062079350154,-0.05033063888549805,0.41951555516570804,0.7606102179321977,-0.06061265617609024,0.3703783899312839,0.7666097554067771,-0.028361868113279343,0.3772472320822999,0.6916236080229282,-0.049923259764909744,0.38070677381474527,0.6428944134049945,-0.06604534387588501,0.38202188808936627,0.6008219359235631,-0.07851465046405792,0.3440527886385098,0.7643448447187742,-0.031581196933984756,0.33619983922690155,0.6814481537375185,-0.051419030874967575,0.33085893709212544,0.6292316772457626,-0.0667286142706871,0.32529833971057087,0.5852208611451917,-0.07777963578701019,0.32290823075454683,0.7831242983539899,-0.03829314187169075,0.30836961371824145,0.7117271498673492,-0.05946025252342224,0.29976399306906387,0.6632619876000616,-0.07442451268434525,0.29338258190546185,0.6180413431591458,-0.0849786102771759,0.3054797989083454,0.8194493822753429,-0.04777473956346512,0.28216917370446026,0.7777088866465621,-0.07145211100578308,0.26630797433899717,0.7476388216018677,-0.08383075892925262,0.2535978151485324,0.7157350143624677,-0.09122847020626068
193,6.439146586345381,1,Right,0.9347793459892273,0.6342268194071948,0.953133690605561,4.7312090600826195e-07,0.6034894487820566,0.9236441302630637,-0.02784673497080803,0.5843455928377808,0.879594485875633,-0.04470790922641754,0.5882672515232116,0.8395037997927931,-0.05896379426121712,0.597608489356935,0.8057853154838085,-0.07264550030231476,0.6008073950652033,0.7735099346273475,-0.027890406548976898,0.5962615506723523,0.7010524248911275,-0.047624167054891586,0.5948988839518279,0.6556008612116178,-0.06376668810844421,0.5952019156888128,0.6166226491745975,-0.07554453611373901,0.6257014135830105,0.7670125661624803,-0.03006189689040184,0.6298288259189576,0.6864080965518952,-0.044423170387744904,0.6322776847984641,0.6372570260531373,-0.059040747582912445,0.6347616831306369,0.5957443084981706,-0.07041441649198532,0.6469124196562916,0.7794980853796005,-0.03572387993335724,0.6555727845523507,0.7066201394630803,-0.05136791989207268,0.6602005841676146,0.6617973322669665,-0.06443795561790466,0.6632129266392439,0.6233494753638903,-0.07455305755138397,0.6655722793657333,0.8070133364035024,-0.0440245196223259,0.679729684907943,0.7584863106409708,-0.05939953401684761,0.6878485928289593,0.7251676268047756,-0.06616630405187607,0.6941657750401646,0.6939742899603314,-0.07077927142381668
194,6.472510040160643,0,Left,0.9678363800048828,0.34757098094560207,0.9650890946388244,3.413114200156997e-07,0.3797567693516612,0.9350189859668414,-0.02753773331642151,0.4028257600031793,0.8789545171790653,-0.041793178766965866,0.4184364919550717,0.8254956882033083,-0.05466379225254059,0.43349380446597935,0.7851307173569997,-0.0674741193652153,0.38386626364663246,0.7811972810162439,-0.02982177399098873,0.39482288155704737,0.7073799959487386,-0.05262892320752144,0.399797223135829,0.6596575010153982,-0.06956465542316437,0.40360982017591596,0.6184062854283385,-0.0823027566075325,0.35807080967351795,0.774868575649129,-0.03353390097618103,0.35356288887560366,0.6903147457374467,-0.05410489812493324,0.3510395395103842,0.6375509867237674,-0.06994228810071945,0.3482345814350992,0.5931129503995181,-0.0815756544470787,0.3359249735251069,0.7918684721820884,-0.04058299586176872,0.3267938485369086,0.7184882016645537,-0.06333757936954498,0.32210662472061813,0.6678900576300091,-0.07976526767015457,0.31865971414372324,0.622703355219629,-0.09107568860054016,0.3167553197592497,0.8265285642610656,-0.05005164071917534,0.29752056489232925,0.781742316732804,-0.07523560523986816,0.28409756454639135,0.7482561041083601,-0.08882789313793182,0.2724203329999,0.7136767225133048,-0.09698767960071564
194,6.472510040160643,1,Right,0.9586786031723022,0.6271476455964148,0.9642548099988036,4.16954350157539e-07,0.5982952591031789,0.9419723032249345,-0.029658710584044456,0.5763182070106267,0.9081995465689235,-0.049702953547239304,0.5748610441572964,0.8683427463803026,-0.06734739243984222,0.5826702923513949,0.8317756182617612,-0.08356908708810806,0.5860037497244776,0.7926421148909463,-0.028952214866876602,0.5750323054380715,0.7216045861442884,-0.05047302320599556,0.5696970654651523,0.6754098752306568,-0.06816433370113373,0.567193774227053,0.6365515727963712,-0.08088965713977814,0.6091311215423048,0.7822964269253943,-0.03088461235165596,0.6055827371776104,0.7014717267619239,-0.04700839892029762,0.6043780663982034,0.6513286153475444,-0.06115392595529556,0.6041425451636314,0.6105754052599272,-0.07185669243335724,0.6313639933243393,0.7920970791743861,-0.036680322140455246,0.6338641048409045,0.7189655278291968,-0.05240047723054886,0.6347553881816566,0.6741574666566319,-0.06259050220251083,0.634520273655653,0.6363980047404766,-0.07042671740055084,0.6534235702827573,0.8174349358512296,-0.045604828745126724,0.6640165167860687,0.7654726973838276,-0.059540245682001114,0.6694335791282355,0.7303914710879326,-0.06436078995466232,0.6732480987906456,0.6973446288870441,-0.06745432317256927
195,6.505873493975904,0,Left,0.9705557227134705,0.34322407108265907,0.9664524316787719,4.5199737996881595e-07,0.37765016546472907,0.9460129896799724,-0.027938982471823692,0.40633589040953666,0.8979759256045023,-0.04216606914997101,0.4275630518095568,0.8500181516011556,-0.05427376553416252,0.44906342134345323,0.8172258059183757,-0.06597919762134552,0.3953438720200211,0.7992713252703348,-0.0283440463244915,0.41959226003382355,0.731959342956543,-0.05109383910894394,0.43272609321866184,0.6874783555666606,-0.06824488192796707,0.4439084318000823,0.649789039293925,-0.08025740087032318,0.37240851193200797,0.7840252955754597,-0.030190574005246162,0.3830041193868965,0.7014988422393799,-0.0483211949467659,0.3893847509752959,0.6500575065612793,-0.06212567538022995,0.3944809341337532,0.606361464659373,-0.07193876057863235,0.34970580448862165,0.792116641998291,-0.035518087446689606,0.3520727383438498,0.7156324505805969,-0.055822473019361496,0.3536599554354325,0.6658944964408875,-0.06985504180192947,0.3563346926821396,0.6212290525436401,-0.07924634218215942,0.3272437460254878,0.8187240997950236,-0.04327680170536041,0.31385997182223946,0.7708501617113749,-0.06558898091316223,0.3052296304376796,0.7360839565594991,-0.07605263590812683,0.29857705865288153,0.7005981961886089,-0.08169680088758469
195,6.505873493975904,1,Right,0.9523418545722961,0.6247317534871399,0.972843062877655,3.524720000314119e-07,0.5931455614045262,0.9550997018814087,-0.029542073607444763,0.5697816014289856,0.9236713727315267,-0.04919526353478432,0.5661135416012257,0.884009595712026,-0.06682536751031876,0.5718395842704922,0.8455456932385762,-0.0831151232123375,0.5733354543335736,0.8095458587010701,-0.02529807761311531,0.5528408461250365,0.7454253236452738,-0.047008953988552094,0.5402520964853466,0.7034691174825033,-0.06572030484676361,0.5314798941835761,0.6664844075838725,-0.07932908833026886,0.595154492650181,0.7934997161229451,-0.027384180575609207,0.5824918139260262,0.7150295575459799,-0.044004444032907486,0.5741903958842158,0.666083017985026,-0.05977841466665268,0.5676922996062785,0.6255799094835918,-0.07147915661334991,0.6179818836972117,0.7969456871350606,-0.03350479528307915,0.6110591671895236,0.7239483793576559,-0.049510810524225235,0.6062874649651349,0.6793408513069152,-0.060581889003515244,0.6013052295893431,0.6419136206309001,-0.0688820630311966,0.6416006158106029,0.8147964000701904,-0.04280541092157364,0.6458223478402942,0.7598365783691406,-0.05582684278488159,0.6473488335032016,0.7254163384437561,-0.06011959910392761,0.6476434022188187,0.6940194368362427,-0.06292633712291718
196,6.5392369477911645,0,Left,0.9803103804588318,0.335230228304863,0.9626281499862671,4.4323883230390493e-07,0.3703133753500879,0.9472184697786967,-0.028230803087353706,0.4014054462313652,0.9029931863149007,-0.041254106909036636,0.42287629656493664,0.8562535683314005,-0.05221187323331833,0.4445701027289033,0.8261803825696309,-0.06248947232961655,0.3945411866530776,0.7990884860356648,-0.024733614176511765,0.41933617312461136,0.7354508598645528,-0.04541276395320892,0.4335050439462066,0.6935925642649333,-0.062033411115407944,0.4452239396981895,0.6573178807894389,-0.07406607270240784,0.3732416953891516,0.7822010119756063,-0.0260727908462286,0.38917729193344713,0.7051964521408081,-0.04292935132980347,0.3978678433224559,0.654302453994751,-0.0569281242787838,0.404984044842422,0.6115848839282989,-0.06735515594482422,0.35067263469099996,0.7850287040074666,-0.031244132667779922,0.3602481335401535,0.7106734991073609,-0.04959795996546745,0.3668341709300876,0.6622301936149597,-0.06320076435804367,0.37440117690712216,0.6208279470602671,-0.07277794182300568,0.3258603195659816,0.8052902460098267,-0.039219148457050323,0.317166543379426,0.751632285118103,-0.059435129165649414,0.31257865726947787,0.7132589062054951,-0.06990230828523636,0.3107162254862487,0.6763568083445232,-0.07605858147144318
196,6.5392369477911645,1,Right,0.9318440556526184,0.626495499536395,0.9663823207219442,4.109405722374504e-07,0.5950004586949944,0.9513358275095621,-0.029437804594635963,0.5719356687739492,0.9210208376248677,-0.04797288402915001,0.5690648205578327,0.8799026409784952,-0.06402244418859482,0.5746937973424793,0.8415644049644471,-0.07850682735443115,0.5739825997501612,0.8057867050170898,-0.024580758064985275,0.5534319657832384,0.7419223109881083,-0.04371301829814911,0.5418738095089793,0.7016881068547567,-0.06011992692947388,0.5335371147841215,0.6655446847279867,-0.07219617068767548,0.595588113181293,0.7898306926091512,-0.025586092844605446,0.5825537409633398,0.7117048819859823,-0.0399431437253952,0.574555205181241,0.6639740069707235,-0.054174669086933136,0.568721954151988,0.6239357769489289,-0.06474446505308151,0.6183121865615249,0.7927338719367981,-0.030480822548270226,0.6102701716125012,0.7207441687583923,-0.045148782432079315,0.6050696481019259,0.6769563357035319,-0.05624601989984512,0.6004117431119085,0.6403631369272867,-0.06458332389593124,0.6423573520034551,0.8097123503684998,-0.03850894421339035,0.6460762107744813,0.7567134499549866,-0.0509200282394886,0.6472345432266593,0.722218946615855,-0.05552822723984718,0.6473775833845139,0.6909005920092265,-0.058563295751810074
197,6.572600401606426,0,Left,0.9792107343673706,0.3303607706911862,0.9580605004396704,4.290176889298891e-07,0.36576424418017267,0.934461405624946,-0.025977373123168945,0.39194412138313056,0.8763777568936348,-0.03595271706581116,0.4097337793093175,0.826478599011898,-0.04466007649898529,0.42899141293019055,0.7953355714678765,-0.052822913974523544,0.3788972155423835,0.7806560744014052,-0.022409236058592796,0.3989352099597454,0.7106376021272607,-0.04207133129239082,0.4111857963260263,0.6660418906145625,-0.05741962417960167,0.42011846220120785,0.6275516040623188,-0.06890439242124557,0.35478066550567744,0.7672251992755466,-0.025350717827677727,0.3645678072469309,0.6854508410725328,-0.042626623064279556,0.37049289324786516,0.6324941534962919,-0.057205017656087875,0.37450882033444943,0.5885012944539388,-0.06768139451742172,0.33164243809878824,0.7756731479532188,-0.031828224658966064,0.3350390942534432,0.7001676496532229,-0.05063523352146149,0.33763031964190304,0.649781602786647,-0.06495114415884018,0.3410408746916801,0.6057114055587186,-0.07490098476409912,0.3088961261324584,0.8031134456396103,-0.040913574397563934,0.29672457233536986,0.7525287543733915,-0.061616506427526474,0.28992072915425526,0.7143579367134306,-0.07271890342235565,0.2857572399661876,0.6777386561863952,-0.07919659465551376
197,6.572600401606426,1,Right,0.9042685031890869,0.6370302235707641,0.9559924265576734,4.5299771045392845e-07,0.6061721527017653,0.9359551361865468,-0.029010016471147537,0.5848104601725936,0.9010382153921657,-0.047319889068603516,0.5829091507010162,0.8614791641632716,-0.06302177906036377,0.587113891215995,0.8246527872151799,-0.07749674469232559,0.590444318857044,0.7857988009850184,-0.02842392399907112,0.5750789325684309,0.7169291905230946,-0.048188645392656326,0.5664220549166202,0.6734813773797618,-0.06493872404098511,0.5601621706970036,0.6356755731834306,-0.07723551243543625,0.6132785148918629,0.7747919480833743,-0.030175339430570602,0.6057149922475219,0.6955329640044107,-0.044560499489307404,0.6008588036522269,0.6472712210483021,-0.05909424275159836,0.5973422532901168,0.6071686128775279,-0.0702521800994873,0.6356599669437856,0.7829476232330005,-0.035443149507045746,0.633233728306368,0.7083587532242139,-0.05022033303976059,0.6311371662653983,0.663933833854066,-0.061204686760902405,0.6285755757708102,0.626305368832416,-0.06979686766862869,0.6581807048525661,0.8057968967490726,-0.04369032010436058,0.6659413357265294,0.7527580975658363,-0.057623833417892456,0.6699980687815696,0.7184236217704084,-0.06251543015241623,0.6725632963702083,0.6866961785488659,-0.06566588580608368
198,6.605963855421686,0,Left,0.9621450304985046,0.33533930210396645,0.953219966755973,3.9564915255141386e-07,0.3636411974206567,0.9143171028958427,-0.028262581676244736,0.3830956184305251,0.8505199021763272,-0.04040182754397392,0.396658499725163,0.7956626704997487,-0.051033589988946915,0.4101526614278555,0.7541549975673357,-0.061530955135822296,0.3613027470186353,0.7613214693135686,-0.02910788543522358,0.37153629418462514,0.6860308249791464,-0.04972944036126137,0.3766885413788259,0.6397575553920534,-0.06461067497730255,0.3793455990962684,0.5989148616790771,-0.07623492181301117,0.33563024187460544,0.7574451441566149,-0.03275637701153755,0.3329073661006987,0.6731329220864508,-0.052020665258169174,0.3313029667362571,0.6206435271435313,-0.06710512191057205,0.3291884774342179,0.5746116613348325,-0.07839557528495789,0.3126757641322911,0.7769875741667218,-0.040044717490673065,0.30260215708985927,0.7041591869460212,-0.06204608455300331,0.297510467749089,0.6544731822278764,-0.07845703512430191,0.2941720920614898,0.6079519713918368,-0.09026826918125153,0.2923850457184017,0.8148718211385939,-0.04995441436767578,0.27102525187656284,0.7708219935496649,-0.07456483691930771,0.2562486863695085,0.7385423332452774,-0.08809967339038849,0.24409166453406214,0.7039371762010787,-0.09660539031028748
198,6.605963855421686,1,Right,0.9375815391540527,0.6405645674094558,0.9472777131530974,4.921179197481251e-07,0.6105391412973404,0.9194812658760283,-0.026603005826473236,0.5917276069521904,0.8752613324258063,-0.04334181919693947,0.5957082889974117,0.8330494554506408,-0.057523541152477264,0.6063857149332762,0.7950911902719073,-0.07122352719306946,0.6059961978346109,0.768431736363305,-0.027871957048773766,0.5978230029344559,0.6968313405911127,-0.04676993563771248,0.5952871358022094,0.6513315546843741,-0.0624840073287487,0.5948743315413594,0.6122863363060687,-0.07421082258224487,0.6295489160344004,0.7627451461222436,-0.030345909297466278,0.6303011063486338,0.6818594800101386,-0.04416908323764801,0.6306275758892298,0.6333977373109924,-0.058455102145671844,0.631309155933559,0.5943735573026869,-0.069700226187706,0.6503609374165535,0.7767255049612787,-0.036003999412059784,0.656578422524035,0.7012954238388274,-0.05132859945297241,0.6587550982832908,0.655841663479805,-0.06363506615161896,0.6597158996388316,0.6173781044781208,-0.07335399091243744,0.6691702254116535,0.8064229521486495,-0.04409993067383766,0.6819034360349179,0.7575717692573866,-0.06031910330057144,0.689171501621604,0.7232034090492461,-0.06744526326656342,0.6947347747161985,0.6913553095526166,-0.07221394032239914
199,6.639327309236948,0,Left,0.9772762060165405,0.33895635888911785,0.9527434772915311,3.239269119603705e-07,0.3692863998934627,0.9128570531805357,-0.03082258626818657,0.38707500738091766,0.8476749178436067,-0.04458285868167877,0.3957944476511329,0.7919328899847137,-0.05626389756798744,0.4077643747907132,0.7504465406139692,-0.0676526203751564,0.36014367965981364,0.76040328376823,-0.031358104199171066,0.36309707881882786,0.6865209158923891,-0.05404260382056236,0.3637233158107847,0.6380144639147652,-0.0712536871433258,0.3625753733795136,0.5949200064771705,-0.08466450870037079,0.33386067911051215,0.7607341499792205,-0.03353053331375122,0.3217295664828271,0.6784408655431535,-0.054609719663858414,0.3141819514334202,0.626534270743529,-0.0709991306066513,0.3068240915890783,0.5827478066914611,-0.08294594287872314,0.31337326038628815,0.7821697261598375,-0.039344463497400284,0.2960920174606144,0.7116587625609504,-0.061810970306396484,0.2851705149048939,0.6639170630110635,-0.07776421308517456,0.2765593874733895,0.6190163551105393,-0.08892887085676193,0.29747180407866836,0.8200779731074969,-0.04808032512664795,0.2729458037763834,0.7800693114598592,-0.07266031950712204,0.2560464614070952,0.7517139762639999,-0.08574950695037842,0.24179109695833176,0.7212949502799246,-0.09373046457767487
199,6.639327309236948,1,Right,0.9518808126449585,0.635553921200335,0.9492154369751612,4.843510055252409e-07,0.6052669215016067,0.9199699088931084,-0.029204677790403366,0.5865880778990686,0.8774847744239701,-0.047266390174627304,0.5902818995527923,0.8378019771642156,-0.06227458268404007,0.6000500164926053,0.804527217315303,-0.07656977325677872,0.6042601097375154,0.7715989434056811,-0.030778970569372177,0.6006318677216769,0.6988450570238961,-0.050601568073034286,0.599862390011549,0.6536724517742792,-0.06654640287160873,0.6012201798148453,0.6148339096042845,-0.07816385477781296,0.6291560598649084,0.7654944376813041,-0.03211057558655739,0.6328993276692927,0.6858492675754759,-0.04672650992870331,0.6356794785708189,0.6365788090560172,-0.06107460707426071,0.6390304262749851,0.5952979731890891,-0.07233250886201859,0.6504027048125863,0.7782313608460956,-0.036915864795446396,0.6600320812314748,0.7076315051979489,-0.05247846618294716,0.6650771944783628,0.6619099279244741,-0.06530100107192993,0.6686479609459639,0.6232788078486919,-0.07531401515007019,0.6689599497243762,0.8058931537800365,-0.04443174973130226,0.6833649877458811,0.7574931002325482,-0.059389155358076096,0.6916527825407683,0.7240191888478067,-0.06587543338537216,0.6982247510924935,0.6934516438179545,-0.07038690894842148
200,6.672690763052209,0,Left,0.9680901169776917,0.345072141289711,0.9609977139366997,3.2506900993212184e-07,0.37743439003825185,0.929025885131624,-0.02660006657242775,0.3992654293775558,0.8708932052055994,-0.04066820070147514,0.4153979480266571,0.8183330827289157,-0.05365519970655441,0.4289031311869621,0.7775103963083692,-0.06677418947219849,0.37907722443342207,0.7755724969837401,-0.029778659343719482,0.387152461707592,0.7018046884073151,-0.05340313911437988,0.3910807244479656,0.6536918009320895,-0.0714249536395073,0.39433366656303404,0.6112301618688636,-0.0849279835820198,0.3531558349728584,0.7708309441804886,-0.03402414917945862,0.34713265523314474,0.6879737261268828,-0.054621901363134384,0.34356783181428907,0.6354504591888852,-0.07105729728937149,0.33991956189274786,0.5897028855979443,-0.08345745503902435,0.33137877508997915,0.7885506484243605,-0.04151188209652901,0.32092235088348386,0.7162809297442436,-0.06338155269622803,0.31368822827935217,0.6667975866132312,-0.07932884991168976,0.30804126560688017,0.621139278014501,-0.09070782363414764,0.31303771808743475,0.8241562139656808,-0.05147842317819595,0.292866388708353,0.7808554752005471,-0.07506872713565826,0.2792082358151674,0.7484802537494235,-0.08759842813014984,0.2675774697214365,0.7142031109995313,-0.09543406963348389
200,6.672690763052209,1,Right,0.9599494338035583,0.6311631858348846,0.9639150053262711,4.3685116679625935e-07,0.6017145052552223,0.9455664753913879,-0.03232821077108383,0.5782039001584053,0.9130179451571571,-0.05411568656563759,0.5754301235079765,0.8734852464662658,-0.07287579774856567,0.582385016977787,0.8371231332421303,-0.09011375904083252,0.5868628531694412,0.7922555514507823,-0.033529262989759445,0.5761705622076988,0.7200839387045966,-0.056637443602085114,0.5712272137403488,0.6736616674396727,-0.07540328800678253,0.5693028777837753,0.6345393376217948,-0.08872003108263016,0.6103195533156395,0.7813925130499734,-0.03432360291481018,0.6071722418069839,0.6993357621961169,-0.05156654119491577,0.6058264061808586,0.6482952286799749,-0.06625829637050629,0.6053486004471779,0.6063043533100022,-0.07739926129579544,0.6326440259814262,0.7909476185838381,-0.03909919038414955,0.6361413285136223,0.7165870062179036,-0.05545731633901596,0.6374423488974571,0.6716598413056798,-0.06636083871126175,0.6374065861105919,0.6337895467877388,-0.07471036165952682,0.6546179488301277,0.816254167093171,-0.04713934287428856,0.6655223578214645,0.7624000203278329,-0.06161525100469589,0.6710596665740013,0.7277698102924559,-0.0671035647392273,0.674909009039402,0.6949915033247736,-0.0706840232014656
201,6.70605421686747,0,Left,0.9738343954086304,0.3467149517033249,0.9698256266613802,4.647241951261094e-07,0.38064195243641735,0.9468938036097421,-0.02638939581811428,0.40858037741854786,0.896541126900249,-0.0403389036655426,0.4296691047027707,0.8486077865792645,-0.05227089673280716,0.45059297266416254,0.8158713559309642,-0.0635303482413292,0.3953013333491981,0.79956972764598,-0.02713991142809391,0.42005310361273585,0.7336941472358174,-0.05029302090406418,0.43440470872446896,0.69029025832812,-0.06792532652616501,0.4464498440269381,0.6538252600365215,-0.08002172410488129,0.3726422527339309,0.7851612645718786,-0.029481099918484688,0.3847911009564996,0.7028527210983965,-0.04818654805421829,0.39159999722614885,0.652125527875291,-0.06168675050139427,0.3966436557471752,0.6079350316690074,-0.07093097269535065,0.3502545685041696,0.7924933274586995,-0.035254012793302536,0.35352617045864465,0.7152793384260602,-0.055938784033060074,0.35687318816781044,0.6651299043662018,-0.0684140995144844,0.36077882871031763,0.6197815469155709,-0.0761982724070549,0.32809647591784596,0.8181471393340164,-0.04333145171403885,0.31446426538750527,0.7673381410539151,-0.0645739883184433,0.3071402046363801,0.7308279047409694,-0.07302191853523254,0.30197540526278316,0.6942397171424495,-0.0771084576845169
201,6.70605421686747,1,Right,0.9581544399261475,0.6255126902833581,0.9760387382573552,3.489004143375496e-07,0.5948467381298542,0.959483111401399,-0.028830820694565773,0.5708848545327783,0.929096342706018,-0.0489824078977108,0.5659658298827708,0.8908540551033285,-0.06741731613874435,0.571524448506534,0.8546472157041232,-0.08470964431762695,0.5732415643520653,0.813664546277788,-0.0269695445895195,0.5517605785280466,0.749811013456848,-0.049946680665016174,0.5383927597664296,0.7079688216249148,-0.0693574994802475,0.5286913097836077,0.6715619802474976,-0.08330067247152328,0.5943775588646532,0.7975400163067712,-0.02988954447209835,0.5808644825592637,0.7191381022334099,-0.047898344695568085,0.571923916041851,0.6698329944577482,-0.06405782699584961,0.5647281493991614,0.6289362904098299,-0.07585953921079636,0.617264596093446,0.8004047260516219,-0.036690838634967804,0.6097211997956038,0.7264467359417015,-0.05363265052437782,0.6042396876960993,0.6818535644147131,-0.06465822458267212,0.5985563980415464,0.6442901098893749,-0.07275810837745667,0.6414220887236297,0.8181557665268581,-0.046637482941150665,0.6459309438243508,0.7621847290131781,-0.060218967497348785,0.6474991976283491,0.7265826689700285,-0.06468886882066727,0.6477334899827838,0.6938195684717761,-0.06755508482456207
202,6.739417670682731,0,Left,0.9808359742164612,0.33811828028410673,0.9653266550766098,4.6787462792963197e-07,0.3745324402116239,0.949965522189935,-0.027939043939113617,0.40616432344540954,0.9056767548123995,-0.0406365804374218,0.42835271982476114,0.8596672784950998,-0.051433514803647995,0.4506346101872623,0.8299774731198947,-0.061804186552762985,0.3993769241031259,0.8019086603489187,-0.022244496271014214,0.4247230091597885,0.738084074606498,-0.04309645667672157,0.4401030852459371,0.6968089126878314,-0.060262322425842285,0.45313196973875164,0.6614617270727953,-0.07214507460594177,0.378025830257684,0.7846435016228093,-0.02340274304151535,0.3936751474626362,0.706042899356948,-0.03992103040218353,0.40252303751185536,0.6559544249541229,-0.05451580137014389,0.40981161068193617,0.6138314990119802,-0.06518515944480896,0.3553096164949238,0.7864841591980722,-0.028452351689338684,0.3655317677650601,0.7144598426918188,-0.04579529911279678,0.3727795395068824,0.6665339471565352,-0.05862864479422569,0.3810044459998608,0.6256876705835263,-0.06750437617301941,0.3298587780445814,0.8046785147653686,-0.03639502823352814,0.323099137051031,0.7503511983487341,-0.054076116532087326,0.3207019416615367,0.7111619777977467,-0.06244886666536331,0.32086280630901454,0.673057506316238,-0.06729426234960556
202,6.739417670682731,1,Right,0.9411460161209106,0.62526442585513,0.9697471060686641,4.069718784194265e-07,0.5942013100720942,0.9550478584236569,-0.029539160430431366,0.5711143904365599,0.9248432242208057,-0.04844905436038971,0.5680416118353605,0.8856598281198078,-0.06493078172206879,0.5737385391257703,0.849126994692617,-0.08004315197467804,0.5735591317526996,0.8090201386147076,-0.026189453899860382,0.5516212293878198,0.7462310349775685,-0.04621005430817604,0.5389627534896135,0.7062491637137202,-0.06318454444408417,0.5295591762289404,0.6701365665429169,-0.07561417669057846,0.5948499338701367,0.7927407133082549,-0.027761679142713547,0.5808922037482261,0.7141487382352352,-0.042907897382974625,0.5720091977156698,0.6660241545074516,-0.057393740862607956,0.5652675977908075,0.6251563537451956,-0.06804275512695312,0.6176416934467852,0.7953738902178076,-0.033174142241477966,0.608398572076112,0.7221993105279074,-0.04843207076191902,0.6020784011110664,0.6783020512925254,-0.05943387374281883,0.5964129853062332,0.6411773574021128,-0.06750399619340897,0.6419392784126103,0.8122637003660202,-0.04175615310668945,0.644466551579535,0.7572219910720984,-0.05447361245751381,0.6450374742969871,0.7217596302429835,-0.058843303471803665,0.644616639893502,0.6891717887587018,-0.0616360567510128
203,6.772781124497992,0,Left,0.9807310104370117,0.3317236782982945,0.9576886552903388,4.2207670958305243e-07,0.36730538504198196,0.9361610502004624,-0.026369169354438782,0.3950010080821812,0.8821255693833033,-0.03699839860200882,0.4141630012542009,0.8338791101343102,-0.04627792164683342,0.43247908940538765,0.801290962100029,-0.054976869374513626,0.38320491756312547,0.7846058835585912,-0.02325633354485035,0.40426783738657834,0.7149785690837436,-0.04383005201816559,0.4170130627695471,0.6710480710698499,-0.05985281243920326,0.4264823199249804,0.632987129688263,-0.07150818407535553,0.35975349773652854,0.7703432069056564,-0.026311542838811874,0.36998806037008763,0.6866163441704379,-0.044140152633190155,0.37605325956828894,0.6335755305157768,-0.0591837614774704,0.38026582123711705,0.5895785987377167,-0.06991451978683472,0.33681681505404415,0.7776338855425516,-0.03290458023548126,0.3409257567021996,0.7015961288577981,-0.051848750561475754,0.34397508748807015,0.6510421363843812,-0.06599681079387665,0.34790817052125933,0.6071827579703596,-0.07572146505117416,0.31378621105104687,0.8035515931745371,-0.04217595234513283,0.3027330929879099,0.7517548470033539,-0.06258055567741394,0.2966847457457334,0.7132896099653508,-0.07319251447916031,0.29327528104186057,0.6767428942024708,-0.07927476614713669
203,6.772781124497992,1,Right,0.8952494859695435,0.6373345511034131,0.9550637114379141,4.5076382093611755e-07,0.6064139802008868,0.9357585938440429,-0.029186401516199112,0.5841006898321212,0.9023938232825862,-0.04788032919168472,0.5815918850712478,0.8633043190671338,-0.06391386687755585,0.586661443952471,0.8264267482691341,-0.07854830473661423,0.5897240407764912,0.7872596431109641,-0.029708806425333023,0.5732129141688347,0.7173904168936941,-0.04963145777583122,0.5642541765235365,0.673608508043819,-0.06599360704421997,0.5579529942013324,0.6354083929624822,-0.07795929163694382,0.6128572986461223,0.7753648462394873,-0.03126387670636177,0.6046745313331485,0.695814508282476,-0.0458870604634285,0.5995970945805311,0.6471353756056891,-0.06011968478560448,0.5960779899731279,0.6064287325574292,-0.07102284580469131,0.6358102573081851,0.7824191748268075,-0.03626719489693642,0.6333516925573349,0.7080579838818974,-0.05134011432528496,0.631098881457001,0.663332382755147,-0.06239211559295654,0.6283840257674456,0.6254435473018223,-0.07097269594669342,0.6589086593128741,0.8042510088947085,-0.04421123117208481,0.667009006254375,0.7511823867758115,-0.05848904326558113,0.6709619511850178,0.7172808471653197,-0.0635472983121872,0.6734593850560486,0.6859059802360005,-0.06671516597270966
204,6.806144578313253,0,Left,0.9518691301345825,0.3358875097706914,0.9558097665508588,3.954687599616591e-07,0.36486362628638747,0.9150203112098906,-0.025070995092391968,0.3844228684902191,0.850121092547973,-0.035953547805547714,0.3984759673476219,0.7966142791012923,-0.04600056633353233,0.4126712903380394,0.7565414062804646,-0.05609160661697388,0.36352954134345056,0.7636003331177764,-0.025674879550933838,0.3747106533497572,0.6891984148157968,-0.04612430930137634,0.3816301207989454,0.6442200851109293,-0.06111028045415878,0.38631890807300806,0.6039696760475636,-0.07264610379934311,0.33864167258143424,0.7598961580958631,-0.03073747642338276,0.3373175771906972,0.6750699632697635,-0.049149028956890106,0.33720426820218563,0.6227784235030412,-0.06391739845275879,0.3367618119344115,0.5777195587340328,-0.07512789219617844,0.31582711562514304,0.7787902359333303,-0.03929503634572029,0.3069939434528351,0.7034329764544964,-0.060514338314533234,0.302215532399714,0.6533157739374372,-0.07639792561531067,0.2997619403526187,0.6072484472559558,-0.08798166364431381,0.2952974570915103,0.8159547375308143,-0.05023855343461037,0.2744482645764947,0.7704056993126869,-0.07407773286104202,0.2607456466183066,0.7376140896644857,-0.0870104506611824,0.2500131896696985,0.702719853570064,-0.09523379057645798
204,6.806144578313253,1,Right,0.9433775544166565,0.6419831730425358,0.9432903083662192,5.217202101448493e-07,0.6121230658143759,0.9160043367081219,-0.028621291741728783,0.5924794297665358,0.8749472194247776,-0.04679930955171585,0.5951156556606293,0.8334497649636533,-0.062108106911182404,0.6059701412916183,0.7962418646448188,-0.076711505651474,0.6070180848240853,0.7657496865424845,-0.029904527589678764,0.5985231652855874,0.6936896350648668,-0.04934190958738327,0.5953564960509539,0.647553159462081,-0.06545412540435791,0.594737708196044,0.6076942585408688,-0.07739262282848358,0.6308531187474727,0.7599769559171464,-0.03145873174071312,0.6311443395912647,0.679959523346689,-0.045663584023714066,0.6311917476356029,0.6307720431851016,-0.060210760682821274,0.6323711168020963,0.5902232295937009,-0.07169406116008759,0.6521209694445134,0.7735821266141203,-0.03630747273564339,0.6584261264652014,0.6998904408680068,-0.0518253892660141,0.6612458139657974,0.6548460715346867,-0.0640873834490776,0.6632200580090284,0.6165454518463876,-0.07371705025434494,0.6713756337761879,0.8023505302766959,-0.04382073134183884,0.6839330840855837,0.7546937856409285,-0.05993024632334709,0.6915768411010503,0.7212495310439004,-0.0668315440416336,0.6977881226688624,0.6902285103996595,-0.07135820388793945
205,6.839508032128514,0,Left,0.9730781316757202,0.33570040394552053,0.9541845003763835,3.184557328950177e-07,0.36655998630449177,0.9145634611447652,-0.027706308290362358,0.38540593078359964,0.849878454208374,-0.04008493572473526,0.39577443250454963,0.7936919093132019,-0.05102348327636719,0.40906959641724827,0.7527559836705525,-0.061695609241724014,0.35887827032711356,0.7627888878186544,-0.027903486043214798,0.3625417968025431,0.687992254892985,-0.0484655387699604,0.3636059742420912,0.6397095402081807,-0.063804492354393,0.3627326054731384,0.5971025784810384,-0.07575666904449463,0.33297297011595217,0.7618610978126525,-0.030590252950787544,0.32312577350530775,0.6800747871398926,-0.049209579825401306,0.31619214806705714,0.6277570207913716,-0.06359865516424179,0.3085553747834638,0.5826266328493754,-0.07419278472661972,0.31227731169201434,0.7815807223320007,-0.036707405000925064,0.2952807232737541,0.7122626225153605,-0.056648459285497665,0.2845812165411189,0.6646392742792765,-0.07085342705249786,0.2754624268505722,0.6195924599965413,-0.080985426902771,0.2955437491647899,0.8175948063532511,-0.0456097386777401,0.27145275122020396,0.7764509081840515,-0.06776303052902222,0.2554078704910353,0.7480973203976949,-0.07933038473129272,0.24188303924165666,0.7182117382685343,-0.08630934357643127
205,6.839508032128514,1,Right,0.94986891746521,0.6380649023223668,0.9407155911127726,4.966577762388624e-07,0.6070997253526003,0.9120983441670736,-0.029150214046239853,0.5881594878621399,0.8698622186978658,-0.04733119532465935,0.592889960668981,0.8298511981964112,-0.06238044053316116,0.6046912791673094,0.7969666679700216,-0.07692457735538483,0.6073982005938887,0.7646987994511922,-0.0316491574048996,0.6039949499536306,0.6925872325897217,-0.05167996883392334,0.6033523033373058,0.6476089557011923,-0.06776432693004608,0.6046582408249378,0.6085559725761414,-0.07964828610420227,0.6321671626530587,0.7594538529713949,-0.0331452302634716,0.637003682134673,0.6807710448900859,-0.048177774995565414,0.640103560173884,0.6319064180056254,-0.06288111954927444,0.6435617742594332,0.5904666900634765,-0.07450246065855026,0.6529468107968569,0.7732045610745748,-0.038032207638025284,0.6639153521042317,0.7033884723981222,-0.05439122021198273,0.6695310415234417,0.6582310279210408,-0.06774754077196121,0.6735681235324591,0.6196421583493551,-0.07811885327100754,0.6707660426385701,0.8020093242327372,-0.045543164014816284,0.6859479332342744,0.755275825659434,-0.06173330172896385,0.6948227025568485,0.7224582592646281,-0.06902261078357697,0.7020038141869008,0.6918781677881877,-0.07403183728456497
206,6.872871485943775,0,Left,0.962249219417572,0.3423090204130858,0.9568199801776144,3.081515842495719e-07,0.3739333629608154,0.921661060055097,-0.02409658581018448,0.39489305964671073,0.8630405108961794,-0.03670317307114601,0.40951946629211305,0.810743781675895,-0.04856636002659798,0.42115671494975687,0.7694784293572108,-0.060439903289079666,0.3756075483746827,0.7702950347628859,-0.027310749515891075,0.3821163834538311,0.6967194000879924,-0.05062510445713997,0.38542935024015607,0.6497642170223925,-0.06819285452365875,0.38803251828067004,0.6081433542900615,-0.08090195804834366,0.3497820927761495,0.7657006385425726,-0.03213964030146599,0.34322536140680315,0.6843608806530634,-0.05204056575894356,0.3397584355901927,0.6318504422903061,-0.06713186204433441,0.33625238980166616,0.5873136978596449,-0.0781627893447876,0.32798212897032497,0.7833150453037686,-0.040120914578437805,0.3166166474111378,0.7124094173312188,-0.06040547043085098,0.30909762075170877,0.6635790679189894,-0.07463517040014267,0.3038259104359895,0.6191313981595966,-0.08463142067193985,0.31006805747747423,0.8191672063536114,-0.05055345222353935,0.2897142068482935,0.7771738415790929,-0.07231520116329193,0.27594618948642163,0.7457491821712918,-0.0834171399474144,0.2646437573712319,0.7132409123082956,-0.0899500697851181
206,6.872871485943775,1,Right,0.9551597833633423,0.6292651435360312,0.9543066643178463,4.1396842220819963e-07,0.6000602825544774,0.9313790015876293,-0.026102114468812943,0.5783396417275071,0.8944584699968497,-0.044469140470027924,0.5772175800986588,0.8550226956605911,-0.0609518326818943,0.5839528255164623,0.8209799240860675,-0.07652370631694794,0.5885680112056434,0.7820955018202463,-0.028333626687526703,0.5798398319631815,0.7098395648929808,-0.04972686991095543,0.5762867301702499,0.6644431885745791,-0.06685782223939896,0.5749078398570419,0.6258824393153191,-0.07896368205547333,0.6119332593865693,0.7732242513861921,-0.032228682190179825,0.6107356840744614,0.6913818390833006,-0.04903298616409302,0.6103203588165342,0.6404313460820251,-0.06377286463975906,0.6107910682447255,0.5980932001438406,-0.07445379346609116,0.6338401448912918,0.7845976942943202,-0.03941258043050766,0.6387868886813521,0.7099247857928276,-0.05593222752213478,0.6417333041317761,0.6648858467737834,-0.0670514702796936,0.6436273083090782,0.6266636600924863,-0.07515677809715271,0.6546600366942584,0.8116315942671564,-0.049157559871673584,0.6660601753741503,0.7587631930907567,-0.06409658491611481,0.6727354057133198,0.7234652744399177,-0.06925994902849197,0.6779365133494138,0.6900648126999537,-0.07225240021944046
207,6.906234939759036,0,Left,0.9685004353523254,0.3414741237415001,0.9652940606077512,4.5483412236535514e-07,0.374046874884516,0.9418968483805656,-0.027468763291835785,0.4013771085301414,0.8923936734596888,-0.04212307557463646,0.42150866813026366,0.8445758057965173,-0.054643336683511734,0.44231622987426816,0.8104050614767604,-0.06670650094747543,0.3880453934893012,0.7931185414393743,-0.02766726352274418,0.41140743079595266,0.7277577444911003,-0.05090617388486862,0.4246976400492713,0.6840941980481148,-0.06902942061424255,0.4355213959235698,0.6464954059984949,-0.08166711777448654,0.3649821604602039,0.7788719890846146,-0.02998518943786621,0.37522171302698554,0.6963025074866083,-0.04833758994936943,0.38090923987329006,0.6455881454878383,-0.062356021255254745,0.3848566272296011,0.601418625149462,-0.07221271097660065,0.34250877702143046,0.7882407547699081,-0.03575633466243744,0.34521923582069575,0.7123409410317739,-0.05640731751918793,0.3465234336676076,0.6633152647150887,-0.06970395147800446,0.34838435126002876,0.6182360707057847,-0.07837247103452682,0.3203094065655023,0.8166129820876651,-0.04385310038924217,0.30685319285839796,0.7679658209284147,-0.06563369929790497,0.2988103901850991,0.7336566050847372,-0.07458972930908203,0.2925223755533807,0.6984952804115083,-0.07913997024297714
207,6.906234939759036,1,Right,0.9681434631347656,0.6214138526003807,0.9701530685027441,3.5247123264525726e-07,0.5916844161693007,0.9542757901880476,-0.029818551614880562,0.5681406508199871,0.9256181956993209,-0.05006900802254677,0.5635594214778393,0.8883731729454465,-0.0681709498167038,0.5664160292595625,0.8507163772980372,-0.08508893847465515,0.5713463185355068,0.8074780296948221,-0.027736645191907883,0.5495673344004899,0.7438101743658384,-0.050183091312646866,0.5373439173679799,0.701840447054969,-0.06919658929109573,0.5295585160143673,0.6654365642203225,-0.08283369988203049,0.5924183955416084,0.7932470970683627,-0.029495256021618843,0.579828605800867,0.7156163015299373,-0.04686499759554863,0.572808331856504,0.6667606433232626,-0.06250794976949692,0.5679947448894381,0.625715902282132,-0.07425893843173981,0.6150893801823258,0.7972688699762026,-0.035324543714523315,0.6094088083598763,0.7243155249290996,-0.05187353119254112,0.604668697854504,0.6782529461714957,-0.06336424499750137,0.6001671521458775,0.6387277940909067,-0.07211621105670929,0.6391389926429838,0.815819140109751,-0.044333118945360184,0.6446101285051554,0.7598062240415149,-0.057984739542007446,0.6477112838998437,0.7245169141226344,-0.06304246932268143,0.6495619559194893,0.6910078583492173,-0.06658796966075897
208,6.939598393574297,0,Left,0.9768316149711609,0.3300050650490448,0.9638361506164074,4.5418184413392737e-07,0.3658853226574138,0.9497370570898056,-0.02736375853419304,0.39758419001009315,0.9046625271439552,-0.03970411792397499,0.42033670921809974,0.8587019272148609,-0.05022905766963959,0.4425102226901799,0.828400769084692,-0.06026206165552139,0.39249200946651397,0.7997222483158112,-0.021203303709626198,0.41889008295256647,0.735952639579773,-0.04163547605276108,0.43439920656383035,0.6944069601595402,-0.058415476232767105,0.4474215165246278,0.6595122344791889,-0.07019337266683578,0.3709075229475275,0.7815110638737679,-0.02249431423842907,0.38712906909640876,0.703509958833456,-0.038838453590869904,0.39594312221743166,0.6545095458626747,-0.05336662381887436,0.4030335446819663,0.6139781851321459,-0.06388009339570999,0.3478262853808701,0.7835762307047844,-0.027685629203915596,0.35737942196428774,0.7095816284418106,-0.045517850667238235,0.364348038029857,0.6611742585897445,-0.05910973623394966,0.37239490714855494,0.6199438709765672,-0.06845924258232117,0.32217946664895863,0.802283925563097,-0.03560129180550575,0.31417260761372745,0.7480541743338108,-0.054784346371889114,0.31061139234807345,0.7090504348278046,-0.0644446462392807,0.3098668495658785,0.6711289957165718,-0.0699508786201477
208,6.939598393574297,1,Right,0.9526130557060242,0.6232597383670508,0.9644766688346863,3.8283161529761855e-07,0.5917058421298862,0.9538391694426537,-0.03096638433635235,0.5667542079463601,0.9285010933876038,-0.05090045928955078,0.5609398080036044,0.8922142043709755,-0.06834937632083893,0.5645192895550281,0.8565935052931308,-0.08445179462432861,0.5666061332449317,0.8134989947080612,-0.028062375262379646,0.5428223073948175,0.7530807323753834,-0.04878251627087593,0.5292764262296259,0.7139708772301674,-0.06622772663831711,0.5191810969263315,0.6783786192536354,-0.07910991460084915,0.5873379749711602,0.7954584568738937,-0.02949238009750843,0.5717095876578242,0.7179961942136288,-0.045571062713861465,0.561299562221393,0.6705313369631767,-0.0607026070356369,0.5532159922644496,0.6306509345769882,-0.07192397862672806,0.6101841065566986,0.797131822258234,-0.03488866984844208,0.5998601588886231,0.7260953143239022,-0.05121868848800659,0.5919460895936937,0.681818014383316,-0.06323818117380142,0.5846742382273078,0.6443939208984375,-0.07211895287036896,0.6347068102099002,0.8128490693867206,-0.04348336532711983,0.6365426373668015,0.7586489021778107,-0.057547081261873245,0.6365372528322041,0.7236803703010082,-0.06292900443077087,0.6353995829354971,0.6913980498909951,-0.06657638400793076
209,6.972961847389558,0,Left,0.9832960963249207,0.32644971664994954,0.9570956096053124,4.1313430187983613e-07,0.3627238334156573,0.9356540963053703,-0.024152040481567383,0.3907052494585514,0.8797376163303852,-0.03314276039600372,0.40892442129552364,0.8295879542827607,-0.04147809371352196,0.42749909674748776,0.7982107818126678,-0.04940936341881752,0.3784208782948554,0.7817917823791504,-0.01868298090994358,0.3999543898738921,0.7138353534042835,-0.03784206882119179,0.41383831202983856,0.670319677144289,-0.05316346883773804,0.4244037761352956,0.6330438993871212,-0.06448929011821747,0.35504122264683247,0.7673048436641693,-0.02208099141716957,0.3658815464004874,0.6845870435237884,-0.03840024024248123,0.3722751079127192,0.6325020678341389,-0.052499789744615555,0.37686430746689437,0.5892942544072867,-0.06266387552022934,0.3325684372335672,0.7740318015217781,-0.029056834056973457,0.33678268352523444,0.6994070552289486,-0.04643438756465912,0.33987195771187545,0.6487474754452706,-0.05952612683176994,0.34382036719471215,0.6044938910752535,-0.06874660402536392,0.30972011825069784,0.7992392331361771,-0.03867626190185547,0.2989055713638663,0.7472364597022534,-0.05763178691267967,0.2932394154369831,0.7085118561983108,-0.067428357899189,0.29021499524824323,0.6717482820153237,-0.07313784956932068
209,6.972961847389558,1,Right,0.9238348007202148,0.6289347531273961,0.9552954241633416,4.674576246088691e-07,0.5977778779342771,0.9397507578134536,-0.029012514278292656,0.5753223894163966,0.9093542538583279,-0.04815182089805603,0.5713244853541255,0.8723697446286678,-0.06476514786481857,0.5753942726179957,0.8356332048773766,-0.08032722026109695,0.5794502073898912,0.7919572561979293,-0.030676744878292084,0.5609661160036922,0.7250835232436657,-0.051461637020111084,0.5503700828179717,0.6823738247156144,-0.06856217980384827,0.5424578389152884,0.6444062732160092,-0.08113256096839905,0.6020622290670872,0.7790995486080646,-0.032923828810453415,0.59222198035568,0.7007353030145168,-0.048556432127952576,0.5861654836684466,0.6517825409770012,-0.0636766105890274,0.5813648838549852,0.6102115415036679,-0.07524067163467407,0.6247738763689995,0.7849623717367649,-0.03860870376229286,0.6202521983534097,0.7123762413859367,-0.05485667288303375,0.6170656759291887,0.6673552088439465,-0.06662816554307938,0.6132937172427774,0.6293536115437746,-0.07550150901079178,0.6479513043537736,0.8050690874457359,-0.04717305302619934,0.6543703619390726,0.7509335830807686,-0.06212184950709343,0.6576102351769805,0.7158416159451008,-0.06760308146476746,0.6589636236429215,0.6841307990252972,-0.07112691551446915
210,7.00632530120482,0,Left,0.9387779831886292,0.319815745158121,0.9660903818905353,3.527820808812976e-07,0.3521693554706872,0.9215674569209417,-0.019280968233942986,0.37319112974219026,0.8570569716393948,-0.03028373420238495,0.38631021706387403,0.8025492019951344,-0.04182479530572891,0.40354515495710075,0.7635932597021262,-0.05441153049468994,0.3538426025304943,0.7766431078314782,-0.025863206014037132,0.3658678686711937,0.6977789498865604,-0.048772722482681274,0.3738834511488676,0.6507223491867383,-0.06460294127464294,0.38024977638851853,0.6103107236325741,-0.0760524645447731,0.3293644970748574,0.772636233518521,-0.034076888114213943,0.3288822156377137,0.6848475302259127,-0.05451343208551407,0.329185538738966,0.6299674488604069,-0.06986520439386368,0.32915057667996733,0.5841666833808025,-0.08104720711708069,0.30615066478494557,0.790449004371961,-0.04502079263329506,0.29662418230436743,0.710330722729365,-0.06688787788152695,0.29187967415200544,0.657360656062762,-0.08197857439517975,0.29021522973198444,0.6109223817785581,-0.0929555743932724,0.2844830004032701,0.8260265789926052,-0.0576351024210453,0.2635983599815518,0.779333176712195,-0.08107572793960571,0.25078969713067634,0.7454673024515311,-0.09267505258321762,0.24118188819848002,0.7123847720523675,-0.0997343510389328
210,7.00632530120482,1,Right,0.9096977710723877,0.6434145085513592,0.9572634155551593,4.4741284455085406e-07,0.6107688532210886,0.9317720877627532,-0.023500507697463036,0.5895794369280338,0.8920509837567806,-0.04048200324177742,0.5859138686209917,0.85158787916104,-0.05595123767852783,0.5883700822945684,0.8175188894073169,-0.07144947350025177,0.6027922661509365,0.7833910855154197,-0.031937602907419205,0.5914910912048071,0.7082785405218601,-0.05436765030026436,0.5866222851909697,0.6602082739273707,-0.07152147591114044,0.5840091723483056,0.6195771733919779,-0.08364802598953247,0.6274947481229901,0.7769684749344985,-0.03765201196074486,0.6247857906855643,0.691209993014733,-0.055311888456344604,0.6243342850357294,0.6381139849623044,-0.0701858252286911,0.6250670546200127,0.5954036068171262,-0.08108337968587875,0.6507700364105403,0.7897545263171196,-0.04604112729430199,0.6547732208389789,0.709283493210872,-0.06452898681163788,0.6573693209793419,0.6599311850965023,-0.07661884278059006,0.6593172180466353,0.619051847110192,-0.0853886529803276,0.673155158944428,0.8180968950192133,-0.05647365003824234,0.685751287266612,0.7644441309074561,-0.07456078380346298,0.6927622792311012,0.7262686428924402,-0.08108485490083694,0.6979102082550526,0.6910229702790578,-0.08483757078647614
211,7.03968875502008,0,Left,0.9756831526756287,0.3282401397824287,0.9663202504316966,3.355912099323177e-07,0.3568922683596611,0.9200053615702524,-0.016270769760012627,0.3732229545712471,0.8580833183394538,-0.026713009923696518,0.38317869007587435,0.8092679373092122,-0.03858615830540657,0.3947858467698097,0.7738857704732153,-0.05105210095643997,0.346738788485527,0.7684360666407479,-0.02237069234251976,0.3522113174200058,0.6910378550489743,-0.04488051310181618,0.35581769198179247,0.6415566767255465,-0.06138766556978226,0.3582672193646431,0.5990423417753643,-0.07322186976671219,0.32212784737348554,0.7687814581725333,-0.0313904769718647,0.31269374787807463,0.6846844769186444,-0.051300376653671265,0.3072814837098122,0.6296659441457855,-0.0657845064997673,0.30205520540475844,0.584056268632412,-0.0757608711719513,0.30180215537548066,0.7908277706967459,-0.04278922453522682,0.2826667264103889,0.7178389908538925,-0.06192663311958313,0.2723070949316025,0.6681423380970954,-0.07388663291931152,0.2651660978794098,0.6232625499367714,-0.0823340117931366,0.2862949326634407,0.8305930028359095,-0.05611061304807663,0.26161336302757265,0.7899935755464765,-0.07636238634586334,0.2460864007472992,0.7579905894067552,-0.08535469323396683,0.23386337533593177,0.7257483901249038,-0.09025345742702484
211,7.03968875502008,1,Right,0.9548936486244202,0.644262820482254,0.955202606982655,5.261405817691411e-07,0.6116914093494416,0.927216406332122,-0.02452149987220764,0.5899432480335236,0.8856273911065525,-0.04082188382744789,0.5854833841323852,0.8467384424474504,-0.05495573580265045,0.5886347413063049,0.8138473257422447,-0.06904955208301544,0.6084963887929916,0.7765972387459543,-0.03076756000518799,0.6041297793388367,0.7008429216014014,-0.05122355371713638,0.603504079580307,0.6539062389069134,-0.06690800935029984,0.6048415660858154,0.6141124134262402,-0.07785176485776901,0.6339432686567307,0.771974069542355,-0.03483637794852257,0.6389714926481247,0.6869058499733607,-0.05071120336651802,0.6426327854394913,0.633865914079878,-0.06483180820941925,0.6467913836240768,0.5906532914274268,-0.07545756548643112,0.6561860233545304,0.7859540757205751,-0.041811779141426086,0.6673323512077332,0.7105909350845548,-0.05893054977059364,0.6732978463172913,0.6616565487451024,-0.07211986184120178,0.6777893245220185,0.620799469616678,-0.08192350715398788,0.6759961813688278,0.8157378711634212,-0.05084198713302612,0.6927807033061981,0.7656894134150611,-0.06764589995145798,0.7024946630001068,0.7302223127749231,-0.07460875809192657,0.709995660185814,0.6978352761930889,-0.07899507135152817
212,7.073052208835342,0,Left,0.9595535397529602,0.33644739375449717,0.9756194998820623,3.478358507891244e-07,0.3670319021679461,0.933410472340054,-0.022098178043961525,0.3860976435709745,0.8716060982810127,-0.03619401529431343,0.3973768708761781,0.8173131772213512,-0.05027055740356445,0.4084329603239894,0.7757546259297265,-0.06460360437631607,0.3627221778966486,0.7811226917637719,-0.02852991409599781,0.36830858602188526,0.7027016669511795,-0.05456702038645744,0.3727897545788437,0.6541873176892599,-0.07346654683351517,0.3772445883136243,0.6121841443909539,-0.08631285279989243,0.33791984715498985,0.7787212964561251,-0.035305459052324295,0.33030579169280827,0.6925350416037771,-0.05725812539458275,0.3265795483253896,0.6366288681825002,-0.07274090498685837,0.3233558101113886,0.5904697952171166,-0.08346951752901077,0.3168870897497982,0.7986040016015371,-0.0451207309961319,0.3023383445106447,0.7226408461729685,-0.06667456030845642,0.2941263775806874,0.670787845717536,-0.08021251112222672,0.28912640728522093,0.624807124833266,-0.0893922746181488,0.2996753313113004,0.8370682367020184,-0.05708868429064751,0.27784795509651306,0.7916545725531048,-0.07893351465463638,0.26409478560090066,0.7574324402544234,-0.08894902467727661,0.2531693559139967,0.7229914486408233,-0.09460673481225967
212,7.073052208835342,1,Right,0.9528622627258301,0.6350594161078333,0.9670508503913879,4.611745509919274e-07,0.6045914813876152,0.9423757765028212,-0.028426771983504295,0.5833469736389816,0.9044303635756175,-0.047987863421440125,0.5807628692127764,0.8649446959296863,-0.06514535844326019,0.5815578516572714,0.8277635536260075,-0.08162995427846909,0.5960398220457137,0.7923882901668549,-0.03422524034976959,0.5873825554735959,0.7165142551064492,-0.05805942416191101,0.5844010555185377,0.6688005639447107,-0.07653210312128067,0.5838388376869261,0.6273969600598017,-0.08925805985927582,0.6199133335612714,0.7854600611660215,-0.03778752312064171,0.6193208383396268,0.6987291521496243,-0.05687490105628967,0.6203851019963622,0.645496188931995,-0.0732206255197525,0.6225467775017023,0.6008406937122345,-0.08488839119672775,0.6423687838017941,0.7979331269860268,-0.044634148478507996,0.6496367353945971,0.7172423164049785,-0.06384450942277908,0.6551413639448583,0.6683129183120198,-0.07713395357131958,0.6589616356417537,0.6269348346524768,-0.08647330850362778,0.6642862840555608,0.8260230119029681,-0.053990039974451065,0.6787481205537915,0.7687190605534447,-0.071489118039608,0.6872420959174633,0.731517029967573,-0.07810726016759872,0.6932559664361179,0.6972516513533062,-0.08198469877243042
213,7.106415662650602,0,Left,0.9797099232673645,0.3314710658043623,0.9833377424213622,4.605797698786773e-07,0.36685834620147945,0.9544798456960254,-0.024174518883228302,0.3940927224233747,0.9025849350624614,-0.03955795243382454,0.41253501884639265,0.8537739187479019,-0.053614549338817596,0.43129410203546287,0.815141864783234,-0.06738780438899994,0.37846294455230234,0.8046565706531207,-0.031210681423544884,0.40119220316410065,0.7295154960619079,-0.057993434369564056,0.41487841978669165,0.6820691660046577,-0.07744190096855164,0.4262681625783443,0.6427940290835169,-0.089630626142025,0.35440537631511687,0.7925428367323346,-0.035388849675655365,0.3629364024847746,0.7021970523728265,-0.05612742900848389,0.3688355967402458,0.6466468259692192,-0.07006359845399857,0.3730222776532173,0.6002778680788146,-0.07922396063804626,0.3316527884453535,0.802226092086898,-0.04260934516787529,0.33076652605086565,0.7219444958700074,-0.06315314024686813,0.3325486434623599,0.667709117796686,-0.07440615445375443,0.3357138060033321,0.6197160848312908,-0.08136273175477982,0.3104668101295829,0.8302097095383538,-0.05202499404549599,0.29541978407651187,0.7766648473011123,-0.07176710665225983,0.28771896101534367,0.7371444846192996,-0.07841070741415024,0.2828117974102497,0.6983536975251303,-0.08122600615024567
213,7.106415662650602,1,Right,0.9625016450881958,0.6289340693503618,0.9778330342637168,4.019999266802188e-07,0.5980014685541392,0.9648865749438603,-0.030432017520070076,0.5744005091488361,0.9360366059674157,-0.05179435759782791,0.5701776448637247,0.8994067985150549,-0.07068832218647003,0.5713273782283068,0.8633857352866067,-0.0888298824429512,0.5759085845202208,0.8179404937558704,-0.03670542314648628,0.556821683049202,0.7463273119595316,-0.060485322028398514,0.546297962218523,0.700095397233963,-0.07873168587684631,0.5394315630197525,0.6609862976604037,-0.09166954457759857,0.5985875010490418,0.8038818336195416,-0.03963078185915947,0.5884756106883288,0.719401915371418,-0.05930386483669281,0.582777401059866,0.6664095905092028,-0.07515973597764969,0.5784370079636574,0.6224055959118737,-0.08685237169265747,0.6221794433891773,0.8096270019809405,-0.04607854783535004,0.618653041869402,0.7301764832602606,-0.06537121534347534,0.6158391803503036,0.681439488960637,-0.07815857976675034,0.6121655128896236,0.6398315005832248,-0.08762495964765549,0.6465397547930479,0.8306556676824888,-0.055323533713817596,0.6545301023870707,0.7718152918749386,-0.07258733361959457,0.6592198587954045,0.734506192141109,-0.0795186311006546,0.6616725772619247,0.7002630379464891,-0.08415088057518005
214,7.1397791164658635,0,Left,0.9844861030578613,0.31769503173418345,0.9760787303249041,4.439950487267197e-07,0.3585780307650566,0.9574616145756509,-0.022828983142971992,0.39149761060252786,0.9122700610094601,-0.03522483631968498,0.4136954999528825,0.8647898821367158,-0.046798836439847946,0.43225243310444056,0.8274119267861049,-0.05857700854539871,0.3838425007183105,0.8150999991430177,-0.02570376545190811,0.41144618280231954,0.7460867181420326,-0.04947752133011818,0.4283960527274758,0.7025826616419686,-0.06715242564678192,0.44270628606900575,0.6667666064368354,-0.07839376479387283,0.36242067930288613,0.7973095961742931,-0.03028056211769581,0.3789697166532278,0.7121735453605652,-0.04871740564703941,0.38930689659900963,0.658607572151555,-0.06305191665887833,0.39712692187167703,0.6148620088067319,-0.07321173697710037,0.33918379824608563,0.799918181863096,-0.03806152939796448,0.3474713345523924,0.7202095213863585,-0.05673682317137718,0.3538883696310222,0.6676301520731714,-0.06985630840063095,0.36148533346131445,0.6237982074419658,-0.07886379957199097,0.31417787158861754,0.8196729741162724,-0.04800902307033539,0.30413372642360625,0.7627237227227953,-0.06725537031888962,0.29914343133568766,0.7211885538366106,-0.07618746906518936,0.29692521556280554,0.6827729986773596,-0.08119816333055496
214,7.1397791164658635,1,Right,0.9366390705108643,0.6277468370273709,0.9708505135443476,4.1601677480684884e-07,0.5982106985524297,0.9654149727688895,-0.03246220201253891,0.5720454313792288,0.9453008931544092,-0.05601393058896065,0.5644978336058557,0.9113678564627965,-0.07693060487508774,0.5673526467755436,0.8748126500182681,-0.09692438691854477,0.5695337427780032,0.8325105827715662,-0.041773393750190735,0.543730569537729,0.765813451508681,-0.06771475821733475,0.5289873737841845,0.7230230260226461,-0.0864693820476532,0.5182090037502348,0.6844114149610202,-0.09967151284217834,0.5906716712750495,0.8131532468729549,-0.044429413974285126,0.5730307717807591,0.7307297332419289,-0.06523928791284561,0.5624398861080409,0.6785997514923413,-0.08102725446224213,0.5543546706438065,0.6348966105116738,-0.09259530901908875,0.6142367642372847,0.8135970226592488,-0.050529252737760544,0.6031700446270406,0.73806178751919,-0.07072898745536804,0.596329493727535,0.6906804828180207,-0.08286015689373016,0.5894734397530556,0.6507110888759295,-0.09163413196802139,0.6397837367840111,0.8284135844972399,-0.05964535102248192,0.6420711450278759,0.771619458662139,-0.07797689735889435,0.6429784748703241,0.734705410235458,-0.08444684743881226,0.6420494711957871,0.7017744766341315,-0.08837833255529404
215,7.173142570281125,0,Left,0.9812827110290527,0.3183443899732083,0.9712680265307426,4.1312844700769347e-07,0.356794807780534,0.9439683973789215,-0.022345755249261856,0.3852180116344243,0.8902963397403558,-0.03322912007570267,0.4025797121692449,0.8428560468057792,-0.04395785182714462,0.41810809466987847,0.8069322111705939,-0.0552307553589344,0.3727257407270372,0.7975288396080334,-0.026987770572304726,0.3943437850801274,0.7217080354690552,-0.05103415995836258,0.4083441685186699,0.6763699367642403,-0.06871268153190613,0.41955527623649685,0.6380389002462228,-0.08042503893375397,0.34911268642172216,0.785951878875494,-0.032804422080516815,0.3609976591076702,0.6980848456422488,-0.05339742451906204,0.36776160339359193,0.642217593640089,-0.0691332146525383,0.37265355717390775,0.5975645485023657,-0.07982990145683289,0.325449801934883,0.7943911964694659,-0.04154645651578903,0.3314526499714702,0.7126286084453265,-0.06136905029416084,0.334749373793602,0.6579882736007373,-0.07442571222782135,0.3392223441740498,0.6125673105319341,-0.08321881294250488,0.30108688499312847,0.8198072617252667,-0.05252370238304138,0.2921723774750717,0.7618519966801007,-0.07294213771820068,0.28766702506691216,0.7195458712677161,-0.08209587633609772,0.28539997002808376,0.6818500096599261,-0.08682285994291306
215,7.173142570281125,1,Right,0.9219292402267456,0.6351750448346138,0.9656123558680216,4.972994247509632e-07,0.6022571434266866,0.9547780180970827,-0.027997508645057678,0.5778028585016728,0.9246887405713399,-0.047769829630851746,0.573574238177389,0.8867365506788095,-0.06510056555271149,0.5797332562040538,0.8523047626018524,-0.08206602185964584,0.5796426662243903,0.813536420961221,-0.038062192499637604,0.5583982343785465,0.744340098152558,-0.061893925070762634,0.5467884093057365,0.6992527263859908,-0.0796547681093216,0.5382138608954847,0.6597830161452294,-0.09231473505496979,0.6029094520024956,0.7995517258842786,-0.04207931458950043,0.5903049588203431,0.716910882294178,-0.06103762611746788,0.5836176953278482,0.664656187593937,-0.07642772048711777,0.5787264056969434,0.6212738034625848,-0.0875379666686058,0.6269724200945348,0.8044535708924134,-0.04898986220359802,0.6197391119319946,0.7274440810084343,-0.06835141777992249,0.6156087477691472,0.6782463878393173,-0.0808834508061409,0.6116129972040654,0.6375564287106196,-0.08971470594406128,0.6517543394118548,0.8244952330986659,-0.05832500010728836,0.6567824817728252,0.7672444485127926,-0.07657760381698608,0.6593279956839979,0.7292614067594211,-0.08302850276231766,0.6602228895761073,0.6959911423424879,-0.08670474588871002
216,7.206506024096385,0,Left,0.9547063112258911,0.3213399086147547,0.9657757284740607,4.272472438060504e-07,0.3543552540242672,0.9247596020499865,-0.022496290504932404,0.37472476400434973,0.8618009564777215,-0.03483280912041664,0.3877068623900414,0.8081775327523549,-0.04684583097696304,0.4041471552103758,0.7720265313982964,-0.059679049998521805,0.35489100627601144,0.7806374457975228,-0.031880687922239304,0.3689147807657719,0.7009554023543993,-0.05547821521759033,0.37666093111038207,0.6530452631413937,-0.0709838792681694,0.3827105864882469,0.6120950192213058,-0.08224788308143616,0.3299630519002676,0.775841893007358,-0.03871719911694527,0.33163308128714564,0.6869844883680344,-0.06066994369029999,0.3329134415835142,0.6296243886152904,-0.07639198005199432,0.33389166109263896,0.5813991069793701,-0.08760413527488708,0.3063758935779333,0.7930053522189459,-0.04818113520741463,0.29788213334977626,0.7117908515036107,-0.07151569426059723,0.29421966187655924,0.6571930602192879,-0.08760108053684235,0.29382889084517955,0.6088485943774382,-0.09902308136224747,0.2850932735949755,0.8278137641648452,-0.05943554267287254,0.2650421580299735,0.7796034639080366,-0.08476932346820831,0.25237783659249546,0.743214983244737,-0.0980011373758316,0.24324981439858676,0.7073356916507085,-0.10604244470596313
216,7.206506024096385,1,Right,0.8667998313903809,0.6439458467066288,0.9552822726468245,4.990118895875639e-07,0.6115671761333943,0.9316284976899624,-0.02342166379094124,0.5893864743411541,0.8950671754777432,-0.041122883558273315,0.5839115381240845,0.8563031904399395,-0.05706150084733963,0.5863535910844803,0.8202962681651116,-0.07283033430576324,0.6008773617446422,0.7901537333925565,-0.034559525549411774,0.5875400394201279,0.7150737295548121,-0.056778162717819214,0.5813532494008541,0.6668643628557523,-0.07320466637611389,0.577645218372345,0.6264553379267455,-0.08452033251523972,0.6254085794091224,0.7827880072096983,-0.03986792266368866,0.6200018115341663,0.6968030708531538,-0.057284459471702576,0.6182834297418595,0.6434935448070367,-0.07125765830278397,0.618238402158022,0.6014237650980552,-0.08127804845571518,0.6492502480745316,0.7936361260712147,-0.04758443310856819,0.6500760957598686,0.7139612843592962,-0.06584273278713226,0.6515302017331124,0.6642998352646827,-0.07775265723466873,0.6528251722455025,0.6241374251743158,-0.08617781102657318,0.6728144936263561,0.8191324772934119,-0.057133689522743225,0.6837973482906818,0.7643304146826267,-0.07482729107141495,0.690131988376379,0.7259833298623561,-0.08097918331623077,0.6946372166275978,0.6912922350068887,-0.0842743068933487
217,7.239869477911647,0,Left,0.9806234836578369,0.3265128120779991,0.967274920642376,3.4727298725556466e-07,0.35556636049877854,0.9216766468352742,-0.01880742236971855,0.372543055517599,0.8604602623316977,-0.03058931790292263,0.38174147326499225,0.8101753973298602,-0.04324121028184891,0.3943582002306357,0.7731280914611287,-0.05617143213748932,0.34726157928816975,0.7695846994717915,-0.023601224645972252,0.35298884781077505,0.691951238612334,-0.0466260202229023,0.35674720210954547,0.6423115498489804,-0.06368710845708847,0.35932990012224764,0.5996521771781974,-0.07584189623594284,0.3225924937753007,0.76896909640895,-0.03137098252773285,0.31387259636539966,0.6843729342023531,-0.0516311377286911,0.30901296036317943,0.6297735922866398,-0.06632672995328903,0.3042774819303304,0.5845246738857693,-0.07639258354902267,0.30207002342212946,0.7895872116088867,-0.04179517924785614,0.2844432279933244,0.7160517733958033,-0.06135108694434166,0.2745725367683917,0.6655818088187112,-0.07349450141191483,0.2676167042343877,0.6205010433163908,-0.0818791538476944,0.2858811301412061,0.8281907167699601,-0.05433123558759689,0.26145064695738257,0.7868166860606935,-0.0748831257224083,0.24587113574380054,0.7543847997983296,-0.08404575288295746,0.23331641984404997,0.7222677075200611,-0.08886098861694336
217,7.239869477911647,1,Right,0.9575835466384888,0.646795381885022,0.9577826884057786,5.418710316007491e-07,0.6143495282623916,0.9308012185825242,-0.025362825021147728,0.5925043744500726,0.8890271037817001,-0.04219341278076172,0.5884421369060874,0.8491990286442969,-0.05661366507411003,0.5914173523895443,0.8147621790568034,-0.07087451219558716,0.6094966060947626,0.779186316827933,-0.03209981322288513,0.603840306866914,0.7031355107824008,-0.053215887397527695,0.6026080183219165,0.6549327042367723,-0.06948982179164886,0.6036522808019071,0.6144905848635568,-0.08073882758617401,0.6347631841897965,0.7743372067809104,-0.03587032109498978,0.637957924650982,0.6894589414199194,-0.052202001214027405,0.6404052431229502,0.63573321070936,-0.06672626733779907,0.6436774925794453,0.5925853907234139,-0.0774829164147377,0.6573162896092981,0.7882287161217796,-0.04252220690250397,0.6668384418822825,0.7114683320124944,-0.05975388363003731,0.6720329376403242,0.6618275743391778,-0.07286173105239868,0.6761305437423288,0.6210319129957094,-0.0825132504105568,0.6778619004413485,0.8180028022991286,-0.051314182579517365,0.6937503544613719,0.7665948692295287,-0.06847770512104034,0.7029454830102623,0.7305458361903826,-0.07555566728115082,0.7101143878884614,0.698343097501331,-0.0797891616821289
218,7.273232931726907,0,Left,0.9645959734916687,0.3347557336091995,0.9763740539550781,3.3832796475508076e-07,0.3651242973282933,0.9338961983720462,-0.021053370088338852,0.38422116404399276,0.8711442691584428,-0.03334275633096695,0.3955535739660263,0.8158248821894328,-0.04580932855606079,0.4072195803746581,0.7732006803154945,-0.058277677744627,0.3602393320761621,0.7798691722253959,-0.023760298267006874,0.36614524805918336,0.7016602384547392,-0.04705427587032318,0.37002612091600895,0.653467142333587,-0.06422887742519379,0.3734422344714403,0.6117268195996682,-0.0762084349989891,0.33521102322265506,0.7769726537168026,-0.030206674709916115,0.32829683367162943,0.6916619238754114,-0.050019823014736176,0.3251695646904409,0.6359131892522176,-0.06443879753351212,0.32210638793185353,0.5900734366228183,-0.07440013438463211,0.3141654245555401,0.7958983587721984,-0.039776481688022614,0.2998207565397024,0.7212607279419899,-0.0596582256257534,0.2919722944498062,0.6687998503446579,-0.07305070012807846,0.2872170601040125,0.6220365645984809,-0.08218143880367279,0.29730743262916803,0.8332134621838728,-0.051511798053979874,0.2751467877533287,0.7896958010892073,-0.07242010533809662,0.26109696878120303,0.755349633594354,-0.08265698701143265,0.24996917857788503,0.7206218188007673,-0.08843852579593658
218,7.273232931726907,1,Right,0.9347096681594849,0.6407664846628904,0.9625422845284144,4.6612436221948883e-07,0.6088274801149964,0.9376736842095852,-0.02738267555832863,0.5870835110545158,0.8971862182021141,-0.04509086534380913,0.5848099458962679,0.8565863251686097,-0.0602610781788826,0.5863562924787402,0.8208401322364807,-0.07497163116931915,0.602123704738915,0.7874861143529415,-0.03323504701256752,0.5948625160381198,0.7124776388208072,-0.05545689910650253,0.5925221284851432,0.6648489450414975,-0.07269591093063354,0.5923910802230239,0.6242346040904522,-0.08477349579334259,0.6268694503232837,0.7797221146523953,-0.03644018992781639,0.6273060869425535,0.6939215337236723,-0.0537821426987648,0.6284417621791363,0.6411679635445277,-0.06918933987617493,0.6303643761202693,0.5972923052807649,-0.0806163102388382,0.6492601837962866,0.7916258205970128,-0.04275093600153923,0.6565555473789573,0.712865821023782,-0.060886554419994354,0.6615451565012336,0.6654121915499369,-0.07425133138895035,0.6649224366992712,0.6258941141267618,-0.08402040600776672,0.670468962751329,0.8192521060506502,-0.05143864080309868,0.6854054480791092,0.7650842403372129,-0.06884714215993881,0.6941462373360991,0.7287580413122972,-0.07619725167751312,0.7003204356878996,0.6954851540426413,-0.08082521706819534
219,7.306596385542169,0,Left,0.9756180047988892,0.33028912101872265,0.981124306966861,4.4031051515958097e-07,0.3647831975016743,0.9504620472590128,-0.023975646123290062,0.3911482044029981,0.8976088531315327,-0.038631778210401535,0.4083312782458961,0.8468170878787835,-0.05185367912054062,0.4249968185089529,0.8072516657412052,-0.0648423433303833,0.37512939632870257,0.7995949807266395,-0.030866295099258423,0.3957598764449358,0.7233502969145775,-0.05572066083550453,0.4078380227088928,0.6762563539048035,-0.07363485544919968,0.41780684106051924,0.6373481119672457,-0.08513976633548737,0.3507988742552698,0.788985674828291,-0.03479970991611481,0.3579267446417361,0.7000783915321033,-0.05431331694126129,0.36297608478926124,0.646509425342083,-0.06772458553314209,0.3663404794875532,0.6021624537805716,-0.07676570862531662,0.3281604047864676,0.7999535558124383,-0.04160238802433014,0.32691259677521883,0.7202483512461185,-0.06145747750997543,0.3281988592352718,0.6669399810334047,-0.07307653874158859,0.33077851026318966,0.619693112373352,-0.08057335764169693,0.3071399597916752,0.8289035372436047,-0.05046640709042549,0.29058191762305796,0.7769017033278942,-0.0706552192568779,0.2820274421479553,0.7383006463448206,-0.0782335177063942,0.27637539627030494,0.7003006671865781,-0.0817381739616394
219,7.306596385542169,1,Right,0.9574044942855835,0.6358537621796131,0.9736215700705846,4.139338329878228e-07,0.6048684977926314,0.9553844305376212,-0.03080071322619915,0.5809321290813386,0.9255279645323753,-0.05302233248949051,0.5768304096534849,0.8893594034016132,-0.07295095920562744,0.5815968660637736,0.8557478569447994,-0.09178003668785095,0.58696767706424,0.8057722878952821,-0.03451152145862579,0.5703522090800106,0.7338092555602391,-0.05861075967550278,0.5609808466397226,0.6875331980486711,-0.07781549543142319,0.5550355500541627,0.6486433605353038,-0.09134086966514587,0.6099229929968715,0.7930651443699995,-0.03725342079997063,0.6016873729415237,0.7090158288677534,-0.05656016618013382,0.5964997938834131,0.6563966020941734,-0.07258914411067963,0.592837543040514,0.614091232419014,-0.08424679189920425,0.6332618299871683,0.8001408008237679,-0.043718427419662476,0.6315905681811274,0.7216250821948051,-0.061763469129800797,0.6299864358268679,0.6745988888045152,-0.07372979819774628,0.6274415435269475,0.6363917042811712,-0.08251439779996872,0.6573663824237883,0.823019589483738,-0.0532689169049263,0.6660953717306256,0.7657957002520561,-0.06909060478210449,0.6699415368027986,0.7283942649761835,-0.07519018650054932,0.6718112303875386,0.6947582681973775,-0.07899697124958038
220,7.33995983935743,0,Left,0.9747066497802734,0.32033968176692723,0.9741083807415433,4.2840633796004113e-07,0.3593213025480509,0.9548656913969252,-0.02381386049091816,0.39024078552611174,0.9068421218130324,-0.03529372066259384,0.41072765123099086,0.8574738482634227,-0.045649733394384384,0.4303915769793093,0.821511658695009,-0.05592966079711914,0.3823217020370066,0.8076003955470191,-0.02289726212620735,0.40781960401218387,0.7401100562678443,-0.04469527304172516,0.42317335766274483,0.6960454761981965,-0.06135721877217293,0.43594123842194676,0.6599964499473572,-0.07236915081739426,0.36018718145787715,0.7902104291650984,-0.026470599696040154,0.37451940721366556,0.707337705956565,-0.04342564567923546,0.3832128269365057,0.6554990907510122,-0.05727197602391243,0.3897507829591632,0.6125360763735241,-0.067228302359581,0.33662774474360047,0.79361778166559,-0.03343772515654564,0.3444092687452212,0.7165811313523187,-0.05140272155404091,0.3493449635803699,0.6651334365208944,-0.06488016247749329,0.3552963515976444,0.6210641973548465,-0.07431577146053314,0.3112035036552697,0.8142391198211246,-0.04269212856888771,0.3004298106068745,0.7609568059444427,-0.0618768036365509,0.2944266465958208,0.7215788331296709,-0.07142870128154755,0.29099716678028925,0.684058419863383,-0.07693447917699814
220,7.33995983935743,1,Right,0.9342415928840637,0.6354055542498827,0.9748950137032403,3.8015789982637216e-07,0.6028824127744883,0.9607066452503205,-0.02960050478577614,0.5771964215673506,0.9316215925746494,-0.05026155337691307,0.5730533979367465,0.8908571614159478,-0.06890857219696045,0.5802870065439493,0.8531591700183021,-0.08640993386507034,0.579285966232419,0.8188325895203484,-0.030716856941580772,0.5568006831221283,0.7507733967569139,-0.05383231118321419,0.5440194523893297,0.7068747248914506,-0.07212070375680923,0.5349244760349393,0.6683845983611213,-0.08525107055902481,0.6011867961846292,0.8014172421561347,-0.03367190808057785,0.5862958919722587,0.720313733153873,-0.05182281881570816,0.5768444505520165,0.6692763937844171,-0.06756172329187393,0.5698852056171745,0.6273602339956496,-0.07908690720796585,0.6247833182569593,0.8038952602280511,-0.040318917483091354,0.6160923532675951,0.7281249523162842,-0.058001864701509476,0.6101109986193478,0.681195471684138,-0.06997133046388626,0.6042300236877054,0.6430181701978047,-0.07883942127227783,0.6499543441459537,0.8211567242940266,-0.04997112601995468,0.6540288240648806,0.7656954175896115,-0.06571169197559357,0.6552303594537079,0.7289091447989146,-0.07152711600065231,0.6549379062838853,0.6962236311700609,-0.0751909464597702
221,7.373323293172691,0,Left,0.9855950474739075,0.3199569850228727,0.9700854063034058,4.351492179921479e-07,0.35645085987634956,0.9430745833449894,-0.024327034130692482,0.3837915263604373,0.889777582221561,-0.0355481393635273,0.40132659804075954,0.8412101851569281,-0.046217285096645355,0.4189997885841876,0.8076989909013113,-0.05667592212557793,0.370506631070748,0.7927607297897339,-0.022954825311899185,0.3910129097290337,0.7203316595819261,-0.045398496091365814,0.4047724760137498,0.6752739376491971,-0.06290379911661148,0.41606560721993446,0.6375206583076053,-0.07495690882205963,0.34677229314111174,0.7794624262385899,-0.027347199618816376,0.35742427883669736,0.6939672085973951,-0.04592304676771164,0.36438753381371497,0.6399012790785895,-0.06113867461681366,0.3701760653406382,0.596410721871588,-0.07188785076141357,0.323757956083864,0.7867513385083941,-0.03521542251110077,0.32876172475516796,0.7082277708583408,-0.053889840841293335,0.33239213027991354,0.6560900860362583,-0.06675643473863602,0.33738347575999794,0.6121352165937424,-0.07558820396661758,0.300113620609045,0.8122192462285359,-0.045699674636125565,0.28983045544009656,0.7563671078946855,-0.06540841609239578,0.2842405917588621,0.7154886841773986,-0.07450676709413528,0.28103462024591863,0.6779843780729505,-0.07939228415489197
221,7.373323293172691,1,Right,0.9278432726860046,0.6392100671306252,0.9664975470966763,4.7352594378935464e-07,0.6079906626604498,0.9508918371465471,-0.030753472819924355,0.5827696703374385,0.9212542156378428,-0.05239193141460419,0.577860670723021,0.8822201728820801,-0.07118430733680725,0.5856637109071017,0.8445376230610742,-0.0892789214849472,0.5875963240861892,0.8040936933623419,-0.03723173961043358,0.5684063219465315,0.7353381653626759,-0.06090380996465683,0.5568472743965686,0.6924571732680003,-0.07917016744613647,0.5487057304009795,0.6537850313716465,-0.09241543710231781,0.6103848855942487,0.7898217717806498,-0.03995129466056824,0.599394039530307,0.7093692494763268,-0.05862807855010033,0.5920657829381526,0.6587604138586256,-0.07488669455051422,0.5868091966956854,0.615463896923595,-0.08707795292139053,0.6333025206811727,0.7955936822626326,-0.045966871082782745,0.6288845936767757,0.7211566302511427,-0.06497327983379364,0.6246229887008667,0.6746681220001645,-0.07799529284238815,0.6201962791383266,0.6353819999429915,-0.08767352998256683,0.656368033029139,0.81707065237893,-0.05475412681698799,0.6622251360677183,0.7636958665317959,-0.07253201305866241,0.6650903893634676,0.7271152595678966,-0.07930400222539902,0.666479985229671,0.6937032818794251,-0.08357442170381546
222,7.406686746987952,0,Left,0.9689620733261108,0.32055374747142196,0.963856061299642,4.382701490612817e-07,0.3531427384587005,0.9241590956846873,-0.026433955878019333,0.37333853356540203,0.8602976600329081,-0.03885884955525398,0.38634578324854374,0.8047513359122807,-0.05009870603680611,0.40192316728644073,0.7646659347746108,-0.061091743409633636,0.3547107104677707,0.7731504599253337,-0.02805565483868122,0.36835720436647534,0.6971317556169297,-0.050772394984960556,0.37581497232895344,0.6503434234195286,-0.06680993735790253,0.38117539475206286,0.6100904057423274,-0.07847047597169876,0.32916005956940353,0.7664410061306424,-0.032562609761953354,0.330746661988087,0.6793366253376008,-0.0529191792011261,0.33162352826911956,0.6243216600683,-0.06795300543308258,0.3323810399742797,0.5787025392055511,-0.07848577201366425,0.30554603412747383,0.7832460118664636,-0.04058472067117691,0.2989725546212867,0.7050760474469927,-0.06265107542276382,0.2954734863014892,0.6514685730139415,-0.07809712737798691,0.29484486929140985,0.6045827325847414,-0.08873017132282257,0.2841006520902738,0.8195076704025268,-0.05101801082491875,0.2647245387779549,0.7731064425574409,-0.07489427924156189,0.25273196230409667,0.7361515548494127,-0.08751136064529419,0.2439137714682147,0.6996139003170861,-0.09490401297807693
222,7.406686746987952,1,Right,0.9342138767242432,0.6465378215070814,0.9589743932088216,4.885893076789216e-07,0.6146657264325768,0.9332374115784963,-0.02469095028936863,0.5945745352655649,0.8910280836953057,-0.04098883643746376,0.597100323997438,0.8470908522605896,-0.05558118224143982,0.6072071525268257,0.8126098559962378,-0.06977583467960358,0.6051834851969033,0.7833856072690751,-0.027327457442879677,0.5928309988230467,0.7100983315043979,-0.04710691422224045,0.5873477356508374,0.6622370315922631,-0.06328073143959045,0.5843668701127172,0.6224081469906702,-0.07507999986410141,0.6296216719783843,0.7744598435031043,-0.03146350011229515,0.6254298673011363,0.6916415207915836,-0.046608537435531616,0.6232340654823929,0.6399011459615496,-0.061435896903276443,0.6222198514733464,0.5987299535009596,-0.07256204634904861,0.6527905918192118,0.7843566960758633,-0.038618020713329315,0.6542255457025021,0.7083285848299662,-0.05450518801808357,0.6548811711836606,0.6608712063895331,-0.06713608652353287,0.6551036115270108,0.6222322993808322,-0.07666264474391937,0.6746626552194357,0.809789549642139,-0.048144225031137466,0.6846346100792289,0.757691001229816,-0.06374160200357437,0.6904953171033412,0.7230251941415998,-0.0700710266828537,0.6949370766524225,0.6923387434747484,-0.07407232373952866
223,7.4400502008032126,0,Left,0.9778380393981934,0.32593695539981127,0.9651969075202942,3.540645536759257e-07,0.35500762902665883,0.9175001933342881,-0.018527641892433167,0.3716390498448163,0.850231965796815,-0.028332900255918503,0.381865983013995,0.7975534730487399,-0.0388445146381855,0.3934824306052178,0.7597244733737575,-0.049372248351573944,0.34569128265138716,0.7668410974244276,-0.021676886826753616,0.350746180745773,0.6894912810789214,-0.04222996532917023,0.35445659374818206,0.6406712507208189,-0.057500895112752914,0.35723387682810426,0.5982111350943645,-0.06885720789432526,0.31991794006899,0.7660576593544748,-0.02895475924015045,0.31204137473832816,0.6818757793969579,-0.04662269353866577,0.3076448005158454,0.6274233125150204,-0.060089316219091415,0.30330209829844534,0.5815463457256556,-0.06992437690496445,0.29843921528663486,0.7859787945118215,-0.03898165747523308,0.2819764125160873,0.7126755826175213,-0.05692237243056297,0.27255188568960875,0.6621589519911342,-0.06973592191934586,0.2655714002321474,0.6162905109425386,-0.07919951528310776,0.28107917512534186,0.8239247186316384,-0.05112169682979584,0.2558838038239628,0.783603678146998,-0.0708964541554451,0.23966315941652283,0.7517807417445712,-0.08089278638362885,0.2263596964185126,0.7196515873074532,-0.08690311759710312
223,7.4400502008032126,1,Right,0.9517182111740112,0.649343182798475,0.9559200157721838,5.080327696305176e-07,0.6163791324943304,0.9256921236713728,-0.026154018938541412,0.596770026255399,0.877724401652813,-0.04262404516339302,0.601227835053578,0.8333619385957718,-0.056716565042734146,0.6150922006927431,0.8008327165411578,-0.07066603749990463,0.6169340957421809,0.7734195147123601,-0.028099682182073593,0.6123317300807685,0.7004237166709371,-0.04802746698260307,0.611774034332484,0.654161231385337,-0.06418675184249878,0.6137055326253176,0.6146985669102933,-0.07612118870019913,0.6414819308556616,0.7690569042331643,-0.03108825534582138,0.6454065225552768,0.6870582339664301,-0.046527035534381866,0.6485440402757376,0.6365655197037591,-0.06137187033891678,0.6524822565261275,0.5948055113355318,-0.07287061959505081,0.6627557370811701,0.7835915428068903,-0.037333499640226364,0.6718137862626463,0.7092116073601775,-0.05409881845116615,0.676229051547125,0.6626190319657326,-0.06767065078020096,0.6796908639371395,0.6237448871963553,-0.07805227488279343,0.6817406946793199,0.8138231995205084,-0.045921750366687775,0.6960658661555499,0.7651518492235078,-0.06252267211675644,0.7044363878667355,0.730785097512934,-0.07014139741659164,0.7114298052620143,0.6992791857984331,-0.07537983357906342
224,7.473413654618474,0,Left,0.9710010290145874,0.3306076627224684,0.9687569911281267,3.368312206930568e-07,0.36093801259994507,0.9244671186639203,-0.023687493056058884,0.37979008480906484,0.8595744946764575,-0.03600822389125824,0.3897780379280448,0.8036327469680045,-0.04791347309947014,0.40005815252661703,0.7585101421508524,-0.05962369590997696,0.35334536973387004,0.7722861448095905,-0.024690987542271614,0.35701778121292593,0.6966137070622709,-0.047712378203868866,0.3584178235381842,0.6483766602145301,-0.06503750383853912,0.35901337768882513,0.6054330575797293,-0.07773672044277191,0.3278326554223895,0.7708926180170642,-0.03001820109784603,0.31911909449845555,0.6878311311205229,-0.05023984983563423,0.31416700445115564,0.6326956748962402,-0.06580239534378052,0.3092692643404007,0.5853918755633963,-0.077053964138031,0.3068957580253482,0.7911061085760593,-0.03869955241680145,0.2909779521636665,0.7199466000828478,-0.05973019450902939,0.28124390486627815,0.669360213395622,-0.0746162086725235,0.2741932375356555,0.6225581483708488,-0.08497343957424164,0.28995656277984383,0.8292545245753394,-0.0497438982129097,0.2671338411048055,0.7883834077252282,-0.07211489975452423,0.25203641075640915,0.7550835915737681,-0.0839242935180664,0.23960233423858882,0.7195994584924645,-0.09110444039106369
224,7.473413654618474,1,Right,0.9565384984016418,0.6405441112816334,0.9610380733178722,4.893962000096508e-07,0.6088070217519999,0.9297736282977793,-0.02818085066974163,0.5905705392360687,0.8834672520558039,-0.045266006141901016,0.5966496802866459,0.8421795032918453,-0.05969594046473503,0.6079106710851192,0.8106800135638978,-0.07370258867740631,0.6098533097654582,0.7787145090599855,-0.028620438650250435,0.6068414315581322,0.705438313798772,-0.04853708669543266,0.6066076271235943,0.659073032438755,-0.06503503769636154,0.6081708509474992,0.6195640853709645,-0.07710479199886322,0.6353758819401264,0.7730474380983247,-0.03087492659687996,0.6407103028148413,0.6913099876708455,-0.04558352753520012,0.6442790750414134,0.6404207489556737,-0.06045308709144592,0.6479815680533647,0.5977890777091185,-0.07194049656391144,0.6569396942853928,0.7865856058067746,-0.03662647679448128,0.6666566502302885,0.7124659601185057,-0.052308280020952225,0.672221451625228,0.6665278072986338,-0.0655563697218895,0.6763017416000366,0.6274477160639234,-0.07580973207950592,0.6755499478429556,0.815685309883621,-0.04505601152777672,0.6900690000504255,0.7662822960151566,-0.0601339228451252,0.6985690366476774,0.7325154907173581,-0.06666547060012817,0.7054224714636803,0.7010110405584177,-0.0712428018450737
225,7.506777108433735,0,Left,0.9697396755218506,0.3357354078441858,0.97623310983181,4.215134765672701e-07,0.3671346314251423,0.9453445076942444,-0.02978958748281002,0.3897456515580416,0.8900822331508,-0.046039074659347534,0.40520644299685954,0.8366354425748189,-0.0600682832300663,0.4192858164198697,0.7926728184024493,-0.07352941483259201,0.3703848566859961,0.7913733159502347,-0.033120255917310715,0.3844493107870221,0.7179491286476453,-0.05897323787212372,0.3926159808412194,0.6702802966038386,-0.07834047079086304,0.3996329179033637,0.6294011836250623,-0.0916232094168663,0.3451813031919301,0.7827894205848376,-0.0352473147213459,0.34662506729364395,0.6968704968690872,-0.056361760944128036,0.3485106471925974,0.643044235308965,-0.07179136574268341,0.3498924544081092,0.5966206861039003,-0.08270342648029327,0.3228964694775641,0.7971392502387364,-0.04100298881530762,0.3178175245411694,0.7209247310956319,-0.06335563957691193,0.3152257510460913,0.6694503585497539,-0.07794680446386337,0.3144166604615748,0.6224894096453985,-0.0875706896185875,0.30310540506616235,0.829898860057195,-0.04936167225241661,0.28500478323549033,0.7823461592197418,-0.07283204793930054,0.27424232722260056,0.746598701675733,-0.08376027643680573,0.26607644483447074,0.710035452246666,-0.08973949402570724
225,7.506777108433735,1,Right,0.9638619422912598,0.6328487567603588,0.9750676423311233,4.060792093696364e-07,0.6043277947232127,0.9569563463330268,-0.03172812983393669,0.5812795365229249,0.9223825345436732,-0.053874049335718155,0.5785011695697904,0.8823991393049558,-0.07354097813367844,0.5881897216662765,0.849001669883728,-0.09206387400627136,0.5913616992533207,0.8023074204723041,-0.03336358070373535,0.5801000760868191,0.7291688089569409,-0.05697525292634964,0.574410828948021,0.6824401666720709,-0.07591966539621353,0.5716350195929408,0.6427893832325935,-0.08955346047878265,0.6152857679873704,0.7923948019742966,-0.03542563319206238,0.6121280239894986,0.7081378762920697,-0.0540350042283535,0.6105096204206347,0.6565671771764755,-0.06950584799051285,0.6099814578890801,0.6136921944717566,-0.0808229148387909,0.6383804336190224,0.8029328137636185,-0.04134340211749077,0.640908563695848,0.7249427293737729,-0.05899903550744057,0.6416190940886736,0.6789850533008576,-0.07017262279987335,0.641279155947268,0.6392405072848002,-0.07838375866413116,0.6609888961538672,0.829271212220192,-0.0504332110285759,0.6712310384958983,0.7740271508693695,-0.06553824990987778,0.6766334639862179,0.7374073167641958,-0.07101903110742569,0.6804584445431828,0.7020475526650747,-0.0745106115937233
226,7.540140562248996,0,Left,0.978063702583313,0.32655232078395785,0.975088651974996,4.870126986133982e-07,0.3607864229474217,0.9551129697925514,-0.028528612107038498,0.3914306379854679,0.9067975935008791,-0.04316626116633415,0.4134868873283267,0.8574640560481284,-0.055143602192401886,0.43444384038448336,0.8206539670626323,-0.06652485579252243,0.38094572806730864,0.8055774601797263,-0.028347045183181763,0.4074310522060841,0.7378265235159133,-0.05022147297859192,0.4219960439950228,0.6943473134603765,-0.06698170304298401,0.4337975619826466,0.658330529762639,-0.0783766508102417,0.35830060169100764,0.78866671886709,-0.02927912399172783,0.3737480031792074,0.707553271866507,-0.04584667831659317,0.38285818267613647,0.6583047172261609,-0.05912824720144272,0.39000414465554056,0.6169559239099424,-0.06884990632534027,0.33459043498151003,0.7933940753340721,-0.03380540385842323,0.3408680371940136,0.7160674377448029,-0.05226029083132744,0.3458513448480517,0.665782057493925,-0.06519512832164764,0.3517884210683405,0.6218368539379703,-0.07427635043859482,0.30942029543220995,0.8159847660197153,-0.04076520353555679,0.2971081548370421,0.7638287490440739,-0.06081979721784592,0.29058710057288406,0.7253234162098832,-0.06975007802248001,0.28688769792206587,0.6864652679198318,-0.07466651499271393
226,7.540140562248996,1,Right,0.9536663889884949,0.6332456506788731,0.9807384646601147,3.59076295808336e-07,0.6037314014509321,0.9660511314041085,-0.03144744783639908,0.5788286727853119,0.9365824366609256,-0.05261726677417755,0.5730610646307468,0.8988153864940007,-0.07137556374073029,0.5788850943557918,0.8602265710632007,-0.088777095079422,0.5816439094953239,0.8180568729009893,-0.03044472448527813,0.5598622623831033,0.7504923159877459,-0.053387027233839035,0.5470100497826934,0.7061648221479522,-0.07243791222572327,0.5384832197800279,0.6674167190988859,-0.08623570203781128,0.6034715886227786,0.8028190486960941,-0.03204725310206413,0.5902240183204412,0.7232669292224778,-0.04970899224281311,0.5819011341780425,0.673631318906943,-0.06614606827497482,0.5757900421507657,0.6321152735915448,-0.07846890389919281,0.6266866985708475,0.8072727922764089,-0.03758760914206505,0.6201145838946104,0.7329028152757221,-0.054644517600536346,0.6152445445768535,0.6873957988288667,-0.0667593777179718,0.6102419922128319,0.6485737439658906,-0.07583050429821014,0.6510926881805063,0.8262489777472284,-0.046300988644361496,0.6559046421200037,0.770071764704254,-0.060677871108055115,0.6577133490704,0.7341956041753293,-0.06623709201812744,0.65837779995054,0.7005422339671188,-0.06997253745794296
227,7.573504016064257,0,Left,0.9858702421188354,0.3221934397704899,0.9718875003357729,4.784540124092018e-07,0.3565478166565299,0.9505737139119043,-0.029276911169290543,0.38632900004740806,0.901238940987322,-0.04205065220594406,0.40620004744268956,0.8495212517678737,-0.05270098149776459,0.4257129044737667,0.8140233662393358,-0.062451187521219254,0.3747219673590735,0.7986105021503237,-0.023461241275072098,0.39845080361701546,0.7316845959259404,-0.044256918132305145,0.4119598236400634,0.6887299760348267,-0.06119471415877342,0.4230652903672308,0.6518603637814522,-0.07321284711360931,0.3526898804586381,0.7834044913450877,-0.02437802404165268,0.3682845780160278,0.7039901269806756,-0.0404159314930439,0.3765174681553617,0.6529339446789688,-0.05442926660180092,0.38321972941048443,0.610050827720099,-0.06482820212841034,0.3302115335594863,0.7880556897984611,-0.029318103566765785,0.3383287655422464,0.713118322359191,-0.045958682894706726,0.3433666911907494,0.6646606903109286,-0.05844644457101822,0.3495177160948515,0.6223540092094078,-0.06755726039409637,0.30573248472064735,0.8102763566705916,-0.03731611743569374,0.29685464381473137,0.7579311360087659,-0.0554717481136322,0.2927373607759364,0.7201611736582385,-0.06417101621627808,0.2915715155075304,0.6839668791327211,-0.06919635087251663
227,7.573504016064257,1,Right,0.949737012386322,0.6330516610760242,0.9728489180405935,4.3143043626514554e-07,0.6034694723319263,0.9580223735835817,-0.030948907136917114,0.5804145658388734,0.9274370329247581,-0.051194000989198685,0.5764421133324504,0.8893094014790323,-0.06884676218032837,0.5834432625211775,0.8521729714340633,-0.0857316106557846,0.584500171802938,0.8108663827180862,-0.03167472034692764,0.5661886862479151,0.7438631271322568,-0.0536075159907341,0.5548976139631122,0.701575750278102,-0.07161714136600494,0.546633249334991,0.6630555035339462,-0.08507581055164337,0.6071368672419339,0.7957369711663987,-0.033440981060266495,0.5962473571300506,0.7160375658008787,-0.05017522722482681,0.5895096433348954,0.6671388703087966,-0.06666972488164902,0.5844969304278493,0.6242911187311013,-0.07949038594961166,0.6299815631937236,0.800490096045865,-0.038791101425886154,0.6242205714806914,0.7282858570416768,-0.05542438104748726,0.6195777068380266,0.6820209668742285,-0.06898515671491623,0.6147367868106812,0.6417345690230528,-0.07963716983795166,0.6534623053390533,0.8200830467045307,-0.04717883840203285,0.6585935862734914,0.7673787449796995,-0.061802420765161514,0.6597720839548856,0.7309852306213643,-0.06846585869789124,0.6593017162289471,0.6970729408164819,-0.07350766658782959
228,7.606867469879518,0,Left,0.9792012572288513,0.3202728573232889,0.9696163942416509,4.76407336691409e-07,0.3524629143998027,0.9370733602179422,-0.030135178938508034,0.3758528348058462,0.8743961533738507,-0.04287393391132355,0.3932829236611724,0.8201051969495085,-0.05368694290518761,0.4105558652430773,0.7802970149450832,-0.06374502182006836,0.35849816631525755,0.7829056254691548,-0.0260726697742939,0.37626346088945867,0.7108593503634135,-0.04796455055475235,0.38684556502848866,0.6651682044896815,-0.06473687291145325,0.39470222797244786,0.6259396352701717,-0.07699936628341675,0.3341119779273868,0.7731191442244583,-0.028308872133493423,0.34169780984520914,0.6891623029278384,-0.04684626683592796,0.34668624922633173,0.6350059688091279,-0.06237933039665222,0.35037214756011964,0.5895674769249227,-0.07380110025405884,0.3108762912452221,0.7859225153095193,-0.034709397703409195,0.3112573208287358,0.7100390853153334,-0.05502338707447052,0.3123623490333557,0.657438783844312,-0.07101839780807495,0.3147695679217577,0.6110686358892256,-0.08242147415876389,0.28898487575352194,0.8173173988858858,-0.04405570402741432,0.2738756872713566,0.7691458668145869,-0.066653773188591,0.26461875028908255,0.7307943060994149,-0.07946480065584183,0.25819722255691885,0.6924542617466715,-0.08738323301076889
228,7.606867469879518,1,Right,0.9480049014091492,0.6407611679285765,0.9627051206926505,4.5615246335728443e-07,0.6119031235575676,0.9404785853293207,-0.027609990909695625,0.5914308279752731,0.9040584642026159,-0.04484384506940842,0.5891095772385597,0.8648486476805475,-0.059724193066358566,0.5975299935787917,0.8298560701310634,-0.07373352348804474,0.601671327650547,0.7888303306367662,-0.026768602430820465,0.5893550898879767,0.7164347258706888,-0.045654647052288055,0.58306355625391,0.6712507411837578,-0.06178506463766098,0.5790350761264562,0.6320791801644696,-0.07390230894088745,0.6256351251155138,0.7804068836900923,-0.029018646106123924,0.6211481850594283,0.6995547831058502,-0.04272398725152016,0.6182497564703227,0.650362574805816,-0.057768892496824265,0.6160990774631501,0.6085222401966651,-0.0696789100766182,0.6487128347158432,0.7899471971723768,-0.0346013680100441,0.6494983866810798,0.7155417444805304,-0.04903498664498329,0.649494256079197,0.6688754583398501,-0.06127949431538582,0.6484597615897656,0.6287222267025047,-0.07101498544216156,0.6709099516272545,0.8140903905861907,-0.04297652468085289,0.6801634956151247,0.7617926473418871,-0.05670154094696045,0.6851714078336955,0.7270846254295773,-0.062391843646764755,0.688480794429779,0.694965843607982,-0.06644522398710251
229,7.640230923694779,0,Left,0.9738668203353882,0.32141005601733924,0.9679103841384252,4.4570373347596615e-07,0.35128035973757504,0.9257482311791844,-0.029736928641796112,0.37119081653654573,0.8546369435058699,-0.04157303646206856,0.3841078530997038,0.7945020729468928,-0.05188519507646561,0.39619622714817526,0.7489049553043312,-0.061345528811216354,0.34441426396369934,0.7692844602796767,-0.024062737822532654,0.3532944303005934,0.6924632189174493,-0.0442809984087944,0.35775259248912333,0.6439648604227437,-0.05962860956788063,0.3607356496155262,0.6023177889072233,-0.07116688787937164,0.3181310560554266,0.7669625674684842,-0.02586042881011963,0.314865112118423,0.6833877517117395,-0.04331708326935768,0.3135093361139297,0.6279112718171543,-0.05759745091199875,0.312165205180645,0.5809283298336797,-0.06824484467506409,0.2955633595585823,0.7869520604610443,-0.03203407675027847,0.2841180699877441,0.7142006839315097,-0.05163920670747757,0.2780148580670357,0.6637626346614626,-0.06700851023197174,0.2742902318947017,0.6180530890822411,-0.07807809859514236,0.27712082136422395,0.8246389814549022,-0.041344959288835526,0.256205643247813,0.7842418323788378,-0.06379816681146622,0.2411072440445423,0.7511822387576104,-0.07712230086326599,0.22880002167075872,0.7165046624011464,-0.08548646420240402
229,7.640230923694779,1,Right,0.9693279266357422,0.6463747605681419,0.9564657673239708,4.83125802475115e-07,0.61575499586761,0.9274579035739104,-0.02614893764257431,0.5971879739314317,0.8835624277591705,-0.042529016733169556,0.59957139454782,0.8401069122884008,-0.05656622350215912,0.6138854634016753,0.8063988724516498,-0.07040753215551376,0.6173701051622629,0.7771011581851377,-0.02645714208483696,0.613489267602563,0.7035131466057566,-0.044974591583013535,0.613125354424119,0.6587330729597145,-0.06055746227502823,0.6147732730954886,0.6190885909729533,-0.07264737039804459,0.6414995580911637,0.7729227924512492,-0.029659707099199295,0.645604944229126,0.6908031418919564,-0.0434478223323822,0.6487149871885777,0.6416018881731563,-0.05868107080459595,0.6518071204423904,0.5993783587382899,-0.07128781080245972,0.6618134159594774,0.7879837676882744,-0.036151591688394547,0.6712552547454834,0.7155697190927135,-0.05163988843560219,0.6757546167820692,0.6693762656715181,-0.06568895280361176,0.6785851027816534,0.6292366683483124,-0.07719630748033524,0.6798938658088446,0.8187039512726996,-0.04501897096633911,0.6936206392943859,0.7691610454685158,-0.06052905321121216,0.7020320303738117,0.7355716109275818,-0.06831393390893936,0.708660276979208,0.7038071889016363,-0.07449616491794586
230,7.673594377510041,0,Left,0.9799600839614868,0.32390580023638904,0.9656486491362254,3.472343053090299e-07,0.35453694220632315,0.9262007173564699,-0.03128417208790779,0.37367982254363596,0.8551689402924644,-0.04335798695683479,0.3832475751638412,0.7959617435932159,-0.053106702864170074,0.39426428098231553,0.751787265141805,-0.06246405094861984,0.34471928076818587,0.7708618213733037,-0.028675375506281853,0.3481822359375656,0.696099137266477,-0.04922914505004883,0.34901710441336037,0.6475644469261169,-0.06512492895126343,0.3482846052851528,0.6049798121054967,-0.07780949771404266,0.31808780585415664,0.7706157190932168,-0.029900694265961647,0.3077314057853073,0.6884728292624156,-0.04876166954636574,0.30174055639654396,0.6355749762720532,-0.06422984600067139,0.29595452076755463,0.5911941647529602,-0.07605522125959396,0.29690722189843655,0.7917217642068863,-0.035239048302173615,0.2809381948085502,0.7206107129653295,-0.05649735406041145,0.2715653755702078,0.6723539226584965,-0.07345537096261978,0.2640450474340469,0.6268735342555576,-0.08582751452922821,0.27970113020855936,0.8294293195009231,-0.04356158524751663,0.2571903734002262,0.7881294988923603,-0.06769038736820221,0.24098910582251848,0.7584677000840505,-0.08204919099807739,0.22720699200872332,0.7259005026684867,-0.09159082174301147
230,7.673594377510041,1,Right,0.964966893196106,0.6410684270784259,0.955823055240843,4.7069079300854355e-07,0.6121076413430273,0.9295371032423443,-0.031047428026795387,0.5930607873946429,0.8875751230451796,-0.049889661371707916,0.596838150639087,0.8444507631990644,-0.06528677046298981,0.6106743203476072,0.8083071112632751,-0.07998022437095642,0.6142020937986672,0.781167068084081,-0.03163508325815201,0.6140299331396818,0.707934507727623,-0.051500026136636734,0.6148097792640328,0.6626930428875817,-0.06768782436847687,0.6172442743554711,0.6231831451257069,-0.079973503947258,0.639274871069938,0.7766200774245792,-0.0322682186961174,0.6459060777910054,0.6962531493769751,-0.046909723430871964,0.6503341385163367,0.647408805290858,-0.06190618872642517,0.6549752701073885,0.6048157806197803,-0.07409938424825668,0.6600561676546931,0.7906735834148195,-0.03651530295610428,0.6711684682406485,0.7190447396702236,-0.05241047963500023,0.677491985168308,0.6741535786125396,-0.06556057184934616,0.6821078199893236,0.6342120329538982,-0.07622648030519485,0.6777333178557455,0.819643098447058,-0.04359300062060356,0.6923242621123791,0.7716351850165262,-0.05886000767350197,0.7009963251650333,0.7390991687774658,-0.06583288311958313,0.7079494088888169,0.7079527848296695,-0.07117877900600433
231,7.706957831325301,0,Left,0.9620198607444763,0.3291909350082278,0.9752438634634018,3.7159836097089283e-07,0.36014138013124464,0.941118840376536,-0.02881866879761219,0.37981801056303083,0.8791700783703063,-0.042567476630210876,0.3931068554520607,0.8219394071234597,-0.0549127459526062,0.4056750087998807,0.7766014039516449,-0.06682062894105911,0.35938675948418675,0.7845611479547289,-0.027414781972765923,0.36809336333535614,0.7101003663407431,-0.049701888114213943,0.3718464641366154,0.6621412065294053,-0.06669466197490692,0.3746378010604531,0.6210641023185518,-0.07960737496614456,0.33274829378351567,0.7793601012892193,-0.030568547546863556,0.32723177620209754,0.6955181896686554,-0.04981163144111633,0.3243842384777963,0.6422538697719574,-0.06548913568258286,0.3215980073902756,0.5970241419143147,-0.07738683372735977,0.3102273465134203,0.7979623155461417,-0.037601079791784286,0.2991845571901649,0.7245771964391072,-0.059258799999952316,0.2927275408990681,0.6750039703316159,-0.07603590190410614,0.2880850272020325,0.6300160287155046,-0.08812139928340912,0.2912701174383983,0.8345977756712172,-0.04732882231473923,0.2721500780666247,0.7907332592540317,-0.07227597385644913,0.25841019018553196,0.7575610677401224,-0.08653076738119125,0.2466335329692811,0.7224625137117174,-0.09555204957723618
231,7.706957831325301,1,Right,0.9624685645103455,0.6338025676086545,0.9751072476307551,4.212892008581548e-07,0.6049388905987143,0.9564709014362759,-0.03378446400165558,0.5822264836169779,0.9197875685162015,-0.0564759224653244,0.581510275695473,0.8784610589345296,-0.07595575600862503,0.5935799969360233,0.8436158299446106,-0.09468550980091095,0.5967447004280985,0.8063372360335456,-0.03815298527479172,0.5895260727033019,0.7318268640173806,-0.06290347874164581,0.5867616008967161,0.684826613465945,-0.0824606716632843,0.5867453500628471,0.644161911143197,-0.09665986150503159,0.6209349450655282,0.799216212828954,-0.0392332449555397,0.6210517753846944,0.7149861660268572,-0.05933864414691925,0.6222547397017479,0.6635214580429925,-0.07663889974355698,0.6243605769239366,0.6193429278002844,-0.08947266638278961,0.6431168574839831,0.8111849400732253,-0.044043250381946564,0.6492564884014428,0.7354526446925269,-0.06413188576698303,0.6529334591701627,0.6881777971982956,-0.07822628319263458,0.6552710537798703,0.6473371942838033,-0.08845770359039307,0.6645513047464192,0.8373310171895557,-0.051843419671058655,0.6767635867930949,0.7826683888832728,-0.06956616044044495,0.6838128617964685,0.7480330602990256,-0.07692918926477432,0.6889027034863829,0.7146891521082984,-0.08181265741586685
232,7.7403212851405625,0,Left,0.9721989035606384,0.3287009306717664,0.9861214154296452,4.3788747916551074e-07,0.36118794614449146,0.959780891239643,-0.028704797849059105,0.38725384054705503,0.9078852499524752,-0.043778013437986374,0.40242500938475134,0.8572035479876731,-0.05661730095744133,0.4183020334225148,0.8179293104343944,-0.06888566166162491,0.37151487902738156,0.807358878188663,-0.029829474166035652,0.3914769791066647,0.7368106568025218,-0.054316066205501556,0.4028381852898747,0.6916993884576692,-0.07287120074033737,0.4129059704486281,0.6535902890894149,-0.08603591471910477,0.3469398427754641,0.7959578558802605,-0.03223907947540283,0.3544297987595201,0.7111737779445119,-0.05301893129944801,0.3595262664370239,0.6577290756007036,-0.06956183165311813,0.363849006453529,0.6114510806070433,-0.08149080723524094,0.3239695763681084,0.8079192087882094,-0.03821999579668045,0.3236416548956186,0.7297913677162594,-0.062029995024204254,0.32467451188713314,0.6782880769835578,-0.0787854716181755,0.3268129726406187,0.6313047599461343,-0.08995267748832703,0.30239225886762144,0.838593415170908,-0.046391986310482025,0.2882428372744471,0.7903313847879568,-0.07243888825178146,0.27930569879245015,0.7538129112786717,-0.08548855781555176,0.2723343417514116,0.71504623202814,-0.09296867251396179
232,7.7403212851405625,1,Right,0.965808629989624,0.6268842775374651,0.9896170064806938,3.8941485058785474e-07,0.5994802104309201,0.9783712123831113,-0.034641992300748825,0.576286737434566,0.9532523933384154,-0.05904402211308479,0.570700999442488,0.9208705001407199,-0.0805625468492508,0.5743994047865272,0.8838517046637006,-0.10150261968374252,0.5797523531131447,0.8372805498540401,-0.03945693373680115,0.5631177878007293,0.7702201978200012,-0.06501204520463943,0.5535642514936626,0.7257669505973657,-0.08574563264846802,0.5476211622357369,0.6864451473785771,-0.10080895572900772,0.6020659488625825,0.8245129192041026,-0.040789902210235596,0.5937095429748297,0.744577273974816,-0.061580706387758255,0.5884798319078982,0.6940770539972517,-0.08053875714540482,0.5844312120229006,0.6480927924315135,-0.09524255990982056,0.6246398143470288,0.8311288708613979,-0.04587101563811302,0.6227943455800414,0.7568830587797695,-0.06536289304494858,0.6200655047781766,0.7089991710252233,-0.08006200939416885,0.616397522483021,0.6658654077185525,-0.09131813794374466,0.6476074872538448,0.8519792671004931,-0.05416577681899071,0.6548106499016285,0.7955574747588899,-0.07067593932151794,0.6585131754167378,0.75784037295315,-0.07848944514989853,0.6605751738883555,0.7209034716089566,-0.08437193930149078
233,7.773684738955823,0,Left,0.97220379114151,0.3304069518577307,0.9975745624966091,4.6289977717606234e-07,0.36231244457885625,0.9749517381191254,-0.028861863538622856,0.3880957833491266,0.9301449159781138,-0.04455137625336647,0.40574847124516966,0.8831747015317281,-0.05846640467643738,0.4239232354797423,0.8465824458334181,-0.07188720256090164,0.3797061622608453,0.8278501338428921,-0.028126129880547523,0.40306172161363063,0.7597891125414107,-0.05236772447824478,0.4164915534667671,0.7167520423730215,-0.07129467278718948,0.4281665148679167,0.6800807327032089,-0.08449582010507584,0.3569527804851532,0.8131643282042609,-0.030721353366971016,0.3703937939368188,0.730463832616806,-0.04991701990365982,0.3787230783142149,0.678405052754614,-0.06628165394067764,0.38565905499272046,0.6341642042001089,-0.07842214405536652,0.3337234945036471,0.8210192981693479,-0.03707415983080864,0.33934884509071706,0.7441282785601087,-0.058415405452251434,0.34291238943114877,0.691995421383116,-0.07497463375329971,0.3473348672036082,0.6463809274964862,-0.0865367129445076,0.3095423269085586,0.8469770991139942,-0.04589543119072914,0.2987339485436678,0.7943578948577245,-0.06948871165513992,0.2921291283564642,0.7546986533535851,-0.08182515949010849,0.28766375423874707,0.7154041171073914,-0.08913321048021317
233,7.773684738955823,1,Right,0.9740028977394104,0.6117840096354484,1.002237117290497,4.6530416852874623e-07,0.5878263642080128,0.9926293512185415,-0.0357198640704155,0.5676873353309929,0.9723484622107612,-0.06221318244934082,0.5609478509984911,0.9484842042128245,-0.08567731082439423,0.5667106382548809,0.9238360126813253,-0.10923729091882706,0.5682672778144479,0.8640971945391761,-0.04788610711693764,0.5480356484651565,0.8010319438245561,-0.07609819620847702,0.5348950924351812,0.7587154318888982,-0.09719685465097427,0.5254229059442878,0.7206727229886585,-0.11210975795984268,0.5903656668029725,0.8495945122506884,-0.04959806054830551,0.5779522257857025,0.7696645610862308,-0.0720466896891594,0.5702817589975894,0.7187159279982249,-0.09013661742210388,0.5635530353523791,0.6729558779133691,-0.10360945016145706,0.6138830756768584,0.8540914280547036,-0.054688408970832825,0.6078847611322999,0.7810973508490456,-0.07565764337778091,0.6031057349406183,0.7340838879346847,-0.08962471038103104,0.5972704411484301,0.6922861814498902,-0.09970913082361221,0.6386408550664783,0.8727328389883041,-0.06299512833356857,0.6433998971246183,0.8154698414935007,-0.07954971492290497,0.6458397548645735,0.7769831971989738,-0.08608636260032654,0.6463702860288322,0.7396764169136684,-0.09084366261959076
234,7.807048192771084,0,Left,0.9811285734176636,0.3278767664451152,1.0020093361536662,4.7351744569823495e-07,0.3604708085767925,0.981922756963306,-0.029516423121094704,0.3877971974434331,0.9417558083931605,-0.0473153255879879,0.406610748777166,0.8991901553339429,-0.0637165755033493,0.4243947906186804,0.8624422139591641,-0.08020488917827606,0.37738736101891845,0.8384963475995594,-0.03265564143657684,0.3985380749218166,0.7700209425555335,-0.06024719029664993,0.41276860334910453,0.7273878624041875,-0.0815715491771698,0.42612480516545476,0.6910331649912729,-0.09652646631002426,0.3552668541204184,0.8242835445536507,-0.03693612664937973,0.36736109943594786,0.7420697043339411,-0.05979277938604355,0.3756409444380552,0.6881427403953341,-0.0799131691455841,0.38342514615505935,0.6416019717852275,-0.09529724717140198,0.3321456231176853,0.8316623409589131,-0.044915951788425446,0.3376512149814516,0.7545896954006619,-0.06903006881475449,0.3428286934271455,0.7027316994137234,-0.0881490409374237,0.3497032550629228,0.6572376582357619,-0.10206238180398941,0.30800059242174027,0.8565597176551819,-0.05532065033912659,0.2976612920174375,0.8021464506785075,-0.08107402175664902,0.2925341470865533,0.7611892706818051,-0.09531540423631668,0.29051787885837255,0.7206858472691642,-0.10460605472326279
234,7.807048192771084,1,Right,0.9830750823020935,0.6125186479650437,1.0277080867025588,3.752377892851655e-07,0.5885165804531425,1.0192416926225027,-0.026989970356225967,0.5676966530270875,0.9943595101435979,-0.046708930283784866,0.5608500584959983,0.9680093460612826,-0.0645754486322403,0.5605420202948153,0.9421498450968001,-0.08262070268392563,0.5666500505059957,0.8828428950574663,-0.03392992913722992,0.5470221254508942,0.8185917466878891,-0.05724838748574257,0.5352323360741138,0.777681514620781,-0.07623398303985596,0.5261269886977971,0.7404409723149405,-0.09004707634449005,0.5891660791821778,0.8693001790179147,-0.03809254243969917,0.5768709180410951,0.7901741560962465,-0.05735376104712486,0.5699696258176118,0.7387764788336224,-0.07481897622346878,0.564113372284919,0.6937092410193549,-0.08767174929380417,0.6125513792969286,0.8747870971759161,-0.04511479660868645,0.6073550257831812,0.7982100473509894,-0.06422433257102966,0.6037716723047197,0.7504177596833971,-0.07778573036193848,0.5994525184854865,0.7085972838931613,-0.08712975680828094,0.6368271898478269,0.8936672555075751,-0.054465726017951965,0.6414942413568496,0.8334493570857577,-0.07091162353754044,0.6435783907305449,0.7952822317679723,-0.07681825011968613,0.6436507269740105,0.7597832991017236,-0.08036796748638153
235,7.840411646586345,0,Left,0.9811677932739258,0.32972993375733495,1.0130217164754867,5.173444037609443e-07,0.3610247935866937,0.9888387359678745,-0.03040478378534317,0.38470269278623165,0.9489827744662762,-0.04878884181380272,0.40133331599645317,0.9074743278324604,-0.06535018235445023,0.4183787707006559,0.8714672341942787,-0.08215673267841339,0.37014064772520217,0.851250534504652,-0.03710441291332245,0.38979783644899724,0.7807874642312527,-0.06392217427492142,0.4024793264688924,0.7383758038282394,-0.08334092050790787,0.4146157348528504,0.7022801779210568,-0.09713491797447205,0.3471143411938101,0.8416055724024772,-0.04070292040705681,0.35650440994650123,0.7581867672502994,-0.06540477275848389,0.36388943281490355,0.7037632912397385,-0.08586091548204422,0.37153544190805404,0.6577955260872841,-0.10092528164386749,0.32450419799424707,0.8536882050335407,-0.04751209542155266,0.3251918042777106,0.7775449588894844,-0.0732908844947815,0.32828317990060896,0.7256385423243046,-0.09310249239206314,0.33401206240523607,0.6795338906347752,-0.10717613250017166,0.30263246889226136,0.8823981121182441,-0.05652819946408272,0.2907294920878485,0.8354898124933243,-0.08463412523269653,0.28480846497695894,0.798977592587471,-0.1000726968050003,0.28130567744374274,0.7613737091422081,-0.10980571061372757
235,7.840411646586345,1,Right,0.9733799695968628,0.6152919503860176,1.0518003448843956,3.8310216154968657e-07,0.5922196954488754,1.036541759967804,-0.024399613961577415,0.5734636030159891,1.0053156286478042,-0.041771050542593,0.5676180947106332,0.9772090069949627,-0.057555798441171646,0.5645412613172084,0.956234771758318,-0.07396169006824493,0.5727509617805481,0.900579185038805,-0.03275178745388985,0.5546917445026338,0.8352449640631676,-0.05515848845243454,0.5433362790383398,0.7939506828784942,-0.07319147139787674,0.5338153662160039,0.7575698986649513,-0.08621083945035934,0.596006830362603,0.8892724186182022,-0.03831625357270241,0.5849070057738572,0.8095412857830524,-0.057569462805986404,0.5782709617167712,0.7578742228448391,-0.07597032934427261,0.5725765270181,0.7127315573394298,-0.08945228159427643,0.6192005345132202,0.8974844239652157,-0.04615532606840134,0.6152338174637407,0.8211825758218765,-0.06629455089569092,0.6124069016426802,0.7728214062750339,-0.08124060183763504,0.6090516061522067,0.7304857060313225,-0.09138533473014832,0.642743360158056,0.9191918857395649,-0.05580371618270874,0.6493863873649388,0.8602946728467942,-0.07317078113555908,0.653225967893377,0.8203353650867939,-0.07950638234615326,0.6554708345793188,0.782785726338625,-0.08341275155544281
236,7.873775100401606,0,Left,0.9782301783561707,0.32884491432923824,1.031348004606035,5.384401333685673e-07,0.3575215539894998,1.002904693947898,-0.029463622719049454,0.37902810308150947,0.9612748725546731,-0.04904387891292572,0.39323982736095786,0.920443430211809,-0.06746325641870499,0.4087422473821789,0.8831163469288085,-0.0863194540143013,0.3644318631850183,0.8663776924212774,-0.03831558674573898,0.38143782690167427,0.7963584668106503,-0.06770683079957962,0.3926603643922135,0.7537675340970357,-0.08874301612377167,0.40367867471650243,0.7166114628314972,-0.1036708652973175,0.3403845507418737,0.8601023925675286,-0.04393649846315384,0.34558106877375394,0.7778019673294492,-0.07062675058841705,0.3508390188217163,0.7239791168106927,-0.09118138253688812,0.3567715989192948,0.6770997593800226,-0.10589400678873062,0.31752770848106593,0.876754241850641,-0.052977848798036575,0.3135838051093742,0.8014951252275043,-0.08166828006505966,0.31364334910176694,0.7502462191714181,-0.10160956531763077,0.3166002257494256,0.703017262617747,-0.11509934067726135,0.2965263838414103,0.9107355584700902,-0.06409191340208054,0.28179333347361535,0.8666496028502783,-0.09482520073652267,0.27297850709874183,0.8325069192383024,-0.11034554988145828,0.26681824203114957,0.7966690894630221,-0.11956033110618591
236,7.873775100401606,1,Right,0.975918173789978,0.6156381885521114,1.0739179737038083,3.5790492347587133e-07,0.5934609991963953,1.0538098143206702,-0.02131251059472561,0.5765195845160633,1.0224258720874786,-0.037233345210552216,0.5725780678912997,0.9949491338597404,-0.05192727595567703,0.5719721191562712,0.9743363943364886,-0.06732422113418579,0.5809423334430903,0.9191927479373084,-0.030615873634815216,0.5658863063436002,0.8534011701742809,-0.05248213931918144,0.5572231630794704,0.810717178384463,-0.07056012749671936,0.5505249893758446,0.7718276010619269,-0.08392854034900665,0.6048893134575337,0.9086303886440065,-0.037111520767211914,0.5972088687121868,0.8302440378401015,-0.05546153709292412,0.5938510007690638,0.7792676147487428,-0.07278020679950714,0.5912973240483552,0.734379404452112,-0.08570702373981476,0.627902505453676,0.9178045249647564,-0.04559357836842537,0.6279033604077995,0.8431615889072418,-0.0647362545132637,0.6279949117451906,0.7948716355694665,-0.07819033414125443,0.62696344521828,0.7522596951988009,-0.08750373870134354,0.650553161278367,0.9415042009618547,-0.05571398884057999,0.6594458241015673,0.8856274886263742,-0.0722399353981018,0.6645741951651871,0.8465535547998216,-0.07745091617107391,0.6681397100910544,0.8089880764484405,-0.08056756854057312
237,7.907138554216868,0,Left,0.9743392467498779,0.3257127841934562,1.0546524107456208,5.725744927076448e-07,0.3535558689385653,1.0263271305296156,-0.0282395351678133,0.3729681553086266,0.9846328768465255,-0.047441039234399796,0.3839765494223684,0.9437030023998685,-0.06579165905714035,0.3988469194620848,0.9076096895668242,-0.0841921865940094,0.35703301953617483,0.8868313550949096,-0.03637557104229927,0.3733441626653075,0.8160090820656882,-0.06581643968820572,0.38453115983866154,0.7712651507722007,-0.08629032224416733,0.3952567701227963,0.732802685101827,-0.10049428045749664,0.33218397533055394,0.8809519857168198,-0.04207661747932434,0.3353388090617955,0.7994809885819752,-0.06893810629844666,0.3393531428417191,0.7460431903600693,-0.08784609287977219,0.34436613365542146,0.6992416097058191,-0.10065677762031555,0.3094840290956199,0.8976850469907125,-0.05121494457125664,0.30296156501863153,0.8238036274909973,-0.0797782763838768,0.30126510553527625,0.7729484498500824,-0.0974125936627388,0.30252551892772317,0.7256130456924439,-0.10860490798950195,0.28947069447021934,0.9327353758944406,-0.06247187778353691,0.2738234732998535,0.8888526264164183,-0.09218457341194153,0.2638911152258515,0.8559058818552229,-0.10571121424436569,0.25636817660415545,0.8209071692493227,-0.11295560747385025
237,7.907138554216868,1,Right,0.9726536273956299,0.62161577292718,1.0901217917601267,3.9504888604824373e-07,0.5969448969699442,1.0733858678076003,-0.026513030752539635,0.576064218301326,1.046207861105601,-0.04683944955468178,0.5640885431319476,1.0235462804635367,-0.06543140858411789,0.5529818295035511,1.0060721377531687,-0.08495144546031952,0.5881338126957416,0.9384813884894053,-0.03845610097050667,0.5754863367881626,0.87347026500437,-0.06309220939874649,0.5684888327494264,0.8319223602612813,-0.0824335440993309,0.5632732894737273,0.7936017072863049,-0.09642229229211807,0.6130076237488538,0.9285186062256495,-0.04354947432875633,0.6082402491010725,0.8521069311433368,-0.06490948796272278,0.6069411375094205,0.8036952919430203,-0.08267144858837128,0.6064705674070865,0.7600726938909954,-0.0956076830625534,0.6359970672987402,0.9390189554956224,-0.0510912723839283,0.6396334109827876,0.8680466340647803,-0.0728924423456192,0.6412447518203408,0.8231866982248094,-0.08685062825679779,0.6414397559594363,0.7828133285045624,-0.09594672173261642,0.6575541383121163,0.9632498565647337,-0.060610800981521606,0.6690782707184553,0.9097352504730225,-0.07878535240888596,0.6754505857825279,0.872271066904068,-0.08483356237411499,0.680399920232594,0.8356515496969223,-0.08823558688163757
238,7.940502008032128,0,Left,0.9690781831741333,0.32128797136247156,1.0729982061518564,5.798752340524516e-07,0.3477403764612973,1.0465585794713763,-0.03273079916834831,0.3651835072785616,1.006562649872568,-0.05373302102088928,0.37091250279918314,0.9682339453862773,-0.07255952805280685,0.38391276546753944,0.9333985816273425,-0.09084589034318924,0.35305938073433935,0.9045953649613593,-0.041602350771427155,0.3678726906189695,0.8318547546863556,-0.07199327647686005,0.3776195829268545,0.7872756658328904,-0.09321292489767075,0.3869656569091603,0.749160124361515,-0.10774026811122894,0.3275738469557837,0.8990634515881538,-0.044625673443078995,0.33043569398578254,0.8176379155781534,-0.07221469283103943,0.33339106645435096,0.7630495634343889,-0.09214486926794052,0.3379539150279015,0.7149932391113705,-0.10578171163797379,0.3048285143566318,0.9166056072546376,-0.05121062323451042,0.2981511939084157,0.8448483001854684,-0.0801040530204773,0.29556228490546343,0.7943114131689072,-0.09850051254034042,0.2965034511173144,0.7471674406694041,-0.11005239933729172,0.28475618169177325,0.9525172875987159,-0.06020570918917656,0.26832409522030504,0.9077954135007329,-0.09014543145895004,0.25702866195933893,0.8755326992107763,-0.10399901866912842,0.2485041312640533,0.8400409910413954,-0.11138156056404114
238,7.940502008032128,1,Right,0.9407862424850464,0.6262860583607107,1.1112830072641373,4.0523909206058306e-07,0.5994563078507781,1.088418306575881,-0.025103602558374405,0.5755998396780342,1.0513920100198852,-0.04392944648861885,0.558108402788639,1.0207428660657671,-0.06094399467110634,0.5436105821281672,1.0000837473405733,-0.07912946492433548,0.5944779573008419,0.9554606227411164,-0.03841644525527954,0.5823584695346653,0.8894384641614225,-0.06341259181499481,0.5764558511786163,0.8460092024670707,-0.08211813122034073,0.5722406668122858,0.8075423457556301,-0.09528128057718277,0.6196194018702954,0.9471706950002247,-0.043744202703237534,0.616037497902289,0.8713767925898234,-0.06642429530620575,0.6158879409078508,0.8212111648586061,-0.08370377868413925,0.6167697621509433,0.777076625244485,-0.09548173099756241,0.6426546668168157,0.9590517863631248,-0.05143576115369797,0.6466750573832541,0.8882878868944115,-0.07500520348548889,0.6493523647543042,0.8420370722810427,-0.08920133858919144,0.6507801666855813,0.8012011983328395,-0.09761028736829758,0.6638445700518787,0.9846182874507374,-0.06076505780220032,0.6762081691529602,0.930185384137763,-0.08113202452659607,0.6834605324082077,0.89209049269557,-0.08806931227445602,0.689172716718167,0.8559849756459396,-0.09131138771772385
239,7.97386546184739,0,Left,0.9577301144599915,0.31800429681316017,1.0828936295376883,5.662909643433522e-07,0.3416490413248539,1.0543386103378403,-0.02793184109032154,0.35579055584967134,1.0130935304694706,-0.048109591007232666,0.3618234465830028,0.9786845809883542,-0.06704854965209961,0.3762549892067909,0.9548111175497372,-0.08658694475889206,0.3497863211669028,0.9178440353936619,-0.04385710880160332,0.3647155426442623,0.8461685342093309,-0.0747937336564064,0.3739650398492813,0.8008069063226382,-0.0962294489145279,0.38213465455919504,0.7622306662301223,-0.11080637574195862,0.324797576200217,0.9135828047990799,-0.04940295219421387,0.32773795453831556,0.8312174718413088,-0.07677416503429413,0.3300021697767079,0.7770588432749113,-0.0955674946308136,0.33308922555297615,0.7298130767212974,-0.10839585959911346,0.30194655852392316,0.9315059270295832,-0.05767488479614258,0.29445032579824326,0.8580281371871631,-0.08491533994674683,0.2910510986112058,0.8088350022832552,-0.10135681182146072,0.291057954588905,0.762522502326303,-0.11192497611045837,0.28144859336316586,0.9674841463565826,-0.06802389770746231,0.264592437306419,0.9217089442743196,-0.09556745737791061,0.25419041416607796,0.8880861519939369,-0.10757995396852493,0.24738121377304195,0.8503783603509267,-0.11420309543609619
239,7.97386546184739,1,Right,0.9436095356941223,0.6390710350126028,1.1236450501614146,4.231411310229305e-07,0.6080454388633371,1.1047552153468132,-0.0281405970454216,0.582424570992589,1.0683226512538062,-0.046807412058115005,0.5651626801118255,1.0349187581075563,-0.06313001364469528,0.5521544525399804,1.0069039048420059,-0.07972888648509979,0.6017632510513067,0.9660744288729297,-0.03603198379278183,0.589228305965662,0.8987871912618478,-0.06059413030743599,0.5839734410867095,0.8552404714955224,-0.07948680222034454,0.5811481093987823,0.8160554085340764,-0.09281723946332932,0.6263128614053131,0.9576520850261052,-0.03922632336616516,0.6234455665573477,0.8805255056255393,-0.05998938903212547,0.6235284719616174,0.8308311662740178,-0.07636544108390808,0.6250728007405997,0.7866227630939748,-0.08787804841995239,0.6490202467888594,0.969048562563128,-0.045554641634225845,0.6536411933600903,0.8980797071423795,-0.06620512157678604,0.6567336881533266,0.8527320665617784,-0.07873060554265976,0.6588541302829981,0.8122594654560089,-0.08668697625398636,0.6699601804837585,0.9941538355416721,-0.054205793887376785,0.6817236300557852,0.9403539791703224,-0.07210598140954971,0.6882008831948042,0.9040893068744077,-0.07797317206859589,0.6933083841577172,0.8693514130181736,-0.08088430017232895
240,8.007228915662651,0,Left,0.9566429853439331,0.316035178815946,1.0893875342276362,5.671672056450916e-07,0.3396185045130551,1.0607682704925536,-0.029864104464650154,0.35443387320265174,1.0258363634347916,-0.05220674350857735,0.35963524526450785,0.9932879904078112,-0.07277972251176834,0.3686414010822773,0.965898815376891,-0.09392281621694565,0.34772383798845113,0.9252098743286398,-0.047683991491794586,0.36176284714601936,0.8521475560135312,-0.07882743328809738,0.37025213681627067,0.8071090040107568,-0.10054009407758713,0.37736853612586857,0.7677032328314252,-0.11542163789272308,0.3232623629271984,0.9230763027237521,-0.05258449912071228,0.32480036134365947,0.8402990281581879,-0.08183103799819946,0.3257282039383426,0.7866087757878834,-0.10385936498641968,0.3277745506726205,0.7391172385878033,-0.11930785328149796,0.3005828991299495,0.9427344245215257,-0.05980454757809639,0.29231067274231465,0.87097848529617,-0.08835916221141815,0.287396008707583,0.819957205073701,-0.10814953595399857,0.28620684369234367,0.7724746250443988,-0.12122994661331177,0.2804404231952503,0.9795334383845329,-0.06888987869024277,0.26265844639856367,0.9317788339323467,-0.09716840833425522,0.2511352188885212,0.8994605675339699,-0.11065109074115753,0.24279156289994716,0.8640838023689058,-0.11852970719337463
240,8.007228915662651,1,Right,0.9229898452758789,0.6381579384673387,1.127242920630508,4.6165797584762913e-07,0.6085369912907481,1.1038498792383407,-0.024172281846404076,0.5848608530592173,1.0655975533856286,-0.0398365780711174,0.569695440446958,1.0321249150567584,-0.05357271805405617,0.5583224059548229,1.0067810636427668,-0.06765638291835785,0.6053888933267444,0.9661273776657051,-0.03044893778860569,0.5954911752138287,0.8981773976650503,-0.051035232841968536,0.5909784926567226,0.8553604887591468,-0.0670010894536972,0.5883142851758748,0.8175861581332153,-0.07827780395746231,0.6297445493750274,0.9585582153664695,-0.03451527655124664,0.6292286021634936,0.8814949097732703,-0.051492806524038315,0.6299664370715619,0.8306275340418021,-0.06613635271787643,0.6317431644536555,0.7873755184312662,-0.076645627617836,0.6515752874314785,0.9697435154683061,-0.04134700074791908,0.6582287373952568,0.9002181765105989,-0.059445664286613464,0.6615234763361514,0.8546594908667935,-0.07227636873722076,0.6635904461145401,0.8161551287604702,-0.08068867027759552,0.6720085005741566,0.9944038420915604,-0.05008624494075775,0.6855129717383533,0.9417565044429567,-0.06666786223649979,0.6924070062115788,0.9053328975207275,-0.07263539731502533,0.6977905926760286,0.8721838204397095,-0.075678750872612
241,8.040592369477912,0,Left,0.9701552987098694,0.3124458318343386,1.0864083704021241,6.03604860316409e-07,0.336452270206064,1.0601079990466435,-0.033641550689935684,0.35279457131400704,1.0267083418038156,-0.05712950602173805,0.35755697451531887,0.9961028806037373,-0.07831233739852905,0.35998639804311094,0.9648316765824954,-0.10014338046312332,0.34641025783494117,0.9246223633488019,-0.04989618808031082,0.3621237045619637,0.8521250969005956,-0.08133316040039062,0.37065371638163924,0.8060825475388103,-0.10366668552160263,0.37714061234146357,0.7672575804922316,-0.11878643184900284,0.32235569511540235,0.9229444161057472,-0.053294990211725235,0.3248522532172501,0.8396763944791423,-0.08212514966726303,0.3262509907130152,0.7851819823185603,-0.10501419752836227,0.3284116807859391,0.7375248918930689,-0.12133641541004181,0.2996956562390551,0.9427824755509694,-0.059374939650297165,0.29192733087111267,0.8709639685021506,-0.08765552937984467,0.2868511214386672,0.8202339948879348,-0.10846832394599915,0.2855215765535831,0.7741004177265697,-0.1224135234951973,0.2793550601229072,0.9789715193212032,-0.06769195944070816,0.26275577056221666,0.9309628047876888,-0.09589603543281555,0.2510520888492465,0.8975342463288042,-0.10995472967624664,0.24251941577531397,0.8627444626556502,-0.11835866421461105
241,8.040592369477912,1,Right,0.9455395340919495,0.6363376222550869,1.1129185954729717,4.995213203073945e-07,0.6081231110729277,1.0894916668534278,-0.02761361002922058,0.5851746188476682,1.0530527489052879,-0.046284306794404984,0.5707626141607761,1.021079796883795,-0.06230725720524788,0.5597979272715747,0.9980330405963792,-0.07916482537984848,0.6048561198636889,0.956881944835186,-0.03911016508936882,0.5972285393625498,0.8888374953634209,-0.0616290383040905,0.5936056497506798,0.8457485179106394,-0.07867947965860367,0.591639905422926,0.8062987551093102,-0.09113267809152603,0.6301381062716246,0.9510956125126945,-0.042407628148794174,0.6309469856321812,0.873657076474693,-0.06177877262234688,0.6331801327876747,0.8238216285904248,-0.07765162736177444,0.6363314836286008,0.7795952228208383,-0.08959793299436569,0.6521322372369468,0.9643276923232609,-0.048192113637924194,0.6607946198433637,0.8930442328254382,-0.06872941553592682,0.6653847511857748,0.8484450675547123,-0.08209515362977982,0.6682561735622585,0.8090292802287473,-0.09120995551347733,0.6723952755331993,0.9907734081149101,-0.055924125015735626,0.6869114239700138,0.937960870232847,-0.07440564781427383,0.69415571289137,0.9011063042614195,-0.0811673104763031,0.6992906207218766,0.8660339505308204,-0.0852445513010025
242,8.073955823293172,0,Left,0.960688591003418,0.3188793104840443,1.0816977810528543,6.182993388392788e-07,0.3424695315072313,1.053715314798885,-0.028872324153780937,0.3572478792630136,1.0191420475641886,-0.04955199733376503,0.3596035153605044,0.9869984239339828,-0.06882836669683456,0.3587582399370149,0.9550288253360324,-0.08850793540477753,0.3489622224122286,0.9178321219152874,-0.04516271874308586,0.3647300616838038,0.8433734115627077,-0.07610423117876053,0.3737416133051738,0.7968168176710606,-0.09708267450332642,0.38059308570809663,0.7579027642806371,-0.11075455695390701,0.3245532668428496,0.9145646519131131,-0.05033593252301216,0.32705096947029233,0.8305699963536527,-0.07856974005699158,0.3293562951497734,0.7749771173629496,-0.09836030751466751,0.33222217694856226,0.7263354882597923,-0.11140861362218857,0.3019229852943681,0.9332105692889955,-0.058119773864746094,0.293156430486124,0.8609961817661921,-0.08577289432287216,0.28883650299394503,0.8109772221909629,-0.10342342406511307,0.28815517167095095,0.7646354680260022,-0.11414466798305511,0.28189923462923616,0.9699712835252285,-0.06795208901166916,0.2644369717454538,0.9217111945980125,-0.09504915773868561,0.2532716385903768,0.886712969177299,-0.10712254047393799,0.24587447935482487,0.8500114252169927,-0.11324504762887955
242,8.073955823293172,1,Right,0.9663371443748474,0.6342472700867802,1.0923278689384461,5.017749344915501e-07,0.6105096352752298,1.0646315909094282,-0.023271212354302406,0.5962361504323781,1.0264229478107558,-0.0398099459707737,0.5945848601870238,0.9934945789476236,-0.054291658103466034,0.591424115281552,0.9740539884401692,-0.06947796046733856,0.6070992568973452,0.939450452145603,-0.03600791096687317,0.6005988382268697,0.8701589262319935,-0.0567338690161705,0.5980788050219417,0.826931840678056,-0.0718960091471672,0.5964737392496318,0.7881371426913474,-0.08284473419189453,0.6315394610632211,0.9350111371113194,-0.040702980011701584,0.6325714641716331,0.8547150429752138,-0.05853596329689026,0.6354275752324611,0.8037638316551844,-0.07295414805412292,0.6377008884213865,0.7614985167980194,-0.08363470435142517,0.6534288275521248,0.9486783236265183,-0.04733752831816673,0.6613337098620832,0.8757399054865043,-0.06566435098648071,0.6658969642594457,0.8289548816780249,-0.07837586104869843,0.6681923415511847,0.7892901026540332,-0.08703795820474625,0.6737063420470804,0.975721037056711,-0.055596187710762024,0.6871647696942091,0.9205713394615386,-0.07137927412986755,0.6943012811709195,0.8827233658896552,-0.07703546434640884,0.6987699903547764,0.8489157823224862,-0.0806356742978096
243,8.107319277108434,0,Left,0.9706459045410156,0.3210198936983943,1.0702283665537835,6.550154694195953e-07,0.3454938495531678,1.0459770252307257,-0.0352805033326149,0.36111420691013335,1.011788695719507,-0.058635346591472626,0.3609303545206785,0.9790374846922026,-0.07962057739496231,0.3556184183806181,0.9448026484913297,-0.1009552851319313,0.35077950842678546,0.9066466011934811,-0.049724556505680084,0.3670152138918638,0.8326496043139033,-0.08203940838575363,0.3759063260629773,0.7849792325662241,-0.1048538014292717,0.3826946375891566,0.7445654046204355,-0.12018614262342453,0.3261447923257947,0.90270703451501,-0.052396900951862335,0.3297526167705655,0.8197685308754444,-0.08074794709682465,0.3323111554607749,0.7636296615832382,-0.10258696228265762,0.33500978648662566,0.712978228678306,-0.11788468807935715,0.30318132806569337,0.920613566123777,-0.058289702981710434,0.2961239001713693,0.8461928024060197,-0.08662887662649155,0.2935580710880458,0.7944159429106448,-0.10738658905029297,0.2938452364876866,0.7459384109410975,-0.1208891049027443,0.28309811763465403,0.9561363375849194,-0.06675790995359421,0.26682229731231927,0.907656731787655,-0.09552449733018875,0.2562061843462288,0.872057581692934,-0.11060812324285507,0.24847312103956937,0.8340369068086148,-0.11935382336378098
243,8.107319277108434,1,Right,0.9676486849784851,0.6335648328065873,1.0702634010050032,5.69021096907818e-07,0.6119063843041659,1.0514431056049136,-0.032425202429294586,0.595271335169673,1.0202654444509083,-0.05727993696928024,0.597353096306324,0.9966767131454415,-0.07860864698886871,0.6086104542016983,0.985402856187688,-0.10076519846916199,0.608374259620905,0.9213293455541134,-0.051173135638237,0.600612397491932,0.8516921081476742,-0.07665654271841049,0.5981114033609629,0.8081028969751464,-0.09504398703575134,0.5972272485494614,0.7694641773071554,-0.10827169567346573,0.6328872155398131,0.9165183299945461,-0.05303215608000755,0.6335447665303946,0.8354494041038885,-0.07470545172691345,0.63524763956666,0.7847780271536774,-0.09114976972341537,0.6372977264225483,0.7405063501662679,-0.10324205458164215,0.6549968544393778,0.9311629071003861,-0.057052381336688995,0.6607769329100848,0.8550388248430358,-0.07760682702064514,0.6650135714560748,0.8084595512184832,-0.09093193709850311,0.6683320805430413,0.7682398688462045,-0.10018434375524521,0.6753175158053637,0.9597216768397225,-0.06340581923723221,0.6873550519347191,0.9046619039442804,-0.08094881474971771,0.694667599350214,0.8673210033112102,-0.08711311221122742,0.700040477514267,0.8320937302377489,-0.09102216362953186
244,8.140682730923695,0,Left,0.9769186973571777,0.32045012395828965,1.058276853296492,6.518617965411977e-07,0.3463888369500637,1.0321109718746608,-0.0293673574924469,0.36386534688062966,0.9940193897320164,-0.048271819949150085,0.36108407005667686,0.9563151280085246,-0.06523394584655762,0.3467901363503188,0.9288095097574923,-0.08269087970256805,0.3529568479396403,0.8906191339923276,-0.04260921850800514,0.36962566720321777,0.8144082598388195,-0.07183544337749481,0.37887595635838806,0.7668352697458533,-0.0920749381184578,0.38618196863681076,0.7277499270108011,-0.1051657646894455,0.32825464238412677,0.8857468302051227,-0.04660268872976303,0.33190231714397667,0.7989219734238253,-0.07141488790512085,0.3340223609935492,0.7422419233454598,-0.09009649604558945,0.33638239675201476,0.6948950245976449,-0.10268651694059372,0.30547449223231526,0.9026633076369762,-0.05343654379248619,0.29887456393335016,0.8263990875747469,-0.0781838446855545,0.29585127264726907,0.7734869177142779,-0.09618404507637024,0.2957715592114255,0.7256011326279905,-0.10761965066194534,0.2851285469951108,0.9370992168784141,-0.06247410923242569,0.2679984525311738,0.8876624292797513,-0.08822423964738846,0.256916076107882,0.8509811823566754,-0.10089848190546036,0.2493533858563751,0.8126039414770073,-0.10760415345430374
244,8.140682730923695,1,Right,0.9702229499816895,0.6365354177542031,1.0511780968970723,5.44035515304131e-07,0.6148414407856763,1.036542962325944,-0.03462589159607887,0.5976920699700713,1.009306103322241,-0.06183316186070442,0.5991931238211692,0.9822426957388719,-0.08520475029945374,0.613270271755755,0.9626851325233777,-0.10860057175159454,0.6099758164025844,0.9019453661309348,-0.052067335695028305,0.6013777296990156,0.8307323285275036,-0.07945795357227325,0.5971351936459541,0.7859588734805584,-0.09910455346107483,0.5956796295009553,0.7469700299203396,-0.11278916895389557,0.6336158799007535,0.8969387489060561,-0.052923668175935745,0.6325982162728906,0.8148657374083996,-0.07553111016750336,0.6331641053780913,0.7634672411613994,-0.09171037375926971,0.6349836936220526,0.7188652078310649,-0.10329542309045792,0.6557766408659518,0.9108525002996127,-0.05640134587883949,0.660335511341691,0.8335610736575392,-0.07722374051809311,0.6631939822807909,0.7866924790044626,-0.08916717022657394,0.6657619507052004,0.7453490467535124,-0.0973484143614769,0.6768777613528073,0.9381974189645714,-0.06257903575897217,0.6881121220067143,0.8815424313147863,-0.08035380393266678,0.6946303143166006,0.8455889655484093,-0.0860341340303421,0.6995771246962249,0.8111875171462695,-0.08915876597166061
245,8.174046184738955,0,Left,0.9807040095329285,0.31990130816120654,1.0455814977486928,6.8076610659773e-07,0.3457242280943319,1.0164058304495283,-0.03337017074227333,0.3638402943965048,0.9795912849406402,-0.05341968685388565,0.3604124549776316,0.9371149250202708,-0.070842444896698,0.34527699765749276,0.90398067360123,-0.088035449385643,0.3538938157726079,0.8708348616957664,-0.03996146842837334,0.37155024874955417,0.7932136081986957,-0.06707598268985748,0.3807638584170491,0.7435374479326937,-0.08661023527383804,0.38776325129438194,0.7022055761681663,-0.09920696169137955,0.32913547118660064,0.8635754057102734,-0.04106827452778816,0.3338545398786664,0.7755125179058976,-0.06243226304650307,0.3352204345399514,0.7176773899131351,-0.07958173751831055,0.33678089508321135,0.6697107255458832,-0.0913301482796669,0.30633260142058133,0.8777490033043756,-0.045632507652044296,0.3004827348166145,0.8019655582805475,-0.06646395474672318,0.2968403342878446,0.7489303707248635,-0.08268515020608902,0.29645836076233534,0.7016422892610232,-0.09343001246452332,0.28465436355909335,0.9102548849251535,-0.053164076060056686,0.267157015344128,0.8604646200107203,-0.07547225803136826,0.25620544208213686,0.8237072150740359,-0.08650889992713928,0.24962119159754365,0.7868550759222772,-0.09223952889442444
245,8.174046184738955,1,Right,0.9820413589477539,0.6402434815187007,1.0339320573541853,5.351420782062632e-07,0.6171835353132338,1.017390148507224,-0.03265218064188957,0.5993876584339887,0.9838189812997977,-0.05740755423903465,0.6053517822176218,0.9517929922375414,-0.07829079031944275,0.6234406861942261,0.9327979216972987,-0.09910086542367935,0.6107546930201352,0.8791359086831411,-0.04773934558033943,0.6015707085374743,0.8067185949120257,-0.07279408723115921,0.5973683973308652,0.760918727517128,-0.09120824187994003,0.5959134676493705,0.7212945425675975,-0.10450642555952072,0.6348454255610705,0.8729020266897148,-0.04897134006023407,0.6331495963502676,0.7906841119958294,-0.06966307014226913,0.6327580903191119,0.7389074731204245,-0.08590052276849747,0.633403961872682,0.6943256485793325,-0.09780316054821014,0.6571986906230449,0.8857542871601052,-0.05261175334453583,0.6612040793988854,0.8082631994452741,-0.07209301739931107,0.6630726985633373,0.7613488040864468,-0.085098996758461,0.6645738733001053,0.7200929138395521,-0.0943034291267395,0.6782639334443956,0.9131596998208099,-0.05877160280942917,0.6890436735469848,0.8568125211530262,-0.07599082589149475,0.6951319325249642,0.8207880598803361,-0.08242642879486084,0.699414508137852,0.7868572821219763,-0.08628230541944504
246,8.207409638554218,0,Left,0.9742951393127441,0.3154527224134654,1.0209567454126147,6.077543162064103e-07,0.3424568190705031,0.9904490911298328,-0.030036386102437973,0.3626623107586056,0.9483551194270452,-0.04854276776313782,0.3594564151018858,0.9022623820437325,-0.06530282646417618,0.34177033957093955,0.8720101227362951,-0.08227835595607758,0.35422301064245404,0.8437705907556746,-0.03657231852412224,0.3732920310460031,0.7684296015236113,-0.06391234695911407,0.38210774660110475,0.7181586745712493,-0.08394020795822144,0.38834846932441,0.6754154913955265,-0.0974670797586441,0.3294452080037445,0.8359527475304074,-0.04055375978350639,0.3335518043488264,0.7464982241392135,-0.06294713914394379,0.33452235236763955,0.6886776208877563,-0.08070336282253265,0.33548386469483377,0.6400970396068361,-0.09316210448741913,0.30676906420849265,0.8514489114284516,-0.047776758670806885,0.30023875115439297,0.7753807137409846,-0.06969936937093735,0.2965605702949688,0.7217078235414293,-0.08643025159835815,0.2956779858097434,0.6729560100369983,-0.097713902592659,0.2851546679623425,0.8858890053298738,-0.05779435858130455,0.2677077155560255,0.8358235746622086,-0.08058898895978928,0.2560406118165702,0.7990525556935204,-0.09180071949958801,0.24817471955902876,0.7622747543785308,-0.09807266294956207
246,8.207409638554218,1,Right,0.9768693447113037,0.644790253881365,1.0173388481140138,5.403779823609511e-07,0.6217038825154304,0.9995498988363478,-0.032916903495788574,0.6033854519948363,0.9629959589905209,-0.05636207386851311,0.6100908315740525,0.9252268340852525,-0.07593332231044769,0.6299341784790158,0.9026165614525478,-0.09488251060247421,0.6132117666304111,0.8532604144679176,-0.04371855780482292,0.6040812361054122,0.7785826858546999,-0.06661780178546906,0.6000362940132618,0.7322436259852515,-0.08376102894544601,0.5988000177778303,0.6924821648332807,-0.09642015397548676,0.6370573153719306,0.8454573250479168,-0.04369572550058365,0.6350536148995161,0.7626137836111917,-0.06186801195144653,0.634402220416814,0.711084775461091,-0.07634206861257553,0.634742959216237,0.6682054609060287,-0.08705625683069229,0.659207309409976,0.8571814033720229,-0.04642011970281601,0.662369873188436,0.7805274135536617,-0.06372813135385513,0.6634929522871971,0.7345803644922044,-0.07577084749937057,0.6643014674074947,0.6946327411466174,-0.08456888794898987,0.6802558096125721,0.8836215436458588,-0.05194838345050812,0.6905623425729572,0.8295577436685562,-0.06763458997011185,0.6961139503866434,0.7948182576232486,-0.07400946319103241,0.7001662787981331,0.7626271280977461,-0.07796589285135269
247,8.240773092369478,0,Left,0.9740039706230164,0.3194606495089829,0.9981837681598134,6.045375471330772e-07,0.34580782814882693,0.9660363057421313,-0.03218933194875717,0.3639720795210451,0.9143280149334007,-0.04887840896844864,0.3548017946537584,0.8634989829527007,-0.06308246403932571,0.340083139995113,0.8322358536223571,-0.0765250101685524,0.35299647771753373,0.8141578561729855,-0.032433025538921356,0.371019876236096,0.7395421526498265,-0.05594809353351593,0.37954855617135763,0.6898464454544915,-0.07321680337190628,0.3854004371911287,0.6481612728701698,-0.08526720851659775,0.3278747153002769,0.8074380366338624,-0.03385540843009949,0.33182908347807827,0.7201053568058544,-0.052924059331417084,0.3335079103708267,0.6624402385618952,-0.06840173900127411,0.33461797358468176,0.6154295425862074,-0.07916552573442459,0.30556295469868927,0.8228376194006867,-0.039101600646972656,0.29880941538140177,0.7479649818605847,-0.05930422246456146,0.29584671184420586,0.6946694186164273,-0.07601362466812134,0.29506902063731105,0.6483941151863999,-0.0871424600481987,0.28525404022075235,0.8564852534896797,-0.047367874532938004,0.26712929108180106,0.8080291216572125,-0.06946337223052979,0.255342866294086,0.772100806567404,-0.08157553523778915,0.24662294653244315,0.7368330717914634,-0.08845331519842148
247,8.240773092369478,1,Right,0.9528796672821045,0.6480096260085701,0.9961547704206573,5.086600936010655e-07,0.6226323605515063,0.9738941272099813,-0.030312485992908478,0.6058917033486069,0.9358827183643977,-0.05203809589147568,0.6137766158208251,0.897597211268213,-0.07076796889305115,0.6337501127272844,0.874918007850647,-0.08927804231643677,0.6166125229559839,0.8267177069352732,-0.03820965811610222,0.6073504026047886,0.7509932556913959,-0.06003739684820175,0.6033754903823138,0.7044766381382942,-0.07750260829925537,0.6022537495009601,0.6640068168441454,-0.09064492583274841,0.6401364632882178,0.8188636801309056,-0.03984206169843674,0.6377647794783116,0.7347130462527275,-0.0564316101372242,0.6370735264383256,0.6837506274382273,-0.07178172469139099,0.6374252981506288,0.6402113646268844,-0.0837169960141182,0.6615953667089343,0.8302948391271963,-0.044239625334739685,0.6647432189434767,0.7542792136470476,-0.05988185107707977,0.6659083906561136,0.7088677697711521,-0.07253768295049667,0.666626747418195,0.6693158157997661,-0.08244694024324417,0.682399419695139,0.8567795164055294,-0.0514601431787014,0.6917357148602605,0.8023945758740108,-0.06562294811010361,0.6968232853338122,0.7686746225588852,-0.07177448272705078,0.7002842360176146,0.7374163468678793,-0.07619653642177582
248,8.274136546184739,0,Left,0.9613465666770935,0.32160909711383284,0.9711240669919385,5.557890858653991e-07,0.3470732321264222,0.9353009435037772,-0.029544930905103683,0.36372995690908283,0.8768212963309553,-0.04307592287659645,0.35583791038952767,0.8228570339580377,-0.05437735840678215,0.33948070839978756,0.792835289074315,-0.06496116518974304,0.3538312310120091,0.7842408616509703,-0.02588968351483345,0.3726622076006606,0.7112652469840315,-0.0466892383992672,0.38071273965761065,0.6620526975227727,-0.06263741850852966,0.3855283747659996,0.6222053995976845,-0.07415309548377991,0.3289366137236357,0.7770738013088703,-0.027472704648971558,0.3316129117272794,0.6896412247584925,-0.04437655210494995,0.33245204349514096,0.6359951405061616,-0.058033060282468796,0.3327746190596372,0.591932677436206,-0.06754618138074875,0.3068740593502298,0.7923288338714176,-0.0329650416970253,0.29922793022124095,0.7154050924711757,-0.05104305222630501,0.2961035723099485,0.6656381691495578,-0.0658484473824501,0.29498089689295737,0.6205797172254987,-0.07608332484960556,0.28649052121909335,0.8255457295311822,-0.04146560654044151,0.2673051468096673,0.7778939339849684,-0.061874549835920334,0.2552841693395749,0.7439613912668493,-0.07314057648181915,0.24691847995854915,0.7088120411667559,-0.07982634752988815
248,8.274136546184739,1,Right,0.9175963997840881,0.6481434990186244,0.9667058873507711,5.005516641176655e-07,0.6231780184898525,0.9407730688651402,-0.032624032348394394,0.6118286184966564,0.8992688929041227,-0.0525834895670414,0.6296487192623317,0.85715827676985,-0.06904587149620056,0.6523773010354489,0.8332105526493655,-0.08499697595834732,0.6189790767617523,0.8018663675420814,-0.03572387620806694,0.6090238343924284,0.7233265848623381,-0.05443878471851349,0.6054894146509469,0.6760435776578055,-0.07014620304107666,0.6046335419639945,0.6356758151617315,-0.08258166164159775,0.6416902828030289,0.7928111973736022,-0.03491775318980217,0.6390357860829681,0.7063928990728325,-0.04871651902794838,0.639590975176543,0.6569777322312196,-0.06381166726350784,0.6405906057450921,0.6146154990212784,-0.07641258835792542,0.6622096436563879,0.8030054725706577,-0.037144117057323456,0.6648880818858742,0.7269513268437651,-0.049996450543403625,0.6664545458275825,0.6831537180476719,-0.06351104378700256,0.6673752056900412,0.6459440862966909,-0.07505454868078232,0.6828222312964499,0.8281228796475464,-0.04259082302451134,0.6908569293096661,0.7760936750306023,-0.05391233041882515,0.6959101838991046,0.7448737430903647,-0.06008898839354515,0.6998521897010506,0.7175140428874228,-0.06573601812124252
249,8.3075,0,Left,0.9771460294723511,0.31883454266935585,0.954729620532857,4.954226255904359e-07,0.34646992227062584,0.9202923875715997,-0.03386719897389412,0.3646372125484049,0.8628387556307846,-0.04874560609459877,0.3554956457577646,0.8029567155573103,-0.06057364121079445,0.33872544700279833,0.7656358472175069,-0.07164725661277771,0.3550827636383474,0.7704706456098291,-0.028298059478402138,0.37359910663217305,0.6961734731992085,-0.04895428568124771,0.3818751878105104,0.6477745701869329,-0.06512629985809326,0.38746012300252913,0.6065970441533459,-0.077064149081707,0.33089696057140827,0.7606098595592711,-0.027353258803486824,0.3346792242489755,0.673048308574491,-0.042704202234745026,0.3340390955097973,0.6200201808578438,-0.05640988051891327,0.3332262659445405,0.5765575173000494,-0.06686179339885712,0.308648423012346,0.7728318087756634,-0.030652599409222603,0.303119776584208,0.6954312193724844,-0.047693561762571335,0.2994385317899287,0.645138514538606,-0.06297066062688828,0.2974325840827078,0.6011509519484308,-0.07426755875349045,0.2870396655984223,0.8038158097200924,-0.037337154150009155,0.2695213565137237,0.7568275507953431,-0.05785983428359032,0.2576059994287789,0.7226874488095443,-0.07017557322978973,0.24826158760115505,0.6884320067034827,-0.07800061255693436
249,8.3075,1,Right,0.9276708364486694,0.6490966822952032,0.945322120272451,4.919139087178337e-07,0.6224949574097991,0.9197001553244061,-0.034988220781087875,0.6117249794304371,0.8787094944053226,-0.05525708571076393,0.631647165492177,0.8356202522085773,-0.07121316343545914,0.655128570087254,0.8093510323928462,-0.08614449948072433,0.6181284684687853,0.7787618970705403,-0.036418452858924866,0.6089833423495292,0.7014772655235396,-0.05552439019083977,0.6059554178267718,0.6542857714825207,-0.0712486132979393,0.6049395781010389,0.6147134542879131,-0.08357832580804825,0.6413348140195012,0.7692207452323702,-0.033677175641059875,0.6399376858025789,0.683414446728097,-0.04788503795862198,0.6399507122114301,0.6355525327225526,-0.062288641929626465,0.6398483723402023,0.5940952826291322,-0.0741463452577591,0.6618373174220323,0.7793637924724155,-0.03428385406732559,0.6650435753166676,0.7046517221464051,-0.047795262187719345,0.6651197155937553,0.6615789381994142,-0.06041834503412247,0.6649372724816203,0.6248554646140999,-0.0708722323179245,0.6823673414066433,0.8055364248653253,-0.038294363766908646,0.6904981322586536,0.7537103671166632,-0.04990879446268082,0.6947101756930352,0.7237086104022132,-0.05584579333662987,0.6977561537176371,0.6974804259008831,-0.06091875210404396
250,8.340863453815262,0,Left,0.9741162657737732,0.3216372318798676,0.9411378221379386,4.809504048353119e-07,0.3479215757921338,0.9054944343037076,-0.0295249130576849,0.3649625444319099,0.8478954904609256,-0.043413084000349045,0.3582293706946075,0.7912445336580276,-0.055508341640233994,0.34162786733359096,0.7537418580717511,-0.0671076625585556,0.35535085645969955,0.7582110279136234,-0.025985291227698326,0.3738401243695989,0.6849572396940655,-0.04730565845966339,0.38225238050799815,0.6369736810525258,-0.06316643953323364,0.3878989040618762,0.5962608416875204,-0.07451634854078293,0.33181084753014145,0.7488634132676655,-0.02751360461115837,0.3362897950224578,0.6627897573841943,-0.043865058571100235,0.3371692253509536,0.6092885398202472,-0.05676793307065964,0.3374361770926043,0.567040622068776,-0.06612750887870789,0.3096223118714988,0.7618465416961246,-0.033032894134521484,0.3045245646149851,0.6851828628116183,-0.0508376881480217,0.3021186023484915,0.6343676305479473,-0.06488025933504105,0.30147275942144913,0.5903044442335764,-0.0748957097530365,0.2883444607374258,0.793029303683175,-0.041575878858566284,0.27123460699804125,0.7470928685532676,-0.062442597001791,0.260073573468253,0.7117109533813265,-0.07407605648040771,0.25174830524483693,0.6767799761560228,-0.08109001070261002
250,8.340863453815262,1,Right,0.9249599575996399,0.6523495881352573,0.9278826951980591,4.569343161620054e-07,0.6256686666980386,0.9045422633488973,-0.0341787114739418,0.6136355143040418,0.8653315815660688,-0.05351133272051811,0.6335167739540338,0.8226108594073189,-0.0685948058962822,0.6560045798774808,0.7961490948994955,-0.0825335830450058,0.6199602455832064,0.7616785244809257,-0.03445068746805191,0.6102221895940602,0.6852688312530517,-0.0523202046751976,0.6070299487560987,0.6386434154378043,-0.06728062778711319,0.6058935806155205,0.5990589779284266,-0.07933053374290466,0.643395321117714,0.7514731632338629,-0.03190493956208229,0.639783050538972,0.6667478289869097,-0.04494236782193184,0.6386436097323894,0.6194163885381486,-0.05839282274246216,0.6375762470066547,0.578241777088907,-0.06974595785140991,0.663848763005808,0.76147813697656,-0.03273812308907509,0.6650476210284978,0.6864901380406485,-0.045343849807977676,0.6639265791978687,0.6438521252738105,-0.056862905621528625,0.6628095725551247,0.6081569229563077,-0.06687644869089127,0.6847311194520443,0.7874948650598526,-0.037049829959869385,0.6918967616744339,0.737879799803098,-0.04805842041969299,0.6954765286296606,0.7092271172338062,-0.05349262058734894,0.6979219635482877,0.6839096754789352,-0.058406658470630646
251,8.374226907630522,0,Left,0.9723101854324341,0.32393749537877736,0.9427011089192496,4.456139492958755e-07,0.35195673191919924,0.9111323257287344,-0.02983137033879757,0.3709046728676185,0.8525450090567271,-0.04243400692939758,0.3633953737094998,0.79958968228764,-0.05282566696405411,0.3456641543889418,0.7652061372995377,-0.06238870695233345,0.35922374341171237,0.7565089672803879,-0.02545532025396824,0.37798916867468507,0.6830893198649088,-0.04582172632217407,0.3863270157482475,0.6349172208044264,-0.06132863834500313,0.39168859771452846,0.595230431523588,-0.07255841046571732,0.3343939828919247,0.7477943129009671,-0.02662738971412182,0.33655286198481915,0.661480015847418,-0.04287680983543396,0.3366942088585347,0.6079107546144061,-0.05697986111044884,0.336078109126538,0.56611773851845,-0.06710679084062576,0.3120874445186928,0.7620263619555367,-0.03166227787733078,0.3063722907332703,0.686084606581264,-0.05017007514834404,0.30338037105975674,0.6357474856906467,-0.06620006263256073,0.3017021141247824,0.5923611026671197,-0.07736468315124512,0.2912537747994065,0.7947144084506564,-0.0395481251180172,0.273198934760876,0.7493278278244866,-0.061827290803194046,0.26092129937605935,0.7152158849769168,-0.0749148428440094,0.25103536173701285,0.6806074215306176,-0.08271066844463348
251,8.374226907630522,1,Right,0.9256535768508911,0.6565337212290615,0.9182668695847194,4.433692026850622e-07,0.6331984276417643,0.8965787318017747,-0.03520330786705017,0.6208289205096662,0.8581126987934112,-0.055008191615343094,0.6403415978420526,0.8184431076049805,-0.07054673135280609,0.6658409235998988,0.7984341730674108,-0.08525631576776505,0.6247235310263932,0.7539407481749852,-0.03657904267311096,0.6154417777899652,0.6773914443122016,-0.05522497370839119,0.6125366698019207,0.630927879942788,-0.07046404480934143,0.6115058682393283,0.5919342993034257,-0.08237486332654953,0.6469662977382541,0.7442162728971905,-0.0338309071958065,0.643566643120721,0.6604367676708434,-0.04632450267672539,0.6427373510785401,0.6135238067971336,-0.05966855213046074,0.6420898119919002,0.5724729511472914,-0.07094627618789673,0.667268084269017,0.7538366787963443,-0.03447389602661133,0.6687444317154586,0.6816535323858262,-0.046102721244096756,0.668395027006045,0.6384515278869205,-0.057960644364356995,0.6680576399434358,0.6011014110512204,-0.0683450922369957,0.6874810592737048,0.7783526145749622,-0.03882906958460808,0.6944945281837136,0.7314949254194896,-0.0490356907248497,0.6988836109172553,0.7030859228637484,-0.05423358082771301,0.702580246515572,0.6778422941764196,-0.05915897712111473
252,8.407590361445783,0,Left,0.9744462370872498,0.3261564989574254,0.9620351559585996,3.839078885903291e-07,0.3570405923761427,0.9324999315871133,-0.030313530936837196,0.37822653744369744,0.8731870359844631,-0.0433821901679039,0.3730061696842313,0.8145497765805986,-0.054092273116111755,0.35516026634722947,0.7782732523149914,-0.06413882225751877,0.3681775279343128,0.7748076495197084,-0.027261853218078613,0.38651935048401354,0.6992781639099122,-0.048595719039440155,0.3951340842060745,0.6499932315614488,-0.0654463917016983,0.40199988465756176,0.6089393811093436,-0.07767659425735474,0.3427433418110013,0.765948936343193,-0.028544845059514046,0.34460552856326104,0.6773710091908772,-0.04537206143140793,0.34428031323477626,0.6219931956794527,-0.06093960255384445,0.3439074191264808,0.578038614988327,-0.07227935642004013,0.3202863370068371,0.7806155400143729,-0.03336754068732262,0.31375874327495695,0.7036853677696652,-0.0524030439555645,0.3097950586117804,0.6529392802053028,-0.0686502531170845,0.3077337142080069,0.6084466920958624,-0.08005990087985992,0.29907995951361954,0.8142213172382778,-0.04102987051010132,0.28120778324082496,0.7668610738383399,-0.06360340863466263,0.26886540008708837,0.7326041913694805,-0.07609124481678009,0.2588215946219862,0.6985471238692601,-0.08346819132566452
252,8.407590361445783,1,Right,0.8431763648986816,0.6560741307213902,0.922643068432808,3.699034323290107e-07,0.6339433521032334,0.8947331849071715,-0.033677320927381516,0.6251855820417405,0.8581732114156088,-0.05206676945090294,0.647344589792192,0.8277734580967161,-0.06528410315513611,0.6722806477919221,0.8132185429334641,-0.07803496718406677,0.6308342913165689,0.7638475540611479,-0.04511571675539017,0.6223590372130274,0.684847444958157,-0.0687987431883812,0.619293368421495,0.6363362285825941,-0.08742976188659668,0.6185730013996362,0.5945000741216871,-0.10127705335617065,0.6531250849366188,0.7565778917736478,-0.0445396862924099,0.6505445154383779,0.6685622827874289,-0.06038779020309448,0.6510141897946596,0.620525962776608,-0.07629534602165222,0.6515202175825834,0.5761999825636546,-0.08978807926177979,0.6725009398534894,0.7667316367228826,-0.046904318034648895,0.6744460169225931,0.6899328834480709,-0.06157061085104942,0.6767585219815373,0.6457479672299491,-0.07561250030994415,0.677893041074276,0.6067111161020067,-0.08726239204406738,0.6930109020322561,0.7939395914475124,-0.052672840654850006,0.6998188776895404,0.7418754825989405,-0.06389261037111282,0.7061140116304159,0.7098751836352878,-0.06912724673748016,0.7099643304944039,0.6838537871837616,-0.07437524199485779
253,8.440953815261045,0,Left,0.979679524898529,0.3339615588309243,0.9801307037472725,4.038721499455278e-07,0.3649119010893628,0.9526692599058151,-0.029767939820885658,0.3867790943710133,0.8990638501942158,-0.04373491182923317,0.3817692149430513,0.8476532846689224,-0.05575297027826309,0.37086648589465765,0.8080666124820709,-0.06710055470466614,0.3773058470804244,0.7967570327222347,-0.029194209724664688,0.3979437772883102,0.7238405108451843,-0.05282307416200638,0.4085361103527248,0.6763066828250885,-0.07067820429801941,0.4172671705950052,0.6362026199698448,-0.08325579017400742,0.3523225413635373,0.7865484796464444,-0.032094139605760574,0.3574947046814486,0.6969632744789124,-0.05121786892414093,0.3598985441494733,0.6405691862106323,-0.06800185143947601,0.3621487374184653,0.5950032230466604,-0.08003956824541092,0.3297360826982185,0.8000475406646729,-0.03856585547327995,0.326188983139582,0.7206079840660096,-0.059891991317272186,0.32390509913675486,0.6675925843417645,-0.0775870531797409,0.3238479071529582,0.6213418148458004,-0.08966229110956192,0.3078234761022031,0.8334058754146099,-0.04769699648022652,0.2912689394899644,0.7832733571529389,-0.0719936341047287,0.2800563286058605,0.7461003102362156,-0.08548497408628464,0.2713869100669399,0.7087065041065216,-0.09341738373041153
253,8.440953815261045,1,Right,0.8904373049736023,0.6529415566474199,0.9331721156835556,3.9043146671247086e-07,0.6317897212225944,0.9110867872834205,-0.03636067360639572,0.6219681431539357,0.8757755555212497,-0.05735194310545921,0.6448346910998225,0.8476971112191677,-0.07332167029380798,0.670056524220854,0.8339854672551155,-0.08916975557804108,0.6314430918078869,0.7737983822822571,-0.04724014922976494,0.6237661289982498,0.6970776543021202,-0.07162319868803024,0.6218668092042208,0.649019929766655,-0.09069564938545227,0.6222886351402849,0.6072335779666901,-0.10515128821134567,0.6545247593894601,0.7666126742959023,-0.04647211730480194,0.653809700673446,0.6801519900560379,-0.06424509733915329,0.6547880780883133,0.6302563197910785,-0.0812498927116394,0.65582508710213,0.5841490745544433,-0.0950312614440918,0.6745690259616822,0.77873610034585,-0.04886006563901901,0.6789770527742803,0.7023535005748271,-0.0659899041056633,0.6818527681753039,0.6580209009349346,-0.0809900313615799,0.6833848178386688,0.6176938809454441,-0.0927571952342987,0.6940305662341416,0.8071366719901562,-0.05472073331475258,0.7029168057721108,0.7559097647666931,-0.0697261169552803,0.7092586283572018,0.724079205095768,-0.07713957875967026,0.7135690230876207,0.6952639736235142,-0.08313744515180588
254,8.474317269076305,0,Left,0.9816647171974182,0.33156808018684386,0.9858604647219181,4.5232829393171414e-07,0.3614287406206131,0.9623183980584145,-0.030123377218842506,0.3846455320715904,0.9156179338693619,-0.04501558095216751,0.3804525874555111,0.8663258567452431,-0.05773215740919113,0.36931735947728156,0.8281439200043679,-0.07005128264427185,0.3770573951303959,0.8080711401998997,-0.029370224103331566,0.40078123584389685,0.7379870794713497,-0.052697278559207916,0.41305440962314605,0.6921889059245586,-0.07090164721012115,0.42308739870786666,0.6532710172235966,-0.08354349434375763,0.35306266993284224,0.7955873869359493,-0.0314263254404068,0.3623456835746765,0.7077597714960575,-0.049760203808546066,0.36723149493336676,0.6524619624018669,-0.06652805209159851,0.37142725214362143,0.6078868221491576,-0.0788411870598793,0.33010549396276473,0.8059231996536255,-0.03697452321648598,0.3317603424191475,0.7275480523705482,-0.05715443938970566,0.33321726620197295,0.6742475382983685,-0.07448630779981613,0.33587539121508597,0.629325719922781,-0.08657385408878326,0.30676635466516017,0.8350415244698525,-0.04516039788722992,0.2934711754322052,0.7837778680026531,-0.06813230365514755,0.28427199013531207,0.7456526815891266,-0.08086559921503067,0.27723570838570594,0.7081511333584786,-0.08839281648397446
254,8.474317269076305,1,Right,0.8676377534866333,0.6524877950549126,0.9411707028746605,2.958805396247044e-07,0.6307460695505143,0.9155781514942646,-0.03604035824537277,0.6226737752556801,0.8817475274205208,-0.05326360464096069,0.6460196480154992,0.8539686597883701,-0.06381119042634964,0.6706112578511239,0.8412479266524315,-0.07272691279649734,0.6321724086999894,0.7856380127370357,-0.04594562202692032,0.6240903168916703,0.7054824613034725,-0.07005877047777176,0.6216812834143639,0.6567858450114727,-0.08913417905569077,0.6214456215500832,0.6151764918118715,-0.10329069942235947,0.6554498478770256,0.7787091977894306,-0.04395082965493202,0.6541224896907807,0.6877845793962478,-0.06089302897453308,0.6544992655515671,0.6381318233907223,-0.07714098691940308,0.654456089437008,0.5903988856822252,-0.09060942381620407,0.6741061761975289,0.7894472301006317,-0.0452139787375927,0.6784141391515732,0.7135788559913635,-0.0609411895275116,0.68045883923769,0.6681207448244095,-0.07483850419521332,0.681679579615593,0.626753206923604,-0.08585628867149353,0.6942639082670212,0.8196461409330368,-0.05008698254823685,0.702242660522461,0.7660425335168839,-0.06167687103152275,0.7087376296520234,0.7331166177988052,-0.06683611869812012,0.711991335451603,0.7060839004814625,-0.0717715173959732
255,8.507680722891566,0,Left,0.9860184192657471,0.323381531261839,0.9811201639473438,4.991092623640725e-07,0.35240486075636,0.955736854672432,-0.029847946017980576,0.37285567421931776,0.9069175504148006,-0.04390035569667816,0.36914024720899763,0.8587388522922993,-0.05555439740419388,0.3522895432310179,0.8230974048376083,-0.06661147624254227,0.3632117602741346,0.802288057655096,-0.030204076319932938,0.38557826993055644,0.7299038283526897,-0.05186539888381958,0.3968080312246457,0.6828504219651222,-0.06839237362146378,0.40459971989039334,0.6425907902419568,-0.08000503480434418,0.33874619400594386,0.7910369426012039,-0.032044943422079086,0.3467085637152195,0.7030558243393898,-0.04876444488763809,0.3494142127223313,0.6481424316763877,-0.06311365962028503,0.35129709062166514,0.6040360860526561,-0.07359915226697922,0.3158937588799745,0.8027729630470276,-0.03733380138874054,0.31676106513477864,0.7239581435918808,-0.055087096989154816,0.3172433071071282,0.6720855310559273,-0.07013935595750809,0.3187356602633372,0.6269977476447821,-0.0808560773730278,0.2938178382813931,0.8332445919513702,-0.0454716756939888,0.28016678841086107,0.783861169219017,-0.06616884469985962,0.2701383006991819,0.7470283605158329,-0.07713666558265686,0.2624937945860438,0.7110584117472172,-0.0835297629237175
255,8.507680722891566,1,Right,0.8926280736923218,0.6529130952898413,0.944529390335083,2.720732936722925e-07,0.6317546061240137,0.9181089699268341,-0.03724626079201698,0.6246157294139266,0.8846452228724957,-0.05321650952100754,0.6482141745276749,0.8578973561525345,-0.06151964142918587,0.672532771108672,0.8453883267939091,-0.06730741262435913,0.6335470439866185,0.7891977220773697,-0.04586107283830643,0.6250960278324783,0.7083147466182709,-0.06964432448148727,0.6226533323992044,0.6594714850187302,-0.08855904638767242,0.6224918508436531,0.6182083703577519,-0.10253473371267319,0.6567054315004498,0.7822410814464092,-0.042203664779663086,0.6552169284317643,0.6909138038754463,-0.05880250781774521,0.6557976993266493,0.6430700689554214,-0.07428383082151413,0.6558323501143605,0.5964046396315098,-0.08727320283651352,0.6748409355990589,0.7919185288250447,-0.0420248880982399,0.6797839667182416,0.716022153198719,-0.05716141685843468,0.6814066675491631,0.6714020654559135,-0.07056722044944763,0.6823245802428574,0.6307567864656448,-0.0811930000782013,0.6950614842120558,0.8228906244039536,-0.04565931856632233,0.7038766297977418,0.768885588645935,-0.056077007204294205,0.7105708213988692,0.7358989223837853,-0.060930199921131134,0.713202208140865,0.7104433454573155,-0.06583347916603088
256,8.541044176706828,0,Left,0.9764264822006226,0.32180476472713054,0.975370452635818,5.198472763368045e-07,0.34566761148162184,0.939449114104112,-0.02968219295144081,0.3613147599622607,0.8899876649181048,-0.0458165742456913,0.35628230702131986,0.8422290732463201,-0.06018292158842087,0.33994429423473776,0.807450168662601,-0.0736023411154747,0.3484850523993373,0.7862892101208369,-0.030182452872395515,0.36291287150233986,0.7095634374353621,-0.05268148332834244,0.370196263352409,0.659580877257718,-0.0700836107134819,0.3739112041890621,0.6166637212865882,-0.08248958736658096,0.32184999077580867,0.780492009388076,-0.03304336220026016,0.32178833247162403,0.6914687719610002,-0.05022392421960831,0.3203036408405751,0.6359492813547453,-0.0649314597249031,0.3186171499080956,0.589187127434545,-0.0757712870836258,0.2988050782121718,0.797761900557412,-0.039393141865730286,0.2901180729735643,0.7222265617714988,-0.05696149915456772,0.2843668395653367,0.6696409036715826,-0.0715344175696373,0.2804845044622198,0.6222454487449594,-0.08217792958021164,0.2781623093178496,0.8350342139601707,-0.04885081574320793,0.258513523824513,0.7893533971574571,-0.06878738850355148,0.2444612004328519,0.7557126705845197,-0.07887590676546097,0.23351904551964253,0.722149165140258,-0.08475735038518906
256,8.541044176706828,1,Right,0.8530746698379517,0.6534616271965206,0.9512778553697798,2.9997519845892384e-07,0.6326671680435538,0.9258760089675585,-0.03655369207262993,0.6251926952041685,0.8909048851993349,-0.05384069308638573,0.6487307434901595,0.8629899298151334,-0.06454776972532272,0.6738048715516924,0.8504206993513637,-0.07370845973491669,0.6352378076873719,0.7951197533143891,-0.04634353518486023,0.6288484985940158,0.713596749636862,-0.06991652399301529,0.6276739657856524,0.6646949781311883,-0.08794813603162766,0.6284134172834456,0.6235416010022163,-0.10120365768671036,0.6587052346207202,0.7887975805335574,-0.044089626520872116,0.6597959629260004,0.6986180444558462,-0.06050703302025795,0.661244204826653,0.6493975164161788,-0.07588673382997513,0.6619735728949309,0.6024459513525168,-0.08859600871801376,0.6772716666571796,0.8000258397724893,-0.045205406844615936,0.683094996586442,0.7252335349718729,-0.060625024139881134,0.6861295486800373,0.6799154380957285,-0.07454407215118408,0.6879341464489699,0.6382764453689257,-0.08553805947303772,0.6966069041751325,0.8309127994709544,-0.050006203353405,0.7057668782770634,0.7780198363794221,-0.061498016119003296,0.7128499273210764,0.7452638621131579,-0.06700515747070312,0.716476936917752,0.7186259511444304,-0.07217705994844437
257,8.574407630522089,0,Left,0.9728510975837708,0.32190169775858524,0.9725417900416586,5.061948513684911e-07,0.3467353419167921,0.9331566012567944,-0.03703019395470619,0.35984423947520555,0.8767731553978391,-0.05571526661515236,0.35135074784047904,0.8271101853913732,-0.0714026540517807,0.33524805400520563,0.791247684094641,-0.08621688932180405,0.34031430094037207,0.7764750628007783,-0.03658128157258034,0.35239430316723885,0.6990969032049179,-0.060898832976818085,0.356191278854385,0.6471164657009972,-0.07902584224939346,0.3571547765750438,0.6040797486073441,-0.09243868291378021,0.31385773622896523,0.7756665224830309,-0.036425087600946426,0.30647441612090914,0.6897176512413554,-0.05765719711780548,0.300746290711686,0.6360031167666117,-0.07515501230955124,0.29540455957176165,0.5903504900634289,-0.08773108571767807,0.29238907794933766,0.7971306617061297,-0.040261268615722656,0.27687267314177005,0.7254551069604026,-0.06275299936532974,0.2664798351121135,0.6769280334313711,-0.08099469542503357,0.2587017198558897,0.6326366265614828,-0.09363266080617905,0.2750039668753743,0.8376861015955607,-0.04748371243476868,0.2516389163560234,0.7973553488651911,-0.07253644615411758,0.23483044714666904,0.7677335432834096,-0.08700176328420639,0.22076622195309029,0.7373489158021079,-0.09580540657043457
257,8.574407630522089,1,Right,0.8657193183898926,0.6420454915612936,0.9631004101700253,4.0453647898175404e-07,0.6221942332573235,0.9383240987857183,-0.03748776391148567,0.6145833324175328,0.9035425616635216,-0.05988036468625069,0.6363027984742076,0.8764452727304565,-0.07718522101640701,0.6615944290068001,0.8649973281555705,-0.09428787231445312,0.6270051488652826,0.8032848785320917,-0.04823126643896103,0.6227068530395627,0.7236718253956901,-0.07261572033166885,0.622728639934212,0.6751464191410277,-0.09132976830005646,0.6247359883971513,0.6336888521909714,-0.10540375113487244,0.6501906882971525,0.7987054900990592,-0.04729731008410454,0.6543701532296836,0.7114217463466856,-0.06618775427341461,0.6583190832752734,0.6611949743496047,-0.08404798805713654,0.6615753008518368,0.6138945759998428,-0.09817332029342651,0.669285498233512,0.8128074722157584,-0.049528397619724274,0.6778700147755444,0.7380189845959345,-0.06768543273210526,0.6831366457510739,0.6921319084035026,-0.0839841216802597,0.6864924922119826,0.6500858813524246,-0.09634117782115936,0.6876232320442796,0.8440504827433162,-0.05517832562327385,0.6998278811573982,0.7909315600991249,-0.06976671516895294,0.7087616896256804,0.7591765208376778,-0.07717868685722351,0.7148677807301282,0.7311699092388153,-0.0833061933517456
258,8.60777108433735,0,Left,0.9771923422813416,0.32919129030779004,0.9729075789451599,4.4707266511068156e-07,0.35512929209508004,0.9343684077262878,-0.035645026713609695,0.36992199562955647,0.8805887142817179,-0.053784288465976715,0.3608599031809717,0.8315310637156169,-0.06897398829460144,0.3465836389455944,0.7949140429496765,-0.08271778374910355,0.35420123080257326,0.7796860655148824,-0.03471606969833374,0.3658161694649607,0.7019019365310669,-0.059576135128736496,0.36886109514161947,0.6510497689247131,-0.07895854860544205,0.36981845286209136,0.6073120931784312,-0.09300070255994797,0.32739948702510446,0.7771917064984639,-0.03496430814266205,0.3209508082829416,0.6901448448499043,-0.05476927012205124,0.31412554837297646,0.6354922612508138,-0.07189010828733444,0.3074671093607321,0.5890462438265482,-0.08444822579622269,0.3056943343952298,0.7957042773564657,-0.039158567786216736,0.2915126552572474,0.7231386502583822,-0.059697218239307404,0.2806735782767646,0.6747231006622314,-0.07629324495792389,0.27221195489400996,0.630470585823059,-0.08790060132741928,0.287510093615856,0.8330329418182373,-0.04681394621729851,0.26469048296567055,0.7905894557634989,-0.06930114328861237,0.2488217101432383,0.76086901028951,-0.08131080865859985,0.2357800246682018,0.72967689037323,-0.08831809461116791
258,8.60777108433735,1,Right,0.9070302844047546,0.6332652349956334,0.9765562772750854,3.3395460263818677e-07,0.6092360247392208,0.9563352982203166,-0.036797769367694855,0.5970109771937132,0.9235997319221496,-0.059272732585668564,0.616375951981172,0.8943756580352783,-0.0767694041132927,0.6402095295954495,0.881956140200297,-0.09358029067516327,0.6080126475542784,0.8220970312754313,-0.04820079356431961,0.5989282776135951,0.7431223273277283,-0.07281641662120819,0.5961061268579215,0.6936604460080464,-0.09199618548154831,0.5957856971770525,0.6521788438161215,-0.10674268752336502,0.6323692525736988,0.8140790740648906,-0.04770858958363533,0.6314429325517267,0.7250184456507365,-0.06924130022525787,0.6329241254832596,0.6738331198692322,-0.08815724402666092,0.6344537149649113,0.6255937218666077,-0.10305964946746826,0.6524606782477349,0.824995752175649,-0.05015992373228073,0.6572265895549207,0.7470321933428447,-0.0703166201710701,0.6592394264880568,0.6996853550275167,-0.08626951277256012,0.6598634116817266,0.6578306436538697,-0.09818302094936371,0.6728931416291744,0.8537951389948527,-0.055829133838415146,0.6832203838042915,0.797006356716156,-0.07109884172677994,0.6898687701206654,0.7620786865552266,-0.07854099571704865,0.6939729627221822,0.7308244109153748,-0.08476603776216507
259,8.64113453815261,0,Left,0.9856368899345398,0.33371081480290743,0.9761749943097432,4.5560588546322833e-07,0.362423271080479,0.9493471503257751,-0.036469072103500366,0.3837216882035136,0.896991487344106,-0.05428093299269676,0.37650728239677844,0.8462829510370891,-0.0686841532588005,0.3661722389981151,0.8074896057446798,-0.08196243643760681,0.37392381390091034,0.7946435650189717,-0.037101395428180695,0.39309368275571616,0.7220685839653015,-0.06421384960412979,0.40230222495738416,0.6728827754656473,-0.08445949852466583,0.4096657666377723,0.6325607577959697,-0.098537378013134,0.34814582786057147,0.7855312824249268,-0.03705403953790665,0.35166835447307676,0.6962482134501139,-0.059103839099407196,0.3523141197161749,0.6431215922037761,-0.07674653828144073,0.3534816036000848,0.596727196375529,-0.0894465297460556,0.32560834446921944,0.7983163913091024,-0.04122498258948326,0.3196904834592715,0.7200116316477457,-0.06518585234880447,0.3155138285132125,0.6680227835973104,-0.08329196274280548,0.3134318265132606,0.6213533639907837,-0.09548299014568329,0.3044738403754309,0.8308618625005086,-0.048539310693740845,0.2861634473898448,0.7816715955734252,-0.07331068813800812,0.27366483528167007,0.7483881672223409,-0.08620326966047287,0.2632089168764651,0.7131678581237793,-0.09400242567062378
259,8.64113453815261,1,Right,0.925883412361145,0.630464289104566,0.984281333287557,3.9235555959749036e-07,0.6048764570616185,0.9735063195228577,-0.04582161083817482,0.5880671413615346,0.9447950522104899,-0.0744972676038742,0.6035138403065503,0.9131811300913493,-0.09723231196403503,0.6264663066249341,0.8969233433405558,-0.11928753554821014,0.594706442952156,0.8365175088246664,-0.059751108288764954,0.5790786972735077,0.7621689041455587,-0.0880541056394577,0.5713843351230026,0.7126845558484395,-0.1093253642320633,0.5666917554568499,0.6699545939763387,-0.12558408081531525,0.6178272696211934,0.8218206524848938,-0.056511737406253815,0.6092069078236818,0.7361447135607402,-0.08039619028568268,0.6052881266456097,0.6844694415728251,-0.09967826306819916,0.6018067067489028,0.6367793917655945,-0.11481162160634995,0.6391994307748974,0.8282301664352417,-0.05679647624492645,0.637150438176468,0.7512298901875814,-0.0790635347366333,0.635267963213846,0.703750216960907,-0.09458229690790176,0.6323345737997442,0.661332082748413,-0.1061994805932045,0.6612384775187821,0.850843091805776,-0.06120231747627258,0.6682063493411988,0.7936352610588073,-0.07900781184434891,0.6721275756601244,0.7577348669370015,-0.08736923336982727,0.6741391824092716,0.7252588947614034,-0.09399990737438202
260,8.674497991967872,0,Left,0.984154224395752,0.3313050196506083,0.9747907837231954,4.963961259818461e-07,0.3614369112998247,0.9566560427347819,-0.03572702780365944,0.3857332755811512,0.9095273176829021,-0.051901333034038544,0.38085574652068316,0.8573456207911173,-0.06423360854387283,0.3715675611048937,0.8163611769676209,-0.07495798170566559,0.3824874324724078,0.7999390403429667,-0.03037925809621811,0.4065852849278599,0.7318871339162191,-0.05375618115067482,0.41907793981954455,0.687558388710022,-0.07220101356506348,0.4293297299183905,0.6497640808423361,-0.08490534871816635,0.35871235467493534,0.7854592045148213,-0.028986675664782524,0.37197810392826797,0.7004213015238444,-0.04654684662818909,0.37751154345460236,0.6481768369674683,-0.061887431889772415,0.38249722588807344,0.6042149722576141,-0.07287173718214035,0.33567618299275637,0.7919599413871765,-0.032018356025218964,0.3400549752637744,0.7123650789260865,-0.05164309963583946,0.3430127642117441,0.662656017144521,-0.06628955155611038,0.3472448149230331,0.6194588820139567,-0.07593753188848495,0.3112971778959036,0.8173856536547343,-0.038390710949897766,0.30019013164564967,0.7627751628557841,-0.059806112200021744,0.29327438343316314,0.725059445699056,-0.07035859674215317,0.28867628606967627,0.686283540725708,-0.07608821243047714
260,8.674497991967872,1,Right,0.927903950214386,0.6296584118157625,0.9833747426668803,5.312029998094658e-07,0.6059720070101321,0.9691621939341227,-0.03957265615463257,0.5891344997100532,0.9395643552144368,-0.06692005693912506,0.60395342791453,0.9099893768628439,-0.08978118002414703,0.6280033955350518,0.892423129081726,-0.11258747428655624,0.5937862657010555,0.8274189511934916,-0.05181813985109329,0.5788331393152475,0.7546160658200581,-0.07929206639528275,0.5716340562328697,0.7064971764882405,-0.10029985010623932,0.5673274016939104,0.6643979946772257,-0.11564869433641434,0.6170321797020734,0.8141193747520447,-0.050931207835674286,0.6109736392274498,0.7295785864194234,-0.07229965925216675,0.6080595303326846,0.6766857703526815,-0.09001651406288147,0.6056544661521912,0.6295339663823446,-0.10335511714220047,0.6389346570707858,0.8212508042653401,-0.053375955671072006,0.6382768659852445,0.7452284097671509,-0.07237067073583603,0.6362874187529087,0.6987989584604899,-0.08617187291383743,0.6336918442510069,0.6582907795906067,-0.09632561355829239,0.6605942861177028,0.8433452844619751,-0.05959871783852577,0.6681493740528822,0.7875330289204915,-0.07531901448965073,0.6721047075465322,0.7524612466494243,-0.08174115419387817,0.674408715032041,0.7203851342201233,-0.08628591895103455
261,8.707861445783132,0,Left,0.9852818250656128,0.32471678699366746,0.9687255163987477,4.825661221730115e-07,0.357854280481115,0.9473770262466537,-0.03360316902399063,0.381352309579961,0.8975931855539481,-0.04819914698600769,0.37551167868077756,0.8448598347604275,-0.059922050684690475,0.36398813168052585,0.8050724892152681,-0.07070443034172058,0.37541339264716955,0.7913673255178664,-0.02976958639919758,0.399310325179249,0.7226477146148682,-0.051989227533340454,0.41176992021501063,0.6778503421280119,-0.06958800554275513,0.42138490758370606,0.638884672936466,-0.08246411383152008,0.3513128689024597,0.7766380112204286,-0.029965106397867203,0.3624737960519269,0.6912664314111073,-0.047264035791158676,0.3680870786309242,0.639531272980902,-0.06309837847948074,0.3731486383825541,0.5961665988382366,-0.07514121383428574,0.32829156576190144,0.7845787885288398,-0.03429091349244118,0.3321118706371635,0.7078119933605194,-0.052759356796741486,0.334367536008358,0.6572443448007107,-0.069350965321064,0.3381159576354548,0.6126511480245326,-0.08150645345449448,0.3049277463229373,0.8116977728903294,-0.041873522102832794,0.29416879123309625,0.7591606576409605,-0.06254367530345917,0.287312435999047,0.7220249350700113,-0.07467091083526611,0.28314042694401,0.6855100724432204,-0.08253292739391327
261,8.707861445783132,1,Right,0.897906482219696,0.6342323032673448,0.9728549265199238,5.122214474795328e-07,0.6091044466011226,0.9462182418339782,-0.0335257425904274,0.5977957754395902,0.9123823128640651,-0.05466202273964882,0.6171484952326864,0.8816307895713382,-0.07147491723299026,0.6438496123533696,0.8695817613767253,-0.08835993707180023,0.6073539437260479,0.8105245478451252,-0.044560909271240234,0.5974091105163097,0.7314261794918113,-0.0660586953163147,0.5931270358618349,0.6846511383851369,-0.08287738263607025,0.5910320909228176,0.6438355412748125,-0.09601966291666031,0.6312891216017306,0.8017226987414889,-0.045367538928985596,0.6289005964063108,0.7137018954588308,-0.061957381665706635,0.6287513945717365,0.6632644743555122,-0.07877715677022934,0.6284045767970383,0.6179043752865658,-0.09277481585741043,0.6521588766947388,0.8132067971759372,-0.04879450425505638,0.6561382642015815,0.7361341310871972,-0.06518011540174484,0.6574549478944391,0.6884315301974614,-0.08128958195447922,0.6573667586315424,0.64622897795505,-0.09405303001403809,0.6724156264215708,0.8413200474447674,-0.05520270764827728,0.6830018295440823,0.7855285109745131,-0.06966662406921387,0.6898127763066441,0.7523150997857253,-0.07676128298044205,0.6939401058014483,0.724077380862501,-0.08280203491449356
262,8.741224899598393,0,Left,0.9770702719688416,0.3205721743404865,0.9680235028266907,4.878147024101054e-07,0.3486807934939861,0.9340287804603576,-0.02980184555053711,0.3704924799501896,0.8791694045066833,-0.04369819536805153,0.36712446361780166,0.8258381764094035,-0.05620618909597397,0.35125433579087256,0.7873958230018616,-0.0678645595908165,0.35791396275162696,0.7764084219932557,-0.024389078840613365,0.37738100737333297,0.7027820388476054,-0.04685164988040924,0.3884295292198658,0.6562272707621256,-0.06470659375190735,0.39687455743551253,0.6159153064092,-0.07714720815420151,0.3334588475525379,0.768435267607371,-0.026644911617040634,0.339855245500803,0.6819567243258159,-0.04368215426802635,0.3421827882528305,0.6266172369321187,-0.058670464903116226,0.3438689850270748,0.5823940296967824,-0.06938964128494263,0.31116129010915755,0.7833450357119243,-0.03296663984656334,0.30805959478020667,0.7073419173558553,-0.05068528279662132,0.305796555429697,0.6556728084882101,-0.0646166130900383,0.3054703131318092,0.6105448246002197,-0.07443959265947342,0.2902064763009548,0.8184085567792256,-0.04261070862412453,0.2741528499871492,0.772617491086324,-0.06233566999435425,0.26283977665007113,0.7371023575464885,-0.07199589163064957,0.25393913611769675,0.7024918476740519,-0.07739508152008057
262,8.741224899598393,1,Right,0.9214968085289001,0.6453334271907807,0.9629141887029012,4.632017578387604e-07,0.6205926567316056,0.9368844469388325,-0.03538748621940613,0.6094225972890854,0.90054349899292,-0.055522143840789795,0.6305596709251404,0.8667214314142863,-0.07031815499067307,0.6588697910308838,0.8536699096361796,-0.08417339622974396,0.6217989429831505,0.7969499707221985,-0.04234156757593155,0.6162889033555985,0.7171300013860067,-0.06325359642505646,0.6157400190830231,0.6698049306869507,-0.0800696611404419,0.6170502781867981,0.629176527261734,-0.09342815726995468,0.6461897596716881,0.7907554666201274,-0.040588926523923874,0.6484389781951905,0.7014217376708984,-0.05687597021460533,0.651993352174759,0.6542773644129435,-0.07281722128391266,0.654662224650383,0.6102442741394043,-0.08647694438695908,0.6658094853162766,0.803723152478536,-0.041947390884160995,0.6738188222050667,0.7287254095077514,-0.0575856976211071,0.6780087679624558,0.6846531550089519,-0.07178511470556259,0.6811791390180588,0.6457541624704997,-0.08351438492536545,0.6856053799390793,0.8341384132703146,-0.046681758016347885,0.6973576277494431,0.7814481496810913,-0.05927704647183418,0.7060175865888596,0.7507109642028809,-0.06573084741830826,0.7121925532817841,0.7239972472190856,-0.07196169346570969
263,8.774588353413655,0,Left,0.9767019748687744,0.31929574264213445,0.9619824647903442,4.618975140147086e-07,0.34587596720084546,0.9255068461100261,-0.03236304968595505,0.36144575383514166,0.8715436140696208,-0.04801977425813675,0.35544058587402105,0.8201326131820679,-0.061486147344112396,0.344826357671991,0.7789486328760783,-0.07379522174596786,0.3471533039584756,0.7698275645573934,-0.02901805192232132,0.3609244864899665,0.6936701496442159,-0.05106383562088013,0.3670143648516387,0.6438507636388143,-0.0681837722659111,0.3698184404987842,0.6003722230593364,-0.08065874129533768,0.3208652683533728,0.7648636738459269,-0.030389443039894104,0.31836047526448963,0.6764033595720927,-0.04829902574419975,0.3147723123431206,0.6208683788776398,-0.0636940598487854,0.3108517070766538,0.5745391110579173,-0.07486842572689056,0.29868752625770867,0.7828224817911784,-0.03571968525648117,0.28807585025206206,0.7084513227144877,-0.05493559315800667,0.28093692534603176,0.6574122945467631,-0.07044517993927002,0.27586008128710093,0.6104114651679993,-0.08134699612855911,0.27933662314899266,0.8201622486114502,-0.04432090371847153,0.2587602716870606,0.775538460413615,-0.06659026443958282,0.24400605254340918,0.7430509487787883,-0.07831893116235733,0.23213769192807376,0.7107342123985291,-0.08501510322093964
263,8.774588353413655,1,Right,0.9218884706497192,0.6436275829561054,0.9578062295913696,4.6057959934842074e-07,0.623837476875633,0.9350891431172689,-0.0391923263669014,0.6138405236415565,0.8984606266021729,-0.0634201243519783,0.6337862011045218,0.8665975570678711,-0.08272387832403183,0.6587391752749682,0.8495897491772969,-0.10204845666885376,0.6262875478714705,0.795014226436615,-0.051109299063682556,0.6211602604016662,0.7176611224810282,-0.076710045337677,0.6209133354015648,0.6691914161046346,-0.09644275158643723,0.6227137598209083,0.6274142901102702,-0.11128602921962738,0.6498377148061991,0.7887086113293965,-0.048810504376888275,0.6541610979475081,0.7021532694498698,-0.06755193322896957,0.658924547303468,0.6541651169459025,-0.08489451557397842,0.6631137524731457,0.6092333475748698,-0.09924926608800888,0.6696419705636799,0.8015304366747539,-0.049712710082530975,0.678243022505194,0.7279952327410381,-0.06671077758073807,0.683165083359927,0.6834763924280802,-0.08161954581737518,0.6865718526765704,0.6440273523330688,-0.09396019577980042,0.6883190187625587,0.8303963939348856,-0.05430776625871658,0.7010727569460868,0.7806355794270833,-0.06828818470239639,0.7096249793656171,0.7496121366818745,-0.07575499266386032,0.7159929345361888,0.7213707526524862,-0.0825696811079979
264,8.807951807228916,0,Left,0.9697575569152832,0.31688999980688093,0.9649790273772345,4.6974318479442445e-07,0.34416287252679467,0.9316079068515036,-0.038880109786987305,0.36082693971693514,0.8787106461822987,-0.05747394636273384,0.35436566863209007,0.8257669650846058,-0.07232817262411118,0.34022283712401985,0.7872040699753496,-0.0859152153134346,0.3474216045811772,0.7712853664325343,-0.03695220872759819,0.3614623360335827,0.6938186488217778,-0.05993560329079628,0.3667305061593652,0.6440315130684111,-0.07723105698823929,0.3691121118143201,0.6025847050464815,-0.08999916911125183,0.3211253265850246,0.7664987633625666,-0.03505302593111992,0.3167558556422591,0.6784740258422163,-0.05445438623428345,0.311821452062577,0.6227999038994312,-0.0710638090968132,0.30672703180462124,0.5760244905120797,-0.0833941325545311,0.29901510453782976,0.7851797013647026,-0.03737986087799072,0.2869214650709182,0.7119988592962424,-0.05851048231124878,0.27856437442824244,0.6610072010093265,-0.07642121613025665,0.2723688155412674,0.6142881052361594,-0.08905953168869019,0.27889698264189067,0.8230442317823569,-0.043221473693847656,0.25747796073555945,0.777757644156615,-0.06716426461935043,0.242801795899868,0.7454029558433427,-0.0812147855758667,0.23123526256531476,0.711989706589116,-0.09000776708126068
264,8.807951807228916,1,Right,0.933370053768158,0.6442947246134281,0.9611508747769727,3.530024059728021e-07,0.6210461953654886,0.9387688710457749,-0.03424623981118202,0.6095765912905335,0.9036896101302571,-0.05595806613564491,0.6281259233132005,0.8723309027651945,-0.07384953647851944,0.6514129647985101,0.8535492849846681,-0.09138783812522888,0.6202848095446825,0.7994269629319509,-0.040177516639232635,0.6125120095908642,0.7219318675498168,-0.06292366981506348,0.61060585770756,0.6744843651851018,-0.08084435760974884,0.6110412053763866,0.6337488188511795,-0.0945747122168541,0.6438649740070105,0.7909155146115356,-0.040158212184906006,0.6447174325585365,0.7054537102580071,-0.05790290609002113,0.6457558173686266,0.6556323284904162,-0.07478286325931549,0.6467551710084081,0.6103085169361697,-0.08819638192653656,0.664773560501635,0.8027625772688124,-0.04330180212855339,0.6710680317133665,0.728053627245956,-0.059895891696214676,0.6738908044993878,0.682131342507071,-0.07385845482349396,0.6754942331463099,0.6409989453024334,-0.08500971645116806,0.6841876942664384,0.8313246289889018,-0.04971345514059067,0.6949898764491081,0.7804821291731463,-0.06365226954221725,0.7017226606607437,0.7486973611017068,-0.07005323469638824,0.7068688444793224,0.7193019751045439,-0.07543772459030151
265,8.841315261044176,0,Left,0.9703930616378784,0.3185405687429011,0.9702902634938558,4.412533769482252e-07,0.34694360876455904,0.9428873260815939,-0.03559305518865585,0.3668077539652586,0.8873502254486084,-0.051369260996580124,0.36097356379032136,0.8346107880274455,-0.06385919451713562,0.34603309938684107,0.796953554948171,-0.0753210186958313,0.3563316658139229,0.7846946279207866,-0.03345348685979843,0.37417200887575747,0.7109664003054301,-0.05753923952579498,0.38159742932766677,0.6613486925760905,-0.07634052634239197,0.3868996173143387,0.6195543885231019,-0.08990457653999329,0.3294483570381999,0.77490260998408,-0.033329740166664124,0.33096036994829775,0.6877432386080424,-0.05241658166050911,0.3297365687787533,0.6320837279160817,-0.06936948746442795,0.3285281679593027,0.5860828538735707,-0.08187223970890045,0.3061515137553215,0.7890806277592977,-0.03724488243460655,0.2999804227612913,0.7136971871058146,-0.05804106593132019,0.2951667055487633,0.6618580023447672,-0.07585366815328598,0.29228155529126526,0.6154066522916158,-0.08851518481969833,0.2849183718673885,0.8233373920122783,-0.04445096105337143,0.2674587152898312,0.7778206507364909,-0.06792578101158142,0.2549249188043177,0.7452589631080627,-0.08117011189460754,0.24471081821247936,0.711102819442749,-0.08932077139616013
265,8.841315261044176,1,Right,0.9400939345359802,0.6395341882482171,0.9655468026796977,3.982272858138458e-07,0.6152357410639524,0.9480442841847737,-0.0390465222299099,0.6011009074747562,0.9160528818766276,-0.06370104104280472,0.618908143416047,0.8825659394264221,-0.08372415602207184,0.6435659563168883,0.8634888529777527,-0.10326738655567169,0.610938462242484,0.8074560801188151,-0.04575392231345177,0.6002747368067503,0.7313098112742106,-0.0705803781747818,0.5963291961699724,0.6835956772168478,-0.09041237831115723,0.5951445678249001,0.6420851389567057,-0.10575076937675476,0.6348139446228742,0.7963242173194885,-0.04433523863554001,0.6320514341816306,0.7114200671513875,-0.06370190531015396,0.6316772492602467,0.6615722258885701,-0.08105779439210892,0.631448895484209,0.6154539903004964,-0.09498956054449081,0.6559577899053692,0.8067484577496846,-0.046578213572502136,0.6595367005094885,0.7320853153864543,-0.06436536461114883,0.6610739387571811,0.6857925017674764,-0.0775936171412468,0.6617614699527621,0.6446150342623392,-0.08834917843341827,0.6769024839624762,0.8334963997205098,-0.052682798355817795,0.6856810830533504,0.7816063364346822,-0.06773890554904938,0.6911661501973867,0.7485216140747071,-0.07406184822320938,0.6951922884210944,0.7175939838091533,-0.0793844535946846
266,8.874678714859439,0,Left,0.9780963063240051,0.318857835046947,0.9759890673061212,4.456434794519737e-07,0.34703214913606645,0.9515956541730298,-0.03184259682893753,0.36937507772818207,0.8987371366884973,-0.04598941281437874,0.3639460519887507,0.849618699401617,-0.05745217576622963,0.3521320433355868,0.8126921696795357,-0.06802237033843994,0.3619611071422696,0.7965205372207694,-0.029921839013695717,0.3823098879307508,0.7229923265675704,-0.05378521978855133,0.3925637437030673,0.6750451947251955,-0.07222529500722885,0.4010650472715497,0.6347489804857307,-0.08520038425922394,0.33625390455126764,0.7848782462378343,-0.030963564291596413,0.3439506863243878,0.7006742635534869,-0.04984620586037636,0.34655188778415325,0.6450119511120849,-0.06682021915912628,0.3491504290141165,0.5983859626369343,-0.07927102595567703,0.3130698041059077,0.7956852927803993,-0.03586084768176079,0.3123041612096131,0.7175617325637076,-0.05633726343512535,0.3108376915566623,0.6658588583270709,-0.07385309040546417,0.3114343020133674,0.6198743873172337,-0.0862211361527443,0.29073466747067866,0.8266302158435186,-0.04368850216269493,0.2759965899400413,0.7791221054063903,-0.06706301867961884,0.26549470368772743,0.7441901716921064,-0.08026167750358582,0.2574902519583702,0.7072768610384729,-0.08821378648281097
266,8.874678714859439,1,Right,0.9283093214035034,0.6365661684423685,0.9712477408349514,4.0033407344708394e-07,0.6106361176818609,0.9508312604493565,-0.03549351170659065,0.5976404637098313,0.9202622301048703,-0.0580492727458477,0.6143017346039414,0.8877065875464015,-0.07586313784122467,0.6384006485342979,0.8701091716686885,-0.09311773627996445,0.6068999327719211,0.8142966504726145,-0.044208209961652756,0.5952394265681505,0.7377372594343291,-0.06858737766742706,0.5908039607107639,0.6903288373516665,-0.08869818598031998,0.5893072938546539,0.6485634305410914,-0.1042899340391159,0.6306090511381626,0.8038438575135337,-0.04412749409675598,0.6269760759547353,0.7158378002544245,-0.06352245062589645,0.6263682493939996,0.6660042680799961,-0.08152275532484055,0.6252386583015322,0.6184336615519391,-0.09608196467161179,0.6510210303589702,0.8133442667623361,-0.04722404107451439,0.6544287487864494,0.7369186369909181,-0.06505986303091049,0.6554254362359643,0.6903196756210592,-0.07898475229740143,0.6553313575685025,0.6493391237325139,-0.09004124999046326,0.6727112859487534,0.8403623848325676,-0.053790975362062454,0.6816532889381051,0.7847402531239721,-0.06768962740898132,0.6876581106334925,0.7508074715733528,-0.07334550470113754,0.6913620132952929,0.7205641189383136,-0.0784393772482872
267,8.9080421686747,0,Left,0.972520649433136,0.3216363191604614,0.9813555291957325,4.641772193281213e-07,0.3495947991963476,0.9544820355872313,-0.029479851946234703,0.3704689097590744,0.9045023083686828,-0.04359791427850723,0.36599843404255805,0.8559022068977356,-0.055707454681396484,0.3521487602498382,0.8181764252483845,-0.06744083762168884,0.3625877053011209,0.8003451234764523,-0.0288798026740551,0.38411747603677215,0.7282416928145621,-0.05180475488305092,0.39451283039525153,0.6805724231733217,-0.06949498504400253,0.4022401175927371,0.6405668103032642,-0.0821031779050827,0.338267014361918,0.7888204952908887,-0.031495898962020874,0.34553355765528976,0.702097909235292,-0.05012477934360504,0.348439069907181,0.6461069524288178,-0.06726830452680588,0.3504537986125797,0.6018938584046232,-0.07968588918447495,0.31548959952779115,0.8008255908058749,-0.0375327467918396,0.31444858827162536,0.7235480945971277,-0.05786610394716263,0.31447094155009836,0.6691569940911399,-0.07662905752658844,0.31579045089893043,0.623160961849822,-0.08985983580350876,0.2931351421982981,0.8323368397023942,-0.046148329973220825,0.27810905063524843,0.7835959529711141,-0.07013487815856934,0.2677482880651951,0.7456638142466545,-0.08445839583873749,0.2598922535427846,0.7084819776316483,-0.09303435683250427
267,8.9080421686747,1,Right,0.9193333387374878,0.6354891993571072,0.9745037762655152,4.1290695662610233e-07,0.6111151989083737,0.9519467229644457,-0.03634358569979668,0.5995968172792345,0.9194873222046428,-0.0582989826798439,0.6159168703015894,0.8864891244305505,-0.07499638944864273,0.638747954601422,0.8676395181152555,-0.09077329188585281,0.606985709676519,0.8141470524999831,-0.0457562655210495,0.5953432151582092,0.7364312765498956,-0.07010404765605927,0.5907712318003178,0.6885576566888226,-0.08965417742729187,0.5889716309029609,0.6470459861887826,-0.10451146960258484,0.630310257896781,0.8045656273762385,-0.04490940645337105,0.627194081293419,0.7158981367945672,-0.06467913091182709,0.6268194389063865,0.6664376179377238,-0.08264654874801636,0.6256553046405315,0.6190510967539417,-0.09688406437635422,0.6506225488614291,0.8141178658439053,-0.047214657068252563,0.6543456835672259,0.7361627942158117,-0.06537395715713501,0.6558762172237038,0.689871317976051,-0.08001969009637833,0.6559907912742347,0.6488142001960012,-0.09120283275842667,0.6721901509910821,0.8418278690841463,-0.0529637411236763,0.68155671460554,0.7845741640362475,-0.06663092225790024,0.6880928348284214,0.7505272971259223,-0.0726650133728981,0.6919377427082509,0.7211136046383116,-0.07791249454021454
268,8.94140562248996,0,Left,0.9812349081039429,0.3249430831056088,0.9803692034549183,5.315098405844765e-07,0.35218990640714765,0.9530152425169944,-0.03513156250119209,0.370123244356364,0.9056634922822316,-0.05265088751912117,0.36353384074755013,0.8617002299262417,-0.06754659861326218,0.35396590386517346,0.8234915378193061,-0.08157326281070709,0.3594422859605402,0.7973397704462211,-0.03519723564386368,0.37890296056866646,0.7249938593142562,-0.06096697226166725,0.38906200020574033,0.6773059171934922,-0.08026666194200516,0.3964264295063913,0.6365869545274311,-0.09366290271282196,0.33449411392211914,0.7882991491920418,-0.03614439815282822,0.33937708055600524,0.7025767623550362,-0.056957878172397614,0.3412119713611901,0.6460884544584486,-0.07491887360811234,0.3426229376345873,0.5984941583126784,-0.08775995671749115,0.31158583890646696,0.8024215206503869,-0.04114813357591629,0.30698331934399903,0.7263340459929573,-0.0632905513048172,0.30352930072695017,0.6739535527096854,-0.0819571390748024,0.30250113224610686,0.6273927434037129,-0.09475935995578766,0.2899013801943511,0.8366297212739785,-0.049337245523929596,0.2728988619055599,0.7893527482118872,-0.07389888167381287,0.26062547939363867,0.7544856446484725,-0.08758078515529633,0.25115608354099095,0.7196412709024217,-0.09565242379903793
268,8.94140562248996,1,Right,0.9197912812232971,0.6359818689525127,0.9710225803984536,4.4480287897386006e-07,0.6124101518653333,0.951306972404321,-0.03930766507983208,0.599059056956321,0.918454402519597,-0.06375063955783844,0.6162965032272041,0.8843091560734643,-0.08283990621566772,0.6408878909423947,0.8658068229754766,-0.10146979242563248,0.6085672220215201,0.8114937716888057,-0.051260121166706085,0.5974685959517956,0.7347314265039232,-0.07697422802448273,0.5935255205258727,0.6867444629470507,-0.09751475602388382,0.5922335600480437,0.6448134469489256,-0.11322968453168869,0.632136142347008,0.8018958990772566,-0.0495612658560276,0.6295600379817188,0.7143440891471174,-0.06969403475522995,0.6300891279242933,0.6643439007302125,-0.0882810652256012,0.6300979843363166,0.6165939860459831,-0.10348092764616013,0.6525792512111366,0.811677966101302,-0.05111755058169365,0.656611607875675,0.7355516195297241,-0.07023122161626816,0.658202821854502,0.689061988145113,-0.08635177463293076,0.6584129016846418,0.6484479927354388,-0.0990138053894043,0.6735850111581385,0.8381213818987211,-0.05629181116819382,0.6841268665157259,0.7818968009617594,-0.07216658443212509,0.6912871501408517,0.747940068029695,-0.08038049191236496,0.6958135655149817,0.7182109066181712,-0.08735527843236923
269,8.97476907630522,0,Left,0.9816252589225769,0.3224529742030427,0.9789282043774923,5.256200097392139e-07,0.34934436415787784,0.950311787923177,-0.035528890788555145,0.36781531730666756,0.9025921026865641,-0.053668681532144547,0.36106651697773484,0.8564358830451966,-0.06893646717071533,0.3502057212870568,0.8179096062978108,-0.08333849906921387,0.35588698158971965,0.7964233954747518,-0.03684588521718979,0.37342323653865606,0.7230065147082011,-0.06282881647348404,0.3816426738165319,0.6745054244995117,-0.08221952617168427,0.38728511284571143,0.6326001842816671,-0.09583631157875061,0.3305185482138768,0.7885984619458516,-0.03793816268444061,0.3333467778749764,0.7013683239618937,-0.05918087437748909,0.33335489488672465,0.6451062480608623,-0.07719641923904419,0.33313839924521743,0.5974836210409801,-0.09028351306915283,0.3076242556096986,0.8039153456687927,-0.04299960657954216,0.30075011854059996,0.728593361377716,-0.06577134132385254,0.2957876367261633,0.6766768972078959,-0.08433318138122559,0.2931589937652461,0.6312392711639404,-0.09710150212049484,0.2858553659869358,0.8391971985499064,-0.05121971294283867,0.267815937299747,0.7911300182342529,-0.07605583965778351,0.2544969558948651,0.7564240455627441,-0.08965430408716202,0.2439950185129419,0.7216856400171916,-0.09781283885240555
269,8.97476907630522,1,Right,0.9376423358917236,0.6380708455108106,0.9637290318806966,4.798792474502989e-07,0.6164773625321687,0.9475115895271301,-0.043091610074043274,0.6025003722403198,0.9159300128618876,-0.07128775864839554,0.6183809187728911,0.8828716913859049,-0.0941256433725357,0.6429612101055682,0.8618663350741068,-0.11668738722801208,0.6107859514653683,0.8066043893496195,-0.055442988872528076,0.5996728444937617,0.7311153888702393,-0.08273729681968689,0.5958518017083406,0.683407461643219,-0.10379815846681595,0.5947048013564199,0.6420442263285319,-0.1196984350681305,0.6342722639907151,0.7962461511294047,-0.052763037383556366,0.6323201136663557,0.7102635423342387,-0.0740487352013588,0.6324679116718471,0.6603679259618124,-0.09284240752458572,0.632422989141196,0.6142029643058777,-0.10791143029928207,0.6555177053436637,0.8064896941184998,-0.05358694866299629,0.659499684534967,0.7306074341138203,-0.07336404919624329,0.6611826236359775,0.6848900636037191,-0.08920862525701523,0.6615556102246046,0.6449958801269531,-0.10174068063497543,0.6761182852089405,0.8327850619951884,-0.058303236961364746,0.6861276225652546,0.7793713092803956,-0.07551547884941101,0.6924911797977984,0.7465655446052551,-0.08424775302410126,0.6968689308036119,0.716847852865855,-0.09133631736040115
270,9.008132530120482,0,Left,0.9787464141845703,0.31881447080522773,0.9817691842714945,5.116891088619013e-07,0.34575423412024975,0.9534271796544392,-0.03578103706240654,0.36430093795061114,0.903928275903066,-0.05382879823446274,0.3572999373078346,0.8562086780865987,-0.06874123960733414,0.34530088044703006,0.8173244595527649,-0.08284970372915268,0.3535936282947659,0.799526329835256,-0.03818756714463234,0.37128645461052656,0.7254279216130575,-0.0646715834736824,0.37909003868699076,0.6756661017735799,-0.08431672304868698,0.3844731166958809,0.6331660111745199,-0.09821170568466187,0.3277359189465642,0.7906987309455872,-0.03925929218530655,0.3300806311890483,0.7020202159881592,-0.06177137792110443,0.3294969193637371,0.6454555789629618,-0.08041954040527344,0.3288025973364711,0.5986491938432058,-0.09366711974143982,0.3044033093377948,0.8055010159810384,-0.044122364372015,0.2975056647323072,0.7292686382929484,-0.06780983507633209,0.292904076166451,0.6763268232345581,-0.08649937808513641,0.29063934944570063,0.630141798655192,-0.09920480847358704,0.2823559606447816,0.8405510306358337,-0.05206996574997902,0.26420311369001864,0.7920127431551616,-0.07748705893754959,0.2511468458920717,0.7564902226130168,-0.09108693152666092,0.2410765837877989,0.7209725538889568,-0.09911061823368073
270,9.008132530120482,1,Right,0.9429289102554321,0.6399773713201284,0.963492735226949,5.024054416935542e-07,0.6171745415776968,0.9480250954627991,-0.044022008776664734,0.6030189651995898,0.916262165705363,-0.07231859117746353,0.6203135441988706,0.8832078218460083,-0.09511382132768631,0.6442137312144041,0.859897764523824,-0.11731845140457153,0.6122109945863485,0.8053916533788045,-0.05451212823390961,0.6020556699484587,0.7297845045725505,-0.08209089189767838,0.59848712682724,0.6815754413604737,-0.10300080478191376,0.5978060483932495,0.6397306521733602,-0.11853810399770737,0.6359743732959032,0.7950116475423177,-0.051209136843681335,0.6349135126918555,0.7108980814615885,-0.07291227579116821,0.6356134537607432,0.6602864940961202,-0.09107270836830139,0.6364873141050339,0.6144542972246806,-0.10516279190778732,0.6573682148009539,0.8050827980041504,-0.05173724517226219,0.6618329498916864,0.7309880177179973,-0.07180407643318176,0.663848216459155,0.6856476465861002,-0.08659198135137558,0.6646688494831323,0.644827683766683,-0.09804167598485947,0.6776853684335947,0.8305154164632161,-0.0563521645963192,0.6885134965181351,0.7790032704671224,-0.0737297534942627,0.695051820576191,0.7469493627548218,-0.08185426145792007,0.6997088678181171,0.7164469877878825,-0.0880906879901886
271,9.041495983935743,0,Left,0.9761432409286499,0.3174689769046381,0.9872762481371562,5.014667294744868e-07,0.3439333642367274,0.9575544301834371,-0.03396562486886978,0.3624374480685219,0.9065146873394648,-0.05048300325870514,0.35600566626526414,0.857441594120529,-0.06410661339759827,0.3439271952258423,0.8188274175756507,-0.07678711414337158,0.35197569206357004,0.8017051549421417,-0.03409183770418167,0.37025271649472413,0.7272899674044715,-0.05892588943243027,0.3782975589623675,0.6777392692863942,-0.07752125710248947,0.3838194026146084,0.6360853867398368,-0.09056571871042252,0.32612769927363844,0.793207063443131,-0.03517661243677139,0.32879236824810504,0.7045106310811308,-0.05605629086494446,0.32904368760064245,0.6481067011753718,-0.07362457364797592,0.32891383082605896,0.6025269860608711,-0.08594720810651779,0.30290945089654997,0.8080804314878252,-0.040039077401161194,0.2963006492354907,0.7322841048240661,-0.06201816350221634,0.29253076849272475,0.6787860061559412,-0.07982741296291351,0.29089655047282575,0.6322901882645157,-0.09189771860837936,0.28100758079672233,0.8428255091110866,-0.04793139174580574,0.26315610052552074,0.7936749025351472,-0.07189121097326279,0.2507301115547307,0.7573936152789328,-0.08470802009105682,0.24138473847415298,0.7213995653722022,-0.09206561744213104
271,9.041495983935743,1,Right,0.9300265908241272,0.6413305968046188,0.9640283282432291,4.781226152772433e-07,0.6180527297314257,0.946471114953359,-0.04159950837492943,0.6048895077779889,0.9151637328167757,-0.06852064281702042,0.6216832559555769,0.8827674850821495,-0.09021579474210739,0.645631211483851,0.8615046516060829,-0.11149587482213974,0.6141721505206078,0.8082559532589383,-0.05232775956392288,0.6040626070462167,0.7319706793460581,-0.0787787064909935,0.600610783137381,0.6837021922899618,-0.09912145882844925,0.5998577296268195,0.6419965903792116,-0.11441413313150406,0.6377231184393167,0.7984863799479273,-0.04969560354948044,0.6362051437608898,0.7132222565511862,-0.07046446949243546,0.6369858764111995,0.663281845798095,-0.08853256702423096,0.6376139215193689,0.6170053644312753,-0.10282085090875626,0.6586491269990802,0.8085786628226439,-0.05056097358465195,0.6629883839283138,0.7350002254048983,-0.06950399279594421,0.6650562146678567,0.6897104846934478,-0.08389738202095032,0.665959278261289,0.649539209322797,-0.09526374191045761,0.6789771575946361,0.8341733105480671,-0.0553140826523304,0.6891489700879901,0.7817346924708949,-0.07096873223781586,0.6957523806486279,0.7498346178068055,-0.07801197469234467,0.7004080119542777,0.7202903360956245,-0.08383941650390625
272,9.074859437751003,0,Left,0.9751524925231934,0.3164351259823889,0.9917956271933185,5.045875468567829e-07,0.3424726384691894,0.9636648475295968,-0.03473595157265663,0.36193829234689473,0.9162745824290647,-0.0530049204826355,0.3568795329891145,0.8704714580542512,-0.06857693940401077,0.3461379611399025,0.8331458863284853,-0.08342063426971436,0.35071026301011443,0.8057857295705213,-0.03593965247273445,0.3688295409549028,0.7315878421896034,-0.062062911689281464,0.3767154053784907,0.6826094291276402,-0.08178843557834625,0.38234344045631585,0.6408249124884605,-0.09570550918579102,0.3249149558134377,0.797978207634555,-0.037452831864356995,0.32793117337860167,0.7103134911921289,-0.05966855585575104,0.3285609324928373,0.6539096926649411,-0.07839865982532501,0.3290746700018644,0.6076332112981213,-0.09178087115287781,0.30147292180918156,0.8136962523063024,-0.04280846565961838,0.29534679991193113,0.7373011897007624,-0.06617999076843262,0.2918595310067758,0.6837716039684084,-0.08488519489765167,0.29085065023973583,0.637004555016756,-0.09767242521047592,0.27951114596799015,0.8491530514425701,-0.05121973156929016,0.26218307921662926,0.799583391017384,-0.07642927765846252,0.25000814693048595,0.7627141846550836,-0.09008843451738358,0.24113062836695462,0.7254622287220425,-0.09815927594900131
272,9.074859437751003,1,Right,0.9249070286750793,0.6416816890239716,0.970721278174056,4.389723926578881e-07,0.6183363668620586,0.9506951987743377,-0.03768332302570343,0.6061344806104898,0.9195668418374326,-0.06188878044486046,0.6230316824279726,0.8871834254099263,-0.08111364394426346,0.6479383420199156,0.8710205328961214,-0.10006528347730637,0.6151731523685158,0.8154299239317576,-0.048922598361968994,0.6051272210665047,0.737952301899592,-0.07482139021158218,0.6017327966168523,0.6896926172077655,-0.09538719058036804,0.60112473834306,0.6480573904183176,-0.11093541979789734,0.6388659415766597,0.8062547510696783,-0.047781702131032944,0.6369478988461197,0.7181351144280699,-0.06783106923103333,0.6378850201144814,0.6677565561400519,-0.08604023605585098,0.6383574390783906,0.6199616888331042,-0.1005903109908104,0.6591147458180785,0.8167850938936074,-0.04975628852844238,0.6634669417515398,0.7414866482218107,-0.06809105724096298,0.6659172890707851,0.6955067320830293,-0.08249815553426743,0.6671485853381455,0.6552093332840336,-0.09384352713823318,0.6799192944541573,0.8439935084018443,-0.05527384951710701,0.6895166813395918,0.7897300857636663,-0.06980069726705551,0.6963417586870492,0.7572257134649488,-0.07593009620904922,0.7009229908697308,0.7281391546958023,-0.08124435693025589
273,9.108222891566266,0,Left,0.9793493747711182,0.3141113519668579,1.0024378607670466,5.087920840196603e-07,0.3418609304353595,0.973083640055524,-0.03820350021123886,0.36162419244647026,0.9256050885551506,-0.05887779965996742,0.3592207389883697,0.876907694256968,-0.07653822749853134,0.3562713358551264,0.8347887315683895,-0.09321673214435577,0.34887602599337697,0.8149337508612209,-0.039099451154470444,0.3644593097269535,0.73836194028457,-0.06603312492370605,0.3715561470016837,0.6886748274167379,-0.08624193072319031,0.37695671198889613,0.6463570451570881,-0.10062170028686523,0.3229883825406432,0.8072508196036021,-0.0397101566195488,0.3255773847922683,0.7184483647346497,-0.062384091317653656,0.3257863246835768,0.6612005902661218,-0.08173516392707825,0.32642256980761886,0.6126450848248269,-0.0957195982336998,0.2998894373886287,0.822732295261489,-0.044553253799676895,0.293091808212921,0.7457551379998525,-0.06871584057807922,0.28914767503738403,0.691882479025258,-0.08856512606143951,0.28814665228128433,0.6445488380889098,-0.10240990668535233,0.2782496027648449,0.8586566707326306,-0.05267757549881935,0.2601237902417779,0.8093005880713463,-0.07902979850769043,0.24765174952335656,0.7729580346080992,-0.09388655424118042,0.2384299817495048,0.7367076651089721,-0.10297008603811264
273,9.108222891566266,1,Right,0.9059200286865234,0.6396340001374483,0.9815543610188696,4.0454108329868177e-07,0.6179077019914985,0.9602995854285028,-0.03669211268424988,0.606669332832098,0.9277661346726948,-0.06038260459899902,0.6240244740620255,0.8957578916516569,-0.07945007085800171,0.6488183839246631,0.8807834059000015,-0.09871117025613785,0.6157576823607087,0.8264877955118816,-0.048303112387657166,0.6060603652149439,0.7493930544290278,-0.07319905608892441,0.6025527901947498,0.7015882899363836,-0.09297482669353485,0.6017129989340901,0.6600936382181115,-0.10820399969816208,0.6390253230929375,0.81789559316304,-0.048137251287698746,0.6374710137024522,0.7301664136350154,-0.0681471899151802,0.6384290317073464,0.6789572800199191,-0.08709225058555603,0.6390967313200235,0.6300766783042087,-0.10224936157464981,0.6591245960444212,0.829594679756297,-0.050889745354652405,0.6636911993846297,0.7534103483789497,-0.07019319385290146,0.666575931943953,0.7056728935076131,-0.08663257956504822,0.6681157490238547,0.6631191553341018,-0.09927152842283249,0.679627038538456,0.8582313107119666,-0.056885041296482086,0.6895666206255555,0.8021217563913928,-0.07284310460090637,0.6968543641269207,0.7684411517447896,-0.08052574098110199,0.7018566811457276,0.7381545811063713,-0.08695096522569656
274,9.141586345381526,0,Left,0.9721894264221191,0.31351228887215254,1.0132432669401168,4.917861815556535e-07,0.341550463065505,0.9826973482966423,-0.038984622806310654,0.3598561726044863,0.9346907034516334,-0.060870058834552765,0.36261777663603423,0.8876941353082657,-0.08005709201097488,0.3706799468025565,0.8463344000279903,-0.09845343977212906,0.34665052285417913,0.8268014296889306,-0.040654897689819336,0.3609119782689959,0.7514387093484401,-0.06845101714134216,0.36852732487022877,0.7034691214561463,-0.0896359384059906,0.3751398861408234,0.66238729134202,-0.10500533133745193,0.3205502989236265,0.8204803839325905,-0.041376564651727676,0.32082384182140233,0.7337710708379745,-0.06513964384794235,0.3210658297408372,0.6782724596560001,-0.08594511449337006,0.32233315519988537,0.629736753180623,-0.10138928145170212,0.2973138704197481,0.8375779256224632,-0.046361252665519714,0.28990566902793946,0.761790918558836,-0.07164088636636734,0.28631629929877817,0.7097377687692642,-0.09237688034772873,0.2857573486864567,0.6628588333725929,-0.10711716115474701,0.2759347657673061,0.8736597485840321,-0.05470246449112892,0.25767327304929494,0.8256815887987614,-0.08188929408788681,0.24521197299472988,0.7907961383461952,-0.09742363542318344,0.23604089531581848,0.7557186774909497,-0.10729323327541351
274,9.141586345381526,1,Right,0.9537903070449829,0.6472570857964456,0.9999980658292771,4.5687883698519727e-07,0.623225705511868,0.9896913096308708,-0.04307496175169945,0.6041822941973806,0.9577736683189869,-0.07137594372034073,0.6146901019848883,0.9243609130382537,-0.09488485008478165,0.6362421159632504,0.9029829196631909,-0.11804893612861633,0.6124377793632447,0.8439885146915913,-0.0541769340634346,0.6026533449999988,0.7699324585497379,-0.08267531543970108,0.5983926983550191,0.7218715250492096,-0.10373668372631073,0.5969632324762643,0.6799296043813229,-0.1192687600851059,0.6366549753583968,0.833256196975708,-0.05263637751340866,0.6356450711376965,0.7487735100090503,-0.0761457309126854,0.6363887324929237,0.6948923490941524,-0.09450539946556091,0.6377745430916548,0.6471819400787353,-0.10827501118183136,0.6586973413825035,0.8437570735812188,-0.054955095052719116,0.6632000665180385,0.7678994692862033,-0.07714249938726425,0.6655607846565544,0.7204607672989368,-0.09212079644203186,0.6669045340269804,0.6775608167052269,-0.10300929099321365,0.6796095609664917,0.8691714175045491,-0.061132483184337616,0.6900619754567743,0.8151325777173042,-0.07991935312747955,0.6966234546154737,0.7802657216787339,-0.08799021691083908,0.7018423437140882,0.7465385317802429,-0.09375666081905365
275,9.174949799196787,0,Left,0.9751836657524109,0.31417376950848847,1.0334811106324195,4.1447668763794354e-07,0.3414896479807794,0.9970612034201622,-0.0357678197324276,0.35973722003400327,0.9494278974831104,-0.05495163053274155,0.3657250535208732,0.9023611277341843,-0.07196617871522903,0.3756623404333368,0.8632402829825878,-0.08888057619333267,0.3441372126806527,0.855016628652811,-0.03505699336528778,0.35530276100616903,0.7853502169251442,-0.06252915412187576,0.3626263783313334,0.7425556346774101,-0.08483054488897324,0.36957114867400376,0.7049962811172008,-0.10099859535694122,0.3181765022687614,0.8500229954719544,-0.036381591111421585,0.3183122100075707,0.7702658392488957,-0.06025877594947815,0.3189203763380647,0.7179142996668816,-0.08171969652175903,0.3211097387596965,0.6710357159376145,-0.09765715152025223,0.2949695060844533,0.8676137946546078,-0.04204505309462547,0.28796535565052184,0.7962277732789517,-0.0671263039112091,0.28519672139082103,0.7483312882483005,-0.08714649826288223,0.2862372322473675,0.7033521041274071,-0.10133232921361923,0.2735946371103637,0.9034043490886688,-0.05088986083865166,0.25669227733742445,0.8606839686632156,-0.07732852548360825,0.24639638231601566,0.827235035598278,-0.09199383109807968,0.24055928570451215,0.7916887141764164,-0.10146081447601318
275,9.174949799196787,1,Right,0.9700555801391602,0.6432556531392037,1.0251749902963638,4.797427095581952e-07,0.6225444664712996,1.0096144109964371,-0.03248968720436096,0.6050494968425483,0.9806415446102619,-0.05673905462026596,0.6088813174981624,0.955755888670683,-0.07819248735904694,0.6257802495732904,0.9404753684997559,-0.10008757561445236,0.6117191239725799,0.8704389587044716,-0.04537464305758476,0.6021983432583511,0.7985317662358284,-0.07014507800340652,0.5976262853480876,0.7528825238347053,-0.08862142264842987,0.5951463778037578,0.7119305029511451,-0.1024983823299408,0.6355185118038207,0.8624395363032817,-0.04813100025057793,0.6341392134781927,0.7793088346719742,-0.06949080526828766,0.6349402946420014,0.7268918849527836,-0.08656713366508484,0.6360330847091973,0.6799347475171089,-0.09931547939777374,0.6577688348013908,0.8745872274041175,-0.05363607406616211,0.6627726553473622,0.7977377451956272,-0.07494320720434189,0.6659225368872285,0.7493813671171665,-0.08880802243947983,0.6675158253870904,0.705653327703476,-0.09851782768964767,0.6791586510837078,0.9005201488733292,-0.061854492872953415,0.6908861054573208,0.8448262304067612,-0.08017896860837936,0.6979350159876049,0.8077733218669891,-0.08684217929840088,0.7032389828469604,0.7718300119042396,-0.09125012159347534
276,9.208313253012049,0,Left,0.9868689775466919,0.3033933321479708,1.0502799994415708,3.938265251690609e-07,0.3338094674050808,1.0186628149615393,-0.032573409378528595,0.3549740261398256,0.9772305624352561,-0.052785053849220276,0.3626230457797647,0.9360130548477172,-0.07069632411003113,0.37005326761864127,0.8936114112536112,-0.08923200517892838,0.33546884944662453,0.8932563950618108,-0.04508805647492409,0.3450142016634345,0.8256799591912164,-0.07615441828966141,0.3554781332146376,0.7933837913804584,-0.09866750240325928,0.36669659581966696,0.7656405157513089,-0.11405856162309647,0.3123436315450817,0.8924379332198037,-0.04800545796751976,0.3138613421469927,0.8179148332940207,-0.075496144592762,0.31981979054398835,0.7739488899707794,-0.09929762035608292,0.3277562861330807,0.734225524465243,-0.11765619367361069,0.2919493987457827,0.9136214908626344,-0.054056137800216675,0.28510293206200005,0.8564801792303721,-0.08204671740531921,0.2868917046813294,0.8158123059405221,-0.10452619194984436,0.2928025317378342,0.7781616518894832,-0.12121590226888657,0.2728192844893783,0.9511379953887728,-0.06228097155690193,0.26312446808442475,0.9170527855555216,-0.08915401995182037,0.2570699303643778,0.8913578225506676,-0.10426969826221466,0.2529006005264819,0.866061168246799,-0.11555972695350647
276,9.208313253012049,1,Right,0.9808712601661682,0.6336973713710904,1.0710094041294522,3.582084104891692e-07,0.6118998885154724,1.0478371216191187,-0.022022146731615067,0.5976391951553524,1.010109043121338,-0.03718176484107971,0.602778913360089,0.9859910637140274,-0.051256291568279266,0.6166059439070523,0.9758359094460806,-0.06613874435424805,0.6127678331919014,0.9056632002194722,-0.0262954980134964,0.6049259976483882,0.837426718738344,-0.043586548417806625,0.6004858789034188,0.7960198339488771,-0.05793925002217293,0.5970019376836717,0.7598481277624766,-0.06901033967733383,0.6371334636583924,0.9017463071478737,-0.030838295817375183,0.6379893186502159,0.8212665895620982,-0.04511623457074165,0.639077244605869,0.7721447418133418,-0.05906062200665474,0.6398829929530621,0.7303538617160585,-0.06983772665262222,0.6591176447458565,0.9167732119560241,-0.037773143500089645,0.6667587988078594,0.8435516619020038,-0.053429581224918365,0.6710251465439796,0.7975350277291404,-0.06578440964221954,0.6734508397988975,0.7576520568794675,-0.07430002838373184,0.6789107889868319,0.9447303957409329,-0.04670094698667526,0.6930354369804264,0.8891632050275803,-0.06021207943558693,0.7015845919027924,0.8540461096498702,-0.06501469016075134,0.7078975921496748,0.8218873504135343,-0.06811530888080597
277,9.24167670682731,0,Left,0.9853342175483704,0.300757144857198,1.0585917207929822,3.111361195351492e-07,0.3337280920241028,1.027628019783232,-0.026196278631687164,0.35121558140963316,0.9909308579232957,-0.04619250074028969,0.3575877566356212,0.9610268765025669,-0.06536704301834106,0.3708594722673297,0.9301222347550921,-0.08711963146924973,0.334352742601186,0.9156832800971137,-0.0505501963198185,0.3394877864979208,0.8628185901376936,-0.08496391773223877,0.34949712892994284,0.8464906639522977,-0.1106371358036995,0.36504639526829125,0.84167792863316,-0.12786075472831726,0.311388960108161,0.9242083811097674,-0.05758676677942276,0.30587176540866495,0.8699611054526435,-0.08838026225566864,0.3163042151369154,0.8504554298188951,-0.11510781198740005,0.3339139334857464,0.840086367395189,-0.13605354726314545,0.29066619139630345,0.9541294505198796,-0.06652424484491348,0.2798851631116122,0.9174200452036327,-0.09797678887844086,0.28820119793526827,0.8989361256361008,-0.12430773675441742,0.30415539918467405,0.889131098985672,-0.14378926157951355,0.272932295082137,0.9973943458663093,-0.07672382891178131,0.2543921981938183,0.978582231203715,-0.10725146532058716,0.25848125936463473,0.9675651023785273,-0.12665991485118866,0.2711786965141073,0.9614707678556442,-0.14119283854961395
277,9.24167670682731,1,Right,0.9270617961883545,0.6536931208334863,1.0492819375462001,1.7450683742481488e-07,0.6274775611236691,1.036150258117252,-0.030121205374598503,0.5997771363705396,1.0177050948143005,-0.05328104645013809,0.5773745566606522,1.0009666164716085,-0.07398056983947754,0.5605150851421058,0.9778904318809509,-0.09603685140609741,0.6194298480637371,0.9524260686503516,-0.0545511431992054,0.6107825743965805,0.9000054462088479,-0.08136417716741562,0.606011014804244,0.8686621980534659,-0.09970089048147202,0.6032324882224203,0.8346628685792287,-0.11319155991077423,0.6449439866468311,0.9543164494964812,-0.057026803493499756,0.643213931657374,0.9020544634924994,-0.08043218404054642,0.6443929955363273,0.869677480061849,-0.09537353366613388,0.6476201036944985,0.8348714477486081,-0.10806291550397873,0.667170076444745,0.9695639126830631,-0.061653461307287216,0.6715246045030654,0.9279753138621648,-0.08898099511861801,0.6748719468712807,0.8986946917242474,-0.10103537142276764,0.6767219066619873,0.8673114981916216,-0.10921095311641693,0.6868332926183939,0.9933785802788204,-0.06809034943580627,0.6980121826753021,0.9630968574020597,-0.09199713170528412,0.7062507698312401,0.939411406715711,-0.09984097629785538,0.7129016431979835,0.9119433446062936,-0.10546350479125977
278,9.27504016064257,0,Left,0.9763911366462708,0.29294057881925256,1.0783483286698659,2.937353542620258e-07,0.32551812641322614,1.0442133009433747,-0.01373613066971302,0.3453277408145368,1.011456618540817,-0.031741347163915634,0.3592572666704655,0.9868939383162393,-0.05251655355095863,0.3738137984648347,0.9654762398865487,-0.07543563097715378,0.31848850431852044,0.9408458293312125,-0.034250129014253616,0.33735983637161554,0.9098485911885897,-0.0713273137807846,0.3563987722620368,0.9185522254970339,-0.0992562472820282,0.37306751012802125,0.9363969835142295,-0.1163988932967186,0.3023646361427382,0.9507807436916563,-0.04694389924407005,0.32328636599704624,0.9156167444255617,-0.08285391330718994,0.3472612612415105,0.9235603870617018,-0.10814169049263,0.36755429399199785,0.9441052246424887,-0.12422777712345123,0.2869840478990227,0.9763596436215771,-0.06169196218252182,0.2972351785749197,0.9471515010628435,-0.09596718102693558,0.3179560336750001,0.9511884493960274,-0.11761428415775299,0.3366567194927484,0.9653702981770038,-0.13047586381435394,0.2724971768213436,1.0120960634615686,-0.0769379660487175,0.2752841578796506,1.0007265456848675,-0.10629627853631973,0.2893887915881351,1.0044133701258235,-0.12116464227437973,0.3041773104807362,1.0157105245523983,-0.13043175637722015
279,9.30840361445783,0,Left,0.9799613952636719,0.29392211241647603,1.101459417740504,9.3235364317934e-08,0.3204004839062691,1.060923322207398,-0.007274150382727385,0.340515196043998,1.0178297999832364,-0.023771442472934723,0.3558262643404305,0.9875652848846382,-0.04106137156486511,0.3731059589423239,0.9617814731266764,-0.058615248650312424,0.3058115276042372,0.9700956249402629,-0.04128166288137436,0.3385392070747912,0.9601083353989655,-0.07021325081586838,0.3612671194598079,0.9796792681846354,-0.0852188989520073,0.37301605604588983,1.001016705069277,-0.09277720749378204,0.2910772524308413,0.9901532895035214,-0.05207662656903267,0.33507732348516583,0.9879902871946494,-0.08031775057315826,0.35767212845385077,1.0183022797107697,-0.08696897327899933,0.3659372638911009,1.0443684409062068,-0.090375617146492,0.2809236193075776,1.0195057175225681,-0.06301774829626083,0.3176579768769443,1.0174151226878165,-0.08878207951784134,0.3318108572624624,1.0463228690955373,-0.08376626670360565,0.33453979790210725,1.068400838971138,-0.07741669565439224,0.27432985114865005,1.0517947738369307,-0.07429051399230957,0.2979082278907299,1.0460432112216949,-0.0914737731218338,0.3085899190977216,1.0612028035852643,-0.08631876111030579,0.3102982956916094,1.0742274123761388,-0.0804416686296463
284,9.475220883534137,0,Right,0.981539785861969,0.6882062008604407,0.9730612279640304,-7.317498074144169e-08,0.6743938896805048,0.9278259505000379,-0.008500631898641586,0.647915702778846,0.893266539192862,-0.020191999152302742,0.6252437509596348,0.8663130187326007,-0.02885288931429386,0.6150216067209839,0.8359124859174093,-0.03985348716378212,0.6434629569761455,0.917439516633749,-0.04816616326570511,0.5985995811410249,0.9448652524087164,-0.06171035394072533,0.5835707877762616,0.9658535002834268,-0.06550625711679459,0.578950808942318,0.980446512500445,-0.06766456365585327,0.6488608295097947,0.9543000807364782,-0.05027860030531883,0.6010120194405317,0.978149832950698,-0.06235583499073982,0.5859634258784354,0.9946596088508765,-0.06548351049423218,0.5820169763639569,1.0083031414283647,-0.06946877390146255,0.6550012296065688,0.9880528019534217,-0.05028094723820686,0.6147508561611176,1.01047749320666,-0.06098295748233795,0.5980023491196335,1.025571021768782,-0.0630728229880333,0.5897059051319957,1.0355437025427818,-0.06627136468887329,0.6605156047269702,1.0153629862599902,-0.049454689025878906,0.633639115281403,1.0373534626430936,-0.060349807143211365,0.6211805569007993,1.0507439689503775,-0.06269063800573349,0.6124081823043526,1.0611303142375417,-0.06487317383289337
285,9.508584337349397,0,Left,0.9884693026542664,0.24848694055108353,0.9666768557495541,-8.857534083972496e-08,0.2620351213379763,0.9179862366782294,-0.01995665952563286,0.29235642072744666,0.8667052043808832,-0.03638603910803795,0.30850633843801917,0.8272488700018988,-0.048280686140060425,0.3135771729983389,0.7837671650780572,-0.057856909930706024,0.3003515199525282,0.8940160731474559,-0.053728967905044556,0.3498079426120967,0.9208846827348073,-0.07408758997917175,0.34024595143273473,0.9223672515816159,-0.08058956265449524,0.3211866455152631,0.9135281026363373,-0.08217111974954605,0.2938712122151628,0.939553415775299,-0.05252131447196007,0.3482153947930783,0.9666360331906213,-0.07012619823217392,0.3350291786016896,0.961888990799586,-0.06812596321105957,0.3131876902421936,0.9533019211557177,-0.06596812605857849,0.2874652429483831,0.9819838954342737,-0.0511607751250267,0.3345394824165851,0.9999843809339736,-0.06021948903799057,0.32350480954628436,0.9938954300350613,-0.04845432937145233,0.30597560976166277,0.98991230196423,-0.04111642763018608,0.2813189215492457,1.0163471274905735,-0.05116712301969528,0.31431413826067,1.0224571108818055,-0.05464811623096466,0.3070452906191349,1.0171922432051765,-0.04533334821462631,0.29423709858674557,1.0154912736680772,-0.0394568033516407
285,9.508584337349397,1,Right,0.9763091206550598,0.6954864318016917,0.9487568616867066,-2.364940172583374e-07,0.6798098001629114,0.898452287250095,-0.0026228672359138727,0.6513419562485069,0.8555882897641923,-0.012785015627741814,0.6298539973795414,0.8230824397669898,-0.021556241437792778,0.6211845936719328,0.7871606734063891,-0.03179643303155899,0.6458210595417768,0.8760793063375685,-0.047094956040382385,0.5951880821492523,0.9092116051250034,-0.0599311962723732,0.5896601744461805,0.9302470260196262,-0.05916903167963028,0.5946604608558118,0.9406345036294725,-0.05724046006798744,0.650599710829556,0.9107698288228777,-0.05273505300283432,0.5935167920775711,0.941741105582979,-0.06545144319534302,0.5975318144075572,0.9530217541588677,-0.05958855524659157,0.6101554638706148,0.9535766747262743,-0.05655645951628685,0.6550052456557751,0.9454951836003198,-0.05602174624800682,0.600531819742173,0.9692133565743765,-0.06807725876569748,0.6069724277127534,0.9745761096477509,-0.05680108070373535,0.6204433122649788,0.9706247521771325,-0.04920468106865883,0.6588245735503733,0.9789730542235904,-0.058482516556978226,0.612791291764006,0.987356898519728,-0.06931836158037186,0.6141535721719265,0.9869157042768266,-0.06274647265672684,0.6242168057709933,0.9822364184591506,-0.05727710202336311
285,9.508584337349397,2,Right,0.9931698441505432,0.7066612150520086,0.9581397493680318,3.252490898830729e-08,0.6831587778404355,0.9085815621746911,-0.000432732020271942,0.6508802821394056,0.8676266405317519,-0.010047709569334984,0.6294932816177606,0.834978089067671,-0.019007856026291847,0.6189125050324946,0.8023749305142297,-0.029694536700844765,0.6474036605097353,0.8882908867465125,-0.040923476219177246,0.5948117669206112,0.9128558172119988,-0.052807021886110306,0.5871527792420238,0.9286143011516995,-0.053461942821741104,0.5928796239662916,0.9366532391972012,-0.051834918558597565,0.6541978417895734,0.9290034466319614,-0.04654664546251297,0.5936176627874374,0.9541760563850403,-0.05713997036218643,0.5987989643588663,0.9583081424236297,-0.052206024527549744,0.6167117532808334,0.9555545277065701,-0.04803483933210373,0.6614702606573701,0.9664304561085171,-0.049585577100515366,0.6046772466041148,0.9865945372316572,-0.056030187755823135,0.6116248372476548,0.9858313772413466,-0.043691832572221756,0.6291185438632965,0.9797371460331811,-0.03477110341191292,0.668516005249694,1.0000775628619725,-0.05202048271894455,0.6247678262647242,1.0134739292992485,-0.0576908253133297,0.6286318930797279,1.0099343472056919,-0.04878189042210579,0.6422183276154101,1.0050080405341255,-0.04105480760335922
286,9.541947791164658,0,Left,0.995855450630188,0.2364940751460381,0.9422177977032131,-5.85224704252596e-08,0.25567848135251553,0.892886663807763,-0.010730179026722908,0.291180536407046,0.8406289517879486,-0.026616733521223068,0.3095619897125289,0.7987120820416345,-0.04036611691117287,0.317733976081945,0.7542216161886851,-0.05150098726153374,0.2991635846206918,0.8598370750745138,-0.051993478089571,0.35487722579855474,0.8847796142101287,-0.07215297967195511,0.3412039002869278,0.8948918945259519,-0.07658448815345764,0.32117949358653275,0.8884116682741378,-0.07641994953155518,0.2927782880840823,0.9045447435643937,-0.05612574890255928,0.35172742665745316,0.9305408153269026,-0.06966578215360641,0.3355894769076258,0.9351769712236192,-0.06317431479692459,0.3143789990572259,0.9269171920087602,-0.0590752512216568,0.2851768392138183,0.9500181012683444,-0.05935664102435112,0.33979127237107604,0.9710663013988071,-0.06649449467658997,0.32414716109633446,0.9718861248758104,-0.04983290657401085,0.3034719547256827,0.965539503759808,-0.03982999175786972,0.2780430990736932,0.9912806120183733,-0.06319320201873779,0.32150499620474876,1.0040625545713637,-0.0654694139957428,0.312441697739996,1.0020920674006144,-0.05269681662321091,0.2964514130260795,0.995449615849389,-0.044491205364465714
286,9.541947791164658,1,Right,0.9940152168273926,0.7114487274549901,0.9276712112956577,-1.7763244386514998e-07,0.6868593583814799,0.8755972451633878,0.0027969186194241047,0.6546259425580502,0.8303889678584204,-0.00783553346991539,0.6330290688201785,0.7942797283331553,-0.0169637780636549,0.6273759076371789,0.7553754303190443,-0.02681710757315159,0.6497583182528615,0.8438207878006829,-0.05494792014360428,0.5947303544729948,0.8721921112802293,-0.06258312612771988,0.6027297566179186,0.8823744555314382,-0.054427023977041245,0.6176473285071552,0.8801612072520786,-0.04790481925010681,0.6572844156995415,0.8834584719604917,-0.06188769266009331,0.5997182121500373,0.9115260223547618,-0.06896994262933731,0.6096623616758734,0.9170202950636546,-0.05686897039413452,0.6255334408488125,0.9114819162421757,-0.05050589144229889,0.6644442399032414,0.9263562811745538,-0.06465975195169449,0.6081767577677966,0.9443863186571333,-0.06659195572137833,0.6170435121282936,0.9482043815983666,-0.04921986907720566,0.6326994320377708,0.9424887352519565,-0.040420953184366226,0.6711724208202213,0.9687924404939016,-0.06651996821165085,0.6278249555267393,0.9842260744836595,-0.07024119794368744,0.6092562085948885,0.979496204190784,-0.06425243616104126,0.5972316836938262,0.9685025115807852,-0.061569858342409134
287,9.57531124497992,0,Left,0.9962936043739319,0.2245999976992607,0.9200745768017239,-1.2920597214360896e-07,0.2506930996198207,0.8640218754609426,-0.001359389047138393,0.28997922157868744,0.8095382246706221,-0.012924065813422203,0.3107355369720608,0.7646257778008779,-0.024048680439591408,0.3170522561296821,0.7197425723075866,-0.03321923315525055,0.3015206369105726,0.8244786600271861,-0.041357941925525665,0.3563673553057015,0.8507949226432376,-0.056633077561855316,0.34143355130217967,0.8635135458575355,-0.05849670246243477,0.3222726262640208,0.8567780898676978,-0.0576423779129982,0.29478702284395697,0.8678089665042029,-0.04950583726167679,0.35388865526765584,0.8956010977427165,-0.0582338348031044,0.33647252605296674,0.9025826871395111,-0.04979228228330612,0.31572379935532807,0.8939311888482836,-0.04523812234401703,0.28655466553755105,0.9138669298754798,-0.05594167485833168,0.3392534930258989,0.9358175304200914,-0.05909748375415802,0.3223809222690761,0.9382751372125414,-0.042015764862298965,0.3031811112072319,0.9301892975966136,-0.03292076662182808,0.27711430387571456,0.9580183022552067,-0.06217893213033676,0.32081494415178896,0.9683528436554802,-0.06001794710755348,0.3070435398258269,0.9675744639502631,-0.044756025075912476,0.28975934274494647,0.9612023287349277,-0.035731784999370575
287,9.57531124497992,1,Right,0.9868131279945374,0.7131644826382398,0.8986927853690253,-2.0776441544967383e-07,0.6886136018671095,0.8414542774359385,0.0056091900914907455,0.6569408509880305,0.7952102608150906,-0.0023513089399784803,0.6346906984224916,0.7588406443595886,-0.010345262475311756,0.6292324444279075,0.7190607912010617,-0.01889086700975895,0.6501228670589626,0.8104079670376247,-0.041260793805122375,0.5957672629505396,0.8362910668055217,-0.04882105067372322,0.6056198067963123,0.8449479341506958,-0.04272249713540077,0.6196430881507695,0.8409566415680779,-0.03770489990711212,0.657247733976692,0.8492127378781636,-0.04997605085372925,0.5998981235548854,0.8771375424332088,-0.057789698243141174,0.6113121986389161,0.8816097425089942,-0.04828418791294098,0.6272663438692689,0.8753031452496847,-0.04303564131259918,0.6639951962046325,0.8911458479033576,-0.055258769541978836,0.6083005014806986,0.9080573916435242,-0.05921129882335663,0.6181570088490844,0.910799292061064,-0.04387533664703369,0.6327535025775433,0.904281704293357,-0.03529786691069603,0.6705338001251221,0.9328032281663683,-0.059549614787101746,0.6251278784126043,0.949534797668457,-0.06375271826982498,0.6108639822341502,0.9439149512184991,-0.05740021541714668,0.6027886915951968,0.9313697351349725,-0.053557734936475754
288,9.60867469879518,0,Left,0.9954140782356262,0.22470313212834298,0.8960584435198042,-1.409555210329927e-07,0.2536361439852044,0.8325088567203945,0.005390565376728773,0.29112775456160306,0.7762208931975895,-0.0028902683407068253,0.31153240038547664,0.7297444098525577,-0.012114758603274822,0.31729521360248325,0.6850697543885973,-0.020056918263435364,0.3061717480653897,0.7906540195147197,-0.03126102685928345,0.3577008937951177,0.8189695669545067,-0.04284151270985603,0.34593750305939464,0.8311839428212907,-0.04270090535283089,0.328670083777979,0.8266929732428656,-0.040842536836862564,0.2997112672543153,0.8327216664950053,-0.04124642536044121,0.35539435357786714,0.8647258871131474,-0.04568410664796829,0.3394223845563829,0.869932449526257,-0.036325838416814804,0.3200694697676226,0.8617592851320902,-0.032307811081409454,0.29181995075196027,0.8778250032001071,-0.049109455198049545,0.3429948549019173,0.9044939372274611,-0.04833398386836052,0.3266435776371509,0.9052605138884651,-0.03160287067294121,0.30785386115312574,0.8969153179062738,-0.023977361619472504,0.2827232712879777,0.9203360186682807,-0.05645319074392319,0.32402806852478533,0.9341785934236314,-0.05111990496516228,0.31024537354242054,0.9332599971029494,-0.036097340285778046,0.29370603268034756,0.9264226178328197,-0.027973340824246407
288,9.60867469879518,1,Right,0.9863210320472717,0.713204968161881,0.8706322014331818,-2.1689568541205517e-07,0.6877048167865724,0.811181155178282,0.005468224640935659,0.6549431710969656,0.7638126545482211,-0.0017397030023857951,0.633555683027953,0.7253278970718384,-0.008894900791347027,0.6311981442384422,0.6831941352950202,-0.016555871814489365,0.6479080656543375,0.7795203321509891,-0.03965296968817711,0.5954380675219,0.8094434453381433,-0.04619162529706955,0.6063116553239525,0.8195225795110067,-0.039636485278606415,0.6204735313076526,0.8144714534282684,-0.03445674851536751,0.6554097418673337,0.8180794133080377,-0.04759471118450165,0.6016064008232206,0.8479708446396722,-0.053490616381168365,0.6124366245698184,0.8536876890394423,-0.04338564723730087,0.6274324951693415,0.8467132879628075,-0.03824828192591667,0.6626163694541901,0.8606430987517039,-0.05222161114215851,0.6098444007337094,0.8788841711150275,-0.0546104721724987,0.6201174574438483,0.8833384003904131,-0.039521537721157074,0.6345799298025667,0.8765534248616961,-0.031666699796915054,0.6697860968764872,0.9025185247262318,-0.055942706763744354,0.6275831496343016,0.9180279910564423,-0.05955364927649498,0.6131601731758565,0.9139238595962524,-0.0538380928337574,0.6040002799127251,0.9028033951918284,-0.05062857270240784
289,9.642038152610441,0,Left,0.9944731593132019,0.2279987053014338,0.8673447780311108,-1.379044221039294e-07,0.255322997411713,0.8018840643266837,0.004383343271911144,0.2906902671791613,0.7438289530575275,-0.0040602851659059525,0.31008968660607933,0.6963344693183899,-0.013453030958771706,0.3161892073228955,0.6508950573702653,-0.0212018471211195,0.3064698178321123,0.7616347889105479,-0.0309185441583395,0.3571772635448724,0.7913869187235832,-0.04262632876634598,0.34595736996270715,0.8056333656112353,-0.042327143251895905,0.3289971379097551,0.8012226164340973,-0.04051651805639267,0.3004245217423886,0.8034844490389029,-0.04083177074790001,0.3556582899298519,0.8340067195395628,-0.04717934504151344,0.3399987648706883,0.8404305748641491,-0.03857623040676117,0.3207394454628229,0.8326417247454325,-0.03454739227890968,0.2930341076105833,0.8484539257983367,-0.048817746341228485,0.34254937451332806,0.8739524997770787,-0.04978172481060028,0.3264173769392073,0.8756120542685191,-0.03363341838121414,0.3082695703022182,0.867253645012776,-0.02574508637189865,0.2842708974611014,0.8916154568394025,-0.05641986429691315,0.32497654361650347,0.9057667697469394,-0.05211303383111954,0.3116525450721383,0.9046199162801106,-0.0377042293548584,0.29524326785467564,0.8971319829424222,-0.029683968052268028
289,9.642038152610441,1,Right,0.9882009625434875,0.7070123257115484,0.8421766390403111,-1.967658818102791e-07,0.6825739887543023,0.7831570737063884,0.005250193178653717,0.6522714991122485,0.7360393472015858,-0.0026579448021948338,0.6338846410624683,0.6971701368689537,-0.010104948654770851,0.6323956606909633,0.6556116578479608,-0.018194280564785004,0.6452174039557577,0.754484403381745,-0.04322689026594162,0.5964813299477101,0.7883488995333513,-0.04669162631034851,0.6060364932753146,0.7982018902897835,-0.036750949919223785,0.6182492684572936,0.7928764323393503,-0.029742319136857986,0.652950977627188,0.794885537525018,-0.05115950480103493,0.602390682976693,0.8265216757853826,-0.05458111688494682,0.6128061261959374,0.8304546656707923,-0.04199541360139847,0.6270685975439847,0.8224769257009029,-0.03565458580851555,0.6605592637322844,0.837921305000782,-0.05531138554215431,0.6114085462875665,0.8577350457509358,-0.05555066093802452,0.6213980328291655,0.8602099517981211,-0.03964290767908096,0.6347766506485641,0.8527957695225875,-0.032084301114082336,0.6682426381856204,0.8794934317469597,-0.05853406712412834,0.6285204810090363,0.8955636948347092,-0.061532292515039444,0.6153749685734511,0.892512205739816,-0.05558924749493599,0.606572477798909,0.8838644380370776,-0.05256432294845581
290,9.675401606425703,0,Left,0.992274284362793,0.23382498645223676,0.8461415477097034,-1.4204670151229948e-07,0.26004282464273276,0.7821973763406277,0.0028689757455140352,0.29317876559216527,0.7255197517573834,-0.005844063591212034,0.31004800642840563,0.6772876684864362,-0.015301037579774857,0.3136777772335336,0.6314524725079537,-0.0230716485530138,0.3092431117547676,0.7413694729407628,-0.03065262921154499,0.35743350177071986,0.7722291578849156,-0.04225572571158409,0.3446918641915545,0.7871697271863619,-0.042612191289663315,0.32806700507644565,0.7822903320193291,-0.04175850749015808,0.30355654840823265,0.7825611526767413,-0.04001940041780472,0.355680052889511,0.813252397129933,-0.04650787264108658,0.33961752587929367,0.8207672258218129,-0.03870047256350517,0.32122380859218536,0.8135549587508043,-0.03529462590813637,0.2962552733020857,0.8271257765591145,-0.04765171557664871,0.3422577580437064,0.8532639709611733,-0.049350131303071976,0.3257819356629625,0.8552618289987246,-0.033965736627578735,0.3085533854784444,0.847231720884641,-0.026492726057767868,0.28750405348837377,0.8701738136510054,-0.0550423189997673,0.3259460339089856,0.8855623128513496,-0.05199827998876572,0.31209811090957373,0.8833574717243512,-0.038465119898319244,0.2959982377709821,0.8744262581070265,-0.030930431559681892
290,9.675401606425703,1,Right,0.9859380722045898,0.7055581661406904,0.8226471888522308,-1.7909846405927965e-07,0.6818926522508264,0.7659943257768949,0.0033880742266774178,0.6512887306511402,0.720478451003631,-0.005544843152165413,0.6344278632663191,0.6821981822450955,-0.01377099473029375,0.6339542415924371,0.6410478457808495,-0.022457117214798927,0.6446033456362784,0.7398086532950401,-0.044348739087581635,0.5972400546539575,0.7763649965325992,-0.05100266635417938,0.6093522922601551,0.7801338136196136,-0.0441686287522316,0.6231356353498996,0.7715156085789203,-0.038843002170324326,0.6522374721243978,0.7810112689932187,-0.05192621052265167,0.6028945153113454,0.8131933607161045,-0.05700065195560455,0.6151715467218309,0.8120442844927311,-0.04604557901620865,0.6294149748515337,0.8026684306561946,-0.04075990617275238,0.6603606295771897,0.8240745541950066,-0.05624312907457352,0.6120810208376497,0.8436831345160802,-0.05837830528616905,0.6240800964646042,0.8422695947190125,-0.0438585989177227,0.63887890111655,0.8332122174402078,-0.036873117089271545,0.6687825560569763,0.8644542609651883,-0.059817660599946976,0.6282371271867305,0.8832312636077404,-0.06453661620616913,0.6157136541325599,0.8784098379313946,-0.059797581285238266,0.6089313725009561,0.8674785435199738,-0.057452764362096786
291,9.708765060240964,0,Left,0.9953137636184692,0.23596424129791557,0.8340403682655758,-1.3038861368386279e-07,0.26061194073408844,0.7739837725957235,0.0005562491714954376,0.2933905793819577,0.7165419061978658,-0.008485818281769753,0.3092536234529689,0.669228027926551,-0.017785118892788887,0.3123080905992538,0.6235708134041892,-0.02524101547896862,0.3072352220537141,0.7307706091139051,-0.03219074383378029,0.35699614728800955,0.7668030401070912,-0.04517075791954994,0.344900932838209,0.7811009195115831,-0.046584758907556534,0.3280915076378733,0.7741017586655087,-0.0461948998272419,0.30136562602128836,0.7727892690234714,-0.040507540106773376,0.35493095391429963,0.8071976721286773,-0.04825621843338013,0.33922269984614106,0.8143980615668827,-0.04079444333910942,0.3203150310786441,0.8058768404854668,-0.037217870354652405,0.294155090325512,0.8183050910631816,-0.04749276116490364,0.341188984666951,0.8458953281243642,-0.05083504319190979,0.32564116790890696,0.8480261769559648,-0.03665778040885925,0.3083195319399238,0.8392932997809516,-0.02941921167075634,0.2863698469940573,0.8620839132202996,-0.054334625601768494,0.32541000479832294,0.8786369727717506,-0.05262354761362076,0.31231572791002693,0.8765452603499094,-0.04015043377876282,0.2960829196730629,0.8671800328625573,-0.033063869923353195
291,9.708765060240964,1,Right,0.9892323017120361,0.7051514567341656,0.8158065729671055,-1.57171612613638e-07,0.6821239966433496,0.7606146951516469,0.002172097098082304,0.6524022185243666,0.7167534735467699,-0.00710292486473918,0.6369203676935286,0.6783736122979058,-0.015648670494556427,0.6358608252834529,0.6361565192540487,-0.024771643802523613,0.6445855922996998,0.7361765808529324,-0.04429417848587036,0.5982408307958395,0.7768909156322479,-0.05128850042819977,0.6100124007556588,0.7800998349984487,-0.04497633874416351,0.6236685040406883,0.7714218020439148,-0.04007614031434059,0.6519365039188415,0.7772448738416036,-0.051435038447380066,0.6045946968719363,0.8122377494970957,-0.05750996619462967,0.6164258593693376,0.8106438504325019,-0.04788215458393097,0.6300729807466269,0.8024170398712158,-0.043399762362241745,0.659858223842457,0.8205635991361406,-0.055442843586206436,0.6140806133393198,0.8425584389103784,-0.05916951969265938,0.6252830960787833,0.8403480304612054,-0.045930128544569016,0.6396086473017931,0.8322786529858907,-0.03936487063765526,0.6679511916358024,0.8625086453225878,-0.058710161596536636,0.6278805347159505,0.8857005622651842,-0.06460531800985336,0.617063789954409,0.8794706847932604,-0.060262057930231094,0.6124834472779185,0.8666957086986966,-0.057889729738235474
292,9.742128514056224,0,Left,0.9953882098197937,0.2386528360657394,0.8435616532961527,-1.5174225609371206e-07,0.26092233462259173,0.7825036181343926,0.00029079715022817254,0.2922510254196823,0.7222660720348358,-0.008929920382797718,0.307885461114347,0.6749322705798679,-0.01836218126118183,0.3117770370095968,0.6295165969265832,-0.02596307173371315,0.3070436593145132,0.7373951786094242,-0.030617032200098038,0.35676077725365757,0.7725847568776872,-0.04457864910364151,0.3455627872608602,0.7873682472440932,-0.04746479168534279,0.32811973663046956,0.7816619634628296,-0.047755882143974304,0.30157047752290966,0.7797528432475196,-0.03893515095114708,0.3543323979713023,0.8140113565656873,-0.047620564699172974,0.3391796982847154,0.8227013256814745,-0.04159967228770256,0.3194793604314327,0.8138754440678491,-0.038499291986227036,0.2950596775859594,0.8260535233550601,-0.04603593423962593,0.3417947793379426,0.8530005832513173,-0.04979083687067032,0.327002065256238,0.8569768336084154,-0.03615738824009895,0.30934750838205216,0.8475579599539439,-0.02889326773583889,0.2878202729858458,0.871021435658137,-0.0529705286026001,0.3264098050072789,0.8851886828740437,-0.051434315741062164,0.31412204867228866,0.8850092411041259,-0.038733478635549545,0.298426029458642,0.8763907114664714,-0.031162336468696594
292,9.742128514056224,1,Right,0.992830753326416,0.7061369370669126,0.8268376270929972,-1.4083688881783019e-07,0.6834846798330545,0.770343687136968,9.781083645066246e-05,0.653898342885077,0.7256833639409807,-0.010886388830840588,0.6376160239800811,0.6845557894971636,-0.02058396488428116,0.6366408446803689,0.6392832610342237,-0.030714072287082672,0.6459071863442659,0.7479102267159357,-0.04894478619098663,0.5980589838698507,0.7854684452215831,-0.056172050535678864,0.6099884385243058,0.7878095746040344,-0.049133654683828354,0.6252911945804953,0.780043304628796,-0.04352118447422981,0.6521862462162972,0.791031539440155,-0.05498763546347618,0.603790046647191,0.823805132177141,-0.060866717249155045,0.615731850080192,0.8224466727839576,-0.050456803292036057,0.630475489795208,0.815567672252655,-0.04552597552537918,0.659600698761642,0.8353257020314534,-0.05782906338572502,0.6127194430679083,0.8573415299256643,-0.060670722275972366,0.6224594753235578,0.8541799558533563,-0.04704033210873604,0.6369768811389804,0.8467640055550469,-0.040509182959795,0.6678509123623371,0.877130886581209,-0.0600835457444191,0.6269675279036164,0.9013445211781396,-0.0646420270204544,0.6165283730253577,0.8933482693301307,-0.05960467830300331,0.6135978100821375,0.8802837193012237,-0.05702919885516167
293,9.775491967871487,0,Left,0.995000958442688,0.2408923741430044,0.8601679748131169,-1.9946160989547934e-07,0.26369292540475725,0.8009280719690852,-0.002219898859038949,0.2938623124733567,0.7403269737131066,-0.012627294287085533,0.30917956195771695,0.6916264808840222,-0.022932037711143494,0.31384135531261564,0.6461411888400713,-0.031275197863578796,0.3087850852869451,0.7623012844059203,-0.03189435973763466,0.35588560504838823,0.7940468912323316,-0.04710770770907402,0.34280501483008263,0.805848952382803,-0.051953528076410294,0.32464778106659653,0.7989643170601792,-0.05377043038606644,0.30384446727111936,0.8070634607639577,-0.039312731474637985,0.35386219564825294,0.8373361296123929,-0.04775523766875267,0.3384636629372835,0.842269012497531,-0.042513906955718994,0.3196075357496738,0.8338555457691351,-0.04059411212801933,0.2974300241097808,0.8545296477774779,-0.04582024738192558,0.3437333146110177,0.8789365183975961,-0.049697015434503555,0.3283792451955378,0.8797047208580706,-0.03616398572921753,0.31018368918448685,0.8710935455229547,-0.029319217428565025,0.2899710229597986,0.8999111693766382,-0.052466873079538345,0.32734209336340425,0.9136721135841476,-0.051708150655031204,0.3147602194920182,0.9093894900547134,-0.039594996720552444,0.29857260165736077,0.8995955619547102,-0.032492827624082565
293,9.775491967871487,1,Right,0.9915747046470642,0.7054661814123392,0.8435512839092149,-1.494551185032833e-07,0.6814255338162184,0.7888464551005099,0.0012042075395584106,0.6513942807912827,0.7435301720268197,-0.009086660109460354,0.635371838696301,0.70105524154173,-0.018503569066524506,0.6352898702025414,0.6553834461503558,-0.0287551898509264,0.6425072619691491,0.7664148103859689,-0.04646076261997223,0.5964597869664431,0.8056116489072641,-0.05394057184457779,0.6085273941978813,0.8065606856511699,-0.048066265881061554,0.6230630174279213,0.797537263068888,-0.043368443846702576,0.6487792486324906,0.8092556169463528,-0.053176432847976685,0.6020241035148501,0.8436937191420131,-0.05886348336935043,0.6141782652586698,0.841644263929791,-0.04930378496646881,0.6286569058895111,0.8341227446993192,-0.04500476270914078,0.6566433744505048,0.8536333599024348,-0.05663231760263443,0.6111506495624781,0.8767702716092268,-0.059817999601364136,0.620619829185307,0.873026740633779,-0.04684479162096977,0.6344453047960996,0.8656334839761257,-0.04054036736488342,0.6654795253649354,0.89679801174336,-0.059365298599004745,0.6245032381266356,0.9228716757562425,-0.06388823688030243,0.6149903068318963,0.9140918457673656,-0.058509401977062225,0.6128007728606463,0.8997521698474884,-0.0555037297308445
294,9.808855421686747,0,Left,0.995215117931366,0.24144243304617702,0.8818451911211014,-1.878175055480824e-07,0.2652461055666208,0.8228368783990542,-0.0009618887561373413,0.2961342164315283,0.7649673831959566,-0.01172172836959362,0.3118308472447097,0.7166714312301742,-0.022551238536834717,0.316282640164718,0.6716155707836151,-0.03160154074430466,0.311359371477738,0.7881333045661449,-0.032212596386671066,0.3584188711363822,0.8216607690685325,-0.04635327309370041,0.3452646636404097,0.8327638966341814,-0.05022633075714111,0.3277875999454409,0.8243529987004068,-0.05144737288355827,0.3059902127832174,0.8333077281713486,-0.03993220999836922,0.3551386992447078,0.863776732650068,-0.046718697994947433,0.3402560574002564,0.8691749216781722,-0.04091348871588707,0.3220086039043963,0.860063761472702,-0.0389554500579834,0.2989523715339601,0.8812208854489856,-0.04643198847770691,0.34433235991746186,0.90613177128964,-0.048177313059568405,0.32922076429240404,0.906467840489414,-0.03399974852800369,0.31111840014345943,0.8965026889410284,-0.02735404670238495,0.29089939589612185,0.9271330402957069,-0.05296909064054489,0.3276934236753732,0.94112429022789,-0.05101856216788292,0.31590882963500916,0.9367780668867959,-0.03860410302877426,0.300733528053388,0.9261475975314776,-0.03158137947320938
294,9.808855421686747,1,Right,0.9913071393966675,0.7037894336506725,0.8570048142638471,-1.6447842199340812e-07,0.679582203924656,0.8017408297293716,0.001385265146382153,0.6489885618910194,0.757548482881652,-0.008872712962329388,0.6321715332567692,0.7151532736089494,-0.01860014721751213,0.6326231348328293,0.6683751692374548,-0.029224060475826263,0.6403166951611639,0.7846573711269431,-0.044251300394535065,0.5937826081179083,0.8215317535731528,-0.05351655185222626,0.6064224384725094,0.8230093419551849,-0.05048798769712448,0.6215548386797309,0.813924844066302,-0.04765428602695465,0.6471731101162732,0.8278573660386933,-0.051096536219120026,0.6011657278984786,0.8598951953980658,-0.057612404227256775,0.6131754249334336,0.857462103996012,-0.049484044313430786,0.6272986090742052,0.8490548378063573,-0.0462757833302021,0.6554861559532583,0.8718875687983301,-0.05496945604681969,0.6093991219066084,0.8933234069910314,-0.05862891301512718,0.6191264141350985,0.8897302833696207,-0.04617771878838539,0.633126683253795,0.8818547133770254,-0.04022260382771492,0.6644540938548744,0.914035066548321,-0.0581962876021862,0.6251131717115641,0.9393583325048288,-0.06231507286429405,0.6139012851752341,0.9329950739112165,-0.056993041187524796,0.6090019999071956,0.921396168983645,-0.05434975028038025
295,9.842218875502008,0,Left,0.9936274290084839,0.23795481803826987,0.8923106968402863,-1.9599042389017995e-07,0.2622625909280032,0.8346545810500781,0.0010103456443175673,0.29424102101475,0.7790926729639371,-0.008375254459679127,0.3111764286644757,0.733217575152715,-0.01812281645834446,0.31597757134586574,0.6883658642570177,-0.026011459529399872,0.31090496452525257,0.8036669115225474,-0.03018074482679367,0.3574699142947793,0.8366899053255717,-0.04278264939785004,0.34453250891529025,0.8483168184757233,-0.04497897997498512,0.32766597871668635,0.8407225360472997,-0.045073945075273514,0.3055227631703019,0.8484132334589958,-0.03857092186808586,0.35435750815086065,0.877288614710172,-0.04544863849878311,0.3395528006833047,0.8829776734113693,-0.039255622774362564,0.3214809403754771,0.8745773687958718,-0.03655083104968071,0.298559616971761,0.8960641175508499,-0.045382093638181686,0.34305336312390866,0.9200271974007289,-0.04730850085616112,0.32819909625686705,0.9212345287203789,-0.032499246299266815,0.3107724689878523,0.9125330875317256,-0.0250020120292902,0.2902588474098593,0.9425129309296608,-0.05195379629731178,0.3270023126155138,0.9561463013291359,-0.0495007298886776,0.31484956401400266,0.9521155714988708,-0.03575698286294937,0.2993932768702507,0.9423237259189288,-0.027556318789720535
295,9.842218875502008,1,Right,0.9922026991844177,0.7045170431025326,0.8656179810563723,-1.7943543184628652e-07,0.6793927538208664,0.8079298153519631,0.002868275623768568,0.6493348263204097,0.7640054300427437,-0.006921873893588781,0.633536655176431,0.7226060032844543,-0.016321217641234398,0.6322595397941768,0.6781864136457443,-0.02639666013419628,0.6401842900551855,0.7910100688536962,-0.045143384486436844,0.5925557854585349,0.8265580654144287,-0.054228525608778,0.6053300241008401,0.8293995002905528,-0.05001002177596092,0.6201708391308784,0.8205174302061399,-0.04609520733356476,0.6470004268921912,0.8355662574370702,-0.05251707509160042,0.599311894737184,0.8662521272897721,-0.058887381106615067,0.611847843695432,0.8641649484634399,-0.04915338754653931,0.6259694405831396,0.8557138502597809,-0.0445297509431839,0.6547934401780366,0.8804523169994354,-0.05675657093524933,0.6089835126884282,0.9012742842237155,-0.059697870165109634,0.6195405750535429,0.8969245140751203,-0.04577448591589928,0.6337776251137257,0.8889152184128761,-0.03876657783985138,0.6630711747333408,0.9223736489812533,-0.06032411381602287,0.6227016556076705,0.9473027795553207,-0.06438957899808884,0.6118150232359767,0.9392348657051722,-0.05861564353108406,0.6079839805141092,0.9258556400736173,-0.05547253414988518
296,9.875582329317268,0,Left,0.9932047724723816,0.23603170183487238,0.8935232003529866,-1.6784673562142416e-07,0.2618238925933838,0.8348161126176517,0.0002479854447301477,0.2951952192001045,0.7790238872170449,-0.008817659690976143,0.31148772444576023,0.7326523472865423,-0.01822386495769024,0.315430813934654,0.688863942027092,-0.02586180716753006,0.3111477320082486,0.8023339445392291,-0.02803044207394123,0.3563935298472643,0.8352799743413926,-0.04125520959496498,0.34363443721085785,0.8435079609354337,-0.04476283863186836,0.32704105973243713,0.8338188519080479,-0.04562707617878914,0.3055366074666381,0.847436926762263,-0.03612205386161804,0.35398619864135983,0.8765626952052117,-0.043070241808891296,0.33900222638621924,0.8811844696601232,-0.03781694546341896,0.320609016623348,0.8728022456169129,-0.03548412024974823,0.29863711576908825,0.8947227070728938,-0.04303090274333954,0.34248634753748775,0.9188024044036865,-0.045700907707214355,0.3266706544905901,0.9191634411613147,-0.032321516424417496,0.3081800227984786,0.9100296134750049,-0.025279222056269646,0.2901135298423469,0.9402216936151186,-0.04980487748980522,0.32602754356339575,0.9535568008820215,-0.04819675162434578,0.3127156445756555,0.9490997850894928,-0.03550833836197853,0.2962759716436267,0.939780377348264,-0.02779500186443329
296,9.875582329317268,1,Right,0.9872021079063416,0.7052473247051239,0.8650897100567818,-1.7175285904613702e-07,0.6795914867892862,0.8068726986646653,0.004934606608003378,0.650146440602839,0.7630625878771146,-0.004317093174904585,0.6343900335952639,0.7230000182986259,-0.013556394726037979,0.6337257472798228,0.6788900971412659,-0.023707052692770958,0.6409471351653337,0.7909997244675954,-0.04414079338312149,0.5932357296347618,0.8253528118133545,-0.05178612843155861,0.6051760237663985,0.8283656805753707,-0.045856207609176636,0.6200239839032292,0.8206676890452703,-0.040649883449077606,0.6477957958355546,0.8337855199972789,-0.05225450173020363,0.6001050356775522,0.861353662610054,-0.0573284775018692,0.6116174809634686,0.8605242550373078,-0.04656090959906578,0.6257933812215924,0.8537018229564031,-0.04114929959177971,0.6555757697671651,0.8773156250516574,-0.056798066943883896,0.6094039840623736,0.8943425287803014,-0.05804675444960594,0.6194777144119143,0.8919423217574756,-0.04219011217355728,0.6334097065031529,0.8856615553299586,-0.03397500142455101,0.6641545530408621,0.9185864984989166,-0.06056059151887894,0.6241585100069642,0.9413757115602494,-0.06276285648345947,0.6127921471372246,0.9331535602609317,-0.055125799030065536,0.608064609207213,0.9193515852093697,-0.05069611966609955
297,9.90894578313253,0,Left,0.9949668645858765,0.23399824546650053,0.8881061901648839,-1.5037706191378675e-07,0.25954146781004966,0.8280133967598279,0.001709533273242414,0.29258334673941133,0.7732884998122851,-0.007846472784876823,0.3087441040202975,0.7267059167226155,-0.017959466204047203,0.31275385469198225,0.6830221931139628,-0.026292389258742332,0.3073640488088131,0.7923249994715055,-0.03258418291807175,0.3560281119775027,0.8251682927211126,-0.04478752613067627,0.3428931091912091,0.8364735131462415,-0.045400410890579224,0.3254784578923136,0.8275474573175112,-0.04433370381593704,0.301421966124326,0.8358070075511932,-0.04131808131933212,0.35179472002200785,0.8661146442095439,-0.04707064852118492,0.33668530602008107,0.8736314321557681,-0.039425078779459,0.3187420920468867,0.8647865399718284,-0.036229927092790604,0.2943851364310831,0.8826421439647675,-0.04829595983028412,0.34038863247260454,0.9063470562299093,-0.04945927858352661,0.32480633687227967,0.9103083372116089,-0.03405623137950897,0.3067786588333547,0.9020699620246887,-0.02664218842983246,0.2862882012035698,0.9276935810844104,-0.05501041188836098,0.32433169772848486,0.9414016167322795,-0.05225960910320282,0.31106253564357755,0.9396951024731001,-0.038583289831876755,0.2949131387285888,0.9308875650167465,-0.030789600685238838
297,9.90894578313253,1,Right,0.9856732487678528,0.7077677354216576,0.8585740730166436,-1.6080844034149777e-07,0.6822071159258485,0.8007237568497658,0.003653172869235277,0.6511543453671038,0.7573082799712817,-0.005496102850884199,0.6350218616425991,0.7170224219560624,-0.014124488458037376,0.6348249146714806,0.6726199845472972,-0.023622795939445496,0.6421680921688676,0.7839139526089033,-0.045062221586704254,0.5949649058282376,0.819713353117307,-0.05253172665834427,0.6075648761354386,0.8200542757908503,-0.04675877466797829,0.622748336289078,0.8104153414567311,-0.04173878952860832,0.6496904374100267,0.8273231079181035,-0.05209821090102196,0.6018885648809373,0.8542233303189277,-0.057318106293678284,0.6146309727802872,0.8516038134694099,-0.047122739255428314,0.6295618048869074,0.8446086655060451,-0.042052045464515686,0.658010198827833,0.8707067559162776,-0.055573102086782455,0.6112696290016174,0.8866679226358731,-0.05691854655742645,0.6225587761029601,0.8834482987721761,-0.042292457073926926,0.637545900605619,0.8768960585196813,-0.0349637009203434,0.6671723084524274,0.9111819073557854,-0.058296434581279755,0.6270651734434068,0.9360735063751539,-0.06103368476033211,0.6148338291794062,0.9271221200625102,-0.054880477488040924,0.6097089796327054,0.91163975695769,-0.05157439038157463
298,9.942309236947791,0,Left,0.9940498471260071,0.23306960626505316,0.8809038164714972,-1.5021358024114306e-07,0.2582198650576174,0.8201558540264765,0.001930789090692997,0.29040408846922217,0.7638728552394443,-0.007515916600823402,0.3067517864052206,0.7175432269771894,-0.017596570774912834,0.310031493101269,0.6731226560142305,-0.026010990142822266,0.306207119859755,0.7847076397803094,-0.03134297952055931,0.3545716483145952,0.816315816094478,-0.04403577744960785,0.34159023514948783,0.827414514703883,-0.045453183352947235,0.32451003501191733,0.819859335405959,-0.044990070164203644,0.3003721452783793,0.8282444568143951,-0.040478941053152084,0.3519808446522802,0.8572901276250681,-0.047178205102682114,0.336847824184224,0.8628292460408475,-0.03987560793757439,0.31811176021583376,0.8548114179737039,-0.03660934418439865,0.2934409630484879,0.8743346114125516,-0.048057083040475845,0.33953691334463654,0.8971661465863386,-0.050162918865680695,0.32406566981226204,0.899098721643289,-0.03535076230764389,0.3062251849565655,0.8910491822494401,-0.02805318310856819,0.28576766457408664,0.9188132459918658,-0.055368728935718536,0.32414754424244163,0.9312476292252541,-0.053028419613838196,0.31053271554410455,0.9287944303618537,-0.03963197022676468,0.29426497956737874,0.9203183824817339,-0.031950000673532486
298,9.942309236947791,1,Right,0.985653817653656,0.7087587275542319,0.8538423623475764,-1.586470119718797e-07,0.68327562129125,0.7952211846907934,0.0032438409980386496,0.652307496778667,0.7512090077830685,-0.0059851002879440784,0.6363609008491039,0.710339175330268,-0.01468811184167862,0.6348783740773797,0.6665451245175468,-0.02425234019756317,0.6436207954771817,0.7776526668005519,-0.044165026396512985,0.5965373640879988,0.8110942095518112,-0.05136949196457863,0.6093682864680886,0.8105554713143243,-0.045978106558322906,0.6242094225250184,0.8008540641102526,-0.04140782728791237,0.6512273642234504,0.820775066398912,-0.05092005431652069,0.6033526867628097,0.8465028732187219,-0.055827394127845764,0.6162312658503651,0.8432599471675025,-0.0463358573615551,0.6312041039578616,0.8361277331908544,-0.041893988847732544,0.6594794177450239,0.8636597639156712,-0.0542014017701149,0.6127185736782849,0.8791807310448753,-0.05512290447950363,0.6239098882302642,0.8760168618626065,-0.041369594633579254,0.6388078298419714,0.8694345913827419,-0.03483877331018448,0.6684001124463975,0.9032939175764719,-0.05678023770451546,0.6287138600833714,0.928578208718035,-0.05911482498049736,0.615940673649311,0.919853784971767,-0.05344385281205177,0.6102089983411133,0.9043631119032701,-0.050669293850660324
299,9.975672690763052,0,Left,0.9944823384284973,0.23259651551488786,0.8747333946327368,-1.4941217330033396e-07,0.25722159883007406,0.814147974881861,0.0012913296231999993,0.2901108171325177,0.757938851084974,-0.007967599667608738,0.3068722140975296,0.7116024908092287,-0.017724545672535896,0.3094676980748773,0.6665592971775267,-0.025872010737657547,0.3063014134764671,0.7775639548069901,-0.030887247994542122,0.35411705495789647,0.8122745706803269,-0.043359559029340744,0.3412486749701202,0.8230069946083758,-0.04497016966342926,0.3245187830645591,0.8146138124995761,-0.04476006701588631,0.30027318419888616,0.8215707283880975,-0.039611417800188065,0.3513049802277237,0.8523736761675941,-0.04651407152414322,0.33627596967853607,0.8577378951013088,-0.03968740999698639,0.31778453742153945,0.8494344436460071,-0.0366627462208271,0.29332033628597853,0.868193022078938,-0.046853821724653244,0.33894961546175184,0.8922501823140515,-0.04943666607141495,0.3237205765210092,0.893961663875315,-0.0353134423494339,0.3060770117677748,0.8856482472684648,-0.028245186433196068,0.28572738184593616,0.9130501995484034,-0.053838085383176804,0.3240735585801303,0.9257890292339854,-0.051705118268728256,0.31065616505220534,0.9232821514209112,-0.03864366561174393,0.2942770085763186,0.9149096525377698,-0.031117290258407593
299,9.975672690763052,1,Right,0.98641437292099,0.7093263075686991,0.8462451522548994,-1.5882945092471346e-07,0.6836938852444291,0.7877638853258557,0.004037702921777964,0.6528123960830271,0.744397317369779,-0.005007118918001652,0.6367262680083513,0.7041468301581012,-0.01352775376290083,0.6355333077721298,0.6599268909129832,-0.022885052487254143,0.6438950013369322,0.7698705477846993,-0.04511367157101631,0.5974876830354333,0.8057235243419806,-0.051526181399822235,0.610498384386301,0.8042073597510656,-0.044653866440057755,0.6254901426844299,0.7939200902150737,-0.03914482146501541,0.6516310347244143,0.8130003880295489,-0.05237247422337532,0.6046147231012583,0.8406561637918154,-0.05682775005698204,0.6175236469134688,0.8369546636111207,-0.04624748229980469,0.6321961225941777,0.8294524103403091,-0.0412747785449028,0.660140169877559,0.856391713851028,-0.055974479764699936,0.6136471661739051,0.8726856224238873,-0.056738756597042084,0.6251691359095275,0.8694841071135468,-0.042043570429086685,0.6400948537513613,0.8627933714952734,-0.03509332239627838,0.6695532337762415,0.8968126272989644,-0.058787472546100616,0.6292759745381773,0.9214111831453111,-0.061610713601112366,0.6169902552850545,0.9127486762073305,-0.055661819875240326,0.6115737884305418,0.8975207288232114,-0.05265416204929352
300,10.009036144578314,0,Left,0.9951094388961792,0.23339554890990258,0.8722302714983622,-1.4974690998315054e-07,0.2579855401534587,0.811425158712599,0.001140698790550232,0.2901709071593359,0.7554336024655236,-0.00792290735989809,0.3069168253103271,0.7089318712552388,-0.01731278747320175,0.3103408100316301,0.6638915432824029,-0.025089764967560768,0.3069496572483331,0.775141935216056,-0.02987874671816826,0.3533810361055657,0.8108222272660998,-0.041733384132385254,0.3414495050208643,0.8218534145090315,-0.0431324765086174,0.32468176900874823,0.8131437884436713,-0.04281243309378624,0.3016930247657001,0.8188644932376014,-0.03824161738157272,0.35079601386096326,0.8502985735734304,-0.04414692893624306,0.3363705172436312,0.8564357572131687,-0.037317004054784775,0.3180595749989152,0.8479144473870596,-0.03450440242886543,0.29493337823078036,0.8656188362174564,-0.04514249786734581,0.33908660437446086,0.8904653979672326,-0.047016460448503494,0.3241369007853791,0.8928153130743238,-0.0330754779279232,0.3066910235909745,0.8839481208059523,-0.026337094604969025,0.28705342395696787,0.9104832278357612,-0.05179097130894661,0.3239792864536867,0.9243269118997786,-0.04957030341029167,0.310764917708002,0.9224529789553748,-0.036711614578962326,0.29473370537161825,0.9135098656018575,-0.02933468297123909
300,10.009036144578314,1,Right,0.9852584004402161,0.7083219131454825,0.8404069569375779,-1.5199158553969028e-07,0.6832348426803947,0.7826460977395375,0.00365827395580709,0.6535406285431236,0.7395951151847839,-0.005480898078531027,0.6374255357310176,0.7003858904043834,-0.014015204273164272,0.6354447893798352,0.6570208403799269,-0.02327236346900463,0.6445156571455299,0.7649845725960202,-0.04499313235282898,0.5979038734920323,0.80153243276808,-0.05154573917388916,0.6101262392941862,0.8007955855793423,-0.044663719832897186,0.6248318457044661,0.7914482401476965,-0.03910701349377632,0.6519809406250715,0.808020912276374,-0.052137937396764755,0.6046143641229719,0.8362158113055759,-0.05721346288919449,0.6170064886566251,0.8327710529168447,-0.04692896828055382,0.6314930227119475,0.8257598671648237,-0.04195891693234444,0.6603522173594684,0.8511242542001937,-0.055681902915239334,0.6133494471199811,0.8680724051263597,-0.0572054460644722,0.6243774033151567,0.8649605280823178,-0.04264632612466812,0.6390300685539841,0.8583099563916524,-0.03551746532320976,0.6697128158062696,0.8916323906845517,-0.058423325419425964,0.6300434755627066,0.9166628758112589,-0.06184215471148491,0.6177966632414609,0.90812878674931,-0.056040503084659576,0.612168023083359,0.8932650268077851,-0.052984483540058136
301,10.042399598393574,0,Left,0.9952411651611328,0.23395586516708136,0.8724258648024665,-1.4884838606121775e-07,0.2578279411420226,0.8126335952017042,-0.0003916662826668471,0.2897721201181412,0.7559993055131701,-0.009828871116042137,0.30640424564480784,0.7092785967720879,-0.01938903145492077,0.3104710908606648,0.6639779806137085,-0.02713881805539131,0.3066541409119964,0.7757864879237281,-0.029883619397878647,0.3523833990097046,0.8109165628751119,-0.042338017374277115,0.3406699687242508,0.8220368941624959,-0.04449043795466423,0.32375855930149555,0.8136059708065457,-0.044595520943403244,0.3015859812498093,0.8199640843603346,-0.037652939558029175,0.3504242621362209,0.850569466749827,-0.04468180611729622,0.3359115321189165,0.8570480955971612,-0.038793228566646576,0.31737849544733765,0.8486559536721971,-0.03621712699532509,0.29494478143751623,0.8672123359309303,-0.0441531278192997,0.3397750731557608,0.8911549886067708,-0.04725624993443489,0.3244455808773637,0.893650311893887,-0.03366541117429733,0.3063959201797843,0.8848959141307406,-0.026599053293466568,0.28692334033548833,0.9127339707480536,-0.05051673948764801,0.3245715659111738,0.9262193481127421,-0.04940998554229736,0.31183904092758896,0.9241004798147413,-0.036921389400959015,0.29560538213700055,0.9151992095841301,-0.029393598437309265
301,10.042399598393574,1,Right,0.9900645613670349,0.7085599768906832,0.8374897413783603,-1.5079697845976625e-07,0.6833189528435468,0.7811196002695295,0.003662289120256901,0.6534446105360985,0.7374643550978767,-0.005702862981706858,0.63727823831141,0.6981716215610504,-0.014298143796622753,0.6356747064739465,0.654666088687049,-0.0235368013381958,0.6453336115926505,0.7621655530399747,-0.046958934515714645,0.598875468224287,0.8003074453936683,-0.05304452031850815,0.6104358360171318,0.7997181806299422,-0.0451095849275589,0.624402604624629,0.7900391962793138,-0.03898850455880165,0.6530607987195254,0.8044696158832974,-0.05425321310758591,0.6051284439861775,0.8352411727110545,-0.05901903659105301,0.6168749660253525,0.83179179959827,-0.04756483808159828,0.6308770325034857,0.824265095922682,-0.0420079343020916,0.6612681839615107,0.8479636563195123,-0.05784871429204941,0.6132156483829021,0.8672407342327966,-0.059124309569597244,0.623913687095046,0.8638706988758511,-0.043619826436042786,0.6387249782681466,0.8569929851426019,-0.03604666888713837,0.6700384967029095,0.8897799339559344,-0.060672562569379807,0.6295345053076744,0.9145788398053911,-0.06461194157600403,0.6179555431008339,0.9057741681734721,-0.058935023844242096,0.6135782919824123,0.8911404344770644,-0.055947523564100266
302,10.075763052208835,0,Left,0.9949870109558105,0.2353964568581432,0.8757243719365861,-1.5466899583316263e-07,0.2588284813100472,0.8159342322084638,-0.0007879809709265828,0.2900949219474569,0.759465096394221,-0.010734359733760357,0.3067799267126247,0.7127963032987382,-0.020753072574734688,0.3110370573354885,0.6672799931632147,-0.02893717586994171,0.3073100024368614,0.780103651020262,-0.030496230348944664,0.35243397639133034,0.8146933595339457,-0.04326251894235611,0.34040411007590593,0.8251317322254181,-0.046042393893003464,0.3235539354616776,0.816907051536772,-0.04662252590060234,0.30216144619043916,0.8244161393907335,-0.038088541477918625,0.35011364985257387,0.855700906780031,-0.04475875943899155,0.3357722946442664,0.86123782131407,-0.03872760757803917,0.3174452657345682,0.8528118676609463,-0.03628191351890564,0.29521848177537324,0.8717061897118886,-0.044477276504039764,0.33929987498559055,0.8960540062851376,-0.04706496745347977,0.324407474254258,0.8972869363096025,-0.033330418169498444,0.30640330703463403,0.8884177916579776,-0.02639048546552658,0.286875770217739,0.9172616806295183,-0.05082743242383003,0.32422834197059275,0.9314277741644118,-0.04946363717317581,0.3120492292568088,0.9279676185713874,-0.0370425209403038,0.29585691017564386,0.918532504638036,-0.02965589053928852
302,10.075763052208835,1,Right,0.9920408129692078,0.7089492650702596,0.8389797647794087,-1.6391607005061815e-07,0.684128396725282,0.7823478711975945,0.0033496543765068054,0.6538627541158348,0.738992405600018,-0.006250652018934488,0.6373523582238704,0.6991675145096249,-0.01499404851347208,0.6372237678617239,0.6542832440800137,-0.024367570877075195,0.6462084115017206,0.7634372201230791,-0.04826388135552406,0.5989709328394384,0.8007568485207028,-0.05480831861495972,0.6109049969818443,0.8015958408514658,-0.04687078669667244,0.6253186221700162,0.7927669419182671,-0.04074355587363243,0.6539359653834254,0.8059308416313595,-0.05553872510790825,0.6054183877073228,0.836479205555386,-0.06067192554473877,0.617347745411098,0.8339297036329906,-0.0488894023001194,0.6314506410621107,0.8269808610280355,-0.0431550070643425,0.6619497753214091,0.8497734268506368,-0.05914968624711037,0.6142150875646621,0.8694264272848765,-0.060563597828149796,0.6250978901982307,0.866226914856169,-0.04487917199730873,0.6398517386056483,0.8596875402662489,-0.03731323778629303,0.6703785362653434,0.891685371266471,-0.06204035505652428,0.6294785909820348,0.9169187267621358,-0.06619760394096375,0.6179719760548323,0.9085426476266649,-0.060762982815504074,0.6137723685707897,0.8944642338487837,-0.058092959225177765
303,10.109126506024097,0,Left,0.9955644011497498,0.23610688003245742,0.8796778149074979,-1.5868388913986564e-07,0.2591149179730564,0.82006609638532,-0.0013406503712758422,0.2905922696460038,0.7636359638637966,-0.011865178123116493,0.3070293120341375,0.7171921385659112,-0.02231682650744915,0.3113546363543719,0.6716173900498285,-0.03083215095102787,0.3062212099554017,0.7842051201396518,-0.032291822135448456,0.3527833933709189,0.817395857307646,-0.0458964966237545,0.3402306303847581,0.8286666995949216,-0.0490223690867424,0.3231417428702116,0.820288313097424,-0.04971645772457123,0.30096979255322365,0.8285651312934028,-0.03975226357579231,0.34996113684028385,0.8589671995904711,-0.04714887589216232,0.33502809682395307,0.865103628900316,-0.04109857231378555,0.31621879923623053,0.856570871008767,-0.03855478763580322,0.2942852971842512,0.8757972313298119,-0.04601787403225899,0.3393223982071504,0.9002844658162859,-0.048934318125247955,0.3241364758228883,0.9020025630791982,-0.034906335175037384,0.30574779214803127,0.8932198113865323,-0.02774817869067192,0.286391556286253,0.9214675135082668,-0.05228208005428314,0.3240498192841187,0.9358591516812642,-0.0511893630027771,0.31184378629550336,0.9327504694461822,-0.038728855550289154,0.29557974545750765,0.9233952701091767,-0.03130069002509117
303,10.109126506024097,1,Right,0.9912754893302917,0.7088955318555236,0.8417214433352153,-1.7233780624792416e-07,0.6840410450473428,0.7842082262039185,0.0036444528959691525,0.654172420874238,0.7406087570720249,-0.005820823833346367,0.6378209706395864,0.7007340802086724,-0.014491063542664051,0.6367693579755723,0.6561291337013244,-0.023760011419653893,0.6461322101764381,0.7648156026999156,-0.04795956611633301,0.5990862247068435,0.8020334409342872,-0.05429522693157196,0.6111350661609322,0.8030946056048075,-0.046027496457099915,0.6255531254224479,0.7946144289440579,-0.03968868777155876,0.6537311423104256,0.8075141357051001,-0.05539791285991669,0.6054363473318517,0.8380340569549136,-0.060428112745285034,0.6175309313926846,0.835766585667928,-0.04848456010222435,0.6316004434134811,0.8290403147538503,-0.04262707009911537,0.6617054130416363,0.8515126009782156,-0.05915047600865364,0.6143149301875382,0.8708770036697387,-0.06068296730518341,0.6253341735806316,0.8678921646542019,-0.04487380012869835,0.6400169792119413,0.8615334298875597,-0.03721022605895996,0.6701580340974033,0.8936647772789001,-0.06212954595685005,0.6296287864912301,0.9190585831801097,-0.06658205389976501,0.6180243388749659,0.9109264188342624,-0.061166778206825256,0.6134619681630283,0.8969737562868331,-0.05845209211111069
304,10.142489959839358,0,Left,0.9956669807434082,0.23456136009190232,0.8852528896596696,-1.6158695359536068e-07,0.25822716671973467,0.825223982334137,-0.0007114504114724696,0.2908673076890409,0.7680177774694231,-0.01108292955905199,0.3073067783843726,0.7210525770982107,-0.021425388753414154,0.3121083725709468,0.6753964940706889,-0.029747912660241127,0.3044528290629387,0.7901207970248328,-0.0327613539993763,0.3532263161614537,0.8201726343896654,-0.046670131385326385,0.3416901882737875,0.8341760589016809,-0.04940361902117729,0.3246677757706493,0.8270483513673147,-0.049566976726055145,0.2990269165020436,0.833234699567159,-0.0404801070690155,0.3500742798205465,0.8623066624005635,-0.048479948192834854,0.3353788275271654,0.8705021017127567,-0.04213811829686165,0.3162355364765972,0.8619282106558482,-0.0390818789601326,0.2924804510548711,0.8798986117045084,-0.046877648681402206,0.33937165327370167,0.9030931022432115,-0.04992760717868805,0.3245402604807168,0.9067485849062602,-0.0354088693857193,0.3062785668298602,0.8985064658853743,-0.027751773595809937,0.28470457694493234,0.9256442824999491,-0.05319233983755112,0.32358565321192145,0.9386069536209106,-0.051748938858509064,0.31169760483317077,0.9368252707852258,-0.03876322880387306,0.29578010947443545,0.9282553732395172,-0.030927259474992752
304,10.142489959839358,1,Right,0.989435613155365,0.7079864130355418,0.8426863643858168,-1.4527275027376163e-07,0.6843150369822979,0.785555237531662,0.002577423583716154,0.6549099697731435,0.7425147268507216,-0.007328346837311983,0.6381324310787022,0.7028529485066731,-0.01616768352687359,0.6368943387642503,0.6576209763685862,-0.02571115456521511,0.6465556249022484,0.7670304927561018,-0.048597630113363266,0.5995751568116248,0.8053099393844605,-0.055032748728990555,0.6113100782968104,0.8047979712486267,-0.047319792211055756,0.6257871212437749,0.795858363310496,-0.041233714669942856,0.6537438277155161,0.8097510344452328,-0.055237337946891785,0.6059402218088508,0.8406764301988814,-0.059973154217004776,0.6176624279469252,0.8368431919150883,-0.048809755593538284,0.6318868179805577,0.8298841880427467,-0.043603941798210144,0.6613059444352984,0.8533198422855801,-0.0581580214202404,0.613807765301317,0.8732166687647501,-0.0596463680267334,0.6244084881618619,0.8694028211964502,-0.044419702142477036,0.6391033977270126,0.862651879257626,-0.0370769128203392,0.6695576361380517,0.8951922509405348,-0.0603230856359005,0.6286321026273072,0.9200178689426846,-0.06430757790803909,0.61720090219751,0.9114808513058557,-0.058494940400123596,0.6126023917458951,0.8977741890483433,-0.05546688288450241
305,10.175853413654618,0,Left,0.9946697354316711,0.23612454370595515,0.8888127942879994,-1.6927867818594677e-07,0.25922641686629505,0.8295835653940836,-0.0015017542755231261,0.2904892358928919,0.772600198454327,-0.012192699126899242,0.3066441178554669,0.7259842971960704,-0.022733580321073532,0.3111008562380448,0.6801971826288435,-0.03133030980825424,0.30628577102907,0.7941636946466234,-0.032949596643447876,0.3535730428993702,0.8266198476155598,-0.0467638298869133,0.3407271589618176,0.8369539896647136,-0.04980123043060303,0.3237767055165023,0.8284513605965509,-0.05041913315653801,0.30118883280083536,0.8385670575830672,-0.040355220437049866,0.35072785266675055,0.8683774206373427,-0.047968871891498566,0.33536269748583436,0.8732714242405362,-0.04154961183667183,0.3162444495363161,0.8646061705218421,-0.03876526653766632,0.2948497930541635,0.8854878856076135,-0.04657282307744026,0.3400299220113084,0.9092631657918294,-0.04952283576130867,0.3245895803906024,0.9103162546952566,-0.034967076033353806,0.30620732898823916,0.9020106388462914,-0.0275326669216156,0.28747803564183416,0.9310005572107103,-0.05281057953834534,0.32489012107253074,0.9442565295431349,-0.051592934876680374,0.31216138750314715,0.9413766311274634,-0.03872593492269516,0.2960451625986025,0.9329342597060734,-0.03108675591647625
305,10.175853413654618,1,Right,0.9923926591873169,0.7099167261738331,0.8473688893847995,-1.7778657479539106e-07,0.6855719055514783,0.7894565873675876,0.0031803452875465155,0.6553967392537743,0.7451825698216756,-0.006653841119259596,0.6386547468136996,0.7049423979388343,-0.015652775764465332,0.6376953442580998,0.6603764990965525,-0.025145987048745155,0.6476938333828002,0.7691277073489295,-0.048564836382865906,0.5995022734627128,0.8057708349492815,-0.05600815638899803,0.6115337444469333,0.8076718350251516,-0.0485338419675827,0.6262130700983107,0.7989282641145918,-0.0424964539706707,0.6548890192992985,0.8123940732744005,-0.05588206648826599,0.6055374400224537,0.8422497848669688,-0.06179461628198624,0.6176640155725182,0.8410246200031705,-0.049928005784749985,0.6319052962586283,0.8339788681930966,-0.04382435604929924,0.6622792336624116,0.8567154361142053,-0.05965318903326988,0.6144840367604048,0.8755489236778683,-0.0617431104183197,0.6252647417131811,0.8731362217002445,-0.04589749500155449,0.6401076164562255,0.8665041089057922,-0.03792092204093933,0.67008062787354,0.8987670203049978,-0.06272215396165848,0.6288885589223355,0.9240011301305558,-0.06717482209205627,0.6170078197028488,0.9154760930273268,-0.06172593683004379,0.6128908430226148,0.9005203048388163,-0.058876242488622665
306,10.209216867469879,0,Left,0.9930616021156311,0.23770952941849827,0.887224291347795,-1.5645281337128836e-07,0.2613241138868034,0.8293828757272826,-0.0018282616510987282,0.29399824850261214,0.7727772274778949,-0.011551122181117535,0.31038493290543556,0.7268200301461749,-0.021312138065695763,0.31433035004884,0.6826551871167289,-0.029170099645853043,0.3082559107802808,0.7940206718113687,-0.02962069772183895,0.35405323943123224,0.8268666971060965,-0.04440070688724518,0.34096660669893025,0.8335228868656688,-0.0491069070994854,0.32445912761613727,0.8237855165368981,-0.050725847482681274,0.3026409031823277,0.8388629679878553,-0.03703233227133751,0.35216265395283697,0.8662759040792783,-0.04626954346895218,0.3371146013960242,0.8692526055706872,-0.041740309447050095,0.3183634329587221,0.8618744516538249,-0.03941577672958374,0.2961056592874229,0.885798477464252,-0.043601345270872116,0.3403433864936233,0.9076175089511607,-0.04831878840923309,0.3249654177576303,0.907350044283602,-0.035433463752269745,0.30685801301151516,0.8996194340288639,-0.02813943661749363,0.2886701632291079,0.9313716842896409,-0.05020132288336754,0.32539868699386715,0.942955043580797,-0.04975621774792671,0.31246679145842793,0.9387169310616122,-0.03763101249933243,0.2960098829120398,0.9311424415144656,-0.030107077211141586
306,10.209216867469879,1,Right,0.9856427907943726,0.7046607514843345,0.843036462035444,-1.5722616808488965e-07,0.6822823356837034,0.7849309034645557,0.003896331647410989,0.6529614420607686,0.7423987065752348,-0.004784672521054745,0.6367441905662418,0.7037285152408812,-0.013445630669593811,0.6352838741615414,0.6605259958240721,-0.023192759603261948,0.6450814388692379,0.7693434577021334,-0.04049373418092728,0.5986115144565701,0.8018264414535629,-0.04973921552300453,0.6104800049215555,0.8013761937618256,-0.04750344902276993,0.6253891346976161,0.7926973439753056,-0.04479726403951645,0.6514771243557334,0.812620472162962,-0.04777359589934349,0.603597174398601,0.836894031200144,-0.05359823256731033,0.6154835132882,0.8335456517007616,-0.0457816906273365,0.6304288484156132,0.8277882300317287,-0.04248097911477089,0.6580548536032438,0.8561650398704741,-0.05197475105524063,0.6120134439319372,0.8695816770195961,-0.05394787713885307,0.622549150325358,0.8663672734465864,-0.040877871215343475,0.6372493874281645,0.8612428824934695,-0.03449751436710358,0.6650314010679722,0.8972938333948454,-0.05549940839409828,0.6247243698686361,0.9206395703885291,-0.05819607526063919,0.6147326590493322,0.9097628510660596,-0.05214890092611313,0.6123476315289735,0.8937462394436201,-0.048969730734825134
307,10.242580321285141,0,Left,0.9928489327430725,0.23812020788900554,0.8940451497005092,-1.796715451973796e-07,0.26065638633444904,0.8364310724039873,-0.0025765695609152317,0.29341581696644425,0.7798957116901875,-0.013064992614090443,0.31061606989242135,0.7349220083819495,-0.0234807338565588,0.3165353477466851,0.6904883719980717,-0.03178941085934639,0.3075144221074879,0.8003178060882621,-0.031823668628931046,0.35550910816527903,0.8299177607728375,-0.047427911311388016,0.34119407618418335,0.8398368068867259,-0.052443210035562515,0.3239506688900292,0.8304624781012535,-0.05407978221774101,0.30227400050498543,0.8439585264358256,-0.039126280695199966,0.3527810366358608,0.872150294482708,-0.048067107796669006,0.3366999253630638,0.8771223736306032,-0.04278402030467987,0.3175630918238312,0.8685055292314954,-0.0401088148355484,0.29552612351253627,0.8907391110228168,-0.0456354133784771,0.3410501779057086,0.9136433696581258,-0.049771249294281006,0.32500504120253026,0.914891449527608,-0.035473961383104324,0.30648942398838697,0.9069728300803237,-0.02752193808555603,0.2874723797198385,0.9369567309816679,-0.0523243173956871,0.32547349156811833,0.949431417716874,-0.05170508101582527,0.31245948947034774,0.9463165327906609,-0.03866717964410782,0.29597290852107105,0.9386601518425677,-0.030559906736016273
307,10.242580321285141,1,Right,0.9898357391357422,0.705341971386224,0.8453539133899741,-1.652290393394651e-07,0.682446223590523,0.7885465261836847,0.0036712957080453634,0.6525537243112922,0.745640923993455,-0.005765873473137617,0.6361415613442659,0.70727362897661,-0.01542950514703989,0.6351087788119912,0.6644265775879225,-0.026221338659524918,0.6457158353179693,0.769920550700691,-0.04093176871538162,0.597867239266634,0.8023084890511301,-0.051876652985811234,0.6094382530078292,0.8039892779456245,-0.05112747848033905,0.6243325813673437,0.795930659191476,-0.04927103593945503,0.6527611575089395,0.8129598630799187,-0.048746343702077866,0.6033522526733577,0.8388337368766466,-0.0562453493475914,0.6149676552042365,0.8366450352801217,-0.04905278980731964,0.6302461153827608,0.8305247935156027,-0.045846838504076004,0.6594048140570521,0.8569849725398753,-0.05368229001760483,0.6120049428194761,0.8718876130878925,-0.05678604170680046,0.6222389521077275,0.8691962249577045,-0.043641600757837296,0.6373231294564903,0.8640011921525002,-0.0368226058781147,0.6659190830774605,0.8987842657499843,-0.05804827809333801,0.6246823005378246,0.9231183243294557,-0.06107499822974205,0.6147111978381872,0.912514960186349,-0.05487486347556114,0.6130573753267526,0.8963555590146117,-0.051482491195201874
308,10.275943775100401,0,Left,0.9939039945602417,0.23582069645635784,0.9049203188882934,-1.8227554221539322e-07,0.2596637913957238,0.8482931459115611,-0.0016660501714795828,0.2956571215763688,0.794213552855783,-0.012049618177115917,0.3169301291927695,0.7508301991555426,-0.02200128883123398,0.3251388978678733,0.7060044672754076,-0.029709801077842712,0.3059160956181586,0.8115777187049389,-0.035886287689208984,0.35551684023812413,0.8412757304807504,-0.05144532769918442,0.3436278165318072,0.8547409975694286,-0.05468731373548508,0.326387730659917,0.8481618273589346,-0.05481122434139252,0.2997162516694516,0.8547748347951306,-0.04368201270699501,0.35345325665548444,0.88489621049828,-0.0546073243021965,0.3383522154763341,0.8914420749578211,-0.0484866201877594,0.31859650183469057,0.88200853102737,-0.044511351734399796,0.2925348402932286,0.9015754382643435,-0.050051383674144745,0.34067880432121456,0.9262353794442283,-0.055379725992679596,0.3253519528079778,0.9281967870063252,-0.040071602910757065,0.3074114911723882,0.9189882783426179,-0.03098776936531067,0.28414211492054164,0.9477473071051968,-0.056310489773750305,0.323915675515309,0.961227455486854,-0.055547136813402176,0.3115982997696847,0.9582919875780741,-0.041497599333524704,0.2957899570465088,0.9494948846598467,-0.03251376375555992
308,10.275943775100401,1,Right,0.9912658333778381,0.7059142393991351,0.8493002462718222,-1.670270393105966e-07,0.6832108339294791,0.7922933345867528,0.0034408599603921175,0.6533871283754706,0.7488674629065726,-0.006722603924572468,0.6368034719489515,0.7098906549314657,-0.01671837829053402,0.6359335142187774,0.6652510720822546,-0.02768205665051937,0.6463387766852975,0.7726153934167491,-0.04517536982893944,0.5979370889253914,0.8054446772568755,-0.05525704473257065,0.6093466393649578,0.8065927512943745,-0.05223088711500168,0.6240319842472672,0.7983821307619413,-0.04895651713013649,0.6535755195654929,0.8154189524551233,-0.053101975470781326,0.6037113461643457,0.8420671849615045,-0.060150980949401855,0.6153214452788234,0.839476024111112,-0.05119115114212036,0.630269322078675,0.8333948014511002,-0.04711129516363144,0.6604072786867619,0.8597268950608041,-0.057826485484838486,0.6123612970113754,0.8747528820402093,-0.060527410358190536,0.6230075168423355,0.8719564390679201,-0.04590168222784996,0.6382190715521574,0.8667857212324938,-0.03856421634554863,0.6670047072693706,0.9017857251067957,-0.06194603443145752,0.6251649223268032,0.9263470334311327,-0.06548915803432465,0.6140584121458232,0.9161597697271241,-0.059358272701501846,0.611086156219244,0.900458101183176,-0.056201305240392685
309,10.309307228915662,0,Left,0.9919912815093994,0.23470454355701803,0.918247579700417,-1.958795081691278e-07,0.26224768741521987,0.8664181621538268,-0.0009280556114390492,0.3016438938677311,0.8190397570530573,-0.009409427642822266,0.3267081065569073,0.7842830800347858,-0.017928795889019966,0.34028768092393874,0.7456818918387095,-0.02409309893846512,0.3067927782889456,0.8315465537210306,-0.03294748440384865,0.3571078575681895,0.8696047961711884,-0.05103045329451561,0.3454664800316095,0.881966500232617,-0.05643114075064659,0.3271066663786769,0.8753880386551222,-0.057193491607904434,0.29867505142465234,0.8752131834626198,-0.04115091636776924,0.35372352246195077,0.913077304760615,-0.053688738495111465,0.3390402704011649,0.9168945778575208,-0.04864748939871788,0.3198125872761011,0.9061855831080012,-0.04505138471722603,0.28992977873422204,0.9218257777392864,-0.04837930202484131,0.33963630641810594,0.9546426605019305,-0.05497250333428383,0.3246736379340291,0.9525901935994625,-0.040304217487573624,0.30748839904554187,0.9403357145686945,-0.0312608927488327,0.2803092253860086,0.9656183669964472,-0.05558611452579498,0.32148098750039933,0.9870010134246614,-0.05496840924024582,0.309749620500952,0.9803172755572531,-0.04123842716217041,0.29367522508837285,0.9674631158510844,-0.03243117406964302
309,10.309307228915662,1,Right,0.9886391758918762,0.7035651545971632,0.8536246791481972,-2.102138410009502e-07,0.6823367703706026,0.7979475615753068,0.0025191300082951784,0.652669352479279,0.7545349767638577,-0.007596490904688835,0.6353645775467157,0.7152023464441299,-0.01777043007314205,0.6350677865557373,0.6705757847262753,-0.028871707618236542,0.6475315357558429,0.7746638742585977,-0.042131658643484116,0.597770332172513,0.8068831579552757,-0.05354780703783035,0.6088412692770362,0.8146489784121513,-0.052695319056510925,0.6233358305878938,0.8073980684081713,-0.051236413419246674,0.6544898537918925,0.8158128195338779,-0.05021469295024872,0.603530001360923,0.8444847750167052,-0.059433713555336,0.6144610093906522,0.8468334505127536,-0.05265752971172333,0.6294375922530889,0.8397856081525484,-0.04962735250592232,0.6611163372173905,0.859237362527185,-0.05558881536126137,0.6131130570545793,0.8768307268619537,-0.0606449730694294,0.6229549643583596,0.8768653170102172,-0.04816420376300812,0.6374230711720884,0.8699787329468462,-0.04166349023580551,0.6669767200015485,0.9003754125701057,-0.06040316820144653,0.6273227539844811,0.9267552946176794,-0.06523397564888,0.6148196420632303,0.9197957656449742,-0.060804691165685654,0.6095906824804842,0.9043131089872785,-0.058865536004304886
310,10.342670682730924,0,Left,0.9886318445205688,0.24203740996308626,0.9569713614053197,-1.197184218426628e-07,0.2693304073764011,0.9110150498648485,-0.005500208120793104,0.30896238195709885,0.8779136952426698,-0.016118183732032776,0.33837650357745586,0.8510581875840822,-0.02657424472272396,0.3545831436756998,0.8133396460778184,-0.034561384469270706,0.30635208603926,0.8738867110676236,-0.032869257032871246,0.3579232887830585,0.9105540840990014,-0.05465998500585556,0.3521807472221553,0.9313835096028116,-0.06333191692829132,0.33694007699377837,0.9298196008635892,-0.06511315703392029,0.2967659861780703,0.9132739504178365,-0.038911741226911545,0.35350712058134376,0.9534648238784738,-0.053148820996284485,0.3450370199047029,0.9642133249176873,-0.049757394939661026,0.3291344836354256,0.9575862334006362,-0.046824343502521515,0.2870253358967602,0.9544247115651766,-0.045128609985113144,0.33942347262054684,0.9903016044861741,-0.05308384448289871,0.3305787388700992,0.9944663734899627,-0.03961271792650223,0.3159411841072142,0.9867377119759718,-0.030553963035345078,0.27789693847298624,0.991478953924444,-0.052043501287698746,0.32013320066034795,1.0151406526565552,-0.05179547891020775,0.3155067772604525,1.0172977315054998,-0.03953191265463829,0.30416106316260993,1.0113716108931436,-0.031451690942049026
310,10.342670682730924,1,Right,0.9898918867111206,0.7014670762233436,0.8570714700553153,-2.2970428403823462e-07,0.679722510278225,0.8050937710536851,0.00197737873531878,0.6510150136426092,0.760684626797835,-0.008546059019863605,0.6335598345845938,0.7220733405815231,-0.018210312351584435,0.6290616678074002,0.6789476192659802,-0.028491823002696037,0.6484831945970655,0.7768446923130088,-0.04990589618682861,0.5983149146661162,0.8086106723381413,-0.05931881070137024,0.6054499329067766,0.8232787996530533,-0.05336091294884682,0.6184540598653256,0.8206227988832526,-0.04890330135822296,0.6560595203191042,0.8145326297316287,-0.058012135326862335,0.6039892827160657,0.8496952205896378,-0.06828448176383972,0.6127860689535737,0.8566279543770684,-0.05840190872550011,0.6269600200466812,0.8493870095246367,-0.0533498115837574,0.6634972622618079,0.8570589361091455,-0.06295394897460938,0.6135564653202892,0.8824185637964143,-0.06969598680734634,0.6229391868226231,0.8869713536567159,-0.05499168857932091,0.6367628236301244,0.8797376722925239,-0.04732368886470795,0.6698697841726243,0.8987377174198627,-0.06709828972816467,0.6319720699451864,0.9240582374234995,-0.07632677257061005,0.6155624560080468,0.9234344189365705,-0.07424238324165344,0.6043158493004739,0.914808185150226,-0.0738639235496521
311,10.376034136546185,0,Left,0.9929865002632141,0.24153483277186752,1.0036039219962225,-1.212939508832278e-07,0.2694846109487116,0.9672384321689605,-0.00632827915251255,0.3102058873511851,0.9471763630708059,-0.01386629231274128,0.3435524639673531,0.9347992294364506,-0.021353356540203094,0.3670260734856129,0.908591279718611,-0.027030035853385925,0.3096128528006375,0.9554081877072652,-0.02389517053961754,0.35507244765758517,0.9850416382153829,-0.041215553879737854,0.35464536156505344,1.0078423685497708,-0.04786674305796623,0.344235350843519,1.0151191671689352,-0.04887525737285614,0.30102645782753823,0.9886122365792592,-0.028533779084682465,0.34780908562242985,1.0226464920573763,-0.038787033408880234,0.3443437901325524,1.0402828137079874,-0.036895934492349625,0.3331750954501331,1.043108622233073,-0.035683609545230865,0.2909703585319221,1.0221163312594095,-0.033951111137866974,0.3327674704603851,1.0533892512321472,-0.04129714146256447,0.328761312738061,1.0687064965566,-0.031954292207956314,0.3182821759954095,1.0721456196573045,-0.025541111826896667,0.28047668347135185,1.0495947943793402,-0.040006402879953384,0.3133083919994533,1.0747474365764194,-0.0420265831053257,0.3117390127852559,1.0870336069001092,-0.03339459374547005,0.3035523985512555,1.0915432572364807,-0.027221547439694405
311,10.376034136546185,1,Right,0.9906544089317322,0.6988879319280386,0.8630045062965817,-2.1537950090078084e-07,0.6771034587174654,0.8163928204112583,-0.0014337536413222551,0.6465474110096693,0.7774782280127207,-0.013312768191099167,0.6261450901627541,0.7428532434834374,-0.023761549964547157,0.6140193969011307,0.7057906640900506,-0.03575291857123375,0.6498402019962668,0.7784977270497216,-0.050323158502578735,0.6033057607710361,0.8033809847301907,-0.06779258698225021,0.5871408995240927,0.8394612934854295,-0.07055257260799408,0.5815418068319559,0.8650863236851163,-0.0707065761089325,0.6594131322577595,0.8120216561688317,-0.058017946779727936,0.6090057015419006,0.8481586727831099,-0.0742931216955185,0.5982276551425457,0.8749859717157152,-0.06978878378868103,0.60052406527102,0.8878856341044108,-0.06691565364599228,0.6676673082634806,0.8542540576722887,-0.06381066888570786,0.6189643573015928,0.8835083021057977,-0.07678994536399841,0.6073158061131835,0.9036389708518981,-0.06663660705089569,0.6062024286016822,0.9116936167081197,-0.059786614030599594,0.6736292148008942,0.8977472106615703,-0.06885030120611191,0.6359237192198635,0.9227183255884382,-0.08119288086891174,0.6162789551541209,0.9316630363464355,-0.07937418669462204,0.6030552048236132,0.9326503654321034,-0.0774163082242012
312,10.409397590361445,0,Right,0.9770705699920654,0.6887780575081706,0.8809929922223091,-3.1926995802677993e-07,0.6585115942638368,0.8479248652855556,-0.0069098398089408875,0.6298512158449739,0.8138926399250825,-0.019452271983027458,0.608924146136269,0.782193819930156,-0.030951717868447304,0.5955135499127209,0.7453777253627777,-0.044284842908382416,0.6436009915079921,0.7757558723290762,-0.04658135771751404,0.6103230590932072,0.7877106127639611,-0.0725422129034996,0.5900055241771043,0.8234384012718995,-0.08573947101831436,0.5762270645238459,0.8584017838040988,-0.0929795578122139,0.6597973453812301,0.7961730470259984,-0.055445969104766846,0.6173739424441009,0.8359918634096781,-0.07795971632003784,0.5945383379701525,0.8790518589317798,-0.08428972959518433,0.5800049559213221,0.9146036940316359,-0.09003160148859024,0.6737867373041808,0.8322597662607829,-0.0639803409576416,0.6325131863355636,0.8699602956573168,-0.08501657843589783,0.6092114670202136,0.9056563432017962,-0.0866364985704422,0.5917192614171654,0.9327056010564169,-0.08797448128461838,0.6847365444991738,0.8748499599595865,-0.07202529907226562,0.657876086467877,0.9008255819479625,-0.09125398099422455,0.6405072744935751,0.9150236616532008,-0.09535443037748337,0.6258610804099589,0.9251725013057391,-0.09760816395282745
313,10.442761044176708,0,Right,0.9963247179985046,0.6587558274623007,0.9216446035438114,-2.300134127608544e-07,0.6275591615121812,0.8974584798018138,-0.00828648917376995,0.605793429305777,0.8489838653140598,-0.01522742584347725,0.5916549889370799,0.8113245222303602,-0.022436199709773064,0.5766427968628705,0.7825271798504724,-0.029654597863554955,0.6292530687060207,0.8078464845816294,-0.023858454078435898,0.6148548575583845,0.7807141701380412,-0.04686515033245087,0.6011611490976065,0.7902017765574985,-0.0627753958106041,0.5878323200158775,0.8071494837601979,-0.0722428560256958,0.6481709079816937,0.8159933361742232,-0.03220002353191376,0.6322468717116863,0.7969480593999226,-0.05421019718050957,0.6141423946246505,0.8225280960400899,-0.06455306708812714,0.6001467385794967,0.8534220761722988,-0.07044871896505356,0.6667590430006385,0.8366527458031973,-0.042017631232738495,0.6569715652149171,0.8183617101775276,-0.06373747438192368,0.6395350403618068,0.8357756819989947,-0.07040128111839294,0.6241679713129997,0.859026880396737,-0.07325806468725204,0.6845965392421931,0.866557444466485,-0.05207308009266853,0.6875635858159512,0.8500506209002601,-0.07156393676996231,0.6816861729603261,0.8506949517461989,-0.0779159814119339,0.6738247415050864,0.8571092850632138,-0.08080017566680908
314,10.476124497991968,0,Right,0.9831473231315613,0.6480421343818307,0.9371624502042929,1.2998462750601902e-07,0.6195955734699965,0.9198163693149884,-0.016714803874492645,0.6008325746748596,0.8739984663824241,-0.028169268742203712,0.5851023291703313,0.8372041992843151,-0.038268573582172394,0.5661811362951994,0.812848566720883,-0.048652224242687225,0.6189445683732628,0.8225829511880874,-0.022840606048703194,0.6127593859098852,0.7779467545449734,-0.044861603528261185,0.6052275723777711,0.7595738045871258,-0.06213284656405449,0.5948261134792119,0.7540108673274517,-0.0724576860666275,0.640715513471514,0.8217672884464264,-0.02747969515621662,0.6433169976808131,0.77404537225763,-0.04764270782470703,0.636583881964907,0.7537233315408229,-0.062191132456064224,0.6264418264850974,0.7433846684793631,-0.0707724317908287,0.6618845522869379,0.8354068338871002,-0.03448979929089546,0.6658999159000814,0.7929602747162183,-0.05422627180814743,0.6618429034948349,0.768156089882056,-0.06431911140680313,0.6555284155998379,0.7482333006958167,-0.06948929280042648,0.6806338794995099,0.8573766484856605,-0.042352765798568726,0.6901202934328466,0.8209592719872792,-0.059161506593227386,0.6944537095725536,0.7946623283127944,-0.0652148500084877,0.6963155809789896,0.770365243156751,-0.06812844425439835
315,10.509487951807229,0,Right,0.9477939009666443,0.6516187358647585,0.944956990579764,3.1276749723474495e-07,0.6177490031346679,0.9296519781152407,-0.01979467086493969,0.5948409393895417,0.887586755057176,-0.031165098771452904,0.5812740806490183,0.8454941476384799,-0.04092416912317276,0.5638799902983009,0.8172643837829431,-0.05045736953616142,0.6115885662380606,0.817402416964372,-0.016556337475776672,0.6019486012868583,0.7670707623163859,-0.03179369494318962,0.5957908457145095,0.7360490828752517,-0.044887725263834,0.590240806620568,0.707061181217432,-0.05493626743555069,0.6339277360588312,0.8059677571058274,-0.019724871963262558,0.6302976006641984,0.7455535898605983,-0.03330628573894501,0.6280523881316185,0.7067402151723703,-0.04645553231239319,0.6254345848225057,0.6706906159718832,-0.05605897679924965,0.6554926451761276,0.8097160803774993,-0.02564980275928974,0.6551205075811595,0.7505707070231438,-0.04187440499663353,0.6543983249925077,0.7122507398327191,-0.0535411536693573,0.6521432179957628,0.6758168704807759,-0.06113041564822197,0.6761514177545905,0.8248140652974446,-0.032882556319236755,0.6830451401881874,0.7780987021823724,-0.04740387573838234,0.686794311273843,0.7458749560018381,-0.05371227487921715,0.6881509102880955,0.7144042797386646,-0.05756226181983948
316,10.54285140562249,0,Right,0.9578424692153931,0.6389767529442907,0.9444001900653044,4.373605975160899e-07,0.6067765459418297,0.931342962384224,-0.021930210292339325,0.5847859356552363,0.8874661482870578,-0.03412089869379997,0.5745155729353428,0.8424883139630158,-0.04419355466961861,0.5594360150396824,0.8111701632539431,-0.054400209337472916,0.6002053909003735,0.806828897446394,-0.021513544023036957,0.589368411526084,0.7508951850235462,-0.039292946457862854,0.5829989138990641,0.7130641353627046,-0.05448044463992119,0.5787741692736745,0.6790900128583114,-0.06584280729293823,0.6221875382587314,0.7934020253519217,-0.02513357810676098,0.6169705243781209,0.723708605269591,-0.04042092710733414,0.6139679282903672,0.6759661063551903,-0.05568520724773407,0.6115566475316883,0.6348539123932521,-0.06673666834831238,0.6437203513458372,0.7978480719029903,-0.03142315521836281,0.6412717320024968,0.7292098388075828,-0.04934186488389969,0.6389602629467845,0.6848040975630283,-0.06318492442369461,0.6362960750237108,0.6448092833161354,-0.07255607843399048,0.6654678612947464,0.8159957677125931,-0.03912188485264778,0.6717513857409358,0.7635317782560984,-0.05645960569381714,0.675005072914064,0.7267585828900337,-0.0644177719950676,0.676599662937224,0.6916352063417435,-0.06921541690826416
317,10.576214859437751,0,Right,0.9503047466278076,0.6281049244105816,0.9471950461467107,4.2502847463765647e-07,0.5956821603700518,0.9297315514749951,-0.022604860365390778,0.574314833432436,0.8832971228493585,-0.0350814089179039,0.5643360020592809,0.8375951647758484,-0.04581395164132118,0.5483475239947438,0.8051934752199384,-0.05641312897205353,0.5881359584629535,0.8007880073454645,-0.02054736576974392,0.5747628705576062,0.7386039920979076,-0.03918632119894028,0.5672029102221131,0.6983336109254096,-0.05483052507042885,0.5620131265372038,0.6621135077542729,-0.06623844802379608,0.6102009944617748,0.7876759560571777,-0.024285046383738518,0.6036054477095604,0.7125941168930795,-0.039329878985881805,0.6002441765740514,0.6624769371416833,-0.05427848920226097,0.5980855662375688,0.6193002565867372,-0.06520424038171768,0.6322278203442693,0.791670828892125,-0.030957404524087906,0.6277993828058243,0.7190234321686957,-0.04737108573317528,0.6253530994057656,0.6740758573015531,-0.05906016752123833,0.6231433913111687,0.6344307884573936,-0.067154161632061,0.6547662507742643,0.8080944968594446,-0.039609506726264954,0.6601694816723466,0.7536999402774704,-0.05430803820490837,0.6629770021885634,0.7171580952074793,-0.059780318289995193,0.6643368225544691,0.6832865653766527,-0.0629705935716629
318,10.609578313253012,0,Right,0.9133927822113037,0.6188560035079718,0.9461511599520842,4.115363196888211e-07,0.5845679058693349,0.9268984436988831,-0.020869918167591095,0.562542303930968,0.8767544156975217,-0.03134489431977272,0.5532509223558009,0.8284930242432489,-0.04035616293549538,0.5361220855265856,0.7969722482893202,-0.049172915518283844,0.5767088308930397,0.7901792822612657,-0.016530081629753113,0.56276526581496,0.7245352280636629,-0.033446893095970154,0.5545576578006148,0.682929326262739,-0.04789846017956734,0.5486382390372455,0.6469638824462891,-0.05840025097131729,0.599086229223758,0.7787827094395955,-0.020634792745113373,0.5922282561659813,0.7015667676925659,-0.03374255448579788,0.5882825548760593,0.6516318769090705,-0.04729589447379112,0.58541199285537,0.6101193439215422,-0.05730181932449341,0.6210535326972604,0.7842269702090158,-0.027854884043335915,0.6175868306308985,0.7108729053702619,-0.04271913319826126,0.6149110160768032,0.6657855181230439,-0.054213665425777435,0.6118349987082183,0.626655529687802,-0.06247681751847267,0.6434126426465809,0.8017344816691345,-0.037046730518341064,0.6490565799176693,0.7474007484813531,-0.05098613724112511,0.6513431034982204,0.7120653935604625,-0.05658494681119919,0.6520128729753196,0.679479744616482,-0.05999591201543808
319,10.642941767068272,0,Right,0.8859416246414185,0.610305085266009,0.9431404769420624,4.495132941428892e-07,0.5746531683951617,0.9210945516824722,-0.021736113354563713,0.5518885657656938,0.8683442622423172,-0.031366173177957535,0.5424727880395949,0.8173789829015732,-0.03932896628975868,0.52623305846937,0.7822634130716324,-0.04648177698254585,0.5665251282975078,0.7799654304981232,-0.014041476882994175,0.5525719346012921,0.7114340960979462,-0.029789317399263382,0.5448261029552668,0.6688220649957657,-0.04356997832655907,0.5393105704337359,0.6324240863323212,-0.053449153900146484,0.589313232852146,0.7691851854324341,-0.017229849472641945,0.5826544659677892,0.6896228641271591,-0.0277095977216959,0.5787230639252812,0.6402314603328705,-0.039310090243816376,0.5761685725301504,0.6008416339755058,-0.047943565994501114,0.6117527702823281,0.7757459133863449,-0.023869605734944344,0.6077996793203055,0.7016942352056503,-0.03600090369582176,0.6047493980266154,0.6589181423187256,-0.044771358370780945,0.6019392728339881,0.6228642016649246,-0.05141590163111687,0.6345993946306407,0.7951360046863556,-0.0329093262553215,0.640004065213725,0.7420356869697571,-0.0443698950111866,0.6424950006883592,0.709009513258934,-0.047497909516096115,0.6438111084979028,0.6791355609893799,-0.04913405701518059
320,10.676305220883535,0,Right,0.8400728106498718,0.6026203594636173,0.93557508289814,4.3507282043719897e-07,0.5670819747261703,0.9106647819280624,-0.021429410204291344,0.5441413477994501,0.8558450788259506,-0.03044104389846325,0.5337998030241579,0.8045726865530014,-0.038105759769678116,0.5167660998180509,0.7702213227748871,-0.0451166145503521,0.5602756250184029,0.768751472234726,-0.012386712245643139,0.546213643020019,0.6985729932785034,-0.028363917022943497,0.5387436992954463,0.6551118195056915,-0.04238899052143097,0.5336052904836833,0.6183499991893768,-0.05260518193244934,0.5831686750054359,0.7585890740156174,-0.01597529463469982,0.5758912573102861,0.6795676201581955,-0.02721710503101349,0.5723205036949366,0.6305801570415497,-0.03955782949924469,0.5701078614685684,0.5912150293588638,-0.04888300225138664,0.605401044525206,0.7657448053359985,-0.023234477266669273,0.6021214472129941,0.6918130666017532,-0.03663690760731697,0.5999829349573702,0.6492789089679718,-0.04618864506483078,0.5975010873749852,0.6128605008125305,-0.05347215011715889,0.6280652153305709,0.7858116179704666,-0.03283851966261864,0.6344655552878976,0.7341002374887466,-0.04545895755290985,0.6372257461771369,0.7009622156620026,-0.049393750727176666,0.6384148054756225,0.6701830178499222,-0.051804620772600174
321,10.709668674698795,0,Right,0.8636177182197571,0.5981398612260819,0.9329117036528057,4.386902503483725e-07,0.5620408594608307,0.9062217967377768,-0.02456558123230934,0.5389936417341232,0.8487138057748477,-0.03468702733516693,0.5286210119724274,0.7948205553823047,-0.042826078832149506,0.5122033774852752,0.7554747041728761,-0.050012942403554916,0.5562485426664352,0.7610447482930289,-0.014805284328758717,0.5433219224214554,0.6891198373503156,-0.0320885144174099,0.5360133796930313,0.6451288277904192,-0.04711366072297096,0.5308815002441406,0.6066152526272668,-0.05830805376172066,0.5792902857065201,0.7520656882060899,-0.0175048615783453,0.5730032473802567,0.6727883549200164,-0.02946307696402073,0.5700080037117005,0.6244074470467038,-0.04244724661111832,0.5682249277830124,0.584422436190976,-0.05250585079193115,0.6013285219669342,0.7613929321368536,-0.02419348992407322,0.5980583637952804,0.6875774636864662,-0.038350190967321396,0.5960387617349625,0.6437149590916104,-0.04817553237080574,0.5938988476991653,0.604811651342445,-0.05602171644568443,0.6239441245794296,0.7839689751466116,-0.033558059483766556,0.6302205741405487,0.7335012974010573,-0.0474139004945755,0.6332135230302811,0.7000930575860871,-0.0520053394138813,0.6350121378898621,0.6683863868316015,-0.05501323938369751
322,10.743032128514056,0,Right,0.8468636274337769,0.5943862479180098,0.9330284617841244,4.497334487041371e-07,0.558030953630805,0.9064357196291287,-0.028033209964632988,0.5347251277416945,0.8477575254937013,-0.039211712777614594,0.5237503480166197,0.7920212492346763,-0.04788273945450783,0.50699960347265,0.750938552369674,-0.05532192066311836,0.5542855095118284,0.7592053299148878,-0.017163248732686043,0.542035236954689,0.6852520073453585,-0.0352514423429966,0.5356859359890223,0.640005511790514,-0.050532903522253036,0.5316353579983115,0.6003122537086407,-0.06187194213271141,0.5779038034379482,0.7501674485703309,-0.018488289788365364,0.5724452286958694,0.6694603823125362,-0.030952583998441696,0.5696468371897936,0.6204561829566956,-0.04394170269370079,0.5678371889516711,0.5801438931375742,-0.05401773378252983,0.6002963138744235,0.7598935874799887,-0.0242328941822052,0.598309863358736,0.6844857583443323,-0.03935154527425766,0.5963692758232355,0.6403291650116444,-0.04947994276881218,0.5937079843133688,0.6011225555092097,-0.05736129730939865,0.6230079093948007,0.7832064638535182,-0.03294556587934494,0.631132697686553,0.7325794582565626,-0.048012521117925644,0.6340946899726987,0.6987256010373434,-0.053529828786849976,0.6351712476462126,0.6666496788462003,-0.05705474689602852
323,10.776395582329318,0,Right,0.8449762463569641,0.593657151516527,0.9407523560027281,4.2824621004911023e-07,0.5567224589176476,0.9147888496518135,-0.029717274010181427,0.5322148928884417,0.8545489388207594,-0.042033374309539795,0.520350648695603,0.79728079388539,-0.05157942697405815,0.5027718773111701,0.7559395340581735,-0.060104891657829285,0.5533652152866125,0.7657339997589588,-0.020836176350712776,0.5411429241299629,0.6903127300242583,-0.040529437363147736,0.5346301149576902,0.643600040425857,-0.056886471807956696,0.5304520649369806,0.6026706517984469,-0.06893782317638397,0.5770387597382068,0.7561569660902023,-0.022270837798714638,0.5711838455870748,0.6734222124020258,-0.035863880068063736,0.5681918749585748,0.622443908204635,-0.04970589652657509,0.5661942983977497,0.5807923458516597,-0.060425374656915665,0.5995156786870212,0.7658012926578521,-0.02814076840877533,0.5976587494835257,0.6885969184339047,-0.043827492743730545,0.5960556430276484,0.642574958751599,-0.05463346466422081,0.5936335529666394,0.6023746214807033,-0.06308062374591827,0.6221806048415601,0.78929932564497,-0.03711017966270447,0.6306051895022392,0.7371361359953881,-0.052210334688425064,0.6342634855303914,0.7023859391609828,-0.05793462321162224,0.6361092176288367,0.6700328888992468,-0.06180074065923691
324,10.809759036144579,0,Right,0.8808504939079285,0.5929765919223428,0.9501988045871258,4.391286836380459e-07,0.5559306474402547,0.9238053339223067,-0.03114728257060051,0.5309966042637825,0.8639080459872882,-0.04509809613227844,0.518821107596159,0.8065990847845872,-0.056014060974121094,0.5009234299883246,0.7643121731777985,-0.06589832901954651,0.5522562306374311,0.7729141565660635,-0.024636156857013702,0.5405024647712707,0.6959723909695943,-0.04568824917078018,0.5338403372094035,0.6483665982882182,-0.06284336745738983,0.5291870212182402,0.6067160023997228,-0.07543574273586273,0.5760312475264072,0.7634746305644512,-0.02636728808283806,0.5704392561689019,0.6787547588348388,-0.041508592665195465,0.567260074801743,0.6269949220120907,-0.056149568408727646,0.5646947141736746,0.5849342305213213,-0.06732586026191711,0.5986717505380511,0.7735856920480728,-0.032467346638441086,0.597169648297131,0.694439892967542,-0.049525678157806396,0.5956097202375531,0.6474861266712347,-0.06077702343463898,0.593016978725791,0.6068933598697186,-0.0694294199347496,0.621332137286663,0.798207475990057,-0.041699282824993134,0.6301527585834265,0.7444132988651594,-0.05779232457280159,0.634619721584022,0.7087383528550466,-0.0637340247631073,0.6373729346320033,0.6758122565845649,-0.06767883896827698
325,10.843122489959839,0,Right,0.854742169380188,0.5907506357878447,0.9549674611124728,4.3914238290199137e-07,0.5540991548448801,0.9293917127781444,-0.03217490017414093,0.5290936403442175,0.8697434808644984,-0.046202924102544785,0.516226200805977,0.812023025419977,-0.05707007274031639,0.49840330397710203,0.7689990682734383,-0.06679273396730423,0.550060910359025,0.7769970306091838,-0.024367796257138252,0.5380867183674127,0.7000505601366361,-0.04543032869696617,0.5315773603040725,0.6523388144042757,-0.06265496462583542,0.5274505756795407,0.6102596608301004,-0.07526768743991852,0.5740938949864358,0.7667906164295144,-0.025258613750338554,0.5685536853969098,0.6818445593946509,-0.04035332798957825,0.5655129537452013,0.629580422408051,-0.054995566606521606,0.56325414609164,0.5862573594268825,-0.06624867022037506,0.5967935248743743,0.7764210618204541,-0.03071093186736107,0.5957113457378,0.6978081348869536,-0.047657277435064316,0.5944555662106723,0.6508717317548063,-0.05880659818649292,0.5920383580494673,0.6097582711113824,-0.06741874665021896,0.6195724042598159,0.8006303844352564,-0.03944115340709686,0.6286136097740382,0.7469118427899148,-0.055212099105119705,0.6328965296968818,0.7114702264467875,-0.061026692390441895,0.6352055330760777,0.6785292422605885,-0.06494642794132233
326,10.8764859437751,0,Right,0.8718346953392029,0.5906400022096931,0.96130350695716,4.4975712398809264e-07,0.5535908460151404,0.9357469002405803,-0.032373279333114624,0.528684536088258,0.8767787032657199,-0.046999964863061905,0.5160429176874459,0.8185397969351874,-0.058365095406770706,0.49814404346980157,0.7744135697682698,-0.06845379620790482,0.5482268562540412,0.7819362878799438,-0.024556707590818405,0.5367445291485637,0.704010542233785,-0.04529186338186264,0.5301168516278267,0.6563063144683838,-0.06245061382651329,0.5255644941702485,0.6143412086698744,-0.07500257343053818,0.5727119588758797,0.771669880549113,-0.02538572996854782,0.5672543382272124,0.6856817669338651,-0.03997759893536568,0.5637727441266179,0.6329754988352457,-0.05475638434290886,0.5607368514873088,0.5896068215370178,-0.06618231534957886,0.5958855706267059,0.7813505676057604,-0.03071136213839054,0.5948276469483972,0.7016659498214721,-0.04683423787355423,0.5930291042663157,0.6541568570666842,-0.058120034635066986,0.5898775886744261,0.6127581066555448,-0.06704860180616379,0.6190080870408565,0.8059246990415785,-0.039309386163949966,0.6279590879566967,0.7512165970272489,-0.054363273084163666,0.631931585771963,0.7149831374486287,-0.060011718422174454,0.6340251776855439,0.6814256800545586,-0.06390239298343658
327,10.909849397590362,0,Right,0.8645098209381104,0.5898787734098733,0.963115032762289,4.490387652822392e-07,0.5528364685829729,0.9365315871934096,-0.030327461659908295,0.5278832753188908,0.8778328961796231,-0.0434119738638401,0.5156437456607819,0.8200299210018582,-0.053585004061460495,0.49839459350332616,0.775866704268588,-0.062312424182891846,0.547221938194707,0.7823824696242809,-0.020904654636979103,0.5356572760269046,0.7040730925897757,-0.0400363989174366,0.5290117411874234,0.6564196836617258,-0.056084103882312775,0.5243924926035106,0.6149845359226068,-0.06782431155443192,0.5717490679118782,0.772206735279825,-0.022063588723540306,0.5663028499577194,0.6861294044388665,-0.03512754291296005,0.5629393745679409,0.6333299945625994,-0.04903455823659897,0.5600326670333743,0.5902619577116437,-0.05986583232879639,0.5948683225549758,0.7817389600806766,-0.027660775929689407,0.5939345814287662,0.7021877264810933,-0.042455386370420456,0.5923253125045449,0.6550765385230383,-0.053173646330833435,0.5891927467193454,0.61397859826684,-0.06179628521203995,0.6180255779065191,0.8058626498613093,-0.03642158582806587,0.6271666136570275,0.7520388041933378,-0.05057619884610176,0.6308443624991924,0.7163351459635628,-0.05579426884651184,0.6325697135180235,0.6832390030225118,-0.05937369912862778
328,10.943212851405622,0,Right,0.8650320768356323,0.5894259281456471,0.9659965911673175,4.492479774853564e-07,0.5524586990475655,0.939319526983632,-0.03082854487001896,0.5273488081991673,0.880477588209841,-0.04422140121459961,0.5150233457796276,0.8226121254265308,-0.05467738211154938,0.49789649453014134,0.7777701624565654,-0.06365028768777847,0.5468328443355859,0.784382253471348,-0.020911483094096184,0.5353135976009071,0.7060512200825744,-0.040424566715955734,0.528610584512353,0.6583678983151913,-0.056863218545913696,0.5239742740057409,0.6166908310519325,-0.06888584792613983,0.5713137646205724,0.7740805513328977,-0.021999774500727654,0.565790302772075,0.6879871586958567,-0.035439927130937576,0.5622751891613007,0.6349673954149088,-0.049783580005168915,0.5592179835774005,0.5914956705851687,-0.06090620905160904,0.5943413807079196,0.7835593120091491,-0.027611540630459785,0.5935440256260336,0.7041868335670896,-0.042713265866041183,0.5920379545539618,0.6566443683372604,-0.05374358594417572,0.5889324785210193,0.614960307876269,-0.0625702291727066,0.6173721046186984,0.8077264949679375,-0.03644763305783272,0.6267202391289175,0.7539396906892458,-0.05087053403258324,0.6305324804969132,0.7182310695449511,-0.05628858134150505,0.6323384895920754,0.6850462257862091,-0.05999286472797394
329,10.976576305220883,0,Right,0.8753283023834229,0.5877929361537099,0.965448898739285,4.5131758952265955e-07,0.5518343610689044,0.9386501921547784,-0.030771858990192413,0.527489556837827,0.8800516843795776,-0.044397372752428055,0.5155702935531735,0.8223372962739732,-0.05503963679075241,0.49796569710597394,0.7790113343132867,-0.06432007253170013,0.5463020386174321,0.7836325168609619,-0.02242124453186989,0.5345734436064958,0.7049949089686076,-0.04212857782840729,0.527833566442132,0.6573816511366103,-0.05852784216403961,0.5232444022782147,0.6156962553660075,-0.07053061574697495,0.5707943322136998,0.7738882409201728,-0.023575760424137115,0.5652560916729271,0.6874137984381782,-0.037400923669338226,0.5619521778076887,0.6347114033169217,-0.051634419709444046,0.5592615631408989,0.5914371636178758,-0.06269469112157822,0.5940485879778862,0.783869308895535,-0.029106050729751587,0.5930937588214874,0.7034897168477376,-0.04466751217842102,0.5914112030528486,0.6561832348505656,-0.055510006844997406,0.5884248822927475,0.6147730906804403,-0.06416913121938705,0.6173343517817557,0.8085695823033651,-0.03780239820480347,0.6263995751738548,0.7542249547110663,-0.052787087857723236,0.6303088864311576,0.7178597238328722,-0.05835253745317459,0.6324303065426647,0.6838858763376872,-0.0621139295399189
330,11.009939759036145,0,Right,0.8605213761329651,0.5872659286484122,0.9637144804000854,4.45491224354555e-07,0.5511494166217744,0.9376355171203613,-0.030590059235692024,0.5269817252643406,0.8793413983450995,-0.043986234813928604,0.5155122367665171,0.8211061398188273,-0.05444732680916786,0.49861169457435606,0.776493944062127,-0.06348337233066559,0.5463185034692287,0.7826760715908474,-0.02129478193819523,0.5349582185968756,0.704403018951416,-0.04060809314250946,0.528481217008084,0.6568206098344591,-0.05692913755774498,0.5241508948616683,0.6150143636597527,-0.06893860548734665,0.5708773177117109,0.7725902981228299,-0.022271838039159775,0.5653421188704669,0.6863954305648804,-0.035529546439647675,0.5622074491344392,0.6338806496726141,-0.049579378217458725,0.5597151731140911,0.5906851755248176,-0.0606144554913044,0.5940926595591008,0.7823526779810588,-0.027680613100528717,0.5930413556285202,0.7026694112353855,-0.04264455661177635,0.5914211216382682,0.6553123553593954,-0.053401749581098557,0.5884492820128798,0.613609418604109,-0.06210681423544884,0.6173697941936552,0.8067487875620524,-0.036285802721977234,0.6266236029565334,0.7525752464930217,-0.05068191513419151,0.6304559129290283,0.7161958747439914,-0.05614989623427391,0.6323810111731291,0.6821517732408312,-0.05991802737116814
331,11.043303212851406,0,Right,0.8659265637397766,0.5868090550415218,0.9612256871329413,4.443383261332201e-07,0.5512842363677919,0.9349752770529853,-0.03037896938621998,0.527306548692286,0.8762805302937825,-0.04373129457235336,0.515764799201861,0.818442432085673,-0.05416756868362427,0.4984591907355934,0.7751444816589356,-0.06323651224374771,0.5465344779659063,0.7803025669521756,-0.02176770009100437,0.5350350541993976,0.7019189993540446,-0.0410492829978466,0.5286347576417029,0.6544565624660916,-0.05717790499329567,0.5243549072183669,0.6128003941641913,-0.06901265680789948,0.5710211308207362,0.7703774770100912,-0.02285665273666382,0.5654203018173576,0.6838608821233113,-0.036252059042453766,0.5621674939990043,0.6311844269434611,-0.050283282995224,0.5596008779481053,0.587939257091946,-0.06119603291153908,0.5943113721441478,0.7802694214714898,-0.028261857107281685,0.5933709288947284,0.7005676004621718,-0.043155357241630554,0.5916696460917592,0.6530086543824938,-0.05371090769767761,0.5886850882787258,0.611216413974762,-0.06224103271961212,0.6176873874384909,0.8048411660724216,-0.03684563562273979,0.6269281626679003,0.7508973916371663,-0.05089397728443146,0.6307254932355135,0.7145406272676256,-0.056049250066280365,0.6325689072720706,0.6804328468110826,-0.05961523950099945
332,11.076666666666666,0,Right,0.8789748549461365,0.5868759862147271,0.9591218047671848,4.4451729763750336e-07,0.5508642760571092,0.9324650473064846,-0.02959180809557438,0.5271268048789353,0.8731581449508667,-0.042404480278491974,0.5156215309631079,0.8156070073445638,-0.052646469324827194,0.4983577928505838,0.772536121474372,-0.06154012680053711,0.5461883284617215,0.7772367450926039,-0.019072838127613068,0.5347660844679922,0.6993100537194146,-0.03829287365078926,0.5282962362281978,0.6514564461178249,-0.05476924777030945,0.5240044254809618,0.6094912727673848,-0.0669526681303978,0.5704250326845794,0.7671437210506863,-0.020568562671542168,0.5649226377718151,0.6814332008361816,-0.03399328142404556,0.5619228608440607,0.6287547641330296,-0.04840017482638359,0.5596611679065973,0.5851996209886339,-0.05960773676633835,0.5935512034688145,0.7768545362684461,-0.0264972522854805,0.5924505467060953,0.6976357115639581,-0.04151785001158714,0.5911068249493837,0.6511763307783339,-0.0522121861577034,0.5885333253536373,0.6102057695388794,-0.06077418848872185,0.6168881754390896,0.8014066908094618,-0.03561878576874733,0.6260873113758862,0.7479317267735799,-0.04984172061085701,0.6299174204468727,0.7121624840630425,-0.05512063205242157,0.6319259741809219,0.6785204516516792,-0.05872997269034386
333,11.110030120481929,0,Right,0.8706667423248291,0.5861042917706072,0.9559154298570421,4.376849460641097e-07,0.5506875772960484,0.927725018395318,-0.029483737424016,0.5274517650716006,0.8688867913352118,-0.042348362505435944,0.5159239054657518,0.8124163945515951,-0.05261349678039551,0.4986000951379538,0.7701604101392958,-0.06162266433238983,0.5465438270941376,0.7744324392742581,-0.020215580239892006,0.5352261417545379,0.6965753263897366,-0.03937321528792381,0.5287739265710115,0.6491436931822036,-0.05550854653120041,0.5244069175794721,0.6075320190853543,-0.06746873259544373,0.5710301646962762,0.7648665454652575,-0.02194398269057274,0.5658035551197826,0.6794070482254029,-0.035570044070482254,0.5625149015337229,0.6271944046020508,-0.04995415732264519,0.5598040052689612,0.5841545701026917,-0.06113610416650772,0.5942722890526057,0.7749186330371433,-0.027993442490696907,0.5937581790611148,0.6955708291795518,-0.04347384721040726,0.5922152573242784,0.6487707614898681,-0.054332077503204346,0.5892722258344293,0.6074423551559448,-0.0629865750670433,0.6175697760656476,0.7997259537378947,-0.03712582215666771,0.6271591207943856,0.7464093314276801,-0.05185927450656891,0.6311234683729708,0.7104527897304959,-0.05728225037455559,0.6330619832500816,0.6765633371141222,-0.060968197882175446
334,11.143393574297189,0,Right,0.87706458568573,0.5865384480915964,0.9516064713398615,4.411780594182346e-07,0.5510078522376716,0.924973497291406,-0.02928309142589569,0.5276010535657406,0.8658318946758906,-0.041990138590335846,0.5160112232901156,0.8092658974230289,-0.052130114287137985,0.49825736610218885,0.7682202858229478,-0.06111093983054161,0.5465265016071499,0.7712532311677933,-0.019675269722938538,0.5352444535121321,0.6937097852428754,-0.03869423642754555,0.5290370964445174,0.6462108880281449,-0.0548253133893013,0.525139355007559,0.6046165943145752,-0.06671319901943207,0.5708464553579689,0.7617144515117009,-0.021158145740628242,0.5657024295069277,0.6765942836801211,-0.03415992110967636,0.5629103302955627,0.6249485346178214,-0.04792119935154915,0.5609956502914428,0.5822456387182077,-0.05869121849536896,0.5940433427691459,0.7715767045815786,-0.026987070217728615,0.5932660957798361,0.6925778081019719,-0.04159897193312645,0.591787972021848,0.6461900303761164,-0.05178827419877052,0.5893038851208985,0.6050200145691633,-0.06006879732012749,0.6172461149282753,0.7961416694025198,-0.03597532957792282,0.6264098181389273,0.7432317848006884,-0.04983001574873924,0.6303370819427073,0.7075831356147925,-0.05474722385406494,0.6325117100030184,0.6738212049007416,-0.05814649164676666
335,11.17675702811245,0,Right,0.8776257038116455,0.5865192815661431,0.9508010731803046,4.4036508484168735e-07,0.5509602153673768,0.9228843371073405,-0.0299109797924757,0.5275893498212099,0.8632782247331408,-0.04302939027547836,0.515764129627496,0.807058040301005,-0.053477510809898376,0.49805481899529697,0.7654868973626031,-0.06278952956199646,0.5470667148940265,0.7702203512191772,-0.02117806300520897,0.5361323271878063,0.6924050304624769,-0.04096024110913277,0.5298426165245473,0.6443762832217746,-0.05745614320039749,0.5256338382139802,0.6024181352721321,-0.06964323669672012,0.5713374866172671,0.7606667068269518,-0.022766103968024254,0.5661435225978494,0.6758774598439534,-0.036738596856594086,0.5631438791751862,0.6241021924548679,-0.051088739186525345,0.5608458357863129,0.5812553763389587,-0.06224054843187332,0.5944411385804415,0.7707197401258681,-0.028698377311229706,0.5937296100892127,0.6916848368114895,-0.04438341408967972,0.5922735130414367,0.6451013406117757,-0.054986611008644104,0.5895848736166954,0.6039054711659749,-0.06346158683300018,0.6175234213471412,0.7955530908372667,-0.037768423557281494,0.6269398399628698,0.7423685550689697,-0.05257057771086693,0.630986902769655,0.7062664614783393,-0.057879310101270676,0.6331654759123921,0.672163004345364,-0.06150788068771362
336,11.21012048192771,0,Right,0.8813547492027283,0.5867720627225935,0.9492997540367974,4.3871580146515043e-07,0.5513540660962463,0.9218728595309787,-0.029869096353650093,0.5281296946108341,0.8620480590396458,-0.04281599074602127,0.5164644803851843,0.8054431438446045,-0.05304228141903877,0.49873468820005656,0.7640092664294773,-0.06212068349123001,0.547666170168668,0.7686596314112345,-0.02101932466030121,0.5367993419989944,0.690699929661221,-0.040431778877973557,0.5304274421185255,0.6427507585949368,-0.056647367775440216,0.5260874569416046,0.6008319483862983,-0.0686546042561531,0.5718204633332789,0.7591981728871663,-0.02245420590043068,0.5667971241287887,0.6742735968695747,-0.036123938858509064,0.5637965930625797,0.6225853814019098,-0.050288643687963486,0.5614411816000938,0.5797957367367215,-0.061292149126529694,0.5947889633476734,0.7690840376747979,-0.028203070163726807,0.5940516931936145,0.6903302404615614,-0.04345659911632538,0.5925632793456316,0.6431436856587728,-0.0540560819208622,0.5898555391468108,0.6012391289075215,-0.06260178983211517,0.6177087744697929,0.7935670640733506,-0.03710407763719559,0.6270194320008159,0.7404345883263482,-0.0515129528939724,0.6311141974292696,0.7043695131937663,-0.05677836760878563,0.6333912661299109,0.6702924013137818,-0.06041619926691055
337,11.243483935742972,0,Right,0.8811546564102173,0.5871179878246039,0.9485116273164749,4.284826786715712e-07,0.5520281665958464,0.9208804078400135,-0.030150627717375755,0.5289964497555047,0.8614544399082661,-0.04371156916022301,0.5173970511183142,0.8047865368425846,-0.05450392886996269,0.49970700275152924,0.762865308423837,-0.06420448422431946,0.5482389798853546,0.768995749950409,-0.022990260273218155,0.537180065875873,0.6907196789979935,-0.043114740401506424,0.5307775765657425,0.6428079441189766,-0.05953241139650345,0.5264731565956027,0.6010856950034698,-0.07159921526908875,0.5724166545085609,0.7595591008663177,-0.024656113237142563,0.567121110111475,0.6740568873782953,-0.03919583931565285,0.5636919611599296,0.6222030562659104,-0.05364789813756943,0.5608559724409133,0.5795881760617098,-0.06475086510181427,0.5955798628274351,0.7693998669584592,-0.03053377754986286,0.5949108497239649,0.689607975135247,-0.046439278870821,0.5934305335395038,0.6427493269244829,-0.05684182792901993,0.5907305137254297,0.6014722583194574,-0.06514839082956314,0.6186594815459102,0.7938225142657757,-0.03954298049211502,0.6278867330867797,0.7400843021770318,-0.05435698851943016,0.6321911530569195,0.704196913788716,-0.059440262615680695,0.6348068919032812,0.670571097234885,-0.06285741180181503
338,11.276847389558233,0,Right,0.8684810400009155,0.5883516175672412,0.9483653989930948,4.350187339241529e-07,0.5525923881679773,0.921838691085577,-0.03047260083258152,0.5291203691158444,0.8625138647854328,-0.04395449534058571,0.5176227990072221,0.8054713331162929,-0.05457444489002228,0.49950166665948925,0.7642291021843751,-0.064156174659729,0.5486945909447968,0.7697652354836464,-0.022580301389098167,0.5377277275547385,0.6921988641222317,-0.04251441732048988,0.5317164862994105,0.6444185234606266,-0.05901508405804634,0.5278203681111335,0.6023704859117667,-0.07121472805738449,0.5730838568881154,0.7599483837683996,-0.023935815319418907,0.5679490389302373,0.6745485256115595,-0.038002077490091324,0.564941327739507,0.6226224568982919,-0.05240180715918541,0.5625372789800167,0.5795396730303765,-0.06359347701072693,0.5962106861174107,0.7697843849658966,-0.02957538142800331,0.5952816201373935,0.6905781256655852,-0.045264631509780884,0.5938686299603433,0.6437643393874168,-0.05601900815963745,0.5912783400155603,0.6021788337578377,-0.06461501121520996,0.6193131528794765,0.7941525955994924,-0.03836522251367569,0.6282832157798112,0.74078114554286,-0.053131844848394394,0.6323997813742608,0.7047745898365975,-0.058523278683423996,0.6347845706157387,0.6705604436496894,-0.06225590035319328
339,11.310210843373493,0,Right,0.8802767992019653,0.5903801778331399,0.9489315509796142,4.3210098965573707e-07,0.5544603513553739,0.9220331377453275,-0.030430585145950317,0.5307833324186504,0.8628264824549358,-0.04386945441365242,0.5192700368352234,0.8055794186062283,-0.054456379264593124,0.5020619193091989,0.7623733388053047,-0.06385797262191772,0.5500238011591136,0.7692076577080621,-0.022513795644044876,0.5391126298345625,0.6909119976891411,-0.042577702552080154,0.5328823365271091,0.6427605311075847,-0.05908749997615814,0.5288124103099108,0.6009355730480618,-0.07121455669403076,0.5744305304251611,0.7595785803265042,-0.023908069357275963,0.5692170904949307,0.6742172135247124,-0.03815494477748871,0.5660054855979979,0.6224518987867568,-0.0524919293820858,0.5633211196400225,0.5799798157480028,-0.06354464590549469,0.5977548444643617,0.7692198170555963,-0.029623692855238914,0.596985625103116,0.689387215508355,-0.045432597398757935,0.5955346683040261,0.6425556235843235,-0.055995356291532516,0.5927949566394091,0.6014261351691352,-0.06443425267934799,0.6209823531098664,0.793429618411594,-0.03849657624959946,0.6302505107596517,0.7399658679962158,-0.05346054956316948,0.6346748280338943,0.7044060813056098,-0.058761388063430786,0.637374468613416,0.6712035867902968,-0.0623016282916069
340,11.343574297188756,0,Right,0.8854369521141052,0.5918257550336421,0.9507772897680601,4.3667768068189616e-07,0.5559780458919704,0.9234620367487272,-0.030650153756141663,0.5326094260439277,0.8642271590729554,-0.04441368207335472,0.5211410367395729,0.8071863355735938,-0.055218543857336044,0.5039564956910908,0.7638463372985522,-0.06479623913764954,0.5521442993544042,0.7709555601080259,-0.023693950846791267,0.5411841158755124,0.6917097431917986,-0.044055961072444916,0.5352268857881427,0.6434636116027832,-0.06058640778064728,0.5314680841751397,0.6016773061205943,-0.07260037213563919,0.5765998847316951,0.7616658585766951,-0.025112703442573547,0.5714006218593568,0.6758586468795935,-0.03946626931428909,0.5682830120436847,0.6237155507008235,-0.05382629483938217,0.5657346865162254,0.5810490208367507,-0.06483594328165054,0.599953977810219,0.7713819282750288,-0.03077213652431965,0.5990897670853883,0.6905934542417527,-0.04654226452112198,0.5982091807294637,0.6435006519158681,-0.05683773383498192,0.5961935584433377,0.6023755879451831,-0.06503123790025711,0.623015719652176,0.7956060682733853,-0.0396045446395874,0.6320100680459291,0.7420191191136837,-0.05463437736034393,0.6365263416431844,0.705945809930563,-0.05977637320756912,0.6396252317354083,0.6723330294092497,-0.0630880668759346
341,11.376937751004016,0,Right,0.8872451782226562,0.5922616241499782,0.9549066543579101,4.2193511262667016e-07,0.556939784064889,0.9265795177883572,-0.028918037191033363,0.5338514318224042,0.8662517706553141,-0.04189608246088028,0.522479051258415,0.809526522954305,-0.05226575955748558,0.5053236958105117,0.7668187962638007,-0.0614783801138401,0.5533919837791472,0.772248215145535,-0.021487563848495483,0.5425470570102334,0.6936411407258776,-0.04120154678821564,0.5366319215390831,0.6457565493053861,-0.05739516392350197,0.5330420266371221,0.6045624362097846,-0.06915369629859924,0.5778536109719425,0.7629573477639092,-0.023662753403186798,0.5725791720673442,0.6765795495775011,-0.03735142573714256,0.5694704433903098,0.6245871702829997,-0.051192667335271835,0.5669682403560727,0.5825928144984776,-0.061782218515872955,0.6013414493761957,0.7732471280627781,-0.03002888523042202,0.6005685261916369,0.6919817950990464,-0.045162420719861984,0.5992959151510149,0.6452347331576878,-0.05516470596194267,0.5968222374096512,0.6047969765133328,-0.06313058733940125,0.6246608432848006,0.798514027065701,-0.039450548589229584,0.6337040544487536,0.743802007039388,-0.05370071530342102,0.6377096130512655,0.7074350198109944,-0.05842350423336029,0.6400489181745798,0.6739018811119928,-0.06148305907845497
342,11.410301204819277,0,Right,0.9057609438896179,0.5936115296557546,0.9599577373928494,4.0776555465527053e-07,0.5586293376982212,0.9297645913230048,-0.02716805972158909,0.5358899848535656,0.8690000534057617,-0.039728209376335144,0.5245193358510732,0.8132185061772664,-0.05004105716943741,0.5071611206978559,0.7712780793507894,-0.059304576367139816,0.5550504075363278,0.7743566460079617,-0.020101655274629593,0.5444475034251809,0.6958222574657864,-0.039683349430561066,0.5386058572679758,0.6478554328282674,-0.05588576942682266,0.5351960901170969,0.6065861794683668,-0.06765910983085632,0.579703138768673,0.7657719214757284,-0.023340867832303047,0.5746951092034578,0.6794716278711955,-0.03698588162660599,0.5718316024169325,0.6272502024968465,-0.050883591175079346,0.5696386154741049,0.5850841522216796,-0.06147250533103943,0.6034129617735744,0.7766559335920545,-0.030619632452726364,0.6025186825543642,0.6956334273020427,-0.04547000303864479,0.6013057596981526,0.6486376391516792,-0.05510043352842331,0.5990621656179428,0.6081962347030639,-0.062784843146801,0.6267437752336263,0.8026208241780599,-0.04084670916199684,0.6354578956961632,0.747523487938775,-0.05441700294613838,0.6394820038229228,0.7107539812723795,-0.058396607637405396,0.6420830128714442,0.6770652929941813,-0.0609460286796093
343,11.443664658634539,0,Right,0.9111239910125732,0.5946186515968293,0.9667834546830919,3.941984516586672e-07,0.5604371299035847,0.9345310555564033,-0.025739943608641624,0.5382439568173141,0.8739945729573567,-0.03852471709251404,0.5270449400413781,0.8193776660495334,-0.049448270350694656,0.5097920901607722,0.7776645289527045,-0.05951247736811638,0.5570354557130486,0.7794297059377034,-0.02017533779144287,0.5467501727398485,0.7008877515792846,-0.040213361382484436,0.5408592375461012,0.6528529696994357,-0.05669578164815903,0.5372977028600872,0.6116355737050374,-0.06873136013746262,0.5818797312211246,0.7711885054906209,-0.024738917127251625,0.5774920525494963,0.6840979894002278,-0.03913985565304756,0.574767490895465,0.6314728736877442,-0.053604260087013245,0.5724748365115374,0.5887667682435778,-0.06461959332227707,0.6056175291072577,0.7826273441314697,-0.03315230831503868,0.6053755923639983,0.7006637944115532,-0.048829756677150726,0.6045299362856895,0.6532988124423557,-0.05899897590279579,0.6024703705217689,0.6123297373453777,-0.06705138087272644,0.6288596670143306,0.8094716707865397,-0.0442974790930748,0.6380855853203684,0.7536582390467326,-0.058602478355169296,0.6425234143622219,0.7163376887639363,-0.06282926350831985,0.6452634602319449,0.6820312605963813,-0.06557164341211319
344,11.4770281124498,0,Right,0.9153518676757812,0.5961680400185287,0.9770125399033228,3.7059348301227146e-07,0.5627880987711251,0.9443536857763927,-0.02552361786365509,0.5412067446857691,0.882293916742007,-0.03813813254237175,0.5304739425890148,0.8269042491912841,-0.04898174852132797,0.5127610351890326,0.7860303511222203,-0.059249408543109894,0.5597376708872617,0.789767095943292,-0.021448597311973572,0.5499051126651466,0.710726926724116,-0.041986431926488876,0.5444872837513686,0.6617995753884316,-0.05841970443725586,0.5415058892220259,0.620296603689591,-0.07036339491605759,0.5845873641781509,0.7813794776797295,-0.0263303704559803,0.5804687707684935,0.6929953445990881,-0.04179418087005615,0.5781789000146091,0.639407853782177,-0.05670572817325592,0.5764778626151383,0.5957083563009898,-0.06788700819015503,0.6084209975786508,0.7924519871671994,-0.034905415028333664,0.608678979985416,0.7097585126757622,-0.051601193845272064,0.6080344703048468,0.6615726252396902,-0.06252004206180573,0.6062043921090663,0.619606668005387,-0.07094091922044754,0.6321311445906759,0.8190095389882723,-0.04613477364182472,0.6417398072779179,0.7622761602203051,-0.06098898500204086,0.6464219747111202,0.7245342284440994,-0.0657404363155365,0.6491665134206415,0.6896575818459193,-0.06887763738632202
345,11.51039156626506,0,Right,0.9278191328048706,0.6008818847127259,0.9857093276249038,3.6200106023898115e-07,0.5672342408448457,0.9546971928742197,-0.025590479373931885,0.5459080919623375,0.8940620691412025,-0.03882189095020294,0.5363979208283126,0.8395323581165738,-0.050369396805763245,0.5187307050451636,0.8006787520315912,-0.061744049191474915,0.5645969881676137,0.799910118844774,-0.02347485162317753,0.5551848457194865,0.72150835643212,-0.04526980593800545,0.550081733521074,0.6721788967649142,-0.06285730749368668,0.5475629418157041,0.6299333242906464,-0.07567556947469711,0.5896426727063954,0.7916297649343809,-0.028927700594067574,0.5855852439068258,0.7038268950250414,-0.04565567150712013,0.58323814291507,0.6499209569560157,-0.06151624396443367,0.5818042130209505,0.6050751682370901,-0.07350222766399384,0.6135296350345015,0.8028411498500241,-0.0379803441464901,0.6139701524749398,0.7198515430092811,-0.05567825213074684,0.6131236673332751,0.6711541883647442,-0.0670522078871727,0.6114353587850928,0.6285259294841025,-0.07584916800260544,0.6370482541620731,0.8297555377913846,-0.04971499368548393,0.6467613264918327,0.7734712021218406,-0.0655011534690857,0.65158731341362,0.7356173082358307,-0.07046134024858475,0.6546366171911359,0.7003906871709559,-0.07379229366779327
346,11.54375502008032,0,Right,0.9404853582382202,0.6031821353361011,0.9930215582251549,3.8072127495070163e-07,0.5714034733828157,0.9617405995726586,-0.026035618036985397,0.5511454640887677,0.90447011962533,-0.04056252911686897,0.5425463428720831,0.8543217442929745,-0.05341208353638649,0.5262885106727481,0.817084027081728,-0.0660984218120575,0.5699884339701384,0.8079518243670464,-0.025094063952565193,0.5607796176336706,0.730773065239191,-0.047391343861818314,0.5559841329231858,0.6822623826563359,-0.06534119695425034,0.553761240048334,0.6408083587884903,-0.07839137315750122,0.5945759488269686,0.8010834589600563,-0.030811727046966553,0.5914030712563545,0.7138168960809708,-0.048409540206193924,0.5898335528559983,0.6600776314735413,-0.06492333114147186,0.5892507982905955,0.6153372008353472,-0.07734552770853043,0.6178712415043265,0.8133530654013157,-0.04016779363155365,0.6193142449483275,0.7309932179749012,-0.05885551497340202,0.6192428656853736,0.6823793672025203,-0.07152826339006424,0.618486846378073,0.6398223526775837,-0.08111707866191864,0.6409581740852446,0.8409721441566944,-0.05216766148805618,0.6518543737474829,0.784768795967102,-0.06888724863529205,0.6576839333400131,0.7468168549239635,-0.07494280487298965,0.6616830539423972,0.711537379026413,-0.07907839864492416
347,11.577118473895583,0,Right,0.9343097805976868,0.6113201649859548,0.9938338746627172,3.5709626899915747e-07,0.5791876988485456,0.9619874896274673,-0.02460736595094204,0.558703413233161,0.9056731164455414,-0.03799007087945938,0.5494490657001734,0.8563837715321116,-0.050142232328653336,0.5334514737129211,0.8193839233782556,-0.061991773545742035,0.5771495994180441,0.8108532652258873,-0.020729556679725647,0.5673912905156613,0.7366912042101225,-0.04228890687227249,0.562264309450984,0.6897531424959501,-0.06022489815950394,0.5597819222137332,0.6491601897610558,-0.07340126484632492,0.6011189199984074,0.8042392482360204,-0.02657800167798996,0.5973771898075938,0.7204999460114373,-0.04332774132490158,0.5951353430747985,0.6684784028265212,-0.059470489621162415,0.5938805498182773,0.6247203399737676,-0.07171066850423813,0.6238702075555921,0.8167423779765765,-0.03620172291994095,0.6248618107289076,0.7377849577201737,-0.05388795956969261,0.624255876801908,0.690941646695137,-0.06576185673475266,0.6228949239477515,0.6494661602709029,-0.07494550943374634,0.646427539549768,0.8443695116374228,-0.04850373417139053,0.6571902435272932,0.7919272134701411,-0.06431151181459427,0.6624815411865711,0.7551507875323296,-0.0698549896478653,0.6659117160364986,0.7203138594826063,-0.07373270392417908
348,11.610481927710843,0,Right,0.9495628476142883,0.6216282720677555,0.9922502083082994,3.689102925363841e-07,0.5878914895933122,0.9592145995961295,-0.02596021443605423,0.5677612438332289,0.9030310159756078,-0.03880167752504349,0.560452240286395,0.8519209529790613,-0.05015755072236061,0.5480612589977681,0.8096583852337467,-0.06043177470564842,0.5870309677440673,0.8096316097511186,-0.017390189692378044,0.5781404120847583,0.7366486686799262,-0.03792949020862579,0.573036442277953,0.6908051652212938,-0.05594693869352341,0.5703743488993496,0.6502914880712827,-0.06947413086891174,0.6101846286095679,0.8039724039534728,-0.02211451530456543,0.605682345898822,0.7236446332600381,-0.038111671805381775,0.6029229343403131,0.6726698617140452,-0.054655563086271286,0.6012310268357396,0.6292259797453881,-0.06722058355808258,0.6321973029524088,0.8166412212782436,-0.031027700752019882,0.6329655108042062,0.7415170626507865,-0.04847857356071472,0.6326075142249465,0.6956286292937067,-0.060908570885658264,0.6312742617446929,0.6546942075921429,-0.07044731825590134,0.6542349323630333,0.8438538695375125,-0.042838383466005325,0.6640447431709617,0.7945243989427885,-0.05968691408634186,0.6684614938683808,0.759490025540193,-0.06622984260320663,0.6709866965189576,0.7264198869466781,-0.07055200636386871
349,11.643845381526104,0,Right,0.9289761781692505,0.6325236834585667,0.9859285553296407,3.5845468460138363e-07,0.5984616741538048,0.9532770276069641,-0.023112105205655098,0.5787155559286475,0.8957295576731364,-0.033443812280893326,0.5739808530546725,0.8428826530774435,-0.04252079129219055,0.5645545600913465,0.7985484858353933,-0.05051116272807121,0.5991714481264353,0.8063966532548269,-0.014050065539777279,0.5927676456980407,0.7344589571158091,-0.0325387641787529,0.5895520072430372,0.6900204638640086,-0.048826731741428375,0.588184829428792,0.651429162422816,-0.061010245233774185,0.622021290101111,0.802357550462087,-0.01883133500814438,0.6188691305927932,0.7233741243680318,-0.032802943140268326,0.6171754660084844,0.6748896737893423,-0.0479666031897068,0.6162793879397214,0.633867617448171,-0.059626299887895584,0.6433442980982363,0.8158183018366496,-0.027496663853526115,0.6449193033389747,0.7434925019741059,-0.04290325194597244,0.645026919990778,0.6998826305071513,-0.05390522629022598,0.644227250572294,0.6615107198556264,-0.06269358843564987,0.6647223211824894,0.8433409015337626,-0.03881601616740227,0.6740334263071418,0.7965013563632966,-0.05424893647432327,0.6787127834744752,0.7641762872536977,-0.05970365181565285,0.6818337325006724,0.7342912038167317,-0.06322605162858963
350,11.677208835341366,0,Right,0.91324383020401,0.64347899928689,0.9878100618720055,3.151139651436097e-07,0.6118385741952806,0.9509364993207985,-0.020404793322086334,0.5925058220978826,0.8894071921706199,-0.027916837483644485,0.5886360475793481,0.8353923445774449,-0.03448448330163956,0.5839956723153591,0.7943094779219892,-0.0401623398065567,0.6159617587924003,0.8079816704822911,-0.01112242043018341,0.6111805088818073,0.7366354148421023,-0.027928469702601433,0.609072968037799,0.6927029920948876,-0.042477723211050034,0.6085106331389397,0.6550279647111893,-0.05348460376262665,0.6379443301353603,0.8059467637704478,-0.01553488988429308,0.6361794952768832,0.7296499394708209,-0.02855512499809265,0.6353158679790795,0.6829093454612626,-0.041781242936849594,0.6354349063709378,0.6434980779886246,-0.0519353449344635,0.658239143807441,0.8202032423681683,-0.02366858720779419,0.6600119191221893,0.7502940566175513,-0.038547731935977936,0.6605663135647774,0.7079455191890399,-0.04790199548006058,0.6605069654993713,0.6705130325423346,-0.055274106562137604,0.6788061919156462,0.8483075701528126,-0.03431661054491997,0.68814317593351,0.8035350903040833,-0.04897826164960861,0.6929296282120049,0.771436897582478,-0.05390627309679985,0.6968435544054955,0.7409279921816455,-0.05705537274479866
351,11.710572289156627,0,Right,0.9169116020202637,0.6553599565755576,0.9868988830182287,3.23352509212782e-07,0.6246823464520276,0.9496938773327404,-0.02259771153330803,0.6065909838303923,0.8879785956607924,-0.03163253888487816,0.6030027588829399,0.8321974580486615,-0.039324209094047546,0.6013649826403707,0.786153609222836,-0.045813124626874924,0.6305757464841009,0.8101477949155702,-0.01210738904774189,0.6283780151046813,0.7395229960481325,-0.029694123193621635,0.6277910932898522,0.6963788014319208,-0.04449882730841637,0.6288436749950052,0.6587768561310239,-0.05566221475601196,0.6523829058278352,0.8091924339532852,-0.015326232649385929,0.6524909840431065,0.734245602455404,-0.028598571196198463,0.6534324207343161,0.6888419477476014,-0.04133002087473869,0.6552367911208421,0.6495066765281889,-0.051149122416973114,0.6722734922543168,0.8247792046931055,-0.02260754071176052,0.6755231708288193,0.7552171308133337,-0.03812399506568909,0.6775739426258951,0.7141034967369504,-0.046654071658849716,0.6789420168381184,0.6763775851991441,-0.05331040918827057,0.6920097869820893,0.8542804173297353,-0.03255411982536316,0.7014552096370608,0.8106703059540854,-0.047937918454408646,0.706820944044739,0.7805768713355065,-0.052747372537851334,0.711219931859523,0.7510975350936254,-0.055694855749607086
352,11.743935742971887,0,Right,0.9303934574127197,0.6637952301185578,0.9924604768554369,3.399621562039101e-07,0.6346727780532092,0.9553921272357305,-0.02549109421670437,0.6197052355855703,0.8951404032607874,-0.037097182124853134,0.6195560727268458,0.8400497548282146,-0.04659058153629303,0.6214575364254415,0.7934059562782446,-0.054801762104034424,0.6440158432815224,0.8170257645348707,-0.01598704233765602,0.6439859526697547,0.7479136375089487,-0.033752959221601486,0.6449594289530068,0.7053247367342314,-0.048885527998209,0.6474942544009537,0.6682264767587185,-0.06036059185862541,0.6656173603609205,0.8168457051118215,-0.017952872440218925,0.6687593207228929,0.7426076966027418,-0.03182346001267433,0.6709302352275699,0.6964617148041725,-0.045484744012355804,0.6733926557470113,0.6562798395752907,-0.05602013319730759,0.6846860833931714,0.8331526840726534,-0.023953314870595932,0.6905490688513964,0.7650263123214245,-0.03953196108341217,0.6942326877266168,0.7229803465306759,-0.04931836202740669,0.6969292271882296,0.6840014557043711,-0.05704069137573242,0.703221346065402,0.8628143382569154,-0.032729264348745346,0.7141096543520689,0.8192552117009958,-0.04787212237715721,0.7205441526602954,0.7887759159008662,-0.053369175642728806,0.7255947954487055,0.7587390268842379,-0.05708663538098335
353,11.77729919678715,0,Right,0.935837984085083,0.6732804895844311,1.0099238276481628,3.0616303092756425e-07,0.6451449724379927,0.9695983012517293,-0.02376418001949787,0.63219308918342,0.9078761382235421,-0.03486299514770508,0.6338872194290162,0.8528103189335929,-0.04415234923362732,0.6374686064198614,0.8053668336735831,-0.05242861807346344,0.656414458481595,0.8329022288322449,-0.014606121927499771,0.6590887282043696,0.7661557839976416,-0.031047746539115906,0.661934757558629,0.7260257846779293,-0.04590381681919098,0.665731050260365,0.6904268768098619,-0.057518236339092255,0.6781985053792596,0.8333396792411805,-0.017187098041176796,0.6843004330992699,0.7604595849911372,-0.030473945662379265,0.6881705352105201,0.7153171330690384,-0.04462587460875511,0.6916034037247301,0.6753139870034324,-0.05584945157170296,0.6965126853436232,0.8501294162538316,-0.023545145988464355,0.704977901140228,0.7836656755871243,-0.03875692933797836,0.7095415642950684,0.7419750958681106,-0.04950987920165062,0.7125196933746338,0.7023469862010744,-0.0581231564283371,0.7137465639505536,0.8801003846857283,-0.03239935636520386,0.7265860274899751,0.8348502731985517,-0.04701241850852966,0.7340470379684121,0.8025790539052752,-0.05303574725985527,0.7399232640862465,0.7702642460664113,-0.05747423321008682
354,11.81066265060241,0,Right,0.9685472249984741,0.678010779991746,1.034696114063263,1.77803343603955e-07,0.6538226753473282,0.9850619706842635,-0.01835733838379383,0.643802260234952,0.9249025513728459,-0.02655130811035633,0.6473845291882754,0.8729482730229695,-0.034349095076322556,0.6543194964528084,0.8287714431683223,-0.04118876904249191,0.6692583560943604,0.8601319518354203,-0.0024079694412648678,0.6716764260083437,0.8024600254164802,-0.015601219609379768,0.6746736984699965,0.7683347970247268,-0.029756762087345123,0.6790604047477246,0.7349735418955485,-0.0411699004471302,0.6898796167224646,0.8632630546887715,-0.005711020901799202,0.6960159789770841,0.7991195870770349,-0.016104886308312416,0.7008078008890152,0.7603580931822459,-0.02924504317343235,0.7055780969560146,0.7224956187936995,-0.04019854962825775,0.7075737077742815,0.8798551013072332,-0.012850262224674225,0.7162120945751667,0.8220649288760291,-0.02519969642162323,0.7208646699786186,0.7857854505379994,-0.03372477740049362,0.7241589300334453,0.7506198965840869,-0.040653277188539505,0.7244654718786478,0.9064095930920707,-0.022452885285019875,0.7362289048731328,0.8611792276302973,-0.033481109887361526,0.7429742835462093,0.829068876306216,-0.03745776042342186,0.7482817664742469,0.7968984123733308,-0.040709324181079865
355,11.84402610441767,0,Right,0.9756657481193542,0.6877988886088133,1.0637510326173572,-4.0881637630718615e-08,0.6656700897961855,1.0136303729481166,-0.014858219772577286,0.6555399350821972,0.9619873361455069,-0.022345464676618576,0.6611431777477265,0.9141386661264631,-0.029832635074853897,0.6722530078142881,0.8766005973021189,-0.03579680621623993,0.6804599184542894,0.8982656694120831,0.00371415913105011,0.6837575551122427,0.8470015813906987,-0.004579547327011824,0.687923938035965,0.8275497211350336,-0.017179975286126137,0.6930653534829616,0.8100660655233595,-0.028678780421614647,0.7002930492162704,0.908462581369612,0.0007162640686146915,0.7084583278745413,0.8568920847442415,-0.006637421902269125,0.7126080580055714,0.8403984000285466,-0.021718772128224373,0.7147819764912129,0.8265746633211771,-0.03505294397473335,0.7167287033051253,0.928407770064142,-0.005323030054569244,0.7271393846720458,0.882774199048678,-0.014887985773384571,0.7307143248617649,0.8631346825096342,-0.02567742019891739,0.7300671681761741,0.8572552459107505,-0.03448081761598587,0.7333331875503063,0.9565317256583108,-0.013212260790169239,0.7421770866960287,0.918763240509563,-0.022565824910998344,0.7461071841418743,0.8930225703451369,-0.02906765043735504,0.7471131049096584,0.8744234253962835,-0.03449384868144989
356,11.877389558232931,0,Right,0.9472719430923462,0.6864961333572864,1.0944731175899505,-2.2428822887832212e-07,0.6673545203637332,1.0579429417848587,-0.016845494508743286,0.6629966268315911,1.005727544426918,-0.027872618287801743,0.6721754451747983,0.964678156375885,-0.03925887122750282,0.6849784520454705,0.936032997071743,-0.048885226249694824,0.692511467076838,0.9504678964614868,-0.012739558704197407,0.7045154860708862,0.895921477675438,-0.03602740541100502,0.7081233829725534,0.8936784088611602,-0.054202910512685776,0.7062593106646091,0.9171122372150421,-0.06287594884634018,0.7133687434252352,0.9663771569728852,-0.015767045319080353,0.7305201015900821,0.9153223276138306,-0.041541121900081635,0.7269757808186114,0.9289390921592713,-0.056378383189439774,0.7165766809135675,0.9599753707647324,-0.061061639338731766,0.7293501301202923,0.9918376371264458,-0.021683344617486,0.7468080423772335,0.9492242261767387,-0.04383591562509537,0.7428222573362291,0.961460217833519,-0.0492926649749279,0.7333790879696608,0.9876674637198448,-0.04779224842786789,0.7419504226185382,1.0236102879047393,-0.029018260538578033,0.756235075276345,0.9949864700436593,-0.04449908435344696,0.753144359914586,0.998881421983242,-0.04519933462142944,0.7451513391919434,1.0144215494394302,-0.04170599579811096
383,12.778202811244979,0,Right,0.9350324273109436,0.6706424914300442,1.0256648618314002,-1.6439794592315593e-07,0.6890099532902241,0.9914755109283659,-0.022201241925358772,0.6971103139221668,0.9474082448416286,-0.04128614440560341,0.7052251681685447,0.9037880827155378,-0.05778266862034798,0.7187139041721821,0.8649216099745698,-0.07383057475090027,0.6604933105409145,0.9211180268062485,-0.032324809581041336,0.6621209397912026,0.93672686152988,-0.05146251246333122,0.6691583745181561,0.9547535843319364,-0.06635196506977081,0.6728340208530426,0.9612890010078748,-0.07615100592374802,0.6427451312541962,0.9469726002878613,-0.029842982068657875,0.6482199937105179,0.9650154130326377,-0.04127460718154907,0.6559345029294491,0.979293319500155,-0.04752006009221077,0.6592061534523964,0.9864862254924245,-0.0535241924226284,0.6305132143199443,0.9780837674107816,-0.02901424467563629,0.6357976153492928,0.99003129824996,-0.03634415566921234,0.6418277986347676,1.0017509038249652,-0.03677303344011307,0.6435853227972984,1.0084852932227983,-0.03843102604150772,0.6229413777589798,1.0066737714740965,-0.030577996745705605,0.6266156002879143,1.0145084510246913,-0.0325443409383297,0.6319633059203624,1.0265847949518099,-0.029800765216350555,0.6334054753184318,1.0351003035902977,-0.02809150703251362
384,12.811566265060241,0,Right,0.9902773499488831,0.695884145796299,0.9990598907073339,-8.819442598451133e-08,0.6968743710778653,0.934163494904836,0.0028265034779906273,0.6927317330613733,0.8649032831192016,-0.006795788183808327,0.6924878596328199,0.8150385975837707,-0.01699621044099331,0.7004286381416023,0.7757551958163579,-0.027379348874092102,0.681229589227587,0.8693975985050202,-0.0386325865983963,0.6397934712469577,0.8360946178436279,-0.047797344624996185,0.6387925093993545,0.853481900691986,-0.04332106187939644,0.6485322512686252,0.865992334485054,-0.038871388882398605,0.6713075754232705,0.9020574202140172,-0.04645615071058273,0.6282018322497607,0.8652434686819712,-0.05587320029735565,0.6285276745446027,0.8809348662694295,-0.04846683517098427,0.6394657741300762,0.8931892504294713,-0.04385921731591225,0.6601212863810361,0.9376946826775868,-0.051930543035268784,0.6197336778976024,0.8958912650744121,-0.05646102502942085,0.620694047678262,0.9098328500986099,-0.04417119920253754,0.6312598630785942,0.920246422290802,-0.03761736676096916,0.6489700606092811,0.9724235852559407,-0.05661477521061897,0.6191825460642576,0.9437276770671209,-0.06245942413806915,0.6022512667812407,0.9225228081146876,-0.06200971081852913,0.5910184288397431,0.9003063003222148,-0.0628989189863205
385,12.844929718875502,0,Right,0.9768564105033875,0.6717805089894682,0.9172313816017574,-3.345173809066182e-07,0.6799132891930639,0.8663772164947456,-0.004647749476134777,0.6780973033048212,0.796882886108425,-0.013682432472705841,0.6766280581243336,0.7439853540725179,-0.021920083090662956,0.6854116628412157,0.7071300841040081,-0.0302888136357069,0.6611517586745321,0.7972993709146976,-0.03488001972436905,0.621091369818896,0.7683915687931908,-0.0492345467209816,0.6208761365152895,0.790978598760234,-0.05373365804553032,0.6314790472853928,0.8060132994419998,-0.05546974390745163,0.6501967660617083,0.8247523658805423,-0.039247527718544006,0.6096691000740975,0.794004825088713,-0.05036334693431854,0.6104317636229097,0.8141565654840734,-0.04770669341087341,0.6213575604371726,0.8264808523986075,-0.04748127609491348,0.6378553158603608,0.8567210703260368,-0.042929328978061676,0.6014987875707447,0.8214806577397717,-0.05221516638994217,0.6020572248846292,0.8397917273143928,-0.043762724846601486,0.6130160429049283,0.8527825017770131,-0.03927335515618324,0.6252226294483989,0.8883363499409622,-0.04654347524046898,0.5968032442498952,0.8569556459784508,-0.05436241999268532,0.5809589478187263,0.836648329678509,-0.05409257858991623,0.5721417083870619,0.8167310251129998,-0.0550578311085701
385,12.844929718875502,1,Right,0.9919275641441345,0.6828764281701296,0.9638066966500547,-1.1281081668812476e-07,0.6855301422066986,0.8961112301382753,0.00664797006174922,0.6810127690434455,0.8200859742859999,0.0036436121445149183,0.677918627904728,0.7653284293082026,-0.001869488856755197,0.6816862572915852,0.7224714622729355,-0.0072667887434363365,0.6645017329603433,0.8100032294789951,-0.008053162135183811,0.6252341056708246,0.7819898722900285,-0.013822315260767937,0.6252544236369431,0.8005809132423666,-0.01595246233046055,0.6344511362724006,0.8114230809940233,-0.01640581153333187,0.6538019599858671,0.8357819424735176,-0.015931585803627968,0.6138490073382854,0.806284228960673,-0.019038770347833633,0.6143642464186996,0.8246577060057058,-0.017309432849287987,0.6239595953840762,0.8371665587027868,-0.01739036850631237,0.6418754582293331,0.8658466830849647,-0.022998902946710587,0.6046937606763094,0.8300722881323761,-0.02389887347817421,0.6042862826026976,0.8449708016382323,-0.016378160566091537,0.6136725694406777,0.8580840140581131,-0.012589383870363235,0.6295207634568214,0.8976831619938215,-0.02956887148320675,0.6020252141635865,0.8586416730450259,-0.030595840886235237,0.5845956833101809,0.8356190491881635,-0.029152274131774902,0.5727967191953212,0.8151418950822619,-0.028891440480947495
386,12.878293172690762,0,Right,0.9863927960395813,0.665364122390747,0.9240341774291463,-2.1087366519623174e-07,0.6716208934783936,0.853622105717659,0.011869736015796661,0.6704740881919861,0.7808538817697102,0.010893396101891994,0.6694444060325623,0.7242960857020484,0.005892587825655937,0.6754413604736328,0.6803719422883457,8.44545938889496e-05,0.6481615781784058,0.7590248940719498,0.001594845554791391,0.608775520324707,0.7389998099870152,-0.0022195393685251474,0.6049694299697876,0.762609671552976,-0.004057835787534714,0.612141227722168,0.779389469159974,-0.004466488026082516,0.6373377919197083,0.781964706381162,-0.009015193209052086,0.597167706489563,0.7635862722992897,-0.011629719287157059,0.5953404784202576,0.7836483435498344,-0.011341097764670849,0.603053617477417,0.7991936072707176,-0.01243050117045641,0.6247695684432983,0.8102298330929544,-0.018552223220467567,0.5882660984992981,0.7829650812678867,-0.018623286858201027,0.5837023377418518,0.7962219327688217,-0.011756579391658306,0.5877111673355102,0.8064402537213431,-0.008964227512478828,0.6118325591087341,0.8421424526307318,-0.02722683548927307,0.5847680330276489,0.8036502117911974,-0.026572806760668755,0.5682652950286865,0.7794196171893014,-0.022801291197538376,0.555679726600647,0.7562389463186264,-0.021176625043153763
387,12.911656626506025,0,Right,0.9780026078224182,0.6469995209015906,0.822640539209048,-3.0826259944660706e-07,0.6568774571176619,0.7836519259545538,-0.009923103265464306,0.6586940413806588,0.7305410080485873,-0.019656142219901085,0.6578418253455312,0.6851852054397265,-0.02759113721549511,0.664881186047569,0.6525344244307942,-0.03545555844902992,0.6352786675095559,0.7266638225979275,-0.034574005752801895,0.6000436127185822,0.7109347861674097,-0.04859289154410362,0.6002133879344911,0.7327035708559884,-0.053111482411623,0.6087466580327601,0.7467369667357868,-0.05462067201733589,0.6206012502778322,0.7493588682678011,-0.035797715187072754,0.5875505967531354,0.732960340877374,-0.04692404344677925,0.588384284824133,0.7523293796512815,-0.046736400574445724,0.5968052620999516,0.763887473444144,-0.04849211871623993,0.6063410110771656,0.7748118072748185,-0.036958273500204086,0.5760706420522184,0.7507835487524669,-0.04795437306165695,0.5759171447250993,0.7679421507649952,-0.04355442896485329,0.5836629587691278,0.7808935673700439,-0.04134436696767807,0.5925616903230548,0.7999232081903351,-0.038394127041101456,0.5666568190325052,0.7700291108753946,-0.047768231481313705,0.5521289614960552,0.7495711606409815,-0.04958492890000343,0.5429096293635667,0.726967908276452,-0.051714323461055756
387,12.911656626506025,1,Right,0.984718918800354,0.653411321528256,0.8875206801626417,-3.07854435277477e-07,0.6621032922528685,0.8227821139825715,0.006865597330033779,0.6612836671527476,0.7521611462036769,0.003811773844063282,0.6592752991244197,0.6956458737452825,-0.0019155754707753658,0.6669280866160989,0.6551525574591425,-0.00852198526263237,0.6395206220448018,0.7304128323992093,-0.011413242667913437,0.6010204969905317,0.7115400264660517,-0.01882830820977688,0.597506160568446,0.7389676148692766,-0.02121923491358757,0.6055899781174958,0.7601982944541508,-0.02164180390536785,0.6263100078329444,0.753614392876625,-0.019775062799453735,0.5882694606669248,0.7373691179686123,-0.026388701051473618,0.5873414452187717,0.7612461245722241,-0.026527540758252144,0.596410373877734,0.7781724750995636,-0.027980338782072067,0.6129490604624153,0.7830171424481603,-0.026611804962158203,0.5768486759159714,0.7574831573499574,-0.03269932419061661,0.5752110781148077,0.778143443663915,-0.02676030620932579,0.5832497535273433,0.7940715594424141,-0.02366715669631958,0.5995954609941692,0.8148135431938701,-0.032426007091999054,0.571319572813809,0.7776967131429249,-0.036824148148298264,0.5542050075717271,0.7546755290693707,-0.03501715883612633,0.542033576592803,0.7319505679938528,-0.03428538143634796
388,12.945020080321285,0,Right,0.9791526794433594,0.6432549869176001,0.8693139688836203,-3.022794601292844e-07,0.6535573634784668,0.8086481316222085,0.0027767133433371782,0.6557034676428884,0.741527545452118,-0.0017356742173433304,0.654467446077615,0.6871418497628636,-0.00820772722363472,0.6625429410953074,0.6468018790086111,-0.015403005294501781,0.6281885047908873,0.7229939513736301,-0.012866856530308723,0.5917015249840916,0.7098033045729001,-0.020911922678351402,0.5903482882305979,0.7354139159123103,-0.024115214124321938,0.6000473706051708,0.7544491862257322,-0.024553528055548668,0.6144708772189915,0.7462234732177523,-0.019287889823317528,0.5794760188087821,0.7340887518392669,-0.025692714378237724,0.5804883412085473,0.7570610384146372,-0.026696963235735893,0.5903191310819238,0.7717239139808549,-0.02855660766363144,0.6012477134820073,0.7742524868912167,-0.024488236755132675,0.5688432520721107,0.7539427644676633,-0.030688051134347916,0.5700809989124537,0.774121845430798,-0.025539524853229523,0.5799857685808092,0.7881086700492435,-0.022608557716012,0.5880691998638212,0.8040588850776355,-0.029050758108496666,0.5619522274006158,0.7667531645960278,-0.033084936439991,0.5453193335328251,0.744606645570861,-0.03076949529349804,0.5334616214968264,0.722317528227965,-0.029305219650268555
389,12.978383534136546,0,Right,0.9874551892280579,0.6358049966860563,0.8727724572022756,-3.0300714115583105e-07,0.6492105048149824,0.8143150893350443,0.0031218132935464382,0.6510412046220153,0.7464999002714952,0.0003256786148995161,0.6509087017271667,0.6922716294725736,-0.004193196073174477,0.6595798211637884,0.6551701754331589,-0.00948572251945734,0.6233442741446197,0.7279971013466517,-0.014618798159062862,0.58826993862167,0.7160490266978741,-0.02235904149711132,0.589558371854946,0.7400849198301633,-0.02486787736415863,0.5997563214041293,0.7557894053558508,-0.02509215660393238,0.6072303445544094,0.7518004131813844,-0.02131853625178337,0.576281473459676,0.7383487338821093,-0.028107110410928726,0.5789055656641722,0.7602928350369136,-0.028889108449220657,0.5881296494044363,0.7755188755691051,-0.03025110252201557,0.5924632117617875,0.7810483008623124,-0.026659276336431503,0.5632809895090759,0.7577442864576975,-0.03456256166100502,0.5657921123318375,0.7775540548066299,-0.030224842950701714,0.5754922789055854,0.7932290032505989,-0.02722090110182762,0.5782563894987106,0.8118555235366026,-0.031146060675382614,0.5526323473080993,0.7733729322751363,-0.03826162964105606,0.5361409164965153,0.750801028807958,-0.03830523416399956,0.5242109841667115,0.727891306579113,-0.03798522427678108
390,13.011746987951808,0,Right,0.9899244904518127,0.6297682244330645,0.8884550200568305,-3.679491555885761e-07,0.6434475477784872,0.8296309842003716,0.0017892676405608654,0.6481724124401808,0.7610762053065829,-0.0031937735620886087,0.6490881558507681,0.7056080169147916,-0.009268480353057384,0.659209706634283,0.6670520239406161,-0.01554942224174738,0.6204680576920509,0.7423495584064059,-0.02138851024210453,0.5847284689545631,0.7271038823657565,-0.02916659042239189,0.5857688423246146,0.7536115911271837,-0.030226029455661774,0.5958823695778847,0.7710307240486145,-0.029789183288812637,0.6040717415511608,0.7645015451643202,-0.02765136957168579,0.5709270354360342,0.7497949798901876,-0.032915715128183365,0.573166661337018,0.773277567492591,-0.031122449785470963,0.5826553478837013,0.7865670720736185,-0.032105702906847,0.5888000790029764,0.7928690910339355,-0.032164596021175385,0.5577739164233207,0.7704720033539666,-0.03841540962457657,0.5609836600720882,0.7924729983011881,-0.031081093475222588,0.5717977542430163,0.8071892062822977,-0.027297617867588997,0.573635109513998,0.8225823508368598,-0.03602638840675354,0.5480384234338999,0.7832504908243815,-0.04245944321155548,0.5314482163637877,0.7603240741623772,-0.04127168282866478,0.5195044621825218,0.7374597787857056,-0.04071029648184776
391,13.045110441767068,0,Right,0.9805289506912231,0.6247955883853138,0.9016506985657745,-3.2483848144693184e-07,0.6402412413153797,0.8443186088568635,-0.0029177486430853605,0.6463547586463392,0.7749252738224135,-0.010530177503824234,0.6476060572545975,0.718552400999599,-0.018089057877659798,0.6575648704078049,0.678339611656136,-0.025324227288365364,0.6179467580746859,0.7564367015328672,-0.028191596269607544,0.5815365571528673,0.737042500409815,-0.038538817316293716,0.5845522674266249,0.7605489135616356,-0.04089638218283653,0.5955781102646143,0.7770550981163978,-0.04086511582136154,0.6003470683470369,0.7797045136491457,-0.03251451626420021,0.5684273819439113,0.7582390741341644,-0.03936806693673134,0.5725068249739707,0.7800410355130831,-0.038230158388614655,0.5824580323416739,0.7929002245267233,-0.03962305560708046,0.5841948281507939,0.8077651245726479,-0.03525814041495323,0.5558933412190527,0.7774206815494431,-0.04308957979083061,0.5603869241662324,0.7990317991210355,-0.03556184470653534,0.5716878809966147,0.8153446872201231,-0.031353116035461426,0.5683380384463816,0.836449957638979,-0.03765610232949257,0.5432824918534607,0.7947352219786908,-0.04460083320736885,0.5269577341619879,0.7702943960825602,-0.043202321976423264,0.5154270042665303,0.7468333800633749,-0.04237208887934685
392,13.078473895582329,0,Right,0.9693123698234558,0.622355368360877,0.9126310423016548,-2.8739631829921564e-07,0.6376528680324555,0.8525747895240784,-0.0031761995051056147,0.6437745060771703,0.7811042830348015,-0.010954449884593487,0.6466155689209699,0.7242400079965592,-0.01902218908071518,0.6583050549030304,0.6855930104851723,-0.026983115822076797,0.6141972463577986,0.7637706428766251,-0.027369912713766098,0.5792536318302155,0.742989943921566,-0.03711005672812462,0.5832563672214747,0.7649907082319259,-0.039613354951143265,0.5942605108022689,0.7812788486480713,-0.03994210809469223,0.596706236153841,0.789036463201046,-0.03211493790149689,0.5669377896934747,0.7644021093845368,-0.03984031826257706,0.5716979149729013,0.7838576063513756,-0.04020160809159279,0.5810802608728409,0.7983226239681244,-0.042361870408058167,0.581007856875658,0.8179501459002495,-0.035253435373306274,0.5538847167044878,0.783095134794712,-0.04369993135333061,0.5584418904036283,0.8017354995012284,-0.0378350168466568,0.56881601549685,0.8192114621400833,-0.03463207185268402,0.5658386360853911,0.8466928660869598,-0.03809147700667381,0.5407472804188729,0.8051097571849823,-0.045004703104496,0.5239882182329894,0.7796850770711898,-0.04435556381940842,0.5112382113933563,0.756444799900055,-0.04423487186431885
393,13.11183734939759,0,Right,0.9777597784996033,0.6228555250447243,0.9169711595608129,-3.001358379606245e-07,0.6385242615826427,0.8554348468780517,0.0002720355987548828,0.6440914562437683,0.7842200123601489,-0.006060972344130278,0.6468795359134674,0.7272655930784013,-0.013771915808320045,0.6576834943145513,0.6887168130113019,-0.021729091182351112,0.6138970929197967,0.7659277135299312,-0.024430928751826286,0.5787682729307562,0.744871394087871,-0.03492274880409241,0.5824200362432748,0.7678392834961414,-0.037729229778051376,0.5935624193400144,0.7853561367425653,-0.03789691627025604,0.5959531404543668,0.7910939360658328,-0.030707871541380882,0.5657874511554837,0.7663138916095098,-0.03961668908596039,0.5704956225119531,0.7871168782313664,-0.0395967960357666,0.5804862224496901,0.8021735350290934,-0.040857307612895966,0.5798987932968884,0.8203991115093231,-0.035309113562107086,0.5522150900680571,0.7840241336160236,-0.04459545016288757,0.5564885878004133,0.8028282624979813,-0.03834584727883339,0.5672317352611571,0.8198035903275013,-0.034344445914030075,0.5647835366427898,0.8495095148682594,-0.039305053651332855,0.5408545772545039,0.8048463945587476,-0.04722210019826889,0.5242706668097525,0.7783665210008621,-0.04691829904913902,0.5116759734693914,0.754359570476744,-0.04657726734876633
394,13.145200803212852,0,Right,0.9739224314689636,0.623795673251152,0.9125888102584415,-3.0182323484950757e-07,0.639604889601469,0.8515978025065528,0.0010020305635407567,0.6460335991811007,0.7806620243522856,-0.004766630474478006,0.6487700468860567,0.7244688404930962,-0.01219810638576746,0.6594187300652266,0.6859433783425225,-0.02026788704097271,0.6147235365584492,0.7615107731686698,-0.02155597135424614,0.5799768726341427,0.7417129202021493,-0.032225292176008224,0.583425385504961,0.7643472966220644,-0.03618287667632103,0.5945814625825733,0.7812451995081372,-0.03701934590935707,0.5972592287696898,0.7860769460598628,-0.028186703100800514,0.5667397762648761,0.7634920497735341,-0.03626672551035881,0.5712925922125578,0.7856199797656801,-0.03677601367235184,0.5814335569273681,0.8002125226789051,-0.03834010288119316,0.581702524702996,0.8153011096848382,-0.03325444832444191,0.5535099501721561,0.7837857166926067,-0.041559070348739624,0.5574547892436386,0.8035141133599811,-0.035355739295482635,0.5682524806354194,0.8193965918487973,-0.031315844506025314,0.5666715849656612,0.8456248369481828,-0.037756189703941345,0.5418100629001856,0.8010939594772127,-0.04465457797050476,0.5246947932988405,0.7749570339918137,-0.04342234507203102,0.51192377358675,0.7507892337110308,-0.04227547347545624
395,13.178564257028112,0,Right,0.9771161675453186,0.6232903749682009,0.9063817921611997,-3.066419935748854e-07,0.639772726316005,0.8450295103920831,0.0023147608153522015,0.6463654718361795,0.7745161775085662,-0.002702260622754693,0.6492255872115493,0.7183567782243093,-0.00972570851445198,0.6601880897767842,0.6798095908429888,-0.017644859850406647,0.6150499143637717,0.7535851604408688,-0.018366795033216476,0.5808615977875888,0.7357479174931844,-0.027946678921580315,0.5835776591673494,0.7585350609487957,-0.0319296196103096,0.594597237277776,0.7761165261268616,-0.03280220553278923,0.5975160533562303,0.7768405470583174,-0.025388428941369057,0.5677728036418557,0.7576224631733365,-0.03140244260430336,0.5718922538682818,0.7799233665068944,-0.03209454193711281,0.5820569989271462,0.7940319706996282,-0.03416336327791214,0.5819504535757005,0.8057914422618018,-0.030779344961047173,0.5545883852057159,0.7782878064446979,-0.03767572343349457,0.5585165218450129,0.7983442909187741,-0.031909067183732986,0.5694358602166176,0.8136151949564616,-0.02845202572643757,0.5669574294239282,0.8365513311492072,-0.0354708731174469,0.5421147458255291,0.7932706210348341,-0.04086010530591011,0.524947682954371,0.7687016404337353,-0.03845695033669472,0.5121956540271639,0.7454897503058115,-0.036595944315195084
396,13.211927710843373,0,Right,0.9764106273651123,0.6240612383466214,0.8997325850857629,-3.179180225743039e-07,0.6404386645182967,0.8374316628608439,0.002495248569175601,0.6472020740155131,0.7665109692348374,-0.002017426071688533,0.6495153503492475,0.7105837605893612,-0.008213676512241364,0.6600001697894186,0.6718417762054337,-0.01523608062416315,0.6152311817742884,0.7463725777963798,-0.018821189180016518,0.5811507419217378,0.7285418482290373,-0.027409628033638,0.5842004232108593,0.7513945528202587,-0.0305410735309124,0.595316446898505,0.7690869038303693,-0.031104978173971176,0.597820139117539,0.7703491874039173,-0.025724874809384346,0.5677817565388977,0.7500438287026352,-0.03138575330376625,0.5721398065332324,0.7728176837993993,-0.03160500526428223,0.5824503873009235,0.7874171518617206,-0.03337382525205612,0.5825532769784332,0.7995341519514719,-0.03084385395050049,0.5546194293536246,0.7712447977728314,-0.03732076659798622,0.5588327632751315,0.791404077410698,-0.03127526491880417,0.5700417815241963,0.8068736104501618,-0.02781623601913452,0.5680477203335613,0.8305623963475227,-0.035222191363573074,0.542633839789778,0.7876722368929121,-0.041366033256053925,0.5252529056277127,0.7634100168943405,-0.039536431431770325,0.5123594717122615,0.740450242989593,-0.03803560510277748
397,13.245291164658635,0,Right,0.9639973044395447,0.6249562409240752,0.8951276406645775,-3.163008841511328e-07,0.6409168022684752,0.8323423624038696,0.004061389714479446,0.6473835479468107,0.7618048280477524,0.0002141381846740842,0.6494835934601724,0.7062451064586639,-0.00578313460573554,0.6591257709078491,0.6678629830479622,-0.012681919150054455,0.6150150875560939,0.7410537853837014,-0.01630452461540699,0.5809052613563835,0.7243664860725403,-0.025260956957936287,0.5846828885376454,0.7469918802380562,-0.029223069548606873,0.5965102767106145,0.7632503181695938,-0.03010179102420807,0.5975338261108846,0.765333603322506,-0.02411477454006672,0.5682636624202132,0.7474452704191208,-0.02902856469154358,0.5728093433659524,0.7696492865681648,-0.029413819313049316,0.5831633962225169,0.7832884088158607,-0.03140845522284508,0.582154797250405,0.7947733387351036,-0.03018374554812908,0.5551034990698099,0.7695035457611084,-0.035977043211460114,0.5595858202315867,0.7895118877291679,-0.029938602820038795,0.5708884418476373,0.8042955487966538,-0.02654818445444107,0.5675920356530696,0.8259438097476959,-0.03540815785527229,0.541408384591341,0.7835974439978599,-0.039875518530607224,0.5244753925595432,0.7597889393568039,-0.03661714866757393,0.5124089281074703,0.73717250674963,-0.03421138599514961
398,13.278654618473896,0,Right,0.9784508943557739,0.6243395520839841,0.8927207910352283,-3.424140402330522e-07,0.6408108761999756,0.8296524658799171,0.005606080871075392,0.6467901987489313,0.7618780175844828,0.0018530829111114144,0.6495496952440589,0.7057263458768527,-0.00431443378329277,0.6589904989115893,0.6667130866812335,-0.011452578008174896,0.6156586088240147,0.7399804029199812,-0.017121698707342148,0.581644524121657,0.7203437135451369,-0.02537667378783226,0.5845576378982514,0.743412814868821,-0.027780184522271156,0.5953596486710012,0.7608971896270911,-0.02781406044960022,0.5980383867397905,0.7633745958407719,-0.025425884872674942,0.5681834589224308,0.7432776878277461,-0.03019034117460251,0.5721068038139492,0.7660089715487427,-0.029017286375164986,0.5819716381840407,0.7799549151625899,-0.03018547035753727,0.582167984964326,0.7926139588157336,-0.03173473849892616,0.5545449471566826,0.7650801119705041,-0.03707658499479294,0.5584598375484348,0.7851186191870106,-0.029658617451786995,0.5690988298971206,0.8001416456368234,-0.025830037891864777,0.5671363740228117,0.8233575819267167,-0.03705431520938873,0.5412295343820006,0.779840797599819,-0.04230370372533798,0.5240261289291084,0.7557049793501694,-0.039441101253032684,0.5110616268590092,0.7329196448127429,-0.03751049190759659
399,13.312018072289156,0,Right,0.9687007665634155,0.6236740948166698,0.8928867844243844,-3.140107196486497e-07,0.6398793796543032,0.8289009374048975,0.003897068090736866,0.6456250119954348,0.7602153996626536,-0.0006197103066369891,0.6488141537643969,0.704200428393152,-0.007350914645940065,0.6585729967802763,0.6657131928536627,-0.015043040737509727,0.6137829503044486,0.7396449916892581,-0.017581911757588387,0.5805634906515479,0.7218062323828538,-0.0258996170014143,0.5839741794858128,0.7443012751638889,-0.02884163334965706,0.595113031892106,0.7611464342309369,-0.02918894588947296,0.5956718449480831,0.7638339815040429,-0.025326015427708626,0.5673403265886009,0.7451588691108757,-0.030240651220083237,0.5713198498357087,0.7662840846512052,-0.030322689563035965,0.5811352955643088,0.7809384734266334,-0.03227076679468155,0.5797929233871401,0.7935095919503106,-0.031142404302954674,0.5536791933234781,0.7657671774427096,-0.03699406236410141,0.5578361304942518,0.7849485534760687,-0.030886206775903702,0.5686151280533522,0.8006818298664358,-0.027713989838957787,0.5653260338585824,0.8241362283627193,-0.036081381142139435,0.539869535062462,0.7812987813519107,-0.040729328989982605,0.5231659896671772,0.7569790607525243,-0.037567272782325745,0.5108455311506986,0.7343703631725577,-0.03542466461658478
400,13.345381526104418,0,Right,0.967688798904419,0.6225409729406237,0.8932308493389024,-3.191043731476384e-07,0.6391066683456301,0.8291195470425817,0.003394938539713621,0.6449789552018046,0.761831139607562,-0.0012899263529106975,0.6475103830918669,0.7061948017113738,-0.008251341059803963,0.6571139672771096,0.6673898325198226,-0.015991294756531715,0.6126813448965549,0.740905190176434,-0.017542952671647072,0.5806058131158351,0.7233175265292326,-0.025772253051400185,0.5842602483928203,0.745714185718033,-0.027919137850403786,0.5952746326103806,0.7626421795123153,-0.0277132336050272,0.5940900834277272,0.7649232813053661,-0.025224171578884125,0.5670068364590406,0.745677349716425,-0.031095804646611214,0.5711943840608,0.7666088985900085,-0.030996857210993767,0.5808206878602504,0.7815152159995503,-0.03249344974756241,0.5781171515583992,0.7945425271160073,-0.031053613871335983,0.552681060321629,0.7657413552204768,-0.03794501721858978,0.5570691728964448,0.7849675730698639,-0.031514931470155716,0.5675683727487921,0.8009332957367102,-0.027790307998657227,0.5637855406850576,0.8250270024769836,-0.036055788397789,0.5385720495134592,0.7819372566209899,-0.04169153794646263,0.5218128299340605,0.757708793050713,-0.0388018935918808,0.508966664597392,0.7350757540927992,-0.036628708243370056
401,13.378744979919679,0,Right,0.9637503623962402,0.6224931879434734,0.8972761498557197,-3.200046876372653e-07,0.6386684803292155,0.8329963816536797,0.0022710314951837063,0.6447811231948435,0.7638799150784811,-0.0030229147523641586,0.6471787358634173,0.7077833281622993,-0.010452007874846458,0.65672911782749,0.6684888336393568,-0.018508145585656166,0.6120385420974344,0.743446045451694,-0.01851549744606018,0.5783601564355194,0.726543492741055,-0.028410423547029495,0.5818476640619338,0.7489947279294332,-0.03194000571966171,0.5929983532056212,0.7658347884813944,-0.032387472689151764,0.5937292898073793,0.7677827080090841,-0.025912001729011536,0.5650667515117676,0.7486715118090311,-0.03327951580286026,0.569157893769443,0.7696239087316725,-0.03436790779232979,0.5790612449403852,0.7845974100960625,-0.03637620434165001,0.5780454982537776,0.7974842389424642,-0.03155933693051338,0.5512339000124484,0.7685627010133531,-0.03986386954784393,0.555338224908337,0.7886282934082879,-0.03389684855937958,0.5659659701865166,0.8050996594958835,-0.02999945729970932,0.5637375184334814,0.8281396561198764,-0.03647526726126671,0.5381571460515261,0.7848671277364095,-0.04282074049115181,0.521148613281548,0.7598917285601298,-0.04021934047341347,0.5082885102834552,0.7366145584318373,-0.03800240531563759
402,13.41210843373494,0,Right,0.9672043323516846,0.6221520017366856,0.8997751086950302,-3.1996538041312306e-07,0.6387771638575941,0.8349022959669431,0.0038727177307009697,0.6444173149298876,0.7657981105148792,-0.0006577296298928559,0.6468174990266562,0.7093516327440739,-0.007703840266913176,0.6567762498278171,0.6697681814432144,-0.015530908480286598,0.6118925891350955,0.7453260334829489,-0.016408488154411316,0.5790294438600541,0.7268783611555895,-0.02457844465970993,0.5832967452239245,0.7493094990650813,-0.026627695187926292,0.5944458719808609,0.7656957988937696,-0.026437925174832344,0.5934755647089333,0.7693605333566665,-0.02459247224032879,0.5655300968326629,0.7489417252441247,-0.031000982969999313,0.5704189351759851,0.7704601394633452,-0.031405072659254074,0.5802335883490741,0.7853011297682921,-0.03303833305835724,0.5775262650568038,0.7992935327192148,-0.03091796301305294,0.550961947068572,0.76843448082606,-0.03833320364356041,0.5559286118019372,0.7882114611566067,-0.03203152120113373,0.5666939447633922,0.8044791017969449,-0.028157759457826614,0.5631544552277774,0.8305003419518471,-0.03638264164328575,0.5372594572138041,0.7872373876472314,-0.04259050264954567,0.5202583132311702,0.7626757251719634,-0.04015921428799629,0.5071445502340793,0.7396023879448573,-0.03817978501319885
403,13.4454718875502,0,Right,0.9669590592384338,0.6223366023041308,0.9011124632424778,-3.195615931872453e-07,0.638674347102642,0.8369500128759279,0.0023650717921555042,0.6438502799719572,0.7669856487048997,-0.002991035347804427,0.6463218851014971,0.7101362821128633,-0.01037229597568512,0.6561719670891761,0.6702350861496396,-0.018473155796527863,0.6113311630673707,0.7461702954437998,-0.020120762288570404,0.5777325187809765,0.7281000412172741,-0.03025940991938114,0.5822475649416446,0.7499501511454583,-0.033727530390024185,0.5937090559862555,0.7666309906376733,-0.03428404778242111,0.593076544534415,0.7710139465000895,-0.027624787762761116,0.5642502414062619,0.7503185805347231,-0.03507470339536667,0.5693148834630847,0.7715929468472799,-0.03551844507455826,0.5794189451262355,0.7861476989256011,-0.037265222519636154,0.5772150685079396,0.8018412369820807,-0.03337329998612404,0.5504130295477807,0.7708182634578811,-0.04178089275956154,0.5552639633417129,0.7901357993483543,-0.03540552034974098,0.5663139969110489,0.8063091935382949,-0.03144349902868271,0.5628461699932814,0.8338693774408764,-0.03834318369626999,0.536933027394116,0.7904202515880266,-0.04535231739282608,0.5196325715631247,0.7652017042040825,-0.043299514800310135,0.5064395722933114,0.7416642351282967,-0.04162812605500221
404,13.478835341365462,0,Right,0.95780348777771,0.6226977789774537,0.9022886375586192,-3.1163975222625595e-07,0.6382276620715857,0.8370734834836588,0.002574973041191697,0.643187546171248,0.7669638406071398,-0.0025799989234656096,0.6458023553714156,0.7106321732203166,-0.00992262177169323,0.655727013014257,0.6713231571018696,-0.01788243092596531,0.6102839708328247,0.7479249013794793,-0.01912343129515648,0.5755242323502898,0.7292564453350173,-0.029075004160404205,0.580534053966403,0.7512341285745303,-0.032221317291259766,0.592443173751235,0.7669302365846105,-0.03252537548542023,0.592589009553194,0.7736101662947072,-0.02682604268193245,0.5625793654471636,0.7524132056368722,-0.03479905426502228,0.5679962169378996,0.7736787725653913,-0.03541010618209839,0.5784108294174075,0.7878979348474079,-0.03700791299343109,0.5772661780938506,0.8045323920746644,-0.032824911177158356,0.549263259395957,0.7728925502962536,-0.04170561209321022,0.5544114196673036,0.7924317746526666,-0.03536055237054825,0.5657362835481763,0.8084672320220205,-0.031062697991728783,0.5633602747693658,0.8363320976495743,-0.038070403039455414,0.536640802398324,0.7927195760938857,-0.04512409493327141,0.5189838157966733,0.7673111598524782,-0.04305311664938927,0.5055145071819425,0.7435346127384239,-0.04122202843427658
405,13.512198795180723,0,Right,0.9578403830528259,0.6229057107120752,0.9027419889138805,-3.1126381827562e-07,0.6380956470966339,0.8383432121740447,0.001528679276816547,0.6430101897567511,0.767940780851576,-0.004416791722178459,0.6454454911872745,0.7112886867589421,-0.012283792719244957,0.6556383511051536,0.6718273106548521,-0.020710088312625885,0.610004685819149,0.7489449535806973,-0.020820455625653267,0.5758311590179801,0.7296086117625237,-0.031217673793435097,0.58084880374372,0.7518385815123717,-0.034587591886520386,0.5926182484254241,0.7685727322267162,-0.03497963398694992,0.592309920117259,0.7748983515633477,-0.02803918346762657,0.5627414993941784,0.7523065210216575,-0.03656604886054993,0.568410124629736,0.7736595236592823,-0.037309590727090836,0.5787285128608346,0.7887417640123102,-0.03886664658784866,0.5770654501393437,0.8058926791780525,-0.03357556462287903,0.5491933077573776,0.7719879449241691,-0.04279089346528053,0.5545413158833981,0.7912313513457775,-0.03659053519368172,0.5659122709184885,0.8079908099439409,-0.0323251411318779,0.5631482359021902,0.8376461034847631,-0.03840687498450279,0.5360844489187002,0.7947118145724138,-0.045999400317668915,0.5182872330769897,0.7689649345146286,-0.044616520404815674,0.504649955779314,0.7447066054575973,-0.043249860405921936
406,13.545562248995983,0,Right,0.960050642490387,0.6239639548584819,0.9038464993238449,-3.1119739674068114e-07,0.6387444769497961,0.8389835337797801,0.001589227351360023,0.6434332641772926,0.768164939681689,-0.004566669929772615,0.6455523078329861,0.7110846410195033,-0.012668810784816742,0.6553471885621548,0.6709968586762746,-0.021237574517726898,0.6100034213159233,0.7492508838574091,-0.020991478115320206,0.57558071333915,0.7298173983891805,-0.03141963481903076,0.5805862015578895,0.7520225604375204,-0.03458994999527931,0.5923264985904098,0.7690196524063746,-0.034822843968868256,0.5924398672301322,0.7755611509084701,-0.028317824006080627,0.5623550031334161,0.7528852572043737,-0.03707380220293999,0.5680757942609489,0.7740080446004868,-0.03772647678852081,0.5783262713346631,0.7893352578083674,-0.039184972643852234,0.5772897953633219,0.8069014112154643,-0.033943552523851395,0.5488012648653239,0.772530343135198,-0.04325887933373451,0.5541953989304602,0.7918189485867818,-0.03681454434990883,0.5654670424759388,0.8089135766029358,-0.032393187284469604,0.5634840542450548,0.8389966537555059,-0.038864776492118835,0.5362009917851538,0.796282821893692,-0.04663718491792679,0.5184600890614093,0.7701021204392116,-0.04535682871937752,0.5047167610842734,0.7454769531885783,-0.04406094178557396
407,13.578925702811246,0,Right,0.9650532603263855,0.623879995662719,0.9045404106378555,-3.134816211058933e-07,0.6391191178932786,0.8386440485715866,0.002564483555033803,0.6433674025349319,0.7678376406431198,-0.003082574810832739,0.6458278372883797,0.71069482366244,-0.01084115356206894,0.655558334197849,0.6714760879675548,-0.019275976344943047,0.6105530738830567,0.7520074327786763,-0.020949915051460266,0.5769460594281555,0.7296445041894912,-0.03117331676185131,0.5817150538787246,0.7516722430785497,-0.03442571684718132,0.593295379821211,0.7697968125343323,-0.03468248248100281,0.5928326937370002,0.7778556992610296,-0.028287436813116074,0.5636275715194643,0.7529167731602987,-0.035777803510427475,0.5692787227220834,0.7738153537114462,-0.035755813121795654,0.5794616412371397,0.789084063967069,-0.037105292081832886,0.5775081867352128,0.8086452474196751,-0.0337957926094532,0.55018195444718,0.7733390192190807,-0.041684590280056,0.5556590344756842,0.7924114018678665,-0.0347118005156517,0.5666972063481808,0.8096271912256877,-0.030368074774742126,0.5635575180873275,0.8400396217902502,-0.03853820264339447,0.5367546434514224,0.7961986859639486,-0.04509631171822548,0.5190628992393613,0.7702669372161229,-0.043076466768980026,0.5051474697887898,0.7463791032632192,-0.041576918214559555
408,13.612289156626506,0,Right,0.963468074798584,0.6246372134424746,0.9046309431393941,-3.1075504125510633e-07,0.6394392454065383,0.8390346596638362,0.0014955120859667659,0.6436634052544832,0.7686572889486949,-0.0046501923352479935,0.645840095821768,0.7116243342558543,-0.012730568647384644,0.6556268185377121,0.6719221671422323,-0.021306795999407768,0.6104906370863319,0.751069097717603,-0.02124706469476223,0.5764201846905053,0.7296108871698379,-0.031859710812568665,0.5811454406939447,0.7519769906997681,-0.035239968448877335,0.5926730059087276,0.7694159597158432,-0.03559372201561928,0.592921347450465,0.7774204989274343,-0.02830769307911396,0.563193554058671,0.7536968280871709,-0.03677526116371155,0.5689342088997364,0.7748497307300568,-0.037051722407341,0.5791019268333912,0.7897017767031987,-0.03835010156035423,0.5778022280894219,0.8087622066338856,-0.03372563421726227,0.5499180527403951,0.7744727532068888,-0.04273684322834015,0.5553807167336344,0.7936631222565969,-0.036174990236759186,0.566495512612164,0.8105189293622971,-0.03173738345503807,0.564087675139308,0.8406894107659658,-0.03844369202852249,0.5368876567110419,0.7977113117774327,-0.045899730175733566,0.5190075887367129,0.7719072610139847,-0.04446987435221672,0.5050303435884416,0.7478791226943334,-0.04313357546925545
409,13.645652610441767,0,Right,0.9714541435241699,0.626283882651478,0.9059008602466848,-3.101040135788935e-07,0.640285644121468,0.8410911449955569,0.0016163185937330127,0.6442185533698648,0.7703055066366991,-0.004704674240201712,0.6465124648064375,0.7128423484663169,-0.012905054725706577,0.656192377395928,0.6732134649323093,-0.021640552207827568,0.6118994816206396,0.7533916373219754,-0.02233496680855751,0.5765514792408795,0.7314242077370484,-0.03368417173624039,0.5804029445629567,0.7538824611239963,-0.03760093078017235,0.5917946811765432,0.7715940647655063,-0.038095761090517044,0.594671300239861,0.7793919690781169,-0.029255103319883347,0.5634156021755189,0.7555618233150906,-0.03780291602015495,0.5683714732527733,0.7766530315081278,-0.03793632611632347,0.5785193538293243,0.7912184876700242,-0.03911494463682175,0.5794049218762666,0.8104407808846897,-0.034446120262145996,0.5504755822476,0.7765439233018292,-0.04319058731198311,0.555259131686762,0.7960489377379417,-0.03632739931344986,0.5662415268830955,0.8128007527026865,-0.031694937497377396,0.565086655272171,0.8421758884357081,-0.03891165927052498,0.5378572250250727,0.7990526526338524,-0.04572048410773277,0.519989276304841,0.7734066312511761,-0.04382280260324478,0.5061363336164504,0.7495685622096062,-0.042195651680231094
410,13.679016064257029,0,Right,0.9736325740814209,0.6267473156563937,0.9073841445975833,-3.105652410795301e-07,0.6406809204258025,0.842380075984531,0.0015987340593710542,0.6442449827678501,0.771940731505553,-0.005107664503157139,0.6462515248917043,0.7140772147311105,-0.01357355434447527,0.6559591718949378,0.6739047010739644,-0.022449906915426254,0.6126857644878327,0.7545478766991033,-0.023642953485250473,0.576514330226928,0.7317635570963223,-0.03462742641568184,0.580304407235235,0.7544626781509982,-0.03788392245769501,0.5916581301018595,0.7723374081154665,-0.03812823072075844,0.5951736486516893,0.7806073533991973,-0.030503468587994576,0.5635711822658778,0.7559000074863433,-0.038886480033397675,0.5688282951712609,0.7772797162334124,-0.03834668546915054,0.5789651869796216,0.791847223126226,-0.03924930840730667,0.579809554759413,0.811824185318417,-0.03553248941898346,0.5505960313603282,0.7758569750520918,-0.04392616078257561,0.5557474920526146,0.7956148352887895,-0.0363849513232708,0.5669336489401757,0.812822891275088,-0.03157239407300949,0.5656153499148786,0.8435666568577289,-0.03985735401511192,0.5385588707402349,0.7998639497492048,-0.04713601991534233,0.5206023748964071,0.7738454876674546,-0.04570817947387695,0.5065337955020368,0.749897704521815,-0.044492803514003754
411,13.71237951807229,0,Right,0.9756619930267334,0.6271193458233029,0.9075517952442169,-3.0407869644477614e-07,0.6409074168186635,0.843214609225591,0.0004340563027653843,0.6443603434134275,0.772699969013532,-0.0066917091608047485,0.6460884762462229,0.7148809363444646,-0.01526025403290987,0.6560019811149687,0.6747186362743378,-0.02388758398592472,0.6126236209645868,0.7554671376943588,-0.024346228688955307,0.5764832206070423,0.7329904248317083,-0.03578731045126915,0.5807076362427324,0.7558656861384709,-0.03936746343970299,0.5921825495548546,0.7728589961926142,-0.0399695560336113,0.5951393622439355,0.7815327475468318,-0.030761638656258583,0.5633595592342318,0.7572223663330078,-0.039568472653627396,0.5689218619838357,0.7786943972110748,-0.038951996713876724,0.579102099686861,0.7924347937107086,-0.03985080122947693,0.5798085423186421,0.8127910663684209,-0.03556212782859802,0.5503426826559007,0.7767410149176915,-0.04461416229605675,0.5557437279261649,0.796435359120369,-0.037138402462005615,0.5672073800582439,0.8132824351390203,-0.03225734084844589,0.5657492863945663,0.844403064250946,-0.03976787254214287,0.5386890963185579,0.8008057584365209,-0.04789259657263756,0.5204998680856079,0.7747979511817297,-0.04718100279569626,0.5063600816298276,0.7508320510387421,-0.04638390615582466
412,13.74574297188755,0,Right,0.9743165969848633,0.6279822949785739,0.90849752475818,-2.9877080010010104e-07,0.6414137059822679,0.8432942012117969,0.00025912513956427574,0.6445705214049667,0.7728574834764004,-0.007083504926413298,0.6464320638682693,0.7149327074488004,-0.01570286601781845,0.6564364429563284,0.6748896576464176,-0.024468466639518738,0.6128292263951153,0.756486808674203,-0.025532569736242294,0.5768164031673223,0.73409718564815,-0.03654532507061958,0.5816572211682797,0.7566481290592088,-0.039627254009246826,0.5932757424656302,0.7732084219654402,-0.04003329947590828,0.5955486994702369,0.7832009779910246,-0.03189953416585922,0.5637935834005475,0.7583443551427789,-0.0405096597969532,0.5697999993339181,0.7796219947437445,-0.03971629962325096,0.5799147499259562,0.793450131184525,-0.040594734251499176,0.5804354854393751,0.8149672490027215,-0.036537740379571915,0.5508107166737318,0.7785320882168081,-0.04532461613416672,0.5565658913459629,0.7977011969519986,-0.037792909890413284,0.5679944961797446,0.8145345979266696,-0.033044688403606415,0.5666142614558339,0.8470619138744142,-0.040567755699157715,0.5389598965179175,0.8034540998438994,-0.04862877354025841,0.5208121227100492,0.777331048829688,-0.04791862145066261,0.5065755446907133,0.7534246212906308,-0.047236643731594086
413,13.77910642570281,0,Right,0.9670836329460144,0.628442128840834,0.9080840506487422,-2.732584505338309e-07,0.6413139136508107,0.8431712815331088,-0.0009538566810078919,0.6441008842550218,0.7722757197916508,-0.009033096954226494,0.6461742551997304,0.7150043638216125,-0.018345335498452187,0.6558498986065388,0.6752912046180831,-0.02776104398071766,0.6125792482867837,0.7584906613661183,-0.026185084134340286,0.5768896656110882,0.737020223091046,-0.03939724713563919,0.5823053761385382,0.7577774653004276,-0.04432854428887367,0.5941619926132262,0.7728063604897923,-0.04550829902291298,0.5952510983683169,0.7864346822930707,-0.032453183084726334,0.563852614723146,0.7605404920048184,-0.043108731508255005,0.5701383145526051,0.7801225135723749,-0.04372537508606911,0.580589298158884,0.793558223793904,-0.04500699043273926,0.5803224133327604,0.8183250890837775,-0.03725351020693779,0.5512572815641761,0.7815901127954324,-0.04785116761922836,0.5570534295402467,0.7988523294528326,-0.041470639407634735,0.5685891135595739,0.8147587813436985,-0.036798808723688126,0.5667411711998284,0.8497809738748603,-0.04154551401734352,0.5389077927917242,0.8068882268336084,-0.049466829746961594,0.520690388418734,0.7811173771818479,-0.048470161855220795,0.5066737078130246,0.7579770928455724,-0.04743647202849388
414,13.812469879518073,0,Right,0.9633704423904419,0.6293931054417043,0.9087346643209457,-2.777939300813159e-07,0.6410070925951004,0.8434894788596365,-0.0005266271182335913,0.6428460825700313,0.7717379695839353,-0.009104318916797638,0.6448954465799034,0.7141974812580479,-0.01896744780242443,0.6546987379435449,0.6742896056837506,-0.028849003836512566,0.6121995511930436,0.7597427301936679,-0.027441654354333878,0.5763222272507846,0.7379428690506352,-0.04102465882897377,0.5822747031226754,0.7590203666024737,-0.04594751074910164,0.5943324170541018,0.7736037948893176,-0.047291286289691925,0.5955734323710203,0.7884810517231623,-0.034348126500844955,0.5635257940739393,0.7621481298572488,-0.04523942992091179,0.5703579979017377,0.7821021845771207,-0.0450800359249115,0.5808809916488826,0.7950939246349864,-0.046083830296993256,0.5811435630079359,0.8212626729574468,-0.03980089724063873,0.551226572599262,0.7839000953568352,-0.050198812037706375,0.5573708348441869,0.801579013466835,-0.042727820575237274,0.5690250017214566,0.8176632498701414,-0.03762464225292206,0.5678225153591484,0.8531880660189523,-0.04480579122900963,0.5388053262606263,0.8103665076196194,-0.0529373474419117,0.519896523701027,0.7842942054073015,-0.052045244723558426,0.5053062986116856,0.7609363326595889,-0.051331013441085815
415,13.845833333333333,0,Right,0.9631785750389099,0.6315184688195586,0.9081219368510776,-2.9114704602761776e-07,0.6405720910057425,0.8427540188034376,-0.00018445866589900106,0.6399014744907617,0.7696120391289393,-0.008404473774135113,0.6408135395497083,0.7118114924265279,-0.017538081854581833,0.6508497130125761,0.6718550196124448,-0.02671569585800171,0.6108463240787387,0.7612100955512788,-0.02898501418530941,0.5735036568716169,0.7419267669320107,-0.04117201268672943,0.5792787057347596,0.762850895524025,-0.0447794608771801,0.5914987882599234,0.7757749081485801,-0.04572220891714096,0.5964485499076545,0.7906826610366503,-0.03597436472773552,0.5612793185748159,0.7671891931030486,-0.0448748804628849,0.5679368083365262,0.7873969450592995,-0.042932599782943726,0.5789075559005141,0.7983501735660765,-0.04352957382798195,0.5835118353366852,0.8243945054709911,-0.04127667471766472,0.5501598517410458,0.79138318159514,-0.049324702471494675,0.5558538414537907,0.809518885695272,-0.03974540904164314,0.567782636359334,0.8241844007538425,-0.0342286191880703,0.5709482654929161,0.8576442317830192,-0.04623330011963844,0.5396695408970118,0.8163902266985841,-0.05275921896100044,0.520168331824243,0.7916433335178428,-0.05038217455148697,0.505718856677413,0.769785239878628,-0.04919702559709549
416,13.879196787148594,0,Right,0.966369092464447,0.6344065861776471,0.90738034952018,-3.0723879262950504e-07,0.6391114245634526,0.8416507351729605,7.785479101585224e-05,0.634871868416667,0.7681341965993246,-0.008077508769929409,0.6311814261134714,0.7108434765703149,-0.01637256145477295,0.6388399987015874,0.669599855111705,-0.024704914540052414,0.6086961400695146,0.763493417451779,-0.03335753455758095,0.5692926935385912,0.7500599991116259,-0.04332263022661209,0.5750477500259876,0.7710358587404093,-0.04300753399729729,0.5872894873376936,0.7815268755786948,-0.04144719988107681,0.5970527718774974,0.796798569874631,-0.03988612815737724,0.5585978008341044,0.7783674469424618,-0.04779495298862457,0.5653130153659731,0.7970434737702211,-0.04318975284695625,0.5767144839279353,0.8061372381117609,-0.0419260710477829,0.5871682850178331,0.8332363499535455,-0.04408671334385872,0.5502039005048573,0.8051115510364374,-0.05166678503155708,0.5560949392616749,0.8240349607335197,-0.04024177044630051,0.5677645679563283,0.8363606987728013,-0.033707600086927414,0.5778880927246064,0.8700506066282591,-0.04757130518555641,0.545491688977927,0.838485366354386,-0.05333958938717842,0.5273231582250446,0.8187485726343261,-0.04918142780661583,0.5135214797221124,0.799632644901673,-0.04671340435743332
417,13.912560240963856,0,Right,0.9791926741600037,0.6377437443006784,0.9132044410539998,-2.5570676598363207e-07,0.6399393820669502,0.846385247591469,0.0006759947864338756,0.6303672088310123,0.7731012648178471,-0.007415879517793655,0.6218893483746797,0.7169036318858465,-0.015750182792544365,0.6268259081058204,0.6717076843811406,-0.025235682725906372,0.6077918166760355,0.768770450933112,-0.03339722380042076,0.5652663209941238,0.7615540180769231,-0.044111452996730804,0.571588302217424,0.7802580619851748,-0.04384665563702583,0.5845399167388677,0.786899513254563,-0.041776541620492935,0.5980666343588382,0.8027117173704836,-0.04110964387655258,0.5553343466483056,0.7892314791679382,-0.047075290232896805,0.5630828014109284,0.80654659618934,-0.04070248082280159,0.5759399894159287,0.8135484808848964,-0.03817523643374443,0.5889474633149803,0.8418376872109042,-0.046787239611148834,0.548042910778895,0.8188525024387572,-0.05427377298474312,0.5559176193084567,0.8360303872161441,-0.04163883626461029,0.5696633832994848,0.845526259806421,-0.03375931829214096,0.5801078955177218,0.882974759572082,-0.05150739476084709,0.5409705553203821,0.851842638105154,-0.057190533727407455,0.5385310561396182,0.8510197591450479,-0.04749798774719238,0.5437538568861783,0.8520614893900024,-0.039674993604421616
418,13.945923694779117,0,Right,0.9845117926597595,0.6418010422959923,0.9197404657800993,-2.817556037371105e-07,0.6393409499898552,0.8524746360878149,0.004260380752384663,0.6242398040369153,0.7806780843271149,-0.0025419697631150484,0.6111925829201936,0.7251365375187662,-0.010248378850519657,0.6110174626111984,0.6797169678741031,-0.019304415211081505,0.6061431773006916,0.777049240966638,-0.029256541281938553,0.5613345697522163,0.7724905953639083,-0.04098493605852127,0.5674661237746477,0.7937660366296768,-0.04193786904215813,0.5813472166657447,0.8015439804229472,-0.041166942566633224,0.5990375380963087,0.8132551200687885,-0.03933797404170036,0.5520305193960666,0.8045778700874912,-0.04689093679189682,0.5611885672435164,0.8224472949902216,-0.04065730795264244,0.576198741607368,0.828717414703634,-0.03814057633280754,0.592753985710442,0.8542611810068289,-0.04742749035358429,0.5483700500801205,0.8410847807923952,-0.055902015417814255,0.5590881917625665,0.8568902495834563,-0.04234084114432335,0.5745927484706044,0.8624018968807327,-0.03427278622984886,0.586870777234435,0.8972645931773715,-0.05423121899366379,0.5494032667949795,0.8811581863297356,-0.06229786202311516,0.5590227542445063,0.8895891292227639,-0.05188656970858574,0.5737177671864628,0.8934972546994686,-0.04335830360651016
419,13.979287148594377,0,Right,0.9832504391670227,0.6441115281544626,0.9264803699321217,-3.0331460720844916e-07,0.6372082905843854,0.8576771583822038,0.004840144421905279,0.6174082477577031,0.7878823828366067,-0.002162126824259758,0.5993199034593999,0.7361453923914167,-0.010108591057360172,0.5953259169124067,0.6892570945951674,-0.019036930054426193,0.6037259202450513,0.7837390116519398,-0.029905587434768677,0.5562227714806796,0.7836116573876805,-0.04491322860121727,0.5631349266972393,0.803173234893216,-0.047201137989759445,0.5780127783771605,0.807329913145966,-0.046638619154691696,0.5992454148828983,0.8230818269981278,-0.0405520536005497,0.5482404637150466,0.8229074294368426,-0.05195281654596329,0.5587676229886711,0.8383288688129849,-0.045763302594423294,0.5750289688352496,0.8404615607526568,-0.042594317346811295,0.5950627938844264,0.8665703563226594,-0.04944635182619095,0.5463279607705772,0.8612428435020977,-0.06145522743463516,0.5595112847629935,0.8752561233109898,-0.04722952842712402,0.5766452310606838,0.8773575155271425,-0.03788911923766136,0.5910457613412291,0.9118508885304133,-0.056974057108163834,0.5509162822272629,0.9032634251647526,-0.06816872209310532,0.5627558043226599,0.9102557740277715,-0.05862795561552048,0.5788390070665628,0.9110180722342597,-0.05004550889134407
420,14.01265060240964,0,Right,0.987481415271759,0.6491177105344832,0.9244386650621891,-3.0944841000746237e-07,0.6370977146551013,0.8603048749268055,0.0022607475984841585,0.610823696758598,0.7925696693360805,-0.005483859218657017,0.5891467839479446,0.7435633637011051,-0.013828153721988201,0.584274844173342,0.6964686818420887,-0.022523323073983192,0.5984455775469542,0.7881286151707172,-0.028767937794327736,0.5487946667708457,0.8007041856646537,-0.04621986672282219,0.5585240287706256,0.8200950145721435,-0.051163267344236374,0.574453632812947,0.8198630437254906,-0.05244750156998634,0.5980457563884556,0.8295986846089363,-0.038708869367837906,0.5439252595417201,0.8426582396030426,-0.05234886705875397,0.5565531376749278,0.8552995711565018,-0.04734216630458832,0.5736904092133045,0.8532988578081131,-0.044850125908851624,0.5973772357217968,0.8743962824344635,-0.047587864100933075,0.5471262543462216,0.8816314071416855,-0.061822228133678436,0.5618075988255441,0.8919059507548809,-0.04808499664068222,0.5793556064367295,0.8885458469390869,-0.038702402263879776,0.5961876170709729,0.9196162812411786,-0.05545714125037193,0.5549886309541762,0.9209757655858993,-0.06768858432769775,0.5680916645564139,0.9260958343744278,-0.0586104542016983,0.5848048952408135,0.923018254339695,-0.050311457365751266
421,14.0460140562249,0,Right,0.9927708506584167,0.6515311512164772,0.9160885125398636,-2.592808243662148e-07,0.6351244166493416,0.8510937735438346,0.0027899080887436867,0.6042748322710395,0.786873710155487,-0.004419435281306505,0.5799169821664691,0.7394059598445892,-0.012554206885397434,0.5734785267151892,0.6929105907678604,-0.020836493000388145,0.5914514959789813,0.7834113739430905,-0.023262064903974533,0.542762009985745,0.8053231842815876,-0.04098786786198616,0.5540744239464402,0.8217652797698974,-0.04758523404598236,0.5699484442360699,0.8175281271338463,-0.04966345429420471,0.5938679734244943,0.8249326065182686,-0.03294758126139641,0.5410570506937802,0.8446419142186642,-0.04641667753458023,0.5545323038473725,0.8561389282345772,-0.04229254275560379,0.5715208535082639,0.8512376874685288,-0.03976041078567505,0.5964934251271188,0.8689457185566425,-0.041973330080509186,0.5478371413424611,0.8823406033217907,-0.05576299503445625,0.5616063708439469,0.8919119119644165,-0.04259508103132248,0.5782578330487013,0.8864992745220661,-0.03283495083451271,0.5988724484108389,0.9126996822655201,-0.05014146491885185,0.5579805639572442,0.918417327105999,-0.06027007848024368,0.5703892793506384,0.9234487757086753,-0.050347741693258286,0.5865692923776805,0.9187978588044643,-0.04123380035161972
422,14.07937751004016,0,Right,0.9886507987976074,0.6545664623379708,0.8951943323016167,-2.655842763488181e-07,0.634327201731503,0.8277155056595802,0.00800979882478714,0.6023718709591777,0.7669417254626751,0.0034551508724689484,0.5775024533737451,0.7229239664971828,-0.00328118191100657,0.5683967193122953,0.6791577517986298,-0.010990996845066547,0.5846933453343809,0.7650056466460228,-0.01840382255613804,0.5373233488760889,0.7914510741829872,-0.03009229525923729,0.5459587194956839,0.8102772310376167,-0.032287560403347015,0.5606919088866562,0.8095115676522255,-0.03236886113882065,0.5884763166774064,0.8032811179757118,-0.029787316918373108,0.5390412498731166,0.8308065101504326,-0.039567749947309494,0.5514451890252531,0.8413281388580799,-0.03496513143181801,0.5675813430920243,0.8362536005675792,-0.032833825796842575,0.5930835215840489,0.8454766713082791,-0.039625801146030426,0.5466742773074657,0.8670857742428779,-0.0498640313744545,0.5605911277234554,0.8750212237238884,-0.038031212985515594,0.5766193762421608,0.8689483471214772,-0.030400751158595085,0.5984660521149635,0.8893711224198342,-0.0480906143784523,0.5584650572389365,0.9015814162790775,-0.05679287016391754,0.5706268443260342,0.9052722968161107,-0.047983162105083466,0.5854093267582356,0.8987250111997127,-0.040309760719537735
423,14.11274096385542,0,Right,0.991384744644165,0.6552674534264952,0.8680107004940509,-2.8143512054157327e-07,0.6350989638827741,0.799609012901783,0.006385017652064562,0.6008336036000401,0.7396462857723236,0.0018474088283255696,0.5764618475921452,0.6946665190160275,-0.004421452526003122,0.5677905748132617,0.6497355215251446,-0.01149688195437193,0.5828663673251867,0.7403420574963093,-0.016733134165406227,0.5377625615336001,0.7680449716746807,-0.026861129328608513,0.5460909237153828,0.7868111878633499,-0.029134709388017654,0.5598366616293788,0.7860677734017372,-0.02999994158744812,0.5870005194097757,0.7787182591855526,-0.026839962229132652,0.537403405085206,0.8096950508654117,-0.035616129636764526,0.5496468188241124,0.8202536672353744,-0.031868014484643936,0.5658096931409091,0.8137069448828698,-0.030552873387932777,0.5922109889332206,0.8201103635132313,-0.03555433452129364,0.5463418804109097,0.8452740371227264,-0.044684793800115585,0.5604295358993113,0.8518999449908733,-0.03412362188100815,0.5764182737562805,0.8438280917704105,-0.027799474075436592,0.5980401513166725,0.86091850399971,-0.04313326254487038,0.5603965278249234,0.8774086646735668,-0.05101128667593002,0.5732672538608312,0.8807905949652195,-0.04303118214011192,0.5879736816510558,0.8730594694614411,-0.03646908327937126
424,14.146104417670683,0,Right,0.9903231263160706,0.655409693531692,0.8397095531225205,-2.8235916715857456e-07,0.6343070182949304,0.772121312469244,0.007704147603362799,0.5994845238048583,0.7141224518418312,0.003846951760351658,0.5752140596043318,0.6704438716173172,-0.0022022989578545094,0.5678001556545496,0.6258194305002689,-0.009090438485145569,0.5807405568659305,0.715008606761694,-0.013696159236133099,0.5354953171219676,0.7470585569739342,-0.023067034780979156,0.544905499368906,0.7661732457578182,-0.025297265499830246,0.5592767147347331,0.7620786458253861,-0.026346679776906967,0.5854362561833113,0.7512896545231342,-0.02392653189599514,0.5362101130187511,0.7862695157527924,-0.03204594925045967,0.5488378343172371,0.7970748417079448,-0.028177624568343163,0.5651714278385043,0.788265535235405,-0.02660781890153885,0.5911518934182822,0.7912472195923328,-0.0328214094042778,0.5451890056021511,0.8203638792037964,-0.040986113250255585,0.559369614161551,0.8271139398217201,-0.03094223327934742,0.5751974762417376,0.816735802590847,-0.024986522272229195,0.5975576348602771,0.8311690643429757,-0.04055428132414818,0.5602962451986968,0.8517900615930557,-0.04760365933179855,0.5731212555430829,0.8545960076153278,-0.0403122715651989,0.5877984685823321,0.8451071232557297,-0.034312762320041656
425,14.179467871485944,0,Right,0.9939429759979248,0.6540839582681656,0.8189524955219692,-2.8107220373385644e-07,0.630742866359651,0.7550659199555715,0.007933566346764565,0.5960745104588568,0.6985511309570737,0.0032048348803073168,0.5718418262898922,0.653373634815216,-0.0037463100161403418,0.5646283257752657,0.607425598303477,-0.012288541533052921,0.576851761341095,0.6968224816852145,-0.017892412841320038,0.531873123627156,0.7364004294077555,-0.027202846482396126,0.5398116959258914,0.7587027933862475,-0.029439136385917664,0.5524307425133884,0.75575200981564,-0.030717460438609123,0.5824418537318706,0.7329340087042915,-0.028941014781594276,0.5329450575634838,0.7727630979484982,-0.036435388028621674,0.5444717298261821,0.786774124039544,-0.031780119985342026,0.5601867667399347,0.7796475072701772,-0.030008116737008095,0.589957297500223,0.7738499045372009,-0.03822186216711998,0.5420209647156298,0.8062535087267558,-0.045914482325315475,0.555522320047021,0.8157293167379167,-0.03490341082215309,0.5716545323841273,0.8055861804220411,-0.028552507981657982,0.5985341011546552,0.8152584910392762,-0.046315938234329224,0.5597341640852391,0.8381648454401228,-0.05406343936920166,0.5711931041441858,0.840884659687678,-0.04659014195203781,0.5857336721383035,0.8297257661819458,-0.04036968946456909
426,14.212831325301204,0,Right,0.9917463064193726,0.6483409512788058,0.806717375251982,-2.853506373412529e-07,0.6245375185273587,0.7458852185143365,0.0054769497364759445,0.590247874893248,0.6911144077777862,-0.0011966908350586891,0.5662011126056313,0.6473855482207405,-0.009043911471962929,0.5586488228291273,0.6025473117828369,-0.018214816227555275,0.5712970243766904,0.6937904450628493,-0.02485225908458233,0.5265917140990496,0.7418782393137614,-0.03717617690563202,0.5349080310203135,0.7622596363226573,-0.040570903569459915,0.548119164723903,0.7581910590330759,-0.041898880153894424,0.5781506460160017,0.7305592848194971,-0.03505435958504677,0.5289574341848493,0.7797886186175876,-0.04449043050408363,0.541410687752068,0.791295141643948,-0.039944928139448166,0.5574353950098156,0.7821270889706082,-0.03820044547319412,0.5867468818090856,0.7718682799074384,-0.04350888356566429,0.5402678459882736,0.8125709805223676,-0.05274338275194168,0.5540762849152088,0.8194082273377312,-0.04143238067626953,0.5696485807187855,0.80810234480434,-0.03461432829499245,0.5960902091115713,0.8138666093349457,-0.050874993205070496,0.5581406701356173,0.8436546928352779,-0.059256989508867264,0.5699709850363434,0.8435655872027079,-0.05150157958269119,0.5842575106769801,0.8305420113934411,-0.04493614658713341
427,14.246194779116466,0,Right,0.981249213218689,0.6436606192030012,0.8144906327128411,-2.850422902156424e-07,0.6197749312967062,0.7542429879307747,0.005321219563484192,0.5831802501343191,0.7014176592230796,-0.00010446416126796976,0.5574776116758585,0.6610786706209183,-0.0069911787286400795,0.5497896989807487,0.6161682322621346,-0.014979793690145016,0.5651646003127098,0.7123012319207191,-0.020047873258590698,0.5213029149919748,0.7566509880125523,-0.03285820037126541,0.5320660095661879,0.7737923756241798,-0.03715841472148895,0.546850017644465,0.7672587960958481,-0.038933612406253815,0.5720515225082636,0.7497196972370148,-0.02982788346707821,0.5257612020708621,0.8009584054350853,-0.039814550429582596,0.5400205130688847,0.8073219262063503,-0.03612750396132469,0.5562290409579873,0.7939395740628242,-0.03456052392721176,0.5808720786124468,0.791381698846817,-0.03831745311617851,0.5363224739208817,0.8334486402571202,-0.04867090284824371,0.5519542634487152,0.8352850213646889,-0.03785407170653343,0.5676319618709386,0.8216916799545289,-0.030823707580566406,0.5906386183574796,0.8332015082240105,-0.04569359868764877,0.5544364939443767,0.863083690404892,-0.054677460342645645,0.5682058440521359,0.8604773744940758,-0.04682115092873573,0.5830375671386718,0.8477037228643894,-0.03980356082320213
428,14.279558232931727,0,Right,0.986841082572937,0.6414972245227546,0.8381927761766645,-2.2781247821512807e-07,0.6118639907334,0.7761446919706133,0.006911554839462042,0.5737358291633428,0.7262399421797858,0.0016369938384741545,0.5483323384076357,0.6880520893467797,-0.005306234583258629,0.5389884951990098,0.6446775363551246,-0.013282306492328644,0.5550848487298936,0.7465535342693329,-0.017888089641928673,0.5176174791529775,0.7977943983342912,-0.028991764411330223,0.5316597304306925,0.8042230758402082,-0.03277520090341568,0.5457431126385928,0.7905591620339287,-0.03460489213466644,0.5630277960561216,0.7880146437221103,-0.028641318902373314,0.5228095848113299,0.8412728216913011,-0.036965206265449524,0.5388187458273024,0.8405772334999508,-0.03389233723282814,0.5538934424519539,0.8240260620911916,-0.03301473706960678,0.5734430662821979,0.8305414941575792,-0.037759050726890564,0.5341889454983175,0.8755968756145901,-0.04676778241991997,0.5499131399672479,0.8719991240236494,-0.03704817593097687,0.5644711714237929,0.8557605511612363,-0.03093600831925869,0.5853624811396003,0.8722773498959011,-0.045634858310222626,0.5533469405025244,0.902474190791448,-0.053083475679159164,0.566939448658377,0.8965242385864258,-0.04458313807845116,0.5807595254853368,0.881878705157174,-0.03711113706231117
429,14.312921686746988,0,Right,0.9838764667510986,0.6423749594017863,0.8665841347641415,-2.0485916252255265e-07,0.6127839677967131,0.804170505868064,0.006118400953710079,0.5708294967189431,0.7585499736997816,0.0020443927496671677,0.5423713585361838,0.7240828805499606,-0.0036146463826298714,0.5322762740775943,0.6810381359524197,-0.010403981432318687,0.5500547769479454,0.7868249071968927,-0.015603916719555855,0.5158829345367849,0.8396081215805478,-0.025098402053117752,0.5312053745612502,0.8424870093663533,-0.028592603281140327,0.5449763627722859,0.8260153512159983,-0.03028717078268528,0.5573943196795881,0.8326251553164588,-0.025044938549399376,0.5212496128864587,0.8826755305131276,-0.030909057706594467,0.537841330934316,0.8800116717815399,-0.027488289400935173,0.5526545308530331,0.8628408047888014,-0.026232408359646797,0.5680633703246712,0.8770602769321866,-0.03300843387842178,0.5322409498505294,0.9187469482421875,-0.03949284926056862,0.5482616418972611,0.9128988915019565,-0.03011120669543743,0.5629001948051154,0.8962934103276995,-0.024334637448191643,0.5811106529086828,0.9189134041468302,-0.039873551577329636,0.551805027294904,0.9467732793755002,-0.04512159898877144,0.5652877933345735,0.9383280873298645,-0.036174267530441284,0.578649087715894,0.9227473914623261,-0.02840663492679596
430,14.34628514056225,0,Right,0.9790242910385132,0.6408617712557316,0.8919327828619216,-1.1678024947059384e-07,0.6084243021905422,0.8340029776096344,0.004226875491440296,0.5669480732642114,0.7929722554153866,-0.00026051318855024874,0.5397319953888655,0.7565070801311069,-0.005920526571571827,0.5291516543366015,0.7140844292110867,-0.012625517323613167,0.5477353479713202,0.8292927457226648,-0.016365226358175278,0.5131286101415753,0.8765836675961812,-0.02280121110379696,0.5255780270323157,0.8778833872742123,-0.02455749362707138,0.5383163381367921,0.8630719151761796,-0.025423556566238403,0.5561638513579965,0.8772481746143765,-0.02434581145644188,0.5184873079881072,0.9190206600560082,-0.028076697140932083,0.5332953835837543,0.9160828544033899,-0.025224192067980766,0.5488396395929158,0.9007063256369696,-0.02432321012020111,0.5677935445681215,0.9215733600987328,-0.030553126707673073,0.5312666976824403,0.9562809679243299,-0.0348394550383091,0.5456628953106701,0.9486852182282342,-0.02626306563615799,0.5609418205916882,0.9330649773279825,-0.02112419344484806,0.5819380203261971,0.9615072601371342,-0.03583584725856781,0.5529306555166841,0.9836908949746026,-0.03989807888865471,0.5649185473099351,0.974352295531167,-0.030784761533141136,0.5779953577555716,0.9601391712824504,-0.023074569180607796
431,14.37964859437751,0,Right,0.9785979986190796,0.6317707918584347,0.9046026368935903,-7.33144247533346e-08,0.5992894921451807,0.8512448064982892,0.0018790571484714746,0.5622113471850753,0.8139311465952132,-0.0053287954069674015,0.5397319629788399,0.7760648128059175,-0.01370194647461176,0.5315975354984402,0.7333681290348371,-0.023118548095226288,0.5453386599197984,0.8576872044139439,-0.023518167436122894,0.5124593455344438,0.898543714483579,-0.03271186351776123,0.523817578703165,0.8966967106693321,-0.03549785912036896,0.5370102752000093,0.8816254779696464,-0.036460284143686295,0.5561215173453092,0.9046713619596428,-0.030594082549214363,0.5192875372245908,0.9394708337883154,-0.036317478865385056,0.5317633714526891,0.9341418855720096,-0.033330466598272324,0.5468309739604592,0.9199552702407042,-0.03234434127807617,0.5691633814945817,0.94582043637832,-0.03593062981963158,0.5321476398035884,0.9761529673304823,-0.04103901982307434,0.5436119459569454,0.9680579176379575,-0.032093506306409836,0.5587440472096205,0.9535686576531993,-0.026499001309275627,0.5829524084925651,0.9809409235086706,-0.040541984140872955,0.553466004692018,1.0045399053229227,-0.04388226568698883,0.5619638295844197,0.9960472959611151,-0.03445000573992729,0.574227350205183,0.9838790967232651,-0.02681547775864601
432,14.41301204819277,0,Right,0.98470139503479,0.6350302875041962,0.9086692187521193,-9.970106873424811e-08,0.602034119842574,0.8530741691589355,0.0004938979400321841,0.5630181855987757,0.8176015694936116,-0.00804623682051897,0.5386280775535852,0.7809504244062636,-0.01751437783241272,0.5300334046594799,0.7362692866060468,-0.02816326916217804,0.5466321479529143,0.8567923426628112,-0.027452262118458748,0.5120473650749773,0.8996938599480523,-0.03887339308857918,0.5246172599494457,0.8972252342436049,-0.04304559528827667,0.5379251567646861,0.8820784992641872,-0.044722240418195724,0.556840511970222,0.9040569325288137,-0.03420490399003029,0.5186907640192657,0.9400734762350719,-0.04121159017086029,0.5320398958399892,0.9347895827558306,-0.037947580218315125,0.547100636223331,0.921344647804896,-0.03663446381688118,0.5692273820284754,0.9474487423896789,-0.03931397944688797,0.5313544737640769,0.9773310568597582,-0.04447881877422333,0.5444082624744624,0.969017759958903,-0.03414981812238693,0.5601729283574969,0.9548300743103028,-0.02774667926132679,0.5826554673723876,0.9858813418282403,-0.044032108038663864,0.5537660132162273,1.0073432445526123,-0.04734157770872116,0.5637952875345945,0.9977253847652011,-0.0373913012444973,0.5765264384914189,0.9861082202858396,-0.029551692306995392
433,14.446375502008031,0,Right,0.9697224497795105,0.6321031257975847,0.9035838498009576,-1.0643664438703127e-07,0.6015070268884302,0.8462612324290806,0.0010979934595525265,0.56398582640104,0.8078772531615364,-0.006415862124413252,0.5409840233158321,0.7700821704334683,-0.015168273821473122,0.5323160761035979,0.7288198206159804,-0.025120925158262253,0.5456262790597975,0.8470567882061004,-0.02363891527056694,0.5114244841970503,0.8873821417490642,-0.035003624856472015,0.5234634645283223,0.8896331522199843,-0.03950987756252289,0.5373372676316649,0.8772673593627082,-0.04117973893880844,0.554510593926534,0.8947937084568871,-0.03085418976843357,0.51650774567388,0.9283351374997033,-0.038504697382450104,0.5299801408313215,0.9255011081695557,-0.03640466555953026,0.545385810220614,0.9130511939525604,-0.03520476073026657,0.5663048448972404,0.9386630210611555,-0.03657185286283493,0.5294792789500207,0.9663430392742157,-0.04254686459898949,0.5428406917024404,0.960132118066152,-0.03315987065434456,0.5582887574564666,0.947104686498642,-0.02686055190861225,0.579346175538376,0.9766688538922204,-0.041783954948186874,0.5502841149456799,0.9980506791008843,-0.045358579605817795,0.5609976136591286,0.9906385951571994,-0.035310640931129456,0.5734390461817384,0.9790883892112308,-0.027142954990267754
434,14.479738955823294,0,Right,0.9788131713867188,0.634436518419534,0.9035795238282945,-1.2517111258603109e-07,0.6032990355975926,0.8408854120307498,0.002786364872008562,0.5647100823000073,0.7986157218615214,-0.003354546381160617,0.5402009980753064,0.7588926189475589,-0.010806548409163952,0.531296868249774,0.715744615263409,-0.019577734172344208,0.5455618584528565,0.8354984945721097,-0.02215106599032879,0.5109701332636177,0.8764058325025771,-0.031090201810002327,0.5229003056883812,0.8788061830732558,-0.033649418503046036,0.5367616841569542,0.8662768496407403,-0.034351129084825516,0.5536518232896924,0.8839084327220916,-0.029572900384664536,0.515857757627964,0.9165966106785668,-0.03478465974330902,0.5291437008418143,0.9152535842524634,-0.031326621770858765,0.5443672061897814,0.9035680505964491,-0.029653357341885567,0.5646348964422941,0.9290352397494845,-0.03518717363476753,0.5287543484941125,0.9535408404138354,-0.03877953067421913,0.5420297121629118,0.9492252124680414,-0.028371872380375862,0.556932820379734,0.9372950262493558,-0.022047115489840508,0.5775624314323068,0.9687487502892812,-0.04023529961705208,0.5476546430028975,0.9839431650108761,-0.04152677208185196,0.558911069855094,0.9782661252551609,-0.030211178585886955,0.5714888526126742,0.9684846308496263,-0.021597951650619507
435,14.513102409638554,0,Right,0.977648138999939,0.6334110249765217,0.8968551284737057,-1.2222592715716019e-07,0.6026973927859217,0.8352794216738807,0.0026847992558032274,0.5639840858057141,0.7952970425287883,-0.003434009850025177,0.5386515171732753,0.7579260932074653,-0.010840599425137043,0.5297622128389776,0.7132664442062377,-0.01960236392915249,0.5436824808828533,0.828947655359904,-0.01997234672307968,0.5094019997864961,0.8722979452874925,-0.029329786077141762,0.521837765770033,0.8748583098252615,-0.03309901803731918,0.5357501217164099,0.8609285838074154,-0.034759849309921265,0.5516376553568989,0.8763562719027201,-0.027337148785591125,0.5153925041668117,0.9113934059937795,-0.03188082575798035,0.529244870506227,0.9100067906909519,-0.028659315779805183,0.5441906133666634,0.8973915961053637,-0.02758626639842987,0.5627624412067235,0.9211785680717892,-0.03321561962366104,0.5272531569469721,0.9487688693735334,-0.038026586174964905,0.5413242153357715,0.9437954584757487,-0.028408847749233246,0.5564934226218611,0.9308852983845605,-0.02248811163008213,0.5762557490263134,0.9617687463760376,-0.03836961090564728,0.5465958491433411,0.9805666022830539,-0.04208866506814957,0.5587757069151849,0.9731890320777893,-0.03193339705467224,0.571984472265467,0.9618522094355689,-0.023627499118447304
436,14.546465863453815,0,Right,0.9796188473701477,0.6335200384259224,0.8937083595328861,-1.2660579784551373e-07,0.6029584040865302,0.83238765001297,0.002434525638818741,0.5640933211892843,0.7934600088331435,-0.003947326447814703,0.5378528093919158,0.7570168395837148,-0.01134210079908371,0.5287780581042171,0.712090955177943,-0.020001789554953575,0.543128588795662,0.8276263998614417,-0.022667517885565758,0.5096161473542452,0.8722866131199731,-0.031061382964253426,0.522028237208724,0.8755095567968156,-0.03312269225716591,0.5358757698908448,0.862458285358217,-0.03374876827001572,0.5512689674273133,0.8754469242360857,-0.029792625457048416,0.515686908364296,0.911024898952908,-0.03372582048177719,0.5293166792020202,0.9101098616917928,-0.02926858328282833,0.5439084829762578,0.8978735658857557,-0.027665143832564354,0.5624228078871966,0.9207641210820939,-0.03515642136335373,0.5274915197864175,0.9480646292368571,-0.03937500715255737,0.541248150728643,0.9433485666910807,-0.028909210115671158,0.5563168847933412,0.9306900653574202,-0.022757835686206818,0.5758455876260996,0.961896315548155,-0.03978775441646576,0.5461086487397552,0.9797181473837958,-0.04281504079699516,0.5578258369117975,0.9727430337005192,-0.032182786613702774,0.5708443574607373,0.9617779625786675,-0.023820115253329277
437,14.579829317269077,0,Right,0.9785459637641907,0.6334429260343313,0.8937451303005218,-1.2543522132091312e-07,0.6026914852671326,0.8324783073531257,0.0020885970443487167,0.5641173873096704,0.7933749470445844,-0.0046170977875590324,0.5384002579376101,0.7561710649066501,-0.012342900969088078,0.5295214441604912,0.7112158391210768,-0.02130684070289135,0.5434967332519591,0.8275787671407063,-0.022974958643317223,0.5099591728299856,0.8718363357914819,-0.03206003084778786,0.5227884616702795,0.8738012678093381,-0.03475646302103996,0.5366865918971598,0.8598912437756856,-0.03572120890021324,0.5516711626201868,0.8754927701420254,-0.030040282756090164,0.5160516149364411,0.9104773342609406,-0.03460393473505974,0.5298987539485097,0.9088056749767728,-0.030497197061777115,0.544601864926517,0.8963919202486674,-0.028972040861845016,0.5627720424905419,0.9207291371292539,-0.035411953926086426,0.5278717901557684,0.947399557961358,-0.04000411927700043,0.5417606798000634,0.9422264469994439,-0.02956421673297882,0.5569051546044648,0.9295725537670984,-0.023283641785383224,0.5760746591724455,0.9614401605394152,-0.04011284559965134,0.5466303408145905,0.978779505358802,-0.043368641287088394,0.5585744238458574,0.9713520454035864,-0.032740309834480286,0.5717014274559915,0.9603814257515801,-0.024289702996611595
438,14.613192771084337,0,Right,0.9791178107261658,0.6330710765905678,0.8912546396255493,-1.2385508796342037e-07,0.6026109241880476,0.830247563123703,0.0018261700170114636,0.5641215875744819,0.791978880431917,-0.0051282611675560474,0.5386022066697478,0.7550179110633002,-0.013045737519860268,0.5299779289402068,0.7096677051650153,-0.02225642465054989,0.544267775863409,0.8259694582886166,-0.023967470973730087,0.5104444294236601,0.8707772718535529,-0.03329446539282799,0.5231616131961345,0.8730366521411472,-0.0360872782766819,0.5368984952569008,0.8591632578108046,-0.03715427592396736,0.5524859719909727,0.8739591658115387,-0.030965011566877365,0.5165385516360402,0.9094717807239956,-0.03566424176096916,0.5304015676490963,0.9077628334363301,-0.03149167075753212,0.5450330221094191,0.8951863845189413,-0.03000258281826973,0.5636050810106099,0.9193827721807691,-0.036260463297367096,0.528192228358239,0.9464102738433414,-0.0410587415099144,0.5421571007929742,0.9409553163581424,-0.03058703988790512,0.5573784404434263,0.928184386756685,-0.02430904097855091,0.576841501519084,0.9604867067601945,-0.040884844958782196,0.5471347926184535,0.9777678860558404,-0.044427353888750076,0.5589228778146207,0.9699691918161181,-0.033952388912439346,0.5720011163502932,0.9589047643873426,-0.025642499327659607
439,14.646556224899598,0,Right,0.9780587553977966,0.6332147676497698,0.887869660059611,-1.260421669257994e-07,0.6033972977660597,0.8270911547872756,0.0016640418907627463,0.5648121111094951,0.7889936301443312,-0.004892642144113779,0.5395745259709657,0.7518475373586019,-0.012459921650588512,0.5310989376157522,0.7069397091865539,-0.02129572629928589,0.5448078039102257,0.8231185482607948,-0.02282591722905636,0.51085290517658,0.8672766665617625,-0.03226089850068092,0.5232181907631457,0.8705186069011688,-0.035389889031648636,0.5368571646511555,0.8572485446929932,-0.036680884659290314,0.552851899061352,0.8709452324443393,-0.029763715341687202,0.5166022276505828,0.9066762149333953,-0.03470968082547188,0.5302567845210433,0.9057834658357832,-0.030950700864195824,0.5448737480677665,0.8932152456707425,-0.029577607288956642,0.5638770901598036,0.9163658764627245,-0.035139456391334534,0.5284268971532583,0.9439739988909828,-0.04024959355592728,0.5422925173304975,0.9389016548792521,-0.030242817476391792,0.5574619837105275,0.9258168571525149,-0.024114854633808136,0.5771084703505039,0.9574045923021105,-0.039874367415905,0.5475983758457005,0.9750993722014957,-0.04370742291212082,0.5593642416410148,0.967570486995909,-0.03361736610531807,0.5724700339138508,0.95622708135181,-0.025525018572807312
440,14.67991967871486,0,Right,0.9794031977653503,0.632020921073854,0.8856990562544929,-1.2723948827897402e-07,0.6026859837584198,0.8243610428439246,0.0014845931436866522,0.5650102612562478,0.7856185250812107,-0.0054978844709694386,0.5401264446787536,0.7484749714533488,-0.01340881735086441,0.5316384356003254,0.7039210266537137,-0.0226129163056612,0.5446843016892672,0.8202976849344041,-0.024682536721229553,0.5109062572475522,0.864468828174803,-0.034383174031972885,0.5233187962789089,0.8675255040327708,-0.03728197515010834,0.5369394606910646,0.8547111736403571,-0.03835182636976242,0.5525931490119547,0.8686448024378882,-0.031621303409338,0.5164626270532608,0.9037243968910641,-0.036932915449142456,0.530023126443848,0.9027729650338491,-0.03292815759778023,0.5445653981529176,0.8906545049614376,-0.03141959384083748,0.5634165175259114,0.9142040656672583,-0.036869533360004425,0.5279534748755396,0.9409769462214576,-0.042175427079200745,0.5418680835980922,0.9361741761366527,-0.03180215135216713,0.557074478128925,0.923529122935401,-0.025471173226833344,0.5763808629475534,0.9550082385540009,-0.041472580283880234,0.5471571092493832,0.9721609552701315,-0.0454893633723259,0.5589994651265442,0.9649849189652338,-0.035255610942840576,0.5720615262631327,0.9541012419594659,-0.02707529254257679
441,14.71328313253012,0,Right,0.9789440035820007,0.631999546289444,0.8845521106488174,-1.3578596735897008e-07,0.6027006831020116,0.8222270958125592,0.0022075718734413385,0.5648929234594107,0.7835227778388394,-0.004247654695063829,0.5391926791518926,0.7473253938886855,-0.011707917787134647,0.53057512184605,0.7033600048886405,-0.020485660061240196,0.5442544602788985,0.8175773905383216,-0.023656481876969337,0.510290530975908,0.8628048901756604,-0.03283049911260605,0.5226598488166928,0.8663401094575723,-0.035421717911958694,0.5364037033170461,0.8532913909190231,-0.03630497679114342,0.5517629796639085,0.8654523361060354,-0.030686628073453903,0.5156074361875653,0.9010738708906704,-0.03557032719254494,0.529175593610853,0.900481582350201,-0.03146735578775406,0.5437127101235092,0.8884966656565666,-0.029868604615330696,0.562259231414646,0.9107267044484615,-0.035926610231399536,0.526695757266134,0.937792415999704,-0.04080747067928314,0.5407490872777998,0.9333828951749537,-0.030390910804271698,0.555867940466851,0.9209975925584634,-0.024069253355264664,0.5750643267296255,0.9513980478048325,-0.04045708850026131,0.5459024761803448,0.9688917095462481,-0.044195111840963364,0.5578281620517374,0.9620373851723141,-0.03396027535200119,0.5707764023914933,0.9512931466930442,-0.025773942470550537
442,14.746646586345381,0,Right,0.9814963340759277,0.6306732779368758,0.8846541927920447,-1.2349994449323276e-07,0.6013887522742152,0.8225036958853403,0.0023961812257766724,0.563806058652699,0.7837820086214278,-0.0038366082590073347,0.538888294994831,0.7478186461660598,-0.011216159909963608,0.5305431045591831,0.7042889224158393,-0.01993798464536667,0.5432406820356845,0.8174954891204834,-0.022169841453433037,0.5092838320881128,0.8622953090402815,-0.03162665292620659,0.5214897690340876,0.8658066822422875,-0.03483259677886963,0.5353823544457554,0.8530601097477807,-0.036039337515830994,0.5508080737665295,0.8649529139200847,-0.02934258244931698,0.5149423711001873,0.900727156135771,-0.034472860395908356,0.5283980078995227,0.8992581122451359,-0.030964085832238197,0.5430642010644078,0.8870736810896132,-0.02968391589820385,0.5613951718434691,0.9100226369169023,-0.034865498542785645,0.5261544238775968,0.9374774694442749,-0.0401882566511631,0.5399109290912747,0.9321813033686743,-0.030354317277669907,0.5549926970154047,0.9197241478496128,-0.02424001879990101,0.5741248939186334,0.950973516702652,-0.039644502103328705,0.5445814093574881,0.968580178419749,-0.04379405081272125,0.5563913432881236,0.9609659022755093,-0.03383810818195343,0.5694200478494167,0.9499957058164809,-0.02569904737174511
443,14.780010040160642,0,Right,0.9820117950439453,0.6298264123499393,0.8832395997312333,-1.2542110994218092e-07,0.6006306929513812,0.8211031152142418,0.0024352530017495155,0.5633434614166617,0.7828408274385664,-0.0039398143999278545,0.5384581357240676,0.747209859556622,-0.011379594914615154,0.5302181800827384,0.7036216881540086,-0.020152945071458817,0.5431624369695782,0.8161147985193464,-0.023162685334682465,0.508951573446393,0.8620005316204495,-0.032498352229595184,0.5212373899295926,0.865326875448227,-0.035342756658792496,0.5351419195532798,0.8523421863714854,-0.036342110484838486,0.5505185628309845,0.8638139605522156,-0.030308566987514496,0.5143423944711685,0.9001765820715163,-0.03536130487918854,0.5278448022902011,0.8986931025981904,-0.03154364228248596,0.5424527831375598,0.8864456627104017,-0.030141733586788177,0.5608970772475004,0.9090394655863444,-0.035701852291822433,0.5252236554399132,0.9365704728497399,-0.040884409099817276,0.539069427922368,0.931378835439682,-0.030782561749219894,0.5542014872655272,0.9190365533034007,-0.024595843628048897,0.5734799064695835,0.9500418338510725,-0.040333785116672516,0.5439768645912408,0.9675439198811849,-0.044443052262067795,0.5557732198387384,0.9600791249010298,-0.034431092441082,0.568748196400702,0.9493789725833469,-0.026316948235034943
444,14.813373493975904,0,Right,0.9823275208473206,0.629861532524228,0.8847246309121449,-1.2373000402021717e-07,0.600356562808156,0.8223659700817532,0.0025594737380743027,0.5628410501405596,0.783593264553282,-0.003641617251560092,0.537795672006905,0.7477230515744951,-0.010989557020366192,0.5294285628944635,0.7037513732910157,-0.019701587036252022,0.5421745458617806,0.8168222361140781,-0.022185539826750755,0.5085321011021733,0.8618447495831384,-0.031434014439582825,0.5208586955443024,0.8651624884870317,-0.03440949693322182,0.534718381986022,0.8523905714352925,-0.03551020845770836,0.5497517025098204,0.864616099331114,-0.029490040615200996,0.5140061125159263,0.90010576777988,-0.03447052836418152,0.5275262480601668,0.8986568020449744,-0.030915042385458946,0.5422475941479206,0.8866879642009735,-0.02965215966105461,0.5604082027450203,0.9100472291310628,-0.03509737178683281,0.5251971686258912,0.9370417687628004,-0.040343742817640305,0.5389333896338939,0.9318048026826646,-0.030543128028512,0.5540097093209624,0.9195058272944556,-0.02449016459286213,0.5732399744912982,0.9513787004682753,-0.039926886558532715,0.5437596056610345,0.9685614638858371,-0.04401379078626633,0.5554940186440944,0.9611124210887485,-0.03406134620308876,0.5684316538274288,0.9503862659136454,-0.025943923741579056
445,14.846736947791165,0,Right,0.982402503490448,0.6306054264307022,0.8854786872863769,-1.3027366208007152e-07,0.6011601777747273,0.8234311327338218,0.0027042722795158625,0.5633137056604027,0.7848253540694714,-0.0033278842456638813,0.537964148260653,0.7487858057022094,-0.010456761345267296,0.5293160777539014,0.7049581483006477,-0.018909819424152374,0.5428225507959723,0.8176336452364922,-0.022626280784606934,0.5088647788390517,0.8622225068509579,-0.031482942402362823,0.5212988711893558,0.8653454765677452,-0.033883459866046906,0.5349921349436044,0.852273342013359,-0.034688565880060196,0.5502860069274902,0.8651839137077332,-0.029888391494750977,0.514287157729268,0.9007729917764664,-0.03466424345970154,0.5281056890264153,0.8992481425404548,-0.03054438717663288,0.5428097683936357,0.8870296813547611,-0.0289303008466959,0.5608962390571832,0.9106531567871571,-0.0353858657181263,0.5252983801066875,0.9375867933034897,-0.040607646107673645,0.5394130440428853,0.9322955392301082,-0.030369235202670097,0.5546237256377935,0.9198421970009804,-0.02404017746448517,0.5738705031573772,0.9522797666490078,-0.04007091373205185,0.5441652059555053,0.9690259307622909,-0.044226039201021194,0.5560815062373876,0.9615913167595863,-0.03413083404302597,0.5691950356587767,0.9509197659790516,-0.025915663689374924
446,14.880100401606425,0,Right,0.9818094372749329,0.6305218588560819,0.88577144369483,-1.2859376852247806e-07,0.6011996984481811,0.8235743895173073,0.0027765915729105473,0.5635465130209922,0.7848109439015388,-0.003126920200884342,0.5383298087865114,0.7489014156162739,-0.010181705467402935,0.5294558878988027,0.7056028038263321,-0.018551912158727646,0.5427963573485612,0.8179670505225658,-0.021783316507935524,0.5089928124099969,0.8620311848819255,-0.030476175248622894,0.5211225159466266,0.8657827101647854,-0.03291712701320648,0.5347847666591405,0.8534289717674255,-0.03373242914676666,0.5502102345228195,0.8657193899154663,-0.02905397117137909,0.5144732359796762,0.9008923098444939,-0.03368411958217621,0.528016840852797,0.8995989151299,-0.029769154265522957,0.542623271048069,0.8877128265798092,-0.028278762474656105,0.5607777189463377,0.9113425448536873,-0.03458884730935097,0.5253541616722941,0.9379896208643913,-0.039644207805395126,0.5392945658415556,0.9327919155359268,-0.029570739716291428,0.5544186623767018,0.9206032134592533,-0.023366855457425117,0.5737168628722429,0.9529220283031463,-0.03931678086519241,0.544127906486392,0.969731418788433,-0.04334218055009842,0.5559372117742896,0.9623215883970261,-0.03325408324599266,0.5689389685168862,0.9516712538897991,-0.02503759227693081
447,14.913463855421687,0,Right,0.9820756316184998,0.6302765624597668,0.8854322350687451,-1.2477389077503176e-07,0.6008119516074657,0.8237593160735236,0.002669866429641843,0.5634680164977908,0.7852483799060186,-0.0035245241597294807,0.5385857082903385,0.749050999350018,-0.010862003080546856,0.5299248134717345,0.705402504073249,-0.019554419443011284,0.5430980639532208,0.8183808709184329,-0.022568004205822945,0.5093307288363575,0.8622416233023008,-0.03139539435505867,0.5215689361095428,0.8655115072925885,-0.03389455005526543,0.5351641735062003,0.8530348190002971,-0.03475797921419144,0.5506249710917472,0.8661107470591863,-0.02987702377140522,0.5146055024117231,0.9007987593611081,-0.03445926308631897,0.5281853171065449,0.8993928488757875,-0.030432898551225662,0.5428056612610817,0.8876725080940459,-0.02896234765648842,0.5612854527309536,0.9116581234667036,-0.035419005900621414,0.5254118291661143,0.9376603219244215,-0.040386419743299484,0.5392982119694352,0.9325112362702688,-0.030192606151103973,0.5545114919543266,0.9205490723252296,-0.023980939760804176,0.5741875905543565,0.9532242500119739,-0.040165048092603683,0.5442743802443146,0.9695824788676368,-0.0441407784819603,0.5559340266510844,0.9620369964175755,-0.03397975489497185,0.5689803332090377,0.9515924473603566,-0.0257688257843256
448,14.946827309236948,0,Right,0.9819991588592529,0.6307073922827839,0.8864426195621491,-1.2464860787986254e-07,0.6012220362201333,0.8250231981277466,0.00246952916495502,0.5635179307311773,0.7860022470355034,-0.003886320162564516,0.5381744502112269,0.7494967386126519,-0.01127014122903347,0.5294991804286837,0.705277518928051,-0.019960490986704826,0.5434667000547051,0.8189218297600747,-0.02338610589504242,0.5095704931765794,0.863364665210247,-0.03231316804885864,0.5219656096771359,0.8661837540566921,-0.03470471873879433,0.5354750582948327,0.8529944606125355,-0.03548175096511841,0.5512070942670106,0.8664760880172253,-0.030574407428503036,0.5150999508798122,0.9018517829477787,-0.035238925367593765,0.5287286320701241,0.8998728021979332,-0.030987704172730446,0.5431991916149854,0.8876416206359863,-0.029369456693530083,0.5618538295850157,0.9121113531291485,-0.03597313165664673,0.5260660786181688,0.9387320965528488,-0.04104367643594742,0.5399592507630586,0.9329741314053536,-0.030641667544841766,0.5550372468307614,0.9205971114337445,-0.024255305528640747,0.5746413867920637,0.9541720047593116,-0.04058055579662323,0.5444268889725208,0.9703273519873619,-0.04450780525803566,0.5560716994106769,0.9625028654932976,-0.0342070646584034,0.5691612565889954,0.9520333386957646,-0.025904729962348938
449,14.980190763052208,0,Right,0.9815809726715088,0.6313080394640564,0.8866245296266344,-1.1849213876757858e-07,0.601198273524642,0.8254515159461233,0.002865009708330035,0.5631321536377072,0.787063295311398,-0.0030422911513596773,0.5379602087661624,0.7505098101165559,-0.010222960263490677,0.5288365909829735,0.7064291631182035,-0.01874060183763504,0.5428002130240202,0.8198242661025789,-0.02064122073352337,0.5092423416674137,0.8641132343146536,-0.029504826292395592,0.5214188581332564,0.8674802973866462,-0.03241406008601189,0.5351085595786571,0.8545551046729087,-0.033495236188173294,0.5504538545385003,0.8672519687149259,-0.027991075068712234,0.5149419100955128,0.9026462864544657,-0.03234467655420303,0.5284804858267307,0.9010813939902518,-0.028617041185498238,0.5430320983752608,0.8887896926866637,-0.027316946536302567,0.5612580439075827,0.9129173750678699,-0.03373963385820389,0.526115783303976,0.9396476200885243,-0.03860022500157356,0.5399150362238287,0.9342031081517538,-0.02865719050168991,0.5549305032938718,0.9217582349975904,-0.02255229279398918,0.5743995688855648,0.9548213793171777,-0.038706835359334946,0.5445925572887063,0.9713945829206043,-0.04235468804836273,0.5563263835385441,0.9636599433090952,-0.03208739683032036,0.5693904597312212,0.9529148138231701,-0.02376529760658741
450,15.01355421686747,0,Right,0.9808090329170227,0.6316824171692133,0.8871466378370921,-1.2492992595980468e-07,0.6017730625346303,0.8264852394660314,0.0022016544826328754,0.5634719140827655,0.7888445427020391,-0.003961542155593634,0.5372492138296365,0.7533350716034571,-0.01113270316272974,0.5277007173746824,0.7092205305894216,-0.019556710496544838,0.5429253129288554,0.8228884518146515,-0.021985556930303574,0.5091589836403727,0.8667771518230438,-0.030810218304395676,0.5216952932998538,0.8696770399808884,-0.03335324674844742,0.5355114357545971,0.8565374076366424,-0.0341888852417469,0.5506266893818974,0.8699922462304434,-0.02888713777065277,0.5148927502334117,0.905247441927592,-0.03326854854822159,0.5287303084507584,0.9034795135259628,-0.029148578643798828,0.5433776423335075,0.891318463285764,-0.027571234852075577,0.5614371651783585,0.9150488575299581,-0.03415767848491669,0.5261579861864447,0.9418780873219172,-0.03890564665198326,0.5401862746104598,0.9364031354586283,-0.028572168201208115,0.5551932340487837,0.9240486005942027,-0.022264627739787102,0.5745447434484958,0.9562374571959178,-0.03870069235563278,0.5447121251374483,0.9735195934772491,-0.04225832596421242,0.556379734352231,0.9660657664140065,-0.031909480690956116,0.5692669104784727,0.9555124968290329,-0.023592744022607803
451,15.046917670682731,0,Right,0.978144645690918,0.6301977086812258,0.8860030988852183,-1.1947928157951537e-07,0.5998251758050174,0.8259788364171982,0.0023092771880328655,0.561798546789214,0.7893780728181203,-0.004164631478488445,0.5356163277290762,0.7545615792274475,-0.011690739542245865,0.5260885715484619,0.7099364797274271,-0.02051711268723011,0.5419088314287365,0.8244066337744395,-0.022283019497990608,0.5083508001873269,0.8680951724449794,-0.030809026211500168,0.5205901242792607,0.8711422284444174,-0.03308606520295143,0.5344265408348292,0.8586679329474767,-0.03377874940633774,0.5498668107204139,0.8712995280822118,-0.029255984351038933,0.5143623406998813,0.9065136830012004,-0.03319371119141579,0.5278064595535398,0.9045518497625987,-0.029003646224737167,0.5423153206706047,0.8925983846187592,-0.02754584141075611,0.5610921513754874,0.9156273971001307,-0.03452276438474655,0.525491731474176,0.9432390630245209,-0.03893405571579933,0.5391339039430022,0.9373269498348236,-0.02869311533868313,0.5540789351332933,0.9248189439376195,-0.022620176896452904,0.5745227903593332,0.955701032280922,-0.03903057798743248,0.5446190806571394,0.9742546389500301,-0.04266338795423508,0.5559240446425975,0.9660125861565272,-0.032480910420417786,0.5685363885480911,0.9547762374083201,-0.024360259994864464
452,15.080281124497992,0,Right,0.9827976226806641,0.6299343156628311,0.8912769556045532,-1.3014685862344777e-07,0.6001555725932122,0.8305768976608913,0.0017850783187896013,0.5621473234146833,0.792248406012853,-0.004860111977905035,0.5357236760668457,0.7566257576147716,-0.012429534457623959,0.5254058597609401,0.7121441841125489,-0.021189510822296143,0.5416585917584598,0.8264177252848943,-0.022717244923114777,0.5084903380833566,0.8699839353561402,-0.031838465481996536,0.521094046998769,0.8716782798369725,-0.034546736627817154,0.5347496052272618,0.8582644353310267,-0.03545354679226875,0.5496139914728702,0.8734456012646358,-0.02954937145113945,0.5141563326120376,0.9084945191939672,-0.034204717725515366,0.5279157209210098,0.9059288402398428,-0.03026251122355461,0.542466107942164,0.8939977864424388,-0.028767701238393784,0.5606151711195707,0.9182376652956009,-0.03475644439458847,0.5252821668982506,0.9453160812457403,-0.03974282369017601,0.5391710605472326,0.9392780443032582,-0.029429299756884575,0.5540837028995156,0.9268642127513885,-0.02305864915251732,0.5737951098009944,0.9589609960714977,-0.039248671382665634,0.5434688648208976,0.9767688651879628,-0.04307955503463745,0.5551890353672206,0.9690468490123749,-0.03270185738801956,0.5682364997453988,0.9584383914868037,-0.02431490831077099
453,15.113644578313252,0,Right,0.9813101887702942,0.6294076801277697,0.8920577108860016,-1.2033373764097632e-07,0.599762916751206,0.8319074312845866,0.0019232092890888453,0.5614691871218384,0.7935040016969045,-0.004305580165237188,0.5354841100051999,0.7578089366356532,-0.01156291738152504,0.5253252795897424,0.7139867703119914,-0.02006087638437748,0.5411831812933088,0.8274658292531967,-0.021251732483506203,0.5082280030008406,0.8705236752827962,-0.03044329397380352,0.5203894409351051,0.8735326786835989,-0.03358800336718559,0.5340123405680061,0.8609091609716415,-0.034755025058984756,0.5490804562345147,0.874720620115598,-0.02809358760714531,0.5139310677535832,0.9095730185508728,-0.03280612826347351,0.5274115407839417,0.9077810446421305,-0.029276248067617416,0.5419234985485673,0.8958725422620774,-0.02799573540687561,0.5600268146023154,0.9198701918125153,-0.03343639150261879,0.5252220767550171,0.9469789097706477,-0.03846821188926697,0.538773637637496,0.941412071386973,-0.028615234419703484,0.5536160284653306,0.9290473113457361,-0.0225052647292614,0.5731403906829655,0.9611549735069275,-0.038074709475040436,0.5433437083847821,0.9789205412069957,-0.041752588003873825,0.554828536324203,0.9713145037492116,-0.03157412260770798,0.5676861125044524,0.9603995243708293,-0.023316850885748863
454,15.147008032128515,0,Right,0.9812214970588684,0.6293831357732416,0.8941094274322192,-1.2319918596404023e-07,0.5995482068974525,0.833455483118693,0.0019725675228983164,0.561420269543305,0.7945770563350784,-0.004457170143723488,0.5351066845469177,0.758622717195087,-0.011745168827474117,0.5250868712551892,0.7140034619304869,-0.020233523100614548,0.5409825681708753,0.8281669543849097,-0.022584591060876846,0.5081717277877033,0.8711649495694372,-0.0312094334512949,0.5205597281455994,0.8734287910991245,-0.033635009080171585,0.5341032715048641,0.8603881455130047,-0.034465204924345016,0.5487370098009705,0.8756228173772495,-0.029340868815779686,0.5135383067652584,0.9099720148576631,-0.03354209288954735,0.5270403220783919,0.9083344957894749,-0.02940714731812477,0.5415059387683868,0.8966007073720296,-0.027878224849700928,0.5595251338090748,0.920880858765708,-0.03440466895699501,0.5246816379018128,0.9471170085999701,-0.03890029713511467,0.538446594402194,0.9418883148166869,-0.028578896075487137,0.5533557490445673,0.929688357313474,-0.022375501692295074,0.572614045534283,0.9621066242456436,-0.03875240683555603,0.5433179346844554,0.9790314811799261,-0.04215424507856369,0.555048644868657,0.9715693553288778,-0.03177221864461899,0.5678627263288945,0.9608555724223454,-0.023481283336877823
455,15.180371485943775,0,Right,0.979729175567627,0.6282327233813703,0.8951788875791762,-1.1844699798757574e-07,0.598562075663358,0.834594032416741,0.0022538669873028994,0.5607949397526681,0.7952818121347163,-0.003964170813560486,0.5350960957817733,0.759649464653598,-0.011148979887366295,0.5249241350218654,0.7159738764166832,-0.01961238496005535,0.5406058224849403,0.8295828571750058,-0.021885830909013748,0.5079013543203473,0.8721654986341795,-0.030530354008078575,0.5200768634676933,0.87494531687763,-0.03303832933306694,0.533701770287007,0.8623288373152415,-0.033859264105558395,0.5484187537804246,0.8769210589428743,-0.028757458552718163,0.5135601982474327,0.9107971236937575,-0.03306152671575546,0.5269746432080865,0.909090934942166,-0.029162243008613586,0.5414570786058903,0.897388962821828,-0.02776266075670719,0.5592671781778336,0.9218540481395192,-0.03396758437156677,0.5248499945737422,0.9478800917665163,-0.038546446710824966,0.5384734378196299,0.9424310268627273,-0.028464647009968758,0.5532972203567624,0.9302611835300922,-0.022407609969377518,0.5723738545551896,0.9627900429897838,-0.038421690464019775,0.5433573405258357,0.9798127814299531,-0.04189637303352356,0.5550246551632881,0.9719554169310464,-0.031637996435165405,0.5677503424696624,0.960995172460874,-0.023413263261318207
456,15.213734939759036,0,Right,0.980924129486084,0.6288670779205858,0.897034243742625,-1.1645085606915018e-07,0.5989291816949844,0.83671382466952,0.002171281259506941,0.5613234570249915,0.7969794879357021,-0.004412306472659111,0.5357077858410776,0.7609027296304702,-0.01186962891370058,0.5258193819783628,0.7169540325800577,-0.020554333925247192,0.541291527543217,0.8314405749241511,-0.023510344326496124,0.5088867992162704,0.8735416899124782,-0.03200663626194,0.521552103664726,0.8745844244956971,-0.03406181558966637,0.5350416508503258,0.8611246834198634,-0.03466248884797096,0.5493499210104347,0.8790198167165121,-0.030503151938319206,0.5141713865101337,0.9118268062671026,-0.03491412475705147,0.5278248539194464,0.909435095389684,-0.030734561383724213,0.5425793467089534,0.897928316394488,-0.02917390689253807,0.560132400970906,0.9243215521176656,-0.035675302147865295,0.5252066883258522,0.948694591720899,-0.040240831673145294,0.5388765895739198,0.9431122521559397,-0.029774067923426628,0.5539639825932682,0.9313765039046605,-0.023474669083952904,0.573079673293978,0.9657988846302032,-0.040079209953546524,0.5432560194283724,0.9808559944232305,-0.04338312894105911,0.5549849295988679,0.973329750696818,-0.03272106498479843,0.5680804828181862,0.9633578221003215,-0.02424095757305622
457,15.247098393574298,0,Right,0.9814819097518921,0.6288990256376564,0.8976212847563956,-1.1464086213663904e-07,0.59905120190233,0.8366476516756747,0.0020625621546059847,0.5614044135436416,0.796669943879048,-0.004633834585547447,0.5357939694076777,0.7604305752449565,-0.012206408195197582,0.5260721620172262,0.7160432876812087,-0.02105943113565445,0.541646339558065,0.8316014433900515,-0.02335800603032112,0.5089763280935585,0.8738231369190745,-0.03227541223168373,0.521522706747055,0.8753669762776958,-0.03494405746459961,0.5351101879030467,0.861995391961601,-0.03591214865446091,0.5497195360250771,0.8795754317608144,-0.030258554965257645,0.5144777751527727,0.9123691204521391,-0.034654974937438965,0.528062245529145,0.9101934234301249,-0.0306050106883049,0.5426877765916288,0.8985358857446246,-0.02920406498014927,0.5604850385338068,0.9250363488164213,-0.03542017564177513,0.5255709090270102,0.9493201884130636,-0.03999275341629982,0.5392548605799675,0.943768035620451,-0.029619373381137848,0.554253435600549,0.9319114784399668,-0.023421872407197952,0.5733190720900894,0.9664701028830476,-0.03983379155397415,0.5436524387449027,0.981478417913119,-0.043186254799366,0.5554570365697146,0.9737642258405685,-0.03259095922112465,0.568505295459181,0.963577421175109,-0.024181541055440903
458,15.280461847389558,0,Right,0.9815359711647034,0.6299019497819245,0.8974588726957639,-1.1924564091714274e-07,0.5998313283547759,0.8368099419607057,0.002219444140791893,0.5620084093883634,0.7968520495626662,-0.004477257374674082,0.535876054968685,0.7608541813161638,-0.011918405070900917,0.525815493054688,0.7164387491014269,-0.020600270479917526,0.5421598447486758,0.8315266142288844,-0.024238809943199158,0.5096113098785281,0.8741788130667475,-0.03261127322912216,0.5222312435507774,0.8753457117411826,-0.03448687121272087,0.53577761920169,0.8618086281749937,-0.03499141335487366,0.5502582564949989,0.8794216104679637,-0.031151581555604935,0.5149752228520811,0.9127574091156324,-0.0351494699716568,0.5285963661968708,0.9105607589085897,-0.030562395229935646,0.5432691497728228,0.8989904037780232,-0.02889062464237213,0.5609908495098352,0.9250049721863535,-0.036168962717056274,0.5261607291176915,0.9495826583769587,-0.04024937376379967,0.5399094124324619,0.9442233772741424,-0.0294131301343441,0.5548978678882122,0.932521216571331,-0.0230980534106493,0.5738985635340214,0.9668000833855734,-0.04041558504104614,0.544301972631365,0.9819995196329223,-0.04337755963206291,0.5562070552259684,0.9744772308402592,-0.032479822635650635,0.5691883660852909,0.9644499801927142,-0.023967783898115158
459,15.313825301204819,0,Right,0.9822950959205627,0.6309436377137899,0.8971647115217315,-1.1539847832864325e-07,0.6006415626034141,0.8367931207021078,0.0021658516488969326,0.5627146881073714,0.7974365765849749,-0.004622648935765028,0.5371412096545101,0.7608646301759614,-0.0122595876455307,0.5275759628042579,0.7163383838203218,-0.021184291690587997,0.5433136424049735,0.8317110389471054,-0.024012984707951546,0.5105354519560933,0.8741013603077994,-0.032752376049757004,0.5231205525808036,0.87524989147981,-0.03511226177215576,0.5366152849979698,0.8616628126965629,-0.035939719527959824,0.5513014916330576,0.8795655985673269,-0.031028499826788902,0.5157143692485988,0.9124594057599703,-0.03534618020057678,0.5292691918089986,0.910300052828259,-0.031082479283213615,0.5439973820932209,0.8988409803973304,-0.029566150158643723,0.5619519990868866,0.9250733349058363,-0.036213263869285583,0.5268835253082216,0.9494060117337438,-0.040555790066719055,0.5405755892395974,0.9440877763761415,-0.029954997822642326,0.5556485556066036,0.9324996628695064,-0.023694230243563652,0.5747133975848555,0.9666237178775999,-0.0406518429517746,0.5448044801130891,0.981760179830922,-0.04384452477097511,0.5567253274843097,0.974216665327549,-0.03309154510498047,0.5698679241351783,0.9642300387223561,-0.02461974322795868
460,15.347188755020081,0,Right,0.9809962511062622,0.6320671824272722,0.8974393806523747,-1.1514914177723767e-07,0.6017759055364877,0.836008659667439,0.002614679280668497,0.5639054253231734,0.796742078827487,-0.0035754318814724684,0.5381996484939009,0.7605272678865327,-0.010701874271035194,0.5286855396348983,0.7165822217861811,-0.01914590783417225,0.5446421890053899,0.8314661232961549,-0.022711675614118576,0.5114985381718725,0.8724786476956473,-0.03080650232732296,0.5235479509923607,0.874616962340143,-0.03278637304902077,0.5369561932981014,0.8619305003020499,-0.033385396003723145,0.5524145061150193,0.8792844164702628,-0.02965047024190426,0.5166735104285181,0.911308438082536,-0.033451687544584274,0.5299800257664173,0.9100534972217348,-0.029060786589980125,0.5445700591430068,0.8988339988721742,-0.02743077464401722,0.563018140103668,0.92471371607648,-0.034742314368486404,0.5278263863176107,0.948503567609522,-0.038611505180597305,0.541458972170949,0.9437588012880749,-0.028061436489224434,0.556453736545518,0.9322095313005977,-0.02187154069542885,0.5758919599931687,0.9658864875634511,-0.039057452231645584,0.5460122796241194,0.9807009090979893,-0.04182016849517822,0.5577772337011992,0.9735116249985165,-0.031029323115944862,0.5707973646000027,0.9634517626629935,-0.022598829120397568
461,15.380552208835342,0,Right,0.9861718416213989,0.6342934122309088,0.8966793306171894,-1.2439957686183334e-07,0.6040279647801071,0.8364369429647922,0.002137938281521201,0.5653618792071938,0.7970361642539501,-0.004430003464221954,0.5395697809755802,0.7605648271739482,-0.01173147652298212,0.5300112136639654,0.7162796586751938,-0.020298980176448822,0.5467890885192901,0.8305853351950645,-0.025302518159151077,0.5133910365402699,0.8742924071848392,-0.03379601240158081,0.5256212973035872,0.8745807982981205,-0.03530960530042648,0.539008524408564,0.8607919573783874,-0.0354856513440609,0.5551498731132597,0.8782320626080036,-0.03234465792775154,0.5187645229045301,0.9127075679600238,-0.03695749118924141,0.5322728176601231,0.9097233489155769,-0.03240227326750755,0.547102348972112,0.8980811536312103,-0.030571354553103447,0.5659662964753807,0.9237595096230506,-0.03744214028120041,0.5303132967092097,0.9495194919407368,-0.041764192283153534,0.5438537003472448,0.9435267865657806,-0.030970772728323936,0.55896488558501,0.9317689813673496,-0.024567950516939163,0.5788131566252559,0.9658617958426475,-0.041797637939453125,0.5479343750979752,0.9818053558468819,-0.04493393003940582,0.5594989730976522,0.9741337954998016,-0.034191057085990906,0.5726383715402334,0.9642522223293781,-0.02577265165746212
462,15.413915662650602,0,Right,0.9844549298286438,0.6387016640976071,0.9012604966759682,-1.7551427333728498e-07,0.6085370812565088,0.8449428379535675,0.0007596629438921809,0.5684225826524198,0.8035006500780583,-0.006579880136996508,0.5411013048142195,0.7660735011100769,-0.014524293132126331,0.5288275271654129,0.7217520020902157,-0.023654406890273094,0.5516066676005721,0.8308057121932506,-0.02659846842288971,0.5161700423806905,0.8792695477604866,-0.03683054447174072,0.5280059188604355,0.8852205246686935,-0.03898244723677635,0.5415776770561933,0.8730813898146152,-0.03936789557337761,0.5604342316277325,0.8752762414515018,-0.033683668822050095,0.5216632097959518,0.9195087917149067,-0.041161779314279556,0.5356878812424839,0.9184685841202735,-0.03729361295700073,0.5508942000567913,0.9048173204064369,-0.03528520464897156,0.571805402636528,0.9194776244461537,-0.03910699486732483,0.5334714874625206,0.9563548400998115,-0.04615788534283638,0.5477792558260262,0.9508371539413929,-0.03548038750886917,0.5633259600028395,0.936416894197464,-0.02846643142402172,0.5852018247358501,0.9617746591567993,-0.04384682700037956,0.5537896919064224,0.986016035079956,-0.04942648112773895,0.564886798337102,0.978702898323536,-0.039947643876075745,0.5779324227944016,0.9664384372532367,-0.032044027000665665
463,15.447279116465863,0,Right,0.9827951788902283,0.6412165607791394,0.9060290418565273,-2.712657476422464e-07,0.6095031192526221,0.8628539726138115,0.0033884309232234955,0.566295250505209,0.8259055510163307,-0.00439641484990716,0.5368361260276288,0.7929255582392216,-0.013598809950053692,0.5211379426065832,0.7523813538253308,-0.023683685809373856,0.5538914108183235,0.8405952855944634,-0.02440567873418331,0.5194631817750632,0.9048425264656543,-0.04129646718502045,0.5339953189715743,0.9085810497403145,-0.04775772988796234,0.5461866338271648,0.888928396999836,-0.05030040070414543,0.5668886325322091,0.8756347589194775,-0.03488099202513695,0.5280592431314289,0.9437467880547047,-0.04868060350418091,0.5432691791560501,0.9396472595632076,-0.045661069452762604,0.5564013591501862,0.9175879210233688,-0.04377077519893646,0.5815830036997796,0.9131082832813263,-0.04449746385216713,0.5413138086907565,0.9743890948593616,-0.058398082852363586,0.5573613966349512,0.9673678696155548,-0.046875424683094025,0.5710156993474811,0.9451855987310409,-0.038253139704465866,0.5968216355890036,0.9511223062872887,-0.05323423445224762,0.5658587141428143,0.9958011493086815,-0.06440317630767822,0.5781854885164648,0.9863977402448654,-0.05663181096315384,0.5904805595986545,0.966771936416626,-0.04923063516616821
464,15.480642570281125,0,Right,0.9920445084571838,0.6403459016233682,0.9059144675731658,-3.807064672400884e-07,0.6049697174690664,0.8907517453034719,-0.00337515352293849,0.5619915699586272,0.8743371241622501,-0.012932478450238705,0.53098398251459,0.8554028590520223,-0.021908219903707504,0.5097609990276396,0.8259799440701803,-0.032808151096105576,0.5538063257932663,0.8728619674841563,-0.03838265687227249,0.5244798668660223,0.9509721060593923,-0.054369986057281494,0.5328240896575153,0.9803499744998084,-0.05907221511006355,0.5404951399192214,0.9796889000468784,-0.062236979603767395,0.5727333197370171,0.8942616608407762,-0.04596730321645737,0.537970214523375,0.9790656308333079,-0.05945369228720665,0.5454641337506473,1.0076132416725159,-0.057515427470207214,0.5543751841410994,1.0071757541762458,-0.05923430994153023,0.5937616414390504,0.9207875847816467,-0.052769146859645844,0.5571510520763695,0.9968110528257158,-0.0689137727022171,0.562039147503674,1.0265227264828152,-0.06418169289827347,0.5691315172240138,1.0302187999089558,-0.062179118394851685,0.6140265673398971,0.94863241314888,-0.0586843341588974,0.5864659067243337,1.0096691131591797,-0.0753728374838829,0.5859118023887276,1.0298859821425543,-0.07638293504714966,0.5883632063865661,1.033725470966763,-0.07663370668888092
465,15.514006024096386,0,Right,0.9871801137924194,0.6354181493166834,0.9608536620934804,-3.567753594779788e-07,0.5992403666488826,0.9602558785014682,-0.009094730950891972,0.5588959478307516,0.960172321399053,-0.020320875570178032,0.5278583007864655,0.9585304737091065,-0.02990845777094364,0.5023916486650706,0.9424644695387946,-0.041485495865345,0.5588860514108092,0.9294689655303955,-0.04157881811261177,0.5379691161215305,1.0048861861228944,-0.06056780740618706,0.5460158789530396,1.0256753060552808,-0.06907851248979568,0.5532996034715325,1.0219555338223776,-0.07434267550706863,0.5803686238825321,0.936954120794932,-0.047026123851537704,0.5595549926161766,1.014631003803677,-0.060635555535554886,0.5682725218124688,1.031576779153612,-0.06139427796006203,0.5766287100035697,1.0259314788712395,-0.06541833281517029,0.6026695572771132,0.9524169339074029,-0.051983870565891266,0.5838509063702076,1.020103641351064,-0.06684987246990204,0.5915861753281206,1.0327363279130723,-0.05977524071931839,0.5986050489358604,1.025134465429518,-0.05684120953083038,0.6224737942684442,0.9719512396388583,-0.05684899166226387,0.6083481149282306,1.0250146547953287,-0.07100850343704224,0.6142586300615221,1.0300828138987224,-0.06633755564689636,0.6204439330846071,1.0198033624225193,-0.0627429410815239
477,15.914367469879519,0,Left,0.9505626559257507,0.5678578648716212,0.8335360055996313,1.8323066797165666e-07,0.5961370706558228,0.8316755072938071,-0.04515504837036133,0.6137171436101199,0.8733142016662492,-0.0677051842212677,0.6179276596754789,0.9234843828611904,-0.07835578173398972,0.6196932282298804,0.9628648901151287,-0.08715900778770447,0.5881896786391735,0.9029239195088545,-0.08049173653125763,0.5929708056151867,0.9649042518602478,-0.10384692251682281,0.5989582985639572,1.0039889539281528,-0.1144726499915123,0.6030426099896431,1.0300926877392662,-0.11995497345924377,0.5730392232537269,0.9181837315360705,-0.062000829726457596,0.5811021570116282,0.9790052160620689,-0.08102663606405258,0.5897568330168724,1.0143215270506012,-0.08461920917034149,0.5958109933882951,1.0386645226014986,-0.08716949075460434,0.5635392613708973,0.9285694424476888,-0.044323042035102844,0.5719391945749521,0.9841986748079459,-0.06057453528046608,0.5811871360987425,1.012772567735778,-0.06050104647874832,0.5872887447476387,1.0323035286532507,-0.059221040457487106,0.5597566224634647,0.9345571205019951,-0.02920415624976158,0.5676712155342102,0.9785382212864028,-0.04296353459358215,0.57410194799304,1.003932292924987,-0.04588991403579712,0.5785886298865079,1.0212068524625566,-0.04654154181480408
