PosX,PosY,PosZ,QuatX,QuatY,QuatZ,QuatW,EulerZ,EulerY,EulerX,TimeSeconds,FOV,LensZoom

0.010262385,1.3791983,0.026659923,-0.06027602,-0.1915123,0.0017430016,0.9796361,-1.216183,-22.051193,352.7212,0.0,1.1423849,1493.8096

0.010457426,1.3787478,0.025922691,-0.05985649,-0.19210322,0.0017979697,0.97954595,-1.2045773,-22.120956,352.77094,0.016666666662786156,1.1423849,1493.8096

0.010482204,1.3786736,0.025664447,-0.059434336,-0.19255392,0.0020208324,0.97948277,-1.1713191,-22.175617,352.82562,0.03333333332557231,1.1423849,1493.8096

0.010443884,1.3786982,0.025546342,-0.05937683,-0.19279501,0.002277143,0.97943825,-1.1409042,-22.205647,352.83765,0.04999999998835847,1.1427417,1493.2239

0.010353732,1.3787436,0.02546315,-0.059427425,-0.19312815,0.002591103,0.97936875,-1.1068417,-22.246702,352.83752,0.06666666668024845,1.1427417,1493.2239

0.010218345,1.3787926,0.025421351,-0.05927134,-0.1935481,0.0029612163,0.9792943,-1.061726,-22.298513,352.8636,0.08333333334303461,1.1427417,1493.2239

0.010061798,1.378835,0.025393352,-0.0592024,-0.19405884,0.003345003,0.9791961,-1.0177579,-22.3609,352.87903,0.10000000000582077,1.1427417,1493.2239

0.010078117,1.3783253,0.024973227,-0.059357736,-0.19445544,0.0035431464,0.9791073,-1.0007471,-22.408413,352.8632,0.11666666666860692,1.1427417,1493.2239

0.009964004,1.378209,0.024860784,-0.0593957,-0.19478159,0.0038148267,0.97903913,-0.9713993,-22.448372,352.86374,0.13333333333139308,1.1427417,1493.2239

0.009812191,1.3782399,0.024861282,-0.059086528,-0.19501239,0.004105525,0.97901076,-0.9305419,-22.477688,352.90747,0.14999999999417923,1.1427417,1493.2239

0.00966347,1.3783312,0.024903892,-0.058635205,-0.1951298,0.004365293,0.9790134,-0.88903826,-22.493666,352.96826,0.1666666666569654,1.1427417,1493.2239

0.0095356,1.3784463,0.024969753,-0.058298394,-0.19520395,0.0045413026,0.97901785,-0.86010885,-22.503868,353.01324,0.18333333331975155,1.1427417,1493.2239

0.00941738,1.3785846,0.025068222,-0.058052603,-0.19523688,0.0046494124,0.9790254,-0.84128934,-22.508688,353.04565,0.20000000001164153,1.1427417,1493.2239

0.011006313,1.3790888,0.023586862,-0.057912398,-0.19522344,0.004635441,0.9790365,-0.83947814,-22.507145,353.06247,0.2166666666744277,1.1427417,1493.2239

0.011478007,1.3793737,0.023187447,-0.057825085,-0.1953085,0.004703441,0.97902435,-0.829785,-22.517622,353.07443,0.23333333333721384,1.1427417,1493.2239

0.011585767,1.3795931,0.023129037,-0.05792216,-0.19536792,0.004761229,0.9790065,-0.8255991,-22.524874,353.06375,0.25,1.1427417,1493.2239

0.01156431,1.3797936,0.023177374,-0.058143515,-0.19536883,0.004793505,0.97899306,-0.82705957,-22.525023,353.03754,0.26666666666278616,1.1427417,1493.2239

0.011479172,1.380006,0.023289803,-0.058236837,-0.19525893,0.0047837035,0.97900945,-0.8296306,-22.512058,353.02637,0.2833333333255723,1.1427417,1493.2239

0.012364879,1.3796065,0.023043562,-0.05813668,-0.19497284,0.004735469,0.9790727,-0.83076024,-22.478441,353.0385,0.29999999998835847,1.1427417,1493.2239

0.012573853,1.3796049,0.023108449,-0.057754114,-0.19477153,0.0047186674,0.97913545,-0.8219326,-22.455173,353.08548,0.31666666668024845,1.1427417,1493.2239

0.01258413,1.3797112,0.023274,-0.057312667,-0.19461441,0.0047288346,0.9791926,-0.80878145,-22.437292,353.1401,0.3333333333430346,1.1427417,1493.2239

0.012533382,1.3798268,0.023482006,-0.05696191,-0.19442767,0.0047377227,0.9792501,-0.79776293,-22.415867,353.18375,0.35000000000582077,1.1427417,1493.2239

0.012457204,1.3799232,0.02371105,-0.056995276,-0.19416115,0.004774872,0.9793008,-0.79196846,-22.38502,353.18158,0.3666666666686069,1.1427417,1493.2239

0.012368679,1.3799949,0.023944482,-0.057180073,-0.19388181,0.004869823,0.97934496,-0.782704,-22.352964,353.16235,0.3833333333313931,1.1427417,1493.2239

0.012285742,1.3800468,0.024174575,-0.057290047,-0.19367148,0.005012563,0.9793795,-0.76637965,-22.329353,353.1532,0.39999999999417923,1.1427417,1493.2239

0.013228543,1.3792924,0.023424765,-0.057611044,-0.19346468,0.0050263987,0.9794014,-0.77077925,-22.305088,353.1152,0.4166666666569654,1.1427417,1493.2239

0.013539421,1.3790641,0.023316158,-0.057979576,-0.19317599,0.0050897365,0.97943634,-0.76964706,-22.271591,353.0729,0.43333333331975155,1.1427417,1493.2239

0.0136659695,1.3790151,0.023418242,-0.058467858,-0.19274092,0.005124827,0.97949284,-0.7736049,-22.220743,353.016,0.45000000001164153,1.1427417,1493.2239

0.013766222,1.3790348,0.023592785,-0.05923965,-0.19222149,0.0050621107,0.9795488,-0.795432,-22.159138,352.92258,0.4666666666744277,1.1427417,1493.2239

0.01386705,1.3790948,0.023822226,-0.059807077,-0.19167824,0.0050104363,0.97962105,-0.810758,-22.095,352.8544,0.48333333333721384,1.1427417,1493.2239

0.013960101,1.3791958,0.024061311,-0.059770044,-0.19136031,0.0050623324,0.9796852,-0.8009937,-22.058367,352.86136,0.5,1.1427417,1493.2239

0.014224882,1.3788352,0.023076395,-0.059568495,-0.19137338,0.0052136304,0.9796941,-0.77800184,-22.061148,352.88937,0.5166666666627862,1.1427417,1493.2239

0.0143737765,1.3788096,0.022828752,-0.05966131,-0.19144754,0.005330812,0.9796734,-0.76661414,-22.070564,352.88055,0.5333333333255723,1.1427417,1493.2239

0.014493796,1.378908,0.02281479,-0.05976305,-0.19152987,0.005414362,0.9796506,-0.759579,-22.080683,352.86984,0.5499999999883585,1.1427417,1493.2239

0.01461637,1.3790607,0.022887817,-0.059479248,-0.19165665,0.005519769,0.9796425,-0.7411066,-22.096437,352.90634,0.5666666666802485,1.1427417,1493.2239

0.01475504,1.3792348,0.023003643,-0.058884405,-0.19179122,0.0056779496,0.9796512,-0.7089003,-22.113693,352.9819,0.5833333333430346,1.1427417,1493.2239

0.014912476,1.3794079,0.023118522,-0.058288384,-0.1920525,0.005905841,0.97963434,-0.66919404,-22.146181,353.05884,0.6000000000058208,1.1427417,1493.2239

0.015339866,1.3794773,0.021779256,-0.05733896,-0.19252902,0.0063242163,0.97959423,-0.59958804,-22.205267,353.18253,0.6166666666686069,1.1427417,1493.2239

0.015581004,1.3796043,0.021462511,-0.056171894,-0.19298704,0.0067747366,0.97956866,-0.52056825,-22.262419,353.33368,0.6333333333313931,1.1423849,1493.8096

0.01575616,1.3797454,0.021476094,-0.055149287,-0.19339764,0.0071869795,0.97954285,-0.44911903,-22.31357,353.46658,0.6499999999941792,1.1423849,1493.8096

0.01589425,1.3798672,0.021586131,-0.054380484,-0.1936884,0.0075768773,0.9795255,-0.3854693,-22.350376,353.56857,0.6666666666569654,1.1423849,1493.8096

0.016012058,1.3799601,0.021703962,-0.054025855,-0.193822,0.007908067,0.9795161,-0.33771086,-22.368252,353.61926,0.6833333333197515,1.1423849,1493.8096

0.016116286,1.38004,0.021820875,-0.053855274,-0.19378497,0.008163706,0.9795307,-0.30231702,-22.365646,353.64624,0.7000000000116415,1.1423849,1493.8096

0.01613754,1.3793007,0.020960126,-0.0532023,-0.19392979,0.008474842,0.97953504,-0.24985683,-22.384722,353.73273,0.7166666666744277,1.1423849,1493.8096

0.016170189,1.3790896,0.02073133,-0.052301288,-0.19408926,0.008731051,0.9795497,-0.19814634,-22.40515,353.84814,0.7333333333372138,1.1423849,1493.8096

0.016182877,1.3790431,0.02070108,-0.05176024,-0.1941288,0.008877854,0.97956926,-0.16754553,-22.410774,353.91742,0.75,1.1423849,1493.8096

0.016175173,1.3790327,0.020697102,-0.05173258,-0.19412507,0.008945978,0.9795709,-0.15858231,-22.41077,353.92242,0.7666666666627862,1.1423849,1493.8096

0.016152015,1.379014,0.020688599,-0.051923137,-0.19407798,0.00901496,0.97956955,-0.15448436,-22.405676,353.901,0.7833333333255723,1.1423849,1493.8096

0.016118683,1.378956,0.020690337,-0.052434318,-0.19393119,0.009140802,0.97957015,-0.15052967,-22.389257,353.8422,0.7999999999883585,1.1423849,1493.8096

0.015917629,1.3786618,0.020030614,-0.053245347,-0.19391258,0.009400025,0.97952765,-0.13847826,-22.388603,353.7497,0.8166666666802485,1.1423849,1493.8096

0.015801186,1.3784765,0.0198702,-0.054022413,-0.19386594,0.009628172,0.9794921,-0.12918298,-22.384523,353.6607,0.8333333333430346,1.1423849,1493.8096

0.015702205,1.3783598,0.019894093,-0.054391816,-0.19398677,0.009845417,0.97944564,-0.1125709,-22.399979,353.62057,0.8500000000058208,1.1423849,1493.8096

0.015598754,1.3783032,0.020039437,-0.05391984,-0.19426593,0.010082915,0.979414,-0.07431494,-22.43412,353.68298,0.8666666666686069,1.1423849,1493.8096

0.015487465,1.3782992,0.020255122,-0.05266587,-0.19475503,0.010349002,0.9793823,-0.015046181,-22.492926,353.84082,0.8833333333313931,1.1423849,1493.8096

0.015386954,1.3783184,0.020463966,-0.0516409,-0.19545007,0.010574125,0.979296,0.03251205,-22.575409,353.96933,0.8999999999941792,1.1423849,1493.8096

0.015433271,1.3781592,0.019822974,-0.051204775,-0.19630185,0.010640355,0.9791478,0.045564152,-22.6752,354.02197,0.9166666666569654,1.1423849,1493.8096

0.01541926,1.3781905,0.01976984,-0.050609473,-0.19693999,0.010641249,0.9790506,0.056076854,-22.74966,354.09302,0.9333333333197515,1.1423849,1493.8096

0.015404734,1.3782977,0.019925576,-0.04977239,-0.19748996,0.010637044,0.97898275,0.07259307,-22.813787,354.1937,0.9500000000116415,1.1423849,1493.8096

0.015416493,1.3784149,0.020151362,-0.049084898,-0.19786203,0.010670708,0.978942,0.09127364,-22.85737,354.27756,0.9666666666744277,1.1423849,1493.8096

0.015457682,1.3785149,0.020407097,-0.048282456,-0.19806696,0.010791659,0.9789391,0.124530815,-22.88191,354.378,0.9833333333372138,1.1423849,1493.8096

0.015534453,1.3785785,0.020649152,-0.047276203,-0.1982233,0.011047847,0.9789537,0.17964047,-22.901463,354.50674,1.0,1.1423849,1493.8096

0.015949585,1.3786486,0.020269668,-0.04678908,-0.19838081,0.011293039,0.97894245,0.22061093,-22.921127,354.5719,1.0166666666627862,1.1427417,1493.2239

0.016179778,1.378669,0.02018884,-0.046857648,-0.19848202,0.011419511,0.9789172,0.23371816,-22.933662,354.56644,1.0333333333255723,1.1427417,1493.2239

0.016332818,1.3786772,0.020192472,-0.04680717,-0.1985917,0.011557437,0.9788957,0.25112027,-22.947224,354.57578,1.0499999999883585,1.1427417,1493.2239

0.016452948,1.3786873,0.020213623,-0.046642147,-0.1987781,0.011658202,0.9788646,0.26638982,-22.96951,354.59805,1.0666666666802485,1.1427417,1493.2239

0.016565882,1.3786889,0.020217294,-0.04660715,-0.19903827,0.011687513,0.978813,0.26930326,-23.000051,354.6025,1.0833333333430346,1.1427417,1493.2239

0.016690776,1.3787861,0.019396637,-0.046774212,-0.19928665,0.011682287,0.9787546,0.26305237,-23.029083,354.58145,1.1000000000058208,1.1427417,1493.2239

0.016792081,1.3787941,0.0190753,-0.04680367,-0.19945459,0.011720784,0.9787185,0.26602092,-23.048923,354.5785,1.116666666668607,1.1427417,1493.2239

0.01687862,1.3787644,0.018916458,-0.047034793,-0.19952865,0.01174502,0.978692,0.26277867,-23.05777,354.5507,1.133333333331393,1.1427417,1493.2239

0.016947461,1.3787423,0.018824125,-0.047332846,-0.19942594,0.01173596,0.97869873,0.2548605,-23.045801,354.51425,1.1499999999941792,1.1427417,1493.2239

0.016997859,1.3787409,0.018759912,-0.04742135,-0.19930089,0.011739066,0.97871983,0.2537829,-23.03123,354.50378,1.1666666666569654,1.1427417,1493.2239

0.017041802,1.3787558,0.018673575,-0.047708433,-0.19926831,0.011616138,0.978714,0.23185499,-23.026806,354.46576,1.1833333333197515,1.1427417,1493.2239

0.017179033,1.3787476,0.018494979,-0.048266258,-0.19951977,0.011490252,0.9786369,0.20109516,-23.055588,354.39392,1.2000000000116415,1.1423849,1493.8096

0.017215537,1.3787677,0.018359087,-0.048496872,-0.19990799,0.011388194,0.97854745,0.18051456,-23.100397,354.36234,1.2166666666744277,1.1423849,1493.8096

0.017195376,1.3788154,0.018308403,-0.047947235,-0.20036694,0.011520129,0.97847915,0.20753157,-23.154661,354.4318,1.2333333333372138,1.1423849,1493.8096

0.017168412,1.3788944,0.018337144,-0.047021277,-0.2008751,0.011632425,0.9784185,0.24139127,-23.214457,354.54672,1.25,1.1427417,1493.2239

0.01714209,1.3789691,0.01837075,-0.0466347,-0.2012885,0.011811004,0.97835,0.27045462,-23.263655,354.5976,1.2666666666627862,1.1427417,1493.2239

0.017139247,1.3790596,0.018328106,-0.047429446,-0.20163862,0.01176333,0.9782402,0.24252483,-23.304516,354.49844,1.2833333333255723,1.1427417,1493.2239

0.017112315,1.3791393,0.018450033,-0.048699327,-0.20184149,0.011569151,0.9781383,0.18552741,-23.327396,354.33774,1.2999999999883585,1.1423849,1493.8096

0.01714226,1.379207,0.018471593,-0.049796015,-0.20168453,0.011202864,0.97811973,0.11412486,-23.307077,354.1947,1.3166666666802485,1.1423849,1493.8096

0.01724215,1.3792399,0.018464308,-0.050766516,-0.2014086,0.010599746,0.97813344,0.017856954,-23.271288,354.06152,1.3333333333430346,1.1423849,1493.8096

0.017385343,1.3792334,0.018468577,-0.051435865,-0.20113914,0.009930401,0.9781609,-0.07884384,-23.235695,353.9636,1.3500000000058208,1.1423849,1493.8096

0.017480738,1.3792315,0.018520206,-0.051817104,-0.200466,0.009349224,0.9782847,-0.15471125,-23.153421,353.90436,1.366666666668607,1.1423849,1493.8096

0.017494144,1.3792574,0.018613145,-0.052020125,-0.19918911,0.008877888,0.9785391,-0.20845492,-23.001322,353.8715,1.383333333331393,1.1423849,1493.8096

0.017443841,1.3792967,0.018703649,-0.052320912,-0.19775172,0.00837456,0.978819,-0.2672366,-22.830273,353.8266,1.3999999999941792,1.1423849,1493.8096

0.01737041,1.3792633,0.018788718,-0.053174153,-0.1965331,0.008016459,0.97902143,-0.3231951,-22.685513,353.71738,1.4166666666569654,1.1423849,1493.8096

0.017222142,1.3792919,0.018803407,-0.054652963,-0.19557652,0.007960054,0.979132,-0.35925445,-22.573019,353.5387,1.4333333333197515,1.1423849,1493.8096

0.017029928,1.37936,0.018729884,-0.05634167,-0.19525222,0.008128765,0.97909963,-0.37740424,-22.535683,353.33795,1.4500000000116415,1.1423849,1493.8096

0.01678239,1.3794461,0.018663129,-0.057083867,-0.1957594,0.008528506,0.978952,-0.3507301,-22.597298,353.2555,1.4666666666744277,1.1423849,1493.8096

0.016493171,1.379544,0.018668871,-0.05622319,-0.19709812,0.0091740675,0.9787273,-0.2612799,-22.758154,353.3719,1.4833333333372138,1.1423849,1493.8096

0.016003594,1.3795537,0.018472508,-0.05434385,-0.19911213,0.009866093,0.978419,-0.14531858,-22.998219,353.61224,1.5,1.1423849,1493.8096

0.015644873,1.379601,0.018595755,-0.051572327,-0.20134315,0.010357379,0.97810733,-0.0315703,-23.262152,353.95703,1.5166666666627862,1.1423849,1493.8096

0.015355118,1.3796574,0.018916652,-0.047686595,-0.20383097,0.010724314,0.97778517,0.09576453,-23.554962,354.43576,1.5333333333255723,1.1423849,1493.8096

0.015115212,1.3796961,0.019353647,-0.04373652,-0.20639557,0.010961017,0.9774292,0.21132381,-23.855597,354.92047,1.5499999999883585,1.1423849,1493.8096

0.014910109,1.3797064,0.0198268,-0.041242227,-0.20867696,0.010945713,0.9770533,0.26219088,-24.121935,355.2219,1.5666666666802485,1.1423849,1493.8096

0.014743331,1.379682,0.020252122,-0.040729772,-0.21074232,0.010675331,0.9766344,0.23176222,-24.362356,355.27383,1.5833333333430346,1.1423849,1493.8096

0.014579217,1.3796465,0.020690339,-0.040793795,-0.21236181,0.010291009,0.976285,0.17434646,-24.550236,355.25253,1.6000000000058208,1.1423849,1493.8096

0.014391708,1.3791182,0.021225516,-0.039762843,-0.2133969,0.01012303,0.9761036,0.17602055,-24.67055,355.37302,1.616666666668607,1.1423849,1493.8096

0.014164033,1.3789551,0.021729395,-0.03810191,-0.21387027,0.010254282,0.9760648,0.23465213,-24.726292,355.58047,1.633333333331393,1.1423849,1493.8096

0.013915621,1.3789345,0.022114366,-0.037801784,-0.21372002,0.01029875,0.97610897,0.2489648,-24.708805,355.61893,1.6499999999941792,1.1423849,1493.8096

0.013630621,1.3789883,0.02238071,-0.03856845,-0.2132114,0.010324419,0.9761899,0.23392539,-24.649492,355.52603,1.6666666666569654,1.1423849,1493.8096

0.013295606,1.3791038,0.022560835,-0.039069586,-0.21291181,0.010708836,0.9762313,0.26922777,-24.61628,355.47513,1.6833333333197515,1.1423849,1493.8096

0.012925938,1.3792781,0.022674378,-0.039016135,-0.21291696,0.011413219,0.9762243,0.3573142,-24.620117,355.50058,1.7000000000116415,1.1423849,1493.8096

0.012788122,1.3793542,0.022425463,-0.039035592,-0.2131402,0.012173235,0.9761656,0.44923547,-24.649782,355.51822,1.7166666666744277,1.1423849,1493.8096

0.012506331,1.3795667,0.02221039,-0.03919911,-0.213555,0.012874204,0.97605944,0.52911425,-24.7017,355.51624,1.7333333333372138,1.1423849,1493.8096

0.012161329,1.3798339,0.021961635,-0.039391477,-0.21379957,0.01354602,0.97598904,0.60546553,-24.733566,355.51025,1.75,1.1423849,1493.8096

0.011796045,1.3801179,0.021685816,-0.03943857,-0.21364291,0.014242935,0.9760115,0.6907519,-24.718431,355.52347,1.7666666666627862,1.1423849,1493.8096

0.011447892,1.3804033,0.021411248,-0.039575607,-0.21279944,0.014729946,0.976183,0.7509745,-24.6219,355.52075,1.7833333333255723,1.1423849,1493.8096

0.011164042,1.3806807,0.021129193,-0.03999304,-0.21143112,0.014758346,0.97646284,0.74973464,-24.462008,355.4718,1.7999999999883585,1.1423849,1493.8096

0.011292629,1.3807904,0.0206432,-0.04066103,-0.20983382,0.0143301105,0.97678614,0.68704134,-24.27338,355.38034,1.8166666666802485,1.1423849,1493.8096

0.011282101,1.3809544,0.020251837,-0.040962204,-0.20835686,0.0138612725,0.9770964,0.6288091,-24.098406,355.33307,1.8333333333430346,1.1423849,1493.8096

0.011260986,1.3811377,0.019862957,-0.041046225,-0.20722969,0.013498898,0.9773376,0.58776647,-23.964775,355.31494,1.8500000000058208,1.1423849,1493.8096

0.011250596,1.3813268,0.019491322,-0.040784694,-0.20622846,0.013357749,0.9775623,0.58222866,-23.846764,355.34485,1.866666666668607,1.1423849,1493.8096

0.011255476,1.381516,0.019121137,-0.04016004,-0.20540775,0.013385751,0.97776055,0.6058119,-23.750479,355.42334,1.883333333331393,1.1423849,1493.8096

0.011234008,1.3816582,0.019048646,-0.039702818,-0.20486799,0.01343705,0.97789174,0.6264507,-23.687277,355.48145,1.8999999999941792,1.1423849,1493.8096

0.011299327,1.381799,0.01870666,-0.039648335,-0.20432292,0.013687394,0.9780045,0.66106397,-23.624628,355.49524,1.9166666666569654,1.1423849,1493.8096

0.011393495,1.3819431,0.0182872,-0.03987226,-0.20356688,0.013891817,0.9781502,0.6839171,-23.537285,355.47397,1.9333333333197515,1.1423849,1493.8096

0.011497617,1.3820972,0.017871149,-0.040104706,-0.20251957,0.014061674,0.97835565,0.703733,-23.415754,355.45114,1.9500000000116415,1.1423849,1493.8096

0.01162044,1.3822582,0.017461043,-0.040590562,-0.20135102,0.0141617935,0.9785753,0.7092638,-23.279942,355.39566,1.9666666666744277,1.1423849,1493.8096

0.011777848,1.3824172,0.017019205,-0.04172524,-0.2003885,0.014096129,0.97872615,0.677451,-23.167923,355.25653,1.9833333333372138,1.1423849,1493.8096

0.01194609,1.3825648,0.016585043,-0.043248802,-0.19955151,0.013855577,0.9788344,0.61429805,-23.069923,355.06552,2.0,1.1423849,1493.8096

0.011720814,1.3831112,0.016093245,-0.044318303,-0.19877358,0.01352518,0.9789494,0.55154365,-22.977983,354.92792,2.016666666662786,1.1423849,1493.8096

0.011727415,1.383387,0.015792547,-0.044282813,-0.1979514,0.013305753,0.9791207,0.5301187,-22.88079,354.92816,2.0333333333255723,1.1423849,1493.8096

0.011778277,1.3835647,0.015611405,-0.04389195,-0.19693083,0.0133092245,0.97934395,0.54562813,-22.761396,354.97754,2.0499999999883585,1.1423849,1493.8096

0.011839624,1.383696,0.015463809,-0.04403252,-0.19590175,0.013260944,0.9795447,0.5417974,-22.641064,354.9608,2.0666666666802485,1.1423849,1493.8096

0.011888452,1.3838016,0.0153484065,-0.044726502,-0.19490679,0.012991408,0.9797153,0.497512,-22.52388,354.87128,2.0833333333430346,1.1423849,1493.8096

0.011900723,1.3838946,0.015306748,-0.045386814,-0.19395404,0.012693523,0.9798779,0.4505949,-22.411428,354.7853,2.1000000000058208,1.1427417,1493.2239

0.01071991,1.3842076,0.015462076,-0.04587493,-0.19322038,0.012450473,0.98000324,0.41344586,-22.324734,354.72134,2.116666666668607,1.1427417,1493.2239

0.01027438,1.3843591,0.01561117,-0.046228934,-0.19277664,0.012290867,0.980076,0.38810205,-22.272243,354.67526,2.133333333331393,1.1427417,1493.2239

0.010043956,1.3844699,0.015760941,-0.046434663,-0.19270572,0.0123440325,0.98007953,0.3900344,-22.26434,354.6516,2.1499999999941792,1.1427417,1493.2239

0.009883697,1.3845856,0.015909554,-0.04666763,-0.19303483,0.012714108,0.979999,0.42748284,-22.304853,354.6315,2.1666666666569654,1.1427417,1493.2239

0.009787127,1.384715,0.016040578,-0.047032323,-0.19385752,0.013236095,0.9798122,0.47736502,-22.403881,354.59818,2.1833333333197515,1.1427417,1493.2239

0.0097498195,1.3848516,0.01621139,-0.047335602,-0.19477528,0.013628589,0.9796102,0.51242393,-22.513304,354.56912,2.2000000000116415,1.1427417,1493.2239

0.008399169,1.385178,0.01639674,-0.047246825,-0.1956872,0.013672139,0.9794321,0.5146124,-22.61994,354.5794,2.2166666666744277,1.1427417,1493.2239

0.008037929,1.3853598,0.01666035,-0.046914946,-0.19650026,0.013049234,0.97929376,0.44226944,-22.711262,354.60327,2.233333333337214,1.1427417,1493.2239

0.008019778,1.3854854,0.016987048,-0.046490602,-0.19687451,0.011938849,0.97925305,0.3154096,-22.7487,354.62723,2.25,1.1427417,1493.2239

0.008111934,1.3855944,0.017380424,-0.04584562,-0.19660361,0.010634237,0.9793529,0.17406753,-22.709791,354.67456,2.266666666662786,1.1427417,1493.2239

0.008238271,1.3857068,0.017806798,-0.045262963,-0.19587809,0.009293836,0.97953904,0.029501889,-22.617779,354.71457,2.2833333333255723,1.1427417,1493.2239

0.007367015,1.3858763,0.016264541,-0.044830415,-0.19516575,0.00819826,0.9797109,-0.08900441,-22.528757,354.74234,2.2999999999883585,1.1427417,1493.2239

0.007139417,1.3860329,0.015976716,-0.044789795,-0.19468203,0.0074515087,0.9798149,-0.17592183,-22.4683,354.7304,2.3166666666802485,1.1427417,1493.2239

0.007113114,1.3861973,0.016064458,-0.04508056,-0.19446965,0.0069446852,0.97984743,-0.24325794,-22.440718,354.68335,2.3333333333430346,1.1427417,1493.2239

0.007135868,1.3863788,0.016284145,-0.04526871,-0.19446984,0.006632432,0.97984093,-0.2857306,-22.438993,354.65292,2.3500000000058208,1.1427417,1493.2239

0.0071646348,1.3865803,0.01654999,-0.045308117,-0.19467784,0.00655488,0.9797983,-0.29735586,-22.462833,354.64575,2.366666666668607,1.1427417,1493.2239

0.007186517,1.3868053,0.016837716,-0.045290466,-0.19497305,0.00665043,0.9797398,-0.28709954,-22.49781,354.64944,2.383333333331393,1.1427417,1493.2239

0.007188814,1.387054,0.017143762,-0.04525498,-0.19520436,0.006717172,0.9796949,-0.2795219,-22.525179,354.65475,2.3999999999941792,1.1427417,1493.2239

0.0064952523,1.3866885,0.016470227,-0.044956576,-0.19532712,0.0069006337,0.9796829,-0.25072104,-22.540585,354.69522,2.4166666666569654,1.1427417,1493.2239

0.0061736107,1.3867606,0.016469019,-0.04483759,-0.1953279,0.0071576852,0.9796863,-0.21659659,-22.54209,354.71594,2.4333333333197515,1.1427417,1493.2239

0.0059488937,1.3869764,0.01666498,-0.04496185,-0.1952476,0.0074152895,0.9796947,-0.18782946,-22.53408,354.7072,2.4500000000116415,1.1427417,1493.2239

0.0057176873,1.3872427,0.016955875,-0.044637356,-0.19503692,0.0076934285,0.9797494,-0.1449196,-22.51104,354.75397,2.4666666666744277,1.1427417,1493.2239

0.005459644,1.3875269,0.017275788,-0.043854244,-0.1948524,0.00798216,0.9798192,-0.08979798,-22.491127,354.85672,2.483333333337214,1.1423849,1493.8096

0.005086156,1.3866136,0.019366145,-0.04351048,-0.19470446,0.008173383,0.97986233,-0.057403766,-22.474882,354.9035,2.5,1.1423849,1493.8096

0.0047654756,1.3864667,0.020197205,-0.043649167,-0.1946911,0.008305049,0.97985774,-0.044685416,-22.474003,354.88983,2.516666666662786,1.1423849,1493.8096

0.004466504,1.3865535,0.020632928,-0.043721642,-0.19466422,0.008375809,0.97985923,-0.03768902,-22.471231,354.88278,2.5333333333255723,1.1423849,1493.8096

0.0041890666,1.386707,0.020953447,-0.043611072,-0.19450052,0.008334757,0.979897,-0.039078236,-22.451914,354.8956,2.5499999999883585,1.1423849,1493.8096

0.0039344975,1.3868672,0.0212331,-0.043421015,-0.19416498,0.00821786,0.97997296,-0.04680025,-22.412155,354.91666,2.5666666666802485,1.1423849,1493.8096

0.0037077467,1.3870158,0.021482602,-0.043303467,-0.19370644,0.008023425,0.98007053,-0.06500577,-22.357645,354.9273,2.5833333333430346,1.1423849,1493.8096

0.0035150424,1.3871425,0.021709912,-0.043232746,-0.19313706,0.00776799,0.9801881,-0.0911201,-22.289892,354.93106,2.6000000000058208,1.1423849,1493.8096

0.0041881576,1.3867408,0.021385262,-0.043455645,-0.19247073,0.0076494715,0.9803102,-0.10707722,-22.211515,354.90262,2.616666666668607,1.1423849,1493.8096

0.004245142,1.3866837,0.021271225,-0.044294134,-0.19192086,0.008313949,0.9803751,-0.043325204,-22.150785,354.8177,2.633333333331393,1.1427417,1493.2239

0.0040196576,1.386788,0.021134712,-0.045439582,-0.19172557,0.009592192,0.9803492,0.085578024,-22.13485,354.70917,2.6499999999941792,1.1427417,1493.2239

0.0037028417,1.386926,0.020971572,-0.046185616,-0.19180608,0.010777796,0.98028624,0.2111514,-22.15078,354.6464,2.6666666666569654,1.1427417,1493.2239

0.0033976012,1.3870336,0.020792617,-0.046702627,-0.19196604,0.011352284,0.98022395,0.2675889,-22.172714,354.59683,2.6833333333197515,1.1427417,1493.2239

0.0031508976,1.3870863,0.020668104,-0.0465249,-0.19185688,0.011189646,0.98025566,0.25273114,-22.15904,354.6148,2.7000000000116415,1.1427417,1493.2239

0.0032887484,1.3865814,0.019938665,-0.045757707,-0.19124737,0.010605765,0.9804174,0.20368075,-22.084595,354.69543,2.7166666666744277,1.1427417,1493.2239

0.0032939017,1.3863751,0.019692503,-0.045235846,-0.19011827,0.009623571,0.9806713,0.10345688,-21.947554,354.73798,2.733333333337214,1.1427417,1493.2239

0.0032844692,1.3862371,0.01957677,-0.04543486,-0.18878153,0.008730423,0.9809286,-0.0016463891,-21.786913,354.69577,2.75,1.1427417,1493.2239

0.0032729157,1.3861113,0.019490581,-0.04602731,-0.18758889,0.008147234,0.98113483,-0.07898547,-21.64471,354.61307,2.766666666662786,1.1427417,1493.2239

0.0032762215,1.3859837,0.01936583,-0.04712254,-0.18716605,0.0077446513,0.98116684,-0.15047002,-21.593073,354.47202,2.7833333333255723,1.1427417,1493.2239

0.0032868185,1.3858654,0.019210353,-0.048126522,-0.1878816,0.007470385,0.98098344,-0.21132492,-21.674704,354.34225,2.7999999999883585,1.1423849,1493.8096

0.0036909878,1.3852901,0.018548518,-0.047822285,-0.18895456,0.0073253894,0.9807933,-0.22851257,-21.798985,354.37305,2.8166666666802485,1.1423849,1493.8096

0.0038261712,1.385042,0.018373607,-0.04672741,-0.18956187,0.0071326224,0.98073035,-0.2299838,-21.868938,354.4999,2.8333333333430346,1.1427417,1493.2239

0.0039066547,1.3848938,0.01831844,-0.04624811,-0.1896393,0.006765954,0.98074067,-0.26361462,-21.876043,354.54935,2.8500000000058208,1.1427417,1493.2239

0.0039713457,1.3847674,0.018276673,-0.046678733,-0.18914166,0.0063329143,0.9808193,-0.32307607,-21.815487,354.48825,2.866666666668607,1.1427417,1493.2239

0.004009731,1.3846629,0.018212203,-0.04743556,-0.18862031,0.00597431,0.9808856,-0.38089085,-21.75242,354.38947,2.883333333331393,1.1423849,1493.8096

0.0036462497,1.38479,0.018781528,-0.047679506,-0.18857256,0.0057061687,0.98088455,-0.4187177,-21.74522,354.3538,2.8999999999941792,1.1423849,1493.8096

0.0035162296,1.3847781,0.018945208,-0.04727821,-0.18902893,0.00561448,0.9808166,-0.42334235,-21.798058,354.3991,2.9166666666569654,1.1423849,1493.8096

0.0034887816,1.3847059,0.018934397,-0.046853166,-0.18947084,0.0056137135,0.9807518,-0.41626945,-21.849743,354.44943,2.9333333333197515,1.1423849,1493.8096

0.0035322704,1.3846042,0.01881692,-0.04705783,-0.18950103,0.0054485775,0.9807371,-0.44124612,-21.852238,354.4207,2.9500000000116415,1.1423849,1493.8096

0.0035861903,1.384502,0.018665474,-0.04757742,-0.1889962,0.005241271,0.9808106,-0.47529194,-21.791967,354.35422,2.9666666666744277,1.1423849,1493.8096

0.0036262746,1.384423,0.018492972,-0.048168886,-0.18843366,0.0051077623,0.98089063,-0.5016214,-21.725344,354.28098,2.983333333337214,1.1423849,1493.8096

0.0036684275,1.384364,0.018307816,-0.04876081,-0.18824357,0.0050333356,0.98089826,-0.5231548,-21.702444,354.208,3.0,1.1423849,1493.8096

0.0031040634,1.3843764,0.018187884,-0.04909027,-0.18839553,0.004940202,0.98085314,-0.54308337,-21.719425,354.16544,3.016666666662786,1.1423849,1493.8096

0.003003046,1.384352,0.018064223,-0.048994504,-0.18840584,0.0048904433,0.9808562,-0.5469425,-21.720385,354.17587,3.0333333333255723,1.1423849,1493.8096

0.00307929,1.3843149,0.017927747,-0.048916727,-0.18821815,0.0047730105,0.9808967,-0.5580996,-21.697863,354.18317,3.0499999999883585,1.1423849,1493.8096

0.0032162718,1.3842828,0.017750062,-0.04921301,-0.18786015,0.0046003154,0.9809513,-0.58349264,-21.654951,354.1443,3.0666666666802485,1.1423849,1493.8096

0.003355945,1.3842688,0.017539237,-0.049686182,-0.18735993,0.004472467,0.9810237,-0.6065627,-21.595625,354.0855,3.0833333333430346,1.1423849,1493.8096

0.003484726,1.3842793,0.017325062,-0.049958434,-0.18685782,0.004396625,0.9811059,-0.6186312,-21.536503,354.0523,3.1000000000058208,1.1423849,1493.8096

0.0032179877,1.3839318,0.017305031,-0.050080024,-0.18674979,0.0043121804,0.9811207,-0.63090557,-21.52333,354.03598,3.116666666668607,1.1423849,1493.8096

0.0032246783,1.3838439,0.017165594,-0.04997447,-0.18719931,0.004377166,0.9810402,-0.62366074,-21.576157,354.04886,3.133333333331393,1.1423849,1493.8096

0.0033319271,1.3838398,0.017009877,-0.04955379,-0.18790841,0.0044357283,0.9809256,-0.61162084,-21.65938,354.09903,3.1499999999941792,1.1423849,1493.8096

0.0035009112,1.3838578,0.016825795,-0.049372297,-0.18855178,0.004373315,0.98081166,-0.6192641,-21.734083,354.11765,3.1666666666569654,1.1423849,1493.8096

0.003713136,1.3838842,0.016631149,-0.049674105,-0.18889642,0.004168538,0.98073095,-0.6533926,-21.772816,354.0752,3.1833333333197515,1.1423849,1493.8096

0.003938459,1.3839147,0.0164743,-0.049913775,-0.1889191,0.003972241,0.9807153,-0.68288964,-21.774109,354.0415,3.2000000000116415,1.1423849,1493.8096

0.0032523968,1.3834783,0.017480416,-0.04986541,-0.18883352,0.0038090388,0.9807349,-0.7009243,-21.763184,354.04385,3.2166666666744277,1.1423849,1493.8096

0.0031367491,1.3833802,0.017729161,-0.049832996,-0.18895468,0.0036172997,0.98071384,-0.7241931,-21.77616,354.04294,3.233333333337214,1.1423849,1493.8096

0.0031915307,1.3833928,0.017738678,-0.049616598,-0.18929097,0.0033535657,0.980661,-0.7533454,-21.813913,354.06198,3.25,1.1423849,1493.8096

0.0032894711,1.3834311,0.01767681,-0.049253196,-0.18980475,0.0031214876,0.98058075,-0.77642155,-21.872677,354.09903,3.266666666662786,1.1423849,1493.8096

0.003407856,1.3834728,0.017592441,-0.048870325,-0.19038387,0.002905028,0.98048824,-0.79755986,-21.939182,354.13855,3.2833333333255723,1.1423849,1493.8096

0.0035407047,1.3835047,0.017518144,-0.048437327,-0.19076246,0.0026928235,0.9804368,-0.81561214,-21.98241,354.1849,3.2999999999883585,1.1423849,1493.8096

0.0030712336,1.3833019,0.017876852,-0.048148423,-0.19090171,0.0025398782,0.9804243,-0.82825685,-21.997982,354.21597,3.3166666666802485,1.1423849,1493.8096

0.0029801056,1.3832346,0.017950118,-0.04811514,-0.190918,0.002309569,0.98042333,-0.85548156,-21.998552,354.21454,3.3333333333430346,1.1423849,1493.8096

0.0029931762,1.383212,0.017894682,-0.048127845,-0.19106126,0.0021188157,0.98039526,-0.87985384,-22.014118,354.20804,3.3500000000058208,1.1423849,1493.8096

0.0030169636,1.3832117,0.017773267,-0.047892194,-0.19137377,0.0019668567,0.98034614,-0.8947927,-22.04987,354.23203,3.366666666668607,1.1423849,1493.8096

0.0030277171,1.3832217,0.017595137,-0.047943294,-0.19168179,0.0017239479,0.9802839,-0.9275126,-22.084305,354.21906,3.383333333331393,1.1423849,1493.8096

0.003011927,1.383244,0.017367465,-0.048342425,-0.1918709,0.0014574876,0.98022777,-0.9705604,-22.104391,354.1636,3.3999999999941792,1.1423849,1493.8096

0.002843514,1.38291,0.017551163,-0.04864737,-0.1919715,0.0013425438,0.98019314,-0.99242234,-22.115128,354.12347,3.4166666666569654,1.1423849,1493.8096

0.00274124,1.382824,0.017446935,-0.048930723,-0.19215444,0.0012864136,0.98014325,-1.0072213,-22.135832,354.08707,3.4333333333197515,1.1423849,1493.8096

0.0026629295,1.3828177,0.017288351,-0.049111314,-0.19230856,0.001286163,0.98010397,-1.012616,-22.153616,354.06454,3.4500000000116415,1.1423849,1493.8096

0.002594173,1.3828415,0.017148085,-0.04920084,-0.19239402,0.0013235762,0.9800827,-1.0108051,-22.163713,354.05426,3.4666666666744277,1.1423849,1493.8096

0.0025218304,1.3828801,0.01702439,-0.04958032,-0.19246873,0.0013310316,0.9800489,-1.0194607,-22.172077,354.00803,3.483333333337214,1.1423849,1493.8096

0.0024766475,1.3823657,0.017146766,-0.050005615,-0.19261572,0.0012913335,0.97999847,-1.0354453,-22.188526,353.95483,3.5,1.1423849,1493.8096

0.0023892845,1.3822486,0.017174786,-0.050036218,-0.19284588,0.0012511662,0.9799517,-1.0426773,-22.215082,353.9493,3.516666666662786,1.1423849,1493.8096

0.0022748038,1.3822637,0.017196631,-0.049744345,-0.19311635,0.001230914,0.97991323,-1.0400729,-22.246803,353.98337,3.5333333333255723,1.1423849,1493.8096

0.0021420345,1.3823271,0.01722351,-0.049536843,-0.19343255,0.0012159945,0.97986144,-1.0391433,-22.283808,354.00708,3.5499999999883585,1.1423849,1493.8096

0.0020180817,1.3823988,0.017238341,-0.049485758,-0.1939206,0.0011869456,0.9797676,-1.0448751,-22.340603,354.0108,3.5666666666802485,1.1423849,1493.8096

0.001898542,1.3824708,0.017280426,-0.04950538,-0.1943149,0.0011690678,0.9796885,-1.0502931,-22.386461,354.00656,3.5833333333430346,1.1423849,1493.8096

0.0017896816,1.3825386,0.017354522,-0.049342092,-0.19462834,0.0012186639,0.97963446,-1.0425406,-22.4235,354.02646,3.6000000000058208,1.1423849,1493.8096

0.0016017482,1.3825132,0.018415244,-0.049200818,-0.19490707,0.001213437,0.9795862,-1.0417188,-22.456133,354.04254,3.616666666668607,1.1423849,1493.8096

0.0014941494,1.3825294,0.018827826,-0.049488794,-0.1951325,0.0011361005,0.9795269,-1.0596617,-22.481647,354.00476,3.633333333331393,1.1423849,1493.8096

0.001404278,1.3825595,0.019003626,-0.04981777,-0.19535357,0.0009626627,0.9794663,-1.090262,-22.506014,353.9597,3.6499999999941792,1.1423849,1493.8096

0.0013042763,1.3825976,0.019083396,-0.05003079,-0.19559932,0.0007882921,0.97940654,-1.1183659,-22.533367,353.92862,3.6666666666569654,1.1423849,1493.8096

0.0011888295,1.382639,0.01912905,-0.05028137,-0.19578432,0.000668455,0.9793568,-1.14034,-22.553917,353.89447,3.6833333333197515,1.1423849,1493.8096

0.001074483,1.3826828,0.019135619,-0.050757162,-0.1959888,0.00054383796,0.9792915,-1.1685307,-22.576433,353.8327,3.7000000000116415,1.1423849,1493.8096

0.00059619796,1.3823805,0.019041006,-0.05137598,-0.19648321,0.00041539277,0.9791602,-1.2028488,-22.632551,353.75223,3.7166666666744277,1.1423849,1493.8096

0.00037238002,1.3822908,0.018947838,-0.052277997,-0.19707397,0.00024270477,0.9789938,-1.2503029,-22.699236,353.63568,3.733333333337214,1.1423849,1493.8096

0.00023190929,1.3822687,0.018841423,-0.05319591,-0.19767636,0.00013310951,0.9788229,-1.2907381,-22.767614,353.51852,3.75,1.1423849,1493.8096

0.00010171292,1.3822756,0.018765109,-0.053982817,-0.19783598,0.0001029691,0.9787475,-1.3149815,-22.784988,353.42108,3.766666666662786,1.1423849,1493.8096

-4.5508146e-05,1.3823034,0.01872136,-0.054950368,-0.19747056,4.5135628e-05,0.9787675,-1.3428835,-22.740652,353.30322,3.7833333333255723,1.1427417,1493.2239

-0.00021141768,1.3823452,0.01870868,-0.056073774,-0.19665529,-4.966598e-05,0.97886795,-1.3753288,-22.643341,353.16748,3.7999999999883585,1.1427417,1493.2239

-0.00065509975,1.3820544,0.018611614,-0.056864493,-0.19594115,-0.00035108294,0.97896546,-1.4253504,-22.55681,353.067,3.8166666666802485,1.1427417,1493.2239

-0.00086545694,1.381994,0.018556077,-0.05741744,-0.19559844,-0.00052948407,0.97900164,-1.4575926,-22.514769,352.99686,3.8333333333430346,1.1427417,1493.2239

-0.0010025725,1.3820058,0.018522963,-0.058046397,-0.19554499,-0.0006345213,0.9789751,-1.4851462,-22.506838,352.91794,3.8500000000058208,1.1427417,1493.2239

-0.0011111647,1.382041,0.018501274,-0.058878463,-0.19576733,-0.00073705503,0.97888094,-1.5196685,-22.53074,352.81302,3.866666666668607,1.1427417,1493.2239

-0.0012232736,1.3820956,0.01852743,-0.05945585,-0.19595665,-0.0008032533,0.97880816,-1.5433593,-22.55142,352.74014,3.883333333331393,1.1423849,1493.8096

-0.0013526728,1.3821675,0.018619573,-0.059468817,-0.19601978,-0.00073588005,0.97879475,-1.5360416,-22.559258,352.7399,3.8999999999941792,1.1423849,1493.8096

-0.0012463033,1.3818375,0.018642697,-0.059592735,-0.19610387,-0.00075699086,0.9787704,-1.5423471,-22.568712,352.72388,3.9166666666569654,1.1423849,1493.8096

-0.0012603179,1.3817774,0.018673467,-0.060147986,-0.19630985,-0.00081558706,0.97869503,-1.5647725,-22.591408,352.65378,3.9333333333197515,1.1423849,1493.8096

-0.0013091266,1.3818036,0.018681172,-0.06112104,-0.19649594,-0.00096105173,0.9785972,-1.6077892,-22.610424,352.53067,3.9500000000116415,1.1423849,1493.8096

-0.0013593559,1.3818531,0.018663764,-0.062427178,-0.19671267,-0.0011018381,0.9784711,-1.6586984,-22.632427,352.36688,3.9666666666744277,1.1423849,1493.8096

-0.0014187072,1.3819249,0.018659659,-0.06340709,-0.19692601,-0.0011688238,0.9783651,-1.6927254,-22.655092,352.24466,3.983333333337214,1.1423849,1493.8096

-0.0016015694,1.3817166,0.018713795,-0.06381209,-0.19734693,-0.0011953001,0.97825396,-1.7097715,-22.703243,352.1924,4.0,1.1423849,1493.8096

-0.001711756,1.3817233,0.018766511,-0.063878015,-0.19784501,-0.0012302798,0.97814894,-1.7203044,-22.760912,352.1809,4.016666666662786,1.1423849,1493.8096

-0.0018728524,1.3818053,0.018904157,-0.063350484,-0.19769809,-0.0013863463,0.9782128,-1.7249411,-22.743475,352.24225,4.033333333325572,1.1423849,1493.8096

-0.0021932498,1.3819934,0.01932488,-0.0607357,-0.19607937,-0.0017067408,0.9787038,-1.6852317,-22.556849,352.56174,4.0499999999883585,1.1423849,1493.8096

-0.0025653243,1.3821958,0.019875083,-0.05674126,-0.19460158,-0.0015057555,0.9792387,-1.5514394,-22.39266,353.06036,4.0666666666802485,1.1427417,1493.2239

-0.0028520077,1.3823273,0.020323068,-0.05398208,-0.1936334,-0.0013380912,0.9795868,-1.4569685,-22.28519,353.4046,4.083333333343035,1.1423849,1493.8096

-0.0030610114,1.3824263,0.020611381,-0.053502854,-0.19247684,-0.001626121,0.9798405,-1.4713839,-22.149166,353.46106,4.100000000005821,1.1423849,1493.8096

-0.0030904212,1.3824626,0.02044615,-0.05383131,-0.19163588,-0.0020312623,0.97998655,-1.5216814,-22.047955,353.41525,4.116666666668607,1.1423849,1493.8096

-0.0031293258,1.3825155,0.02044351,-0.05367,-0.19164757,-0.0021721725,0.97999287,-1.5350232,-22.048626,353.4315,4.133333333331393,1.1423849,1493.8096

-0.0031702965,1.3825992,0.02054026,-0.05310722,-0.19225416,-0.0021457295,0.9799048,-1.5232135,-22.120369,353.49786,4.149999999994179,1.1423849,1493.8096

-0.0032289848,1.3827037,0.020721592,-0.052466147,-0.19305716,-0.0020087538,0.9797817,-1.4975536,-22.215855,353.57556,4.166666666656965,1.1423849,1493.8096

-0.003302291,1.3828115,0.020907827,-0.05228745,-0.19396256,-0.0019301269,0.9796126,-1.4906971,-22.322193,353.59528,4.1833333333197515,1.1423849,1493.8096

-0.00340194,1.3829184,0.021119336,-0.052137606,-0.1945773,-0.0018566553,0.9794988,-1.482893,-22.394579,353.61258,4.2000000000116415,1.1423849,1493.8096

-0.0040307567,1.3830987,0.021476774,-0.052080147,-0.19509862,-0.0018272544,0.97939825,-1.4819313,-22.455648,353.61804,4.216666666674428,1.1423849,1493.8096

-0.0043025017,1.3832084,0.021703996,-0.0523538,-0.19547923,-0.0017918115,0.9793078,-1.4871744,-22.499853,353.58392,4.233333333337214,1.1423849,1493.8096

-0.0044759437,1.3833064,0.021915238,-0.05258836,-0.1956452,-0.0017852071,0.97926205,-1.4933393,-22.518894,353.55478,4.25,1.1423849,1493.8096

-0.00464198,1.383416,0.022155747,-0.052437667,-0.19569565,-0.0017453893,0.97926015,-1.4852387,-22.525269,353.57388,4.266666666662786,1.1423849,1493.8096

-0.004804969,1.3835207,0.02240524,-0.052110266,-0.19580483,-0.001621372,0.979256,-1.4630709,-22.539307,353.61627,4.283333333325572,1.1423849,1493.8096

-0.0049536973,1.3836198,0.022634368,-0.05192478,-0.19599684,-0.0014921702,0.97922766,-1.444339,-22.562815,353.64117,4.2999999999883585,1.1423849,1493.8096

-0.0047455654,1.3836994,0.022450447,-0.052233566,-0.19611926,-0.0015108349,0.9791867,-1.4550507,-22.576517,353.60257,4.3166666666802485,1.1423849,1493.8096

-0.004742451,1.3837706,0.02247928,-0.052495427,-0.19612296,-0.0014914928,0.979172,-1.4590982,-22.576687,353.5711,4.333333333343035,1.1423849,1493.8096

-0.0048226616,1.383853,0.022614596,-0.05222453,-0.19605164,-0.0013732507,0.9792009,-1.4375979,-22.569538,353.6073,4.350000000005821,1.1423849,1493.8096

-0.004931634,1.3839332,0.022801613,-0.05175986,-0.19594947,-0.0011251669,0.9792463,-1.3953867,-22.559902,353.67035,4.366666666668607,1.1423849,1493.8096

-0.0050167865,1.3840053,0.022968184,-0.051462226,-0.19607152,-0.00089996454,0.97923785,-1.3617127,-22.576008,353.71155,4.383333333331393,1.1423849,1493.8096

-0.0050784126,1.3840675,0.023093447,-0.05138211,-0.19654185,-0.00074224954,0.9791479,-1.3441296,-22.631996,353.72314,4.399999999994179,1.1423849,1493.8096

-0.004384473,1.3839779,0.022790033,-0.0516193,-0.19710544,-0.0005986257,0.9790222,-1.3367047,-22.698347,353.6954,4.416666666656965,1.1423849,1493.8096

-0.0042157746,1.3839767,0.022728091,-0.051866718,-0.19757175,-0.00053014496,0.9789152,-1.3379649,-22.752861,353.66492,4.4333333333197515,1.1423849,1493.8096

-0.004228942,1.3840133,0.022746444,-0.05212537,-0.19783348,-0.0004853693,0.97884864,-1.3408595,-22.783337,353.63336,4.4500000000116415,1.1423849,1493.8096

-0.004302966,1.384062,0.022788549,-0.052437596,-0.19799581,-0.00039590665,0.97879916,-1.3388954,-22.802435,353.5968,4.466666666674428,1.1423849,1493.8096

-0.004391407,1.3841075,0.022842288,-0.052960116,-0.19802354,-0.0003183698,0.9787655,-1.3425337,-22.805464,353.5348,4.483333333337214,1.1423849,1493.8096

-0.0044832774,1.3841562,0.022903554,-0.053456802,-0.19803183,-0.00027166965,0.97873676,-1.34914,-22.806055,353.4753,4.5,1.1423849,1493.8096

-0.0040760785,1.3838845,0.021993777,-0.05389313,-0.1980352,-0.00027013442,0.9787122,-1.3597171,-22.805857,353.4221,4.516666666662786,1.1423849,1493.8096

-0.0040030754,1.3837942,0.02171588,-0.054023087,-0.19817156,-0.00020600623,0.97867745,-1.356189,-22.822018,353.4072,4.533333333325572,1.1423849,1493.8096

-0.004037589,1.3837537,0.021617817,-0.05424818,-0.19837692,-0.00013330652,0.9786234,-1.3545132,-22.846159,353.3806,4.5499999999883585,1.1423849,1493.8096

-0.004106477,1.383715,0.021545231,-0.05476539,-0.19855864,-5.8646543e-05,0.9785577,-1.3596346,-22.867151,353.3185,4.5666666666802485,1.1423849,1493.8096

-0.004184328,1.3836743,0.02148361,-0.05524952,-0.19869667,3.0953903e-05,0.9785025,-1.3617955,-22.8832,353.261,4.583333333343035,1.1423849,1493.8096

-0.0039192415,1.3835268,0.02085126,-0.055585247,-0.19907314,0.00029719915,0.9784069,-1.3407371,-22.928501,353.22488,4.600000000005821,1.1423849,1493.8096

-0.0038550794,1.3834482,0.020589419,-0.055745017,-0.19938752,0.0004607246,0.9783337,-1.3273376,-22.9661,353.208,4.616666666668607,1.1423849,1493.8096

-0.003853634,1.3833891,0.02041527,-0.056101285,-0.19954367,0.00048787828,0.9782815,-1.3341444,-22.984028,353.16446,4.633333333331393,1.1423849,1493.8096

-0.0038830265,1.3833312,0.020260243,-0.056730825,-0.19942458,0.0003741414,0.9782695,-1.3626412,-22.968464,353.0853,4.649999999994179,1.1427417,1493.2239

-0.0039363527,1.3832759,0.020116284,-0.0572855,-0.19914033,0.0002870269,0.97829515,-1.3846396,-22.9339,353.01666,4.666666666656965,1.1427417,1493.2239

-0.0040203407,1.3832225,0.019984065,-0.057303566,-0.19879024,0.00030127363,0.9783653,-1.380438,-22.89313,353.01642,4.6833333333197515,1.1427417,1493.2239

-0.0045389086,1.3835527,0.020125844,-0.05719277,-0.19846083,0.0004259671,0.9784386,-1.3597955,-22.85574,353.0345,4.7000000000116415,1.1427417,1493.2239

-0.004769211,1.3836232,0.02004721,-0.056894977,-0.19821386,0.0005633929,0.97850597,-1.3336967,-22.828308,353.0753,4.716666666674428,1.1427417,1493.2239

-0.004889501,1.3836002,0.019858515,-0.05638125,-0.19818814,0.00067369785,0.97854084,-1.3074123,-22.826775,353.14084,4.733333333337214,1.1423849,1493.8096

-0.0049492344,1.383549,0.019619197,-0.055724733,-0.19829343,0.0007375093,0.97855705,-1.2843223,-22.840372,353.22208,4.75,1.1423849,1493.8096

-0.004971601,1.3834846,0.019332811,-0.05530951,-0.19851696,0.0007315187,0.9785353,-1.2766004,-22.866959,353.27164,4.766666666662786,1.1423849,1493.8096

-0.004989279,1.3834267,0.019029837,-0.055012587,-0.19863532,0.00066277,0.978528,-1.2785765,-22.880686,353.3057,4.783333333325572,1.1423849,1493.8096

-0.005000847,1.3833731,0.01872303,-0.05504876,-0.19847976,0.0005097489,0.9785577,-1.2968475,-22.86144,353.29822,4.7999999999883585,1.1423849,1493.8096

-0.0048535517,1.3832443,0.018501835,-0.05524372,-0.19815417,0.00025139147,0.9786128,-1.3304791,-22.821419,353.2695,4.8166666666802485,1.1423849,1493.8096

-0.004765431,1.3831693,0.018205386,-0.055334434,-0.19777715,3.3128774e-05,0.97868395,-1.3562282,-22.775808,353.25473,4.833333333343035,1.1423849,1493.8096

-0.004670389,1.3830987,0.017869389,-0.05563215,-0.19742197,-0.00019643684,0.9787388,-1.3885821,-22.732372,353.2144,4.850000000005821,1.1423849,1493.8096

-0.004558382,1.3830252,0.017519778,-0.056285262,-0.19707873,-0.00054345425,0.9787705,-1.4439605,-22.688974,353.1278,4.866666666668607,1.1427417,1493.2239

-0.0044479594,1.3829521,0.017194353,-0.05703481,-0.19675303,-0.00094736274,0.9787923,-1.5086647,-22.647007,353.02808,4.883333333331393,1.1427417,1493.2239

-0.004342854,1.3828833,0.01691287,-0.057409912,-0.19659722,-0.0012807524,0.9788013,-1.5570147,-22.625874,352.975,4.899999999994179,1.1427417,1493.2239

-0.0042900518,1.3826864,0.017252417,-0.05712118,-0.19647524,-0.0015134884,0.9788424,-1.5772219,-22.610449,353.00513,4.916666666656965,1.1427417,1493.2239

-0.0042090914,1.3825902,0.017264044,-0.056933284,-0.19627166,-0.0016702747,0.9788939,-1.5899829,-22.585896,353.0252,4.9333333333197515,1.1427417,1493.2239

-0.004136525,1.3825295,0.01716068,-0.05701442,-0.19582969,-0.001879335,0.9789773,-1.6136374,-22.532743,353.0124,4.9500000000116415,1.1427417,1493.2239

-0.004064925,1.3824881,0.01699875,-0.057276912,-0.19526888,-0.0021837512,0.97907335,-1.6522322,-22.464748,352.97574,4.966666666674428,1.1427417,1493.2239

-0.003982097,1.3824598,0.01678563,-0.0575154,-0.19480655,-0.0025173514,0.9791507,-1.6945603,-22.408056,352.94092,4.983333333337214,1.1427417,1493.2239

-0.0038706213,1.3824396,0.016516276,-0.05761491,-0.19466253,-0.0027786344,0.97917277,-1.7274337,-22.389214,352.92325,5.0,1.1427417,1493.2239

-0.0040429956,1.382322,0.017119005,-0.05767772,-0.19479206,-0.002955262,0.9791428,-1.7514822,-22.402925,352.91074,5.016666666662786,1.1427417,1493.2239

-0.00398729,1.3822747,0.017140908,-0.057567738,-0.19487052,-0.0030653118,0.97913325,-1.7628529,-22.411472,352.92108,5.033333333325572,1.1427417,1493.2239

-0.0038609183,1.3822505,0.016980492,-0.057168655,-0.19493176,-0.0031116111,0.97914433,-1.7593638,-22.418997,352.9683,5.0499999999883585,1.1427417,1493.2239

-0.0037127659,1.3822306,0.016740708,-0.056767795,-0.19503406,-0.0031127115,0.9791473,-1.7506874,-22.431633,353.01657,5.0666666666802485,1.1427417,1493.2239

-0.003564559,1.382215,0.016469408,-0.056479964,-0.19506198,-0.003165255,0.9791582,-1.7503482,-22.435028,353.05023,5.083333333343035,1.1427417,1493.2239

-0.0034201443,1.3822066,0.016174912,-0.056508765,-0.1950661,-0.003285977,0.97915536,-1.7657287,-22.434603,353.04382,5.100000000005821,1.1427417,1493.2239

-0.0035868138,1.3822492,0.016480977,-0.056585185,-0.19516985,-0.003415793,0.9791298,-1.7842029,-22.445639,353.03088,5.116666666668607,1.1427417,1493.2239

-0.003559053,1.3822962,0.016402073,-0.056366786,-0.19560096,-0.0034630566,0.97905624,-1.7882885,-22.495958,353.05426,5.133333333331393,1.1427417,1493.2239

-0.0034869066,1.3823478,0.016225832,-0.055639077,-0.19637208,-0.0032779456,0.9789441,-1.754591,-22.588488,353.14362,5.149999999994179,1.1423849,1493.8096

-0.0034260824,1.3824065,0.016075458,-0.054476485,-0.19713809,-0.0029097667,0.9788567,-1.6877934,-22.682411,353.29065,5.166666666656965,1.1423849,1493.8096

-0.0033821538,1.3824731,0.015970677,-0.05330287,-0.19761369,-0.0025313993,0.97882646,-1.6168779,-22.742432,353.44077,5.1833333333197515,1.1423849,1493.8096

-0.003353119,1.3825372,0.015889173,-0.052488793,-0.19776809,-0.0021835247,0.9788401,-1.5558139,-22.764072,353.54785,5.2000000000116415,1.1423849,1493.8096

-0.0036232818,1.3824737,0.016573692,-0.051661737,-0.19771518,-0.0018580363,0.9788955,-1.4955158,-22.76131,353.65692,5.216666666674428,1.1423849,1493.8096

-0.0037104338,1.3825097,0.016815506,-0.050855044,-0.19774787,-0.0015132184,0.9789317,-1.434019,-22.768545,353.7636,5.233333333337214,1.1423849,1493.8096

-0.003734,1.3825781,0.01690893,-0.05004538,-0.19792406,-0.001218352,0.97893816,-1.3795677,-22.792126,353.86884,5.25,1.1423849,1493.8096

-0.0037279923,1.3826454,0.016932672,-0.049509823,-0.19822668,-0.0010383467,0.9789044,-1.3467051,-22.82931,353.93735,5.266666666662786,1.1423849,1493.8096

-0.0037109926,1.3827076,0.016918188,-0.049329046,-0.19868629,-0.0009914602,0.97882044,-1.3398838,-22.883495,353.95865,5.283333333325572,1.1423849,1493.8096

-0.003913129,1.3824854,0.016869823,-0.049148764,-0.19939436,-0.0010394142,0.97868544,-1.3464004,-22.966108,353.9766,5.2999999999883585,1.1423849,1493.8096

-0.0039710677,1.3824303,0.016856734,-0.049075086,-0.20001818,-0.0011121698,0.97856176,-1.3579594,-23.038597,353.98123,5.3166666666802485,1.1423849,1493.8096

-0.003987685,1.382414,0.016866699,-0.048986025,-0.20035361,-0.0011517486,0.9784975,-1.3629977,-23.077644,353.98975,5.333333333343035,1.1423849,1493.8096

-0.0039906874,1.38241,0.016908837,-0.048641514,-0.20031062,-0.0011177867,0.97852355,-1.3499568,-23.073309,354.03287,5.350000000005821,1.1423849,1493.8096

-0.003984449,1.3824112,0.01697602,-0.048347414,-0.19989283,-0.0010828514,0.9786236,-1.335377,-23.02514,354.07135,5.366666666668607,1.1423849,1493.8096

-0.003958799,1.3824149,0.017031085,-0.048245583,-0.19938171,-0.0011130496,0.9787329,-1.3328764,-22.965418,354.0851,5.383333333331393,1.1423849,1493.8096

-0.00442826,1.3820106,0.017233696,-0.048345897,-0.19917083,-0.0012785459,0.9787707,-1.3540096,-22.939661,354.06964,5.399999999994179,1.1423849,1493.8096

-0.0045248196,1.381889,0.017235208,-0.048656162,-0.1992738,-0.001437531,0.97873414,-1.3817952,-22.950285,354.02744,5.416666666656965,1.1423849,1493.8096

-0.0045015514,1.3818787,0.0171661,-0.04884993,-0.19962136,-0.001564352,0.97865343,-1.4045609,-22.989813,353.9992,5.4333333333197515,1.1423849,1493.8096

-0.0044535473,1.3819222,0.017117929,-0.048960507,-0.19990493,-0.0016617384,0.9785899,-1.421233,-23.022163,353.9821,5.4500000000116415,1.1423849,1493.8096

-0.004413277,1.3819926,0.017105661,-0.049041256,-0.20008835,-0.0016664776,0.97854835,-1.425158,-23.043432,353.97137,5.466666666674428,1.1423849,1493.8096

-0.0043949783,1.3820765,0.017137164,-0.048937943,-0.20016964,-0.0015553916,0.9785371,-1.4096437,-23.053757,353.9864,5.483333333337214,1.1423849,1493.8096

-0.0047266535,1.3818678,0.017158607,-0.048893146,-0.20018327,-0.0013199213,0.97853684,-1.3799374,-23.056852,353.99765,5.5,1.1423849,1493.8096

-0.004844114,1.3818591,0.017219339,-0.048987344,-0.20023887,-0.0011095048,0.97852105,-1.3570505,-23.064507,353.99112,5.516666666662786,1.1423849,1493.8096

-0.00489187,1.3819107,0.017301222,-0.048964933,-0.20033649,-0.0008588168,0.9785024,-1.3266528,-23.077469,353.99966,5.533333333325572,1.1423849,1493.8096

-0.004916385,1.3819861,0.017393176,-0.048844144,-0.2005025,-0.0006417507,0.9784746,-1.2983841,-23.098343,354.01913,5.5499999999883585,1.1423849,1493.8096

-0.0049213595,1.3820733,0.017471336,-0.04885103,-0.20074277,-0.0005226519,0.9784251,-1.2857699,-23.127121,354.0203,5.5666666666802485,1.1423849,1493.8096

-0.0049160547,1.3821696,0.017545085,-0.048869815,-0.20095713,-0.0005193899,0.97838014,-1.287385,-23.152153,354.0172,5.583333333343035,1.1423849,1493.8096

-0.0049126,1.3822675,0.01763168,-0.04883436,-0.20106922,-0.0005682315,0.97835886,-1.2932587,-23.164991,354.0199,5.600000000005821,1.1423849,1493.8096

-0.005143881,1.3820446,0.017501703,-0.04878028,-0.20103821,-0.000624295,0.9783679,-1.2985156,-23.161098,354.0252,5.616666666668607,1.1423849,1493.8096

-0.0052454695,1.3820134,0.01751542,-0.048728865,-0.20078112,-0.0006580036,0.97842324,-1.2994885,-23.130936,354.0317,5.633333333331393,1.1423849,1493.8096

-0.0052997596,1.3820331,0.017546978,-0.048925735,-0.20036839,-0.0007415956,0.9784979,-1.3116212,-23.081963,354.00723,5.649999999994179,1.1423849,1493.8096

-0.005320132,1.3820621,0.017538954,-0.049459368,-0.2000565,-0.0008834682,0.9785348,-1.3399439,-23.043951,353.93982,5.666666666656965,1.1423849,1493.8096

-0.0053172335,1.382087,0.017496653,-0.05001321,-0.19998273,-0.0010076873,0.97852165,-1.3683219,-23.033798,353.8694,5.6833333333197515,1.1423849,1493.8096

-0.005293183,1.3821003,0.017425533,-0.05049115,-0.20017329,-0.0010622919,0.97845805,-1.3882909,-23.05503,353.80884,5.7000000000116415,1.1423849,1493.8096

-0.0051256544,1.3817343,0.017097069,-0.05096342,-0.20046057,-0.0010347752,0.9783748,-1.3988705,-23.088076,353.75058,5.716666666674428,1.1423849,1493.8096

-0.0050372034,1.3815995,0.01691186,-0.05138291,-0.20072858,-0.00097307283,0.9782979,-1.4038584,-23.119162,353.69968,5.733333333337214,1.1423849,1493.8096

-0.0049882582,1.3815461,0.01679264,-0.051778927,-0.20085518,-0.0008989277,0.97825116,-1.4056909,-23.133854,353.6526,5.75,1.1423849,1493.8096

-0.00496611,1.3815331,0.016722146,-0.051972166,-0.20080931,-0.00084221514,0.9782504,-1.4032612,-23.12859,353.63055,5.766666666662786,1.1423849,1493.8096

-0.0049513876,1.3815312,0.01667171,-0.05213674,-0.20073429,-0.0008150625,0.97825706,-1.4034903,-23.11977,353.61145,5.783333333325572,1.1423849,1493.8096

-0.004940284,1.3815389,0.016636664,-0.052299123,-0.20058398,-0.0008226739,0.9782792,-1.4073167,-23.101938,353.59207,5.7999999999883585,1.1423849,1493.8096

-0.005016245,1.3813479,0.016689926,-0.052394353,-0.20037133,-0.0008812092,0.9783176,-1.4151822,-23.076591,353.5799,5.8166666666802485,1.1423849,1493.8096

-0.0050233305,1.3813126,0.016690407,-0.0524602,-0.2002097,-0.00093547377,0.9783471,-1.4221835,-23.05727,353.57123,5.833333333343035,1.1423849,1493.8096

-0.00499703,1.3813368,0.016652294,-0.052686132,-0.20010288,-0.0009924887,0.97835684,-1.4339272,-23.044098,353.54266,5.850000000005821,1.1423849,1493.8096

-0.004934726,1.3813891,0.016569383,-0.052877888,-0.2001157,-0.0010157896,0.9783438,-1.4416409,-23.045155,353.51862,5.866666666668607,1.1423849,1493.8096

-0.004833862,1.3814639,0.016437616,-0.053057496,-0.20023522,-0.0010600323,0.9783096,-1.45244,-23.058552,353.49503,5.883333333331393,1.1423849,1493.8096

-0.0046085343,1.3814176,0.016377937,-0.053364553,-0.2002984,-0.001198749,0.9782798,-1.4774879,-23.064543,353.4538,5.899999999994179,1.1423849,1493.8096

-0.004458815,1.3814806,0.016245577,-0.053670898,-0.20020863,-0.0013230123,0.97828126,-1.4995474,-23.052767,353.4137,5.916666666656965,1.1423849,1493.8096

-0.0043393224,1.381582,0.016107112,-0.053953595,-0.19988535,-0.0014358272,0.9783316,-1.5177451,-23.013836,353.3778,5.9333333333197515,1.1423849,1493.8096

-0.0042364523,1.3816938,0.015974492,-0.054242864,-0.19951312,-0.0015044507,0.9783915,-1.5303012,-22.969477,353.3425,5.9500000000116415,1.1423849,1493.8096

-0.00414901,1.3818083,0.01586058,-0.054541517,-0.1991628,-0.0015598226,0.9784462,-1.5416212,-22.927748,353.30627,5.966666666674428,1.1423849,1493.8096

-0.004070183,1.381911,0.015747419,-0.0547618,-0.19895214,-0.0015733525,0.9784767,-1.5470141,-22.902723,353.28,5.983333333337214,1.1423849,1493.8096

-0.003999099,1.3820039,0.015629573,-0.05488019,-0.19881502,-0.0015507966,0.97849804,-1.5460833,-22.886692,353.26672,6.0,1.1423849,1493.8096

-0.0039890558,1.3818836,0.015648952,-0.05494822,-0.19870184,-0.0015543305,0.9785172,-1.5472745,-22.873354,353.25885,6.016666666662786,1.1423849,1493.8096

-0.0039496794,1.3818856,0.015578248,-0.055102937,-0.19850163,-0.0015902495,0.97854906,-1.5538331,-22.849503,353.24002,6.033333333325572,1.1423849,1493.8096

-0.0038934622,1.381926,0.01546707,-0.055297405,-0.19818617,-0.001677212,0.9786019,-1.5666276,-22.811789,353.2156,6.0499999999883585,1.1423849,1493.8096

-0.0038252696,1.3819791,0.015321147,-0.05540142,-0.19784045,-0.0017544171,0.9786658,-1.5757446,-22.770754,353.20264,6.0666666666802485,1.1423849,1493.8096

-0.0037393519,1.382037,0.015137894,-0.05555815,-0.19744448,-0.001798987,0.97873676,-1.5817622,-22.724003,353.18427,6.083333333343035,1.1423849,1493.8096

-0.0039363652,1.3818991,0.015035959,-0.05591733,-0.19690113,-0.0016886753,0.978826,-1.5726751,-22.660816,353.1457,6.100000000005821,1.1423849,1493.8096

-0.003922192,1.3818893,0.014850032,-0.056515668,-0.19644107,-0.001709511,0.97888404,-1.5859939,-22.606052,353.0744,6.116666666668607,1.1427417,1493.2239

-0.003829283,1.3819231,0.014636757,-0.057322085,-0.19611101,-0.0017654852,0.97890323,-1.6096538,-22.56585,352.9763,6.133333333331393,1.1427417,1493.2239

-0.003706547,1.3819764,0.01441782,-0.058068443,-0.19604199,-0.0017998613,0.97887295,-1.6313848,-22.556318,352.88483,6.149999999994179,1.1427417,1493.2239

-0.003579326,1.3820436,0.014242765,-0.05863297,-0.19612549,-0.0017381562,0.9788227,-1.6383317,-22.565563,352.81708,6.166666666656965,1.1427417,1493.2239

-0.0034610704,1.382124,0.01414834,-0.058925215,-0.1962179,-0.0015868525,0.9787869,-1.6278652,-22.576958,352.78467,6.1833333333197515,1.1427417,1493.2239

-0.0033599958,1.3822184,0.014132846,-0.058804337,-0.19630034,-0.001361018,0.978778,-1.5982109,-22.588428,352.80447,6.2000000000116415,1.1427417,1493.2239

-0.003507048,1.3821124,0.014491584,-0.05847394,-0.19626732,-0.0011329853,0.9788047,-1.5621922,-22.586779,352.8504,6.216666666674428,1.1427417,1493.2239

-0.0035113667,1.3821293,0.014670273,-0.05844954,-0.19617908,-0.0010183285,0.97882396,-1.5469202,-22.577364,352.85657,6.233333333337214,1.1427417,1493.2239

-0.0034712553,1.3821933,0.014796641,-0.058463916,-0.19597892,-0.0010153016,0.9788632,-1.5451932,-22.554026,352.85583,6.25,1.1427417,1493.2239

-0.003410533,1.3822743,0.014910601,-0.058339268,-0.19566125,-0.0010394107,0.97893417,-1.5423852,-22.51701,352.87195,6.266666666662786,1.1427417,1493.2239

-0.0033322498,1.3823555,0.015014214,-0.05828371,-0.19525778,-0.0010861172,0.979018,-1.5432757,-22.46972,352.8795,6.283333333325572,1.1427417,1493.2239

-0.0032115928,1.3826576,0.014414372,-0.058528755,-0.19485585,-0.0012579577,0.97908324,-1.5666251,-22.421232,352.8474,6.2999999999883585,1.1427417,1493.2239

-0.0030863038,1.3827914,0.014240153,-0.058861442,-0.19445343,-0.0013882315,0.97914314,-1.5870014,-22.372839,352.8057,6.3166666666802485,1.1427417,1493.2239

-0.002952814,1.3828652,0.0141963605,-0.059089966,-0.19416223,-0.0014584884,0.9791871,-1.5985132,-22.338013,352.7776,6.333333333343035,1.1427417,1493.2239

-0.0028129169,1.3829181,0.014207158,-0.059166405,-0.19392923,-0.0014736579,0.97922856,-1.6001786,-22.310623,352.76904,6.350000000005821,1.1427417,1493.2239

-0.0026517287,1.3829564,0.014220284,-0.059371114,-0.19376265,-0.0014893803,0.9792491,-1.6055554,-22.29076,352.74454,6.366666666668607,1.1427417,1493.2239

-0.0024686654,1.3829888,0.014197877,-0.0599352,-0.19368708,-0.0015184771,0.9792297,-1.6219468,-22.28081,352.67557,6.383333333331393,1.1427417,1493.2239

-0.0022803098,1.3830305,0.014149027,-0.060571454,-0.19368766,-0.001554731,0.97919035,-1.6415943,-22.279547,352.59723,6.399999999994179,1.1423849,1493.8096

-0.0023311302,1.3829752,0.013765626,-0.06091762,-0.1937976,-0.0015132907,0.9791472,-1.6458428,-22.292086,352.55554,6.416666666656965,1.1423849,1493.8096

-0.002250336,1.382985,0.013634659,-0.061039727,-0.19389667,-0.0014909594,0.97912,-1.6469456,-22.303595,352.54074,6.4333333333197515,1.1423849,1493.8096

-0.0021287352,1.3830255,0.013594396,-0.061147418,-0.19387932,-0.0014874701,0.97911674,-1.6489516,-22.301418,352.5278,6.4500000000116415,1.1423849,1493.8096

-0.0019922033,1.3830838,0.013580546,-0.06123759,-0.19377907,-0.0015283297,0.97913086,-1.6551732,-22.289274,352.51633,6.466666666674428,1.1423849,1493.8096

-0.0018510371,1.3831475,0.013564877,-0.06139072,-0.1936848,-0.0016058823,0.9791398,-1.6674013,-22.277441,352.4963,6.483333333337214,1.1423849,1493.8096

-0.00203415,1.3828773,0.01340688,-0.061633505,-0.19366623,-0.0016370208,0.9791282,-1.6768262,-22.274624,352.46613,6.5,1.1423849,1493.8096

-0.002041454,1.3828149,0.01332837,-0.0620128,-0.19389689,-0.0016410516,0.97905856,-1.6884894,-22.300814,352.4187,6.516666666662786,1.1423849,1493.8096

-0.0020107676,1.3828217,0.0132976305,-0.062231764,-0.19420227,-0.0016020187,0.97898424,-1.6917856,-22.336317,352.39142,6.533333333325572,1.1423849,1493.8096

-0.0019883364,1.3828522,0.013321852,-0.062166497,-0.19430201,-0.0015201987,0.97896874,-1.6812016,-22.348684,352.40082,6.5499999999883585,1.1423849,1493.8096

-0.0019734427,1.3828833,0.013374973,-0.062044367,-0.19413741,-0.0014325295,0.9790093,-1.6661447,-22.330393,352.4186,6.5666666666802485,1.1423849,1493.8096

-0.0019536517,1.3829067,0.013418471,-0.06207571,-0.19382839,-0.0014065378,0.9790685,-1.6609515,-22.294537,352.41696,6.583333333343035,1.1423849,1493.8096

-0.0020858794,1.3826998,0.013200527,-0.06221512,-0.19360553,-0.0013693665,0.97910386,-1.6577709,-22.268625,352.40198,6.600000000005821,1.1423849,1493.8096

-0.0021168962,1.3826416,0.013092039,-0.06232782,-0.19347294,-0.0013703469,0.9791229,-1.6593869,-22.25298,352.38892,6.616666666668607,1.1423849,1493.8096

-0.0020987962,1.3826311,0.012992265,-0.062355597,-0.1935114,-0.0013662194,0.9791135,-1.6599003,-22.257444,352.3854,6.633333333331393,1.1423849,1493.8096

-0.0020489618,1.3826382,0.012875833,-0.062428605,-0.1936186,-0.0013896306,0.9790876,-1.6654594,-22.269625,352.37546,6.649999999994179,1.1423849,1493.8096

-0.0019816905,1.3826483,0.012756962,-0.06272602,-0.19364826,-0.0014862769,0.97906256,-1.6845677,-22.271822,352.3368,6.666666666656965,1.1423849,1493.8096

-0.0019125342,1.3826585,0.012666196,-0.06312427,-0.19352806,-0.0016232649,0.9790606,-1.7096038,-22.25606,352.28568,6.6833333333197515,1.1423849,1493.8096

-0.0016385714,1.3825825,0.012268776,-0.06328794,-0.19325763,-0.0016039767,0.9791034,-1.7086909,-22.224422,352.26758,6.7000000000116415,1.1423849,1493.8096

-0.001528186,1.3825974,0.012164718,-0.06316862,-0.19296102,-0.0015990554,0.97916967,-1.7025145,-22.19012,352.28375,6.716666666674428,1.1423849,1493.8096

-0.0014739484,1.382667,0.01217665,-0.06279202,-0.19260177,-0.0016332945,0.9792645,-1.6943948,-22.14866,352.3306,6.733333333337214,1.1423849,1493.8096

-0.001434423,1.3827648,0.012212452,-0.062453248,-0.1922482,-0.0017913694,0.9793554,-1.7022603,-22.106838,352.36984,6.75,1.1423849,1493.8096

-0.0013889149,1.382872,0.012225343,-0.062395737,-0.19196576,-0.0020712852,0.9794139,-1.7322189,-22.071875,352.37167,6.766666666662786,1.1423849,1493.8096

-0.0013295239,1.3829734,0.0122147,-0.0625613,-0.19180433,-0.002373938,0.9794343,-1.7713095,-22.050426,352.34525,6.783333333325572,1.1423849,1493.8096

-0.0012974888,1.3828394,0.012282537,-0.06273025,-0.19182901,-0.0025307739,0.9794183,-1.794522,-22.051767,352.3209,6.7999999999883585,1.1423849,1493.8096

-0.0012776677,1.3828421,0.0123711955,-0.06263375,-0.1918845,-0.0025943816,0.9794134,-1.8004452,-22.057909,352.33087,6.8166666666802485,1.1423849,1493.8096

-0.0012873834,1.3828747,0.012514379,-0.062348522,-0.19186333,-0.0026006813,0.97943574,-1.7942566,-22.055918,352.36548,6.833333333343035,1.1427417,1493.2239

-0.0013141457,1.3828937,0.012675937,-0.062200572,-0.19186129,-0.0025912381,0.9794455,-1.78959,-22.056025,352.3837,6.850000000005821,1.1427417,1493.2239

-0.0013456345,1.3828934,0.012830466,-0.062187854,-0.19195236,-0.0025908872,0.9794285,-1.7900752,-22.066654,352.3848,6.866666666668607,1.1427417,1493.2239

-0.0013772447,1.3828793,0.012972688,-0.062251445,-0.1920919,-0.0025919366,0.9793971,-1.7929816,-22.082783,352.3763,6.883333333331393,1.1427417,1493.2239

-0.0014915814,1.3824272,0.013247101,-0.062440798,-0.1923011,-0.0026817098,0.9793438,-1.810258,-22.106096,352.35013,6.899999999994179,1.1427417,1493.2239

-0.0015462488,1.3822608,0.013415905,-0.06253532,-0.19245028,-0.002750169,0.97930825,-1.8221617,-22.122763,352.33624,6.916666666656965,1.1427417,1493.2239

-0.001584736,1.3821946,0.013565199,-0.06244109,-0.19244906,-0.0027880208,0.97931445,-1.8244938,-22.122501,352.3468,6.9333333333197515,1.1427417,1493.2239

-0.0016105,1.382176,0.013700329,-0.062418822,-0.19230592,-0.0028886166,0.97934365,-1.8348341,-22.10509,352.34787,6.9500000000116415,1.1427417,1493.2239

-0.0016236976,1.3821768,0.01381488,-0.062461507,-0.19213653,-0.0030306906,0.97937375,-1.8514955,-22.084175,352.34024,6.966666666674428,1.1427417,1493.2239

-0.001620926,1.3821863,0.013921486,-0.062524326,-0.1920177,-0.0031768836,0.9793926,-1.8695923,-22.069077,352.32977,6.983333333337214,1.1427417,1493.2239

-0.0016026571,1.3821988,0.014036886,-0.062469944,-0.19197571,-0.0033161694,0.9794038,-1.8847795,-22.063204,352.33334,7.0,1.1427417,1493.2239

-0.0014194921,1.3822321,0.013883583,-0.062481012,-0.1920918,-0.0034066753,0.97938,-1.8970675,-22.075993,352.32925,7.016666666662786,1.1427417,1493.2239

-0.0013459746,1.3822414,0.013922388,-0.062412303,-0.19217029,-0.0034728965,0.97936875,-1.9041783,-22.084751,352.33563,7.033333333325572,1.1430986,1492.6382

-0.0013136094,1.3822402,0.014021127,-0.062185068,-0.19231133,-0.0035021326,0.97935545,-1.9036218,-22.10139,352.36185,7.0499999999883585,1.1430986,1492.6382

-0.0012967885,1.382225,0.014123168,-0.062098455,-0.19243193,-0.0035378495,0.9793371,-1.9069963,-22.115326,352.37088,7.0666666666802485,1.1430986,1492.6382

-0.0012822176,1.3821981,0.014199842,-0.062112514,-0.19255781,-0.0035839498,0.9793113,-1.9140687,-22.1296,352.36743,7.083333333343035,1.1430986,1492.6382

-0.0012678454,1.3821654,0.01427047,-0.062075518,-0.19264235,-0.0036119688,0.9792969,-1.9173585,-22.1393,352.37082,7.100000000005821,1.1430986,1492.6382

-0.0011168768,1.3822154,0.014066007,-0.062080484,-0.19284138,-0.0035626013,0.97925764,-1.9133251,-22.162855,352.37033,7.116666666668607,1.1430986,1492.6382

-0.0010494664,1.3821987,0.013969179,-0.062275514,-0.19302022,-0.0036227426,0.9792098,-1.9269037,-22.182835,352.34424,7.133333333331393,1.1430986,1492.6382

-0.0010028109,1.3821647,0.0138667375,-0.062612616,-0.19321916,-0.003742435,0.9791486,-1.9512867,-22.204401,352.29932,7.149999999994179,1.1430986,1492.6382

-0.0009542927,1.3821234,0.013723776,-0.06307456,-0.19343613,-0.0038959356,0.97907555,-1.9829406,-22.227535,352.2383,7.166666666656965,1.1430986,1492.6382

-0.000904873,1.3820786,0.013565825,-0.063603364,-0.19357507,-0.0040482446,0.9790132,-2.0153456,-22.241428,352.1696,7.1833333333197515,1.1430986,1492.6382

-0.0008571744,1.3820401,0.0134342555,-0.063980505,-0.19360285,-0.004206013,0.9789825,-2.0437453,-22.24262,352.1198,7.2000000000116415,1.1430986,1492.6382

-0.0008795162,1.3821205,0.012807038,-0.06417493,-0.1936096,-0.00424535,0.97896826,-2.053226,-22.242683,352.09515,7.216666666674428,1.1430986,1492.6382

-0.00086808205,1.3821288,0.012531709,-0.06434129,-0.19355045,-0.004296601,0.97896886,-2.0628479,-22.235033,352.074,7.233333333337214,1.1430986,1492.6382

-0.0008504963,1.3821181,0.012371451,-0.06453343,-0.19348124,-0.0043559456,0.97896963,-2.073966,-22.226086,352.04962,7.25,1.1430986,1492.6382

-0.00084477663,1.3821138,0.012262667,-0.06469982,-0.19335915,-0.0044599567,0.97898227,-2.0893662,-22.210674,352.0276,7.266666666662786,1.1430986,1492.6382

-0.00086512417,1.3821293,0.012199769,-0.064739056,-0.19314036,-0.0045761163,0.97902226,-2.1022623,-22.184168,352.0213,7.283333333325572,1.1430986,1492.6382

-0.00057362765,1.38247,0.0122429095,-0.06470679,-0.19292754,-0.004713915,0.9790658,-2.1161277,-22.158339,352.02316,7.2999999999883585,1.1434557,1492.0525

-0.0005209868,1.3826549,0.012266904,-0.06470965,-0.19268395,-0.0049318234,0.97911245,-2.1402302,-22.128199,352.01907,7.3166666666802485,1.1434557,1492.0525

-0.00054688513,1.382813,0.012282362,-0.06470434,-0.1925126,-0.0051507177,0.9791454,-2.1649494,-22.106483,352.01553,7.333333333343035,1.1434557,1492.0525

-0.0006159222,1.3829917,0.012313144,-0.06476435,-0.19232622,-0.0053574517,0.97917694,-2.1895957,-22.08297,352.00443,7.350000000005821,1.1434557,1492.0525

-0.0007243355,1.3831974,0.0123741515,-0.06455324,-0.19217296,-0.005434286,0.97922057,-2.1924071,-22.064976,352.02917,7.366666666668607,1.1434557,1492.0525

-0.0008710325,1.3834249,0.012448391,-0.06415675,-0.19203697,-0.0053970558,0.9792735,-2.1771982,-22.050331,352.079,7.383333333331393,1.1434557,1492.0525

-0.0010480061,1.3836489,0.012510996,-0.063777134,-0.19193475,-0.0053001563,0.97931886,-2.155505,-22.040047,352.12802,7.399999999994179,1.1434557,1492.0525

-0.000915336,1.3840367,0.012599912,-0.063422754,-0.1920023,-0.005191017,0.97932917,-2.134548,-22.04956,352.1733,7.416666666656965,1.1434557,1492.0525

-0.0010021254,1.3842794,0.012619739,-0.062876575,-0.19231674,-0.004968924,0.9793039,-2.0976825,-22.089113,352.2432,7.4333333333197515,1.1434557,1492.0525

-0.0011407137,1.384463,0.01257883,-0.06233902,-0.19276872,-0.0047162543,0.9792506,-2.0585387,-22.144875,352.31204,7.4500000000116415,1.1434557,1492.0525

-0.0012735475,1.3846104,0.01248138,-0.06207701,-0.19317052,-0.004487674,0.97918916,-2.028338,-22.194,352.34714,7.466666666674428,1.1434557,1492.0525

-0.0013938671,1.384738,0.012362393,-0.062115267,-0.19335885,-0.0043128454,0.97915035,-2.009814,-22.217216,352.3456,7.483333333337214,1.1434557,1492.0525

-0.0010732263,1.3844973,0.012299746,-0.062125515,-0.1934439,-0.0040742643,0.97913396,-1.9819372,-22.228962,352.34955,7.5,1.1434557,1492.0525

-0.0010435581,1.3844637,0.012237862,-0.0620223,-0.19343835,-0.003887794,0.97914237,-1.9568247,-22.229975,352.36658,7.516666666662786,1.1434557,1492.0525

-0.0011227777,1.3845007,0.012199156,-0.061847046,-0.19352098,-0.003757082,0.9791376,-1.9375559,-22.240963,352.39056,7.533333333325572,1.1434557,1492.0525

-0.0012585744,1.3845648,0.0121894255,-0.061524536,-0.19370906,-0.0036856094,0.979121,-1.9228987,-22.264061,352.4305,7.5499999999883585,1.1434557,1492.0525

-0.0014380937,1.3846409,0.012206417,-0.061171714,-0.19384217,-0.0037084587,0.9791167,-1.9184296,-22.280083,352.4722,7.5666666666802485,1.1438131,1491.4667

-0.0016508376,1.384723,0.0122443065,-0.06097993,-0.19385436,-0.0038372995,0.97912574,-1.929562,-22.280895,352.4924,7.583333333343035,1.1438131,1491.4667

-0.0018847559,1.3848034,0.012302961,-0.060838446,-0.19381341,-0.003985885,0.979142,-1.9438113,-22.275267,352.50632,7.600000000005821,1.1438131,1491.4667

-0.0014579867,1.384592,0.012415903,-0.060644746,-0.19380602,-0.004156734,0.9791548,-1.9598131,-22.27349,352.52588,7.616666666668607,1.1438131,1491.4667

-0.001471964,1.3845553,0.0125293955,-0.06021103,-0.19385085,-0.0041303406,0.9791728,-1.9466273,-22.27978,352.57907,7.633333333331393,1.1438131,1491.4667

-0.001637496,1.3845701,0.012623927,-0.0596863,-0.19401057,-0.0039690114,0.979174,-1.9159176,-22.300634,352.64594,7.649999999994179,1.1438131,1491.4667

-0.0018605441,1.3845907,0.0126896985,-0.059234913,-0.19417983,-0.0037571206,0.97916865,-1.8808932,-22.322813,352.70505,7.666666666656965,1.1441708,1490.8809

-0.0021037809,1.3845975,0.012713965,-0.05906009,-0.19431233,-0.0035987014,0.9791536,-1.8586488,-22.339764,352.72943,7.6833333333197515,1.1441708,1490.8809

-0.0023577064,1.3845946,0.012706149,-0.059171095,-0.19438381,-0.0035468568,0.97913283,-1.8556589,-22.348265,352.7168,7.7000000000116415,1.1441708,1490.8809

-0.0020590697,1.3842047,0.012576612,-0.059293326,-0.19431427,-0.0035636162,0.97913915,-1.8600172,-22.339804,352.70187,7.716666666674428,1.1441708,1490.8809

-0.0021157614,1.3840657,0.0125098415,-0.05929237,-0.19422115,-0.0036731402,0.9791573,-1.8724542,-22.328142,352.69986,7.733333333337214,1.1441708,1490.8809

-0.002266109,1.3840142,0.01245855,-0.059341706,-0.19414417,-0.0038567123,0.9791689,-1.8952183,-22.31771,352.68985,7.75,1.1441708,1490.8809

-0.0024312262,1.3839935,0.012427026,-0.059298612,-0.1940292,-0.0039909515,0.97919375,-1.9094436,-22.303398,352.6925,7.766666666662786,1.1445284,1490.2954

-0.002597528,1.3839924,0.012425946,-0.059050392,-0.19388314,-0.004031576,0.97923744,-1.9071285,-22.28656,352.7225,7.783333333325572,1.1445284,1490.2954

-0.0023744032,1.3839045,0.012502251,-0.05873796,-0.19366169,-0.004093144,0.9792999,-1.9051626,-22.260914,352.7602,7.7999999999883585,1.1445284,1490.2954

-0.0023972965,1.383873,0.012535546,-0.058641564,-0.19353174,-0.0041373335,0.97933114,-1.9070753,-22.245632,352.77155,7.8166666666802485,1.1445284,1490.2954

-0.0025126983,1.383855,0.012550011,-0.058683734,-0.19351144,-0.004169499,0.9793325,-1.9118048,-22.24295,352.76575,7.833333333343035,1.1445284,1490.2954

-0.0026721184,1.3838397,0.012561055,-0.058722153,-0.19361012,-0.004172501,0.97931063,-1.9139525,-22.254349,352.7605,7.850000000005821,1.1445284,1490.2954

-0.0028535426,1.3838212,0.012553977,-0.058837432,-0.19389474,-0.0041518887,0.9792475,-1.9167123,-22.28744,352.7455,7.866666666668607,1.1445284,1490.2954

-0.0030418462,1.3838063,0.012528596,-0.058833763,-0.19429748,-0.0041347663,0.979168,-1.9180883,-22.334501,352.74426,7.883333333331393,1.1445284,1490.2954

-0.0032342449,1.3837981,0.012483405,-0.058718532,-0.19468327,-0.004132395,0.9790983,-1.9184198,-22.379702,352.75638,7.899999999994179,1.1445284,1490.2954

-0.0029232255,1.3836125,0.01267604,-0.058594014,-0.19476731,-0.004213259,0.9790887,-1.9259678,-22.389147,352.76917,7.916666666656965,1.1445284,1490.2954

-0.0029184346,1.3835468,0.012707481,-0.058599714,-0.19460256,-0.0043676556,0.97912043,-1.9433867,-22.368797,352.76566,7.9333333333197515,1.1445284,1490.2954

-0.0029929876,1.3835136,0.012670487,-0.058815032,-0.1943498,-0.0045825318,0.97915673,-1.9723992,-22.337324,352.73563,7.9500000000116415,1.1445284,1490.2954

-0.0030828565,1.3834872,0.012608008,-0.05887267,-0.19419456,-0.0047625806,0.97918326,-1.9942452,-22.317787,352.72513,7.966666666674428,1.1445284,1490.2954

-0.003175018,1.383447,0.012517957,-0.058853474,-0.19421922,-0.0048684366,0.97917897,-2.0068388,-22.319914,352.7248,7.983333333337214,1.1445284,1490.2954

-0.0032650582,1.3833925,0.0123846885,-0.05915184,-0.19437909,-0.004994322,0.97912866,-2.0306892,-22.336994,352.68463,8.0,1.1445284,1490.2954

-0.00259686,1.383196,0.012372147,-0.059369493,-0.19461104,-0.00515146,0.9790686,-2.0570512,-22.36239,352.65317,8.016666666662786,1.1441708,1490.8809

-0.0024106626,1.383086,0.012253238,-0.05953498,-0.19496033,-0.005267366,0.9789884,-2.0782306,-22.401873,352.62836,8.033333333325572,1.1445284,1490.2954

-0.00239072,1.383003,0.012084464,-0.059769493,-0.19529094,-0.0053671817,0.97890764,-2.0989819,-22.43915,352.5956,8.049999999988358,1.1445284,1490.2954

-0.002445211,1.3829371,0.011916131,-0.05983914,-0.19541089,-0.0054480336,0.97887903,-2.1115608,-22.452368,352.58453,8.066666666680248,1.1445284,1490.2954

-0.0025363266,1.3828825,0.011767516,-0.059755366,-0.19532569,-0.005525176,0.97890073,-2.1181242,-22.442036,352.59335,8.083333333343035,1.1445284,1490.2954

-0.0021645129,1.3827114,0.011773745,-0.059583183,-0.19507465,-0.0057985564,0.9789597,-2.144862,-22.411097,352.60916,8.10000000000582,1.1445284,1490.2954

-0.0020772219,1.3826314,0.011695126,-0.059645116,-0.19475892,-0.0059813545,0.9790177,-2.1656682,-22.372793,352.59897,8.116666666668607,1.1445284,1490.2954

-0.002063498,1.3825767,0.011578569,-0.059809007,-0.1944976,-0.006134711,0.9790587,-2.185836,-22.340824,352.5768,8.133333333331393,1.1445284,1490.2954

-0.002064079,1.3825234,0.011457881,-0.059887357,-0.19440149,-0.006185345,0.9790727,-2.1929839,-22.329071,352.5666,8.14999999999418,1.1445284,1490.2954

-0.00208049,1.382471,0.011357157,-0.059807822,-0.1944628,-0.00611822,0.9790658,-2.1834917,-22.3369,352.5775,8.166666666656965,1.1445284,1490.2954

-0.0021129448,1.3824161,0.011257507,-0.05983905,-0.19471197,-0.0059944806,0.9790151,-2.1715019,-22.366796,352.5753,8.183333333319752,1.1445284,1490.2954

-0.0016687611,1.3822888,0.011678532,-0.059930224,-0.19500606,-0.0059791906,0.9789511,-2.1745193,-22.400976,352.56296,8.200000000011642,1.1445284,1490.2954

-0.001548551,1.3822234,0.011769107,-0.059920534,-0.19542944,-0.005898836,0.97886777,-2.1683946,-22.450943,352.56372,8.216666666674428,1.1445284,1490.2954

-0.0015315885,1.382176,0.011767341,-0.05999963,-0.1957564,-0.005852246,0.97879785,-2.1676364,-22.489223,352.55338,8.233333333337214,1.1445284,1490.2954

-0.0015417611,1.3821397,0.011750724,-0.060203288,-0.19584787,-0.005908891,0.9787667,-2.1802802,-22.498999,352.5267,8.25,1.1445284,1490.2954

-0.0015539676,1.3821113,0.011747442,-0.060363468,-0.19573575,-0.006026208,0.97877854,-2.197368,-22.484678,352.50497,8.266666666662786,1.1445284,1490.2954

-0.0015669415,1.3820935,0.011751767,-0.060555864,-0.19561566,-0.0061464976,0.97878987,-2.2155151,-22.469332,352.4793,8.283333333325572,1.1445284,1490.2954

-0.0014591813,1.3818927,0.012174621,-0.06051276,-0.19566606,-0.006262189,0.97878176,-2.228975,-22.474417,352.4815,8.299999999988358,1.1448865,1489.7094

-0.001423642,1.3818243,0.012326507,-0.06044169,-0.19577207,-0.0063223247,0.97876453,-2.2355309,-22.486471,352.48813,8.316666666680248,1.1448865,1489.7094

-0.0014120266,1.3817949,0.012387417,-0.060502775,-0.19587466,-0.006409481,0.97873974,-2.2485344,-22.49762,352.478,8.333333333343035,1.1448865,1489.7094

-0.0014168248,1.3817801,0.012430765,-0.06054226,-0.19592209,-0.006494548,0.9787272,-2.2602537,-22.502403,352.4709,8.35000000000582,1.1448865,1489.7094

-0.0014263988,1.3817694,0.012458654,-0.060650952,-0.19599977,-0.00659526,0.9787043,-2.2758307,-22.510431,352.45477,8.366666666668607,1.1448865,1489.7094

-0.0014376242,1.381761,0.012478294,-0.060928054,-0.19607362,-0.0067218654,0.9786714,-2.2986028,-22.517412,352.41754,8.383333333331393,1.1448865,1489.7094

-0.0014896368,1.3813335,0.012816131,-0.061108183,-0.19629301,-0.006906053,0.9786149,-2.3273823,-22.541126,352.3899,8.39999999999418,1.1448865,1489.7094

-0.0014959326,1.3811966,0.012953179,-0.061280936,-0.1965216,-0.0070519303,0.97855717,-2.3514366,-22.56622,352.36398,8.416666666656965,1.1448865,1489.7094

-0.0014870167,1.3811563,0.013044329,-0.061348535,-0.19670482,-0.0071761725,0.9785152,-2.369893,-22.58644,352.35168,8.433333333319752,1.1448865,1489.7094

-0.0014736155,1.3811486,0.013132526,-0.061445106,-0.19676942,-0.00730841,0.9784952,-2.3889096,-22.592703,352.33633,8.450000000011642,1.1448865,1489.7094

-0.0014694978,1.3811557,0.01324694,-0.061569784,-0.19663364,-0.0074642138,0.9785135,-2.4095705,-22.575357,352.31815,8.466666666674428,1.1448865,1489.7094

-0.0014785156,1.3811731,0.013391862,-0.061560728,-0.19643573,-0.0076271105,0.9785525,-2.4272435,-22.55104,352.31653,8.483333333337214,1.1448865,1489.7094

-0.0020707697,1.3808358,0.013706915,-0.061366037,-0.19625226,-0.007890333,0.9785995,-2.4527225,-22.52809,352.33502,8.5,1.1448865,1489.7094

-0.0022749752,1.3807461,0.013917925,-0.061315656,-0.19616002,-0.008121847,0.9786193,-2.4787219,-22.515663,352.33612,8.516666666662786,1.1448865,1489.7094

-0.002355963,1.3807362,0.014096944,-0.061392296,-0.19621813,-0.008315794,0.9786012,-2.504671,-22.520721,352.32175,8.533333333325572,1.1448865,1489.7094

-0.0024114475,1.3807504,0.0142807625,-0.06143623,-0.19644888,-0.008402713,0.9785514,-2.5184875,-22.546816,352.31293,8.549999999988358,1.1448865,1489.7094

-0.002480857,1.380781,0.014487933,-0.061421257,-0.19671166,-0.008454917,0.9784991,-2.5269709,-22.577068,352.3119,8.566666666680248,1.1452446,1489.1238

-0.002569057,1.380825,0.014712116,-0.061370764,-0.19689544,-0.0085258465,0.9784647,-2.5361102,-22.598055,352.31525,8.583333333343035,1.1452446,1489.1238

-0.0026717607,1.3808836,0.014946511,-0.061349887,-0.19694427,-0.0086168125,0.97845536,-2.5471137,-22.603088,352.31528,8.60000000000582,1.1452446,1489.1238

-0.003028189,1.3807203,0.015101779,-0.061405707,-0.19692674,-0.008724279,0.9784544,-2.5613534,-22.600056,352.306,8.616666666668607,1.1452446,1489.1238

-0.003220819,1.38073,0.015281666,-0.061452057,-0.19691367,-0.008836582,0.9784531,-2.5759919,-22.59753,352.29773,8.633333333331393,1.1452446,1489.1238

-0.0033611655,1.3808012,0.015473977,-0.061487906,-0.19691102,-0.00891107,0.9784508,-2.5858824,-22.596546,352.29153,8.64999999999418,1.1452446,1489.1238

-0.0034797192,1.3808959,0.015676642,-0.061552174,-0.19698305,-0.008983576,0.9784316,-2.5969434,-22.604198,352.28152,8.666666666656965,1.1452446,1489.1238

-0.0035964176,1.3809941,0.015898846,-0.061501622,-0.19714053,-0.008956679,0.9784033,-2.593961,-22.622892,352.28735,8.683333333319752,1.1452446,1489.1238

-0.003733168,1.3807206,0.01599385,-0.061350256,-0.19747394,-0.008842575,0.9783465,-2.5796137,-22.663044,352.30655,8.700000000011642,1.1452446,1489.1238

-0.0038405284,1.3806845,0.01615246,-0.061229806,-0.19779596,-0.008712225,0.97829026,-2.5639215,-22.701912,352.32242,8.716666666674428,1.1452446,1489.1238

-0.003938747,1.3807119,0.01630142,-0.061214376,-0.19805549,-0.008629637,0.9782394,-2.555995,-22.732847,352.32474,8.733333333337214,1.1452446,1489.1238

-0.004114201,1.3807861,0.016510757,-0.061704703,-0.19829215,-0.008709845,0.97815996,-2.5800455,-22.758514,352.2615,8.75,1.1452446,1489.1238

-0.0041888976,1.3808209,0.016590968,-0.061975677,-0.19843827,-0.008784569,0.9781125,-2.5971959,-22.774239,352.2257,8.766666666662786,1.1452446,1489.1238

-0.004254043,1.3808527,0.016671622,-0.062178012,-0.19861023,-0.008832817,0.97806436,-2.6097052,-22.793362,352.19876,8.783333333325572,1.1452446,1489.1238

-0.0043111965,1.3808808,0.016753968,-0.062333737,-0.198769,-0.008855928,0.978022,-2.6178951,-22.811268,352.1782,8.799999999988358,1.1452446,1489.1238

-0.0045224503,1.3804715,0.016718226,-0.062584765,-0.19890456,-0.008919691,0.9779778,-2.6331546,-22.825884,352.14517,8.816666666680248,1.145603,1488.5381

-0.0046033985,1.380342,0.016737524,-0.06288848,-0.1990505,-0.008929348,0.9779285,-2.64325,-22.842,352.1069,8.833333333343035,1.145603,1488.5381

-0.004644826,1.3802967,0.0167703,-0.0633345,-0.1992382,-0.008957477,0.9778613,-2.6595292,-22.862442,352.05057,8.85000000000582,1.145603,1488.5381

-0.004681073,1.3802731,0.016815808,-0.06382638,-0.19946878,-0.008981415,0.9777821,-2.676888,-22.887781,351.98843,8.866666666668607,1.145603,1488.5381

-0.004723847,1.3802638,0.01689095,-0.064151265,-0.19969684,-0.008966407,0.9777143,-2.6853883,-22.913597,351.94766,8.883333333331393,1.145603,1488.5381

-0.004775981,1.3802708,0.016992968,-0.0643691,-0.19985645,-0.008934823,0.9776677,-2.6885505,-22.93186,351.9208,8.89999999999418,1.145603,1488.5381

-0.004943028,1.3801044,0.016936792,-0.064737126,-0.19989638,-0.008967849,0.97763497,-2.7020864,-22.935228,351.87476,8.916666666656965,1.145603,1488.5381

-0.005048742,1.3800707,0.01700123,-0.0649646,-0.19987023,-0.008932266,0.97762555,-2.7031279,-22.931849,351.84802,8.933333333319752,1.145603,1488.5381

-0.005135849,1.3800852,0.017098164,-0.06516756,-0.19989449,-0.008913402,0.97760725,-2.706109,-22.93427,351.82352,8.950000000011642,1.145603,1488.5381

-0.0052147657,1.3801174,0.017207514,-0.06530319,-0.19998954,-0.008912739,0.97757876,-2.7103615,-22.94498,351.80637,8.966666666674428,1.145603,1488.5381

-0.0052903495,1.3801584,0.01731794,-0.06536238,-0.20014554,-0.008906622,0.97754294,-2.7126846,-22.96305,351.79825,8.983333333337214,1.145603,1488.5381

-0.005367726,1.3802086,0.017435696,-0.06535304,-0.2002866,-0.0088940635,0.9775148,-2.7123718,-22.979622,351.79877,9.0,1.145603,1488.5381

-0.005494135,1.3802792,0.01747775,-0.06537893,-0.2004269,-0.008799582,0.9774851,-2.702962,-22.996695,351.797,9.016666666662786,1.145603,1488.5381

-0.0056021414,1.380342,0.017573986,-0.065104835,-0.20047162,-0.008629518,0.9774958,-2.67592,-23.004082,351.8344,9.033333333325572,1.145603,1488.5381

-0.005716125,1.3803968,0.017687265,-0.064829566,-0.20036678,-0.00845696,0.97753704,-2.6470213,-22.99404,351.873,9.049999999988358,1.145603,1488.5381

-0.005830452,1.3804337,0.017788537,-0.06463645,-0.20013994,-0.008308821,0.97759765,-2.621909,-22.969345,351.90167,9.066666666680248,1.145603,1488.5381

-0.0059315837,1.3804525,0.017860474,-0.06455999,-0.19993876,-0.008213646,0.9776446,-2.6064076,-22.946882,351.91464,9.083333333343035,1.1459614,1487.9525

-0.0056718937,1.3803488,0.017431349,-0.064639665,-0.1998786,-0.008125321,0.97765243,-2.5970342,-22.940386,351.90747,9.10000000000582,1.1459614,1487.9525

-0.005621128,1.3802844,0.017278183,-0.06468179,-0.19990209,-0.008039604,0.9776455,-2.587891,-22.943718,351.90427,9.116666666668607,1.1459614,1487.9525

-0.005641058,1.3802265,0.017213661,-0.06470728,-0.19989261,-0.007963907,0.9776464,-2.5792215,-22.94317,351.90308,9.133333333331393,1.1459614,1487.9525

-0.0056915483,1.3801707,0.017191378,-0.064663984,-0.1997062,-0.007898396,0.9776879,-2.568305,-22.922098,351.91116,9.14999999999418,1.1459614,1487.9525

-0.005756902,1.3801122,0.01718102,-0.064624555,-0.1993839,-0.007830276,0.9777568,-2.5558074,-22.885193,351.91968,9.166666666656965,1.1459614,1487.9525

-0.0058343536,1.3800591,0.017187363,-0.06447166,-0.19892682,-0.007751674,0.9778606,-2.537898,-22.832962,351.94315,9.183333333319752,1.1459614,1487.9525

-0.0059103942,1.3800149,0.017197637,-0.06426934,-0.19840856,-0.007674423,0.97797984,-2.5183604,-22.77372,351.973,9.200000000011642,1.1459614,1487.9525

-0.0058036074,1.3795979,0.016714547,-0.064274244,-0.19807515,-0.007673746,0.97804713,-2.5150812,-22.734856,351.9745,9.216666666674428,1.1459614,1487.9525

-0.0057587647,1.37944,0.016493004,-0.0643909,-0.1979641,-0.007688181,0.9780618,-2.5185895,-22.721498,351.96057,9.233333333337214,1.1459614,1487.9525

-0.0057202578,1.3793726,0.016339349,-0.06447921,-0.1981233,-0.0076416377,0.9780241,-2.5166876,-22.740206,351.94995,9.25,1.1459614,1487.9525

-0.0056787506,1.3793511,0.016206073,-0.06443152,-0.19841895,-0.0075538605,0.977968,-2.5078003,-22.7755,351.9561,9.266666666662786,1.1459614,1487.9525

-0.0056423894,1.3793569,0.016093705,-0.06430082,-0.19856122,-0.0074551194,0.9779485,-2.4940057,-22.793224,351.97354,9.283333333325572,1.1459614,1487.9525

-0.0056111463,1.3793731,0.015999507,-0.064253986,-0.19839959,-0.0073916926,0.97798485,-2.4835413,-22.775024,351.9818,9.299999999988358,1.1459614,1487.9525

-0.005523704,1.3792106,0.016176112,-0.06418432,-0.19813739,-0.00738139,0.97804266,-2.4779778,-22.744728,351.99216,9.316666666680248,1.1459614,1487.9525

-0.005458325,1.3791859,0.016193112,-0.06403056,-0.19780177,-0.007392759,0.97812057,-2.472269,-22.705912,352.01273,9.333333333343035,1.1459614,1487.9525

-0.005382091,1.379195,0.016127039,-0.06402229,-0.19749607,-0.00744147,0.97818255,-2.4749625,-22.669916,352.01443,9.35000000000582,1.1463201,1487.3668

-0.0052773333,1.3792034,0.015985178,-0.064286314,-0.19733448,-0.007567669,0.97819686,-2.4951372,-22.649387,351.98016,9.366666666668607,1.1463201,1487.3668

-0.005151145,1.3791978,0.015797377,-0.06467923,-0.1973725,-0.0077169808,0.9781621,-2.5232396,-22.651583,351.9284,9.383333333331393,1.1463201,1487.3668

-0.005017273,1.3791832,0.015607046,-0.06499012,-0.19754604,-0.007839415,0.9781055,-2.54744,-22.669987,351.8864,9.39999999999418,1.1463201,1487.3668

-0.0050132126,1.3792981,0.01571176,-0.065191306,-0.19766727,-0.007906612,0.9780671,-2.5617392,-22.683031,351.85947,9.416666666656965,1.1463201,1487.3668

-0.004947901,1.3793324,0.015694335,-0.06515036,-0.19763029,-0.007870337,0.97807753,-2.5559607,-22.67913,351.8656,9.433333333319752,1.1463201,1487.3668

-0.0048725703,1.3793477,0.015655644,-0.064971164,-0.19747525,-0.0078013283,0.97812134,-2.5416412,-22.662106,351.8901,9.450000000011642,1.1463201,1487.3668

-0.0047923974,1.3793608,0.015612315,-0.064814225,-0.19722201,-0.0077729807,0.9781831,-2.531829,-22.633242,351.9115,9.466666666674428,1.1463201,1487.3668

-0.004695577,1.3793706,0.015546184,-0.06480046,-0.1969504,-0.007831675,0.9782382,-2.5359015,-22.60115,351.91345,9.483333333337214,1.1463201,1487.3668

-0.0049401373,1.3793243,0.015685545,-0.06491468,-0.19688658,-0.007953442,0.9782426,-2.5528235,-22.592415,351.89697,9.5,1.1463201,1487.3668

-0.0049255416,1.3793076,0.015638825,-0.065115914,-0.19705026,-0.008098876,0.9781951,-2.5770223,-22.609753,351.86792,9.516666666662786,1.1463201,1487.3668

-0.0048167557,1.3792995,0.015526632,-0.06516534,-0.19743386,-0.008190216,0.9781136,-2.5931854,-22.653553,351.85724,9.533333333325572,1.1463201,1487.3668

-0.004673352,1.379289,0.015398912,-0.06505024,-0.1977946,-0.008185912,0.97804844,-2.59349,-22.695925,351.8691,9.549999999988358,1.1463201,1487.3668

-0.0045114607,1.3792735,0.015257737,-0.06501162,-0.19790477,-0.008167479,0.9780289,-2.5914168,-22.709015,351.87357,9.566666666680248,1.1463201,1487.3668

-0.004341617,1.3792491,0.015098853,-0.0651671,-0.19769573,-0.008185654,0.97806066,-2.5953193,-22.6841,351.85547,9.583333333343035,1.1463201,1487.3668

-0.0041636676,1.3792205,0.014908975,-0.06555375,-0.19740832,-0.008261161,0.97809225,-2.611025,-22.648956,351.80832,9.60000000000582,1.1463201,1487.3668

-0.004390888,1.3792257,0.014812654,-0.065936476,-0.19723642,-0.008281155,0.978101,-2.621042,-22.627739,351.76224,9.616666666668607,1.146679,1486.7811

-0.004366696,1.3792257,0.014639886,-0.06635056,-0.19736393,-0.00835934,0.97804666,-2.6419425,-22.640821,351.709,9.633333333331393,1.146679,1486.7811

-0.0042628497,1.3792356,0.014431726,-0.0666221,-0.1978039,-0.008412764,0.97793883,-2.6596,-22.690884,351.67175,9.64999999999418,1.146679,1486.7811

-0.0041425005,1.3792596,0.014220273,-0.06666526,-0.19833246,-0.0083881095,0.97782904,-2.6631312,-22.752554,351.66364,9.666666666656965,1.146679,1486.7811

-0.0040236763,1.3792965,0.014021253,-0.066646114,-0.19872148,-0.008311285,0.97775203,-2.6573565,-22.798586,351.6653,9.683333333319752,1.146679,1486.7811

-0.0040892065,1.3793819,0.014128804,-0.0665908,-0.19881967,-0.00826238,0.97773623,-2.6510694,-22.810593,351.6726,9.700000000011642,1.146679,1486.7811

-0.004046378,1.3794787,0.01410307,-0.06641481,-0.19871074,-0.008185355,0.977771,-2.6362543,-22.799026,351.6967,9.716666666674428,1.146679,1486.7811

-0.003962308,1.3795929,0.014028827,-0.06609766,-0.19853655,-0.008125278,0.9778283,-2.6193645,-22.780087,351.738,9.733333333337214,1.146679,1486.7811

-0.0038630068,1.3797175,0.013915291,-0.06587708,-0.19833665,-0.008140341,0.9778837,-2.6137283,-22.757261,351.76584,9.75,1.146679,1486.7811

-0.0037631516,1.379836,0.01376598,-0.06573016,-0.19810714,-0.00818675,0.9779397,-2.6134176,-22.730524,351.78412,9.766666666662786,1.146679,1486.7811

-0.0036699672,1.3799499,0.0135879535,-0.065625556,-0.19789053,-0.008259673,0.97799,-2.6175041,-22.704954,351.7965,9.783333333325572,1.146679,1486.7811

-0.0035940483,1.3800478,0.013387654,-0.06558571,-0.19775584,-0.008318218,0.9780194,-2.6222675,-22.688879,351.8008,9.799999999988358,1.146679,1486.7811

-0.0038671568,1.3799165,0.013780389,-0.06538669,-0.19772774,-0.0083389105,0.97803825,-2.6196253,-22.685966,351.82477,9.816666666680248,1.146679,1486.7811

-0.0039576045,1.3799353,0.0138214175,-0.065219164,-0.19765349,-0.008444817,0.9780635,-2.6276355,-22.676884,351.84314,9.833333333343035,1.1470383,1486.1952

-0.0039827675,1.3799969,0.0137619,-0.06514166,-0.19751693,-0.008577854,0.9780951,-2.6405122,-22.660078,351.85022,9.85000000000582,1.1470383,1486.1952

-0.0039801598,1.3800709,0.013693236,-0.06517186,-0.19727452,-0.008717053,0.97814083,-2.655693,-22.6306,351.84473,9.866666666668607,1.1470383,1486.1952

-0.003972128,1.3801527,0.0136439465,-0.06514703,-0.19700472,-0.0088145025,0.97819597,-2.6641836,-22.598425,351.8471,9.883333333331393,1.1470383,1486.1952

-0.004156036,1.3797426,0.013804682,-0.06481804,-0.19681698,-0.008836005,0.9782554,-2.6568885,-22.577274,351.88794,9.89999999999418,1.1470383,1486.1952

-0.004231982,1.3796682,0.013857732,-0.064504206,-0.19666676,-0.008817075,0.97830653,-2.6454494,-22.560781,351.9276,9.916666666656965,1.146679,1486.7811

-0.0042671934,1.379697,0.013858115,-0.064306214,-0.19654334,-0.008822069,0.9783443,-2.6400092,-22.546896,351.95242,9.933333333319752,1.146679,1486.7811

-0.0042821616,1.3797486,0.013827231,-0.06418713,-0.19642752,-0.00885286,0.97837514,-2.6396973,-22.533474,351.96692,9.950000000011642,1.146679,1486.7811

-0.004286585,1.3798095,0.013786795,-0.06408955,-0.1962915,-0.008910701,0.9784083,-2.6429918,-22.51742,351.97827,9.966666666674428,1.146679,1486.7811

-0.0042848065,1.3798752,0.013746109,-0.063950405,-0.1961465,-0.008954103,0.97844607,-2.6434414,-22.500551,351.99512,9.983333333337214,1.146679,1486.7811

-0.004266975,1.3799405,0.0136989355,-0.06386616,-0.19596234,-0.009020918,0.97848785,-2.6476765,-22.47878,352.0049,10.0,1.146679,1486.7811

-0.004382521,1.3793986,0.013647255,-0.0638557,-0.19583926,-0.009064971,0.97851276,-2.6515446,-22.464115,352.00592,10.016666666662786,1.146679,1486.7811

-0.004411598,1.3792511,0.013584873,-0.06391366,-0.19571081,-0.009155105,0.97853386,-2.662602,-22.448261,351.99753,10.033333333325572,1.146679,1486.7811

-0.004418306,1.379232,0.013501037,-0.064065844,-0.19563791,-0.009291587,0.97853714,-2.682106,-22.438242,351.97617,10.049999999988358,1.146679,1486.7811

-0.0044258162,1.3792508,0.013404295,-0.06421862,-0.19561331,-0.009444949,0.9785306,-2.7041495,-22.433704,351.954,10.066666666680248,1.146679,1486.7811

-0.004447443,1.3792721,0.013303213,-0.06433413,-0.1955685,-0.00955876,0.9785309,-2.7202914,-22.42723,351.93753,10.083333333343035,1.1473976,1485.6095

-0.0041603497,1.37884,0.013107229,-0.06438225,-0.19532466,-0.009648685,0.9785756,-2.7299092,-22.39796,351.93106,10.10000000000582,1.1473976,1485.6095

-0.0040876195,1.3786898,0.012994133,-0.064422965,-0.1952221,-0.0096456595,0.97859335,-2.7294939,-22.38593,351.92685,10.116666666668607,1.1473976,1485.6095

-0.0040695444,1.378628,0.012902414,-0.06448752,-0.19527352,-0.009620047,0.9785791,-2.7284606,-22.391945,351.91925,10.133333333331393,1.1473976,1485.6095

-0.0040570847,1.3785868,0.012814136,-0.0646205,-0.19545259,-0.00957569,0.978535,-2.7280896,-22.412794,351.90295,10.14999999999418,1.1473976,1485.6095

-0.004044451,1.3785532,0.012735331,-0.064667486,-0.19567904,-0.009506334,0.9784873,-2.7230947,-22.439608,351.89743,10.166666666656965,1.1473976,1485.6095

-0.0040274113,1.3785251,0.012665393,-0.06478891,-0.19594,-0.0094346255,0.97842777,-2.7199652,-22.470255,351.8827,10.183333333319752,1.1473976,1485.6095

-0.00400649,1.3785163,0.012615671,-0.06495214,-0.19620812,-0.0094035575,0.9783635,-2.7228599,-22.501287,351.86182,10.200000000011642,1.1473976,1485.6095

-0.0037636012,1.3781743,0.012479106,-0.064763665,-0.19652976,-0.009322705,0.9783122,-2.7117317,-22.539942,351.88467,10.216666666674428,1.1473976,1485.6095

-0.003676407,1.3780903,0.012465574,-0.064577475,-0.1966706,-0.009318862,0.9782963,-2.7081635,-22.556896,351.90656,10.233333333337214,1.1473976,1485.6095

-0.0036437884,1.3781031,0.012508426,-0.064415336,-0.19659497,-0.009371061,0.9783217,-2.7097974,-22.548103,351.92557,10.25,1.1473976,1485.6095

-0.0036332384,1.3781575,0.012594266,-0.06419156,-0.1963552,-0.0094377315,0.97838384,-2.7100487,-22.520247,351.95276,10.266666666662786,1.1473976,1485.6095

-0.0036340505,1.3782321,0.012720326,-0.06385477,-0.19601847,-0.009486284,0.97847295,-2.704413,-22.48156,351.99478,10.283333333325572,1.1473976,1485.6095

-0.0033203438,1.3782659,0.012736857,-0.063437745,-0.19564363,-0.009549407,0.9785745,-2.698262,-22.43854,352.04648,10.299999999988358,1.1473976,1485.6095

-0.0032142848,1.3783299,0.012832085,-0.063148946,-0.19541137,-0.009634054,0.97863877,-2.6992626,-22.411598,352.0811,10.316666666680248,1.1473976,1485.6095

-0.0031816214,1.3783967,0.012932405,-0.062963195,-0.19531305,-0.009724288,0.9786694,-2.7047582,-22.399931,352.10217,10.333333333343035,1.1473976,1485.6095

-0.0031851903,1.3784641,0.013020674,-0.06288303,-0.19529127,-0.009797562,0.9786782,-2.7114973,-22.39703,352.11032,10.35000000000582,1.1477572,1485.0238

-0.0032234811,1.3785368,0.013111021,-0.062781505,-0.19526437,-0.009816458,0.9786899,-2.7110777,-22.394024,352.1224,10.366666666668607,1.1477572,1485.0238

-0.0032901368,1.3786113,0.013205554,-0.06248794,-0.19523883,-0.009734534,0.9787146,-2.6938198,-22.392513,352.16028,10.383333333331393,1.1477572,1485.0238

-0.0033664405,1.3786867,0.013286471,-0.06222127,-0.19522193,-0.009605889,0.9787362,-2.67163,-22.392303,352.19595,10.39999999999418,1.1477572,1485.0238

-0.00324554,1.3787452,0.012941301,-0.06206955,-0.19530594,-0.009407196,0.97873104,-2.6446927,-22.404078,352.21866,10.416666666656965,1.1477572,1485.0238

-0.003261447,1.3788049,0.012845868,-0.062048588,-0.19536085,-0.009257907,0.9787228,-2.6266127,-22.411715,352.22443,10.433333333319752,1.1477572,1485.0238

-0.003321819,1.3788625,0.012820857,-0.062084686,-0.19544566,-0.00915161,0.97870463,-2.615411,-22.422337,352.22205,10.450000000011642,1.1477572,1485.0238

-0.0034027495,1.3789146,0.012812372,-0.06210069,-0.19557749,-0.009065871,0.97867805,-2.6066732,-22.438332,352.22134,10.466666666674428,1.1477572,1485.0238

-0.0035035734,1.3789635,0.012804117,-0.06218203,-0.19573537,-0.0090478975,0.9786415,-2.607986,-22.456646,352.2109,10.483333333337214,1.1477572,1485.0238

-0.003627494,1.3790036,0.0128120985,-0.06234799,-0.19583,-0.009081792,0.9786117,-2.617029,-22.46696,352.18927,10.5,1.1477572,1485.0238

-0.0035544608,1.3787689,0.012385352,-0.06234684,-0.19585672,-0.009070219,0.9786065,-2.615857,-22.470167,352.1895,10.516666666662786,1.1477572,1485.0238

-0.0036392263,1.3786985,0.012314586,-0.062105,-0.19568849,-0.009036323,0.9786559,-2.6042664,-22.451483,352.22083,10.533333333325572,1.1477572,1485.0238

-0.0037704855,1.3786795,0.012369823,-0.061985254,-0.19530259,-0.009014878,0.97874075,-2.5950472,-22.407019,352.2383,10.549999999988358,1.1477572,1485.0238

-0.0039063916,1.3786706,0.012452399,-0.06206398,-0.19485234,-0.00899029,0.9788257,-2.5896194,-22.354559,352.23206,10.566666666680248,1.1477572,1485.0238

-0.004032681,1.3786669,0.012519652,-0.06203498,-0.19461395,-0.008943048,0.9788754,-2.5808983,-22.327244,352.2382,10.583333333343035,1.1477572,1485.0238

-0.0041517117,1.3786608,0.012556095,-0.061992556,-0.19463079,-0.008893925,0.9788752,-2.574086,-22.329708,352.24442,10.60000000000582,1.1477572,1485.0238

-0.0041780844,1.3784196,0.012249239,-0.061968148,-0.19492643,-0.00885126,0.9788183,-2.5711706,-22.364542,352.2466,10.616666666668607,1.1477572,1485.0238

-0.004255953,1.3783126,0.012134567,-0.06199382,-0.19515593,-0.008779828,0.97877157,-2.5653348,-22.391771,352.24377,10.633333333331393,1.1477572,1485.0238

-0.0043533198,1.378253,0.012084639,-0.062059138,-0.19529286,-0.008685979,0.978741,-2.556846,-22.408293,352.23724,10.64999999999418,1.1477572,1485.0238

-0.0044485233,1.3782133,0.012064703,-0.06206802,-0.19534613,-0.0085691875,0.9787308,-2.5434077,-22.415398,352.23862,10.666666666656965,1.1477572,1485.0238

-0.0045475215,1.3781917,0.012062011,-0.061977748,-0.19528261,-0.0084293205,0.9787504,-2.5236564,-22.409336,352.25336,10.683333333319752,1.1477572,1485.0238

-0.004413672,1.3780065,0.011674076,-0.061864477,-0.19511914,-0.008414563,0.9787903,-2.517569,-22.390701,352.2685,10.700000000011642,1.1477572,1485.0238

-0.004398475,1.3779391,0.011511279,-0.061953917,-0.1948622,-0.0084409965,0.9788356,-2.520466,-22.360332,352.2585,10.716666666674428,1.1477572,1485.0238

-0.004424033,1.3779176,0.011417132,-0.0621247,-0.19461553,-0.008502193,0.9788734,-2.5296235,-22.330679,352.23776,10.733333333337214,1.1477572,1485.0238

-0.0044703684,1.3779111,0.011351116,-0.062220212,-0.19452101,-0.008520302,0.9788859,-2.5332034,-22.31928,352.22626,10.75,1.1477572,1485.0238

-0.0045450926,1.3779118,0.011314403,-0.062282585,-0.19458605,-0.008487133,0.9788693,-2.5313058,-22.326958,352.21906,10.766666666662786,1.1477572,1485.0238

-0.0046440833,1.3779132,0.011310119,-0.062341243,-0.19475807,-0.008416016,0.97883195,-2.5257509,-22.347404,352.2126,10.783333333325572,1.1477572,1485.0238

-0.0042450405,1.3779379,0.011322586,-0.062378764,-0.19484031,-0.008467071,0.97881275,-2.5336356,-22.356482,352.2063,10.799999999988358,1.1477572,1485.0238

-0.004174724,1.3779544,0.011403859,-0.06225455,-0.19490895,-0.00841973,0.9788074,-2.5255692,-22.365171,352.22214,10.816666666680248,1.148117,1484.438

-0.0042177215,1.3779658,0.0115314,-0.06197859,-0.19486006,-0.008338003,0.97883534,-2.508551,-22.360832,352.25797,10.833333333343035,1.148117,1484.438

-0.004301188,1.3779751,0.011674508,-0.061779443,-0.19469455,-0.008285117,0.97888136,-2.4957674,-22.342482,352.2845,10.85000000000582,1.148117,1484.438

-0.004396131,1.3779869,0.011811107,-0.061679263,-0.19447145,-0.0083113685,0.9789318,-2.4944167,-22.316544,352.2974,10.866666666668607,1.148117,1484.438

-0.0044913664,1.3780078,0.011938229,-0.061614506,-0.19430703,-0.0083875125,0.97896785,-2.5005279,-22.296963,352.30444,10.883333333331393,1.148117,1484.438

-0.004581131,1.3780385,0.0120494105,-0.06173217,-0.19429548,-0.008486288,0.9789619,-2.5152116,-22.29454,352.28784,10.89999999999418,1.148117,1484.438

-0.004525557,1.3780918,0.012179805,-0.061817184,-0.19441241,-0.00860064,0.9789323,-2.5322285,-22.30704,352.27405,10.916666666656965,1.148117,1484.438

-0.004586138,1.378162,0.012337085,-0.061674774,-0.19464023,-0.008556846,0.97889644,-2.5256777,-22.334288,352.29108,10.933333333319752,1.148117,1484.438

-0.0046966546,1.3782465,0.012527665,-0.06139861,-0.19486874,-0.008448436,0.9788692,-2.5080717,-22.362463,352.32593,10.950000000011642,1.148117,1484.438

-0.004814811,1.3783389,0.01272073,-0.061222944,-0.19507071,-0.00836417,0.97884077,-2.4955413,-22.387098,352.34808,10.966666666674428,1.148117,1484.438

-0.0049295775,1.3784355,0.012902908,-0.06113317,-0.19525231,-0.008286127,0.97881085,-2.4856322,-22.409092,352.35983,10.983333333337214,1.148117,1484.438

-0.0049161664,1.378485,0.013024485,-0.061034065,-0.19526546,-0.008219382,0.97881496,-2.4752707,-22.41139,352.3734,11.0,1.148117,1484.438

-0.0049600205,1.3785672,0.013159582,-0.060873754,-0.19525535,-0.008113253,0.97882783,-2.458436,-22.41144,352.39554,11.016666666662786,1.148117,1484.438

-0.005006969,1.3786466,0.013273023,-0.060873047,-0.19520453,-0.007963386,0.9788393,-2.4397633,-22.406685,352.3995,11.033333333325572,1.148117,1484.438

-0.005037643,1.3787198,0.0133626815,-0.061007224,-0.19511887,-0.007858881,0.97884876,-2.4295166,-22.397177,352.38617,11.049999999988358,1.148117,1484.438

-0.0050544664,1.3787814,0.0134326,-0.06117137,-0.19508515,-0.0077939364,0.97884583,-2.425278,-22.393349,352.36792,11.066666666680248,1.148117,1484.438

-0.005065086,1.3788222,0.013497697,-0.06124384,-0.19513886,-0.007697774,0.9788313,-2.4158683,-22.400173,352.3611,11.083333333343035,1.1484768,1483.8524

-0.004934326,1.3785409,0.013319345,-0.061488632,-0.19518045,-0.007633077,0.9788082,-2.4143157,-22.40492,352.33258,11.10000000000582,1.1484768,1483.8524

-0.0048770234,1.3784413,0.013264051,-0.06173742,-0.19514705,-0.0075982385,0.97879946,-2.4157717,-22.40069,352.3033,11.116666666668607,1.1484768,1483.8524

-0.0048399097,1.3783937,0.013244243,-0.061930936,-0.19506972,-0.0075572645,0.978803,-2.4147313,-22.391523,352.28116,11.133333333331393,1.1484768,1483.8524

-0.0048000067,1.3783609,0.013226751,-0.06210869,-0.19505578,-0.007504583,0.9787949,-2.412493,-22.389875,352.26086,11.14999999999418,1.1484768,1483.8524

-0.0047459304,1.3783337,0.01319449,-0.062321685,-0.19515379,-0.007455405,0.9787622,-2.4125986,-22.401155,352.2355,11.166666666656965,1.1484768,1483.8524

-0.0046788827,1.3783131,0.013144787,-0.06265303,-0.19529387,-0.0074612,0.97871304,-2.4226372,-22.41661,352.1942,11.183333333319752,1.1484768,1483.8524

-0.0046063163,1.3782964,0.013097862,-0.063012905,-0.19535437,-0.007478145,0.9786777,-2.4339602,-22.422628,352.1496,11.200000000011642,1.1484768,1483.8524

-0.0042770407,1.3778883,0.012705997,-0.06338968,-0.19536711,-0.0074896133,0.97865075,-2.4445686,-22.423082,352.10333,11.216666666674428,1.1484768,1483.8524

-0.0040973923,1.377744,0.012548227,-0.063613325,-0.19531849,-0.0075435597,0.97864556,-2.4560337,-22.416426,352.07507,11.233333333337214,1.1484768,1483.8524

-0.003965676,1.3776939,0.012487816,-0.06370235,-0.19524214,-0.007612752,0.97865444,-2.4658263,-22.406748,352.06305,11.25,1.1484768,1483.8524

-0.0038368502,1.377672,0.012451686,-0.0637644,-0.19523107,-0.007682212,0.97865206,-2.4756372,-22.404741,352.0539,11.266666666662786,1.1484768,1483.8524

-0.0036925003,1.3776548,0.012413513,-0.06399435,-0.19526416,-0.007823638,0.97862935,-2.4986572,-22.406866,352.02234,11.283333333325572,1.1484768,1483.8524

-0.0038211271,1.3775325,0.012656203,-0.064251125,-0.19535246,-0.008026552,0.9785933,-2.5303283,-22.414839,351.98563,11.299999999988358,1.1484768,1483.8524

-0.0037649572,1.3774786,0.0127101,-0.06443484,-0.19545223,-0.008152318,0.97856027,-2.5510023,-22.424952,351.95963,11.316666666680248,1.1484768,1483.8524

-0.0036591415,1.3774434,0.012709023,-0.06462483,-0.19546814,-0.008222922,0.97854394,-2.5643086,-22.42573,351.93472,11.333333333343035,1.1484768,1483.8524

-0.0035415117,1.3774137,0.0126820505,-0.06478093,-0.19554153,-0.00828717,0.97851837,-2.576602,-22.433338,351.91367,11.35000000000582,1.1488371,1483.2666

-0.0034258862,1.3773891,0.012649927,-0.064939156,-0.19562995,-0.00838918,0.9784894,-2.5936804,-22.442377,351.89142,11.366666666668607,1.1488371,1483.2666

-0.0033112466,1.3773687,0.01261084,-0.06516073,-0.19573125,-0.008511701,0.97845334,-2.6149123,-22.452574,351.86084,11.383333333331393,1.1488371,1483.2666

-0.0031987354,1.3773568,0.01256666,-0.06543111,-0.19581302,-0.008624784,0.97841793,-2.6359906,-22.460432,351.82465,11.39999999999418,1.1488371,1483.2666

-0.0032778904,1.3772835,0.012733672,-0.065596774,-0.19582869,-0.008706598,0.978403,-2.6500783,-22.461123,351.80243,11.416666666656965,1.1488371,1483.2666

-0.0032505342,1.3772739,0.012793375,-0.0655711,-0.19583018,-0.008710876,0.97840434,-2.6499915,-22.461334,351.80542,11.433333333319752,1.1488371,1483.2666

-0.0031973422,1.3772837,0.012832079,-0.06547979,-0.19581105,-0.008669365,0.9784147,-2.6425545,-22.459698,351.81766,11.450000000011642,1.1488371,1483.2666

-0.0031393766,1.3772992,0.0128721595,-0.06542383,-0.19576326,-0.008591551,0.97842866,-2.6312804,-22.454931,351.82666,11.466666666674428,1.1488371,1483.2666

-0.0030851066,1.3773226,0.012921607,-0.06535671,-0.19570975,-0.008500665,0.97844464,-2.6180947,-22.449635,351.83737,11.483333333337214,1.1488371,1483.2666

-0.0030318648,1.3773518,0.012973396,-0.06521972,-0.19575137,-0.008413607,0.9784462,-2.6046445,-22.45557,351.8559,11.5,1.1488371,1483.2666

-0.0034007356,1.377533,0.013010837,-0.06523885,-0.19600672,-0.008366446,0.9783942,-2.6019607,-22.485651,351.8531,11.516666666662786,1.1488371,1483.2666

-0.003495907,1.3776264,0.013018757,-0.06531322,-0.19627221,-0.008348077,0.9783362,-2.6042135,-22.51653,351.84277,11.533333333325572,1.1488371,1483.2666

-0.0034994483,1.3776885,0.013010174,-0.065383464,-0.19649024,-0.008352879,0.9782877,-2.6087048,-22.541697,351.8327,11.549999999988358,1.1488371,1483.2666

-0.0034817755,1.3777386,0.012995608,-0.06548872,-0.19657211,-0.008324863,0.97826445,-2.6086907,-22.551184,351.82,11.566666666680248,1.1488371,1483.2666

-0.003471901,1.3777863,0.012996804,-0.06549542,-0.19643024,-0.008266352,0.97829294,-2.6003172,-22.53513,351.82153,11.583333333343035,1.1488371,1483.2666

-0.0034673684,1.3778325,0.013003161,-0.06542297,-0.19619036,-0.008209524,0.9783464,-2.5892396,-22.507854,351.83325,11.60000000000582,1.1488371,1483.2666

-0.003537342,1.377808,0.01280709,-0.065537006,-0.1960063,-0.008135294,0.9783763,-2.581138,-22.486732,351.8223,11.616666666668607,1.1491975,1482.6808

-0.003565967,1.3778236,0.012702759,-0.06561865,-0.19575116,-0.008133582,0.9784219,-2.5803266,-22.45682,351.81396,11.633333333331393,1.1491975,1482.6808

-0.0035679094,1.377843,0.012593484,-0.06589596,-0.19558972,-0.0081949,0.9784351,-2.5928288,-22.436771,351.77975,11.64999999999418,1.1491975,1482.6808

-0.0035624553,1.3778636,0.012483561,-0.06619599,-0.19553202,-0.008245299,0.9784259,-2.605599,-22.428833,351.74234,11.666666666656965,1.1491975,1482.6808

-0.0035558194,1.3778816,0.012392342,-0.06627204,-0.19556415,-0.008192779,0.97841483,-2.6013947,-22.432814,351.73413,11.683333333319752,1.1491975,1482.6808

-0.0037710592,1.3776497,0.012412857,-0.06618967,-0.1956823,-0.008019941,0.9783982,-2.5796509,-22.448246,351.74753,11.700000000011642,1.1491975,1482.6808

-0.003848061,1.3775742,0.012372609,-0.06619022,-0.19572504,-0.007874677,0.9783908,-2.562483,-22.454443,351.75067,11.716666666674428,1.1491975,1482.6808

-0.0038822643,1.3775465,0.012304392,-0.06633332,-0.19566917,-0.0077781333,0.9783931,-2.5536659,-22.448376,351.73593,11.733333333337214,1.1491975,1482.6808

-0.0038983796,1.3775468,0.012234136,-0.06647848,-0.19547778,-0.007794519,0.97842133,-2.5572088,-22.42557,351.71902,11.75,1.1491975,1482.6808

-0.0038899754,1.3775586,0.012165638,-0.06653246,-0.19524063,-0.007851327,0.97846454,-2.562978,-22.397331,351.7126,11.766666666662786,1.1491975,1482.6808

-0.0038614098,1.3775833,0.0120958295,-0.06664974,-0.1949872,-0.007970139,0.97850615,-2.577616,-22.36651,351.69708,11.783333333325572,1.1491975,1482.6808

-0.003632744,1.3776474,0.012252163,-0.06672405,-0.19474769,-0.0080953855,0.97854775,-2.5921316,-22.337368,351.68655,11.799999999988358,1.1491975,1482.6808

-0.0035348062,1.3776939,0.0122756325,-0.06680574,-0.19457927,-0.0081611965,0.9785751,-2.6003437,-22.316986,351.67612,11.816666666680248,1.1495578,1482.0953

-0.0034831911,1.3777388,0.012270767,-0.06680699,-0.19450149,-0.008157742,0.97859055,-2.5991573,-22.307957,351.67654,11.833333333343035,1.1495578,1482.0953

-0.0034525916,1.3777838,0.0122705735,-0.06673186,-0.19449385,-0.008081151,0.9785978,-2.5879958,-22.307913,351.68756,11.85000000000582,1.1495578,1482.0953

-0.003437298,1.3778312,0.0122705195,-0.066564545,-0.1945904,-0.007965373,0.97859097,-2.5709367,-22.320578,351.71008,11.866666666668607,1.1495578,1482.0953

-0.0034309253,1.3778845,0.012267239,-0.066432714,-0.1947443,-0.007885339,0.9785699,-2.5596395,-22.339514,351.72708,11.883333333331393,1.1495578,1482.0953

-0.0032003447,1.377856,0.012305465,-0.06627085,-0.19488399,-0.007767336,0.97855407,-2.542865,-22.357195,351.74872,11.89999999999418,1.1495578,1482.0953

-0.0031082407,1.3778914,0.012308298,-0.066188276,-0.19501422,-0.0076928027,0.9785343,-2.5331652,-22.373198,351.75974,11.916666666656965,1.1495578,1482.0953

-0.0030522346,1.377942,0.012295755,-0.066155545,-0.19510451,-0.0076522576,0.97851884,-2.528377,-22.384138,351.76413,11.933333333319752,1.1495578,1482.0953

-0.0030107177,1.3779953,0.012287479,-0.06610072,-0.19507729,-0.007637086,0.9785281,-2.5249414,-22.381235,351.77133,11.950000000011642,1.1495578,1482.0953

-0.0029749572,1.3780406,0.012274422,-0.06608663,-0.19497746,-0.00760763,0.9785492,-2.5200207,-22.369896,351.77438,11.966666666674428,1.1495578,1482.0953

-0.0029360824,1.3780824,0.01224561,-0.066232435,-0.19480139,-0.007607154,0.97857434,-2.5216887,-22.34902,351.75772,11.983333333337214,1.1495578,1482.0953

-0.0028896607,1.3781251,0.012198186,-0.06636429,-0.19461268,-0.0076232785,0.9786029,-2.5248978,-22.326576,351.74246,12.0,1.1495578,1482.0953

-0.0025373548,1.3781339,0.012025068,-0.06656084,-0.19455352,-0.0076589356,0.97860104,-2.533338,-22.318878,351.71805,12.016666666662786,1.1495578,1482.0953

-0.0023807883,1.3781595,0.011928536,-0.06670608,-0.19456309,-0.007677597,0.97858906,-2.5391846,-22.319458,351.69986,12.033333333325572,1.1495578,1482.0953

-0.0022891462,1.3781973,0.01188018,-0.06665999,-0.19458506,-0.0076497523,0.97858804,-2.5349274,-22.32237,351.706,12.049999999988358,1.1495578,1482.0953

-0.002224952,1.3782328,0.011851588,-0.066465564,-0.19465381,-0.0075621256,0.9785883,-2.5203376,-22.331615,351.73132,12.066666666680248,1.1495578,1482.0953

-0.0021761977,1.3782586,0.011842856,-0.06633493,-0.19464827,-0.0074678245,0.97859895,-2.5057147,-22.3321,351.7495,12.083333333343035,1.1499186,1481.5096

-0.0020937994,1.3779721,0.0119185895,-0.06627265,-0.1946121,-0.0073267035,0.9786114,-2.4867501,-22.329233,351.76068,12.10000000000582,1.1499186,1481.5096

-0.0020499355,1.3778774,0.0119669475,-0.06635636,-0.19447502,-0.0073181433,0.9786331,-2.4863355,-22.313131,351.75156,12.116666666668607,1.1499186,1481.5096

-0.0020182505,1.3778528,0.012026023,-0.06626623,-0.19426948,-0.0073306314,0.97867996,-2.483608,-22.289322,351.7635,12.133333333331393,1.1499186,1481.5096

-0.0019907728,1.3778528,0.012098867,-0.06603248,-0.19400379,-0.0073291576,0.97874844,-2.4751503,-22.258995,351.7936,12.14999999999418,1.1499186,1481.5096

-0.0019607544,1.3778551,0.012163365,-0.06599474,-0.19369996,-0.0073854276,0.9788107,-2.4780078,-22.223246,351.79877,12.166666666656965,1.1499186,1481.5096

-0.0019256175,1.3778595,0.012208568,-0.066154175,-0.19345346,-0.0074960766,0.97884786,-2.4927342,-22.193222,351.77823,12.183333333319752,1.1499186,1481.5096

-0.0018904035,1.3778626,0.012247123,-0.066259995,-0.19334505,-0.00759023,0.9788614,-2.5055654,-22.179543,351.76382,12.200000000011642,1.1499186,1481.5096

-0.0018995553,1.3776668,0.01222099,-0.06626545,-0.19344129,-0.007556265,0.97884226,-2.5025547,-22.191013,351.76337,12.216666666674428,1.1499186,1481.5096

-0.001903832,1.3776028,0.012249593,-0.06626044,-0.19355331,-0.00753038,0.9788207,-2.5004315,-22.204287,351.7639,12.233333333337214,1.1499186,1481.5096

-0.0019174789,1.3775852,0.012311719,-0.066204675,-0.1935804,-0.007502324,0.9788193,-2.4959757,-22.207815,351.77118,12.25,1.1499186,1481.5096

-0.0019376203,1.377583,0.012386154,-0.06619168,-0.19355875,-0.007492474,0.97882456,-2.4942544,-22.205412,351.7731,12.266666666662786,1.1499186,1481.5096

-0.00196179,1.377589,0.012479819,-0.06614585,-0.19345298,-0.007501146,0.9788485,-2.493144,-22.193146,351.77914,12.283333333325572,1.1502795,1480.924

-0.0019113645,1.3775043,0.012432553,-0.06600706,-0.19331856,-0.0075403913,0.9788841,-2.493234,-22.17752,351.79593,12.299999999988358,1.1502795,1480.924

-0.0019127801,1.3774784,0.0124684535,-0.06588801,-0.19321726,-0.0075245956,0.97891223,-2.4874663,-22.166162,351.8114,12.316666666680248,1.1502795,1480.924

-0.0019263054,1.3774624,0.012510691,-0.0658706,-0.1930873,-0.0074785086,0.9789394,-2.4801676,-22.15146,351.81543,12.333333333343035,1.1502795,1480.924

-0.0019309048,1.3774468,0.012540964,-0.065980166,-0.19295023,-0.0074609425,0.9789592,-2.4792726,-22.135378,351.80334,12.35000000000582,1.1502795,1480.924

-0.0019184028,1.377431,0.012555229,-0.066149,-0.19293438,-0.0074579674,0.978951,-2.4827688,-22.133131,351.78296,12.366666666668607,1.1502795,1480.924

-0.0018921394,1.3774195,0.0125668645,-0.066280454,-0.19299166,-0.0074685765,0.9789307,-2.487757,-22.139374,351.7664,12.383333333331393,1.1502795,1480.924

-0.0018579364,1.3774102,0.012578566,-0.0663856,-0.19305925,-0.0075006,0.97891,-2.4948182,-22.146706,351.7524,12.39999999999418,1.1502795,1480.924

-0.0017057335,1.3772178,0.012477668,-0.066484235,-0.19300693,-0.0074263164,0.9789142,-2.4876432,-22.14099,351.7425,12.416666666656965,1.1502795,1480.924

-0.0016500205,1.3771372,0.012465887,-0.06653934,-0.19294387,-0.007422248,0.9789229,-2.487824,-22.133543,351.73627,12.433333333319752,1.1502795,1480.924

-0.0016231686,1.3770884,0.0124830175,-0.06669634,-0.19288956,-0.007448169,0.9789227,-2.4941452,-22.126602,351.7169,12.450000000011642,1.1502795,1480.924

-0.0016043608,1.3770591,0.012510937,-0.06693653,-0.19288771,-0.0075057433,0.9789063,-2.5068064,-22.125288,351.68634,12.466666666674428,1.1502795,1480.924

-0.001588968,1.3770442,0.012554374,-0.06694777,-0.19300511,-0.0075091403,0.9788824,-2.5086799,-22.138897,351.68414,12.483333333337214,1.1502795,1480.924

-0.0015762895,1.3770392,0.012600761,-0.066786975,-0.1932519,-0.007440125,0.9788452,-2.4990063,-22.168613,351.70383,12.5,1.1502795,1480.924

-0.0014641185,1.376964,0.012592655,-0.06662635,-0.19349189,-0.0073102014,0.97880965,-2.4818788,-22.198055,351.72495,12.516666666662786,1.1502795,1480.924

-0.0014271265,1.3769338,0.01259958,-0.06665702,-0.19360293,-0.007228774,0.97878623,-2.473875,-22.211594,351.72244,12.533333333325572,1.1502795,1480.924

-0.0014093866,1.3769225,0.012602666,-0.0668015,-0.19366097,-0.007218522,0.97876495,-2.4766734,-22.218067,351.70474,12.549999999988358,1.1506407,1480.3381

-0.0013960202,1.3769172,0.012604473,-0.06691049,-0.19373399,-0.0072151655,0.9787431,-2.4796128,-22.22632,351.6911,12.566666666680248,1.1506407,1480.3381

-0.0013783176,1.3769183,0.01260332,-0.06688532,-0.1938446,-0.0072045224,0.978723,-2.4788475,-22.239351,351.69373,12.583333333343035,1.1506407,1480.3381

-0.0012788102,1.376871,0.012455156,-0.0669224,-0.19405492,-0.007192195,0.9786789,-2.4803817,-22.263845,351.68823,12.60000000000582,1.1506407,1480.3381

-0.0012365207,1.3768502,0.012365151,-0.06715964,-0.19420412,-0.0072054933,0.9786329,-2.4891982,-22.2805,351.65808,12.616666666668607,1.1506407,1480.3381

-0.0012268325,1.376833,0.01229986,-0.06731783,-0.19433177,-0.0071881763,0.97859687,-2.4921987,-22.295107,351.63843,12.633333333331393,1.1506407,1480.3381

-0.0012376035,1.3768135,0.012251126,-0.06740724,-0.19446388,-0.007131114,0.9785648,-2.4887855,-22.310743,351.62808,12.64999999999418,1.1506407,1480.3381

-0.0012652725,1.3767933,0.012218934,-0.06740605,-0.19453962,-0.0070669986,0.9785504,-2.4817643,-22.320112,351.6293,12.666666666656965,1.1506407,1480.3381

-0.0013119081,1.3767741,0.012189077,-0.06741908,-0.19452348,-0.0070604067,0.9785527,-2.4811134,-22.318258,351.62796,12.683333333319752,1.1506407,1480.3381

-0.0012875,1.3766353,0.012155658,-0.0676093,-0.1943822,-0.0072107217,0.9785665,-2.5024405,-22.300041,351.6021,12.700000000011642,1.1506407,1480.3381

-0.0013128121,1.3765861,0.0120816585,-0.06788704,-0.19432989,-0.007382289,0.97855645,-2.5293477,-22.291767,351.56454,12.716666666674428,1.1506407,1480.3381

-0.0013498366,1.3765794,0.011998182,-0.067989305,-0.19434984,-0.007513858,0.9785444,-2.5479462,-22.292694,351.54883,12.733333333337214,1.1506407,1480.3381

-0.0013927296,1.376587,0.011925628,-0.06788972,-0.1944072,-0.007557732,0.9785396,-2.551467,-22.299253,351.55954,12.75,1.151002,1479.7524

-0.0014428273,1.3766009,0.011864457,-0.06786629,-0.19443446,-0.0075741345,0.97853565,-2.5531745,-22.302345,351.56183,12.766666666662786,1.151002,1479.7524

-0.0015041828,1.3766105,0.011813782,-0.068007,-0.19445466,-0.007582236,0.9785218,-2.5577414,-22.304262,351.54437,12.783333333325572,1.151002,1479.7524

-0.0015792474,1.3766296,0.011787802,-0.068108834,-0.19454964,-0.007596038,0.9784958,-2.5628445,-22.314934,351.53104,12.799999999988358,1.151002,1479.7524

-0.0016310811,1.3764905,0.012064785,-0.068010785,-0.19475017,-0.007555898,0.978463,-2.5577092,-22.338882,351.5427,12.816666666680248,1.151002,1479.7524

-0.0017233193,1.376483,0.012195617,-0.067744374,-0.19492356,-0.0075123883,0.97844726,-2.5478268,-22.360136,351.57504,12.833333333343035,1.151002,1479.7524

-0.0018338636,1.3765208,0.012271326,-0.06756062,-0.19502194,-0.0075031277,0.9784404,-2.5432975,-22.372145,351.59702,12.85000000000582,1.151002,1479.7524

-0.0019498467,1.3765713,0.012299091,-0.0674669,-0.1951097,-0.007514875,0.9784293,-2.5433698,-22.382505,351.60764,12.866666666668607,1.151002,1479.7524

-0.002071172,1.3766215,0.012294387,-0.06749779,-0.19510058,-0.0075399852,0.97842884,-2.547063,-22.381151,351.6033,12.883333333331393,1.151002,1479.7524

-0.0021848134,1.3765161,0.012455754,-0.06769355,-0.19502962,-0.007532767,0.9784295,-2.55017,-22.372442,351.58008,12.89999999999418,1.151002,1479.7524

-0.0023123398,1.3765169,0.012493711,-0.067784846,-0.19487129,-0.007545799,0.9784546,-2.552308,-22.353655,351.56964,12.916666666656965,1.151002,1479.7524

-0.0024416372,1.3765527,0.012492115,-0.06770605,-0.194727,-0.0075448677,0.9784888,-2.5488076,-22.337074,351.5802,12.933333333319752,1.151002,1479.7524

-0.0025652968,1.3765988,0.012462426,-0.06757745,-0.1946559,-0.0075597623,0.97851175,-2.5467875,-22.329002,351.59595,12.950000000011642,1.1513636,1479.1667

-0.0026800781,1.3766384,0.012390574,-0.06763262,-0.19468558,-0.0075822435,0.97850186,-2.551144,-22.33212,351.5885,12.966666666674428,1.1513636,1479.1667

-0.0027917996,1.3766738,0.012298416,-0.067780405,-0.19476147,-0.0076002884,0.9784764,-2.557667,-22.340418,351.56958,12.983333333337214,1.1513636,1479.1667

-0.002901708,1.3767115,0.0122027695,-0.06788703,-0.1949142,-0.0075920653,0.9784387,-2.560818,-22.35799,351.55585,13.0,1.1513636,1479.1667

-0.0029855494,1.3765993,0.012342738,-0.06797408,-0.19498034,-0.007588347,0.9784194,-2.5631492,-22.365494,351.5449,13.016666666662786,1.1513636,1479.1667

-0.0030872275,1.3765949,0.012354691,-0.06801973,-0.19496356,-0.007614654,0.9784194,-2.5672615,-22.363192,351.53882,13.033333333325572,1.1513636,1479.1667

-0.0032009706,1.3766346,0.012342969,-0.06797587,-0.19479072,-0.0076828115,0.9784564,-2.5726697,-22.342602,351.54364,13.049999999988358,1.1513636,1479.1667

-0.0033109386,1.3767009,0.012328636,-0.0678716,-0.19452193,-0.0078075184,0.97851604,-2.582485,-22.310507,351.55508,13.066666666680248,1.1513636,1479.1667

-0.003410282,1.3767753,0.0123142805,-0.06776067,-0.19424528,-0.007957604,0.9785775,-2.5951378,-22.277308,351.5668,13.083333333343035,1.1513636,1479.1667

-0.0035508722,1.3765466,0.012552908,-0.06767561,-0.19408588,-0.008187744,0.97861314,-2.619326,-22.257006,351.57272,13.10000000000582,1.1513636,1479.1667

-0.0036249533,1.376522,0.012588667,-0.06777626,-0.1940162,-0.008431866,0.9786179,-2.6505797,-22.246527,351.55515,13.116666666668607,1.1513636,1479.1667

-0.0036854073,1.3765639,0.0125485975,-0.067973584,-0.1940392,-0.00864542,0.9785978,-2.6814046,-22.246826,351.5259,13.133333333331393,1.1513636,1479.1667

-0.0037519634,1.3766409,0.012492156,-0.06810891,-0.19413708,-0.008805211,0.97856754,-2.70502,-22.256468,351.505,13.14999999999418,1.1517254,1478.5809

-0.0038359412,1.3767397,0.012454465,-0.06801476,-0.19423337,-0.008873809,0.9785543,-2.712084,-22.26734,351.51422,13.166666666656965,1.1517254,1478.5809

-0.0039303526,1.3768538,0.012441792,-0.06781723,-0.1942103,-0.008942203,0.978572,-2.7153974,-22.264614,351.53677,13.183333333319752,1.1517254,1478.5809

-0.0042140656,1.376817,0.012807246,-0.06776162,-0.19403328,-0.009182558,0.9786087,-2.741329,-22.242092,351.53903,13.200000000011642,1.1517254,1478.5809

-0.0043414235,1.3768886,0.012929382,-0.06769592,-0.1937933,-0.009351269,0.9786593,-2.7576823,-22.212894,351.5446,13.216666666674428,1.1517254,1478.5809

-0.0044186935,1.3769947,0.012964712,-0.0675957,-0.19360976,-0.009465663,0.9787014,-2.7672255,-22.19083,351.5553,13.233333333337214,1.1517254,1478.5809

-0.004474923,1.3771079,0.012958009,-0.067502566,-0.19350938,-0.009549496,0.9787269,-2.774108,-22.178696,351.5653,13.25,1.1517254,1478.5809

-0.004512541,1.3772136,0.012907287,-0.06748987,-0.19359772,-0.009645433,0.9787094,-2.7863429,-22.188185,351.564,13.266666666662786,1.1517254,1478.5809

-0.0045434013,1.3773032,0.012829829,-0.06763179,-0.19383702,-0.009741052,0.9786512,-2.80381,-22.214806,351.5429,13.283333333325572,1.1517254,1478.5809

-0.003540096,1.377033,0.0131712705,-0.06784393,-0.19409741,-0.009915189,0.9785832,-2.8327014,-22.243002,351.51123,13.299999999988358,1.1517254,1478.5809

-0.0032094917,1.37697,0.01323173,-0.067954995,-0.1945001,-0.009918339,0.9784955,-2.839985,-22.289522,351.49496,13.316666666680248,1.1517254,1478.5809

-0.0030947898,1.3769739,0.013196323,-0.068023816,-0.19490896,-0.009855658,0.97841,-2.8383589,-22.337456,351.48532,13.333333333343035,1.1517254,1478.5809

-0.0030571595,1.3769978,0.013135036,-0.06805764,-0.19516537,-0.009777172,0.9783574,-2.8323705,-22.367886,351.48135,13.35000000000582,1.1520873,1477.9954

-0.003055498,1.3770324,0.013055971,-0.068137206,-0.1952549,-0.009743473,0.97833425,-2.8311496,-22.37837,351.47186,13.366666666668607,1.1520873,1477.9954

-0.0030709081,1.3770736,0.012960343,-0.06821795,-0.19518854,-0.009775505,0.9783415,-2.8362732,-22.370132,351.4617,13.383333333331393,1.1520873,1477.9954

-0.0030813292,1.3771157,0.012832696,-0.06837287,-0.19511844,-0.009866316,0.9783438,-2.850263,-22.360733,351.44113,13.39999999999418,1.1520873,1477.9954

-0.0029376969,1.3767389,0.013008589,-0.0686661,-0.19507128,-0.009972244,0.97833157,-2.8696518,-22.35346,351.4032,13.416666666656965,1.1520873,1477.9954

-0.0029036775,1.3766161,0.0129641015,-0.068938605,-0.19511493,-0.010024801,0.9783032,-2.8830423,-22.357279,351.3685,13.433333333319752,1.1520873,1477.9954

-0.002921909,1.3765739,0.012868857,-0.06913332,-0.19520812,-0.010004268,0.97827107,-2.88624,-22.367735,351.3446,13.450000000011642,1.1520873,1477.9954

-0.0029661357,1.376558,0.012771022,-0.069311514,-0.1953265,-0.009937701,0.9782355,-2.8837378,-22.381577,351.32367,13.466666666674428,1.1520873,1477.9954

-0.0030284696,1.3765553,0.012691142,-0.06945585,-0.19549651,-0.009832524,0.9781923,-2.8763013,-22.40187,351.30746,13.483333333337214,1.1520873,1477.9954

-0.0033072457,1.3767786,0.012548843,-0.06947726,-0.19574775,-0.009662857,0.9781423,-2.8589628,-22.432556,351.3072,13.5,1.1520873,1477.9954

-0.0034988248,1.3768809,0.01250097,-0.06936222,-0.19590718,-0.009508978,0.97812,-2.8392456,-22.452808,351.3238,13.516666666662786,1.1520873,1477.9954

-0.0036601871,1.3769511,0.012474805,-0.069307506,-0.1960121,-0.009436291,0.97810364,-2.830238,-22.465822,351.33148,13.533333333325572,1.1520873,1477.9954

-0.0037992746,1.3770213,0.012438128,-0.06927115,-0.19613606,-0.009448005,0.9780812,-2.8321114,-22.480257,351.3348,13.549999999988358,1.1524494,1477.4098

-0.0039310283,1.3770959,0.012393577,-0.069164366,-0.19625066,-0.009471104,0.9780656,-2.8335567,-22.493706,351.3465,13.566666666680248,1.1524494,1477.4098

-0.004076948,1.3771733,0.012355685,-0.069085315,-0.19618528,-0.009443479,0.97808456,-2.8275907,-22.486565,351.35724,13.583333333343035,1.1524494,1477.4098

-0.0038866624,1.3773522,0.012197951,-0.06903634,-0.19593593,-0.009314649,0.9781392,-2.808114,-22.45881,351.36798,13.60000000000582,1.1524494,1477.4098

-0.003939723,1.3774554,0.012106342,-0.069195926,-0.19573219,-0.009221772,0.9781696,-2.7985303,-22.43545,351.35208,13.616666666668607,1.1524494,1477.4098

-0.004067607,1.3775331,0.012017718,-0.06931849,-0.19571407,-0.009159573,0.97816515,-2.7937567,-22.43354,351.33878,13.633333333331393,1.1524494,1477.4098

-0.004216825,1.3776064,0.011913374,-0.06941673,-0.19584852,-0.009129647,0.97813153,-2.7939458,-22.449175,351.3266,13.64999999999418,1.1524494,1477.4098

-0.004374139,1.3776823,0.011799222,-0.069521695,-0.19594617,-0.009123708,0.9781046,-2.796813,-22.460293,351.3133,13.666666666656965,1.1524494,1477.4098

-0.0045333356,1.3777515,0.011684708,-0.06961079,-0.19594292,-0.009078887,0.9780993,-2.7934992,-22.460058,351.30356,13.683333333319752,1.1524494,1477.4098

-0.0042518005,1.3777368,0.011224406,-0.06965514,-0.1958629,-0.009087737,0.9781121,-2.794783,-22.450539,351.29846,13.700000000011642,1.1524494,1477.4098

-0.0042632744,1.3777514,0.01102405,-0.069770366,-0.19567446,-0.009060195,0.9781419,-2.7921977,-22.42852,351.28635,13.716666666674428,1.1524494,1477.4098

-0.0043724454,1.3777723,0.010909,-0.069781415,-0.19551648,-0.008989553,0.9781733,-2.7822,-22.41072,351.28775,13.733333333337214,1.1524494,1477.4098

-0.0045070574,1.3778,0.010816649,-0.069710955,-0.19542962,-0.00893397,0.9781962,-2.7728293,-22.401306,351.29825,13.75,1.1528119,1476.8237

-0.0046369657,1.3778222,0.010729201,-0.06967858,-0.19533299,-0.0089256475,0.9782179,-2.7700016,-22.390223,351.30304,13.766666666662786,1.1528119,1476.8237

-0.0047516576,1.3778377,0.0106241815,-0.06984005,-0.19527687,-0.00901809,0.9782167,-2.7844915,-22.38241,351.28156,13.783333333325572,1.1528119,1476.8237

-0.00485454,1.3778427,0.0105102975,-0.07000968,-0.19524267,-0.009147284,0.9782102,-2.8038647,-22.3768,351.25803,13.799999999988358,1.1528119,1476.8237

-0.0045200936,1.3777256,0.010394014,-0.07005944,-0.19532295,-0.009239776,0.97818977,-2.8171396,-22.385176,351.24924,13.816666666680248,1.1528119,1476.8237

-0.0044567958,1.3776685,0.0103024375,-0.07010846,-0.19533044,-0.009294352,0.9781843,-2.8250153,-22.385422,351.24188,13.833333333343035,1.1528119,1476.8237

-0.0044825748,1.377634,0.010227654,-0.07018191,-0.19524515,-0.0093634855,0.9781953,-2.8342378,-22.374664,351.23187,13.85000000000582,1.1528119,1476.8237

-0.004541941,1.3776042,0.010169061,-0.070318304,-0.19505024,-0.009451519,0.97822356,-2.8460705,-22.350794,351.21448,13.866666666668607,1.1528119,1476.8237

-0.0046130717,1.3775836,0.010125613,-0.07037224,-0.19482726,-0.009563135,0.978263,-2.8584645,-22.323689,351.2068,13.883333333331393,1.1531744,1476.2382

-0.004185406,1.3777502,0.009860687,-0.07046106,-0.19480127,-0.009689735,0.97826064,-2.8756504,-22.319271,351.19315,13.89999999999418,1.1531744,1476.2382

-0.0040698424,1.3777949,0.009757992,-0.07054283,-0.19483322,-0.009848962,0.97824675,-2.897251,-22.321318,351.17917,13.916666666656965,1.1531744,1476.2382

-0.004049177,1.3778037,0.0097064115,-0.07060153,-0.19503514,-0.009962169,0.9782011,-2.9145844,-22.343624,351.16794,13.933333333319752,1.1531744,1476.2382

-0.004059372,1.3778057,0.009674542,-0.0705396,-0.19538392,-0.009999505,0.97813565,-2.9214358,-22.384066,351.17218,13.950000000011642,1.1531744,1476.2382

-0.004086405,1.3778073,0.009663831,-0.07038033,-0.19568957,-0.010004119,0.97808594,-2.9214995,-22.420073,351.18936,13.966666666674428,1.1531744,1476.2382

-0.00411888,1.3778055,0.009668488,-0.07029009,-0.1958758,-0.010032605,0.9780549,-2.9248095,-22.441761,351.1984,13.983333333337214,1.1531744,1476.2382

-0.0041456423,1.377802,0.009675298,-0.0702627,-0.19598591,-0.010069672,0.9780344,-2.9298444,-22.45433,351.20007,14.0,1.1531744,1476.2382

-0.0036141276,1.3778232,0.009969233,-0.07027346,-0.19616912,-0.010210603,0.9779954,-2.9491951,-22.47436,351.19412,14.016666666662786,1.1531744,1476.2382

-0.0034045926,1.3778294,0.010020837,-0.0703812,-0.19640695,-0.010308821,0.97793895,-2.9663215,-22.500835,351.17697,14.033333333325572,1.1531744,1476.2382

-0.0033036247,1.3778245,0.009959837,-0.07056505,-0.19670515,-0.010373321,0.97786504,-2.981884,-22.53441,351.1509,14.049999999988358,1.1531744,1476.2382

-0.0032398105,1.3778092,0.009844542,-0.07084737,-0.1969514,-0.010463523,0.9777941,-3.0024037,-22.561398,351.11258,14.066666666680248,1.1531744,1476.2382

-0.0031923875,1.3777862,0.009727228,-0.07115518,-0.19703281,-0.010578139,0.9777541,-3.0246944,-22.568888,351.0717,14.083333333343035,1.1535372,1475.6525

-0.003161043,1.3777598,0.009644777,-0.071342915,-0.19697355,-0.01067556,0.9777514,-3.040414,-22.560518,351.04688,14.10000000000582,1.1535372,1475.6525

-0.0028656546,1.377669,0.009763973,-0.07138123,-0.19690621,-0.010724367,0.9777615,-3.046513,-22.552113,351.0415,14.116666666668607,1.1535372,1475.6525

-0.0027801245,1.3776027,0.009839365,-0.07131273,-0.19687204,-0.010680179,0.9777739,-3.039108,-22.548754,351.05118,14.133333333331393,1.1535372,1475.6525

-0.0027700663,1.3775402,0.009901486,-0.07118471,-0.19699095,-0.010569238,0.9777605,-3.023867,-22.564001,351.0686,14.14999999999418,1.1535372,1475.6525

-0.0027824417,1.37748,0.0099387225,-0.07110824,-0.19722876,-0.010459821,0.9777193,-3.011381,-22.592915,351.07886,14.166666666656965,1.1535372,1475.6525

-0.0027889633,1.3774247,0.009936295,-0.0711996,-0.19753009,-0.010426459,0.97765213,-3.012916,-22.628016,351.06638,14.183333333319752,1.1535372,1475.6525

-0.0028567216,1.377619,0.009558795,-0.07138427,-0.19785194,-0.010525719,0.97757256,-3.0330627,-22.664013,351.03912,14.200000000011642,1.1535372,1475.6525

-0.0028875247,1.3776884,0.009396212,-0.071656704,-0.19798434,-0.010698843,0.9775239,-3.062217,-22.676992,351.00076,14.216666666674428,1.1535372,1475.6525

-0.002908786,1.377734,0.009308349,-0.07194419,-0.19790722,-0.010919971,0.977516,-3.0952103,-22.66508,350.96088,14.233333333337214,1.1535372,1475.6525

-0.0029315327,1.3777778,0.009267718,-0.07208509,-0.19768277,-0.011110733,0.9775489,-3.1192572,-22.636745,350.94073,14.25,1.1535372,1475.6525

-0.0029676235,1.3778307,0.009270165,-0.07197119,-0.19743162,-0.011250275,0.9776064,-3.1305647,-22.606586,350.95306,14.266666666662786,1.1535372,1475.6525

-0.0030194074,1.3778782,0.009293087,-0.071702525,-0.19727965,-0.0112942085,0.97765636,-3.127633,-22.589354,350.9859,14.283333333325572,1.1539001,1475.0667

-0.0030447692,1.3780545,0.009177331,-0.07139385,-0.19730258,-0.011306351,0.9776741,-3.121849,-22.592896,351.0231,14.299999999988358,1.1539001,1475.0667

-0.003102608,1.3781369,0.009138433,-0.07125929,-0.19747038,-0.01127602,0.9776504,-3.1167746,-22.613136,351.03903,14.316666666680248,1.1539001,1475.0667

-0.0031627342,1.3781815,0.009094797,-0.0713116,-0.19779801,-0.011258176,0.9775806,-3.119563,-22.651272,351.0307,14.333333333343035,1.1539001,1475.0667

-0.0032242287,1.3782119,0.009036023,-0.07136949,-0.19815618,-0.01123878,0.9775041,-3.122651,-22.692965,351.0215,14.35000000000582,1.1539001,1475.0667

-0.0032919794,1.3782423,0.008967519,-0.071318485,-0.19839993,-0.011222143,0.97745854,-3.1221244,-22.721657,351.02634,14.366666666668607,1.1539001,1475.0667

-0.0033664033,1.3782727,0.008894473,-0.071245715,-0.19838828,-0.011237131,0.97746605,-3.1220293,-22.720398,351.03494,14.383333333331393,1.1539001,1475.0667

-0.003442625,1.3783044,0.008804729,-0.07131627,-0.19816174,-0.01132383,0.9775058,-3.1317337,-22.693,351.02588,14.39999999999418,1.1539001,1475.0667

-0.0035644595,1.3784233,0.008601703,-0.07149965,-0.1979011,-0.011529031,0.9775429,-3.1581838,-22.660192,351.00046,14.416666666656965,1.1539001,1475.0667

-0.0036473,1.3784904,0.008450689,-0.07167895,-0.1977152,-0.011691478,0.9775654,-3.1801717,-22.636478,350.976,14.433333333319752,1.1539001,1475.0667

-0.0037287972,1.3785369,0.008323666,-0.071842946,-0.19762838,-0.011802097,0.97756964,-3.1966093,-22.62482,350.95398,14.450000000011642,1.1539001,1475.0667

-0.003814722,1.3785757,0.0082105175,-0.071908005,-0.19762297,-0.011874541,0.977565,-3.2069237,-22.623306,350.94434,14.466666666674428,1.1539001,1475.0667

-0.0039026863,1.3786117,0.0081079565,-0.07190543,-0.1976857,-0.011940048,0.9775517,-3.2155209,-22.630013,350.9426,14.483333333337214,1.1542633,1474.4811

-0.003765198,1.3787955,0.007831395,-0.071867675,-0.19765507,-0.012068954,0.9775591,-3.2298903,-22.625385,350.94434,14.5,1.1542633,1474.4811

-0.0037814304,1.3788904,0.007721357,-0.071760565,-0.1975457,-0.012169996,0.9775878,-3.2382941,-22.612076,350.95578,14.516666666662786,1.1542633,1474.4811

-0.0038518035,1.3789625,0.0076730363,-0.071580425,-0.19729723,-0.012246678,0.9776502,-3.2403896,-22.583046,350.97775,14.533333333325572,1.1542633,1474.4811

-0.0039359755,1.3790269,0.007638121,-0.07144367,-0.1969628,-0.012328311,0.9777267,-3.2431796,-22.543829,350.99493,14.549999999988358,1.1542633,1474.4811

-0.004017368,1.3790874,0.0075857397,-0.071409866,-0.19668464,-0.012448047,0.9777836,-3.2537336,-22.510468,350.99823,14.566666666680248,1.1542633,1474.4811

-0.0040976033,1.3791465,0.0075074676,-0.07151847,-0.19658658,-0.012561655,0.977794,-3.2690299,-22.497654,350.983,14.583333333343035,1.1542633,1474.4811

-0.003985261,1.3791953,0.0074144863,-0.071563035,-0.1968429,-0.012620643,0.9777384,-3.280168,-22.526789,350.97424,14.60000000000582,1.1542633,1474.4811

-0.0039990246,1.3792434,0.007327294,-0.07160958,-0.19721256,-0.012607399,0.97766066,-3.2838893,-22.569778,350.96613,14.616666666668607,1.1542633,1474.4811

-0.0040549836,1.3792955,0.0072575267,-0.07155592,-0.19756559,-0.012552977,0.977594,-3.2799916,-22.611546,350.97134,14.633333333331393,1.1542633,1474.4811

-0.004127726,1.3793525,0.0072173756,-0.071339816,-0.19774562,-0.012480348,0.9775743,-3.2679536,-22.633894,350.99814,14.64999999999418,1.1542633,1474.4811

-0.0042072386,1.3794104,0.007206226,-0.071113214,-0.19759548,-0.012458477,0.97762144,-3.2580757,-22.617373,351.0274,14.666666666656965,1.1542633,1474.4811

-0.0042835497,1.3794535,0.0071938206,-0.07104058,-0.1972473,-0.012444625,0.9776972,-3.2506998,-22.577213,351.03918,14.683333333319752,1.1546267,1473.8953

-0.004070563,1.379275,0.0067867823,-0.07090518,-0.19692421,-0.0124451285,0.9777722,-3.2438343,-22.540052,351.05807,14.700000000011642,1.1546267,1473.8953

-0.0040206537,1.3792133,0.0066192,-0.07084892,-0.19681726,-0.01241517,0.97779816,-3.2376347,-22.528065,351.06647,14.716666666674428,1.1546267,1473.8953

-0.0040138513,1.3791846,0.00648663,-0.07088156,-0.19702737,-0.012390594,0.9777538,-3.2378058,-22.552635,351.06152,14.733333333337214,1.1546267,1473.8953

-0.004020748,1.3791628,0.0063436944,-0.07093652,-0.19739848,-0.012364786,0.97767526,-3.2401848,-22.595884,351.05267,14.75,1.1546267,1473.8953

-0.0040360987,1.379143,0.0062044878,-0.071037516,-0.19766526,-0.012373357,0.9776139,-3.2466903,-22.626526,351.0382,14.766666666662786,1.1546267,1473.8953

-0.0040566004,1.3791268,0.006085258,-0.07108566,-0.197721,-0.012405801,0.9775987,-3.25243,-22.632557,351.03113,14.783333333325572,1.1546267,1473.8953

-0.0040824017,1.3791192,0.005999446,-0.071084805,-0.19757023,-0.0124447355,0.9776288,-3.2554312,-22.614655,351.0314,14.799999999988358,1.1546267,1473.8953

-0.0039854026,1.3789653,0.0058307443,-0.07108075,-0.19740844,-0.012549696,0.9776605,-3.2662394,-22.594877,351.03058,14.816666666680248,1.1546267,1473.8953

-0.003954515,1.3789032,0.0057753157,-0.07106859,-0.19721872,-0.012594342,0.97769904,-3.2692184,-22.572424,351.03238,14.833333333343035,1.1546267,1473.8953

-0.0039516687,1.3788793,0.0057639983,-0.071079865,-0.19713615,-0.012593189,0.9777149,-3.2684214,-22.562788,351.03165,14.85000000000582,1.1546267,1473.8953

-0.003960997,1.3788842,0.0057808124,-0.0710885,-0.19720641,-0.012593115,0.97770005,-3.269415,-22.570938,351.0301,14.866666666668607,1.1546267,1473.8953

-0.0039781085,1.3789133,0.0058284756,-0.071059175,-0.19742194,-0.012581398,0.97765887,-3.2697122,-22.59623,351.03232,14.883333333331393,1.1549903,1473.3094

-0.00416252,1.378993,0.005936701,-0.07081909,-0.1976705,-0.012682549,0.9776247,-3.2789364,-22.625042,351.05734,14.89999999999418,1.1549903,1473.3094

-0.0042525954,1.3790923,0.006096201,-0.070431165,-0.19783148,-0.012648567,0.97762066,-3.2671576,-22.64539,351.10428,14.916666666656965,1.1549903,1473.3094

-0.0043195165,1.3792089,0.006283039,-0.06994944,-0.19787808,-0.012579766,0.9776467,-3.2475677,-22.653042,351.1644,14.933333333319752,1.1549903,1473.3094

-0.004391134,1.3793283,0.006482683,-0.069555044,-0.19775762,-0.012505695,0.9777002,-3.2276127,-22.640985,351.21518,14.950000000011642,1.1549903,1473.3094

-0.0044708103,1.3794432,0.0066783223,-0.06929285,-0.1975364,-0.012444622,0.97776425,-3.211363,-22.616638,351.25024,14.966666666674428,1.1549903,1473.3094

-0.0045553967,1.37955,0.0068585444,-0.069062345,-0.19738205,-0.012411678,0.9778122,-3.2000515,-22.599718,351.2803,14.983333333337214,1.1549903,1473.3094

-0.004637681,1.3796453,0.007012872,-0.06881582,-0.19745706,-0.012398753,0.9778146,-3.1933007,-22.609375,351.31012,15.0,1.1549903,1473.3094

-0.0046509854,1.3795913,0.00714262,-0.06859552,-0.1976271,-0.012500104,0.9777944,-3.2020893,-22.628992,351.3333,15.016666666662786,1.1549903,1473.3094

-0.0046959072,1.3795995,0.0072657857,-0.06849457,-0.19789265,-0.01249646,0.9777478,-3.2020855,-22.660276,351.34378,15.033333333325572,1.1549903,1473.3094

-0.004763797,1.3796147,0.007404346,-0.06847755,-0.19802329,-0.0124239605,0.9777235,-3.194296,-22.676182,351.34668,15.049999999988358,1.1549903,1473.3094

-0.0048557296,1.3796285,0.007571375,-0.06834829,-0.19796234,-0.0123152295,0.97774625,-3.177273,-22.670464,351.36554,15.066666666680248,1.1549903,1473.3094

-0.004968025,1.3796388,0.007752642,-0.06814095,-0.19778515,-0.012200434,0.97779804,-3.1563478,-22.651512,351.39487,15.083333333343035,1.1549903,1473.3094

-0.0048289075,1.3795258,0.0077485237,-0.06794447,-0.19740915,-0.01208743,0.97788906,-3.1337721,-22.609346,351.42426,15.10000000000582,1.1549903,1473.3094

-0.0048339143,1.3794879,0.007828224,-0.06792692,-0.19715656,-0.012120604,0.97794086,-3.1346438,-22.579706,351.4274,15.116666666668607,1.1549903,1473.3094

-0.0048682145,1.3794736,0.0079092365,-0.068015784,-0.1971015,-0.012207409,0.9779447,-3.1467426,-22.572248,351.41486,15.133333333331393,1.1549903,1473.3094

-0.004908589,1.3794625,0.007994527,-0.06801669,-0.19715312,-0.012231909,0.9779339,-3.1502953,-22.578041,351.4138,15.14999999999418,1.1549903,1473.3094

-0.0049501657,1.3794488,0.00808472,-0.06796791,-0.19726278,-0.012197868,0.97791564,-3.1461625,-22.591267,351.41977,15.166666666656965,1.1549903,1473.3094

-0.0049981154,1.3794343,0.008185465,-0.067837216,-0.19733053,-0.012111293,0.97791207,-3.1332073,-22.60033,351.43732,15.183333333319752,1.1549903,1473.3094

-0.005053222,1.3794216,0.008291081,-0.067729846,-0.19732581,-0.012028292,0.9779215,-3.1204696,-22.600845,351.45245,15.200000000011642,1.1549903,1473.3094

-0.0049289465,1.3790424,0.008076975,-0.06787281,-0.1973048,-0.01205331,0.9779155,-3.1267602,-22.597727,351.43454,15.216666666674428,1.1549903,1473.3094

-0.0049231723,1.3789071,0.008062322,-0.06801628,-0.19722345,-0.012102827,0.97792137,-3.1353836,-22.587364,351.41644,15.233333333337214,1.1549903,1473.3094

-0.0049565113,1.3788613,0.008130139,-0.06794745,-0.19711013,-0.012139459,0.97794855,-3.1369295,-22.57407,351.42477,15.25,1.1549903,1473.3094

-0.005000241,1.3788499,0.008225726,-0.06773888,-0.19699,-0.012159543,0.977987,-3.133001,-22.560574,351.45056,15.266666666662786,1.1549903,1473.3094

-0.0050477884,1.378847,0.008317046,-0.06749204,-0.19685933,-0.012134831,0.9780306,-3.122603,-22.546362,351.48218,15.283333333325572,1.155354,1472.7238

-0.0050054938,1.3786113,0.008344553,-0.067314886,-0.19667199,-0.012149244,0.9780804,-3.1180458,-22.524992,351.50473,15.299999999988358,1.155354,1472.7238

-0.0050079697,1.378528,0.00834566,-0.0673551,-0.19654608,-0.012177691,0.97810256,-3.1211252,-22.509956,351.50003,15.316666666680248,1.155354,1472.7238

-0.0050130114,1.3784956,0.008319633,-0.067484364,-0.19653443,-0.012220317,0.9780955,-3.1293035,-22.50782,351.48334,15.333333333343035,1.155354,1472.7238

-0.0050090603,1.3784782,0.0082918,-0.06749258,-0.1965525,-0.012240824,0.978091,-3.1321843,-22.509718,351.48172,15.35000000000582,1.155354,1472.7238

-0.0049957857,1.3784621,0.008273598,-0.06745504,-0.19647618,-0.012274754,0.9781085,-3.1345716,-22.500658,351.48602,15.366666666668607,1.155354,1472.7238

-0.0049811825,1.3784398,0.008266715,-0.067365654,-0.19627011,-0.012325267,0.97815543,-3.136327,-22.476519,351.49716,15.383333333331393,1.155354,1472.7238

-0.0049624816,1.3784075,0.008241506,-0.06736956,-0.1960437,-0.01242605,0.97819924,-3.14622,-22.449272,351.49588,15.39999999999418,1.155354,1472.7238

-0.0046399734,1.3782616,0.007914329,-0.067704424,-0.19591218,-0.012572319,0.9782007,-3.1706312,-22.431616,351.45248,15.416666666656965,1.155354,1472.7238

-0.004487373,1.378175,0.0076997485,-0.06804554,-0.19578207,-0.012692747,0.97820145,-3.1920595,-22.414309,351.40897,15.433333333319752,1.155354,1472.7238

-0.0043919384,1.3781059,0.0075121354,-0.06830752,-0.19569743,-0.012739636,0.97819954,-3.2031443,-22.40319,351.37656,15.450000000011642,1.155354,1472.7238

-0.004316976,1.3780533,0.007326182,-0.06867395,-0.19563633,-0.012782094,0.97818553,-3.2164583,-22.394503,351.33133,15.466666666674428,1.155354,1472.7238

-0.0042470694,1.3780236,0.007132005,-0.06908186,-0.19567361,-0.012827181,0.97814876,-3.2321606,-22.397099,351.2803,15.483333333337214,1.155718,1472.1382

-0.0040991902,1.3779593,0.0074181333,-0.069582306,-0.19574714,-0.012842985,0.9780984,-3.2469485,-22.40386,351.2184,15.5,1.155718,1472.1382

-0.0040388927,1.3779647,0.0074441507,-0.06978874,-0.19587035,-0.0127482405,0.97806025,-3.2418067,-22.418362,351.1946,15.516666666662786,1.155718,1472.1382

-0.004018483,1.3780054,0.007424047,-0.06970956,-0.19605549,-0.012555118,0.9780313,-3.2185335,-22.4419,351.20755,15.533333333325572,1.155718,1472.1382

-0.004017055,1.3780624,0.0074030496,-0.06951019,-0.19628952,-0.0123042585,0.9780018,-3.1858811,-22.472034,351.23615,15.549999999988358,1.155718,1472.1382

-0.0040177903,1.3781245,0.0073684715,-0.069461145,-0.19652909,-0.012084655,0.9779598,-3.160701,-22.502037,351.24567,15.566666666680248,1.155718,1472.1382

-0.0040096417,1.3781842,0.0073151328,-0.06948134,-0.1967396,-0.011935713,0.9779179,-3.1454415,-22.527805,351.24527,15.583333333343035,1.155718,1472.1382

-0.0039953864,1.3782396,0.007260833,-0.06946517,-0.19681795,-0.0118740415,0.977904,-3.1384299,-22.537525,351.24817,15.60000000000582,1.155718,1472.1382

-0.004006339,1.3782326,0.007537376,-0.06942066,-0.19675066,-0.011928986,0.97792006,-3.1432745,-22.529346,351.25275,15.616666666668607,1.155718,1472.1382

-0.004012741,1.3782641,0.007600127,-0.06955301,-0.19644438,-0.012070317,0.9779705,-3.1602566,-22.492006,351.23544,15.633333333331393,1.155718,1472.1382

-0.004028149,1.3783065,0.007592162,-0.06978255,-0.19602011,-0.012227925,0.9780373,-3.1802435,-22.440474,351.20673,15.64999999999418,1.155718,1472.1382

-0.004061796,1.3783574,0.007558698,-0.069950484,-0.19565687,-0.012327383,0.97809684,-3.1923394,-22.396763,351.18652,15.666666666656965,1.155718,1472.1382

-0.0041172677,1.3784082,0.0075157266,-0.07006884,-0.19542369,-0.012312243,0.9781351,-3.190778,-22.369375,351.17416,15.683333333319752,1.1560822,1471.5525

-0.004111593,1.3782883,0.007809058,-0.07014892,-0.19527712,-0.012210953,0.97815996,-3.1788104,-22.35297,351.16788,15.700000000011642,1.1560822,1471.5525

-0.0041826293,1.3782856,0.007892441,-0.07009089,-0.19519737,-0.011992094,0.97818273,-3.1500185,-22.345846,351.18073,15.716666666674428,1.1560822,1471.5525

-0.0042882017,1.3783244,0.007911285,-0.069870524,-0.1951401,-0.0116950665,0.9782135,-3.1081045,-22.342546,351.21503,15.733333333337214,1.1560822,1471.5525

-0.0044151694,1.3783722,0.00790376,-0.06964875,-0.19510043,-0.011391034,0.97824085,-3.0655043,-22.341345,351.24957,15.75,1.1560822,1471.5525

-0.0045511425,1.3784099,0.007886935,-0.06948453,-0.19510145,-0.011067545,0.978256,-3.0223742,-22.34485,351.27722,15.766666666662786,1.1560822,1471.5525

-0.0046810634,1.3784347,0.007871773,-0.069315776,-0.1951009,-0.010768287,0.9782714,-2.9820511,-22.34796,351.30493,15.783333333325572,1.1560822,1471.5525

-0.0047162846,1.3782375,0.008098183,-0.06933233,-0.19517209,-0.010532054,0.9782586,-2.954596,-22.358282,351.30804,15.799999999988358,1.1560822,1471.5525

-0.004758758,1.3781544,0.008121448,-0.0694432,-0.19536114,-0.010401111,0.97821444,-2.9434426,-22.381113,351.29636,15.816666666680248,1.1564466,1470.9667

-0.0047911084,1.3780924,0.008079236,-0.06951812,-0.19553272,-0.010326172,0.9781756,-2.9380245,-22.401522,351.28784,15.833333333343035,1.1564466,1470.9667

-0.004818231,1.3780177,0.008009857,-0.06963414,-0.19554678,-0.0102764135,0.9781651,-2.9349434,-22.403255,351.27478,15.85000000000582,1.1564466,1470.9667

-0.004845336,1.377935,0.007917013,-0.069825426,-0.19534878,-0.0102908695,0.9781909,-2.9391553,-22.379507,351.25247,15.866666666668607,1.1564466,1470.9667

-0.0048630363,1.3778416,0.00779289,-0.07008797,-0.19499844,-0.010325959,0.9782416,-2.9459105,-22.337631,351.2221,15.883333333331393,1.1564466,1470.9667

-0.0046670586,1.3775936,0.0077838674,-0.070516326,-0.1947253,-0.010412237,0.97826433,-2.9636629,-22.303778,351.16977,15.89999999999418,1.1564466,1470.9667

-0.0045289076,1.3774438,0.0076035913,-0.07099423,-0.1945788,-0.010509651,0.9782579,-2.9853113,-22.284399,351.1103,15.916666666656965,1.1564466,1470.9667

-0.0043864697,1.3773359,0.007367784,-0.07140335,-0.19461334,-0.010582162,0.9782204,-3.0042818,-22.286507,351.0585,15.933333333319752,1.1564466,1470.9667

-0.004235176,1.377251,0.007141007,-0.0717151,-0.19471256,-0.010594666,0.9781777,-3.0143752,-22.29698,351.01953,15.950000000011642,1.1564466,1470.9667

-0.0040822923,1.3771797,0.006943088,-0.071945064,-0.19479494,-0.01054868,0.97814494,-3.0152428,-22.306276,350.99203,15.966666666674428,1.1564466,1470.9667

-0.003940848,1.3771187,0.006788308,-0.0720635,-0.1947985,-0.010451293,0.9781366,-3.00633,-22.307222,350.9799,15.983333333337214,1.1564466,1470.9667

-0.0038207471,1.377075,0.0066731814,-0.07215894,-0.19471836,-0.010351133,0.97814655,-2.9955938,-22.298525,350.97122,16.0,1.1564466,1470.9667

-0.0038738996,1.3769473,0.006934939,-0.072221644,-0.19467497,-0.010280283,0.9781513,-2.9880323,-22.293936,350.96555,16.016666666662786,1.1568111,1470.381

-0.0038232603,1.3769085,0.0070065875,-0.07219499,-0.19473681,-0.010256792,0.9781412,-2.9852407,-22.301428,350.96893,16.033333333325572,1.1568111,1470.381

-0.0037250493,1.3769058,0.007020371,-0.07213364,-0.19498646,-0.010302477,0.97809553,-2.9920938,-22.330244,350.97357,16.04999999998836,1.1568111,1470.381

-0.0036011213,1.3769205,0.0070171375,-0.072090305,-0.19534995,-0.010390399,0.97802526,-3.0057719,-22.37186,350.97415,16.06666666668025,1.1568111,1470.381

-0.0034622748,1.3769348,0.007022543,-0.07195198,-0.19573791,-0.010440718,0.97795737,-3.0128796,-22.416973,350.98706,16.083333333343035,1.1568111,1470.381

-0.003297088,1.3770752,0.0074024852,-0.07169225,-0.19597106,-0.010549714,0.9779285,-3.022425,-22.443903,351.01447,16.10000000000582,1.1568111,1470.381

-0.0031397566,1.3771487,0.0075619556,-0.071467586,-0.19610779,-0.01060813,0.97791696,-3.0256002,-22.459978,351.03946,16.116666666668607,1.1568111,1470.381

-0.002991952,1.377197,0.007639399,-0.07131351,-0.19608946,-0.0106593985,0.9779313,-3.027884,-22.457855,351.05716,16.133333333331393,1.1568111,1470.381

-0.0028579682,1.3772377,0.007669715,-0.07125908,-0.19595395,-0.010708102,0.9779619,-3.0309637,-22.441809,351.0636,16.14999999999418,1.1568111,1470.381

-0.0027322918,1.3772835,0.0076713357,-0.07132388,-0.19577344,-0.010817902,0.9779922,-3.0438259,-22.4196,351.05435,16.166666666656965,1.1568111,1470.381

-0.0026191622,1.3773373,0.0076603126,-0.07141335,-0.19567166,-0.010961159,0.9780044,-3.0622108,-22.406172,351.04074,16.18333333331975,1.1568111,1470.381

-0.0028716251,1.3771815,0.0077442657,-0.071386546,-0.1957329,-0.01104388,0.97799313,-3.0722723,-22.412626,351.04163,16.20000000001164,1.1568111,1470.381

-0.002957513,1.377171,0.007817328,-0.07137818,-0.19576523,-0.011105462,0.9779866,-3.0798938,-22.415854,351.04092,16.216666666674428,1.1571759,1469.7953

-0.0030099005,1.3772073,0.007911563,-0.07139142,-0.19579735,-0.011113299,0.97797906,-3.0815222,-22.419476,351.03888,16.233333333337214,1.1571759,1469.7953

-0.003064081,1.377261,0.008020811,-0.071322456,-0.19598716,-0.011076144,0.9779465,-3.0774732,-22.442122,351.04684,16.25,1.1571759,1469.7953

-0.0031286478,1.3773179,0.008143079,-0.07110882,-0.19634539,-0.010966113,0.9778915,-3.0629618,-22.485487,351.07294,16.266666666662786,1.1571759,1469.7953

-0.003204435,1.3773725,0.008279705,-0.07077559,-0.19670346,-0.010760977,0.97784597,-3.0339878,-22.530064,351.11594,16.283333333325572,1.1571759,1469.7953

-0.003513582,1.3772938,0.008439744,-0.070417576,-0.19692552,-0.010584997,0.9778291,-3.006403,-22.558609,351.16223,16.29999999998836,1.1571759,1469.7953

-0.0036751702,1.3772997,0.00855254,-0.07026671,-0.19702947,-0.010435659,0.9778205,-2.9857652,-22.57251,351.1835,16.31666666668025,1.1571759,1469.7953

-0.0037768409,1.3773202,0.008617204,-0.070288934,-0.1970861,-0.010327807,0.9778087,-2.9738452,-22.580008,351.183,16.333333333343035,1.1571759,1469.7953

-0.003850517,1.3773354,0.008650698,-0.07037676,-0.19712129,-0.010239724,0.9777962,-2.9656847,-22.58463,351.17416,16.35000000000582,1.1571759,1469.7953

-0.0039017398,1.377331,0.008662198,-0.070522115,-0.19714588,-0.010142794,0.9777818,-2.957735,-22.587925,351.15857,16.366666666668607,1.1571759,1469.7953

-0.0039396733,1.3773042,0.008663673,-0.07071577,-0.19715016,-0.01005589,0.9777679,-2.9519544,-22.58862,351.13702,16.383333333331393,1.1571759,1469.7953

-0.0038066157,1.377087,0.008188192,-0.07098024,-0.19725145,-0.010005937,0.9777287,-2.9534554,-22.600067,351.10526,16.39999999999418,1.1571759,1469.7953

-0.0037940643,1.3769624,0.007999152,-0.07123253,-0.19735527,-0.00998531,0.9776897,-2.958252,-22.611578,351.07425,16.416666666656965,1.157541,1469.2094

-0.0038308203,1.3768612,0.00790951,-0.07156236,-0.19741194,-0.010003725,0.977654,-2.9691577,-22.617006,351.03314,16.43333333331975,1.157541,1469.2094

-0.0038902957,1.3767711,0.0078779105,-0.071782716,-0.19736265,-0.010026855,0.97764754,-2.976785,-22.610388,351.00607,16.45000000001164,1.157541,1469.2094

-0.0039574704,1.376693,0.007882444,-0.07189298,-0.19726475,-0.010040696,0.97765905,-2.9800541,-22.59853,350.99298,16.466666666674428,1.157541,1469.2094

-0.00403141,1.3766284,0.00790973,-0.071961746,-0.1971328,-0.010031344,0.9776807,-2.9791155,-22.583046,350.98575,16.483333333337214,1.157541,1469.2094

-0.003957942,1.3767381,0.007542044,-0.07199895,-0.19698904,-0.0100299055,0.97770697,-2.9782345,-22.566214,350.98227,16.5,1.157541,1469.2094

-0.003975697,1.3767558,0.007450994,-0.07212146,-0.19675773,-0.0100306,0.9777445,-2.9787016,-22.53891,350.96893,16.516666666662786,1.157541,1469.2094

-0.0040116063,1.3767596,0.007448692,-0.07229647,-0.19649497,-0.010057309,0.9777841,-2.9832356,-22.507547,350.94885,16.533333333325572,1.157541,1469.2094

-0.004056886,1.3767734,0.0074784346,-0.07234682,-0.19631362,-0.010064486,0.97781676,-2.9832869,-22.48622,350.94382,16.54999999998836,1.157541,1469.2094

-0.0041148514,1.3768016,0.007526586,-0.07223892,-0.19626532,-0.010025803,0.9778348,-2.975442,-22.481285,350.95825,16.56666666668025,1.157541,1469.2094

-0.0041812286,1.3768414,0.0075714216,-0.07205135,-0.19636232,-0.009971637,0.97782975,-2.9654193,-22.49364,350.98172,16.583333333343035,1.157541,1469.2094

-0.0040868423,1.3770949,0.007337585,-0.07202467,-0.19655724,-0.009983755,0.97779244,-2.9684243,-22.5163,350.9833,16.60000000000582,1.157541,1469.2094

-0.0040968037,1.3772159,0.007292494,-0.07200376,-0.19664209,-0.009993709,0.97777677,-2.9700744,-22.526144,350.98502,16.616666666668607,1.1579062,1468.6238

-0.004145997,1.3772922,0.007337155,-0.0717415,-0.1965557,-0.00993885,0.97781396,-2.956093,-22.517387,351.01895,16.633333333331393,1.1579062,1468.6238

-0.004195792,1.377345,0.0074012224,-0.071499966,-0.19624425,-0.009914386,0.9778945,-2.943806,-22.482088,351.05115,16.64999999999418,1.1579062,1468.6238

-0.004224114,1.3773735,0.007437924,-0.07157581,-0.19584474,-0.009969184,0.97796845,-2.9478443,-22.434862,351.04343,16.666666666656965,1.1579062,1468.6238

-0.0042355135,1.3773854,0.0074433014,-0.07176923,-0.19551335,-0.010040943,0.9780199,-2.9575212,-22.395058,351.02045,16.68333333331975,1.1579062,1468.6238

-0.004232747,1.3773854,0.0074179918,-0.072031036,-0.19535038,-0.010074396,0.9780329,-2.9660652,-22.374994,350.98892,16.70000000001164,1.1579062,1468.6238

-0.004031658,1.3774164,0.007129064,-0.07230649,-0.19540629,-0.010104296,0.97800106,-2.9769487,-22.380388,350.95422,16.716666666674428,1.1579062,1468.6238

-0.0039491802,1.3774296,0.0069882944,-0.07254555,-0.19550124,-0.010105009,0.97796434,-2.9838622,-22.390701,350.9244,16.733333333337214,1.157541,1469.2094

-0.0039074644,1.3774438,0.0069052316,-0.072729476,-0.19559368,-0.010086658,0.9779324,-2.987115,-22.401068,350.90176,16.75,1.1579062,1468.6238

-0.003887569,1.3774713,0.0068685915,-0.072757415,-0.19558015,-0.010038312,0.9779335,-2.9817781,-22.399857,350.8996,16.766666666662786,1.1579062,1468.6238

-0.00386445,1.3775115,0.006858593,-0.07269044,-0.19548425,-0.00997136,0.9779584,-2.9709709,-22.38952,350.91006,16.783333333325572,1.1579062,1468.6238

-0.0038281232,1.3775573,0.0068467874,-0.07273654,-0.19537203,-0.0099174725,0.97797793,-2.9642894,-22.376822,350.90652,16.79999999998836,1.1579062,1468.6238

-0.0034448206,1.3774658,0.0065899156,-0.07288642,-0.1952386,-0.00982205,0.9779944,-2.954836,-22.361729,350.89148,16.81666666668025,1.1579062,1468.6238

-0.0032903627,1.3774658,0.0064905174,-0.07293964,-0.19525072,-0.009736481,0.9779888,-2.945888,-22.363771,350.88693,16.833333333343035,1.1579062,1468.6238

-0.0031965051,1.3774973,0.0064165182,-0.0730039,-0.19541179,-0.009669171,0.97795254,-2.941098,-22.382946,350.87958,16.85000000000582,1.1579062,1468.6238

-0.003115505,1.3775434,0.006329853,-0.07306628,-0.19559897,-0.009612273,0.977911,-2.9378211,-22.405066,350.872,16.866666666668607,1.1579062,1468.6238

-0.0030408625,1.3775913,0.006228881,-0.07311372,-0.19569272,-0.009546725,0.97788936,-2.9320822,-22.416441,350.86713,16.883333333331393,1.1579062,1468.6238

-0.0029679388,1.3776275,0.006116789,-0.073215425,-0.19566126,-0.00948145,0.9778887,-2.9262724,-22.413086,350.8565,16.89999999999418,1.1579062,1468.6238

-0.002881229,1.3776774,0.005963573,-0.073363476,-0.19569895,-0.009439216,0.97787046,-2.925155,-22.417421,350.8392,16.916666666656965,1.1579062,1468.6238

-0.0028075725,1.3776942,0.0058093965,-0.07364674,-0.19575286,-0.009433853,0.97783846,-2.931955,-22.422897,350.8044,16.93333333331975,1.1579062,1468.6238

-0.0027436614,1.3776937,0.0056640822,-0.07402121,-0.19582085,-0.009411291,0.9777968,-2.9390402,-22.429897,350.75882,16.95000000001164,1.1582716,1468.0382

-0.0026924685,1.3776844,0.005544454,-0.07433449,-0.19576429,-0.009364646,0.97778475,-2.9403076,-22.422812,350.72217,16.966666666674428,1.1582716,1468.0382

-0.0026473105,1.377665,0.0054452494,-0.07457535,-0.1956909,-0.009265668,0.9777821,-2.9332893,-22.414488,350.69568,16.983333333337214,1.1582716,1468.0382

-0.0028340393,1.3775662,0.005564062,-0.07479713,-0.19580215,-0.009103605,0.97774434,-2.9202893,-22.428303,350.6717,17.0,1.1582716,1468.0382

-0.0028762743,1.3775349,0.0055728313,-0.07489605,-0.19585072,-0.00894785,0.9777285,-2.904367,-22.435139,350.663,17.016666666662786,1.1582716,1468.0382

-0.0028650984,1.3775396,0.00553192,-0.07504946,-0.1958955,-0.008863927,0.9777086,-2.8984218,-22.440697,350.646,17.033333333325572,1.1582716,1468.0382

-0.0028284467,1.3775662,0.005463993,-0.0752716,-0.19596033,-0.0088179335,0.9776789,-2.8989682,-22.448017,350.61954,17.04999999998836,1.1582716,1468.0382

-0.0027784035,1.3776169,0.005388057,-0.075513095,-0.19603685,-0.008827064,0.9776448,-2.9068017,-22.456116,350.58932,17.06666666668025,1.1582716,1468.0382

-0.0027232966,1.3776891,0.00530738,-0.075786844,-0.19616225,-0.008882004,0.977598,-2.9215407,-22.469362,350.5537,17.083333333343035,1.1582716,1468.0382

-0.0026832446,1.3777752,0.005235728,-0.07602825,-0.19632867,-0.008896602,0.97754574,-2.9310977,-22.487864,350.52274,17.10000000000582,1.1582716,1468.0382

-0.0028281633,1.3777984,0.0051068775,-0.07618627,-0.19645022,-0.008846638,0.97750944,-2.930295,-22.502014,350.50378,17.116666666668607,1.1582716,1468.0382

-0.0028912998,1.3778962,0.005074078,-0.076237336,-0.19649948,-0.008755955,0.9774964,-2.9211206,-22.50847,350.4994,17.133333333331393,1.1582716,1468.0382

-0.002946774,1.3780305,0.005109081,-0.07600446,-0.19649567,-0.008596778,0.97751665,-2.8961358,-22.510256,350.53162,17.14999999999418,1.1586372,1467.4525

-0.0030030883,1.3781878,0.0051696226,-0.07565336,-0.19653146,-0.008443407,0.97753805,-2.8694441,-22.516932,350.57788,17.166666666656965,1.1586372,1467.4525

-0.0030526444,1.3783535,0.00522184,-0.075538106,-0.19659813,-0.008345253,0.9775344,-2.8555214,-22.525967,350.5938,17.18333333331975,1.1586372,1467.4525

-0.0030332182,1.3784487,0.0053507574,-0.07565632,-0.19670425,-0.008327626,0.9775041,-2.8574862,-22.53814,350.57904,17.20000000001164,1.1586372,1467.4525

-0.0030309656,1.3785871,0.0054067187,-0.07560765,-0.19695449,-0.008233092,0.9774582,-2.8477452,-22.568308,350.58548,17.216666666674428,1.1586372,1467.4525

-0.003032662,1.3787264,0.0054234397,-0.07553721,-0.1972356,-0.008096339,0.9774082,-2.832705,-22.60254,350.59537,17.233333333337214,1.1586372,1467.4525

-0.0030381382,1.378851,0.0054177493,-0.075582474,-0.19737929,-0.007985376,0.9773766,-2.8220172,-22.620193,350.5915,17.25,1.1586372,1467.4525

-0.0030395836,1.3789573,0.005391309,-0.07567796,-0.19733869,-0.007905109,0.977378,-2.8141415,-22.615963,350.58203,17.266666666662786,1.1586372,1467.4525

-0.003035354,1.3790494,0.005362505,-0.075765036,-0.19707681,-0.007846438,0.97742456,-2.8061142,-22.585798,350.57468,17.283333333325572,1.159003,1466.8667

-0.0030667856,1.3789749,0.0051992834,-0.07587955,-0.19682963,-0.007797633,0.97746587,-2.8001184,-22.55717,350.56363,17.29999999998836,1.159003,1466.8667

-0.0030508165,1.3789738,0.005121818,-0.07607421,-0.19664851,-0.0078079407,0.97748715,-2.8039968,-22.535439,350.54095,17.31666666668025,1.159003,1466.8667

-0.0030167722,1.3789845,0.0050721318,-0.07626122,-0.1966365,-0.007795575,0.97747505,-2.8069012,-22.533627,350.51852,17.333333333343035,1.159003,1466.8667

-0.0029739663,1.3789982,0.0050315913,-0.07643442,-0.19678676,-0.007749698,0.97743165,-2.8073008,-22.551054,350.49738,17.35000000000582,1.159003,1466.8667

-0.0029290318,1.3790176,0.004994612,-0.076615356,-0.19704442,-0.007664227,0.97736627,-2.8043523,-22.581348,350.47552,17.366666666668607,1.159003,1466.8667

-0.0028948907,1.3790494,0.0049812905,-0.07675986,-0.1972704,-0.0075350404,0.97731036,-2.7948558,-22.608484,350.45938,17.383333333331393,1.159003,1466.8667

-0.0028006956,1.378657,0.0049528796,-0.07674443,-0.19742517,-0.007454786,0.9772809,-2.7865608,-22.62732,350.4621,17.39999999999418,1.159003,1466.8667

-0.00275669,1.3785622,0.0049941465,-0.07668947,-0.19750051,-0.0073864474,0.97727054,-2.7778134,-22.636908,350.46994,17.416666666656965,1.159003,1466.8667

-0.002716899,1.3785791,0.005057916,-0.07656368,-0.19758204,-0.0073596854,0.9772641,-2.7724493,-22.64701,350.48535,17.43333333331975,1.159003,1466.8667

-0.0026631132,1.3786411,0.005119808,-0.076491036,-0.19768053,-0.007409084,0.9772495,-2.7778153,-22.658201,350.4923,17.45000000001164,1.159003,1466.8667

-0.0025918856,1.3787212,0.0051735304,-0.0765255,-0.19773749,-0.00752126,0.9772344,-2.79293,-22.663645,350.485,17.466666666674428,1.159003,1466.8667

-0.0025162373,1.3787988,0.005226724,-0.0765113,-0.19774367,-0.0076127676,0.9772336,-2.8037543,-22.66352,350.48447,17.483333333337214,1.1593691,1466.2809

-0.0023183324,1.378887,0.0051953383,-0.076367185,-0.19771203,-0.007615637,0.97725123,-2.8002088,-22.660223,350.50223,17.5,1.1593691,1466.2809

-0.0022116154,1.3789417,0.005226074,-0.076253586,-0.19771494,-0.0076625966,0.97725916,-2.8031614,-22.660433,350.51492,17.516666666662786,1.1593691,1466.2809

-0.0021275259,1.3789864,0.00526887,-0.07622638,-0.19784102,-0.0077460064,0.97723514,-2.8140848,-22.674383,350.51535,17.533333333325572,1.1593691,1466.2809

-0.002045758,1.3790265,0.005309023,-0.07625094,-0.19800253,-0.007823602,0.97719985,-2.8259854,-22.692358,350.50934,17.54999999998836,1.1593691,1466.2809

-0.0019648895,1.3790679,0.0053427834,-0.07643112,-0.19812952,-0.007921599,0.97715926,-2.8437743,-22.705666,350.48404,17.56666666668025,1.1593691,1466.2809

-0.0019041747,1.379116,0.0053892266,-0.07656014,-0.19823238,-0.007945203,0.9771281,-2.851008,-22.717035,350.46695,17.583333333343035,1.1593691,1466.2809

-0.0018737167,1.3791779,0.0054699313,-0.07639409,-0.19829471,-0.0078815045,0.977129,-2.8399384,-22.725391,350.48834,17.60000000000582,1.1593691,1466.2809

-0.0018039743,1.3791741,0.005396826,-0.07628121,-0.19836132,-0.007837799,0.97712463,-2.8326466,-22.733896,350.5027,17.616666666668607,1.1593691,1466.2809

-0.0017811134,1.3792076,0.005418349,-0.076255985,-0.19842434,-0.007824802,0.9771139,-2.8311875,-22.741428,350.50565,17.633333333331393,1.1593691,1466.2809

-0.0017726173,1.3792566,0.005463358,-0.07633053,-0.19853228,-0.007872278,0.97708577,-2.8400435,-22.753317,350.4946,17.64999999999418,1.1593691,1466.2809

-0.0017813568,1.3793089,0.0055446792,-0.07625086,-0.1987105,-0.00784053,0.977056,-2.8363202,-22.774601,350.50385,17.666666666656965,1.1593691,1466.2809

-0.0018062964,1.3793582,0.0056726076,-0.07587298,-0.19894667,-0.007656379,0.9770388,-2.8074272,-22.804962,350.55276,17.68333333331975,1.1597352,1465.6953

-0.0018337866,1.3793957,0.0058127176,-0.075501084,-0.19918068,-0.0074323504,0.9770217,-2.7737813,-22.835419,350.602,17.70000000001164,1.1597352,1465.6953

-0.0022522658,1.3791977,0.0058446303,-0.07532251,-0.19948024,-0.0072155036,0.976976,-2.7465053,-22.872877,350.62698,17.716666666674428,1.1597352,1465.6953

-0.002407444,1.379123,0.005910864,-0.0753495,-0.19958772,-0.0071024043,0.9769528,-2.7346778,-22.886396,350.6257,17.733333333337214,1.1597352,1465.6953

-0.0024731532,1.3790821,0.005981941,-0.07531227,-0.199645,-0.00702626,0.9769445,-2.7251701,-22.893898,350.6317,17.75,1.1597352,1465.6953

-0.0024960265,1.3790563,0.0060457326,-0.07526745,-0.19964081,-0.0070262584,0.9769488,-2.7240129,-22.893536,350.63718,17.766666666662786,1.1597352,1465.6953

-0.0024898052,1.3790383,0.006084718,-0.07526905,-0.1995538,-0.007117606,0.9769658,-2.7341435,-22.882526,350.63538,17.783333333325572,1.1597352,1465.6953

-0.002465906,1.3790169,0.0060940366,-0.07533046,-0.19941732,-0.007260718,0.97698784,-2.7514663,-22.865097,350.62537,17.79999999998836,1.1597352,1465.6953

-0.0023667514,1.3788773,0.0060594715,-0.07548886,-0.19928421,-0.0074152937,0.97700167,-2.772608,-22.847672,350.60318,17.81666666668025,1.1597352,1465.6953

-0.0023246706,1.3787881,0.006012706,-0.07555153,-0.19915727,-0.0075306166,0.9770218,-2.786685,-22.831608,350.59363,17.833333333343035,1.1597352,1465.6953

-0.0023101917,1.3787032,0.0059650037,-0.075599074,-0.19901335,-0.0075962986,0.97704697,-2.7941618,-22.814087,350.58722,17.85000000000582,1.1597352,1465.6953

-0.0023164824,1.3786219,0.0059242845,-0.07563012,-0.19883813,-0.007661713,0.97707975,-2.8008327,-22.792973,350.5831,17.866666666668607,1.1597352,1465.6953

-0.002336112,1.3785378,0.005890308,-0.075713016,-0.19868171,-0.007751602,0.9771044,-2.811966,-22.77366,350.5719,17.883333333331393,1.1601017,1465.1096

-0.002377607,1.3784406,0.0057579745,-0.075847946,-0.1986517,-0.0077628884,0.97709996,-2.8163042,-22.76967,350.55536,17.89999999999418,1.1601017,1465.1096

-0.0024289414,1.3783592,0.0057215486,-0.07588093,-0.19860442,-0.0077683358,0.977107,-2.8172252,-22.764019,350.55154,17.916666666656965,1.1601017,1465.1096

-0.0024857074,1.3782845,0.005703438,-0.0758335,-0.19862863,-0.007742676,0.9771059,-2.8132272,-22.767221,350.55777,17.93333333331975,1.1601017,1465.1096

-0.0025511086,1.3782057,0.0056641493,-0.0757886,-0.19871515,-0.0076992675,0.97709215,-2.8078616,-22.77784,350.5637,17.95000000001164,1.1601017,1465.1096

-0.002625838,1.378121,0.005597107,-0.07577979,-0.19878353,-0.0076552457,0.9770793,-2.8030965,-22.786247,350.56537,17.966666666674428,1.1601017,1465.1096

-0.0027038031,1.3780303,0.0055107567,-0.0758888,-0.19873707,-0.007652845,0.9770802,-2.8049464,-22.78055,350.55243,17.983333333337214,1.1601017,1465.1096

-0.002818053,1.3781023,0.0055893436,-0.076025486,-0.1983877,-0.007656489,0.97714067,-2.804677,-22.739456,350.53815,18.0,1.1601017,1465.1096

-0.0028792545,1.3780664,0.005553512,-0.07623952,-0.19799422,-0.007737771,0.97720313,-2.8151958,-22.692251,350.51285,18.016666666662786,1.1601017,1465.1096

-0.0029086545,1.3779964,0.005481558,-0.07650869,-0.1975184,-0.007884277,0.9772772,-2.8339825,-22.634678,350.47986,18.033333333325572,1.1601017,1465.1096

-0.002915447,1.3779187,0.0053920206,-0.07667042,-0.19707638,-0.008012708,0.97735274,-2.8483167,-22.581524,350.4602,18.04999999998836,1.1601017,1465.1096

-0.002908036,1.377843,0.0052875523,-0.076767325,-0.19675457,-0.008098041,0.97740924,-2.8572404,-22.542967,350.44864,18.06666666668025,1.1601017,1465.1096

-0.002893597,1.3777624,0.0051675327,-0.07694188,-0.19657671,-0.00812487,0.9774311,-2.8626409,-22.521502,350.428,18.083333333343035,1.1604683,1464.5237

-0.0029490292,1.377544,0.0053615775,-0.07708659,-0.19647405,-0.008091943,0.9774406,-2.860954,-22.509455,350.41187,18.10000000000582,1.1604683,1464.5237

-0.0029680207,1.3774272,0.005386051,-0.07720748,-0.19633162,-0.007985199,0.97746056,-2.8492723,-22.493574,350.4007,18.116666666668607,1.1604683,1464.5237

-0.002969943,1.3773481,0.0053655338,-0.07731767,-0.19619666,-0.007906779,0.9774796,-2.8408494,-22.47832,350.3901,18.133333333331393,1.1604683,1464.5237

-0.0029652417,1.3772936,0.0053511355,-0.07725893,-0.19609502,-0.00787799,0.9775048,-2.8347416,-22.466944,350.39868,18.14999999999418,1.1604683,1464.5237

-0.0029479712,1.3772486,0.0053395685,-0.07703303,-0.19604778,-0.0078801075,0.97753215,-2.8289742,-22.462086,350.4265,18.166666666656965,1.1604683,1464.5237

-0.0029073183,1.3771935,0.005299613,-0.07694688,-0.19599237,-0.007923561,0.9775497,-2.8315032,-22.455463,350.43637,18.18333333331975,1.1604683,1464.5237

-0.0026475787,1.3772554,0.005408587,-0.07726635,-0.19586925,-0.008046845,0.9775481,-2.8527172,-22.439009,350.3954,18.20000000001164,1.1604683,1464.5237

-0.0024809912,1.3772126,0.005358331,-0.077700235,-0.19573054,-0.008114395,0.97754097,-2.869744,-22.420942,350.34186,18.216666666674428,1.1604683,1464.5237

-0.0023311228,1.3771209,0.005253015,-0.07802097,-0.19569543,-0.008097093,0.9775226,-2.874978,-22.416084,350.3034,18.233333333337214,1.1604683,1464.5237

-0.0021769379,1.3770039,0.005127134,-0.07827446,-0.19575787,-0.008051442,0.97749025,-2.8763146,-22.423056,350.27313,18.25,1.1604683,1464.5237

-0.002014237,1.3768734,0.0049760193,-0.078638054,-0.19593586,-0.008050944,0.97742534,-2.8871706,-22.44269,350.2275,18.266666666662786,1.1604683,1464.5237

-0.0018472895,1.3767377,0.004801903,-0.07915151,-0.19621363,-0.008107317,0.9773277,-2.9097657,-22.472914,350.1615,18.283333333325572,1.1608351,1463.9381

-0.0016793609,1.376611,0.0046307966,-0.07973753,-0.19651462,-0.008216514,0.9772187,-2.9408476,-22.505072,350.08517,18.29999999998836,1.1608351,1463.9381

-0.0015646294,1.3766409,0.0047612917,-0.08019041,-0.196797,-0.00830355,0.9771241,-2.9658372,-22.535666,350.02573,18.31666666668025,1.1608351,1463.9381

-0.0014559949,1.3766358,0.0047919285,-0.08035433,-0.19695906,-0.0083554555,0.9770775,-2.9781003,-22.553486,350.00323,18.333333333343035,1.1608351,1463.9381

-0.0013724167,1.3766446,0.0048478637,-0.08032831,-0.19699408,-0.00836032,0.97707254,-2.978487,-22.55759,350.006,18.35000000000582,1.1608351,1463.9381

-0.00130786,1.3766693,0.004943032,-0.08023037,-0.19697788,-0.008335163,0.9770841,-2.9728575,-22.556263,350.01874,18.366666666668607,1.1608351,1463.9381

-0.0012472322,1.376707,0.005059099,-0.08011386,-0.19711615,-0.008285197,0.97706616,-2.9656625,-22.573206,350.0331,18.383333333331393,1.1608351,1463.9381

-0.0011853576,1.3767567,0.0051828623,-0.079888985,-0.19748029,-0.008208802,0.97701174,-2.9553792,-22.61702,350.05966,18.39999999999418,1.1608351,1463.9381

-0.0008310327,1.3767375,0.005413791,-0.07961518,-0.197938,-0.008158896,0.9769418,-2.9482286,-22.671597,350.09085,18.416666666656965,1.1612021,1463.3527

-0.00066037476,1.376773,0.0055382997,-0.07944712,-0.19830158,-0.008140798,0.976882,-2.9463494,-22.71459,350.1091,18.43333333331975,1.1612021,1463.3527

-0.0005411431,1.3768177,0.005609803,-0.07948411,-0.1985321,-0.0081628375,0.9768319,-2.9527411,-22.741077,350.10233,18.45000000001164,1.1612021,1463.3527

-0.0004291013,1.3768588,0.0056568887,-0.079602405,-0.19867241,-0.008234337,0.97679317,-2.9660337,-22.756327,350.08508,18.466666666674428,1.1612021,1463.3527

-0.00031994787,1.3768954,0.0056952033,-0.07960608,-0.19883294,-0.008306713,0.9767596,-2.976868,-22.774261,350.08167,18.483333333337214,1.1612021,1463.3527

-0.0001123026,1.3769323,0.005691316,-0.079617195,-0.19903968,-0.008327424,0.9767164,-2.9821856,-22.798075,350.07828,18.5,1.1612021,1463.3527

1.706183e-06,1.3769635,0.005686164,-0.079719275,-0.1992083,-0.008392025,0.9766731,-2.9946067,-22.816732,350.06293,18.516666666662786,1.1612021,1463.3527

7.439405e-05,1.3769941,0.0056758206,-0.079912856,-0.19938973,-0.008471816,0.9766196,-3.0112936,-22.836441,350.03595,18.533333333325572,1.1612021,1463.3527

0.00011561307,1.3770287,0.005677823,-0.08001563,-0.1996339,-0.008493522,0.9765611,-3.019475,-22.864319,350.021,18.54999999998836,1.1612021,1463.3527

0.00012537092,1.3770659,0.0057034716,-0.0800023,-0.19994193,-0.008417397,0.97649986,-3.0137048,-22.90098,350.02213,18.56666666668025,1.1612021,1463.3527

0.000110330715,1.3771085,0.0057377685,-0.08008795,-0.20028421,-0.0083233565,0.9764235,-3.008635,-22.94151,350.01132,18.583333333343035,1.1612021,1463.3527

0.00041818127,1.377078,0.0056112614,-0.080178685,-0.20059057,-0.008281427,0.9763535,-3.009584,-22.977314,349.99893,18.60000000000582,1.1612021,1463.3527

0.00047086683,1.3771319,0.0056156926,-0.08004947,-0.20081164,-0.008210474,0.97631925,-3.0004869,-23.004166,350.01477,18.616666666668607,1.1615694,1462.7668

0.0004311651,1.377232,0.005677754,-0.07978554,-0.20086786,-0.008149865,0.97632986,-2.987249,-23.012135,350.04813,18.633333333331393,1.1615694,1462.7668

0.00035655499,1.3773628,0.005762346,-0.07947837,-0.20074862,-0.008120075,0.97637963,-2.9745214,-22.999495,350.08734,18.64999999999418,1.1615694,1462.7668

0.00026472154,1.3775175,0.005865909,-0.07919626,-0.20042081,-0.008147049,0.9764697,-2.9667742,-22.96192,350.12366,18.666666666656965,1.1615694,1462.7668

0.00016695513,1.3776937,0.0059700273,-0.078945264,-0.2000937,-0.008247421,0.97655624,-2.9687486,-22.9236,350.1544,18.68333333331975,1.1615694,1462.7668

0.0005541593,1.3775355,0.0056702513,-0.07858979,-0.19998302,-0.008427696,0.9766061,-2.9804893,-22.909994,350.1943,18.70000000001164,1.1615694,1462.7668

0.00060709566,1.3775972,0.0056153256,-0.078241155,-0.20008382,-0.008531141,0.9766125,-2.9856372,-22.92176,350.23364,18.716666666674428,1.1615694,1462.7668

0.00055045635,1.3777164,0.005617939,-0.07795205,-0.20029603,-0.008610649,0.9765914,-2.9906914,-22.946556,350.26544,18.733333333337214,1.1615694,1462.7668

0.00045714527,1.3778354,0.0056382213,-0.07775243,-0.2004341,-0.008690982,0.9765783,-2.9971604,-22.962448,350.28683,18.75,1.1619369,1462.181

0.0003485605,1.3779389,0.0056775548,-0.07765477,-0.20042723,-0.008805253,0.97658646,-3.0085347,-22.960817,350.29605,18.766666666662786,1.1619369,1462.181

0.00022536275,1.3780358,0.005748907,-0.0774482,-0.20029853,-0.008938033,0.976628,-3.0179899,-22.945156,350.319,18.783333333325572,1.1619369,1462.181

8.359803e-05,1.3781292,0.005847629,-0.07707385,-0.20009975,-0.009082289,0.9766971,-3.0238478,-22.921755,350.36276,18.79999999998836,1.1619369,1462.181

0.00019013882,1.3777428,0.0057301037,-0.07671319,-0.19985546,-0.009251823,0.9767739,-3.032591,-22.89277,350.40454,18.81666666668025,1.1619369,1462.181

8.8746274e-05,1.3776479,0.0057390686,-0.07648468,-0.19954489,-0.009389214,0.976854,-3.0399294,-22.855988,350.43143,18.833333333343035,1.1619369,1462.181

-9.535998e-05,1.3776406,0.0057627857,-0.076311044,-0.1993305,-0.009492787,0.97691035,-3.0456736,-22.83056,350.45175,18.85000000000582,1.1619369,1462.181

-0.00032197442,1.3776613,0.0057755113,-0.07616218,-0.19926257,-0.009571903,0.9769351,-3.0508032,-22.82235,350.4685,18.866666666668607,1.1619369,1462.181

-0.00058194995,1.3776826,0.005780006,-0.076086976,-0.19926317,-0.009617578,0.97694033,-3.054502,-22.822212,350.4766,18.883333333331393,1.1619369,1462.181

-0.0004022792,1.3774714,0.0056028944,-0.07612295,-0.19923072,-0.009693914,0.97694343,-3.064271,-22.81758,350.47058,18.89999999999418,1.1619369,1462.181

-0.0005686781,1.3774059,0.005568089,-0.07611084,-0.199027,-0.009698854,0.9769858,-3.0621586,-22.793858,350.47345,18.916666666656965,1.1619369,1462.181

-0.0008623451,1.3773751,0.0055649914,-0.07613743,-0.19877546,-0.009654104,0.9770354,-3.0544026,-22.764929,350.47318,18.93333333331975,1.1619369,1462.181

-0.0012041554,1.3773329,0.0055209156,-0.07666682,-0.19866349,-0.009688587,0.97701645,-3.0702617,-22.749903,350.4085,18.95000000001164,1.1619369,1462.181

-0.0015797988,1.3772736,0.0054598525,-0.07760803,-0.19857898,-0.009867731,0.97695756,-3.1140893,-22.735332,350.28986,18.966666666674428,1.1623045,1461.5953

-0.0019810474,1.3771826,0.005381653,-0.07883365,-0.19871494,-0.010145773,0.97682893,-3.1795576,-22.74443,350.13235,18.983333333337214,1.1623045,1461.5953

-0.0017632593,1.3767192,0.004889874,-0.08120708,-0.1991514,-0.010686217,0.9765398,-3.3088892,-22.78181,349.82584,19.0,1.1623045,1461.5953

-0.0019582384,1.3764603,0.0046764724,-0.08374615,-0.19891971,-0.0113790585,0.9763647,-3.4523318,-22.738785,349.50067,19.016666666662786,1.1623045,1461.5953

-0.00233266,1.3763077,0.0047334675,-0.08485029,-0.19819658,-0.011833471,0.976411,-3.5249362,-22.64588,349.36087,19.033333333325572,1.1623045,1461.5953

-0.002790533,1.3762282,0.004998194,-0.084800765,-0.19729762,-0.012008421,0.9765952,-3.533028,-22.539679,349.3703,19.04999999998836,1.1623045,1461.5953

-0.0032548953,1.3761877,0.005370857,-0.08417203,-0.19636334,-0.011944758,0.97683865,-3.4977932,-22.434052,349.45636,19.06666666668025,1.1623045,1461.5953

-0.0036848262,1.3761835,0.005758373,-0.08332471,-0.19568297,-0.011803234,0.9770496,-3.4513714,-22.35951,349.56863,19.083333333343035,1.1623045,1461.5953

-0.003573671,1.3760059,0.0062380973,-0.08247021,-0.1953897,-0.011625003,0.97718287,-3.4054759,-22.330309,349.67947,19.10000000000582,1.1623045,1461.5953

-0.0037218258,1.3759747,0.00654535,-0.08195664,-0.1955017,-0.0113527635,0.9772069,-3.3616083,-22.347952,349.74762,19.116666666668607,1.1623045,1461.5953

-0.003928182,1.376005,0.0067183394,-0.08171665,-0.19596331,-0.011030621,0.9771382,-3.3226855,-22.405785,349.78085,19.133333333331393,1.1623045,1461.5953

-0.0041398755,1.3760685,0.0067929514,-0.08151703,-0.19673124,-0.010702822,0.97700423,-3.2878711,-22.49914,349.80692,19.14999999999418,1.1612021,1463.3527

-0.0043543503,1.3761519,0.006804757,-0.081235215,-0.19757438,-0.010387945,0.97686094,-3.2535005,-22.601385,349.84216,19.166666666656965,1.1612021,1463.3527

-0.004561519,1.3762324,0.006770108,-0.08115499,-0.19827431,-0.010132119,0.97672844,-3.22934,-22.685698,349.8526,19.18333333331975,1.1612021,1463.3527

-0.004430396,1.3760923,0.0065747425,-0.08134527,-0.19895294,-0.009947788,0.97657657,-3.220205,-22.765919,349.82843,19.20000000001164,1.1612021,1463.3527

-0.0045076734,1.3760777,0.00641888,-0.081848316,-0.19954574,-0.00979285,0.9764151,-3.221302,-22.83483,349.76602,19.216666666674428,1.1601017,1465.1096

-0.004661543,1.376102,0.0062749702,-0.08248787,-0.20017648,-0.009722742,0.9762328,-3.2366457,-22.906826,349.68445,19.233333333337214,1.1597352,1465.6953

-0.0048316047,1.3761246,0.0061687883,-0.08317863,-0.20080659,-0.009535006,0.9760467,-3.239096,-22.979826,349.59946,19.25,1.1597352,1465.6953

-0.005015788,1.3761567,0.0061723404,-0.0830842,-0.20137107,-0.009193654,0.9759417,-3.2025766,-23.049433,349.6148,19.266666666662786,1.1597352,1465.6953

-0.0052252933,1.3761939,0.006264925,-0.08211818,-0.20199317,-0.008710911,0.97589934,-3.1277564,-23.130041,349.74,19.283333333325572,1.1582716,1468.0382

-0.0049907044,1.375664,0.006494213,-0.08078452,-0.20258588,-0.008200682,0.97589225,-3.0397544,-23.208546,349.91132,19.29999999998836,1.1582716,1468.0382

-0.0050977594,1.3755094,0.0067268796,-0.07919841,-0.20316996,-0.007649682,0.97590524,-2.9400218,-23.28703,350.1148,19.31666666668025,1.1582716,1468.0382

-0.005346827,1.3754834,0.006987717,-0.07731,-0.2036725,-0.007089955,0.97595614,-2.8302474,-23.356726,350.35648,19.333333333343035,1.1582716,1468.0382

-0.005646517,1.3754973,0.0072878953,-0.07536082,-0.20394862,-0.006488816,0.9760551,-2.7108924,-23.400269,350.60843,19.35000000000582,1.1571759,1469.7953

-0.00593964,1.3755163,0.0075518843,-0.07394679,-0.20430478,-0.005982958,0.97609204,-2.6174417,-23.450441,350.79196,19.366666666668607,1.1571759,1469.7953

-0.006208524,1.3755357,0.007747587,-0.07286885,-0.20489156,-0.005594758,0.9760524,-2.549294,-23.52533,350.92987,19.383333333331393,1.1571759,1469.7953

-0.0048012263,1.3752725,0.0073885545,-0.072479516,-0.20546453,-0.0054722764,0.9759616,-2.530821,-23.594294,350.9768,19.39999999999418,1.157541,1469.2094

-0.004442245,1.3751937,0.007297054,-0.07232498,-0.20596856,-0.005376314,0.9758674,-2.5207798,-23.654362,350.99475,19.416666666656965,1.1564466,1470.9667

-0.0044493973,1.3751904,0.0072808024,-0.07257862,-0.20608895,-0.0055393083,0.9758222,-2.548535,-23.666246,350.95865,19.43333333331975,1.1560822,1471.5525

-0.0045736334,1.3752209,0.0072991345,-0.07274824,-0.20586632,-0.005764175,0.9758553,-2.5778275,-23.637756,350.93365,19.45000000001164,1.1560822,1471.5525

-0.0047309175,1.3752471,0.007316174,-0.07298919,-0.20552965,-0.0058984575,0.97590744,-2.5965924,-23.59661,350.903,19.466666666674428,1.1560822,1471.5525

-0.0048830435,1.3752624,0.00733535,-0.072938874,-0.20510243,-0.0058387956,0.97600144,-2.5832105,-23.547474,350.91367,19.483333333337214,1.1549903,1473.3094

-0.0050855875,1.3752946,0.00734121,-0.07305086,-0.20440762,-0.0060295314,0.97613764,-2.6014879,-23.46439,350.89993,19.5,1.1549903,1473.3094

-0.0039818212,1.3752487,0.006967539,-0.073160365,-0.20360927,-0.006347391,0.9762943,-2.633988,-23.36807,350.8841,19.516666666662786,1.1546267,1473.8953

-0.0037045479,1.375267,0.006858999,-0.07300402,-0.20293875,-0.006401814,0.9764452,-2.6291037,-23.289827,350.90652,19.533333333325572,1.1549903,1473.3094

-0.003696767,1.3753088,0.0068449285,-0.0725676,-0.2024354,-0.006281846,0.976583,-2.5978594,-23.233437,350.96643,19.54999999998836,1.1546267,1473.8953

-0.003767006,1.3753562,0.006843537,-0.07200904,-0.20206769,-0.006075076,0.97670186,-2.5545664,-23.19395,351.04248,19.56666666668025,1.1542633,1474.4811

-0.0038480535,1.3753878,0.0068005472,-0.0716886,-0.20184512,-0.0057806578,0.9767732,-2.5082417,-23.171522,351.09048,19.583333333343035,1.1542633,1474.4811

-0.0039190105,1.3754067,0.006713178,-0.07157743,-0.20169125,-0.0054678395,0.9768149,-2.4657016,-23.156708,351.11288,19.60000000000582,1.1542633,1474.4811

-0.0039721704,1.3751415,0.006806681,-0.07169302,-0.20165376,-0.0053372113,0.9768149,-2.4522932,-23.153233,351.1022,19.616666666668607,1.1535372,1475.6525

-0.003997825,1.3750515,0.0067039263,-0.07182081,-0.20151861,-0.0052787904,0.97683376,-2.4469066,-23.13769,351.0889,19.633333333331393,1.1531744,1476.2382

-0.0040045083,1.3750187,0.006518405,-0.0721719,-0.20125028,-0.005354352,0.9768628,-2.4619386,-23.104849,351.04587,19.64999999999418,1.1535372,1475.6525

-0.004014281,1.375002,0.006319998,-0.072545804,-0.20078555,-0.005475218,0.97693,-2.4808495,-23.048641,351.00024,19.666666666656965,1.1535372,1475.6525

-0.0040414906,1.3750001,0.0061469246,-0.07272244,-0.20014748,-0.005592906,0.9770472,-2.4924963,-22.97277,350.97998,19.68333333331975,1.1528119,1476.8237

-0.0040843114,1.3750087,0.0059914123,-0.07273655,-0.19946326,-0.0057003703,0.97718537,-2.498336,-22.892036,350.98016,19.70000000001164,1.1528119,1476.8237

-0.0043200105,1.3749005,0.006145397,-0.07293301,-0.19890158,-0.005966417,0.9772836,-2.5292838,-22.82366,350.95343,19.716666666674428,1.1528119,1476.8237

-0.004406281,1.3748671,0.006069161,-0.07305759,-0.19858396,-0.006114047,0.977338,-2.5467525,-22.784985,350.93674,19.733333333337214,1.1528119,1476.8237

-0.0044460916,1.374862,0.0059325714,-0.07305706,-0.19850142,-0.0061833076,0.97735435,-2.5542316,-22.774733,350.93567,19.75,1.1517254,1478.5809

-0.0044821054,1.3748723,0.0058147665,-0.07287483,-0.19851887,-0.006139091,0.9773647,-2.5445757,-22.777647,350.9589,19.766666666662786,1.1517254,1478.5809

-0.0045309565,1.3748962,0.005756514,-0.07241948,-0.19848263,-0.006006576,0.97740674,-2.5168889,-22.775824,351.01797,19.783333333325572,1.1517254,1478.5809

-0.0044431016,1.3744024,0.0066272747,-0.07161936,-0.19843559,-0.0059038075,0.9774759,-2.4842234,-22.773327,351.1185,19.79999999998836,1.1517254,1478.5809

-0.004434084,1.3742828,0.006982822,-0.07075822,-0.19827197,-0.005688871,0.9775731,-2.4351933,-22.758366,351.22995,19.81666666668025,1.1513636,1479.1667

-0.004439287,1.3742824,0.0071520656,-0.069941066,-0.19810393,-0.0054595326,0.9776673,-2.3854885,-22.742846,351.33636,19.833333333343035,1.151002,1479.7524

-0.0044445395,1.3743138,0.0072323103,-0.069343515,-0.19792615,-0.0052432134,0.97774696,-2.3426883,-22.725477,351.4157,19.85000000000582,1.151002,1479.7524

-0.0044505,1.3743566,0.0072727315,-0.06883727,-0.19773631,-0.0050530843,0.9778222,-2.3052132,-22.706223,351.48328,19.866666666668607,1.151002,1479.7524

-0.0044411323,1.3743984,0.007263873,-0.06842926,-0.19769324,-0.0049030418,0.97786033,-2.2765548,-22.70346,351.537,19.883333333331393,1.1502795,1480.924

-0.004337465,1.3741226,0.0075413194,-0.06807166,-0.19768335,-0.004815989,0.9778877,-2.257124,-22.703884,351.58282,19.89999999999418,1.1502795,1480.924

-0.0042544007,1.3740547,0.007586751,-0.06776344,-0.19778922,-0.0048243348,0.97788763,-2.2516694,-22.716856,351.6196,19.916666666656965,1.1502795,1480.924

-0.00416553,1.3740386,0.0075478964,-0.06764312,-0.19785762,-0.004867276,0.9778819,-2.254633,-22.724737,351.6328,19.93333333331975,1.1502795,1480.924

-0.004064314,1.3740281,0.007468138,-0.06756312,-0.19789882,-0.004905667,0.9778789,-2.2577536,-22.729395,351.6414,19.95000000001164,1.1495578,1482.0953

-0.0039517856,1.3740107,0.0073431972,-0.06754301,-0.19801149,-0.004889608,0.9778576,-2.256459,-22.742706,351.64355,19.966666666674428,1.1495578,1482.0953

-0.0038376749,1.3739799,0.00716896,-0.06766559,-0.19816197,-0.004813477,0.977819,-2.2517588,-22.760607,351.62955,19.983333333337214,1.1495578,1482.0953

-0.0037247539,1.3739524,0.006965682,-0.06782077,-0.19829558,-0.004757302,0.9777815,-2.2501154,-22.776297,351.61115,20.0,1.1495578,1482.0953

-0.00344753,1.3737124,0.00675877,-0.0678082,-0.19830817,-0.004719486,0.9777799,-2.2453418,-22.778116,351.61353,20.016666666662786,1.1491975,1482.6808

-0.0033096373,1.373614,0.0065777153,-0.067656025,-0.19823657,-0.0046072607,0.9778055,-2.2272372,-22.77108,351.63525,20.033333333325572,1.1491975,1482.6808

-0.0032299657,1.3735623,0.0064065624,-0.06738777,-0.19809206,-0.00447999,0.97785395,-2.203717,-22.75593,351.672,20.04999999998836,1.1491975,1482.6808

-0.0031748018,1.373522,0.00622325,-0.06722566,-0.19797592,-0.004353729,0.9778892,-2.183225,-22.74383,351.69556,20.06666666668025,1.1491975,1482.6808

-0.0031217635,1.3734822,0.0060255155,-0.067241445,-0.19792905,-0.004223921,0.9778982,-2.1673725,-22.739435,351.69705,20.083333333343035,1.1484768,1483.8524

-0.0032940484,1.373244,0.0064225234,-0.067098245,-0.19789724,-0.004038956,0.9779152,-2.1410732,-22.737604,351.7192,20.10000000000582,1.1484768,1483.8524

-0.0033082962,1.3731558,0.0064317323,-0.06689138,-0.19800006,-0.0038231723,0.97790945,-2.110819,-22.751852,351.74908,20.116666666668607,1.1484768,1483.8524

-0.0032643303,1.3731114,0.0062880106,-0.066643335,-0.19809906,-0.0036308223,0.97790706,-2.0823514,-22.765537,351.78348,20.133333333331393,1.1484768,1483.8524

-0.00319769,1.3730718,0.0060646795,-0.06654795,-0.19808708,-0.003493514,0.9779165,-2.0632086,-22.76549,351.79855,20.14999999999418,1.1484768,1483.8524

-0.0031140372,1.3730245,0.005783746,-0.06666621,-0.19793905,-0.0034358911,0.9779386,-2.0576398,-22.74847,351.78635,20.166666666656965,1.1484768,1483.8524

-0.0030084327,1.3729597,0.005449889,-0.0669495,-0.19774592,-0.0034304403,0.9779584,-2.0620017,-22.725416,351.75302,20.18333333331975,1.1484768,1483.8524

-0.0032580942,1.372838,0.005587576,-0.06710944,-0.1975252,-0.0033809855,0.9779922,-2.0577083,-22.699774,351.73596,20.20000000001164,1.1484768,1483.8524

-0.00326135,1.3727412,0.0054215547,-0.06726405,-0.19729929,-0.0033967078,0.9780271,-2.0611384,-22.672993,351.71805,20.216666666674428,1.1477572,1485.0238

-0.0031789243,1.3726444,0.005158076,-0.06751226,-0.1970789,-0.0034537644,0.9780542,-2.071918,-22.646309,351.68768,20.233333333337214,1.1477572,1485.0238

-0.0030665547,1.3725419,0.00486804,-0.067831896,-0.1968432,-0.0035324742,0.9780793,-2.0868964,-22.617502,351.64813,20.25,1.1477572,1485.0238

-0.0029485845,1.372441,0.004574828,-0.068046875,-0.19667333,-0.0036111714,0.9780982,-2.0999682,-22.59658,351.621,20.266666666662786,1.1477572,1485.0238

-0.0028405238,1.3723476,0.0042854752,-0.06809908,-0.19656853,-0.0036178771,0.9781156,-2.1009908,-22.584202,351.6151,20.283333333325572,1.1473976,1485.6095

-0.0031757802,1.3722427,0.004966464,-0.067944236,-0.19640888,-0.0035855828,0.9781586,-2.091686,-22.566214,351.6357,20.29999999998836,1.1473976,1485.6095

-0.0032379031,1.372175,0.005019242,-0.06797672,-0.19618745,-0.0035348395,0.978201,-2.0840802,-22.540785,351.63425,20.31666666668025,1.1473976,1485.6095

-0.0031932965,1.3721266,0.0048349444,-0.06821116,-0.19597526,-0.0035483162,0.97822714,-2.0892584,-22.515451,351.6066,20.333333333343035,1.1473976,1485.6095

-0.003096141,1.3720999,0.0045666452,-0.068694875,-0.19575469,-0.0036641713,0.97823703,-2.1127934,-22.48773,351.5461,20.35000000000582,1.1470383,1486.1952

-0.0029696724,1.3721038,0.004283851,-0.06922707,-0.19563049,-0.003824784,0.97822374,-2.1438854,-22.47072,351.47812,20.366666666668607,1.1470383,1486.1952

-0.0028305477,1.3721385,0.004042955,-0.06938617,-0.19561565,-0.003937864,0.978215,-2.161295,-22.467659,351.45612,20.383333333331393,1.1470383,1486.1952

-0.0028557703,1.3720556,0.004351262,-0.06905251,-0.19551936,-0.004072524,0.9782573,-2.1685557,-22.456013,351.49414,20.39999999999418,1.1470383,1486.1952

-0.0027755052,1.3721007,0.0044295546,-0.068729326,-0.19536291,-0.0041895835,0.9783108,-2.1733277,-22.4375,351.53168,20.416666666656965,1.146679,1486.7811

-0.0026713237,1.3721781,0.0044501815,-0.06840736,-0.19509648,-0.0042580664,0.9783863,-2.1711311,-22.406599,351.57086,20.43333333331975,1.1463201,1487.3668

-0.0025654957,1.3722655,0.0044546854,-0.067990355,-0.19483691,-0.0042621978,0.97846705,-2.1589394,-22.377262,351.6231,20.45000000001164,1.1463201,1487.3668

-0.0024513728,1.3723522,0.0044384208,-0.067649916,-0.19463927,-0.004238664,0.97853005,-2.1458929,-22.355194,351.66632,20.466666666674428,1.1463201,1487.3668

-0.0023249388,1.3724389,0.00439338,-0.06753374,-0.1945382,-0.004232734,0.9785582,-2.1413622,-22.34373,351.68118,20.483333333337214,1.1459614,1487.9525

-0.0023502535,1.3723943,0.004969284,-0.06732933,-0.19456013,-0.004163836,0.97856826,-2.128316,-22.347313,351.70758,20.5,1.1459614,1487.9525

-0.0022916421,1.3724685,0.0051625427,-0.06702038,-0.19469833,-0.0040720333,0.97856236,-2.1111367,-22.36485,351.7466,20.516666666662786,1.1459614,1487.9525

-0.0022021804,1.3725728,0.0052240305,-0.06678371,-0.19481504,-0.003979255,0.9785557,-2.0953531,-22.379728,351.77698,20.533333333325572,1.1459614,1487.9525

-0.002097182,1.3726785,0.0052413605,-0.06673081,-0.19482772,-0.0039133667,0.978557,-2.0862174,-22.381868,351.78494,20.54999999998836,1.1459614,1487.9525

-0.0019880435,1.3727796,0.0052587707,-0.06667499,-0.19477676,-0.0038122106,0.97857136,-2.072105,-22.376898,351.79443,20.56666666668025,1.1459614,1487.9525

-0.0018942629,1.3728743,0.005308382,-0.06627519,-0.19472882,-0.0036342887,0.9786087,-2.0404334,-22.373636,351.84766,20.583333333343035,1.1459614,1487.9525

-0.0013863593,1.3726454,0.005231658,-0.06576962,-0.19455692,-0.00336432,0.978678,-1.9938542,-22.35689,351.91666,20.60000000000582,1.1459614,1487.9525

-0.0011978049,1.372601,0.005271191,-0.0655557,-0.19442561,-0.0032152282,0.97871894,-1.96936,-22.343254,351.947,20.616666666668607,1.145603,1488.5381

-0.0011022214,1.372603,0.0053249765,-0.06543928,-0.19441886,-0.0030986492,0.9787285,-1.9523643,-22.343658,351.964,20.633333333331393,1.145603,1488.5381

-0.0010343442,1.3726196,0.0053724013,-0.06534909,-0.19446675,-0.0030390543,0.97872514,-1.9434341,-22.349901,351.97614,20.64999999999418,1.145603,1488.5381

-0.0009790262,1.3726356,0.0054183267,-0.06527721,-0.19449268,-0.0030013197,0.97872496,-1.9373804,-22.353373,351.98563,20.666666666656965,1.145603,1488.5381

-0.00093153614,1.3726447,0.005467536,-0.06527966,-0.194519,-0.0029471104,0.9787197,-1.9311218,-22.356874,351.98648,20.68333333331975,1.1452446,1489.1238

1.9788742e-05,1.3723528,0.0048780814,-0.06508519,-0.19453652,-0.0029060922,0.9787293,-1.9216379,-22.359632,352.01108,20.70000000001164,1.1452446,1489.1238

0.00036284328,1.3722719,0.004738992,-0.06482788,-0.19455019,-0.0028398829,0.97874385,-1.9075495,-22.362265,352.0439,20.716666666674428,1.1452446,1489.1238

0.000523746,1.3722584,0.0047456417,-0.06458116,-0.19444123,-0.0027930809,0.97878194,-1.8948994,-22.35043,352.07565,20.733333333337214,1.1452446,1489.1238

0.0006309822,1.3722692,0.0047875457,-0.06454687,-0.19420429,-0.0028233759,0.9788312,-1.8954921,-22.322653,352.0804,20.75,1.1448865,1489.7094

0.0007086918,1.3722898,0.0048375446,-0.06463445,-0.1938985,-0.0028950525,0.97888577,-1.9033701,-22.286287,352.06967,20.766666666662786,1.1448865,1489.7094

0.0007698709,1.3723115,0.00487441,-0.064830296,-0.19369939,-0.002993001,0.978912,-1.9180319,-22.261925,352.0446,20.783333333325572,1.1448865,1489.7094

0.0011328459,1.3719264,0.004557507,-0.06491507,-0.19388045,-0.0030029174,0.97887045,-1.9229964,-22.282763,352.03305,20.79999999998836,1.1448865,1489.7094

0.0012555917,1.3717971,0.004467901,-0.064927824,-0.19416617,-0.003029821,0.9788129,-1.9292995,-22.315798,352.0293,20.81666666668025,1.1445284,1490.2954

0.0012911633,1.37175,0.0044725016,-0.064834796,-0.1943891,-0.0030183417,0.97877485,-1.9278082,-22.342043,352.0397,20.833333333343035,1.1445284,1490.2954

0.001279369,1.37173,0.0045363177,-0.06470166,-0.19438252,-0.002967253,0.97878516,-1.9183508,-22.341951,352.05716,20.85000000000582,1.1445284,1490.2954

0.0012374148,1.3717182,0.0046345163,-0.064610876,-0.19416635,-0.002926654,0.97883415,-1.909186,-22.317276,352.07034,20.866666666668607,1.1445284,1490.2954

0.0011811355,1.3717116,0.004738411,-0.06457724,-0.19391052,-0.0029361257,0.9788871,-1.9070901,-22.28747,352.0756,20.883333333331393,1.1445284,1490.2954

0.0010916367,1.3712801,0.00450976,-0.064608835,-0.19380572,-0.0029374408,0.97890574,-1.9070094,-22.27519,352.0723,20.89999999999418,1.1445284,1490.2954

0.0010260493,1.3711123,0.0044259634,-0.064870715,-0.19389698,-0.0029394794,0.97887033,-1.9144039,-22.28529,352.03986,20.916666666656965,1.1445284,1490.2954

0.00097958,1.3710185,0.0043710284,-0.06528137,-0.1941293,-0.0029134217,0.978797,-1.9233268,-22.311756,351.98923,20.93333333331975,1.1445284,1490.2954

0.0009343922,1.3709491,0.0043403525,-0.06540369,-0.19443817,-0.0027721964,0.978728,-1.9121239,-22.348646,351.97598,20.95000000001164,1.1441708,1490.8809

0.0008780311,1.3708895,0.0043487493,-0.06536475,-0.1946008,-0.0025699707,0.9786988,-1.8882383,-22.369316,351.98468,20.966666666674428,1.1441708,1490.8809

0.0008103922,1.370831,0.004383441,-0.06530816,-0.19451997,-0.002399421,0.9787191,-1.8654237,-22.361399,351.99606,20.983333333337214,1.1441708,1490.8809

0.0010587648,1.3705382,0.004306894,-0.065244116,-0.1942352,-0.0022459633,0.97878027,-1.8425524,-22.329601,352.00906,21.0,1.1441708,1490.8809

0.0010872731,1.3704005,0.0042956006,-0.06526106,-0.19394013,-0.0021342998,0.9788379,-1.8266039,-22.29611,352.01123,21.016666666662786,1.1441708,1490.8809

0.0010488579,1.3703144,0.0043028984,-0.06541793,-0.19366354,-0.0020541155,0.9788824,-1.8180029,-22.264257,351.9955,21.033333333325572,1.1441708,1490.8809

0.0009919181,1.3702452,0.0043188725,-0.06549877,-0.19351195,-0.0019446099,0.97890717,-1.8052207,-22.247345,351.9891,21.04999999998836,1.1441708,1490.8809

0.0009301181,1.3701862,0.0043425094,-0.065562874,-0.19350585,-0.0018155429,0.9789043,-1.7910601,-22.24757,351.98438,21.06666666668025,1.1441708,1490.8809

0.0008671656,1.370139,0.004375173,-0.06564485,-0.19361116,-0.0016649152,0.9788783,-1.7757806,-22.260916,351.97742,21.083333333343035,1.1438131,1491.4667

0.0012837946,1.3700086,0.0042951107,-0.06571419,-0.19368553,-0.00147826,0.9788592,-1.7555377,-22.270977,351.97302,21.10000000000582,1.1438131,1491.4667

0.0013844793,1.3699651,0.0043288805,-0.06565266,-0.19378628,-0.0013055623,0.9788436,-1.7341001,-22.28423,351.98407,21.116666666668607,1.1438131,1491.4667

0.0013904572,1.3699601,0.0044269618,-0.0655411,-0.19379146,-0.0011556103,0.9788503,-1.7133037,-22.286255,352.0012,21.133333333331393,1.1438131,1491.4667

0.0013763309,1.3699789,0.004560318,-0.0654666,-0.19368574,-0.001042451,0.97887635,-1.6968004,-22.274992,352.0135,21.14999999999418,1.1438131,1491.4667

0.0013616905,1.3700207,0.004718691,-0.06541236,-0.19350578,-0.0009951716,0.97891563,-1.6880646,-22.254509,352.02216,21.166666666656965,1.1438131,1491.4667

0.00134857,1.3700832,0.00489654,-0.065267555,-0.19335009,-0.0009922,0.97895604,-1.6827652,-22.23665,352.04065,21.18333333331975,1.1438131,1491.4667

0.0013326581,1.3701674,0.0050857775,-0.06506911,-0.19327524,-0.0010473165,0.97898394,-1.6839901,-22.227829,352.0639,21.20000000001164,1.1438131,1491.4667

0.0014831796,1.3699852,0.0052812602,-0.06480671,-0.19327569,-0.0010705744,0.9790013,-1.6805387,-22.228144,352.0953,21.216666666674428,1.1434557,1492.0525

0.0014944474,1.3699946,0.005477732,-0.06456945,-0.19332302,-0.0010912025,0.97900754,-1.6778091,-22.233896,352.12344,21.233333333337214,1.1434557,1492.0525

0.0014540255,1.3700675,0.0056803413,-0.064398736,-0.19341077,-0.0011053907,0.97900146,-1.6762655,-22.244297,352.14343,21.25,1.1434557,1492.0525

0.0013939316,1.3701556,0.0058978815,-0.064200066,-0.19354713,-0.0010872565,0.9789876,-1.6705849,-22.260664,352.16736,21.266666666662786,1.1434557,1492.0525

0.001323238,1.3702399,0.006133383,-0.06395437,-0.19370985,-0.0010139236,0.97897154,-1.6573248,-22.280617,352.19815,21.283333333325572,1.1434557,1492.0525

0.0012528028,1.3703202,0.006383987,-0.06371576,-0.19383767,-0.0009316114,0.9789619,-1.642811,-22.296564,352.22855,21.29999999998836,1.1434557,1492.0525

0.0013024609,1.370317,0.006323641,-0.06359125,-0.19401787,-0.00088264665,0.97893435,-1.635551,-22.31815,352.24396,21.31666666668025,1.1434557,1492.0525

0.001271377,1.3703792,0.0064694714,-0.06341644,-0.19405663,-0.0008445219,0.97893804,-1.6270876,-22.323261,352.26593,21.333333333343035,1.1434557,1492.0525

0.0012143403,1.3704574,0.00668375,-0.06323033,-0.19407356,-0.0007491789,0.9789468,-1.6112137,-22.326288,352.2908,21.35000000000582,1.1434557,1492.0525

0.0011502728,1.370539,0.0069158897,-0.06307496,-0.1941137,-0.00064483046,0.97894895,-1.5951976,-22.332039,352.312,21.366666666668607,1.1434557,1492.0525

0.0010870373,1.3706157,0.0071450025,-0.06291318,-0.19425276,-0.0005515745,0.9789318,-1.5812699,-22.349232,352.33322,21.383333333331393,1.1434557,1492.0525

0.0012077342,1.3703835,0.0072727185,-0.062680565,-0.19454142,-0.0004174171,0.97888947,-1.5620251,-22.384283,352.36334,21.39999999999418,1.1434557,1492.0525

0.0012216195,1.3703264,0.0074284133,-0.06254656,-0.19481966,-0.00033339762,0.9788427,-1.5511239,-22.41757,352.3803,21.416666666656965,1.1430986,1492.6382

0.0012060354,1.3703253,0.007579863,-0.062590994,-0.19507475,-0.00033113512,0.9787891,-1.5542327,-22.447247,352.3737,21.43333333331975,1.1430986,1492.6382

0.0011837333,1.3703378,0.0077304076,-0.06267892,-0.19528952,-0.00036744843,0.97874063,-1.5627131,-22.471851,352.36105,21.45000000001164,1.1430986,1492.6382

0.001151137,1.3703604,0.00790024,-0.06272902,-0.19542044,-0.0004084027,0.97871125,-1.5700856,-22.486712,352.3533,21.466666666674428,1.1430986,1492.6382

0.0011057729,1.3703935,0.00810536,-0.062626794,-0.19547516,-0.00041947808,0.9787069,-1.5694499,-22.493168,352.36523,21.483333333337214,1.1430986,1492.6382

0.001052613,1.3704336,0.008339189,-0.06250711,-0.19543733,-0.00041167633,0.9787221,-1.5652602,-22.48901,352.3802,21.5,1.1430986,1492.6382

0.0013066307,1.370187,0.0082816165,-0.0625195,-0.19539313,-0.00039346144,0.97873014,-1.5629497,-22.48398,352.37933,21.516666666662786,1.1430986,1492.6382

0.0013552408,1.3701335,0.008385956,-0.06242589,-0.19542238,-0.00038408898,0.97873026,-1.5598097,-22.48761,352.39084,21.533333333325572,1.1430986,1492.6382

0.001326181,1.3701385,0.00854956,-0.062307518,-0.19548151,-0.00040389944,0.97872597,-1.5598805,-22.494537,352.40448,21.54999999998836,1.1430986,1492.6382

0.0012617484,1.3701656,0.008738337,-0.062230796,-0.19552703,-0.00048271025,0.97872174,-1.5679958,-22.499355,352.41174,21.56666666668025,1.1430986,1492.6382

0.0011793673,1.3702034,0.008931663,-0.062121183,-0.19557457,-0.0006006861,0.9787191,-1.5800846,-22.50416,352.422,21.583333333343035,1.1430986,1492.6382

0.0011498258,1.3697947,0.008787429,-0.062286343,-0.1955548,-0.00070080865,0.97871256,-1.5960596,-22.500814,352.39957,21.60000000000582,1.1430986,1492.6382

0.0010819659,1.369651,0.008814899,-0.062427722,-0.19546407,-0.00079666957,0.97872156,-1.6102954,-22.489265,352.38046,21.616666666668607,1.1430986,1492.6382

0.0010019913,1.3695867,0.0088918265,-0.062421452,-0.19543517,-0.0008519209,0.97872776,-1.616585,-22.48548,352.38007,21.633333333331393,1.1430986,1492.6382

0.0009151399,1.369542,0.008981198,-0.062355373,-0.19545792,-0.00087247085,0.97872734,-1.6176847,-22.48808,352.3875,21.64999999999418,1.1430986,1492.6382

0.00081141293,1.3694909,0.009053724,-0.062340945,-0.19556814,-0.000846497,0.97870624,-1.6151837,-22.501152,352.38934,21.666666666656965,1.1430986,1492.6382

0.00067269057,1.3694371,0.009120058,-0.062342484,-0.19559029,-0.0008126268,0.9787018,-1.6113119,-22.503992,352.38986,21.68333333331975,1.1427417,1493.2239

0.0006907508,1.369128,0.008575447,-0.0626138,-0.19543344,-0.0008255499,0.9787158,-1.6180285,-22.485167,352.35727,21.70000000001164,1.1427417,1493.2239

0.00059239817,1.3689862,0.008366052,-0.06289043,-0.1951773,-0.0008679373,0.97874916,-1.6275281,-22.454527,352.32385,21.716666666674428,1.1427417,1493.2239

0.0004583001,1.3689052,0.008267237,-0.06306252,-0.19491488,-0.00090724125,0.9787903,-1.634051,-22.423353,352.30322,21.733333333337214,1.1427417,1493.2239

0.00032569226,1.3688395,0.008203991,-0.06324352,-0.1946837,-0.00090594013,0.9788246,-1.6361381,-22.396124,352.28238,21.75,1.1427417,1493.2239

0.00020970404,1.3687878,0.008156316,-0.06336268,-0.19451316,-0.00090490776,0.97885084,-1.6373159,-22.37606,352.26877,21.766666666662786,1.1427417,1493.2239

0.000112111404,1.3687457,0.008131338,-0.06344538,-0.19438235,-0.00088439265,0.97887146,-1.6356153,-22.360844,352.25983,21.783333333325572,1.1427417,1493.2239

0.00014140709,1.368624,0.00779658,-0.06357281,-0.19438495,-0.0008545169,0.97886276,-1.6350839,-22.36117,352.24503,21.79999999998836,1.1427417,1493.2239

9.8352706e-05,1.3685696,0.007694468,-0.06348515,-0.19438359,-0.000785617,0.9788687,-1.6246077,-22.361702,352.25732,21.81666666668025,1.1427417,1493.2239

2.3888972e-05,1.3685287,0.0076685697,-0.063365795,-0.19440165,-0.00071703026,0.97887295,-1.6135846,-22.364544,352.27344,21.833333333343035,1.1427417,1493.2239

-6.7427754e-05,1.3684927,0.007663142,-0.063376814,-0.19434369,-0.0007012198,0.9788838,-1.6114,-22.357899,352.27274,21.85000000000582,1.1427417,1493.2239

-0.0001602942,1.368458,0.007656863,-0.06354499,-0.19419372,-0.00075030216,0.9789025,-1.6200168,-22.339758,352.25186,21.866666666668607,1.1427417,1493.2239

-0.00024094936,1.3684314,0.007638462,-0.06375072,-0.19403234,-0.0008572397,0.9789211,-1.6364349,-22.319773,352.22504,21.883333333331393,1.1427417,1493.2239

-0.00039180872,1.3683853,0.007923456,-0.063904114,-0.19383414,-0.0010281462,0.97895026,-1.6589965,-22.29507,352.20334,21.89999999999418,1.1427417,1493.2239

-0.0004695952,1.3683714,0.008001961,-0.06379197,-0.19368216,-0.0010811656,0.9789875,-1.6613251,-22.277136,352.2165,21.916666666656965,1.1427417,1493.2239

-0.00051838905,1.3683646,0.007996343,-0.063780986,-0.19359635,-0.0010818696,0.9790052,-1.6603525,-22.26715,352.21823,21.93333333331975,1.1427417,1493.2239

-0.00056173414,1.3683596,0.007950418,-0.063903585,-0.19357435,-0.0010558369,0.97900164,-1.6599306,-22.26459,352.20404,21.95000000001164,1.1427417,1493.2239

-0.0006123781,1.3683587,0.007907946,-0.06401403,-0.19355565,-0.000998843,0.9789982,-1.6554956,-22.262678,352.19205,21.966666666674428,1.1427417,1493.2239

-0.0006733984,1.3683698,0.00789774,-0.063971564,-0.19347261,-0.0009670752,0.97901744,-1.649859,-22.253328,352.1984,21.983333333337214,1.1427417,1493.2239

-0.0009378195,1.3683755,0.008235492,-0.06385523,-0.1933904,-0.00095875625,0.9790412,-1.6453054,-22.244015,352.21317,22.0,1.1427417,1493.2239

-0.0010707006,1.3683981,0.008368736,-0.063681215,-0.19319533,-0.00093796727,0.9790911,-1.6368235,-22.221748,352.23584,22.016666666662786,1.1427417,1493.2239

-0.001146627,1.3684199,0.0084087495,-0.063665584,-0.19301492,-0.00096557674,0.97912765,-1.6381316,-22.200542,352.238,22.033333333325572,1.1427417,1493.2239

-0.0011891723,1.3684387,0.008400757,-0.06382204,-0.19286548,-0.0010434238,0.97914684,-1.649915,-22.182257,352.21786,22.04999999998836,1.1427417,1493.2239

-0.001205951,1.3684595,0.0083745755,-0.0638492,-0.19278863,-0.0011416158,0.97916013,-1.6617451,-22.172483,352.21262,22.06666666668025,1.1427417,1493.2239

-0.001208201,1.368474,0.008346679,-0.06369225,-0.19270657,-0.0012212071,0.9791864,-1.6668862,-22.162563,352.23026,22.083333333343035,1.1423849,1493.8096

-0.0009646465,1.3685887,0.008389333,-0.06378061,-0.192565,-0.0013187417,0.97920835,-1.6794943,-22.145151,352.21793,22.10000000000582,1.1423849,1493.8096

-0.00085726887,1.3686144,0.0083283335,-0.06405217,-0.19233492,-0.0014394453,0.9792357,-1.6984361,-22.116932,352.18323,22.116666666668607,1.1423849,1493.8096

-0.00078962,1.3686087,0.008213853,-0.064388216,-0.1921044,-0.0015252525,0.9792588,-1.714658,-22.088818,352.1415,22.133333333331393,1.1423849,1493.8096

-0.0007249242,1.3685998,0.008066665,-0.06467147,-0.19204605,-0.0015644843,0.9792515,-1.7255825,-22.081211,352.1064,22.14999999999418,1.1423849,1493.8096

-0.00065518916,1.3686018,0.007912172,-0.06490279,-0.1921487,-0.0015668632,0.97921604,-1.7323257,-22.092735,352.0777,22.166666666656965,1.1423849,1493.8096

-0.00059137493,1.3686209,0.007773824,-0.06507248,-0.19223659,-0.0015686319,0.97918755,-1.7373981,-22.102655,352.05655,22.18333333331975,1.1423849,1493.8096

-0.0008200978,1.3685594,0.007976711,-0.06525303,-0.1922311,-0.0015652416,0.9791766,-1.7412243,-22.101723,352.0347,22.20000000001164,1.1423849,1493.8096

-0.0008801371,1.368585,0.007988043,-0.065442845,-0.19204403,-0.0016192184,0.97920054,-1.7504894,-22.079166,352.01132,22.216666666674428,1.1423849,1493.8096

-0.0008897011,1.3686475,0.007947968,-0.065504625,-0.1917813,-0.0016301703,0.97924787,-1.750783,-22.048374,352.0049,22.233333333337214,1.1427417,1493.2239

-0.000879243,1.3687254,0.007901,-0.06541151,-0.1915304,-0.0015818411,0.9793033,-1.7403488,-22.019724,352.0187,22.25,1.1423849,1493.8096

-0.0008537595,1.3688107,0.0078519415,-0.065244675,-0.19135796,-0.0015319488,0.9793482,-1.7287358,-22.000347,352.04105,22.266666666662786,1.1423849,1493.8096

-0.00080774474,1.3688937,0.0077784043,-0.06524397,-0.19128385,-0.0015416234,0.97936267,-1.7291894,-21.991644,352.0413,22.283333333325572,1.1423849,1493.8096

-0.0008540377,1.3688148,0.007916179,-0.06537082,-0.19119766,-0.0017088795,0.97937083,-1.751604,-21.98003,352.0224,22.29999999998836,1.1427417,1493.2239

-0.0007979846,1.3688225,0.007894024,-0.06544827,-0.19116119,-0.0017815517,0.9793726,-1.7618774,-21.975054,352.01147,22.31666666668025,1.1427417,1493.2239

-0.0006972477,1.3688511,0.007804312,-0.06536824,-0.19115345,-0.0017494624,0.97937953,-1.7560337,-21.974558,352.022,22.333333333343035,1.1427417,1493.2239

-0.00056900084,1.3688806,0.00765734,-0.06541851,-0.19104454,-0.0017517853,0.9793974,-1.7564679,-21.96177,352.0164,22.35000000000582,1.1427417,1493.2239

-0.00042521209,1.368898,0.0074541643,-0.06582095,-0.19080335,-0.0018627754,0.97941726,-1.77708,-21.932064,351.96616,22.366666666668607,1.1427417,1493.2239

-0.0002693385,1.3689018,0.007211305,-0.06634586,-0.19058165,-0.0020652427,0.97942466,-1.8117888,-21.903639,351.8988,22.383333333331393,1.1427417,1493.2239

-0.00010085851,1.3688928,0.0069556907,-0.06689962,-0.19044676,-0.0023080762,0.9794127,-1.8528575,-21.884893,351.8266,22.39999999999418,1.1427417,1493.2239

-0.0005215183,1.368501,0.007036634,-0.067519985,-0.19049753,-0.0025232022,0.9793596,-1.8939346,-21.887815,351.7459,22.416666666656965,1.1427417,1493.2239

-0.0005694603,1.3683594,0.0069343727,-0.06789645,-0.19060571,-0.0026400033,0.9793123,-1.9179684,-21.89869,351.69687,22.43333333331975,1.1427417,1493.2239

-0.0005175373,1.3683033,0.006817177,-0.068006754,-0.1907593,-0.0026573832,0.9792747,-1.9241847,-21.916197,351.68222,22.45000000001164,1.1427417,1493.2239

-0.0004535541,1.3682798,0.0067426823,-0.06814126,-0.19083863,-0.0026679472,0.97924984,-1.9294145,-21.925076,351.6652,22.466666666674428,1.1427417,1493.2239

-0.000393413,1.3682724,0.0067157242,-0.06820401,-0.19080766,-0.0026661037,0.9792515,-1.9303604,-21.921362,351.65775,22.483333333337214,1.1427417,1493.2239

-0.00045339763,1.3680962,0.006747594,-0.06824675,-0.19068679,-0.0026331963,0.9792722,-1.9261853,-21.907494,351.65402,22.5,1.1427417,1493.2239

-0.0004210174,1.3680377,0.0067610685,-0.06837198,-0.19064347,-0.0026649232,0.97927177,-1.9325346,-21.901936,351.6383,22.516666666662786,1.1427417,1493.2239

-0.00035268068,1.3680252,0.0067525804,-0.06848834,-0.19074771,-0.002724469,0.9792432,-1.9435097,-21.913328,351.6222,22.533333333325572,1.1427417,1493.2239

-0.0002687648,1.3680352,0.00673566,-0.06852227,-0.1909417,-0.0027755736,0.97920287,-1.9524262,-21.9354,351.61578,22.54999999998836,1.1427417,1493.2239

-0.00018054247,1.3680605,0.0067224167,-0.068477176,-0.19109243,-0.0028302323,0.97917646,-1.9594805,-21.952562,351.61914,22.56666666668025,1.1427417,1493.2239

-9.727982e-05,1.3680955,0.0067130458,-0.06844753,-0.19116482,-0.0029041297,0.9791642,-1.9684424,-21.960415,351.62064,22.583333333343035,1.1427417,1493.2239

-0.00023128596,1.3680544,0.0066545475,-0.06844483,-0.19113295,-0.0029585117,0.97917044,-1.9746366,-21.956247,351.61987,22.60000000000582,1.1427417,1493.2239

-0.00025037676,1.3680799,0.006641479,-0.068557024,-0.19102402,-0.003091664,0.97918344,-1.9922909,-21.94221,351.60373,22.616666666668607,1.1427417,1493.2239

-0.00023633242,1.3681386,0.006651504,-0.068618454,-0.19088206,-0.0032398954,0.9792063,-2.0102355,-21.924297,351.5936,22.633333333331393,1.1427417,1493.2239

-0.00021033734,1.368219,0.006679414,-0.06846432,-0.1907738,-0.0033885653,0.97923774,-2.0234969,-21.91075,351.6095,22.64999999999418,1.1427417,1493.2239

-0.00018076599,1.3683075,0.0067163967,-0.06819692,-0.19073513,-0.0035023072,0.9792635,-2.0305731,-21.90583,351.63956,22.666666666656965,1.1427417,1493.2239

-0.0001497021,1.3683939,0.006756397,-0.0680083,-0.1906961,-0.0035963948,0.97928387,-2.0371242,-21.900883,351.66052,22.68333333331975,1.1427417,1493.2239

-0.000286676,1.3684036,0.0066142324,-0.06798373,-0.19061686,-0.0036354796,0.97930086,-2.040481,-21.891382,351.66302,22.70000000001164,1.1427417,1493.2239

-0.00032228976,1.3684617,0.0065763853,-0.06801025,-0.19052556,-0.0037068005,0.97931653,-2.0488145,-21.880098,351.6587,22.716666666674428,1.1427417,1493.2239

-0.00031909347,1.3685423,0.006557448,-0.067898475,-0.19052832,-0.0037485585,0.97932357,-2.0512652,-21.880297,351.6713,22.733333333337214,1.1427417,1493.2239

-0.0003043389,1.3686339,0.006548863,-0.06769197,-0.19054995,-0.0037707984,0.9793336,-2.0493202,-21.883059,351.69574,22.75,1.1427417,1493.2239

-0.0002836287,1.3687308,0.006537607,-0.06754816,-0.19053493,-0.0038204247,0.9793463,-2.0517933,-21.881195,351.71213,22.766666666662786,1.1427417,1493.2239

-0.00026368853,1.3688349,0.0065351296,-0.06742516,-0.19038361,-0.0039151106,0.97938377,-2.0588517,-21.863047,351.72574,22.783333333325572,1.1427417,1493.2239

-0.00045671806,1.3687611,0.006265532,-0.067316666,-0.19025622,-0.0040326873,0.97941554,-2.069257,-21.847464,351.7369,22.79999999998836,1.1427417,1493.2239

-0.0005149543,1.3688091,0.0061918404,-0.0672288,-0.1901166,-0.0041578123,0.97944814,-2.0809398,-21.830353,351.74545,22.81666666668025,1.1427417,1493.2239

-0.000548318,1.3688927,0.006204851,-0.06717686,-0.18997042,-0.004258916,0.9794797,-2.090496,-21.812605,351.75027,22.833333333343035,1.1427417,1493.2239

-0.0005880867,1.3689849,0.00625935,-0.067095175,-0.18988542,-0.0043164976,0.9795015,-2.0947037,-21.80241,351.75934,22.85000000000582,1.1427417,1493.2239

-0.000635763,1.3690798,0.006332958,-0.066890694,-0.18984383,-0.0043496196,0.97952336,-2.0935147,-21.79773,351.78363,22.866666666668607,1.1427417,1493.2239

-0.000686571,1.369171,0.006412694,-0.0665933,-0.18983507,-0.0043704472,0.97954524,-2.0889935,-21.79717,351.8193,22.883333333331393,1.1427417,1493.2239

-0.0007288754,1.3690888,0.0061896965,-0.06640352,-0.18991745,-0.004398384,0.979542,-2.0887399,-21.806929,351.84125,22.89999999999418,1.1427417,1493.2239

-0.00077516586,1.369083,0.0061417483,-0.06621381,-0.18993816,-0.0044563324,0.9795506,-2.0915089,-21.809261,351.86282,22.916666666656965,1.1427417,1493.2239

-0.0008068508,1.3690916,0.00611764,-0.066194884,-0.1899447,-0.0045579555,0.9795501,-2.1034124,-21.809223,351.86273,22.93333333331975,1.1427417,1493.2239

-0.0008216277,1.3691021,0.006077189,-0.06631942,-0.19002223,-0.0046963324,0.97952604,-2.1238089,-21.816826,351.84396,22.95000000001164,1.1420283,1494.3953

-0.0008253455,1.3691139,0.0060259663,-0.066372134,-0.19016293,-0.0048293634,0.9794945,-2.1425033,-21.83198,351.83368,22.966666666674428,1.1420283,1494.3953

-0.0008126497,1.3691252,0.0059651285,-0.06633864,-0.19034193,-0.0049600457,0.9794613,-2.1592753,-21.851793,351.8337,22.983333333337214,1.1420283,1494.3953

-0.00090532005,1.3686268,0.005692916,-0.06628228,-0.1904552,-0.0050505493,0.97944266,-2.1700087,-21.86435,351.8378,23.0,1.1423849,1493.8096

-0.0009181747,1.3684365,0.005550381,-0.066300645,-0.19035617,-0.005167993,0.97946,-2.1836622,-21.851807,351.8334,23.016666666662786,1.1423849,1493.8096

-0.0009095967,1.3683397,0.005429676,-0.06637761,-0.1901266,-0.0053073536,0.9794987,-2.2000477,-21.823767,351.82214,23.033333333325572,1.1423849,1493.8096

-0.00090960413,1.3682666,0.0052999593,-0.066445366,-0.189862,-0.0054462943,0.9795447,-2.2158124,-21.791672,351.8122,23.04999999998836,1.1423849,1493.8096

-0.0009260899,1.3681929,0.005149996,-0.06655991,-0.1897068,-0.005592228,0.97956616,-2.2345877,-21.77214,351.79584,23.06666666668025,1.1423849,1493.8096

-0.0009550452,1.3681127,0.0049780346,-0.0667435,-0.18972003,-0.0057401247,0.9795502,-2.256875,-21.77202,351.77005,23.083333333343035,1.1423849,1493.8096

-0.000986263,1.368025,0.0047841426,-0.066990815,-0.18990044,-0.0058871256,0.9794975,-2.2822108,-21.7912,351.73553,23.10000000000582,1.1423849,1493.8096

-0.00088534504,1.3679845,0.004416652,-0.067148685,-0.19018055,-0.005957991,0.9794319,-2.2972686,-21.822824,351.71307,23.116666666668607,1.1423849,1493.8096

-0.00089191645,1.3678885,0.0042000357,-0.067217864,-0.19038878,-0.005909147,0.97938704,-2.2950733,-21.8473,351.7046,23.133333333331393,1.1423849,1493.8096

-0.0009357706,1.3677658,0.0040428173,-0.06726175,-0.19055638,-0.0058103036,0.979352,-2.2858365,-21.86753,351.70056,23.14999999999418,1.1423849,1493.8096

-0.0009870355,1.3676376,0.0039017722,-0.06733364,-0.19066009,-0.0057394635,0.9793273,-2.2800012,-21.880028,351.69287,23.166666666656965,1.1423849,1493.8096

-0.001031888,1.3675156,0.0037533976,-0.067483366,-0.19066666,-0.005769386,0.9793155,-2.2871995,-21.88019,351.67392,23.18333333331975,1.1423849,1493.8096

-0.0010024806,1.3675021,0.0038515273,-0.06771429,-0.190612,-0.0058862865,0.97930956,-2.3062,-21.872297,351.64346,23.20000000001164,1.1423849,1493.8096

-0.0010030642,1.3674358,0.0037645344,-0.068073645,-0.19062775,-0.006115968,0.9792801,-2.342557,-21.871317,351.5944,23.216666666674428,1.1423849,1493.8096

-0.001008667,1.3673627,0.0036073215,-0.06835389,-0.19072747,-0.0063869804,0.9792395,-2.3829114,-21.879921,351.55344,23.233333333337214,1.1423849,1493.8096

-0.0010186831,1.3672928,0.003443636,-0.06855501,-0.1907815,-0.0066131614,0.97921336,-2.415529,-21.883766,351.5234,23.25,1.1423849,1493.8096

-0.0010310337,1.3672253,0.0032953732,-0.06869996,-0.19075067,-0.006769726,0.9792082,-2.4375393,-21.87847,351.50235,23.266666666662786,1.1423849,1493.8096

-0.0010553896,1.3671579,0.0031820629,-0.06865974,-0.19061948,-0.006818266,0.9792362,-2.4411094,-21.862888,351.50693,23.283333333325572,1.1423849,1493.8096

-0.000793688,1.3673102,0.003616862,-0.06842368,-0.19048193,-0.006928825,0.97927874,-2.4475205,-21.846525,351.53387,23.29999999998836,1.1423849,1493.8096

-0.0007175407,1.3673375,0.0037422944,-0.06829149,-0.19037406,-0.007019553,0.97930825,-2.4542809,-21.833525,351.5485,23.31666666668025,1.1423849,1493.8096

-0.000702714,1.3673266,0.003759712,-0.0682622,-0.19034488,-0.0071374057,0.97931516,-2.4675372,-21.829191,351.5495,23.333333333343035,1.1423849,1493.8096

-0.0007136166,1.3673085,0.0037444253,-0.068284065,-0.19034924,-0.007264526,0.9793118,-2.483456,-21.828548,351.54385,23.35000000000582,1.1423849,1493.8096

-0.00074062496,1.3672888,0.0037164167,-0.06829949,-0.1903571,-0.0073662167,0.9793085,-2.4961863,-21.828548,351.53958,23.366666666668607,1.1423849,1493.8096

-0.00077899545,1.3672619,0.0036738664,-0.0682715,-0.19038855,-0.0074252994,0.97930384,-2.5029953,-21.83177,351.5414,23.383333333331393,1.1423849,1493.8096

-0.00072194636,1.3672744,0.003884852,-0.068266116,-0.19048154,-0.0074701263,0.97928584,-2.5092437,-21.842216,351.54047,23.39999999999418,1.1423849,1493.8096

-0.0007344982,1.3672496,0.0039209165,-0.068325035,-0.19050851,-0.007531461,0.979276,-2.5183148,-21.844675,351.53174,23.416666666656965,1.1423849,1493.8096

-0.000758407,1.3672123,0.0038830116,-0.06847134,-0.19050428,-0.007663376,0.9792656,-2.5376418,-21.842665,351.5109,23.43333333331975,1.1423849,1493.8096

-0.00078746676,1.3671699,0.003826106,-0.068630636,-0.19042502,-0.0077915895,0.97926885,-2.5560462,-21.831923,351.48907,23.45000000001164,1.1423849,1493.8096

-0.00082085776,1.3671311,0.0037698615,-0.06877563,-0.19034936,-0.007894235,0.97927254,-2.5710585,-21.821854,351.46957,23.466666666674428,1.1423849,1493.8096

-0.00087006897,1.3670951,0.0037326012,-0.068835214,-0.19032143,-0.0079216715,0.97927356,-2.5754774,-21.81821,351.46185,23.483333333337214,1.1423849,1493.8096

-0.0011833087,1.3669422,0.004025189,-0.068782404,-0.19052152,-0.007919125,0.9792384,-2.576016,-21.841646,351.46707,23.5,1.1423849,1493.8096

-0.0013189167,1.3668817,0.0041116104,-0.06878496,-0.19086541,-0.007898237,0.97917145,-2.5771313,-21.88182,351.4651,23.516666666662786,1.1423849,1493.8096

-0.0014096771,1.3668617,0.0041349214,-0.0687566,-0.191227,-0.007865535,0.9791031,-2.5762784,-21.92424,351.467,23.533333333325572,1.1423849,1493.8096

-0.0015051538,1.366867,0.004149843,-0.06868913,-0.19146056,-0.007813511,0.9790626,-2.5708323,-21.95204,351.4749,23.54999999998836,1.1423849,1493.8096

-0.001613617,1.3668951,0.004161224,-0.06859983,-0.19159047,-0.0078061675,0.97904354,-2.5691907,-21.967453,351.48514,23.56666666668025,1.1423849,1493.8096

-0.0017396435,1.3669361,0.00418202,-0.06855838,-0.19159748,-0.0078213755,0.9790449,-2.5701256,-21.968243,351.48978,23.583333333343035,1.1423849,1493.8096

-0.0018820514,1.3669873,0.004219597,-0.068434566,-0.19154969,-0.007823217,0.9790629,-2.5669322,-21.962992,351.5051,23.60000000000582,1.1423849,1493.8096

-0.002209492,1.366894,0.0050917603,-0.06825226,-0.19145085,-0.007833767,0.9790949,-2.5628867,-21.951881,351.52762,23.616666666668607,1.1423849,1493.8096

-0.0024065499,1.3669091,0.005415812,-0.06804092,-0.19150098,-0.0078028645,0.97910005,-2.5546873,-21.958529,351.5537,23.633333333331393,1.1423849,1493.8096

-0.0025633723,1.3669531,0.005567236,-0.06794463,-0.19154377,-0.007812933,0.9790983,-2.554076,-21.963675,351.5649,23.64999999999418,1.1423849,1493.8096

-0.0027088472,1.366999,0.005658904,-0.067866184,-0.19158791,-0.007864371,0.9790947,-2.5589023,-21.96857,351.57297,23.666666666656965,1.1423849,1493.8096

-0.0028560138,1.3670378,0.0057269726,-0.067706466,-0.19158961,-0.007922846,0.979105,-2.5622246,-21.968687,351.591,23.68333333331975,1.1423849,1493.8096

-0.0032706931,1.3669552,0.0064152014,-0.06752392,-0.19156258,-0.008001166,0.9791222,-2.5671146,-21.965351,351.61157,23.70000000001164,1.1423849,1493.8096

-0.0034945556,1.3669225,0.006607406,-0.067468904,-0.19144787,-0.008020855,0.97914827,-2.5670226,-21.951979,351.6185,23.716666666674428,1.1423849,1493.8096

-0.0036505559,1.3668894,0.0066163167,-0.06758631,-0.19122995,-0.008038328,0.9791826,-2.5696642,-21.92617,351.6052,23.733333333337214,1.1423849,1493.8096

-0.003769435,1.3668377,0.006536912,-0.06791298,-0.19104418,-0.008065422,0.9791961,-2.5787113,-21.903467,351.566,23.75,1.1423849,1493.8096

-0.003870455,1.3667743,0.006408222,-0.06826727,-0.19100717,-0.008066356,0.9791786,-2.586768,-21.898218,351.52316,23.766666666662786,1.1423849,1493.8096

-0.00397296,1.366705,0.006258648,-0.06862666,-0.19115792,-0.008045559,0.97912425,-2.5942671,-21.914988,351.47903,23.783333333325572,1.1423849,1493.8096

-0.0045155883,1.3663383,0.0065450147,-0.06880968,-0.19149566,-0.0081565315,0.9790445,-2.6155167,-21.952824,351.45206,23.79999999998836,1.1423849,1493.8096

-0.0047827587,1.3661795,0.0066051595,-0.068814866,-0.19178867,-0.008057783,0.9789876,-2.606761,-21.987757,351.45187,23.81666666668025,1.1423849,1493.8096

-0.0049900836,1.3661022,0.0066344906,-0.0687574,-0.19191976,-0.007888059,0.9789673,-2.5862455,-22.004637,351.46198,23.833333333343035,1.1423849,1493.8096

-0.0051951036,1.3660604,0.006679496,-0.06873216,-0.19190167,-0.0077223056,0.9789739,-2.5654125,-22.004038,351.46906,23.85000000000582,1.1423849,1493.8096

-0.0054066777,1.3660449,0.006742714,-0.06857347,-0.1918992,-0.0075992867,0.9789865,-2.5467575,-22.00523,351.49124,23.866666666668607,1.1423849,1493.8096

-0.0056228912,1.3660553,0.006834561,-0.06829709,-0.19187103,-0.0075403405,0.97901183,-2.5328057,-22.00318,351.5264,23.883333333331393,1.1423849,1493.8096

-0.005833929,1.3660873,0.0069423784,-0.0680564,-0.19176017,-0.0075502535,0.9790502,-2.5271745,-21.990818,351.55612,23.89999999999418,1.1423849,1493.8096

-0.006605305,1.3660829,0.007605791,-0.06790592,-0.19151184,-0.007764232,0.9791076,-2.546945,-21.960478,351.57095,23.916666666656965,1.1423849,1493.8096

-0.006955465,1.3661425,0.0079177525,-0.06776882,-0.19113818,-0.007939554,0.97918874,-2.561072,-21.915861,351.58588,23.93333333331975,1.1423849,1493.8096

-0.0071786046,1.3662359,0.008131562,-0.067468405,-0.19077964,-0.008095997,0.9792781,-2.5692494,-21.8736,351.62097,23.95000000001164,1.1423849,1493.8096

-0.0073628277,1.3663338,0.0083108805,-0.06708162,-0.19058493,-0.008170403,0.979342,-2.5671837,-21.85133,351.66745,23.966666666674428,1.1423849,1493.8096

-0.0075321943,1.3664267,0.008465445,-0.06684456,-0.19051623,-0.008231538,0.979371,-2.5683205,-21.843441,351.69528,23.983333333337214,1.1423849,1493.8096

-0.007695332,1.3665044,0.008600974,-0.06663854,-0.19050367,-0.008243484,0.97938734,-2.5648108,-21.842417,351.72006,24.0,1.1423849,1493.8096

-0.00666031,1.3668005,0.008722724,-0.06642992,-0.1905301,-0.008284634,0.97939605,-2.5651643,-21.845694,351.74432,24.016666666662786,1.1423849,1493.8096

-0.0063784197,1.3669178,0.008817067,-0.06633348,-0.19056852,-0.008265514,0.97939533,-2.5609808,-21.850576,351.75623,24.033333333325572,1.1423849,1493.8096

-0.00632865,1.3669674,0.0088993665,-0.066452324,-0.19057682,-0.008278552,0.97938555,-2.5654256,-21.851122,351.74146,24.04999999998836,1.1423849,1493.8096

-0.006348282,1.3669987,0.008992434,-0.06660559,-0.19052355,-0.008344189,0.9793849,-2.5764122,-21.843967,351.72162,24.06666666668025,1.1423849,1493.8096

-0.0063858777,1.3670282,0.009115662,-0.06655958,-0.19041625,-0.00839608,0.9794085,-2.5805197,-21.83117,351.72668,24.083333333343035,1.1423849,1493.8096

-0.005877711,1.366932,0.009114699,-0.06648338,-0.19034283,-0.008509857,0.9794269,-2.5917447,-21.821873,351.73376,24.10000000000582,1.1423849,1493.8096

-0.005696431,1.3669115,0.009202981,-0.066440195,-0.19015266,-0.008569491,0.97946626,-2.596018,-21.799362,351.7388,24.116666666668607,1.1423849,1493.8096

-0.0056211874,1.3669189,0.009312227,-0.06645272,-0.18996434,-0.008636412,0.9795014,-2.6024923,-21.776861,351.7369,24.133333333331393,1.1423849,1493.8096

-0.0055799186,1.3669306,0.009418821,-0.06642533,-0.1899079,-0.008679547,0.97951376,-2.6064947,-21.770006,351.7396,24.14999999999418,1.1423849,1493.8096

-0.00554545,1.3669411,0.009513956,-0.06640521,-0.19005857,-0.008711258,0.9794857,-2.6113803,-21.787321,351.74036,24.166666666656965,1.1423849,1493.8096

-0.005506009,1.3669571,0.009604266,-0.06642392,-0.1902967,-0.008790329,0.9794375,-2.6237836,-21.814306,351.73474,24.18333333331975,1.1423849,1493.8096

-0.0054548755,1.366981,0.009704202,-0.06641269,-0.19052377,-0.008880943,0.97939324,-2.6367743,-21.839989,351.7326,24.20000000001164,1.1423849,1493.8096

-0.0053162747,1.3669419,0.009524798,-0.06654906,-0.190661,-0.008983448,0.97935635,-2.6537535,-21.854723,351.7128,24.216666666674428,1.1423849,1493.8096

-0.0052260235,1.3669533,0.009553533,-0.06649678,-0.19065939,-0.009014861,0.9793599,-2.656309,-21.854414,351.71844,24.233333333337214,1.1423849,1493.8096

-0.005157687,1.3669876,0.009658711,-0.06623423,-0.19061631,-0.0089956205,0.97938627,-2.647393,-21.850271,351.75104,24.25,1.1423849,1493.8096

-0.005094794,1.367034,0.009777628,-0.06601761,-0.1905722,-0.009037148,0.9794091,-2.6468914,-21.845379,351.77667,24.266666666662786,1.1423849,1493.8096

-0.005026363,1.3670753,0.009871675,-0.06598715,-0.19062701,-0.009121889,0.97939974,-2.656974,-21.851128,351.77805,24.283333333325572,1.1423849,1493.8096

-0.0049373754,1.3670845,0.009729592,-0.06621637,-0.19084908,-0.009179884,0.97934043,-2.6716082,-21.875853,351.74744,24.29999999998836,1.1423849,1493.8096

-0.0048656017,1.3670908,0.009686219,-0.06631779,-0.19122815,-0.009189828,0.97925955,-2.6790433,-21.919598,351.7325,24.31666666668025,1.1423849,1493.8096

-0.0048099384,1.3670902,0.009669349,-0.0663074,-0.19170994,-0.009125715,0.9791667,-2.6759455,-21.976221,351.7322,24.333333333343035,1.1423849,1493.8096

-0.004767582,1.3670819,0.009650966,-0.06635803,-0.19218127,-0.009045717,0.97907156,-2.6722636,-22.0316,351.72495,24.35000000000582,1.1423849,1493.8096

-0.0047345757,1.3670654,0.009631775,-0.06642518,-0.19254297,-0.008958121,0.97899675,-2.6669421,-22.074247,351.71652,24.366666666668607,1.1423849,1493.8096

-0.0047111935,1.3670478,0.009616936,-0.06654393,-0.19270095,-0.008906079,0.9789581,-2.6650739,-22.092749,351.70233,24.383333333331393,1.1423849,1493.8096

-0.0048320964,1.3670049,0.009325247,-0.06676268,-0.19258563,-0.008909133,0.9789659,-2.6694522,-22.07871,351.67636,24.39999999999418,1.1423849,1493.8096

-0.004889816,1.3669653,0.009210808,-0.06690322,-0.19238698,-0.00893549,0.9789951,-2.6739347,-22.054983,351.6599,24.416666666656965,1.1423849,1493.8096

-0.004925452,1.3669376,0.009157386,-0.06683645,-0.19221996,-0.008950025,0.9790323,-2.6723995,-22.035604,351.66876,24.43333333331975,1.1423849,1493.8096

-0.004948102,1.3669187,0.009109417,-0.066786796,-0.19216667,-0.008950336,0.97904617,-2.6707165,-22.029541,351.67514,24.45000000001164,1.1423849,1493.8096

-0.0049649253,1.3669062,0.009056719,-0.06683851,-0.19219051,-0.00893652,0.97903806,-2.6705124,-22.032288,351.669,24.466666666674428,1.1423849,1493.8096

-0.0049806163,1.3668978,0.009000791,-0.06694227,-0.19228883,-0.008921539,0.97901183,-2.6721637,-22.043575,351.65613,24.483333333337214,1.1423849,1493.8096

-0.0049554035,1.3669089,0.008937733,-0.06714927,-0.19241247,-0.008883735,0.9789737,-2.6737628,-22.057716,351.63107,24.5,1.1423849,1493.8096

-0.004979223,1.3669266,0.00891697,-0.06712311,-0.1925671,-0.008793493,0.9789459,-2.663814,-22.076551,351.63535,24.516666666662786,1.1423849,1493.8096

-0.005017452,1.3669555,0.00892161,-0.06683402,-0.1927766,-0.008685535,0.9789254,-2.6460412,-22.102634,351.67172,24.533333333325572,1.1423849,1493.8096

-0.0050629005,1.3669939,0.008931411,-0.0665831,-0.19290084,-0.008632506,0.9789185,-2.634933,-22.118216,351.7027,24.54999999998836,1.1423849,1493.8096

-0.005110281,1.3670366,0.008929148,-0.06654238,-0.19285926,-0.008661243,0.9789292,-2.6370192,-22.113245,351.70728,24.56666666668025,1.1423849,1493.8096

-0.0051635504,1.3670819,0.008925261,-0.066504404,-0.19263153,-0.008735571,0.97897595,-2.6427906,-22.086216,351.71155,24.583333333343035,1.1423849,1493.8096

-0.005228348,1.3671266,0.0089206975,-0.0664368,-0.19230771,-0.008855453,0.9790431,-2.6523948,-22.047705,351.71902,24.60000000000582,1.1423849,1493.8096

-0.0052335686,1.3671906,0.009243501,-0.06633896,-0.19206914,-0.009008153,0.9790952,-2.6661255,-22.01892,351.72885,24.616666666668607,1.1423849,1493.8096

-0.0053004823,1.3672365,0.009356789,-0.06621336,-0.19181433,-0.009133851,0.9791525,-2.6757727,-21.988558,351.7428,24.633333333331393,1.1423849,1493.8096

-0.005389919,1.3672724,0.00938762,-0.066164106,-0.19161397,-0.0092426855,0.97919405,-2.6857393,-21.964464,351.7475,24.64999999999418,1.1423849,1493.8096

-0.0054884157,1.3672976,0.009375012,-0.06622032,-0.19149593,-0.009311243,0.9792127,-2.6941555,-21.949999,351.73984,24.666666666656965,1.1423849,1493.8096

-0.005588015,1.3673218,0.009339541,-0.06629244,-0.19145933,-0.009356004,0.9792145,-2.7008955,-21.945164,351.73022,24.68333333331975,1.1423849,1493.8096

-0.005689492,1.3673494,0.009310324,-0.06627835,-0.19138709,-0.009388689,0.9792293,-2.7037807,-21.936522,351.73166,24.70000000001164,1.1423849,1493.8096

-0.00560086,1.3673294,0.009318022,-0.066356674,-0.19133185,-0.009392412,0.97923476,-2.705511,-21.929848,351.7224,24.716666666674428,1.1423849,1493.8096

-0.0056503788,1.3673639,0.009306598,-0.06641296,-0.19105212,-0.00938122,0.97928566,-2.7026303,-21.897243,351.71762,24.733333333337214,1.1423849,1493.8096

-0.005738174,1.3674275,0.00927096,-0.066374056,-0.19077535,-0.009363277,0.9793424,-2.696729,-21.865303,351.7245,24.75,1.1423849,1493.8096

-0.005831254,1.3675077,0.009222016,-0.06631849,-0.19054595,-0.009334838,0.9793911,-2.6896558,-21.839008,351.73337,24.766666666662786,1.1423849,1493.8096

-0.0059135407,1.3675959,0.0091691,-0.06630332,-0.1903466,-0.00929974,0.9794312,-2.6830342,-21.816153,351.73727,24.783333333325572,1.1423849,1493.8096

-0.005977623,1.3676814,0.0091068,-0.06635254,-0.19021802,-0.009221544,0.9794536,-2.6734293,-21.80172,351.73392,24.79999999998836,1.1423849,1493.8096

-0.0056947023,1.367595,0.009070164,-0.06634613,-0.19010067,-0.009051428,0.9794784,-2.6515326,-21.789516,351.73938,24.81666666668025,1.1423849,1493.8096

-0.005618664,1.3676158,0.009005079,-0.06634193,-0.18998443,-0.008976552,0.9795019,-2.6412091,-21.776636,351.74237,24.833333333343035,1.1423849,1493.8096

-0.005601555,1.367659,0.008923765,-0.06634855,-0.18989305,-0.008945373,0.9795195,-2.6366718,-21.76625,351.74283,24.85000000000582,1.1423849,1493.8096

-0.0055956244,1.3676991,0.008831846,-0.06633466,-0.18981484,-0.008931622,0.97953576,-2.6338947,-21.757309,351.74536,24.866666666668607,1.1423849,1493.8096

-0.0055848113,1.3677276,0.008734664,-0.066355705,-0.18968606,-0.008951083,0.97955906,-2.635434,-21.742107,351.74313,24.883333333331393,1.1423849,1493.8096

-0.005144857,1.3674868,0.008596085,-0.066549726,-0.1896452,-0.009067501,0.97955275,-2.653604,-21.735851,351.71716,24.89999999999418,1.1423849,1493.8096

-0.0049412996,1.3674006,0.008456608,-0.06672372,-0.18959796,-0.009215027,0.9795487,-2.6749973,-21.72864,351.69293,24.916666666656965,1.1423849,1493.8096

-0.0048024803,1.3673615,0.0083135385,-0.06691516,-0.18958782,-0.009361002,0.9795362,-2.6969843,-21.725698,351.66638,24.93333333331975,1.1423849,1493.8096

-0.0046790615,1.3673413,0.008174302,-0.06710572,-0.18956704,-0.009513611,0.97952574,-2.7196412,-21.721464,351.63986,24.95000000001164,1.1423849,1493.8096

-0.004560078,1.367325,0.008039102,-0.06718499,-0.18951902,-0.009625468,0.9795284,-2.734504,-21.714703,351.628,24.966666666674428,1.1423849,1493.8096

-0.004441207,1.367307,0.00791356,-0.06726705,-0.18936136,-0.009722213,0.9795524,-2.7464755,-21.695316,351.6168,24.983333333337214,1.1423849,1493.8096

-0.0043100715,1.3672899,0.007776398,-0.06749573,-0.18928477,-0.009826749,0.9795504,-2.7636235,-21.684872,351.58713,25.0,1.1423849,1493.8096

-0.0041634515,1.3672673,0.0077882707,-0.06766034,-0.18936254,-0.009915784,0.9795232,-2.7790053,-21.69269,351.5646,25.016666666662786,1.1423849,1493.8096

-0.0040091276,1.3672587,0.0076996163,-0.067634955,-0.18958727,-0.00995147,0.97948104,-2.7850544,-21.718586,351.5654,25.033333333325572,1.1423849,1493.8096

-0.0038467473,1.367254,0.007560849,-0.067699894,-0.18983215,-0.009960624,0.97942907,-2.7902133,-21.7468,351.55573,25.04999999998836,1.1423849,1493.8096

-0.0036881766,1.3672589,0.007404266,-0.06785891,-0.19000582,-0.009999028,0.979384,-2.800367,-21.766214,351.5344,25.06666666668025,1.1423849,1493.8096

-0.0035423934,1.3672725,0.0072566327,-0.06801995,-0.19013974,-0.010048014,0.97934633,-2.8114405,-21.780905,351.51285,25.083333333343035,1.1423849,1493.8096

-0.0035309792,1.3672417,0.007563416,-0.068016544,-0.1902441,-0.00997923,0.97932696,-2.8041406,-21.793646,351.51416,25.10000000000582,1.1423849,1493.8096

-0.0034825478,1.3672508,0.0076201204,-0.06795069,-0.19045685,-0.009918281,0.9792908,-2.7974572,-21.819103,351.5222,25.116666666668607,1.1423849,1493.8096

-0.0034336573,1.3672688,0.0075997952,-0.067945495,-0.19073291,-0.009835738,0.9792383,-2.7902403,-21.85194,351.52292,25.133333333331393,1.1423849,1493.8096

-0.0034027074,1.3672817,0.00756824,-0.06802705,-0.19095016,-0.009714563,0.9791915,-2.7797747,-21.87802,351.5144,25.14999999999418,1.1423849,1493.8096

-0.003383418,1.3672911,0.007530095,-0.06809315,-0.19118084,-0.009564584,0.9791433,-2.7656069,-21.90596,351.50836,25.166666666656965,1.1423849,1493.8096

-0.0033806835,1.3673021,0.007493429,-0.068061665,-0.19140649,-0.009372478,0.9791033,-2.7439961,-21.93396,351.5152,25.18333333331975,1.1423849,1493.8096

-0.0034034401,1.3672359,0.0074347276,-0.06797142,-0.1916218,-0.009224065,0.9790689,-2.7261689,-21.96054,351.52823,25.20000000001164,1.1423849,1493.8096

-0.003431417,1.3672184,0.0073712748,-0.06803115,-0.19178762,-0.0090992395,0.9790334,-2.7142093,-21.98074,351.52283,25.216666666674428,1.1423849,1493.8096

-0.0034706495,1.3672149,0.007304255,-0.06811407,-0.1918992,-0.009013184,0.9790066,-2.7069218,-21.994236,351.51404,25.233333333337214,1.1423849,1493.8096

-0.0035182163,1.3672152,0.0072214995,-0.06823117,-0.19198376,-0.0089757275,0.9789822,-2.7060401,-22.004074,351.50012,25.25,1.1423849,1493.8096

-0.0035765741,1.3672128,0.007110687,-0.06839153,-0.19208238,-0.00893447,0.97895205,-2.7058697,-22.015463,351.48093,25.266666666662786,1.1423849,1493.8096

-0.003650499,1.367209,0.006985059,-0.068492964,-0.19216408,-0.008861933,0.9789296,-2.70035,-22.025316,351.46976,25.283333333325572,1.1423849,1493.8096

-0.0037115365,1.3671778,0.0067760255,-0.06855932,-0.19218095,-0.008790744,0.97892225,-2.6934845,-22.027714,351.46326,25.29999999998836,1.1423849,1493.8096

-0.0038051158,1.3671553,0.006632639,-0.068806715,-0.19210292,-0.00869571,0.9789211,-2.6870205,-22.018785,351.4359,25.31666666668025,1.1423849,1493.8096

-0.0039137057,1.3671445,0.0065036677,-0.06908082,-0.19204092,-0.008592464,0.97891486,-2.6803591,-22.011723,351.4054,25.333333333343035,1.1423849,1493.8096

-0.004040003,1.3671433,0.0063822623,-0.06918774,-0.19199456,-0.008446146,0.97891766,-2.6647,-22.007318,351.39615,25.35000000000582,1.1423849,1493.8096

-0.0041817403,1.3671522,0.0062829815,-0.06915734,-0.19186613,-0.008276787,0.97894645,-2.6421459,-21.99394,351.4046,25.366666666668607,1.1423849,1493.8096

-0.0043332824,1.3671595,0.006212784,-0.06920545,-0.19159508,-0.008105311,0.9789975,-2.619694,-21.963778,351.40448,25.383333333331393,1.1423849,1493.8096

-0.004462918,1.3673064,0.0059786625,-0.06936779,-0.19128847,-0.008033625,0.97904664,-2.6116264,-21.928307,351.3884,25.39999999999418,1.1423849,1493.8096

-0.0046100095,1.3673679,0.005907554,-0.06943911,-0.19109894,-0.007934976,0.97907937,-2.599385,-21.906935,351.38324,25.416666666656965,1.1423849,1493.8096

-0.004762575,1.3674055,0.005891228,-0.06939434,-0.19109663,-0.00784588,0.9790837,-2.587538,-21.907566,351.39078,25.43333333331975,1.1423849,1493.8096

-0.004918985,1.367432,0.0059080366,-0.06926346,-0.1911446,-0.0077425796,0.97908443,-2.5724761,-21.914394,351.40878,25.45000000001164,1.1423849,1493.8096

-0.0050769597,1.3674589,0.0059459805,-0.06916859,-0.19112597,-0.0076441686,0.9790956,-2.558153,-21.913336,351.42273,25.466666666674428,1.1423849,1493.8096

-0.0052342787,1.3674893,0.006003022,-0.06907296,-0.19096951,-0.0075883167,0.97913325,-2.547519,-21.89587,351.4366,25.483333333337214,1.1423849,1493.8096

-0.005295592,1.3675402,0.0059932955,-0.068947755,-0.19068451,-0.007690072,0.97919685,-2.553907,-21.86216,351.45126,25.5,1.1423849,1493.8096

-0.0054070503,1.3675885,0.006066302,-0.068887174,-0.1902386,-0.007799039,0.97928697,-2.5610135,-21.809505,351.45892,25.516666666662786,1.1423849,1493.8096

-0.005534326,1.3676465,0.0061687976,-0.06873957,-0.18978164,-0.007900855,0.9793852,-2.5651174,-21.75586,351.47736,25.533333333325572,1.1423849,1493.8096

-0.005659789,1.3677018,0.0062754042,-0.0685105,-0.18942107,-0.007952961,0.9794706,-2.5623384,-21.714079,351.50623,25.54999999998836,1.1423849,1493.8096

-0.00577678,1.367754,0.006367715,-0.0683774,-0.189172,-0.007991778,0.9795277,-2.561358,-21.685125,351.52304,25.56666666668025,1.1423849,1493.8096

-0.0058875135,1.3678027,0.006451646,-0.068305776,-0.1890277,-0.00802143,0.9795603,-2.5617871,-21.668276,351.53198,25.583333333343035,1.1423849,1493.8096

-0.0057385266,1.3678831,0.0066659767,-0.06823776,-0.18888041,-0.00808289,0.979593,-2.5661118,-21.6508,351.53973,25.60000000000582,1.1423849,1493.8096

-0.005729221,1.3679281,0.0068226755,-0.06815786,-0.18881695,-0.008097866,0.9796107,-2.5654135,-21.6435,351.54947,25.616666666668607,1.1423849,1493.8096

-0.00576332,1.3679571,0.0069711115,-0.06798189,-0.18879482,-0.008066664,0.97962743,-2.5573397,-21.641653,351.57166,25.633333333331393,1.1423849,1493.8096

-0.005805686,1.3679776,0.0071147736,-0.06774735,-0.18879378,-0.008042927,0.9796441,-2.5490253,-21.642345,351.60068,25.64999999999418,1.1423849,1493.8096

-0.0058403537,1.3679827,0.0072286334,-0.06757068,-0.18883975,-0.008027727,0.9796475,-2.5435636,-21.648283,351.6222,25.666666666656965,1.1423849,1493.8096

-0.0058617964,1.367969,0.007299654,-0.0675338,-0.18889138,-0.008018671,0.9796402,-2.542141,-21.654457,351.62656,25.68333333331975,1.1423849,1493.8096

-0.0058705336,1.3679445,0.0073319394,-0.06758578,-0.18895434,-0.008013913,0.9796245,-2.5434144,-21.661686,351.61996,25.70000000001164,1.1423849,1493.8096

-0.0059419996,1.367823,0.007200321,-0.0676303,-0.18912025,-0.008046508,0.97958916,-2.550078,-21.680586,351.6128,25.716666666674428,1.1423849,1493.8096

-0.005965695,1.3677564,0.007159373,-0.06771417,-0.18909132,-0.008063161,0.9795888,-2.5537415,-21.676863,351.60242,25.733333333337214,1.1423849,1493.8096

-0.005969405,1.3677038,0.0071386117,-0.06782992,-0.1890439,-0.008075572,0.9795899,-2.5574422,-21.670938,351.58835,25.75,1.1423849,1493.8096

-0.0059613413,1.3676593,0.0071280356,-0.0678692,-0.189048,-0.00808372,0.9795863,-2.55938,-21.671246,351.5834,25.766666666662786,1.1423849,1493.8096

-0.005951638,1.3676147,0.007134663,-0.067931496,-0.18906689,-0.008069681,0.9795784,-2.5593257,-21.673395,351.57605,25.783333333325572,1.1423849,1493.8096

-0.0059506893,1.3675684,0.0071743447,-0.067975074,-0.18902963,-0.007992557,0.9795832,-2.5506425,-21.669611,351.57275,25.79999999998836,1.1423849,1493.8096

-0.0060124346,1.3674963,0.0070065428,-0.06797478,-0.18903159,-0.007944194,0.9795832,-2.5448163,-21.670254,351.57388,25.81666666668025,1.1423849,1493.8096

-0.006017556,1.3674335,0.0070140436,-0.067877,-0.18907706,-0.007817447,0.9795823,-2.5277064,-21.676884,351.58838,25.833333333343035,1.1423849,1493.8096

-0.0059936643,1.3673757,0.0070861187,-0.067721665,-0.1891651,-0.007648287,0.97957736,-2.504569,-21.688965,351.6106,25.85000000000582,1.1423849,1493.8096

-0.005942188,1.3673201,0.0071609486,-0.06756848,-0.1893603,-0.007468139,0.9795516,-2.4812386,-21.713593,351.63214,25.866666666668607,1.1423849,1493.8096

-0.0058636516,1.3672698,0.007217316,-0.067396566,-0.18960196,-0.0073355404,0.9795177,-2.4636726,-21.74326,351.6546,25.883333333331393,1.1423849,1493.8096

-0.0058150566,1.3673944,0.0069812536,-0.06722147,-0.18982798,-0.0072844997,0.97948635,-2.4557118,-21.770422,351.67566,25.89999999999418,1.1423849,1493.8096

-0.0057072267,1.3674078,0.006895704,-0.06726326,-0.18997514,-0.007289958,0.9794549,-2.4588375,-21.787388,351.66956,25.916666666656965,1.1423849,1493.8096

-0.0055747307,1.3673835,0.0068482384,-0.06744497,-0.19003431,-0.0073240576,0.97943074,-2.4678035,-21.793528,351.64633,25.93333333331975,1.1423849,1493.8096

-0.0054337806,1.3673401,0.006813651,-0.06765716,-0.1900173,-0.0073533137,0.9794191,-2.4761238,-21.790762,351.62,25.95000000001164,1.1423849,1493.8096

-0.0052908137,1.3672817,0.0067827795,-0.06788218,-0.18998075,-0.0073614744,0.9794106,-2.481994,-21.785873,351.5927,25.966666666674428,1.1423849,1493.8096

-0.00514704,1.36722,0.006775044,-0.067947745,-0.18991897,-0.0073470287,0.9794181,-2.4811482,-21.778645,351.58548,25.983333333337214,1.1423849,1493.8096

-0.005234649,1.3671589,0.0065970384,-0.067788474,-0.1898243,-0.0073733157,0.97944736,-2.479638,-21.76781,351.6048,26.0,1.1423849,1493.8096

-0.005171515,1.3671061,0.0065662228,-0.06764119,-0.18972534,-0.007414277,0.9794764,-2.4801416,-21.756325,351.6223,26.016666666662786,1.1423849,1493.8096

-0.0050545707,1.3670602,0.006573122,-0.067567766,-0.18956447,-0.0074712145,0.97951216,-2.48367,-21.737314,351.6309,26.033333333325572,1.1423849,1493.8096

-0.004911199,1.3670115,0.006573692,-0.0674694,-0.18942808,-0.007519247,0.97954494,-2.4857943,-21.721289,351.64258,26.04999999998836,1.1423849,1493.8096

-0.0047481186,1.3669533,0.0065534655,-0.06737976,-0.18937811,-0.0075418106,0.9795606,-2.4859252,-21.715515,351.65326,26.06666666668025,1.1423849,1493.8096

-0.0045660934,1.3668816,0.0065099746,-0.06739402,-0.18942031,-0.0075167404,0.9795517,-2.4836574,-21.720602,351.65182,26.083333333343035,1.1423849,1493.8096

-0.0043679453,1.3668063,0.0064597595,-0.06748517,-0.18948117,-0.00749635,0.9795338,-2.483935,-21.727621,351.64087,26.10000000000582,1.1423849,1493.8096

-0.0046454594,1.3666458,0.006661389,-0.06764853,-0.1894962,-0.0075221355,0.97951937,-2.4910073,-21.728735,351.62033,26.116666666668607,1.1423849,1493.8096

-0.0045884103,1.3665425,0.006689051,-0.067771114,-0.18950067,-0.0075941016,0.97950953,-2.5026004,-21.728329,351.60376,26.133333333331393,1.1423849,1493.8096

-0.004418733,1.3664567,0.0066603776,-0.06785894,-0.18951967,-0.0076775113,0.9794991,-2.5149152,-21.729599,351.59106,26.14999999999418,1.1423849,1493.8096

-0.0042106956,1.3663814,0.00661977,-0.0678396,-0.18956128,-0.0077799996,0.9794916,-2.5272696,-21.733612,351.5908,26.166666666656965,1.1423849,1493.8096

-0.003990685,1.3662994,0.0065912455,-0.06778294,-0.1895147,-0.007854895,0.9795039,-2.5345194,-21.727701,351.59622,26.18333333331975,1.1423849,1493.8096

-0.0043019354,1.3662608,0.006593149,-0.067658745,-0.18928297,-0.007916031,0.9795568,-2.5366445,-21.70055,351.61133,26.20000000001164,1.1423849,1493.8096

-0.004262477,1.3661857,0.006589517,-0.06753707,-0.18898286,-0.008010658,0.9796224,-2.542182,-21.665157,351.6258,26.216666666674428,1.1423849,1493.8096

-0.0040932,1.3660929,0.0065591056,-0.06755699,-0.18874852,-0.008123909,0.9796652,-2.5539286,-21.636887,351.62222,26.233333333337214,1.1423849,1493.8096

-0.0038686395,1.365999,0.0064843073,-0.067732945,-0.1887009,-0.008278684,0.979661,-2.5762045,-21.629568,351.5976,26.25,1.1423849,1493.8096

-0.0036249682,1.3659114,0.006389128,-0.067869335,-0.18877673,-0.008401235,0.9796359,-2.5949376,-21.636978,351.57776,26.266666666662786,1.1423849,1493.8096

-0.0033797696,1.3658313,0.006302893,-0.06784117,-0.18885502,-0.008458243,0.9796223,-2.601971,-21.64567,351.5794,26.283333333325572,1.1423849,1493.8096

-0.0039949343,1.3662089,0.005905861,-0.06773102,-0.18887421,-0.008381534,0.97962683,-2.5903528,-21.648848,351.5944,26.29999999998836,1.1423849,1493.8096

-0.004092306,1.3663076,0.0057376996,-0.067705534,-0.18875344,-0.008364378,0.97965205,-2.586453,-21.63502,351.59863,26.31666666668025,1.1423849,1493.8096

-0.004021935,1.3663079,0.0056384206,-0.06771226,-0.1886812,-0.008343427,0.97966564,-2.58334,-21.62678,351.59875,26.333333333343035,1.1423849,1493.8096

-0.0038820184,1.3662658,0.0055506155,-0.06766553,-0.18876769,-0.008276046,0.9796528,-2.5750072,-21.637535,351.60544,26.35000000000582,1.1423849,1493.8096

-0.0037038648,1.3662096,0.0054520164,-0.06759917,-0.18894985,-0.008249425,0.9796225,-2.5721166,-21.659119,351.61295,26.366666666668607,1.1423849,1493.8096

-0.0035150573,1.3661462,0.005337419,-0.0676314,-0.18902627,-0.0082709165,0.9796054,-2.5762413,-21.667738,351.6081,26.383333333331393,1.1423849,1493.8096

-0.0039473847,1.3662628,0.0054569263,-0.067696236,-0.18880013,-0.008176025,0.97964525,-2.5639753,-21.64208,351.6038,26.39999999999418,1.1423849,1493.8096

-0.004015719,1.366277,0.005383972,-0.06790195,-0.18847623,-0.008241495,0.9796929,-2.5733266,-21.60332,351.57935,26.416666666656965,1.1423849,1493.8096

-0.003959015,1.3662533,0.005226396,-0.06814321,-0.1881474,-0.0083731245,0.9797382,-2.5914125,-21.56332,351.5491,26.43333333331975,1.1423849,1493.8096

-0.0038530726,1.366213,0.005033396,-0.068377875,-0.18783914,-0.00853638,0.9797796,-2.613348,-21.525452,351.51886,26.45000000001164,1.1423849,1493.8096

-0.0037193648,1.3661683,0.0048252456,-0.06874252,-0.18754707,-0.0087173125,0.9798084,-2.6405468,-21.488956,351.47235,26.466666666674428,1.1423849,1493.8096

-0.0035719872,1.3661288,0.004626127,-0.069137625,-0.18726428,-0.008893987,0.9798331,-2.6679895,-21.45348,351.4222,26.483333333337214,1.1423849,1493.8096

-0.0034234598,1.3660967,0.004440179,-0.069401056,-0.18706442,-0.009030765,0.9798515,-2.6884356,-21.428337,351.38846,26.5,1.1423849,1493.8096

-0.0038257588,1.3663923,0.004547367,-0.069705635,-0.18697917,-0.009012921,0.97984624,-2.6923695,-21.41775,351.35248,26.516666666662786,1.1423849,1493.8096

-0.0039158165,1.3665023,0.0044953283,-0.06996142,-0.18697707,-0.009034919,0.97982824,-2.7008593,-21.416609,351.32098,26.533333333325572,1.1423849,1493.8096

-0.0039191023,1.3665671,0.004407132,-0.070102155,-0.18704003,-0.009023302,0.97980624,-2.7033494,-21.423637,351.3038,26.54999999998836,1.1423849,1493.8096

-0.003908165,1.3666332,0.0043163,-0.07019354,-0.18709825,-0.008986046,0.9797889,-2.7015681,-21.430481,351.29318,26.56666666668025,1.1423849,1493.8096

-0.00391,1.366724,0.004239669,-0.0701581,-0.18707575,-0.008928205,0.9797963,-2.6935434,-21.428478,351.29892,26.583333333343035,1.1423849,1493.8096

-0.0039358884,1.3668436,0.0041803233,-0.070077114,-0.1869483,-0.008842956,0.9798272,-2.6800616,-21.41464,351.3115,26.60000000000582,1.1423849,1493.8096

-0.0042159683,1.3669667,0.004217077,-0.07012338,-0.18670322,-0.008710343,0.9798718,-2.6625464,-21.387205,351.31046,26.616666666668607,1.1423849,1493.8096

-0.004378145,1.3671365,0.004204845,-0.070280276,-0.18635938,-0.008567684,0.97992724,-2.645308,-21.348083,351.29684,26.633333333331393,1.1423849,1493.8096

-0.004514329,1.3673445,0.004175879,-0.070374474,-0.18605383,-0.008360479,0.97998035,-2.6192622,-21.31416,351.29208,26.64999999999418,1.1423849,1493.8096

-0.004648452,1.3675771,0.0041528605,-0.070285685,-0.18589048,-0.008037083,0.9800204,-2.5765524,-21.298275,351.31113,26.666666666656965,1.1423849,1493.8096

-0.0047930977,1.3678193,0.0041436777,-0.070052944,-0.1858743,-0.0076180687,0.98004353,-2.5205936,-21.300692,351.34888,26.68333333331975,1.1423849,1493.8096

-0.0049555153,1.3680507,0.0041449927,-0.06969666,-0.18592769,-0.007162304,0.98006225,-2.458112,-21.311798,351.40198,26.70000000001164,1.1423849,1493.8096

-0.0049296543,1.368083,0.0041721854,-0.06948547,-0.18608661,-0.006747494,0.98004997,-2.4049475,-21.334408,351.43597,26.716666666674428,1.1423849,1493.8096

-0.0050334036,1.368191,0.00415536,-0.069378234,-0.18623495,-0.0064693745,0.98003125,-2.370504,-21.354326,351.45435,26.733333333337214,1.1423849,1493.8096

-0.0051617646,1.3682939,0.00412832,-0.069153324,-0.18638152,-0.0062406673,0.9800208,-2.3392966,-21.373886,351.4859,26.75,1.1423849,1493.8096

-0.005280666,1.3683727,0.0040889103,-0.06915164,-0.1864405,-0.0061023873,0.98001057,-2.3231907,-21.381943,351.4889,26.766666666662786,1.1423849,1493.8096

-0.005387043,1.3684192,0.0040653143,-0.06921681,-0.18623875,-0.0060631004,0.98004454,-2.3178825,-21.358679,351.48306,26.783333333325572,1.1423849,1493.8096

-0.0054717287,1.3684379,0.0040417947,-0.069269806,-0.18592723,-0.0061372584,0.98009956,-2.3248448,-21.321705,351.47684,26.79999999998836,1.1423849,1493.8096

-0.005214058,1.3682388,0.0036055166,-0.06945485,-0.18568687,-0.006249699,0.98013127,-2.3401496,-21.292353,351.45328,26.81666666668025,1.1423849,1493.8096

-0.005127415,1.3681245,0.0033804365,-0.06965389,-0.18554942,-0.006399209,0.98014224,-2.3612816,-21.274603,351.42667,26.833333333343035,1.1423849,1493.8096

-0.0050772876,1.3680228,0.0031900648,-0.06988643,-0.1854633,-0.006593588,0.9801407,-2.3890994,-21.262331,351.3946,26.85000000000582,1.1423849,1493.8096

-0.005022362,1.3679112,0.0029714722,-0.07037989,-0.18536472,-0.006846608,0.98012227,-2.4297686,-21.247444,351.32974,26.866666666668607,1.1423849,1493.8096

-0.0049639097,1.367797,0.0027327556,-0.07102626,-0.18515573,-0.007131995,0.9801131,-2.4766226,-21.219015,351.24634,26.883333333331393,1.1423849,1493.8096

-0.0049152225,1.3676897,0.0025007613,-0.07163835,-0.18483543,-0.007369386,0.9801273,-2.515688,-21.17813,351.16888,26.89999999999418,1.1423849,1493.8096

-0.004546667,1.3677995,0.0017050056,-0.072182015,-0.1844914,-0.007479711,0.98015136,-2.537592,-21.13577,351.10272,26.916666666656965,1.1423849,1493.8096

-0.004434397,1.3678067,0.0013566875,-0.07264261,-0.1841836,-0.007517222,0.98017496,-2.5491939,-21.098488,351.04807,26.93333333331975,1.1423849,1493.8096

-0.0044221976,1.3678035,0.0011859479,-0.07303287,-0.18402827,-0.007491604,0.9801753,-2.5532262,-21.079666,351.00238,26.95000000001164,1.1423849,1493.8096

-0.004466377,1.3678129,0.0011083577,-0.07323342,-0.18413098,-0.007386445,0.9801419,-2.5461986,-21.092033,350.97983,26.966666666674428,1.1423849,1493.8096

-0.0045490735,1.3678323,0.0010995007,-0.07319999,-0.18439862,-0.0072122985,0.9800953,-2.527383,-21.1248,350.98605,26.983333333337214,1.1423849,1493.8096

-0.0044437423,1.3681144,0.00080782734,-0.07312675,-0.18461968,-0.0070518856,0.98006034,-2.50881,-21.15213,350.9971,27.0,1.1423849,1493.8096

-0.0044658384,1.368209,0.0007311757,-0.07309055,-0.18478508,-0.0069253193,0.9800328,-2.4945407,-21.17259,351.0033,27.016666666662786,1.1423849,1493.8096

-0.0045072115,1.368225,0.0006898697,-0.07325659,-0.18481252,-0.006916215,0.9800153,-2.4974978,-21.175438,350.98322,27.033333333325572,1.1423849,1493.8096

-0.0045364127,1.3681989,0.0006320551,-0.073663436,-0.18463777,-0.007050284,0.98001677,-2.5209417,-21.152868,350.93204,27.04999999998836,1.1423849,1493.8096

-0.004550658,1.3681448,0.00054624304,-0.07435519,-0.18424952,-0.0073283906,0.98003554,-2.5657818,-21.10341,350.84454,27.06666666668025,1.1420283,1494.3953

-0.0045661256,1.3680815,0.00046189874,-0.07511804,-0.1837342,-0.0076790377,0.9800714,-2.619443,-21.038279,350.74774,27.083333333343035,1.1423849,1493.8096

-0.0042543337,1.3680232,0.00030941516,-0.07546393,-0.1831524,-0.007981734,0.98015136,-2.6571264,-20.966957,350.70294,27.10000000000582,1.1423849,1493.8096

-0.0042052716,1.3679805,0.00026457384,-0.075644135,-0.18266012,-0.008257446,0.98022705,-2.6887996,-20.906717,350.67828,27.116666666668607,1.1423849,1493.8096

-0.004269086,1.3679401,0.0002725348,-0.07590673,-0.18230939,-0.008521967,0.98026973,-2.7225106,-20.862778,350.643,27.133333333331393,1.1423849,1493.8096

-0.0043921173,1.3679066,0.00030767545,-0.07620852,-0.18222632,-0.008742045,0.98025984,-2.7547326,-20.850199,350.60223,27.14999999999418,1.1423849,1493.8096

-0.0045567527,1.3678844,0.00036729872,-0.076395005,-0.18239465,-0.00886931,0.9802129,-2.7760763,-20.867992,350.57574,27.166666666656965,1.1423849,1493.8096

-0.00474826,1.3678778,0.0004560017,-0.076459736,-0.18266329,-0.008896182,0.98015755,-2.7837918,-20.898726,350.56552,27.18333333331975,1.1423849,1493.8096

-0.0048321113,1.3684269,-6.911531e-05,-0.07659212,-0.18301217,-0.008899842,0.98008215,-2.7911475,-20.938805,350.54712,27.20000000001164,1.1423849,1493.8096

-0.004999625,1.3686411,-0.0001557731,-0.076553784,-0.18324722,-0.008826739,0.98004186,-2.7841744,-20.966894,350.5518,27.216666666674428,1.1423849,1493.8096

-0.0051989504,1.3687503,-0.0001091958,-0.07651672,-0.18331546,-0.008716382,0.980033,-2.7708526,-20.975977,350.55823,27.233333333337214,1.1423849,1493.8096

-0.0053967885,1.3688337,-6.1124476e-05,-0.07651844,-0.18326004,-0.008651751,0.98004377,-2.7624917,-20.970161,350.55984,27.25,1.1423849,1493.8096

-0.005575314,1.3689111,-5.9701502e-05,-0.07652862,-0.18311766,-0.008659618,0.9800695,-2.7620497,-20.95353,350.5594,27.266666666662786,1.1423849,1493.8096

-0.0057348334,1.3689823,-0.000116821466,-0.076707095,-0.18297875,-0.008708906,0.9800811,-2.7703853,-20.936432,350.53763,27.283333333325572,1.1423849,1493.8096

-0.0058890283,1.3690495,-0.00020968542,-0.077020265,-0.18293774,-0.008744154,0.98006386,-2.78115,-20.930447,350.49924,27.29999999998836,1.1423849,1493.8096

-0.006057454,1.36947,-0.00085735886,-0.07716317,-0.18286593,-0.008804306,0.98006546,-2.79075,-20.921125,350.4811,27.31666666668025,1.1423849,1493.8096

-0.006216906,1.3696506,-0.0010674521,-0.077223435,-0.18282516,-0.008711073,0.98006916,-2.7804236,-20.917128,350.47617,27.333333333343035,1.1423849,1493.8096

-0.0063819564,1.369761,-0.0011085345,-0.0771487,-0.18284425,-0.008526208,0.98007315,-2.7567554,-20.921339,350.48914,27.35000000000582,1.1423849,1493.8096

-0.006560497,1.369849,-0.001069965,-0.07702102,-0.18288241,-0.008306766,0.9800779,-2.7279649,-20.928244,350.50916,27.366666666668607,1.1423849,1493.8096

-0.0067470595,1.3699311,-0.0010079518,-0.0770095,-0.18297343,-0.008136788,0.98006326,-2.7083125,-20.940475,350.5137,27.383333333331393,1.1423849,1493.8096

-0.0069859475,1.370398,-0.00206751,-0.07716408,-0.1831626,-0.008108958,0.980016,-2.7105775,-20.962273,350.49435,27.39999999999418,1.1423849,1493.8096

-0.0071706153,1.3705978,-0.0023791492,-0.07724761,-0.18338877,-0.008049781,0.97996765,-2.7079127,-20.988865,350.48407,27.416666666656965,1.1423849,1493.8096

-0.007349707,1.3707184,-0.0024424084,-0.077225,-0.18359375,-0.007966988,0.9799317,-2.6997905,-21.013515,350.48724,27.43333333331975,1.1423849,1493.8096

-0.0075263456,1.3708105,-0.0024233162,-0.077191465,-0.1837076,-0.007883156,0.97991365,-2.6902559,-21.02763,350.49243,27.45000000001164,1.1423849,1493.8096

-0.0076918453,1.3708919,-0.0023781247,-0.07725179,-0.18369451,-0.007862625,0.97991157,-2.6889923,-21.026146,350.48566,27.466666666674428,1.1423849,1493.8096

-0.0078497855,1.3709736,-0.0023111552,-0.07733885,-0.18356274,-0.007892523,0.9799291,-2.6930368,-21.010323,350.47534,27.483333333337214,1.1423849,1493.8096

-0.008005276,1.3710637,-0.0022158027,-0.07728698,-0.18338116,-0.00792993,0.97996694,-2.6942987,-20.989029,350.482,27.5,1.1423849,1493.8096

-0.007876021,1.3712496,-0.0034308434,-0.07711904,-0.18308917,-0.007934554,0.9800347,-2.687768,-20.955557,350.50415,27.516666666662786,1.1423849,1493.8096

-0.007948391,1.3713825,-0.0037491396,-0.07697575,-0.18278588,-0.007995704,0.98010206,-2.68847,-20.92016,350.52216,27.533333333325572,1.1423849,1493.8096

-0.008086346,1.3715029,-0.003795512,-0.07696134,-0.18251652,-0.008126915,0.9801523,-2.700859,-20.887676,350.52277,27.54999999998836,1.1423849,1493.8096

-0.008238345,1.3716209,-0.0037678368,-0.076943696,-0.182307,-0.00826877,0.9801915,-2.7151327,-20.862047,350.5232,27.56666666668025,1.1423849,1493.8096

-0.0083885165,1.3717356,-0.003724711,-0.07694148,-0.1821938,-0.008329367,0.9802122,-2.721079,-20.848333,350.5229,27.583333333343035,1.1423849,1493.8096

-0.008536507,1.3718563,-0.003673641,-0.07690332,-0.18220764,-0.008298788,0.9802129,-2.7167134,-20.850342,350.52808,27.60000000000582,1.1423849,1493.8096

-0.008405015,1.3722414,-0.0043188483,-0.076781295,-0.18231177,-0.008231945,0.9802037,-2.7071486,-20.863401,350.54358,27.616666666668607,1.1423849,1493.8096

-0.008437969,1.3724641,-0.004469283,-0.07665419,-0.18255104,-0.008118486,0.9801701,-2.6933923,-20.89261,350.5599,27.633333333331393,1.1423849,1493.8096

-0.008526844,1.3726428,-0.0044568926,-0.07661628,-0.18274586,-0.008056047,0.9801372,-2.687246,-20.915922,350.56458,27.64999999999418,1.1423849,1493.8096

-0.0086407885,1.3728162,-0.004369449,-0.07658329,-0.18282998,-0.008025219,0.98012435,-2.683755,-20.926071,350.56866,27.666666666656965,1.1423849,1493.8096

-0.00876148,1.3729961,-0.0042451173,-0.076525435,-0.18287678,-0.008011883,0.98012024,-2.6813889,-20.93179,350.57565,27.68333333331975,1.1423849,1493.8096

-0.008879356,1.3731768,-0.004117023,-0.07639998,-0.18299176,-0.008005511,0.9801087,-2.6791172,-20.94554,350.59024,27.70000000001164,1.1423849,1493.8096

-0.0076681054,1.3723952,-0.002855841,-0.07618261,-0.18308842,-0.008140682,0.9801064,-2.6915963,-20.956062,350.6129,27.716666666674428,1.1423849,1493.8096

-0.007328272,1.3722378,-0.002350662,-0.07604076,-0.1831204,-0.008250597,0.9801105,-2.701998,-20.959116,350.62744,27.733333333337214,1.1423849,1493.8096

-0.00728181,1.3722839,-0.002086684,-0.076008685,-0.18304895,-0.008406248,0.980125,-2.7191894,-20.94943,350.62833,27.75,1.1423849,1493.8096

-0.0073368377,1.3723887,-0.0018876082,-0.07607753,-0.18292569,-0.008562373,0.9801414,-2.7381074,-20.933445,350.61737,27.766666666662786,1.1423849,1493.8096

-0.007436119,1.3725076,-0.0016875789,-0.07599535,-0.1828651,-0.008665901,0.98015815,-2.748034,-20.925655,350.62546,27.783333333325572,1.1423849,1493.8096

-0.006858699,1.3718042,-0.0014027581,-0.075879455,-0.18276478,-0.008761038,0.980185,-2.7557535,-20.913433,350.63803,27.79999999998836,1.1423849,1493.8096

-0.006746359,1.3716122,-0.0011806339,-0.075936474,-0.18269506,-0.008805587,0.98019314,-2.761595,-20.904758,350.6306,27.81666666668025,1.1423849,1493.8096

-0.0067876205,1.3715822,-0.0009730272,-0.07608909,-0.18262994,-0.008802266,0.98019344,-2.7638648,-20.896801,350.61267,27.833333333343035,1.1423849,1493.8096

-0.006888941,1.3716154,-0.0007601753,-0.07609213,-0.18264118,-0.008725765,0.9801918,-2.754865,-20.898825,350.61392,27.85000000000582,1.1423849,1493.8096

-0.0070214546,1.3716815,-0.00053711224,-0.07584259,-0.18277204,-0.008577355,0.9801881,-2.7329345,-20.916124,350.64648,27.866666666668607,1.1423849,1493.8096

-0.0071599707,1.3717673,-0.00032583997,-0.075602606,-0.18297732,-0.008481183,0.9801692,-2.7183175,-20.94153,350.6763,27.883333333331393,1.1423849,1493.8096

-0.0072924346,1.3718618,-0.00014310703,-0.07566523,-0.1831518,-0.008455718,0.980132,-2.7186115,-20.96185,350.66812,27.89999999999418,1.1423849,1493.8096

-0.00674398,1.3711604,-0.0006958042,-0.07612067,-0.18344198,-0.008450463,0.9800425,-2.7314408,-20.99432,350.6112,27.916666666656965,1.1423849,1493.8096

-0.0066374294,1.3709905,-0.0008067657,-0.07632793,-0.18366362,-0.00842001,0.9799851,-2.7349312,-21.019756,350.58533,27.93333333331975,1.1423849,1493.8096

-0.0066811517,1.3709999,-0.00074195117,-0.07628803,-0.18386938,-0.008316229,0.9799505,-2.7238824,-21.044744,350.59106,27.95000000001164,1.1423849,1493.8096

-0.006779857,1.3710667,-0.0005889088,-0.07611791,-0.18403646,-0.008160275,0.9799337,-2.703187,-21.066101,350.614,27.966666666674428,1.1423849,1493.8096

-0.0068912604,1.3711519,-0.00039679566,-0.07590746,-0.18420625,-0.008004653,0.9799194,-2.6816416,-21.087873,350.64185,27.983333333337214,1.1423849,1493.8096

-0.0069981664,1.371242,-0.00019342825,-0.07562195,-0.18440306,-0.00788483,0.9799054,-2.6629992,-21.112637,350.6778,28.0,1.1423849,1493.8096

-0.0066332817,1.3709205,-0.00056542456,-0.07551274,-0.18464386,-0.007958814,0.97986794,-2.6721342,-21.140196,350.68777,28.016666666662786,1.1423849,1493.8096

-0.0065419576,1.3708348,-0.0006255713,-0.07549969,-0.18490504,-0.00788585,0.97982025,-2.6659827,-21.171247,350.68927,28.033333333325572,1.1423849,1493.8096

-0.006543286,1.3708285,-0.0006073043,-0.075547375,-0.18519215,-0.00774943,0.97976345,-2.6538582,-21.205748,350.68466,28.04999999998836,1.1423849,1493.8096

-0.0065709106,1.3708501,-0.00058009295,-0.07560504,-0.1855283,-0.0076119658,0.97969645,-2.6423845,-21.24593,350.67853,28.06666666668025,1.1423849,1493.8096

-0.0065975785,1.3708768,-0.00056281313,-0.075627774,-0.18587017,-0.00750765,0.97963077,-2.6341743,-21.286562,350.67587,28.083333333343035,1.1423849,1493.8096

-0.006407378,1.3705279,-0.0011099054,-0.07561027,-0.18612404,-0.0074462,0.97958434,-2.6292222,-21.316675,350.6777,28.10000000000582,1.1423849,1493.8096

-0.0063284785,1.3704123,-0.0013187863,-0.07566671,-0.18611096,-0.007467023,0.9795823,-2.6328704,-21.314806,350.6705,28.116666666668607,1.1423849,1493.8096

-0.0062650368,1.3703527,-0.0014454573,-0.0759001,-0.1860488,-0.007499946,0.9795758,-2.6414564,-21.306648,350.64188,28.133333333331393,1.1423849,1493.8096

-0.0061962977,1.370297,-0.0015551895,-0.076037504,-0.18609427,-0.007501284,0.9795565,-2.6452615,-21.311546,350.6249,28.14999999999418,1.1423849,1493.8096

-0.006106933,1.3702242,-0.0016945078,-0.076173596,-0.18643874,-0.0074822046,0.97948056,-2.6499596,-21.351366,350.60654,28.166666666656965,1.1423849,1493.8096

-0.005995435,1.3701164,-0.0018734727,-0.07645207,-0.18698393,-0.0074400343,0.9793553,-2.65743,-21.41434,350.5701,28.18333333331975,1.1423849,1493.8096

-0.0057985187,1.3699433,-0.0021722727,-0.0770988,-0.18748336,-0.0074928636,0.9792087,-2.6843417,-21.470078,350.4871,28.20000000001164,1.1423849,1493.8096

-0.0056645325,1.3697789,-0.002404932,-0.0777316,-0.18793572,-0.0075035626,0.97907186,-2.70541,-21.520779,350.407,28.216666666674428,1.1423849,1493.8096

-0.0055547953,1.3696233,-0.0026035346,-0.0782044,-0.18834126,-0.0074678687,0.9789565,-2.7167273,-21.566925,350.3477,28.233333333337214,1.1423849,1493.8096

-0.0054523125,1.3694828,-0.002783548,-0.07847084,-0.18869111,-0.0074150003,0.97886825,-2.720598,-21.607346,350.31412,28.25,1.1423849,1493.8096

-0.005348578,1.3693515,-0.0029526055,-0.07866658,-0.18899141,-0.007396691,0.9787947,-2.726444,-21.641867,350.2887,28.266666666662786,1.1423849,1493.8096

-0.0052474416,1.3692319,-0.0030978862,-0.07890733,-0.18918805,-0.0074518784,0.97873694,-2.7409995,-21.66349,350.25684,28.283333333325572,1.1423849,1493.8096

-0.0054995567,1.3690549,-0.0029338002,-0.078994595,-0.18927436,-0.0075743315,0.97871226,-2.7588143,-21.672058,350.24283,28.29999999998836,1.1423849,1493.8096

-0.005526431,1.3689317,-0.002913259,-0.07914221,-0.18928036,-0.007710562,0.9786981,-2.778748,-21.670984,350.2217,28.31666666668025,1.1423849,1493.8096

-0.0054919324,1.3688301,-0.002896918,-0.07909113,-0.1891628,-0.007764124,0.97872454,-2.782632,-21.656942,350.2275,28.333333333343035,1.1423849,1493.8096

-0.0054567703,1.3687495,-0.0028460696,-0.07876692,-0.18895054,-0.007716232,0.978792,-2.76683,-21.633677,350.26947,28.35000000000582,1.1423849,1493.8096

-0.0054246983,1.3686788,-0.0027913433,-0.07831597,-0.18872356,-0.007633059,0.9788727,-2.7436876,-21.6094,350.3277,28.366666666668607,1.1423849,1493.8096

-0.0053898096,1.3686035,-0.0027688444,-0.07801993,-0.18849128,-0.0075898697,0.9789414,-2.7289195,-21.583668,350.36624,28.383333333331393,1.1423849,1493.8096

-0.0053506196,1.3685187,-0.002798602,-0.07782961,-0.18836766,-0.0075605894,0.9789806,-2.719552,-21.570127,350.39087,28.39999999999418,1.1423849,1493.8096

-0.005530663,1.36864,-0.0026151165,-0.07771246,-0.18848045,-0.007399042,0.97896945,-2.6986716,-21.585129,350.408,28.416666666656965,1.1423849,1493.8096

-0.0055441335,1.3686167,-0.0026683211,-0.07774971,-0.18881121,-0.0072677396,0.9789037,-2.687529,-21.624733,350.40424,28.43333333331975,1.1423849,1493.8096

-0.005499035,1.3685393,-0.0028100908,-0.07790407,-0.18917689,-0.0071926615,0.9788214,-2.6862955,-21.667526,350.3847,28.45000000001164,1.1423849,1493.8096

-0.0054401457,1.3684379,-0.0029726438,-0.07796004,-0.18942355,-0.0071605546,0.9787694,-2.6865888,-21.696344,350.37695,28.466666666674428,1.1423849,1493.8096

-0.005389333,1.3683236,-0.0030992366,-0.077798404,-0.18941252,-0.0071204044,0.97878474,-2.677856,-21.6959,350.39758,28.483333333337214,1.1423849,1493.8096

-0.005355691,1.3682077,-0.0031648707,-0.07750301,-0.18909693,-0.0070726704,0.97886956,-2.6615796,-21.660501,350.4367,28.5,1.1423849,1493.8096

-0.005642248,1.3683099,-0.0030192211,-0.077244274,-0.18863316,-0.007100347,0.9789793,-2.6535766,-21.607052,350.4706,28.516666666662786,1.1423849,1493.8096

-0.005734369,1.3682859,-0.0029863678,-0.07686913,-0.18809599,-0.0071298014,0.9791119,-2.6422994,-21.545374,350.5191,28.533333333325572,1.1423849,1493.8096

-0.005759617,1.3682224,-0.0030083396,-0.07648172,-0.18760282,-0.0072081373,0.9792363,-2.6371949,-21.488373,350.56763,28.54999999998836,1.1423849,1493.8096

-0.005755514,1.3681517,-0.003073804,-0.0761635,-0.18724863,-0.0073488904,0.97932786,-2.6428285,-21.44674,350.60538,28.56666666668025,1.1423849,1493.8096

-0.005746983,1.3680809,-0.0031619743,-0.07585875,-0.18705057,-0.007455185,0.97938854,-2.6464083,-21.423538,350.64127,28.583333333343035,1.1423849,1493.8096

-0.006202668,1.3680909,-0.00274992,-0.0754494,-0.18684845,-0.0074939574,0.97945845,-2.6394262,-21.400799,350.69138,28.60000000000582,1.1420283,1494.3953

-0.006390696,1.3680757,-0.0026344024,-0.07499847,-0.1865223,-0.0074278675,0.9795558,-2.6174996,-21.364746,350.74966,28.616666666668607,1.1420283,1494.3953

-0.006520634,1.3680528,-0.0026033279,-0.07460205,-0.18608172,-0.007331773,0.9796705,-2.5919821,-21.315523,350.8028,28.633333333331393,1.1420283,1494.3953

-0.0066610873,1.368032,-0.0025650002,-0.073979005,-0.18546075,-0.0072425003,0.97983617,-2.5602157,-21.245863,350.88428,28.64999999999418,1.1423849,1493.8096

-0.00682652,1.3680049,-0.0025005974,-0.073275805,-0.18460476,-0.0071829567,0.9800511,-2.527794,-21.148815,350.97623,28.666666666656965,1.1423849,1493.8096

-0.007005093,1.3679755,-0.002434263,-0.07276601,-0.18364981,-0.0071739974,0.98026854,-2.5049365,-21.0393,351.04413,28.68333333331975,1.1423849,1493.8096

-0.0071896836,1.3679535,-0.002369333,-0.07220348,-0.18279357,-0.007174417,0.9804701,-2.4832404,-20.941298,351.1175,28.70000000001164,1.1423849,1493.8096

-0.0080811605,1.3680409,-0.0016991533,-0.07138072,-0.18222328,-0.007168052,0.9806366,-2.4580996,-20.877207,351.2206,28.716666666674428,1.1423849,1493.8096

-0.008483328,1.3680887,-0.0014256015,-0.0708194,-0.18182948,-0.007107431,0.9807508,-2.4342132,-20.833418,351.29218,28.733333333337214,1.1423849,1493.8096

-0.008735423,1.3681333,-0.0012806504,-0.07051773,-0.1815632,-0.007026077,0.98082244,-2.4149752,-20.80396,351.332,28.75,1.1423849,1493.8096

-0.008956328,1.3681959,-0.0011438504,-0.06997908,-0.18134558,-0.0069374098,0.9809019,-2.3901381,-20.780788,351.40033,28.766666666662786,1.1423849,1493.8096

-0.009181604,1.3682735,-0.0009933598,-0.069315635,-0.18109287,-0.006848888,0.9809964,-2.362236,-20.753824,351.48395,28.783333333325572,1.1423849,1493.8096

-0.009419206,1.3683478,-0.0008427502,-0.068774745,-0.18082711,-0.0067429026,0.9810841,-2.3348598,-20.72517,351.55316,28.79999999998836,1.1423849,1493.8096

-0.009941426,1.3681802,-0.00017155898,-0.06791662,-0.18058716,-0.006596319,0.98118913,-2.2959118,-20.700579,351.66138,28.81666666668025,1.1423849,1493.8096

-0.010273161,1.3681322,0.00014179564,-0.06734183,-0.18057506,-0.0062999716,0.98123294,-2.2475085,-20.703003,351.7373,28.833333333343035,1.1423849,1493.8096

-0.010541461,1.3680924,0.00034328923,-0.06693285,-0.18058419,-0.0058975248,0.98126173,-2.1902165,-20.708355,351.79544,28.85000000000582,1.1423849,1493.8096

-0.010782075,1.3680292,0.0005209149,-0.06651781,-0.18061936,-0.0054109422,0.9812863,-2.1229236,-20.71739,351.85602,28.866666666668607,1.1420283,1494.3953

-0.011001485,1.3679377,0.00067177776,-0.066135004,-0.18077515,-0.004907819,0.98128605,-2.0554974,-20.740448,351.9124,28.883333333331393,1.1420283,1494.3953

-0.0110742,1.3675898,0.0007097684,-0.06599424,-0.18098773,-0.004608838,0.9812578,-2.018476,-20.767883,351.93484,28.89999999999418,1.1420283,1494.3953

-0.01117342,1.3673882,0.0007275082,-0.06604249,-0.18127784,-0.004422928,0.98120195,-1.9999603,-20.803013,351.93155,28.916666666656965,1.1420283,1494.3953

-0.011248261,1.3672456,0.0006967522,-0.06613971,-0.18162833,-0.004378984,0.9811307,-2.000182,-20.843895,351.9189,28.93333333331975,1.1420283,1494.3953

-0.011283971,1.3671428,0.00065236166,-0.066249155,-0.18177219,-0.0044872807,0.9810962,-2.0170166,-20.859493,351.90253,28.95000000001164,1.1420283,1494.3953

-0.01128306,1.3670684,0.00063169556,-0.06638384,-0.18156777,-0.0046688695,0.9811241,-2.039886,-20.833971,351.88333,28.966666666674428,1.1420283,1494.3953

-0.011248837,1.3670236,0.000661902,-0.06637738,-0.18107045,-0.0048599807,0.98121554,-2.0579405,-20.774635,351.8826,28.983333333337214,1.1420283,1494.3953

-0.011184245,1.3670053,0.0007358603,-0.066121966,-0.18050095,-0.00498637,0.9813371,-2.062025,-20.707981,351.91376,29.0,1.1420283,1494.3953

-0.011113659,1.3668593,0.0006987192,-0.06569689,-0.180237,-0.005045711,0.9814138,-2.0572693,-20.677725,351.96518,29.016666666662786,1.1420283,1494.3953

-0.010972152,1.3668014,0.0006744376,-0.06523789,-0.18026178,-0.0050127064,0.98144,-2.04343,-20.681831,352.02118,29.033333333325572,1.1420283,1494.3953

-0.010812491,1.366766,0.00060077384,-0.064926915,-0.18055224,-0.0049869446,0.9814074,-2.0362165,-20.716429,352.05777,29.04999999998836,1.1420283,1494.3953

-0.010661905,1.3667368,0.00047262566,-0.064773485,-0.18096036,-0.005009638,0.98134226,-2.0393927,-20.763977,352.07367,29.06666666668025,1.1420283,1494.3953

-0.01053156,1.3667018,0.00031336397,-0.06480692,-0.18129799,-0.0050812857,0.98127735,-2.0519242,-20.802553,352.06625,29.083333333343035,1.1420283,1494.3953

-0.010425918,1.3666612,0.00013517588,-0.06499107,-0.1815037,-0.0051506897,0.9812268,-2.0662959,-20.825506,352.04138,29.10000000000582,1.1420283,1494.3953

-0.0114395395,1.3663585,0.00049863756,-0.065227725,-0.18159412,-0.00515818,0.9811943,-2.073307,-20.835453,352.01215,29.116666666668607,1.1420283,1494.3953

-0.011739902,1.3662438,0.0004799515,-0.065531515,-0.18152282,-0.0051114797,0.9811875,-2.073758,-20.826904,351.97684,29.133333333331393,1.1420283,1494.3953

-0.011808723,1.3662059,0.0003300272,-0.0659377,-0.18143421,-0.005043735,0.98117703,-2.0737798,-20.816307,351.92975,29.14999999999418,1.1420283,1494.3953

-0.011807692,1.3662157,0.00014288533,-0.066238075,-0.18137869,-0.0048976857,0.9811678,-2.062349,-20.810423,351.89694,29.166666666656965,1.1420283,1494.3953

-0.011795647,1.3662691,-3.1430274e-05,-0.06631659,-0.18126914,-0.004679589,0.9811838,-2.0368142,-20.799332,351.89285,29.18333333331975,1.1420283,1494.3953

-0.011786831,1.3663564,-0.00019576219,-0.06628205,-0.18117365,-0.0044044536,0.98120505,-2.0020533,-20.79057,351.90356,29.20000000001164,1.1420283,1494.3953

-0.012786403,1.3661089,-2.3953617e-06,-0.06617244,-0.18108802,-0.0041221674,0.9812295,-1.9648681,-20.783163,351.92346,29.216666666674428,1.1420283,1494.3953

-0.013136104,1.3661023,-2.2776425e-05,-0.066113904,-0.18120544,-0.0037066683,0.9812134,-1.9147315,-20.800327,351.93903,29.233333333337214,1.1420283,1494.3953

-0.013283675,1.3661599,-0.000106953,-0.06605203,-0.1814626,-0.0031667643,0.98117197,-1.8508724,-20.83474,351.95706,29.25,1.1420283,1494.3953

-0.013358831,1.3662335,-0.00022179633,-0.065795764,-0.18195288,-0.0025748604,0.98110014,-1.7785971,-20.897005,351.9986,29.266666666662786,1.1420283,1494.3953

-0.013393876,1.3663002,-0.00036025612,-0.0654144,-0.18262699,-0.001974984,0.98100173,-1.7042009,-20.98088,352.0546,29.283333333325572,1.1420283,1494.3953

-0.013388813,1.3663521,-0.0005457178,-0.0651858,-0.18335651,-0.0014541772,0.9808818,-1.643147,-21.070265,352.09024,29.29999999998836,1.1420283,1494.3953

-0.013742854,1.3661324,-0.00034552804,-0.0652188,-0.18394342,-0.0011278866,0.9807701,-1.6100264,-21.141062,352.09067,29.31666666668025,1.1420283,1494.3953

-0.013786703,1.366071,-0.00045668334,-0.06549243,-0.18441367,-0.0008712066,0.98066384,-1.58965,-21.197355,352.061,29.333333333343035,1.1420283,1494.3953

-0.013704456,1.3660464,-0.000671193,-0.06583475,-0.1848798,-0.00067222735,0.98055327,-1.5777748,-21.25261,352.02176,29.35000000000582,1.1420283,1494.3953

-0.013568342,1.3660247,-0.00089827925,-0.066091366,-0.18528566,-0.0005321282,0.9804595,-1.5705179,-21.300531,351.99182,29.366666666668607,1.1420283,1494.3953

-0.013413079,1.3659836,-0.0011012517,-0.06616746,-0.18552563,-0.00048742472,0.980409,-1.5691112,-21.328676,351.98245,29.383333333331393,1.1420283,1494.3953

-0.013741312,1.3653854,-0.0006319805,-0.06618485,-0.18561651,-0.00052783196,0.9803906,-1.5752324,-21.338888,351.979,29.39999999999418,1.1420283,1494.3953

-0.013732947,1.3651164,-0.00059758127,-0.06636274,-0.18548109,-0.0006960576,0.98040414,-1.5982994,-21.32148,351.95428,29.416666666656965,1.1420283,1494.3953

-0.01360846,1.3649449,-0.000702275,-0.06655855,-0.18523759,-0.0009629947,0.9804366,-1.6326412,-21.290655,351.92578,29.43333333331975,1.1420283,1494.3953

-0.0134473415,1.3648082,-0.0008329396,-0.06665908,-0.18495302,-0.0012444782,0.98048323,-1.6661578,-21.255087,351.90866,29.45000000001164,1.1420283,1494.3953

-0.013286307,1.3646861,-0.00095286965,-0.066732265,-0.18460935,-0.0015064003,0.98054266,-1.6961166,-21.212849,351.89566,29.466666666674428,1.1420283,1494.3953

-0.01315019,1.3645805,-0.001039721,-0.06685814,-0.18416864,-0.0017489666,0.9806165,-1.7239923,-21.159395,351.87723,29.483333333337214,1.1420283,1494.3953

-0.013053211,1.3644967,-0.0010897332,-0.06697441,-0.18379998,-0.0019190026,0.9806774,-1.7435782,-21.114935,351.8612,29.5,1.1420283,1494.3953

-0.013560787,1.3642474,-0.0007003285,-0.066928275,-0.18359688,-0.0019322302,0.9807186,-1.7421919,-21.091297,351.86752,29.516666666662786,1.1420283,1494.3953

-0.013727166,1.3641535,-0.0005097315,-0.066734925,-0.18361755,-0.0017997134,0.98072815,-1.7220771,-21.095135,351.89377,29.533333333325572,1.1420283,1494.3953

-0.013792567,1.3641168,-0.0003453791,-0.066367954,-0.1837614,-0.0015509556,0.9807266,-1.6852126,-21.114538,351.94302,29.54999999998836,1.1420283,1494.3953

-0.013824165,1.3641089,-0.00017292425,-0.06596074,-0.18390599,-0.0013035295,0.9807273,-1.6475855,-21.134056,351.9971,29.56666666668025,1.1420283,1494.3953

-0.013832122,1.3641205,-1.1269003e-05,-0.0656584,-0.1840229,-0.0011195261,0.9807259,-1.6196865,-21.149645,352.03723,29.583333333343035,1.1420283,1494.3953

-0.014015707,1.3641027,7.183841e-05,-0.065427475,-0.18416283,-0.0009921499,0.98071516,-1.6004236,-21.167318,352.06738,29.60000000000582,1.1420283,1494.3953

-0.01403816,1.3641291,0.00017583743,-0.065269485,-0.18430229,-0.0009051691,0.9806996,-1.5876619,-21.18449,352.08777,29.616666666668607,1.1420283,1494.3953

-0.013984665,1.364148,0.0002664551,-0.06505162,-0.18452097,-0.0008046802,0.9806731,-1.5726388,-21.211077,352.11536,29.633333333331393,1.1420283,1494.3953

-0.013881028,1.3641404,0.00033840165,-0.06477316,-0.18483855,-0.0007342617,0.98063177,-1.5607557,-21.249014,352.1491,29.64999999999418,1.1420283,1494.3953

-0.013727151,1.3641022,0.000357192,-0.06460956,-0.18522398,-0.0007305418,0.98056984,-1.5601236,-21.294127,352.16714,29.666666666656965,1.1420283,1494.3953

-0.013523981,1.3640292,0.00029950961,-0.06474182,-0.18552217,-0.000828385,0.98050463,-1.5776724,-21.327812,352.1475,29.68333333331975,1.1420283,1494.3953

-0.013762414,1.363391,0.00045578554,-0.06508979,-0.18568274,-0.0009299176,0.9804511,-1.5993371,-21.34511,352.10226,29.70000000001164,1.1420283,1494.3953

-0.013683838,1.3630948,0.00037273028,-0.06562684,-0.18573911,-0.0011234417,0.98040444,-1.6354585,-21.349218,352.03253,29.716666666674428,1.1420283,1494.3953

-0.013510612,1.3629007,0.00021277377,-0.06621057,-0.1857596,-0.0013429396,0.98036104,-1.6754466,-21.348831,351.95673,29.733333333337214,1.1420283,1494.3953

-0.013311309,1.3627375,3.7536112e-05,-0.06669312,-0.18584193,-0.0015413848,0.9803124,-1.7111762,-21.35594,351.89337,29.75,1.1420283,1494.3953

-0.013105363,1.36258,-0.00012956187,-0.06704997,-0.18604311,-0.0016898549,0.9802497,-1.7391593,-21.37748,351.84573,29.766666666662786,1.1423849,1493.8096

-0.012902178,1.3624289,-0.0002686642,-0.06732883,-0.18625093,-0.0018139667,0.9801909,-1.7625071,-21.400116,351.80804,29.783333333325572,1.1423849,1493.8096

-0.012702343,1.362289,-0.00037333733,-0.06760256,-0.1863836,-0.0019216608,0.98014665,-1.7830482,-21.41415,351.7717,29.79999999998836,1.1423849,1493.8096

-0.013169442,1.3620175,0.000113209666,-0.06783552,-0.18646353,-0.0019033505,0.98011535,-1.7869562,-21.423172,351.7435,29.81666666668025,1.1423849,1493.8096

-0.013212465,1.3618611,0.00022248551,-0.06803891,-0.18658938,-0.0018329475,0.9800774,-1.7843564,-21.438028,351.71976,29.833333333343035,1.1423849,1493.8096

-0.013106902,1.3617568,0.00020651329,-0.06828251,-0.18677953,-0.0017511313,0.9800244,-1.781939,-21.460388,351.6911,29.85000000000582,1.1423849,1493.8096

-0.012937372,1.361691,0.00014016786,-0.06844995,-0.18708359,-0.0016970764,0.9799548,-1.7822503,-21.495897,351.6704,29.866666666668607,1.1423849,1493.8096

-0.012725917,1.3616546,3.2475175e-05,-0.06855703,-0.18752265,-0.0016801661,0.97986346,-1.7869941,-21.546906,351.65546,29.883333333331393,1.1423849,1493.8096

-0.013261609,1.361536,0.00018059462,-0.06872823,-0.18801022,-0.0016929437,0.97975796,-1.7973015,-21.60319,351.6318,29.89999999999418,1.1423849,1493.8096

-0.013275516,1.3615127,0.00013905573,-0.068980746,-0.18826857,-0.0017689301,0.9796905,-1.8148818,-21.632126,351.59802,29.916666666656965,1.1423849,1493.8096

-0.013132391,1.3615227,4.3300868e-05,-0.0693018,-0.188378,-0.0018926847,0.97964656,-1.8383564,-21.643196,351.55563,29.93333333331975,1.1423849,1493.8096

-0.012955171,1.3615429,-4.796502e-05,-0.06949792,-0.18837385,-0.0020124442,0.9796332,-1.8573219,-21.641312,351.5291,29.95000000001164,1.1423849,1493.8096

-0.01278457,1.3615564,-0.00011185184,-0.069592096,-0.1882613,-0.0020928644,0.979648,-1.8680845,-21.62735,351.51645,29.966666666674428,1.1423849,1493.8096

-0.01261732,1.3615522,-0.0001751557,-0.06969557,-0.18824422,-0.0021421541,0.9796438,-1.8762609,-21.624739,351.50284,29.983333333337214,1.1423849,1493.8096

-0.01245552,1.361538,-0.00024558595,-0.06979173,-0.18834218,-0.002203035,0.9796181,-1.8868244,-21.635424,351.48926,30.0,1.1423849,1493.8096

-0.012980081,1.3615496,-3.0424446e-05,-0.06991284,-0.18853055,-0.002316854,0.9795729,-1.9052753,-21.656109,351.4709,30.016666666662786,1.1423849,1493.8096

-0.013059035,1.3615553,-2.4929643e-05,-0.070000805,-0.18869092,-0.002395341,0.9795355,-1.9184169,-21.673904,351.45752,30.033333333325572,1.1423849,1493.8096

-0.012994115,1.361558,-8.610255e-05,-0.07011723,-0.18866597,-0.0024727345,0.9795318,-1.9302125,-21.670103,351.44177,30.04999999998836,1.1423849,1493.8096

-0.012876891,1.3615589,-0.00016007572,-0.070255265,-0.18847455,-0.0025447344,0.97955865,-1.9401643,-21.64694,351.4244,30.06666666668025,1.1423849,1493.8096

-0.01274052,1.3615617,-0.0002309083,-0.07035498,-0.18824972,-0.002543281,0.9795947,-1.9400133,-21.620611,351.4136,30.083333333343035,1.1423849,1493.8096

-0.013305746,1.3616602,-0.0001924336,-0.07049373,-0.18818673,-0.0024024034,0.9795972,-1.9255825,-21.614244,351.40033,30.10000000000582,1.1423849,1493.8096

-0.013407566,1.361707,-0.00024259463,-0.070709795,-0.18825011,-0.002266164,0.97956973,-1.9147909,-21.622381,351.37686,30.116666666668607,1.1423849,1493.8096

-0.013373323,1.3617482,-0.00032668933,-0.07100154,-0.18849443,-0.0021897915,0.9795018,-1.9148369,-21.650896,351.34186,30.133333333331393,1.1423849,1493.8096

-0.013322453,1.3617926,-0.00040554264,-0.07117454,-0.18890123,-0.0020676847,0.9794111,-1.9082901,-21.698942,351.32138,30.14999999999418,1.1423849,1493.8096

-0.013295484,1.3618425,-0.00044514803,-0.07123824,-0.18928456,-0.0018936876,0.97933286,-1.8927028,-21.744938,351.31552,30.166666666656965,1.1423849,1493.8096

-0.013293587,1.3618929,-0.00045649335,-0.071391076,-0.18959598,-0.0016907611,0.9792619,-1.8749655,-21.782661,351.2999,30.18333333331975,1.1423849,1493.8096

-0.0138384625,1.3619971,-0.00043276697,-0.071479484,-0.18977165,-0.0015417547,0.9792216,-1.8608421,-21.804241,351.2916,30.20000000001164,1.1423849,1493.8096

-0.014066582,1.3620803,-0.0003336332,-0.07146318,-0.18976933,-0.0013269199,0.9792236,-1.8344831,-21.805906,351.29858,30.216666666674428,1.1423849,1493.8096

-0.014213659,1.3621674,-0.00017349422,-0.07131258,-0.18962014,-0.0011297803,0.9792637,-1.8056145,-21.790577,351.32227,30.233333333337214,1.1423849,1493.8096

-0.014351271,1.3622683,3.0580908e-05,-0.07105437,-0.18936108,-0.000963024,0.9793328,-1.7767928,-21.762383,351.3589,30.25,1.1423849,1493.8096

-0.014482374,1.3623825,0.00024218476,-0.07080642,-0.18914375,-0.0008234567,0.9793929,-1.7519428,-21.738775,351.3934,30.266666666662786,1.1423849,1493.8096

-0.014597915,1.3625058,0.00043186173,-0.07061364,-0.18911166,-0.0007142713,0.9794131,-1.7339368,-21.736341,351.41953,30.283333333325572,1.1423849,1493.8096

-0.01469367,1.3626323,0.00060232356,-0.07046425,-0.18925527,-0.00065109576,0.97939616,-1.7242714,-21.75386,351.43835,30.29999999998836,1.1423849,1493.8096

-0.015136801,1.3625605,0.0006565042,-0.07027421,-0.18946213,-0.0005342656,0.9793698,-1.7078037,-21.77927,351.463,30.31666666668025,1.1423849,1493.8096

-0.01534082,1.3626027,0.00082078204,-0.07010303,-0.18953075,-0.00045337802,0.97936887,-1.6947197,-21.788252,351.48532,30.333333333343035,1.1423849,1493.8096

-0.015469561,1.3626804,0.0010418723,-0.06988412,-0.18937099,-0.00036173756,0.9794155,-1.6769366,-21.770838,351.51486,30.35000000000582,1.1423849,1493.8096

-0.015589026,1.3627632,0.0013092235,-0.069596164,-0.1889091,-0.0002706523,0.9795252,-1.6546235,-21.718378,351.55438,30.366666666668607,1.1423849,1493.8096

-0.0157064,1.3628376,0.0015933922,-0.06933579,-0.18829836,-0.00024059294,0.9796612,-1.6388987,-21.648031,351.58987,30.383333333331393,1.1423849,1493.8096

-0.015817285,1.3628993,0.0018717572,-0.06920915,-0.18770996,-0.000266037,0.9797831,-1.6332401,-21.579586,351.6077,30.39999999999418,1.1423849,1493.8096

-0.015643163,1.3627937,0.0016314462,-0.06918471,-0.1873358,-0.0002595192,0.97985643,-1.6282107,-21.536167,351.61276,30.416666666656965,1.1423849,1493.8096

-0.015652807,1.3627563,0.0016811545,-0.06922782,-0.18720886,-0.0002170072,0.97987765,-1.6228282,-21.521696,351.60916,30.43333333331975,1.1423849,1493.8096

-0.015729472,1.3627261,0.0018160418,-0.06925829,-0.1873329,-0.000108363405,0.9798519,-1.6116401,-21.536999,351.6073,30.45000000001164,1.1423849,1493.8096

-0.01583383,1.3626944,0.0020040944,-0.06913766,-0.1875601,5.020386e-05,0.9798169,-1.5919503,-21.564972,351.62436,30.466666666674428,1.1423849,1493.8096

-0.015941441,1.36266,0.0022407416,-0.068937406,-0.18770824,0.00023025172,0.97980267,-1.5670407,-21.584055,351.65204,30.483333333337214,1.1423849,1493.8096

-0.015665747,1.3624208,0.0021952074,-0.06873396,-0.18761107,0.00038782504,0.9798355,-1.5423722,-21.574415,351.68082,30.5,1.1423849,1493.8096

-0.015605241,1.3623039,0.0023585372,-0.06868341,-0.18731976,0.0004988419,0.9798947,-1.5249786,-21.541546,351.69095,30.516666666662786,1.1423849,1493.8096

-0.015591882,1.3622332,0.0025873855,-0.06871339,-0.18694265,0.0004823869,0.9799647,-1.5239978,-21.497503,351.68884,30.533333333325572,1.1423849,1493.8096

-0.015579052,1.3621813,0.0028314888,-0.06875245,-0.18658659,0.00038071454,0.9800298,-1.5337079,-21.455175,351.68356,30.54999999998836,1.1423849,1493.8096

-0.015555479,1.3621452,0.0030653197,-0.068799846,-0.1863092,0.0002570841,0.9800793,-1.5470141,-21.421795,351.6764,30.56666666668025,1.1423849,1493.8096

-0.015522696,1.3621159,0.0032767598,-0.06891167,-0.1861036,0.00017255794,0.9801105,-1.5577711,-21.396996,351.66196,30.583333333343035,1.1423849,1493.8096

-0.014937587,1.3620157,0.0026777517,-0.06921264,-0.1860329,0.00016256195,0.9801027,-1.5651772,-21.388212,351.6256,30.60000000000582,1.1423849,1493.8096

-0.014713272,1.3619533,0.0025732126,-0.0693933,-0.18611209,0.00015730213,0.98007494,-1.5707217,-21.397087,351.6032,30.616666666668607,1.1423849,1493.8096

-0.014606781,1.3619039,0.0026606303,-0.0695119,-0.18618265,0.00018451968,0.98005307,-1.5708486,-21.40533,351.58908,30.633333333331393,1.1423849,1493.8096

-0.014541663,1.3618621,0.0028336681,-0.06962811,-0.18616404,0.00024930705,0.98004836,-1.5655159,-21.403536,351.57654,30.64999999999418,1.1423849,1493.8096

-0.014492184,1.361826,0.0030437708,-0.069716774,-0.18610325,0.00035560227,0.98005354,-1.5541327,-21.397238,351.5685,30.666666666656965,1.1423849,1493.8096

-0.014443874,1.3617915,0.0032634102,-0.069772944,-0.18609974,0.00050775154,0.98005015,-1.5370392,-21.398045,351.56516,30.68333333331975,1.1423849,1493.8096

-0.014322755,1.3619095,0.0028211493,-0.06991863,-0.18621401,0.00062132475,0.980018,-1.527806,-21.412079,351.5495,30.70000000001164,1.1423849,1493.8096

-0.01422027,1.3619441,0.0027983207,-0.0699722,-0.18630956,0.00067401375,0.97999597,-1.5236214,-21.423557,351.54373,30.716666666674428,1.1423849,1493.8096

-0.014105625,1.3619633,0.0029116515,-0.0699597,-0.18635762,0.00068920443,0.97998774,-1.5219759,-21.429296,351.54532,30.733333333337214,1.1423849,1493.8096

-0.013975506,1.3619934,0.0030784234,-0.06991543,-0.1863006,0.00062049157,0.9800018,-1.5286851,-21.422146,351.54944,30.75,1.1423849,1493.8096

-0.013827622,1.362035,0.0032625403,-0.06998676,-0.18625504,0.0004474595,0.98000544,-1.5507368,-21.415249,351.53708,30.766666666662786,1.1423849,1493.8096

-0.013663369,1.3620834,0.0034535173,-0.07005527,-0.18631172,0.00022829756,0.9799898,-1.5792943,-21.419838,351.52353,30.783333333325572,1.1423849,1493.8096

-0.013401143,1.3625324,0.0032624044,-0.07011617,-0.18645008,8.764395e-05,0.9799592,-1.5990218,-21.434614,351.51224,30.79999999998836,1.1423849,1493.8096

-0.013203698,1.3627251,0.0033338852,-0.06995403,-0.18658657,-5.126697e-05,0.97994477,-1.6134046,-21.449554,351.52805,30.81666666668025,1.1423849,1493.8096

-0.013028793,1.3628367,0.003485715,-0.06985231,-0.18665811,-0.00019760248,0.9799384,-1.6294253,-21.456781,351.53668,30.833333333343035,1.1423849,1493.8096

-0.01286649,1.3629234,0.003658779,-0.06987873,-0.18662836,-0.0003915416,0.9799422,-1.6531272,-21.451609,351.52924,30.85000000000582,1.1423849,1493.8096

-0.012704727,1.3630095,0.0038213804,-0.069989614,-0.18662459,-0.0006221805,0.9799349,-1.6834515,-21.448994,351.51056,30.866666666668607,1.1423849,1493.8096

-0.012541838,1.3631076,0.003963951,-0.07013904,-0.18676598,-0.00084104645,0.979897,-1.7146897,-21.46328,351.48672,30.883333333331393,1.1423849,1493.8096

-0.012614447,1.3634603,0.003438957,-0.070179574,-0.18701345,-0.0009219282,0.97984684,-1.7278514,-21.491285,351.47864,30.89999999999418,1.1423849,1493.8096

-0.012559012,1.363669,0.0033309534,-0.06998248,-0.18729885,-0.0010250071,0.97980636,-1.7386005,-21.523928,351.4987,30.916666666656965,1.1423849,1493.8096

-0.012477599,1.363832,0.0033516753,-0.06985063,-0.1874599,-0.0011373247,0.97978485,-1.7507199,-21.54192,351.51126,30.93333333331975,1.1423849,1493.8096

-0.012397878,1.3639772,0.0034027863,-0.069842465,-0.18747638,-0.0012412893,0.97978216,-1.76324,-21.542955,351.5098,30.95000000001164,1.1423849,1493.8096

-0.012335338,1.3641207,0.00347537,-0.06986479,-0.18739216,-0.0012886414,0.97979665,-1.7686267,-21.532711,351.50647,30.966666666674428,1.1423849,1493.8096

-0.012289949,1.3642766,0.0035742782,-0.06962707,-0.18736261,-0.0011896276,0.9798193,-1.7509036,-21.530554,351.53772,30.983333333337214,1.1423849,1493.8096

-0.012241249,1.36445,0.0036757067,-0.06920059,-0.18749282,-0.0010232677,0.97982484,-1.7222832,-21.54788,351.59256,31.0,1.1423849,1493.8096

-0.012601224,1.3644453,0.003694605,-0.06899694,-0.1877769,-0.0008057015,0.97978497,-1.6941255,-21.583128,351.62076,31.016666666662786,1.1423849,1493.8096

-0.012696874,1.3645681,0.0036978927,-0.068892874,-0.18812723,-0.00072355923,0.9797252,-1.6852493,-21.624758,351.63345,31.033333333325572,1.1423849,1493.8096

-0.012705763,1.364754,0.0036865622,-0.06880042,-0.18848246,-0.00073524803,0.9796634,-1.6880087,-21.666138,351.64255,31.04999999998836,1.1423849,1493.8096

-0.012685664,1.3649838,0.0036488231,-0.06880155,-0.18882109,-0.00085189193,0.979598,-1.705453,-21.704535,351.6379,31.06666666668025,1.1423849,1493.8096

-0.012655549,1.3652498,0.003594894,-0.06880187,-0.18907201,-0.0010993041,0.97954935,-1.737817,-21.73162,351.63086,31.083333333343035,1.1423849,1493.8096

-0.01262258,1.3655409,0.0035441928,-0.068702556,-0.18922795,-0.001425976,0.9795258,-1.7765019,-21.747158,351.63455,31.10000000000582,1.1423849,1493.8096

-0.01339598,1.3655368,0.003442984,-0.06838387,-0.18921281,-0.001747738,0.9795505,-1.8077896,-21.743246,351.6659,31.116666666668607,1.1423849,1493.8096

-0.013683356,1.3657694,0.003471354,-0.06775805,-0.1889217,-0.002133342,0.97964936,-1.836928,-21.707289,351.73456,31.133333333331393,1.1423849,1493.8096

-0.013819498,1.3661175,0.0035570003,-0.0670258,-0.18857467,-0.0025037655,0.9797657,-1.8612592,-21.6652,351.8168,31.14999999999418,1.1423849,1493.8096

-0.0139023885,1.3665599,0.0036319103,-0.06647392,-0.18830964,-0.0028300053,0.9798534,-1.8852859,-21.632717,351.8777,31.166666666656965,1.1420283,1494.3953

-0.013973296,1.3671008,0.0036891997,-0.065887354,-0.18808381,-0.0030432083,0.9799357,-1.8952723,-21.605825,351.94516,31.18333333331975,1.1420283,1494.3953

-0.014053586,1.3677402,0.0037225503,-0.065009974,-0.18792254,-0.0031900224,0.9800248,-1.8911672,-21.587564,352.0491,31.20000000001164,1.1420283,1494.3953

-0.01468132,1.367815,0.003910063,-0.06382131,-0.18766832,-0.0032387974,0.9801515,-1.8672116,-21.559877,352.19348,31.216666666674428,1.1420283,1494.3953

-0.015039206,1.3682419,0.0039736927,-0.06257636,-0.18734214,-0.0035471842,0.9802931,-1.8727267,-21.52188,352.33908,31.233333333337214,1.1420283,1494.3953

-0.015362158,1.3687261,0.0039911326,-0.061152425,-0.187065,-0.0041106134,0.98043364,-1.9054604,-21.488033,352.50024,31.25,1.1420283,1494.3953

-0.015705362,1.3691525,0.0039652158,-0.059459742,-0.18669854,-0.004870739,0.9806041,-1.9550871,-21.443003,352.6899,31.266666666662786,1.1423849,1493.8096

-0.01605129,1.3694695,0.0038392395,-0.058212984,-0.18604909,-0.0058387765,0.98079705,-2.037714,-21.36285,352.82224,31.283333333325572,1.1423849,1493.8096

-0.016401405,1.3696556,0.0036144983,-0.057602704,-0.18497364,-0.0068518277,0.9810299,-2.1367333,-21.231678,352.87875,31.29999999998836,1.1423849,1493.8096

-0.017103,1.369541,0.00462994,-0.05729947,-0.18346207,-0.007624996,0.9813258,-2.2100706,-21.050972,352.9059,31.31666666668025,1.1423849,1493.8096

-0.017607987,1.3694113,0.0047247577,-0.057294168,-0.18181562,-0.00803637,0.9816292,-2.2453446,-20.856596,352.90598,31.333333333343035,1.1423849,1493.8096

-0.018058605,1.3692324,0.004489327,-0.057507664,-0.18031813,-0.007994322,0.9818932,-2.2321563,-20.68236,352.88885,31.35000000000582,1.1423849,1493.8096

-0.018500932,1.36901,0.0041124,-0.057637412,-0.1792476,-0.007569329,0.982085,-2.1747491,-20.560743,352.88797,31.366666666668607,1.1423849,1493.8096

-0.018938787,1.3687645,0.003638083,-0.057731044,-0.17881946,-0.006977793,0.9821619,-2.102066,-20.515064,352.89163,31.383333333331393,1.1423849,1493.8096

-0.019353434,1.3685328,0.0030635707,-0.05829144,-0.17900066,-0.00644848,0.9820994,-2.052248,-20.53877,352.83463,31.39999999999418,1.1423849,1493.8096

-0.02029634,1.367981,0.0043732245,-0.05927959,-0.17969382,-0.005986612,0.9819166,-2.0243478,-20.620646,352.72205,31.416666666656965,1.1423849,1493.8096

-0.020838544,1.3677307,0.0044488255,-0.060206123,-0.18061803,-0.0055071334,0.98169345,-1.9951655,-20.729715,352.61606,31.43333333331975,1.1420283,1494.3953

-0.021253131,1.36763,0.0042905454,-0.060460616,-0.18145421,-0.0049630203,0.9815265,-1.9427086,-20.830473,352.5931,31.45000000001164,1.1420283,1494.3953

-0.021616973,1.36761,0.0042157657,-0.059978303,-0.18204935,-0.004320084,0.98144895,-1.8598236,-20.9054,352.66263,31.466666666674428,1.1420283,1494.3953

-0.0219229,1.3676153,0.0042655338,-0.059168667,-0.18245664,-0.0035825877,0.9814254,-1.7564864,-20.9597,352.77484,31.483333333337214,1.1423849,1493.8096

-0.022646055,1.3674772,0.0059897825,-0.05816157,-0.18296668,-0.0027696854,0.9813933,-1.6403526,-21.026663,352.9123,31.5,1.1423849,1493.8096

-0.022951782,1.3674397,0.006614445,-0.05714597,-0.18373537,-0.0020830831,0.981311,-1.5411445,-21.122614,353.047,31.516666666662786,1.1423849,1493.8096

-0.023072733,1.3674226,0.006798541,-0.056433443,-0.1848046,-0.0016487925,0.9811523,-1.4813554,-21.251156,353.1383,31.533333333325572,1.1423849,1493.8096

-0.02309829,1.3673923,0.0067706984,-0.05628361,-0.18597631,-0.0015254027,0.9809397,-1.4725093,-21.38859,353.15414,31.54999999998836,1.1423849,1493.8096

-0.0230797,1.3673295,0.0066192187,-0.05647779,-0.18730225,-0.0015897185,0.9806761,-1.495465,-21.542183,353.12335,31.56666666668025,1.1423849,1493.8096

-0.023062589,1.3672342,0.0064206887,-0.056608085,-0.18862632,-0.0016816279,0.98041457,-1.5203758,-21.69549,353.09958,31.583333333343035,1.1423849,1493.8096

-0.023067592,1.3671262,0.00623315,-0.056585025,-0.18967257,-0.001746081,0.98021394,-1.5361948,-21.816908,353.0962,31.60000000000582,1.1423849,1493.8096

-0.02409894,1.367485,0.007376993,-0.056528207,-0.19036257,-0.0017159511,0.9800835,-1.5368736,-21.897572,353.10068,31.616666666668607,1.1423849,1493.8096

-0.024488911,1.3675145,0.007638825,-0.05636464,-0.19074199,-0.0016142505,0.98001933,-1.523825,-21.942734,353.12122,31.633333333331393,1.1423849,1493.8096

-0.02467358,1.3674297,0.007572746,-0.05636855,-0.1910441,-0.0014512988,0.97996056,-1.5066605,-21.979065,353.1232,31.64999999999418,1.1423849,1493.8096

-0.024792673,1.3673053,0.0073481947,-0.056613095,-0.19144371,-0.0013222262,0.9798686,-1.50008,-22.026146,353.09473,31.666666666656965,1.1423849,1493.8096

-0.024901232,1.3671544,0.0070148315,-0.056881156,-0.19205412,-0.0012155841,0.97973377,-1.4985348,-22.097605,353.0619,31.68333333331975,1.1423849,1493.8096

-0.025939463,1.3676113,0.007287046,-0.057356935,-0.19280775,-0.0011820146,0.97955805,-1.5120302,-22.184925,353.0014,31.70000000001164,1.1423849,1493.8096

-0.026403217,1.3676409,0.0070680566,-0.058027923,-0.19330451,-0.0011264981,0.97942066,-1.5254859,-22.24217,352.9188,31.716666666674428,1.1423849,1493.8096

-0.026744187,1.3675512,0.0067430474,-0.058659833,-0.19340055,-0.0010245084,0.9793642,-1.5290526,-22.253115,352.8439,31.733333333337214,1.1423849,1493.8096

-0.02712199,1.3674526,0.006446846,-0.059045956,-0.19317771,-0.00083240384,0.97938514,-1.5131,-22.227955,352.8025,31.75,1.1423849,1493.8096

-0.027587047,1.367389,0.006215876,-0.059159502,-0.19279405,-0.0005646965,0.97945404,-1.4800901,-22.18504,352.7968,31.766666666662786,1.1423849,1493.8096

-0.028148308,1.3673698,0.0060494,-0.058931053,-0.19236432,-0.00024083786,0.97955245,-1.4317558,-22.13768,352.83423,31.783333333325572,1.1423849,1493.8096

-0.028228184,1.3676956,0.006835537,-0.058650065,-0.19200599,6.669914e-05,0.97963965,-1.3848022,-22.098576,352.87726,31.79999999998836,1.1423849,1493.8096

-0.028688043,1.3678468,0.007019827,-0.058374282,-0.19183773,0.0004890407,0.97968894,-1.3256965,-22.082405,352.92148,31.81666666668025,1.1423849,1493.8096

-0.02925855,1.367949,0.006976558,-0.058262307,-0.19195218,0.001061114,0.9796728,-1.2546978,-22.100002,352.94806,31.833333333343035,1.1423849,1493.8096

-0.029846005,1.3680365,0.0068317186,-0.05827422,-0.19232213,0.001735938,0.9795985,-1.1762807,-22.147936,352.961,31.85000000000582,1.1423849,1493.8096

-0.03041301,1.3681225,0.0066445507,-0.05821953,-0.1929049,0.0024198322,0.9794857,-1.0968784,-22.220802,352.98138,31.866666666668607,1.1423849,1493.8096

-0.030948775,1.368203,0.006450398,-0.058081333,-0.19355583,0.0031014155,0.9793636,-1.0162395,-22.301685,353.01175,31.883333333331393,1.1423849,1493.8096

-0.029790983,1.3684324,0.005593205,-0.05790467,-0.19414046,0.003619379,0.9792566,-0.95389944,-22.373692,353.04327,31.89999999999418,1.1423849,1493.8096

-0.029661817,1.3685291,0.0051859785,-0.05790696,-0.19457772,0.004141425,0.9791676,-0.8941317,-22.428366,353.05377,31.916666666656965,1.1423849,1493.8096

-0.029825196,1.3685853,0.0049255844,-0.0577833,-0.19476727,0.0045083244,0.9791356,-0.8481341,-22.453167,353.0769,31.93333333331975,1.1423849,1493.8096

-0.030046528,1.3686149,0.0047108307,-0.057638206,-0.19465573,0.0046839085,0.9791655,-0.8224273,-22.441523,353.09924,31.95000000001164,1.1423849,1493.8096

-0.030247524,1.3686162,0.004490515,-0.057753626,-0.19432424,0.004720731,0.9792243,-0.8181075,-22.403034,353.08728,31.966666666674428,1.1423849,1493.8096

-0.030397534,1.3686022,0.004245663,-0.057920348,-0.19394451,0.0046301926,0.9792902,-0.83008045,-22.357985,353.06628,31.983333333337214,1.1423849,1493.8096

-0.030495696,1.3685623,0.003976114,-0.05810458,-0.19368678,0.0045320494,0.9793308,-0.84435236,-22.327085,353.04248,32.0,1.1423849,1493.8096

-0.030430496,1.3671994,0.0036276653,-0.0582763,-0.19367746,0.004321398,0.9793233,-0.87395126,-22.32435,353.0166,32.016666666662786,1.1423849,1493.8096

-0.030404232,1.3666958,0.003368048,-0.058386765,-0.19377384,0.0042239833,0.9792981,-0.8891982,-22.334795,353.00046,32.03333333332557,1.1423849,1493.8096

-0.030393297,1.3664565,0.0031411313,-0.05828678,-0.19399886,0.0041787038,0.9792597,-0.89410335,-22.360796,353.01065,32.04999999998836,1.1423849,1493.8096

-0.030376755,1.3662943,0.0029085595,-0.058319885,-0.19422898,0.0040816455,0.9792125,-0.90853524,-22.386902,353.00342,32.06666666668025,1.1423849,1493.8096

-0.030346014,1.3661523,0.0026625004,-0.05851341,-0.1943491,0.003941002,0.9791777,-0.93123823,-22.399717,352.976,32.083333333343035,1.1423849,1493.8096

-0.029211799,1.3654835,0.0029547159,-0.058684707,-0.19426368,0.003605814,0.9791857,-0.97533727,-22.38719,352.94745,32.10000000000582,1.1423849,1493.8096

-0.028762199,1.3652104,0.0029297192,-0.058848247,-0.19422878,0.0034003535,0.9791836,-1.0039169,-22.38148,352.92276,32.11666666666861,1.1423849,1493.8096

-0.028519318,1.3650832,0.0028130338,-0.058833197,-0.19430664,0.0032781838,0.9791694,-1.0190156,-22.38969,352.92136,32.13333333333139,1.1423849,1493.8096

-0.028341321,1.3650033,0.0026676487,-0.058732748,-0.19445375,0.0033017807,0.9791462,-1.01494,-22.407112,352.93356,32.14999999999418,1.1423849,1493.8096

-0.028187422,1.364933,0.0025096647,-0.058772847,-0.19460532,0.0033992294,0.97911334,-1.0053288,-22.425444,352.9304,32.166666666656965,1.1423849,1493.8096

-0.028048858,1.3648591,0.0023587197,-0.058843873,-0.194764,0.0034780572,0.9790772,-0.9987832,-22.444439,352.92297,32.18333333331975,1.1423849,1493.8096

-0.027928665,1.3647753,0.0022376087,-0.058846347,-0.19492632,0.0034954431,0.97904474,-0.9980678,-22.463486,352.92242,32.20000000001164,1.1423849,1493.8096

-0.027595177,1.3653098,0.0048404746,-0.058679067,-0.19497445,0.0033297392,0.9790458,-1.0145271,-22.468077,352.93863,32.21666666667443,1.1423849,1493.8096

-0.027419163,1.3654187,0.005689457,-0.058379855,-0.19498707,0.0031571118,0.9790617,-1.0283422,-22.46862,352.97092,32.233333333337214,1.1423849,1493.8096

-0.027278818,1.3653723,0.005949378,-0.058152806,-0.19499105,0.0030148367,0.9790749,-1.0401491,-22.46831,352.99515,32.25,1.1423849,1493.8096

-0.027123561,1.3652635,0.005987454,-0.05813031,-0.19503467,0.0028720833,0.979068,-1.0572878,-22.472397,352.99426,32.266666666662786,1.1423849,1493.8096

-0.02694094,1.3651245,0.005914964,-0.058265757,-0.1951656,0.002706483,0.9790343,-1.0817401,-22.486334,352.97324,32.28333333332557,1.1423849,1493.8096

-0.026734104,1.3649708,0.0057886336,-0.058400914,-0.19533096,0.002506291,0.9789938,-1.1106766,-22.504026,352.95126,32.29999999998836,1.1423849,1493.8096

-0.026187422,1.3648541,0.0071927197,-0.058422733,-0.1954514,0.002281062,0.978969,-1.1395425,-22.516422,352.9427,32.31666666668025,1.1423849,1493.8096

-0.025843874,1.3646969,0.0075186472,-0.058516987,-0.19562048,0.0020192757,0.9789302,-1.1750135,-22.534143,352.92416,32.333333333343035,1.1423849,1493.8096

-0.02556338,1.3645216,0.0074754506,-0.05869793,-0.1957474,0.0017449943,0.97889453,-1.2137675,-22.54674,352.89496,32.35000000000582,1.1423849,1493.8096

-0.02531056,1.3643401,0.007312078,-0.058769338,-0.19572511,0.0015218634,0.97889507,-1.2424078,-22.542435,352.88095,32.36666666666861,1.1423849,1493.8096

-0.025075095,1.3641578,0.007103985,-0.05892045,-0.19549079,0.001323645,0.97893304,-1.2681727,-22.513481,352.85876,32.38333333333139,1.1423849,1493.8096

-0.0248539,1.3639789,0.006868651,-0.059264056,-0.19513032,0.0011434503,0.9789845,-1.295326,-22.46969,352.81418,32.39999999999418,1.1423849,1493.8096

-0.026057674,1.3632019,0.006660141,-0.059474804,-0.19486903,0.0009243502,0.979024,-1.3247912,-22.437342,352.78442,32.416666666656965,1.1423849,1493.8096

-0.026337309,1.3628346,0.0064133815,-0.05976609,-0.19482142,0.00088025647,0.9790157,-1.3367715,-22.43107,352.7481,32.43333333331975,1.1423849,1493.8096

-0.026327036,1.3626074,0.0061365813,-0.060104445,-0.1950183,0.0009116034,0.9789558,-1.3428342,-22.45379,352.70673,32.45000000001164,1.1423849,1493.8096

-0.02623079,1.3624235,0.00585559,-0.060376715,-0.19536719,0.0010091066,0.9788694,-1.3406017,-22.494812,352.67432,32.46666666667443,1.1423849,1493.8096

-0.026110994,1.3622411,0.0055639334,-0.060751505,-0.19579978,0.0011249158,0.9787596,-1.3393899,-22.545593,352.62943,32.483333333337214,1.1423849,1493.8096

-0.026828682,1.3620094,0.005979512,-0.06116844,-0.19612284,0.0012475847,0.97866887,-1.3374559,-22.583612,352.58005,32.5,1.1423849,1493.8096

-0.026979007,1.3618207,0.0059363116,-0.06166413,-0.19640025,0.0012751316,0.9785821,-1.3486273,-22.615486,352.51898,32.516666666662786,1.1423849,1493.8096

-0.02694556,1.361645,0.0057609063,-0.062050674,-0.19655599,0.0012449863,0.97852635,-1.3630983,-22.632872,352.4704,32.53333333332557,1.1420283,1494.3953

-0.026867442,1.36147,0.005579643,-0.062274683,-0.19649988,0.0012329088,0.97852343,-1.3695314,-22.625927,352.44302,32.54999999998836,1.1420283,1494.3953

-0.026797205,1.3612936,0.0054249708,-0.062447485,-0.19617933,0.0012158934,0.9785768,-1.3729448,-22.588186,352.42307,32.56666666668025,1.1420283,1494.3953

-0.026747227,1.361115,0.005278915,-0.06271558,-0.19564912,0.0011521572,0.9786658,-1.3824483,-22.52551,352.39136,32.583333333343035,1.1420283,1494.3953

-0.026722208,1.3609474,0.0051305518,-0.062933624,-0.19499488,0.001018412,0.9787826,-1.3980763,-22.447912,352.3647,32.60000000000582,1.1420283,1494.3953

-0.027358219,1.3605999,0.0060029663,-0.06298314,-0.19424775,0.0009380264,0.978928,-1.4022931,-22.360153,352.3603,32.61666666666861,1.1420283,1494.3953

-0.027623326,1.3603982,0.006195139,-0.063058175,-0.19369249,0.0007569497,0.97903335,-1.421046,-22.293938,352.34946,32.63333333333139,1.1420283,1494.3953

-0.027774043,1.3602381,0.006160902,-0.063247606,-0.19326311,0.0006081444,0.97910607,-1.4397408,-22.24248,352.32492,32.64999999999418,1.1420283,1494.3953

-0.027898205,1.3600998,0.0060610715,-0.06336784,-0.19282983,0.00053612527,0.9791838,-1.4474173,-22.191267,352.31064,32.666666666656965,1.1420283,1494.3953

-0.028017022,1.3599814,0.005930854,-0.06349617,-0.19242984,0.0005154065,0.9792542,-1.4493593,-22.144323,352.29645,32.68333333331975,1.1420283,1494.3953

-0.027985692,1.3600124,0.0061683524,-0.06362872,-0.19200377,0.00053068827,0.9793292,-1.4467937,-22.094625,352.28275,32.70000000001164,1.1420283,1494.3953

-0.02806673,1.3600047,0.0061899163,-0.06380958,-0.19171506,0.0005335515,0.979374,-1.4481137,-22.060757,352.2622,32.71666666667443,1.1420283,1494.3953

-0.028191185,1.3600003,0.006162759,-0.063943364,-0.19141684,0.000539757,0.9794236,-1.4478155,-22.02588,352.2475,32.733333333337214,1.1420283,1494.3953

-0.028343998,1.3600259,0.0061344225,-0.064050816,-0.19106556,0.000526103,0.97948515,-1.4488053,-21.98471,352.2358,32.75,1.1420283,1494.3953

-0.02852372,1.3600829,0.006120812,-0.06404233,-0.19070068,0.00050367514,0.9795568,-1.4479926,-21.942062,352.23804,32.766666666662786,1.1420283,1494.3953

-0.028717361,1.3601595,0.0061205216,-0.063807316,-0.19036652,0.00046092726,0.9796372,-1.4445943,-21.90317,352.2672,32.78333333332557,1.1420283,1494.3953

-0.028917514,1.3602501,0.006127108,-0.06349473,-0.18998289,0.00038259884,0.979732,-1.4432553,-21.858349,352.30518,32.79999999998836,1.1420283,1494.3953

-0.029455485,1.3607595,0.0066325013,-0.06316722,-0.18950582,0.00032094013,0.9798456,-1.4387463,-21.802813,352.34576,32.81666666668025,1.1420283,1494.3953

-0.029732376,1.3610065,0.0067795236,-0.0629667,-0.18894999,0.00023855946,0.97996587,-1.439043,-21.737766,352.3708,32.833333333343035,1.1420283,1494.3953

-0.029910706,1.3611455,0.0067988634,-0.06292743,-0.18846247,0.00017157958,0.98006225,-1.4418663,-21.680561,352.3763,32.85000000000582,1.1420283,1494.3953

-0.03003367,1.3612251,0.0067682844,-0.06284428,-0.18818231,0.000168577,0.98012143,-1.4377989,-21.648054,352.38763,32.86666666666861,1.1420283,1494.3953

-0.030105984,1.3612622,0.006699333,-0.062795095,-0.18811628,0.00023685729,0.9801372,-1.4278225,-21.64097,352.39548,32.88333333333139,1.1420283,1494.3953

-0.030137299,1.3612591,0.006594958,-0.0628171,-0.18819267,0.00040635662,0.98012114,-1.4085371,-21.65114,352.39633,32.89999999999418,1.1420283,1494.3953

-0.030777328,1.3613946,0.0065577943,-0.06308327,-0.18854769,0.0006523159,0.98003566,-1.388166,-21.693985,352.36807,32.916666666656965,1.1420283,1494.3953

-0.030962445,1.3613962,0.006421577,-0.063377745,-0.18888412,0.0008746239,0.9799517,-1.3711637,-21.734459,352.3359,32.93333333331975,1.1420283,1494.3953

-0.031002028,1.3613517,0.0062317085,-0.06364499,-0.18918803,0.0010445325,0.97987556,-1.3595872,-21.770788,352.306,32.95000000001164,1.1420283,1494.3953

-0.030989088,1.3612947,0.0059952233,-0.06401057,-0.18936883,0.0011179401,0.9798167,-1.360883,-21.7919,352.26248,32.96666666667443,1.1420283,1494.3953

-0.030956969,1.3612334,0.0057216603,-0.06449823,-0.18939102,0.001103461,0.97978044,-1.3742326,-21.79369,352.20282,32.983333333337214,1.1420283,1494.3953

-0.03125174,1.3610426,0.005445482,-0.06497237,-0.18925156,0.0008835911,0.97977626,-1.4106104,-21.775032,352.14078,33.0,1.1420283,1494.3953

-0.031284276,1.3609415,0.005193537,-0.065428145,-0.18909097,0.00067392667,0.97977716,-1.4451048,-21.753996,352.08136,33.016666666662786,1.1420283,1494.3953

-0.031217203,1.3608736,0.004966153,-0.065917,-0.1889336,0.000451127,0.9797749,-1.4819595,-21.73315,352.01764,33.03333333332557,1.1420283,1494.3953

-0.031110188,1.3608176,0.004762206,-0.066343516,-0.18883,0.00024470684,0.97976613,-1.5158617,-21.71876,351.96158,33.04999999998836,1.1420283,1494.3953

-0.030999547,1.3607694,0.004584117,-0.06669078,-0.18883318,7.239375e-05,0.979742,-1.5447942,-21.717175,351.91544,33.06666666668025,1.1420283,1494.3953

-0.030909456,1.3607236,0.0044414345,-0.06689319,-0.18894914,-1.8287446e-05,0.9797058,-1.561565,-21.729599,351.8882,33.083333333343035,1.1420283,1494.3953

-0.030845424,1.3606755,0.0043371934,-0.066984355,-0.18910694,-3.6380905e-05,0.97966915,-1.5673794,-21.747663,351.87592,33.10000000000582,1.1420283,1494.3953

-0.031042598,1.3606648,0.0042395834,-0.067106485,-0.18929128,-4.2604344e-05,0.9796252,-1.5727412,-21.76887,351.86002,33.11666666666861,1.1420283,1494.3953

-0.031081744,1.3606409,0.004179759,-0.067287505,-0.18941322,-8.0169164e-05,0.97958916,-1.5826758,-21.782455,351.83655,33.13333333333139,1.1423849,1493.8096

-0.031072302,1.3606108,0.0041397847,-0.067474045,-0.18945266,-0.00015093687,0.9795687,-1.5959649,-21.786156,351.81207,33.14999999999418,1.1423849,1493.8096

-0.031040886,1.3605827,0.00410893,-0.06764705,-0.18943231,-0.00029205065,0.9795607,-1.6168631,-21.782322,351.78787,33.166666666656965,1.1423849,1493.8096

-0.030993462,1.360557,0.0040764473,-0.06778891,-0.18941323,-0.00045992743,0.97955453,-1.6402774,-21.778465,351.76688,33.18333333331975,1.1423849,1493.8096

-0.030941268,1.360536,0.0040395074,-0.06795705,-0.18935254,-0.0006601811,0.9795545,-1.667811,-21.769438,351.74213,33.20000000001164,1.1423849,1493.8096

-0.031061657,1.3605272,0.0041079354,-0.06812,-0.18915693,-0.0009669441,0.97958064,-1.706768,-21.743816,351.71628,33.21666666667443,1.1423849,1493.8096

-0.031092314,1.3605216,0.004143534,-0.06833066,-0.18881185,-0.0012313982,0.9796323,-1.7402395,-21.701069,351.68643,33.233333333337214,1.1423849,1493.8096

-0.031116448,1.3605206,0.004183259,-0.06857925,-0.18839842,-0.0014716358,0.9796942,-1.7709616,-21.650494,351.6529,33.25,1.1423849,1493.8096

-0.031153254,1.3605227,0.0042320527,-0.068786524,-0.18807659,-0.0016629231,0.9797412,-1.795683,-21.611061,351.6251,33.266666666662786,1.1423849,1493.8096

-0.031201452,1.3605278,0.0042831264,-0.068958715,-0.18793443,-0.0017921827,0.9797562,-1.8138628,-21.593105,351.60196,33.28333333332557,1.1423849,1493.8096

-0.03125369,1.360533,0.0043288786,-0.069083504,-0.18800007,-0.0018426054,0.97973466,-1.8234881,-21.600075,351.58533,33.29999999998836,1.1423849,1493.8096

-0.031161623,1.3604825,0.0040045064,-0.06921597,-0.18790619,-0.0018235419,0.97974336,-1.8233181,-21.589073,351.5702,33.31666666668025,1.1423849,1493.8096

-0.031193977,1.360474,0.0039588343,-0.06936002,-0.18794464,-0.0017010561,0.9797261,-1.8122499,-21.59433,351.5553,33.333333333343035,1.1423849,1493.8096

-0.031274233,1.3604811,0.004013678,-0.06955313,-0.18799016,-0.0015558681,0.97970384,-1.7996492,-21.600517,351.53494,33.35000000000582,1.1423849,1493.8096

-0.031378463,1.3604975,0.0041105263,-0.06985103,-0.18798433,-0.0014142141,0.979684,-1.7893883,-21.600515,351.50208,33.36666666666861,1.1423849,1493.8096

-0.03149937,1.360528,0.00424619,-0.07013899,-0.18786158,-0.0013023354,0.9796871,-1.7813166,-21.586683,351.47037,33.38333333333139,1.1423849,1493.8096

-0.031635858,1.3605709,0.004413126,-0.07028822,-0.18776095,-0.0011426574,0.9796959,-1.764486,-21.576097,351.45645,33.39999999999418,1.1423849,1493.8096

-0.03141468,1.3603826,0.0035565887,-0.07021236,-0.18765233,-0.0010323904,0.9797223,-1.7483356,-21.564562,351.46875,33.416666666656965,1.1423849,1493.8096

-0.031438153,1.3603612,0.003411822,-0.07024019,-0.18774626,-0.000975254,0.97970235,-1.7430266,-21.57593,351.4662,33.43333333331975,1.1423849,1493.8096

-0.031539608,1.3603996,0.0035132132,-0.07034874,-0.18786623,-0.0010046251,0.97967154,-1.7502862,-21.58943,351.4517,33.45000000001164,1.1423849,1493.8096

-0.031663373,1.3604603,0.003716953,-0.07049464,-0.18792346,-0.0010663869,0.97965,-1.7616918,-21.59529,351.43228,33.46666666667443,1.1423849,1493.8096

-0.031797994,1.3605356,0.0039957054,-0.07054225,-0.18785957,-0.0010989679,0.9796588,-1.7660809,-21.587486,351.4261,33.483333333337214,1.1423849,1493.8096

-0.031574816,1.360333,0.0034640692,-0.0703412,-0.1875872,-0.0010181927,0.97972554,-1.7489443,-21.55688,351.45377,33.5,1.1423849,1493.8096

-0.031596467,1.3603344,0.0035444442,-0.07005734,-0.18741347,-0.0009707789,0.9797792,-1.7349299,-21.537594,351.49026,33.516666666662786,1.1423849,1493.8096

-0.031681456,1.3604009,0.0038286783,-0.06987295,-0.18727414,-0.0009283056,0.979819,-1.7241625,-21.522083,351.5143,33.53333333332557,1.1423849,1493.8096

-0.03178051,1.3604914,0.004171895,-0.0698209,-0.18716386,-0.00090229977,0.9798438,-1.718727,-21.509573,351.52182,33.54999999998836,1.1423849,1493.8096

-0.031892274,1.3605958,0.0045384634,-0.06970409,-0.18710074,-0.0008830741,0.9798642,-1.7130896,-21.502604,351.53674,33.56666666668025,1.1423849,1493.8096

-0.032015383,1.3607137,0.0049159564,-0.06948564,-0.18713975,-0.00090732716,0.9798723,-1.7113717,-21.507315,351.5625,33.583333333343035,1.1423849,1493.8096

-0.032145757,1.3608398,0.0052990336,-0.069342464,-0.18723518,-0.0009874633,0.97986406,-1.7186866,-21.517975,351.5775,33.60000000000582,1.1423849,1493.8096

-0.03189444,1.3608352,0.0049945414,-0.06932456,-0.18712375,-0.0010644267,0.9798866,-1.7264563,-21.50439,351.57852,33.61666666666861,1.1423849,1493.8096

-0.031934872,1.3609227,0.005171446,-0.06925586,-0.18691312,-0.0011842034,0.9799315,-1.7372403,-21.478994,351.58524,33.63333333333139,1.1423849,1493.8096

-0.032075547,1.3610414,0.0055114888,-0.069084086,-0.18660232,-0.0013080391,0.98000264,-1.7451596,-21.442102,351.6049,33.64999999999418,1.1423849,1493.8096

-0.032245927,1.3611732,0.005902281,-0.06891426,-0.18628228,-0.0014555362,0.9800753,-1.7558976,-21.40393,351.62384,33.666666666656965,1.1423849,1493.8096

-0.03242251,1.3613145,0.0063055474,-0.06877573,-0.18599634,-0.0015864187,0.98013914,-1.7656943,-21.369825,351.63916,33.68333333331975,1.1423849,1493.8096

-0.03259521,1.3614625,0.00670032,-0.06870346,-0.18575782,-0.0016899457,0.98018926,-1.7741797,-21.341343,351.64682,33.70000000001164,1.1423849,1493.8096

-0.032506693,1.3613602,0.006031165,-0.068840146,-0.18565914,-0.001717791,0.9801983,-1.7796851,-21.329388,351.63016,33.71666666667443,1.1423849,1493.8096

-0.032564484,1.3613985,0.0060157925,-0.068992585,-0.18562068,-0.001713746,0.9801949,-1.7822957,-21.324675,351.61197,33.733333333337214,1.1423849,1493.8096

-0.032667592,1.361476,0.0062135495,-0.06901625,-0.18567155,-0.0016453633,0.9801837,-1.7750949,-21.33113,351.61038,33.75,1.1423849,1493.8096

-0.032779977,1.361557,0.0064767897,-0.06900831,-0.18578154,-0.0015217531,0.98016363,-1.7610981,-21.344984,351.61356,33.766666666662786,1.1423849,1493.8096

-0.03289736,1.36162,0.0067645498,-0.069105715,-0.18583632,-0.0013864486,0.98014665,-1.7475518,-21.352333,351.60452,33.78333333332557,1.1423849,1493.8096

-0.03301691,1.3616655,0.0070594177,-0.069323406,-0.18589073,-0.001285103,0.980121,-1.740846,-21.359135,351.58014,33.79999999998836,1.1423849,1493.8096

-0.03269087,1.3614204,0.006346995,-0.06956271,-0.18603708,-0.0012423198,0.9800764,-1.742608,-21.376093,351.55133,33.81666666668025,1.1423849,1493.8096

-0.032629892,1.3613372,0.006312281,-0.06966214,-0.18618104,-0.0012303479,0.980042,-1.7448689,-21.392756,351.5388,33.833333333343035,1.1423849,1493.8096

-0.032627504,1.3613017,0.0064882804,-0.069677114,-0.18626748,-0.0012615423,0.98002446,-1.7498323,-21.402512,351.53583,33.85000000000582,1.1423849,1493.8096

-0.032626715,1.3612759,0.0067279357,-0.06977912,-0.18618992,-0.0013232961,0.98003185,-1.7588416,-21.392778,351.52246,33.86666666666861,1.1423849,1493.8096

-0.032619953,1.3612546,0.006981278,-0.06989838,-0.18599921,-0.001412735,0.9800594,-1.770452,-21.36962,351.507,33.88333333333139,1.1423849,1493.8096

-0.032607652,1.3612366,0.007225614,-0.070086345,-0.18575399,-0.001558251,0.9800923,-1.7898358,-21.339514,351.4822,33.89999999999418,1.1423849,1493.8096

-0.032009207,1.3609345,0.006268235,-0.0705283,-0.18549995,-0.0018506316,0.9801082,-1.8326002,-21.30663,351.42346,33.916666666656965,1.1423849,1493.8096

-0.031771533,1.3608202,0.00607883,-0.070853,-0.1852188,-0.002102265,0.98013747,-1.8674681,-21.271137,351.37997,33.93333333331975,1.1423849,1493.8096

-0.031647474,1.3607788,0.006141415,-0.071066484,-0.18497895,-0.0023058164,0.98016685,-1.894404,-21.241068,351.35083,33.95000000001164,1.1423849,1493.8096

-0.031559236,1.3607743,0.006285917,-0.07134484,-0.1848129,-0.0024890746,0.98017746,-1.9211003,-21.219616,351.31393,33.96666666667443,1.1423849,1493.8096

-0.031481534,1.3607875,0.0064574704,-0.07166782,-0.18482602,-0.0026303513,0.98015106,-1.9455764,-21.21925,351.27155,33.983333333337214,1.1423849,1493.8096

-0.031417917,1.3608228,0.006667327,-0.071763955,-0.1850047,-0.0026957341,0.9801101,-1.9574729,-21.239243,351.25745,34.0,1.1423849,1493.8096

-0.03139086,1.3607255,0.0066655185,-0.07179127,-0.18527134,-0.0026547082,0.9800579,-1.9559013,-21.27054,351.25357,34.016666666662786,1.1423849,1493.8096

-0.031380177,1.3607302,0.006842101,-0.07172081,-0.18546437,-0.0026147137,0.9800266,-1.9514705,-21.293465,351.26193,34.03333333332557,1.1423849,1493.8096

-0.031397983,1.3607726,0.0071005784,-0.07154415,-0.18556112,-0.0026171026,0.98002124,-1.9487302,-21.305042,351.2827,34.04999999998836,1.1423849,1493.8096

-0.0314425,1.3608304,0.007400438,-0.07131115,-0.1855944,-0.0026717882,0.9800317,-1.9503516,-21.308887,351.30954,34.06666666668025,1.1423849,1493.8096

-0.03150311,1.3608867,0.007720817,-0.07099298,-0.18554422,-0.0027481972,0.98006415,-1.9517945,-21.303017,351.34665,34.083333333343035,1.1423849,1493.8096

-0.03155985,1.3609353,0.008032382,-0.07081879,-0.18543665,-0.0028778694,0.98009676,-1.9623535,-21.289724,351.36545,34.10000000000582,1.1423849,1493.8096

-0.031787712,1.361105,0.00838742,-0.071020976,-0.18529756,-0.0030097966,0.980108,-1.9814285,-21.271992,351.33878,34.11666666666861,1.1423849,1493.8096

-0.03188566,1.361171,0.008649252,-0.071081005,-0.18521918,-0.003081508,0.9801183,-1.9906303,-21.26213,351.33032,34.13333333333139,1.1423849,1493.8096

-0.031953283,1.3612089,0.0088989325,-0.071009524,-0.18518277,-0.003095098,0.9801303,-1.9902693,-21.257925,351.33887,34.14999999999418,1.1423849,1493.8096

-0.032028463,1.3612393,0.009155473,-0.070834436,-0.18521036,-0.0030544423,0.9801379,-1.9816742,-21.261843,351.36084,34.166666666656965,1.1423849,1493.8096

-0.032119915,1.3612754,0.009416215,-0.07058932,-0.18526243,-0.0030331274,0.98014575,-1.9740639,-21.268574,351.39072,34.18333333331975,1.1423849,1493.8096

-0.03222567,1.3613058,0.0096677765,-0.07040344,-0.18532053,-0.0030324718,0.98014814,-1.9703474,-21.275705,351.41293,34.20000000001164,1.1423849,1493.8096

-0.03200987,1.3613952,0.008909738,-0.07053837,-0.18533508,-0.0030305174,0.98013574,-1.9733292,-21.277143,351.39655,34.21666666667443,1.1423849,1493.8096

-0.03200505,1.3614243,0.008773293,-0.07052594,-0.18544117,-0.0030470116,0.98011655,-1.9761122,-21.289354,351.3971,34.233333333337214,1.1423849,1493.8096

-0.032064162,1.3614256,0.008845424,-0.0703398,-0.1855759,-0.0029759472,0.9801046,-1.9646783,-21.30601,351.4205,34.25,1.1423849,1493.8096

-0.03215055,1.3614132,0.0089824535,-0.070052534,-0.1856891,-0.0028154913,0.9801042,-1.9399389,-21.321136,351.45828,34.266666666662786,1.1423849,1493.8096

-0.032264043,1.3613819,0.009114575,-0.06990492,-0.18578646,-0.0025632554,0.980097,-1.9071523,-21.334929,351.48135,34.28333333332557,1.1423849,1493.8096

-0.032407563,1.3613296,0.009230124,-0.06996963,-0.18582848,-0.002307132,0.9800851,-1.8781812,-21.341906,351.47906,34.29999999998836,1.1423849,1493.8096

-0.032344375,1.3616452,0.008044507,-0.07035784,-0.18587,-0.002112771,0.98004985,-1.8640372,-21.34768,351.4362,34.31666666668025,1.1423849,1493.8096

-0.032448478,1.3617032,0.007698903,-0.070565455,-0.18589985,-0.0020567595,0.98002934,-1.8623296,-21.351244,351.4121,34.333333333343035,1.1423849,1493.8096

-0.032629605,1.361679,0.0076519605,-0.07056502,-0.18579338,-0.002007549,0.98004967,-1.8553116,-21.339298,351.41388,34.35000000000582,1.1423849,1493.8096

-0.032868534,1.3616112,0.0077330023,-0.07106243,-0.18533462,-0.0020199534,0.9801006,-1.863493,-21.284924,351.3558,34.36666666666861,1.1423849,1493.8096

-0.0331424,1.3615178,0.007837616,-0.07176986,-0.18483508,-0.0020805057,0.98014325,-1.8817616,-21.224981,351.27148,34.38333333333139,1.1423849,1493.8096

-0.03346296,1.3613945,0.008059092,-0.071079545,-0.18425241,-0.001738047,0.9803039,-1.8189436,-21.161598,351.36594,34.39999999999418,1.1423849,1493.8096

-0.033099823,1.361332,0.007709669,-0.069512025,-0.18413909,-0.0010282184,0.9804386,-1.6968933,-21.157394,351.5722,34.416666666656965,1.1423849,1493.8096

-0.033174742,1.3611926,0.0077861007,-0.06824043,-0.18386896,-0.00023101443,0.98057914,-1.5695313,-21.134872,351.74536,34.43333333331975,1.1423849,1493.8096

-0.0333786,1.3610843,0.008049265,-0.06688282,-0.18313117,0.00028196984,0.9808107,-1.4701732,-21.05548,351.92468,34.45000000001164,1.1420283,1494.3953

-0.033600237,1.3610437,0.008359546,-0.065497905,-0.18241134,0.00050826924,0.98103815,-1.4052013,-20.975676,352.1006,34.46666666667443,1.1420283,1494.3953

-0.033826943,1.3610263,0.008689441,-0.06393537,-0.18176249,0.0007494613,0.98126143,-1.3354152,-20.904348,352.2978,34.483333333337214,1.1420283,1494.3953

-0.03404581,1.3610363,0.008970382,-0.06276287,-0.18136348,0.0008840292,0.9814109,-1.2895997,-20.86058,352.44424,34.5,1.1420283,1494.3953

-0.033492394,1.3612902,0.008473745,-0.061555676,-0.1809928,0.001094782,0.9815555,-1.2342284,-20.820642,352.5963,34.516666666662786,1.1423849,1493.8096

-0.033462144,1.3613812,0.008423692,-0.06041823,-0.18075386,0.0013645578,0.98166996,-1.1745331,-20.796274,352.74063,34.53333333332557,1.1423849,1493.8096

-0.033599116,1.3614115,0.008494131,-0.05954613,-0.18055305,0.0016442193,0.9817597,-1.1199136,-20.775993,352.85294,34.54999999998836,1.1423849,1493.8096

-0.033780374,1.36144,0.008583307,-0.058822867,-0.18049426,0.0018267533,0.98181385,-1.0814683,-20.771286,352.94452,34.56666666668025,1.1423849,1493.8096

-0.033982,1.3614477,0.008688582,-0.057624854,-0.18056443,0.0022185347,0.9818711,-1.0083743,-20.783497,353.09753,34.583333333343035,1.1423849,1493.8096

-0.034188382,1.3614414,0.008756503,-0.05650317,-0.18074381,0.0026927101,0.9819021,-0.92786115,-20.808752,353.24274,34.60000000000582,1.1423849,1493.8096

-0.033978876,1.361424,0.00919047,-0.055987313,-0.18083224,0.0029358221,0.9819147,-0.8878385,-20.821175,353.3101,34.61666666666861,1.1423849,1493.8096

-0.03396653,1.3613837,0.009234194,-0.056053203,-0.18100543,0.0030685775,0.9818786,-0.8746423,-20.842161,353.30444,34.63333333333139,1.1423849,1493.8096

-0.034009866,1.3613204,0.009125128,-0.056360148,-0.18116173,0.0031153813,0.9818321,-0.877024,-20.860384,353.26785,34.64999999999418,1.1423849,1493.8096

-0.034052927,1.361241,0.008934479,-0.056672864,-0.18138313,0.003121905,0.9817732,-0.8848983,-20.885897,353.2294,34.666666666656965,1.1423849,1493.8096

-0.03408782,1.3611495,0.0086989775,-0.057079986,-0.18165681,0.0031443294,0.98169893,-0.8933891,-20.917517,353.17975,34.68333333331975,1.1423849,1493.8096

-0.034111504,1.3610526,0.008417496,-0.057933293,-0.18194339,0.0031080411,0.981596,-0.91905254,-20.949806,353.07477,34.70000000001164,1.1423849,1493.8096

-0.034021504,1.361119,0.008550361,-0.058709837,-0.18233767,0.0030485785,0.98147684,-0.9467225,-20.994503,352.97812,34.71666666667443,1.1423849,1493.8096

-0.03398097,1.3610756,0.008403229,-0.059233043,-0.1826573,0.003103345,0.98138577,-0.9544311,-21.031563,352.91483,34.733333333337214,1.1423849,1493.8096

-0.03394069,1.3609895,0.00816795,-0.0597826,-0.18295063,0.0032044684,0.98129755,-0.95697933,-21.06588,352.84952,34.75,1.1423849,1493.8096

-0.03390915,1.3608958,0.007936945,-0.060414713,-0.18303554,0.0032679755,0.9812427,-0.96424377,-21.075602,352.77414,34.766666666662786,1.1423849,1493.8096

-0.033896755,1.3608108,0.007723255,-0.06107941,-0.18302806,0.0032991348,0.9812029,-0.97538316,-21.074303,352.69446,34.78333333332557,1.1423849,1493.8096

-0.03390817,1.360744,0.007541716,-0.061600573,-0.18291144,0.0032067175,0.9811924,-0.9972592,-21.059528,352.62982,34.79999999998836,1.1423849,1493.8096

-0.034226973,1.3605226,0.0083030425,-0.061695594,-0.18291496,0.002983886,0.98118645,-1.026265,-21.058167,352.61334,34.81666666668025,1.1423849,1493.8096

-0.034345265,1.3604282,0.008459441,-0.06153864,-0.18292147,0.0028638572,0.9811955,-1.0372488,-21.058191,352.62964,34.833333333343035,1.1423849,1493.8096

-0.034385834,1.3603871,0.008420337,-0.0612056,-0.1829483,0.002734928,0.98121166,-1.0455176,-21.060703,352.66693,34.85000000000582,1.1423849,1493.8096

-0.034391247,1.3603562,0.0082842875,-0.06114709,-0.18294528,0.002532747,0.98121643,-1.0685303,-21.058905,352.66953,34.86666666666861,1.1423849,1493.8096

-0.034372322,1.3603241,0.008096462,-0.061569158,-0.18289734,0.002263368,0.9811996,-1.1100577,-21.050848,352.61267,34.88333333333139,1.1423849,1493.8096

-0.034338497,1.3602818,0.007882621,-0.061692398,-0.18292822,0.0021966435,0.9811863,-1.1211259,-21.053797,352.59613,34.89999999999418,1.1423849,1493.8096

-0.034675226,1.3601956,0.008868232,-0.061820194,-0.18278407,0.002079497,0.98120534,-1.1368781,-21.036003,352.57864,34.916666666656965,1.1423849,1493.8096

-0.034728054,1.3601313,0.009001007,-0.062206596,-0.18274382,0.002054755,0.9811885,-1.1481882,-21.030687,352.53156,34.93333333331975,1.1420283,1494.3953

-0.034693882,1.3600917,0.008836642,-0.06250915,-0.18313695,0.0021654973,0.98109573,-1.1450324,-21.076889,352.49576,34.95000000001164,1.1420283,1494.3953

-0.03464328,1.3600717,0.008593181,-0.062429667,-0.18377583,0.002425575,0.9809807,-1.1174111,-21.153261,352.50854,34.96666666667443,1.1420283,1494.3953

-0.0345974,1.3600701,0.008283213,-0.06250114,-0.18461145,0.0026552523,0.9808186,-1.0985429,-21.252127,352.50156,34.983333333337214,1.1420283,1494.3953

-0.034584414,1.3600665,0.007944509,-0.062372647,-0.18537793,0.0030042403,0.9806812,-1.0601254,-21.34409,352.52182,35.0,1.1420283,1494.3953

-0.034567907,1.3602284,0.008697588,-0.062485866,-0.1854762,0.003199399,0.98065484,-1.040014,-21.356886,352.51215,35.016666666662786,1.1420283,1494.3953

-0.034540024,1.3602271,0.008659333,-0.06283499,-0.18511747,0.0033485303,0.9806998,-1.0269066,-21.315922,352.47467,35.03333333332557,1.1420283,1494.3953

-0.034516484,1.3601702,0.008380897,-0.063077845,-0.1844439,0.003501133,0.9808106,-1.00822,-21.23849,352.45148,35.04999999998836,1.1420283,1494.3953

-0.034485225,1.3600848,0.007991785,-0.063427664,-0.18389091,0.0036829808,0.98089117,-0.98944926,-21.175209,352.41547,35.06666666668025,1.1420283,1494.3953

-0.034454145,1.3599886,0.007521322,-0.06391239,-0.18363848,0.0039376644,0.980906,-0.9675282,-21.14734,352.36353,35.083333333343035,1.1420283,1494.3953

-0.034421653,1.3598831,0.0070018303,-0.06444881,-0.18358135,0.0042110817,0.98088044,-0.946205,-21.142302,352.30496,35.10000000000582,1.1420283,1494.3953

-0.03476299,1.3596643,0.0077322368,-0.06470076,-0.18353966,0.004396487,0.98087084,-0.9291926,-21.138668,352.27878,35.11666666666861,1.1420283,1494.3953

-0.034830842,1.3595248,0.0076430663,-0.06486925,-0.1835323,0.0046020737,0.9808602,-0.9081652,-21.139267,352.26303,35.13333333333139,1.1420283,1494.3953

-0.03481368,1.3594202,0.0073024184,-0.064984396,-0.18372312,0.004910838,0.98081535,-0.8752447,-21.163784,352.25525,35.14999999999418,1.1420283,1494.3953

-0.034785308,1.3593454,0.006903939,-0.064932376,-0.1841394,0.005301847,0.98073864,-0.83060116,-21.215315,352.26865,35.166666666656965,1.1420283,1494.3953

-0.03476023,1.359285,0.006496785,-0.06498522,-0.18467592,0.0056296983,0.9806325,-0.7969801,-21.280254,352.26752,35.18333333331975,1.1420283,1494.3953

-0.03474435,1.3592423,0.0061075557,-0.06510066,-0.18507618,0.005852693,0.980548,-0.7762279,-21.328474,352.257,35.20000000001164,1.1420283,1494.3953

-0.03510266,1.3594574,0.007233735,-0.064851254,-0.18523572,0.0060030585,0.9805335,-0.753796,-21.348408,352.28998,35.21666666667443,1.1420283,1494.3953

-0.03522408,1.35954,0.007415915,-0.064576626,-0.18520248,0.006156929,0.98055696,-0.7286781,-21.345953,352.32687,35.233333333337214,1.1420283,1494.3953

-0.035287403,1.3595806,0.007293837,-0.06425455,-0.1849837,0.006316167,0.9806184,-0.700235,-21.321976,352.37033,35.25,1.1420283,1494.3953

-0.035316195,1.3596065,0.0070596673,-0.064079136,-0.1847724,0.006416223,0.9806691,-0.682357,-21.298292,352.39462,35.266666666662786,1.1420283,1494.3953

-0.035312228,1.3596222,0.0067708846,-0.064309135,-0.18467148,0.0064970464,0.9806725,-0.67698216,-21.287016,352.36896,35.28333333332557,1.1420283,1494.3953

-0.035277225,1.3596268,0.006462397,-0.064800605,-0.18463218,0.006585271,0.9806469,-0.677192,-21.282793,352.31158,35.29999999998836,1.1420283,1494.3953

-0.035067223,1.3600267,0.007902261,-0.065036744,-0.18451251,0.006564398,0.980654,-0.6840423,-21.268549,352.28296,35.31666666668025,1.1420283,1494.3953

-0.034964263,1.3601702,0.008216651,-0.06503952,-0.18446565,0.0065674284,0.9806626,-0.68333286,-21.263119,352.2829,35.333333333343035,1.1420283,1494.3953

-0.034888208,1.3602202,0.008181125,-0.06464874,-0.18456668,0.006656936,0.98066884,-0.6645299,-21.275839,352.33185,35.35000000000582,1.1420283,1494.3953

-0.03481122,1.3602296,0.0080152955,-0.06446015,-0.18469016,0.0067860596,0.9806571,-0.6457333,-21.291332,352.35715,35.36666666666861,1.1420283,1494.3953

-0.03472738,1.3602177,0.0077828337,-0.06457677,-0.18481328,0.0069375997,0.98062515,-0.63117564,-21.306757,352.34598,35.38333333333139,1.1420283,1494.3953

-0.034638204,1.3601916,0.0075128395,-0.06480118,-0.18493773,0.0070556332,0.98058605,-0.6231304,-21.322012,352.32098,35.39999999999418,1.1420283,1494.3953

-0.034441512,1.3601602,0.008672196,-0.064930744,-0.18497798,0.007068767,0.98056984,-0.6248493,-21.326717,352.30545,35.416666666656965,1.1420283,1494.3953

-0.03430053,1.3601451,0.008890616,-0.06535828,-0.18493594,0.0070092417,0.98054975,-0.64141417,-21.321081,352.25244,35.43333333331975,1.1420283,1494.3953

-0.03418151,1.3601583,0.0088536795,-0.06554776,-0.18480386,0.0069609974,0.9805624,-0.6503981,-21.305212,352.2289,35.45000000001164,1.1420283,1494.3953

-0.034074694,1.3601933,0.008791447,-0.06530394,-0.18460944,0.0069445423,0.9806154,-0.6451342,-21.282627,352.25882,35.46666666667443,1.1420283,1494.3953

-0.033975173,1.3602417,0.008724397,-0.06515839,-0.1844731,0.0069720615,0.98065054,-0.63732064,-21.267082,352.2776,35.483333333337214,1.1420283,1494.3953

-0.033874903,1.3602912,0.008638203,-0.0652002,-0.18449017,0.0070299623,0.9806441,-0.63143957,-21.269495,352.27377,35.5,1.1420283,1494.3953

-0.033958096,1.3602407,0.009494575,-0.06527656,-0.1846904,0.0071159475,0.9806007,-0.62454957,-21.293411,352.2657,35.516666666662786,1.1420283,1494.3953

-0.033948217,1.3602767,0.009754414,-0.06525096,-0.18514386,0.0072921445,0.9805156,-0.6066564,-21.347563,352.2711,35.53333333332557,1.1420283,1494.3953

-0.033926554,1.3603489,0.009858476,-0.06498733,-0.18575026,0.007490103,0.98041695,-0.5819958,-21.419827,352.30527,35.54999999998836,1.1420283,1494.3953

-0.03391536,1.360429,0.009954929,-0.06441076,-0.18620439,0.0076340013,0.9803677,-0.55529886,-21.474123,352.37677,35.56666666668025,1.1420283,1494.3953

-0.03390549,1.3604919,0.01004211,-0.06404694,-0.18629842,0.0075952183,0.98037404,-0.5524154,-21.484972,352.41965,35.583333333343035,1.1420283,1494.3953

-0.033888385,1.360531,0.01007905,-0.064265445,-0.1862368,0.007354737,0.98037326,-0.5859399,-21.475815,352.3879,35.60000000000582,1.1420283,1494.3953

-0.034120556,1.3603635,0.010304188,-0.06432027,-0.18630084,0.007023362,0.9803599,-0.62774444,-21.480667,352.37344,35.61666666666861,1.1420283,1494.3953

-0.034217782,1.3603262,0.010380292,-0.06428164,-0.18651845,0.006738963,0.980323,-0.66305345,-21.503805,352.37082,35.63333333333139,1.1420283,1494.3953

-0.034273952,1.3603281,0.010394452,-0.064351216,-0.18678881,0.0065244413,0.9802685,-0.69288385,-21.533556,352.35645,35.64999999999418,1.1420283,1494.3953

-0.03432142,1.36035,0.010380236,-0.06457277,-0.18690705,0.006319079,0.9802327,-0.7238118,-21.545557,352.32443,35.666666666656965,1.1420283,1494.3953

-0.034381416,1.3603951,0.01036823,-0.06460223,-0.18678592,0.0060969773,0.98025525,-0.75025177,-21.529705,352.31628,35.68333333331975,1.1420283,1494.3953

-0.03446798,1.3604501,0.01037238,-0.06458445,-0.18641645,0.0059102126,0.9803279,-0.76916933,-21.485264,352.3156,35.70000000001164,1.1420283,1494.3953

-0.034654677,1.3603054,0.010193922,-0.06475992,-0.1858546,0.0056915483,0.9804243,-0.79468364,-21.418037,352.29156,35.71666666667443,1.1420283,1494.3953

-0.034823023,1.3603079,0.010149341,-0.06525327,-0.18529318,0.005515469,0.98049885,-0.8222856,-21.350935,352.23,35.733333333337214,1.1420283,1494.3953

-0.034987744,1.3603555,0.010163091,-0.06578099,-0.18486026,0.0054298528,0.9805458,-0.84081644,-21.29945,352.16586,35.75,1.1420283,1494.3953

-0.03516356,1.360424,0.010224421,-0.06593592,-0.18460748,0.0054896837,0.9805827,-0.83488274,-21.270393,352.14948,35.766666666662786,1.1420283,1494.3953

-0.035350356,1.3604908,0.01031059,-0.06580137,-0.18454239,0.0056026373,0.98060334,-0.81762934,-21.263834,352.16858,35.78333333332557,1.1420283,1494.3953

-0.035546944,1.3605429,0.010386368,-0.0657494,-0.18466116,0.005724222,0.9805838,-0.8028431,-21.278662,352.17712,35.79999999998836,1.1420283,1494.3953

-0.035642877,1.3606111,0.010111475,-0.06579488,-0.18485218,0.0059560104,0.9805433,-0.77762496,-21.302687,352.1761,35.81666666668025,1.1420283,1494.3953

-0.035819553,1.3606402,0.010066643,-0.06591076,-0.18505019,0.0061997334,0.9804967,-0.75263196,-21.327568,352.1668,35.833333333343035,1.1420283,1494.3953

-0.036007196,1.3606497,0.0100969225,-0.06604266,-0.18517828,0.0064374055,0.9804621,-0.72811633,-21.344261,352.15567,35.85000000000582,1.1420283,1494.3953

-0.03618448,1.3606477,0.01013702,-0.06624241,-0.18525656,0.0066553997,0.9804324,-0.70708346,-21.354963,352.13608,35.86666666666861,1.1420283,1494.3953

-0.03633944,1.3606423,0.010153519,-0.066563025,-0.18535493,0.006792169,0.98039114,-0.698791,-21.36727,352.09995,35.88333333333139,1.1420283,1494.3953

-0.036471546,1.3606385,0.0101537425,-0.06679254,-0.18542066,0.0068350146,0.98036283,-0.6994585,-21.375097,352.07285,35.89999999999418,1.1420283,1494.3953

-0.036495242,1.3605258,0.009912193,-0.06674251,-0.18544224,0.006759679,0.98036265,-0.7075928,-21.377037,352.07712,35.916666666656965,1.1420283,1494.3953

-0.036551453,1.360501,0.0098439995,-0.06656908,-0.1852534,0.0065953396,0.98041123,-0.7217618,-21.353874,352.09515,35.93333333331975,1.1420283,1494.3953

-0.036621608,1.360501,0.009819558,-0.066823654,-0.18491982,0.0063825934,0.9804583,-0.750242,-21.313168,352.06082,35.95000000001164,1.1420283,1494.3953

-0.03669594,1.3605183,0.009842256,-0.0670484,-0.18455611,0.006202073,0.9805127,-0.7738547,-21.269236,352.03098,35.96666666667443,1.1420283,1494.3953

-0.03676979,1.3605484,0.009932887,-0.06692771,-0.18417183,0.0061517195,0.98059344,-0.7737269,-21.22423,352.046,35.983333333337214,1.1420283,1494.3953

-0.036846053,1.3605858,0.01006368,-0.06666579,-0.18381542,0.0062849326,0.9806773,-0.7485473,-21.184061,352.0821,36.0,1.1420283,1494.3953

-0.036992546,1.3607309,0.009923734,-0.066589236,-0.18359248,0.00629921,0.98072416,-0.74310684,-21.158308,352.09256,36.016666666662786,1.1420283,1494.3953

-0.037075795,1.3608255,0.009998547,-0.06654999,-0.18343593,0.00629878,0.98075616,-0.74087703,-21.140135,352.09793,36.03333333332557,1.1420283,1494.3953

-0.037150953,1.3608972,0.010123074,-0.06663698,-0.1835647,0.006285955,0.98072624,-0.74553514,-21.154936,352.0866,36.04999999998836,1.1420283,1494.3953

-0.03722516,1.3609583,0.010240644,-0.066811316,-0.18405613,0.006277319,0.9806223,-0.75491405,-21.21188,352.06335,36.06666666668025,1.1420283,1494.3953

-0.03730408,1.3610195,0.010368351,-0.06686359,-0.18464307,0.0063214535,0.98050815,-0.7560413,-21.280457,352.05573,36.083333333343035,1.1420283,1494.3953

-0.03737408,1.3610876,0.010515967,-0.066839375,-0.18511064,0.0063396655,0.98042154,-0.7574876,-21.335007,352.0572,36.10000000000582,1.1420283,1494.3953

-0.037406787,1.3613089,0.010345222,-0.06685714,-0.18533449,0.006251309,0.9803785,-0.7705575,-21.360313,352.05212,36.11666666666861,1.1420283,1494.3953

-0.03741984,1.3614377,0.010419169,-0.06687176,-0.18541713,0.0060776896,0.980363,-0.7925727,-21.368511,352.0461,36.13333333333139,1.1420283,1494.3953

-0.03742689,1.3615456,0.010594379,-0.06677933,-0.18532598,0.005788683,0.98038834,-0.8244915,-21.355652,352.05115,36.14999999999418,1.1420283,1494.3953

-0.03743964,1.3616529,0.010829112,-0.066395395,-0.1851627,0.0055410475,0.9804467,-0.84411764,-21.334988,352.09274,36.166666666656965,1.1420283,1494.3953

-0.037445538,1.3617516,0.01104228,-0.06622738,-0.18525761,0.0054607065,0.98044056,-0.8508201,-21.34553,352.11087,36.18333333331975,1.1420283,1494.3953

-0.037430067,1.3618444,0.011249909,-0.06631749,-0.18540698,0.005449307,0.98040634,-0.8555917,-21.362734,352.0991,36.20000000001164,1.1420283,1494.3953

-0.03694569,1.3621088,0.010445971,-0.06650942,-0.18545485,0.005463997,0.9803842,-0.8586375,-21.368252,352.076,36.21666666667443,1.1420283,1494.3953

-0.036735747,1.3622417,0.010312524,-0.06666199,-0.18525669,0.0054025804,0.98041165,-0.8677454,-21.344572,352.05692,36.233333333337214,1.1420283,1494.3953

-0.03660506,1.3623246,0.010382663,-0.06692296,-0.18485278,0.0052678115,0.98047084,-0.8862959,-21.29627,352.0239,36.25,1.1420283,1494.3953

-0.036482472,1.3623805,0.010510981,-0.06709746,-0.18447931,0.0050922926,0.98053014,-0.9080345,-21.251253,352.00037,36.266666666662786,1.1420283,1494.3953

-0.03633944,1.362417,0.010649294,-0.06717576,-0.18429731,0.00494488,0.98055977,-0.92592245,-21.228815,351.9883,36.28333333332557,1.1420283,1494.3953

-0.036164027,1.3624351,0.010766596,-0.06741832,-0.18435788,0.0048636957,0.9805321,-0.9417641,-21.234964,351.95688,36.29999999998836,1.1420283,1494.3953

-0.036035605,1.3625946,0.010012394,-0.06778585,-0.18455532,0.004836404,0.98046976,-0.95521337,-21.257345,351.9109,36.31666666668025,1.1420283,1494.3953

-0.035858095,1.36262,0.009846462,-0.067982815,-0.18451203,0.0048830686,0.98046404,-0.9536672,-21.252504,351.88828,36.333333333343035,1.1420283,1494.3953

-0.035676893,1.3626076,0.00989341,-0.0681319,-0.18421614,0.004940325,0.9805091,-0.9474211,-21.218428,351.87277,36.35000000000582,1.1420283,1494.3953

-0.035496112,1.3625852,0.010018157,-0.06827931,-0.18392164,0.0050174315,0.9805537,-0.9387507,-21.18468,351.85788,36.36666666666861,1.1420283,1494.3953

-0.035308834,1.3625644,0.010170057,-0.06838677,-0.18380034,0.0050855987,0.98056865,-0.9318491,-21.17104,351.84692,36.38333333333139,1.1420283,1494.3953

-0.03511424,1.3625506,0.0103512425,-0.06825893,-0.18375853,0.005136819,0.9805851,-0.92240083,-21.166723,351.86374,36.39999999999418,1.1420283,1494.3953

-0.0352614,1.3629057,0.010200543,-0.06815803,-0.18381709,0.005139768,0.9805811,-0.9203027,-21.17365,351.87576,36.416666666656965,1.1420283,1494.3953

-0.03515665,1.3629912,0.010251084,-0.068311416,-0.18396989,0.0052157617,0.9805414,-0.91603094,-21.191902,351.85825,36.43333333331975,1.1420283,1494.3953

-0.03496906,1.3629847,0.010363635,-0.068610564,-0.18418951,0.0053364746,0.9804786,-0.9103018,-21.218159,351.8238,36.45000000001164,1.1423849,1493.8096

-0.03475607,1.3629519,0.010508299,-0.06892001,-0.1844666,0.005481081,0.980404,-0.9024789,-21.251297,351.7884,36.46666666667443,1.1423849,1493.8096

-0.03453417,1.3629125,0.010673877,-0.06923938,-0.18471928,0.005601252,0.98033327,-0.8976192,-21.28139,351.75134,36.483333333337214,1.1423849,1493.8096

-0.034310088,1.3628824,0.010873819,-0.06938165,-0.18479937,0.0056023323,0.9803081,-0.90147835,-21.29058,351.7338,36.5,1.1423849,1493.8096

-0.034446508,1.3627535,0.010827566,-0.069302686,-0.18482138,0.0055155098,0.98031,-0.91035056,-21.292482,351.7413,36.516666666662786,1.1423849,1493.8096

-0.0343732,1.3627125,0.010984022,-0.069050424,-0.18478696,0.005434524,0.98033476,-0.9140445,-21.288034,351.77017,36.53333333332557,1.1423849,1493.8096

-0.03424283,1.3627064,0.0112333745,-0.068601124,-0.18467185,0.005371732,0.98038834,-0.91031384,-21.274544,351.8237,36.54999999998836,1.1423849,1493.8096

-0.034096517,1.3627123,0.011512151,-0.06826766,-0.18455748,0.0053093913,0.9804335,-0.9091837,-21.26104,351.8632,36.56666666668025,1.1420283,1494.3953

-0.033951636,1.3627195,0.011798974,-0.06808253,-0.1844741,0.0052828165,0.9804622,-0.9074093,-21.251295,351.88535,36.583333333343035,1.1420283,1494.3953

-0.033805355,1.3627311,0.012075473,-0.06773574,-0.18453152,0.0052922308,0.98047537,-0.8989205,-21.25837,351.92734,36.60000000000582,1.1420283,1494.3953

-0.03443391,1.3629444,0.011958575,-0.06745595,-0.18478997,0.0053186463,0.98044586,-0.89173454,-21.288897,351.96075,36.61666666666861,1.1420283,1494.3953

-0.034547545,1.363014,0.011991009,-0.067386724,-0.18505381,0.0052773925,0.98040104,-0.89753777,-21.319307,351.96707,36.63333333333139,1.1420283,1494.3953

-0.03449256,1.3630359,0.012039041,-0.06749897,-0.18523625,0.005193022,0.9803593,-0.91193795,-21.339731,351.95084,36.64999999999418,1.1420283,1494.3953

-0.03439373,1.3630434,0.012079662,-0.0677382,-0.18531163,0.0051177545,0.98032904,-0.92716694,-21.347658,351.91983,36.666666666656965,1.1420283,1494.3953

-0.034298494,1.363049,0.012140155,-0.06780939,-0.18526681,0.005122493,0.9803325,-0.9278095,-21.342415,351.9115,36.68333333331975,1.1420283,1494.3953

-0.034200836,1.3630532,0.012199793,-0.06776209,-0.18518065,0.0051526953,0.9803519,-0.92229617,-21.33269,351.91827,36.70000000001164,1.1420283,1494.3953

-0.03494756,1.3630906,0.011053819,-0.06804789,-0.1850223,0.0052165193,0.9803617,-0.91966367,-21.31453,351.88574,36.71666666667443,1.1420283,1494.3953

-0.035156935,1.3630818,0.010650996,-0.06826649,-0.18473217,0.005192452,0.98040134,-0.9248651,-21.280388,351.85992,36.733333333337214,1.1420283,1494.3953

-0.035202343,1.3630561,0.01047973,-0.06830718,-0.18451549,0.005188983,0.9804393,-0.92420495,-21.255121,351.85587,36.75,1.1420283,1494.3953

-0.035198912,1.3630203,0.010368329,-0.0682721,-0.18442373,0.005260943,0.9804586,-0.9138876,-21.24508,351.86212,36.766666666662786,1.1420283,1494.3953

-0.03516752,1.3629705,0.0102534685,-0.068352014,-0.18443732,0.005382085,0.98044986,-0.90123034,-21.247591,351.8551,36.78333333332557,1.1420283,1494.3953

-0.035116926,1.3629097,0.010117201,-0.068587735,-0.18452512,0.005504829,0.9804162,-0.89260834,-21.258602,351.82892,36.79999999998836,1.1423849,1493.8096

-0.03538267,1.3627436,0.010006469,-0.068932496,-0.1846803,0.005700577,0.98036164,-0.8783004,-21.277964,351.79092,36.81666666668025,1.1423849,1493.8096

-0.035450455,1.3626417,0.009890638,-0.069143884,-0.18476444,0.0058428254,0.9803301,-0.8667522,-21.28875,351.76816,36.833333333343035,1.1423849,1493.8096

-0.03544922,1.3625685,0.009791512,-0.0692044,-0.18481271,0.005958244,0.98031604,-0.85466945,-21.295275,351.7632,36.85000000000582,1.1423849,1493.8096

-0.035421792,1.3625113,0.009710951,-0.06909188,-0.18484603,0.0060803457,0.98031694,-0.8376995,-21.300268,351.77948,36.86666666666861,1.1423849,1493.8096

-0.035377286,1.3624673,0.009635622,-0.06894313,-0.18489642,0.006191006,0.98031723,-0.821439,-21.30718,351.79977,36.88333333333139,1.1423849,1493.8096

-0.035317775,1.362435,0.009556262,-0.06887633,-0.18491586,0.0062250695,0.980318,-0.8159906,-21.309776,351.80856,36.89999999999418,1.1423849,1493.8096

-0.035315286,1.3626235,0.0096370485,-0.06906952,-0.18492551,0.006345548,0.98030186,-0.8059617,-21.311747,351.78784,36.916666666656965,1.1423849,1493.8096

-0.03527423,1.362681,0.009608345,-0.06913152,-0.18487306,0.006318056,0.9803075,-0.81020194,-21.305365,351.7799,36.93333333331975,1.1423849,1493.8096

-0.03522868,1.3627055,0.009555422,-0.069091395,-0.1848355,0.006263,0.9803178,-0.8155746,-21.300568,351.7837,36.95000000001164,1.1423849,1493.8096

-0.035186335,1.3627273,0.009514263,-0.069025464,-0.18475303,0.006174604,0.9803386,-0.8239612,-21.290298,351.79004,36.96666666667443,1.1423849,1493.8096

-0.035151392,1.3627541,0.009507643,-0.06893359,-0.18455952,0.0060953363,0.98038197,-0.8296281,-21.267212,351.80017,36.983333333337214,1.1423849,1493.8096

-0.035122216,1.3628011,0.009532517,-0.068706065,-0.18434194,0.006045745,0.9804392,-0.82841855,-21.241692,351.8275,37.0,1.1423849,1493.8096

-0.03499207,1.3629878,0.010085506,-0.06822092,-0.18404087,0.0061050984,0.9805292,-0.8074874,-21.207579,351.88885,37.016666666662786,1.1420283,1494.3953

-0.03495688,1.3631334,0.0103257205,-0.067622356,-0.1837783,0.00610087,0.98061997,-0.7920432,-21.177502,351.9623,37.03333333332557,1.1420283,1494.3953

-0.03495395,1.3632745,0.010451848,-0.06706522,-0.18356374,0.0060666604,0.9806986,-0.78162414,-21.152721,352.02988,37.04999999998836,1.1420283,1494.3953

-0.03495585,1.3634187,0.010512423,-0.06665597,-0.18344197,0.0060035456,0.98074967,-0.77888846,-21.138376,352.07846,37.06666666668025,1.1420283,1494.3953

-0.03495358,1.363557,0.010527462,-0.0662692,-0.18338796,0.005922239,0.9807865,-0.7794672,-21.131754,352.1237,37.083333333343035,1.1420283,1494.3953

-0.034945376,1.3636775,0.010504715,-0.06603111,-0.18331055,0.005854349,0.98081744,-0.7815841,-21.1224,352.15128,37.10000000000582,1.1420283,1494.3953

-0.03497194,1.3638515,0.01078639,-0.06610385,-0.18335806,0.005789092,0.980804,-0.79150754,-21.127342,352.14084,37.11666666666861,1.1420283,1494.3953

-0.034951217,1.3639312,0.010827476,-0.06611612,-0.18340215,0.005810975,0.98079485,-0.7895397,-21.132637,352.13968,37.13333333333139,1.1420283,1494.3953

-0.03489841,1.3639433,0.010769615,-0.066175625,-0.18356813,0.0059475834,0.98075897,-0.77590084,-21.15298,352.13486,37.14999999999418,1.1420283,1494.3953

-0.03482761,1.3639046,0.010652408,-0.06644687,-0.18381698,0.0061138994,0.980693,-0.76421213,-21.183039,352.10477,37.166666666656965,1.1420283,1494.3953

-0.03474991,1.3638189,0.010512473,-0.066725634,-0.18403006,0.0062479745,0.98063326,-0.7562741,-21.208681,352.0732,37.18333333331975,1.1420283,1494.3953

-0.0346619,1.3637019,0.01034487,-0.06697936,-0.18429935,0.006285768,0.98056513,-0.7598899,-21.240105,352.04224,37.20000000001164,1.1420283,1494.3953

-0.034160875,1.363512,0.010786353,-0.0673588,-0.18447056,0.006285683,0.98050696,-0.77006376,-21.25972,351.9956,37.21666666667443,1.1420283,1494.3953

-0.03394757,1.363349,0.010790056,-0.06771872,-0.18460417,0.0061466126,0.9804579,-0.79622275,-21.273834,351.94833,37.233333333337214,1.1420283,1494.3953

-0.03383088,1.3632102,0.010648441,-0.06801032,-0.18455008,0.0059046415,0.9804494,-0.8315256,-21.265316,351.90778,37.25,1.1420283,1494.3953

-0.033741713,1.3630928,0.010451214,-0.0683164,-0.18433747,0.0056470227,0.98046964,-0.86757404,-21.238205,351.86578,37.266666666662786,1.1423849,1493.8096

-0.033646386,1.3629973,0.010242572,-0.06854441,-0.18406375,0.005407708,0.9805065,-0.8990539,-21.20419,351.83395,37.28333333332557,1.1423849,1493.8096

-0.033540174,1.3629175,0.010039672,-0.06878109,-0.1838436,0.0052812225,0.98053193,-0.9176099,-21.177322,351.80338,37.29999999998836,1.1423849,1493.8096

-0.033140086,1.3628755,0.0103321485,-0.06900402,-0.1837798,0.0052293306,0.9805285,-0.9283115,-21.169264,351.77548,37.31666666668025,1.1423849,1493.8096

-0.032958455,1.3628463,0.010341544,-0.06906364,-0.1837275,0.00522386,0.9805341,-0.929831,-21.163078,351.76834,37.333333333343035,1.1423849,1493.8096

-0.032864213,1.3628219,0.010251487,-0.06922161,-0.18378606,0.0052226395,0.98051196,-0.93409926,-21.169727,351.74896,37.35000000000582,1.1423849,1493.8096

-0.03282252,1.3628054,0.010116465,-0.06958913,-0.18397938,0.005197786,0.98044986,-0.947229,-21.191639,351.70306,37.36666666666861,1.1423849,1493.8096

-0.032820124,1.3628057,0.009977531,-0.069724336,-0.18428938,0.005184194,0.9803821,-0.9548562,-21.227432,351.68506,37.38333333333139,1.1423849,1493.8096

-0.032840062,1.3628268,0.009866824,-0.06943194,-0.18458174,0.005164844,0.98034793,-0.95330167,-21.261547,351.71875,37.39999999999418,1.1423849,1493.8096

-0.032857805,1.3628181,0.010231782,-0.069078095,-0.18470444,0.0050946246,0.9803502,-0.95486695,-21.275568,351.75952,37.416666666656965,1.1423849,1493.8096

-0.032894943,1.3628308,0.010306748,-0.0689397,-0.18466608,0.0049861213,0.9803677,-0.9644355,-21.270334,351.77402,37.43333333331975,1.1423849,1493.8096

-0.032928836,1.3628451,0.010275561,-0.06892804,-0.18454982,0.0048155985,0.9803913,-0.98363143,-21.255404,351.7721,37.45000000001164,1.1423849,1493.8096

-0.03295736,1.3628558,0.010200022,-0.06898927,-0.18441227,0.0046001887,0.9804139,-1.0096895,-21.237547,351.76044,37.46666666667443,1.1423849,1493.8096

-0.03298924,1.362858,0.010105053,-0.06904504,-0.18431301,0.0044245953,0.9804294,-1.0311797,-21.224476,351.75015,37.483333333337214,1.1423849,1493.8096

-0.033035554,1.3628491,0.009992842,-0.06923242,-0.18432723,0.004337629,0.9804139,-1.0460438,-21.225199,351.72546,37.5,1.1423849,1493.8096

-0.033335373,1.3627154,0.010428917,-0.06945273,-0.18448557,0.0043763435,0.98036844,-1.0478779,-21.2437,351.69894,37.516666666662786,1.1423849,1493.8096

-0.03354193,1.3626436,0.01052057,-0.069719456,-0.18469839,0.004439674,0.98030907,-1.048329,-21.268692,351.6671,37.53333333332557,1.1423849,1493.8096

-0.03374006,1.3625866,0.0105242785,-0.069795944,-0.1848689,0.0045011695,0.9802712,-1.0442808,-21.288958,351.65848,37.54999999998836,1.1423849,1493.8096

-0.03393565,1.3625109,0.010489771,-0.06992406,-0.18503429,0.0045633344,0.9802306,-1.0412825,-21.30858,351.64362,37.56666666668025,1.1423849,1493.8096

-0.03412237,1.3624194,0.010435138,-0.07007439,-0.18514127,0.004600905,0.9801995,-1.041203,-21.321178,351.62576,37.583333333343035,1.1423849,1493.8096

-0.034296546,1.36232,0.010364305,-0.07005925,-0.18517914,0.0046135476,0.98019344,-1.0396955,-21.325706,351.62772,37.60000000000582,1.1423849,1493.8096

-0.034196246,1.3621589,0.010472575,-0.0699934,-0.1851098,0.0046636816,0.98021096,-1.0314888,-21.318138,351.63712,37.61666666666861,1.1423849,1493.8096

-0.03426471,1.3620424,0.010400202,-0.07008929,-0.18491904,0.0046801674,0.98024005,-1.0298675,-21.296001,351.6267,37.63333333333139,1.1423849,1493.8096

-0.034365896,1.3619485,0.01024285,-0.07024663,-0.18468395,0.004583769,0.98027354,-1.0428191,-21.267677,351.60654,37.64999999999418,1.1423849,1493.8096

-0.03445794,1.3618623,0.010039059,-0.07058333,-0.1844821,0.0044123875,0.98028815,-1.0691849,-21.242382,351.5628,37.666666666656965,1.1423849,1493.8096

-0.034536965,1.3617783,0.009815423,-0.071088016,-0.18434702,0.004220464,0.98027796,-1.1024593,-21.224468,351.49796,37.68333333331975,1.1423849,1493.8096

-0.03462012,1.3617009,0.009616723,-0.07153581,-0.1842135,0.004047408,0.9802712,-1.132162,-21.206938,351.44046,37.70000000001164,1.1423849,1493.8096

-0.03413004,1.3616742,0.009685649,-0.07188167,-0.18405673,0.0040137717,0.98027545,-1.1425143,-21.18802,351.39853,37.71666666667443,1.1423849,1493.8096

-0.03405629,1.3616245,0.009662794,-0.072099306,-0.18392944,0.0040298495,0.98028326,-1.144254,-21.173111,351.37314,37.733333333337214,1.1423849,1493.8096

-0.034134872,1.3615756,0.009628618,-0.07222532,-0.18370779,0.0040185573,0.9803157,-1.1462778,-21.147106,351.3586,37.75,1.1423849,1493.8096

-0.034284208,1.3615335,0.009579826,-0.072421595,-0.18342032,0.003953929,0.98035526,-1.1556504,-21.1129,351.33478,37.766666666662786,1.1423849,1493.8096

-0.03446801,1.3614975,0.009524794,-0.072625525,-0.1831332,0.0038484642,0.9803943,-1.1700966,-21.078365,351.30905,37.78333333332557,1.1423849,1493.8096

-0.034657843,1.3614594,0.009459799,-0.07261303,-0.18302423,0.0037624366,0.9804159,-1.1790874,-21.064957,351.30917,37.79999999998836,1.1423849,1493.8096

-0.03444829,1.3614773,0.009438207,-0.07259861,-0.18297772,0.0036962656,0.9804259,-1.1862645,-21.058985,351.30966,37.81666666668025,1.1423849,1493.8096

-0.03449346,1.3614407,0.009383144,-0.07296596,-0.18294641,0.0037098902,0.9804044,-1.192577,-21.055021,351.26566,37.833333333343035,1.1423849,1493.8096

-0.034615323,1.3613755,0.009316811,-0.073494285,-0.18294801,0.0038111669,0.98036426,-1.1922898,-21.05547,351.20392,37.85000000000582,1.1423849,1493.8096

-0.034759324,1.3613067,0.009253671,-0.0739445,-0.18307436,0.003943421,0.9803063,-1.1877794,-21.070787,351.15176,37.86666666666861,1.1423849,1493.8096

-0.034913156,1.3612465,0.009216746,-0.074227884,-0.18324067,0.0040577804,0.98025334,-1.1820837,-21.090797,351.1192,37.88333333333139,1.1423849,1493.8096

-0.035068594,1.3611926,0.009206075,-0.07453724,-0.18336661,0.0040810676,0.9802062,-1.1875359,-21.105268,351.08167,37.89999999999418,1.1423849,1493.8096

-0.034967147,1.3613412,0.009360179,-0.07478792,-0.18328463,0.0040930035,0.98020244,-1.1909163,-21.095549,351.05197,37.916666666656965,1.1423849,1493.8096

-0.035031974,1.3613913,0.009478074,-0.07490789,-0.18319693,0.0040381914,0.9802099,-1.1993198,-21.084715,351.03665,37.93333333331975,1.1423849,1493.8096

-0.03515008,1.3614244,0.0096083265,-0.07490419,-0.18308043,0.003918594,0.9802324,-1.2124351,-21.070093,351.035,37.95000000001164,1.1423849,1493.8096

-0.035291478,1.3614581,0.009752536,-0.07483917,-0.18294744,0.0038143096,0.98026264,-1.2221581,-21.053776,351.0412,37.96666666667443,1.1423849,1493.8096

-0.035449438,1.3614911,0.009901868,-0.07485429,-0.18276025,0.003751243,0.9802966,-1.22817,-21.031435,351.03885,37.983333333337214,1.1423849,1493.8096

-0.035614714,1.3615291,0.010041656,-0.075010784,-0.18260212,0.0036704645,0.98031443,-1.239781,-21.012135,351.01892,38.0,1.1420283,1494.3953

-0.035254914,1.3616121,0.0104892645,-0.07497993,-0.18245476,0.0034976588,0.98034483,-1.2583624,-20.993479,351.01953,38.016666666662786,1.1420283,1494.3953

-0.035244435,1.36169,0.010784002,-0.07484901,-0.18249823,0.003379216,0.98034716,-1.2701186,-20.997618,351.03256,38.03333333332557,1.1420283,1494.3953

-0.03536834,1.361777,0.011059193,-0.0746119,-0.18251728,0.0033323963,0.9803619,-1.2706274,-20.99971,351.0601,38.04999999998836,1.1423849,1493.8096

-0.03554698,1.3618773,0.011339705,-0.07437275,-0.18244365,0.0033259247,0.98039377,-1.2652918,-20.99141,351.08926,38.06666666668025,1.1423849,1493.8096

-0.035752155,1.3619882,0.011628043,-0.07423708,-0.18233997,0.0033534528,0.9804233,-1.2578846,-20.979788,351.10678,38.083333333343035,1.1423849,1493.8096

-0.035981692,1.3621138,0.011933787,-0.074076556,-0.18228692,0.0034270054,0.98044497,-1.2449038,-20.974493,351.12808,38.10000000000582,1.1423849,1493.8096

-0.035991047,1.3621393,0.012390872,-0.07376364,-0.1821872,0.0034965673,0.98048687,-1.2285223,-20.96393,351.16797,38.11666666666861,1.1423849,1493.8096

-0.03616692,1.3622551,0.012761988,-0.07346294,-0.18220124,0.003614969,0.98050636,-1.2076916,-20.966993,351.2069,38.13333333333139,1.1423849,1493.8096

-0.036394026,1.3623986,0.013096133,-0.07337601,-0.18227546,0.0037073966,0.9804988,-1.1953719,-20.976547,351.21912,38.14999999999418,1.1423849,1493.8096

-0.03664873,1.3625491,0.01343498,-0.07327553,-0.18235303,0.0037969467,0.9804915,-1.1831254,-20.98648,351.2329,38.166666666656965,1.1423849,1493.8096

-0.03692423,1.3627039,0.013799652,-0.073004454,-0.18243867,0.0038625917,0.9804956,-1.1700066,-20.99734,351.26678,38.18333333331975,1.1423849,1493.8096

-0.037220635,1.3628588,0.014201671,-0.07273766,-0.18238898,0.003883262,0.98052454,-1.1610444,-20.992065,351.29974,38.20000000001164,1.1423849,1493.8096

-0.037327792,1.362949,0.014217455,-0.07252001,-0.1821809,0.003911231,0.98057926,-1.1507432,-20.968393,351.32767,38.21666666667443,1.1423849,1493.8096

-0.03756216,1.363066,0.014514746,-0.07212113,-0.18200496,0.0039670374,0.9806411,-1.1333715,-20.948908,351.37796,38.233333333337214,1.1423849,1493.8096

-0.037835144,1.363189,0.014903752,-0.071661144,-0.18191467,0.0039867726,0.9806915,-1.1198301,-20.939117,351.43448,38.25,1.1423849,1493.8096

-0.038113307,1.3633058,0.015309064,-0.07129182,-0.18194531,0.0040017604,0.98071265,-1.1100696,-20.943228,351.47934,38.266666666662786,1.1423849,1493.8096

-0.038389333,1.3634212,0.015713463,-0.07106018,-0.18199196,0.0039665727,0.980721,-1.109575,-20.948606,351.50638,38.28333333332557,1.1423849,1493.8096

-0.03867458,1.3635352,0.016106633,-0.071041755,-0.18197878,0.003919646,0.98072493,-1.1146806,-20.94669,351.5076,38.29999999998836,1.1423849,1493.8096

-0.038615175,1.3634531,0.015592238,-0.07099695,-0.18195313,0.0037269217,0.9807337,-1.1366132,-20.9421,351.50888,38.31666666668025,1.1423849,1493.8096

-0.038757417,1.363499,0.0156523,-0.070770785,-0.18197754,0.0035892492,0.98074603,-1.1483543,-20.944016,351.53308,38.333333333343035,1.1423849,1493.8096

-0.038974967,1.3635905,0.015900154,-0.070508435,-0.1818919,0.0034550913,0.9807813,-1.1578032,-20.93322,351.56226,38.35000000000582,1.1423849,1493.8096

-0.03921168,1.3636962,0.016205503,-0.07021002,-0.18169402,0.003351517,0.9808397,-1.1616967,-20.909693,351.59695,38.36666666666861,1.1423849,1493.8096

-0.039463993,1.3638091,0.016514558,-0.0698222,-0.18144763,0.003315419,0.98091316,-1.1550354,-20.881216,351.64417,38.38333333333139,1.1423849,1493.8096

-0.039730098,1.3639143,0.016790427,-0.06963798,-0.18122436,0.003312579,0.9809675,-1.1491504,-20.855469,351.6674,38.39999999999418,1.1423849,1493.8096

-0.03950949,1.3640034,0.016850192,-0.06971445,-0.18089978,0.0031837977,0.9810224,-1.1632473,-20.816576,351.65674,38.416666666656965,1.1423849,1493.8096

-0.03960808,1.3640795,0.01701295,-0.069784656,-0.18068162,0.0031365398,0.9810578,-1.1684086,-20.790749,351.6482,38.43333333331975,1.1423849,1493.8096

-0.039822794,1.3641611,0.017222032,-0.06977675,-0.18055764,0.0031614234,0.9810811,-1.1640615,-20.776567,351.65027,38.45000000001164,1.1423849,1493.8096

-0.040085368,1.3642423,0.017452387,-0.069541834,-0.18054304,0.0032715742,0.98110014,-1.1454787,-20.776077,351.68115,38.46666666667443,1.1423849,1493.8096

-0.040371597,1.3643184,0.01768256,-0.06928236,-0.18053988,0.003415797,0.98111856,-1.1223646,-20.777227,351.71567,38.483333333337214,1.1423849,1493.8096

-0.0406609,1.3643807,0.017891483,-0.06927579,-0.18047678,0.0035151832,0.9811303,-1.1096773,-20.77074,351.71893,38.5,1.1423849,1493.8096

-0.04002962,1.3643569,0.018000048,-0.069368176,-0.18021215,0.0035132223,0.9811724,-1.1094624,-20.739876,351.70886,38.516666666662786,1.1423849,1493.8096

-0.039985843,1.3643496,0.018149974,-0.06922893,-0.17982465,0.0035200021,0.9812533,-1.1019232,-20.695074,351.72754,38.53333333332557,1.1423849,1493.8096

-0.040118866,1.3643389,0.018289458,-0.069157824,-0.17942242,0.003505675,0.981332,-1.0982987,-20.648314,351.73758,38.54999999998836,1.1423849,1493.8096

-0.040298726,1.3643106,0.01840002,-0.06931641,-0.17907326,0.003471628,0.9813847,-1.1025921,-20.607292,351.7192,38.56666666668025,1.1423849,1493.8096

-0.040480375,1.3642645,0.018493077,-0.06962568,-0.1788279,0.0034116032,0.98140776,-1.1142707,-20.577944,351.68164,38.583333333343035,1.1423849,1493.8096

-0.040650453,1.3642099,0.018584048,-0.069924474,-0.17874223,0.0033251185,0.9814024,-1.1303903,-20.566917,351.64407,38.60000000000582,1.1423849,1493.8096

-0.040318094,1.3640739,0.018346898,-0.07033849,-0.17879993,0.0032035203,0.9813627,-1.1546099,-20.572104,351.59122,38.61666666666861,1.1423849,1493.8096

-0.040311713,1.3639941,0.018346027,-0.07052013,-0.17889929,0.0031152752,0.9813319,-1.1701381,-20.582672,351.56693,38.63333333333139,1.1423849,1493.8096

-0.040423784,1.3639501,0.018457415,-0.070536174,-0.17896421,0.003056433,0.98131907,-1.1781787,-20.589687,351.5634,38.64999999999418,1.1423849,1493.8096

-0.040588345,1.3639464,0.018640742,-0.07040248,-0.17886606,0.0030042236,0.9813467,-1.1805757,-20.578003,351.57886,38.666666666656965,1.1423849,1493.8096

-0.040780813,1.3639761,0.018871114,-0.070038766,-0.17860818,0.0029853226,0.9814198,-1.172416,-20.548332,351.6235,38.68333333331975,1.1423849,1493.8096

-0.04098741,1.3640327,0.019104205,-0.069593996,-0.17831728,0.002991862,0.9815043,-1.1591462,-20.515135,351.67862,38.70000000001164,1.1423849,1493.8096

-0.03997059,1.3641318,0.018820452,-0.069460444,-0.17807339,0.0028960127,0.9815583,-1.165432,-20.486162,351.69373,38.71666666667443,1.1423849,1493.8096

-0.039753105,1.3642229,0.018788919,-0.06946621,-0.17799708,0.0027729345,0.9815721,-1.1796097,-20.476257,351.69073,38.733333333337214,1.1423849,1493.8096

-0.039786972,1.3643188,0.018824551,-0.0694664,-0.17809238,0.0026701111,0.9815551,-1.1928564,-20.486454,351.68808,38.75,1.1423849,1493.8096

-0.03989911,1.3644228,0.01888464,-0.06931315,-0.17829381,0.002665741,0.98152936,-1.1919419,-20.509995,351.70557,38.766666666662786,1.1423849,1493.8096

-0.040036183,1.3645259,0.018966088,-0.06904066,-0.17842594,0.002776732,0.9815243,-1.1739105,-20.5266,351.74026,38.78333333332557,1.1423849,1493.8096

-0.04017766,1.3646144,0.019047517,-0.068869755,-0.1784002,0.0029927301,0.98154026,-1.144002,-20.525621,351.7657,38.79999999998836,1.1423849,1493.8096

-0.03882485,1.365647,0.018875236,-0.069082834,-0.1781788,0.0030965772,0.9815652,-1.1341125,-20.500532,351.7432,38.81666666668025,1.1423849,1493.8096

-0.03843264,1.3660159,0.018820887,-0.0691241,-0.17804544,0.0032175044,0.98158616,-1.1192455,-20.486012,351.7414,38.833333333343035,1.1423849,1493.8096

-0.03834146,1.3661723,0.018793823,-0.06902447,-0.17798392,0.0032561985,0.98160416,-1.1118528,-20.479307,351.75452,38.85000000000582,1.1423849,1493.8096

-0.038340736,1.3662542,0.018766401,-0.06886353,-0.17791906,0.0032429872,0.9816272,-1.1093254,-20.471844,351.77393,38.86666666666861,1.1423849,1493.8096

-0.038357038,1.3663058,0.018719738,-0.068899386,-0.17779782,0.0032033464,0.98164684,-1.1137317,-20.457396,351.7693,38.88333333333139,1.1423849,1493.8096

-0.038370676,1.3663362,0.01867045,-0.06899856,-0.17755975,0.00313519,0.9816832,-1.121843,-20.429068,351.75687,38.89999999999418,1.1423849,1493.8096

-0.037772268,1.3662018,0.018380206,-0.068921514,-0.17729464,0.0029745675,0.981737,-1.1369641,-20.397028,351.7639,38.916666666656965,1.1423849,1493.8096

-0.03756874,1.3661457,0.018263299,-0.068879165,-0.17706175,0.0027433713,0.98178273,-1.1616058,-20.368107,351.765,38.93333333331975,1.1423849,1493.8096

-0.037469964,1.366108,0.018202743,-0.06893282,-0.17690238,0.0024891945,0.9818083,-1.1917664,-20.347412,351.7538,38.95000000001164,1.1423849,1493.8096

-0.037380196,1.3660821,0.018172838,-0.06882456,-0.17685847,0.002349218,0.98182416,-1.2058034,-20.341274,351.76407,38.96666666667443,1.1423849,1493.8096

-0.03726937,1.3660643,0.018140635,-0.06876798,-0.17695497,0.0023625938,0.98181075,-1.2038786,-20.352661,351.77075,38.983333333337214,1.1423849,1493.8096

-0.037141148,1.3660585,0.018092155,-0.06892105,-0.17708987,0.0024428011,0.98177546,-1.1988356,-20.368805,351.75342,39.0,1.1423849,1493.8096

-0.036582083,1.3659552,0.017601594,-0.069182605,-0.17735876,0.0024946036,0.9817084,-1.2008194,-20.40014,351.7218,39.016666666662786,1.1423849,1493.8096

-0.03630893,1.36594,0.017403435,-0.06934204,-0.17762825,0.0024866755,0.98164845,-1.207776,-20.43117,351.7012,39.03333333332557,1.1423849,1493.8096

-0.036133606,1.3659648,0.017316708,-0.06929399,-0.17789987,0.0024571943,0.9816027,-1.212835,-20.462519,351.70514,39.04999999998836,1.1423849,1493.8096

-0.03599249,1.3660111,0.01727838,-0.069119826,-0.17813833,0.0024088349,0.98157185,-1.2170955,-20.490017,351.72403,39.06666666668025,1.1423849,1493.8096

-0.035853066,1.3660696,0.01724529,-0.06888672,-0.17837667,0.0023114372,0.9815452,-1.2259462,-20.517166,351.74902,39.083333333343035,1.1423849,1493.8096

-0.03569825,1.3661228,0.017212179,-0.06867446,-0.17847826,0.0021618013,0.981542,-1.2402292,-20.527979,351.77094,39.10000000000582,1.1423849,1493.8096

-0.03546422,1.3659875,0.017077707,-0.06848775,-0.17849828,0.0019901162,0.98155177,-1.2569503,-20.529108,351.78967,39.11666666666861,1.1423849,1493.8096

-0.035262145,1.3659549,0.016997777,-0.06838114,-0.17849962,0.0018365575,0.9815592,-1.2730703,-20.528124,351.7992,39.13333333333139,1.1423849,1493.8096

-0.0350571,1.3659408,0.016910912,-0.06817211,-0.17854826,0.0017615955,0.98156506,-1.2779579,-20.533419,351.82257,39.14999999999418,1.1423849,1493.8096

-0.03483475,1.3659135,0.016765257,-0.0680044,-0.17869459,0.0017262029,0.98155016,-1.2799076,-20.55034,351.8414,39.166666666656965,1.1423849,1493.8096

-0.03459154,1.365869,0.016537633,-0.0683017,-0.17886758,0.0016742689,0.98149806,-1.2942711,-20.569607,351.80362,39.18333333331975,1.1423849,1493.8096

-0.034336094,1.3658085,0.016239231,-0.06890041,-0.17916782,0.0016205239,0.9814015,-1.316682,-20.603231,351.7288,39.20000000001164,1.1423849,1493.8096

-0.034203753,1.3656632,0.015778871,-0.069372565,-0.17959672,0.0015979345,0.9812899,-1.3338503,-20.652218,351.6693,39.21666666667443,1.1423849,1493.8096

-0.034036495,1.36557,0.015450014,-0.06961411,-0.17993908,0.0015640965,0.9812102,-1.3465133,-20.691364,351.63782,39.233333333337214,1.1423849,1493.8096

-0.033872467,1.3654852,0.0151740555,-0.06979114,-0.18004675,0.0014970608,0.98117787,-1.3595073,-20.703056,351.61444,39.25,1.1423849,1493.8096

-0.033724647,1.3653953,0.014940232,-0.07001758,-0.17979264,0.0013593556,0.98120856,-1.3785925,-20.672052,351.5853,39.266666666662786,1.1423849,1493.8096

-0.03359155,1.3652939,0.014728317,-0.07025399,-0.17945103,0.0012295316,0.9812544,-1.3960811,-20.630936,351.55554,39.28333333332557,1.1423849,1493.8096

-0.033465028,1.3651781,0.014529729,-0.070372865,-0.17926522,0.0011797036,0.9812799,-1.4028728,-20.608759,351.541,39.29999999998836,1.1423849,1493.8096

-0.0336361,1.365005,0.014793042,-0.070267506,-0.17933977,0.0011764356,0.98127383,-1.4016757,-20.617538,351.55328,39.31666666668025,1.1423849,1493.8096

-0.033614375,1.3648578,0.0147631075,-0.070294574,-0.17956828,0.0011769265,0.98123014,-1.4044293,-20.644043,351.54895,39.333333333343035,1.1423849,1493.8096

-0.03353025,1.3647196,0.014619952,-0.07045101,-0.17988466,0.0011505495,0.98116094,-1.4141184,-20.680334,351.52795,39.35000000000582,1.1423849,1493.8096

-0.033429563,1.3645838,0.014428042,-0.070691854,-0.18014911,0.0010975403,0.9810952,-1.42838,-20.71024,351.49643,39.36666666666861,1.1423849,1493.8096

-0.033329543,1.36445,0.014220618,-0.07096539,-0.18023115,0.0010204887,0.98106045,-1.4444811,-20.7187,351.46133,39.38333333333139,1.1423849,1493.8096

-0.033233635,1.3643194,0.014000531,-0.07117739,-0.18021514,0.0008993016,0.98104817,-1.463565,-20.715475,351.43314,39.39999999999418,1.1423849,1493.8096

-0.033033036,1.3640423,0.013975462,-0.07122606,-0.17994854,0.00081900443,0.9810936,-1.4716543,-20.68374,351.4268,39.416666666656965,1.1423849,1493.8096

-0.032954052,1.3638669,0.013860669,-0.07132189,-0.17958505,0.00056093594,0.98115337,-1.5011686,-20.639137,351.41138,39.43333333331975,1.1423849,1493.8096

-0.032916166,1.3637239,0.013712242,-0.07151139,-0.1792863,0.00024170103,0.9811944,-1.5407039,-20.601368,351.38306,39.45000000001164,1.1423849,1493.8096

-0.03289887,1.3635952,0.013566799,-0.07167735,-0.17914268,-5.040412e-05,0.9812085,-1.5779858,-20.581871,351.3574,39.46666666667443,1.1423849,1493.8096

-0.032891873,1.3634707,0.013433253,-0.071633294,-0.17922556,-0.00024393816,0.98119664,-1.6010828,-20.589867,351.35806,39.483333333337214,1.1423849,1493.8096

-0.032894615,1.363347,0.013303094,-0.07158364,-0.17942221,-0.00031865787,0.9811643,-1.6109291,-20.612123,351.36145,39.5,1.1423849,1493.8096

-0.032788686,1.3634039,0.013656985,-0.07164041,-0.17960861,-0.0002925648,0.98112607,-1.6109054,-20.633902,351.35422,39.516666666662786,1.1423849,1493.8096

-0.03278202,1.3633616,0.013716605,-0.07176274,-0.17963699,-0.0001606296,0.98111194,-1.5980344,-20.638155,351.34216,39.53333333332557,1.1423849,1493.8096

-0.03280716,1.3632944,0.013677809,-0.071932845,-0.17947218,-7.924214e-05,0.98112965,-1.5903487,-20.61946,351.32425,39.54999999998836,1.1423849,1493.8096

-0.032843225,1.3632257,0.0136053115,-0.07210522,-0.17911187,-9.768237e-05,0.9811828,-1.5927305,-20.577185,351.30487,39.56666666668025,1.1423849,1493.8096

-0.032888636,1.363164,0.01351534,-0.072186284,-0.17869996,-0.00018816428,0.98125196,-1.601229,-20.528435,351.2952,39.583333333343035,1.1423849,1493.8096

-0.032944545,1.3631027,0.0133998655,-0.07229329,-0.17842631,-0.00027531417,0.98129386,-1.611273,-20.495724,351.28177,39.60000000000582,1.1423849,1493.8096

-0.03295527,1.3632969,0.013737729,-0.072302856,-0.17850915,-0.0004059373,0.98127806,-1.6279911,-20.504168,351.27737,39.61666666666861,1.1423849,1493.8096

-0.033016253,1.363326,0.013795812,-0.07216301,-0.17868254,-0.00040153228,0.9812568,-1.6261538,-20.524565,351.29346,39.63333333333139,1.1423849,1493.8096

-0.033100672,1.3632933,0.0137897525,-0.07206034,-0.1788407,-0.00032799647,0.9812355,-1.6166728,-20.543745,351.30667,39.64999999999418,1.1423849,1493.8096

-0.033191305,1.3632418,0.013773171,-0.07207012,-0.17893521,-0.00024455177,0.9812176,-1.6078193,-20.555439,351.3068,39.666666666656965,1.1423849,1493.8096

-0.03326437,1.3631892,0.013729125,-0.07206664,-0.17908467,-0.00020374631,0.9811906,-1.6043452,-20.573156,351.30734,39.68333333331975,1.1423849,1493.8096

-0.03332294,1.3631393,0.013668533,-0.07208917,-0.17909727,-0.00020239931,0.9811866,-1.6048037,-20.574593,351.3046,39.70000000001164,1.1423849,1493.8096

-0.03299081,1.3632541,0.013738785,-0.072104245,-0.17898758,-0.00018316634,0.9812056,-1.6017234,-20.562004,351.30374,39.71666666667443,1.1423849,1493.8096

-0.032911055,1.3632869,0.0137023665,-0.07216975,-0.17883676,-0.00017369444,0.9812283,-1.6005051,-20.544474,351.29678,39.733333333337214,1.1423849,1493.8096

-0.032901186,1.363307,0.013617558,-0.07217592,-0.1786591,-0.00017308563,0.9812602,-1.5987822,-20.523844,351.29697,39.75,1.1423849,1493.8096

-0.032892995,1.3633235,0.013490608,-0.072295025,-0.17855261,-0.00018752668,0.9812708,-1.6020467,-20.51116,351.2828,39.766666666662786,1.1423849,1493.8096

-0.032867763,1.3633392,0.013329165,-0.07259503,-0.17854452,-0.00026901765,0.98125005,-1.6182951,-20.509005,351.24487,39.78333333332557,1.1423849,1493.8096

-0.03281393,1.3633451,0.013139367,-0.07284498,-0.17873801,-0.00039500062,0.9811963,-1.6408349,-20.529928,351.211,39.79999999998836,1.1423849,1493.8096

-0.03240868,1.363709,0.013165524,-0.07315248,-0.17924987,-0.0005590475,0.98107994,-1.6724715,-20.58736,351.16766,39.81666666668025,1.1423849,1493.8096

-0.03218122,1.3638029,0.0130186025,-0.07371155,-0.17962584,-0.00066917343,0.98096925,-1.7018255,-20.62905,351.0958,39.833333333343035,1.1423849,1493.8096

-0.032014146,1.3638023,0.012837736,-0.07419026,-0.17964174,-0.0007533004,0.98093015,-1.7226118,-20.629293,351.03607,39.85000000000582,1.1423849,1493.8096

-0.031885594,1.3637733,0.012665661,-0.07452455,-0.17946522,-0.0008331105,0.9809371,-1.7376984,-20.607489,350.9949,39.86666666666861,1.1423849,1493.8096

-0.031791832,1.3637396,0.012516424,-0.07454968,-0.17924719,-0.0008736887,0.98097503,-1.7408454,-20.581768,350.99216,39.88333333333139,1.1423849,1493.8096

-0.03170887,1.3637023,0.012365127,-0.07452311,-0.17903154,-0.000969194,0.98101634,-1.749476,-20.555912,350.99445,39.89999999999418,1.1423849,1493.8096

-0.031068467,1.3636258,0.01244176,-0.07454871,-0.17891371,-0.0011401394,0.9810357,-1.7693206,-20.54063,350.98828,39.916666666656965,1.1423849,1493.8096

-0.030789696,1.3635802,0.012363974,-0.07462367,-0.17888837,-0.0013331589,0.9810344,-1.7938575,-20.535786,350.9752,39.93333333331975,1.1423849,1493.8096

-0.030631399,1.3635514,0.012252975,-0.07457002,-0.17897761,-0.0014547643,0.98102206,-1.8082111,-20.545126,350.97858,39.95000000001164,1.1423849,1493.8096

-0.030512566,1.3635298,0.012147494,-0.07450782,-0.17909665,-0.0014703363,0.98100495,-1.8099648,-20.558912,350.9851,39.96666666667443,1.1423849,1493.8096

-0.030406972,1.3635124,0.012056131,-0.07435849,-0.17920041,-0.0013832207,0.9809975,-1.7973236,-20.572027,351.00446,39.983333333337214,1.1423849,1493.8096

-0.030302517,1.3634996,0.011966398,-0.074243486,-0.17927311,-0.0012634785,0.9809931,-1.7811891,-20.581768,351.02057,40.0,1.1423849,1493.8096

-0.029779805,1.3634439,0.011990525,-0.07416257,-0.17942008,-0.0012366191,0.98097235,-1.7777214,-20.599216,351.03012,40.016666666662786,1.1423849,1493.8096

-0.029537713,1.3634402,0.011935994,-0.0740686,-0.17958246,-0.0012510181,0.98094976,-1.7790761,-20.618107,351.04028,40.03333333332557,1.1423849,1493.8096

-0.029370561,1.3634579,0.011848979,-0.07383579,-0.17977078,-0.0013089279,0.9809327,-1.7828689,-20.63986,351.06613,40.04999999998836,1.1423849,1493.8096

-0.02920755,1.3634765,0.011736432,-0.07367616,-0.17995591,-0.001404896,0.98091066,-1.7927998,-20.660774,351.08234,40.06666666668025,1.1423849,1493.8096

-0.029041737,1.3634983,0.011618428,-0.07361275,-0.17998342,-0.0015690705,0.9809101,-1.8114035,-20.662598,351.08627,40.083333333343035,1.1423849,1493.8096

-0.028878324,1.3635111,0.011509815,-0.07349139,-0.1798649,-0.0017027357,0.9809407,-1.8235551,-20.647854,351.09866,40.10000000000582,1.1423849,1493.8096

-0.028667212,1.3635671,0.011619069,-0.07337401,-0.17979531,-0.0017262433,0.9809623,-1.8230753,-20.639784,351.1127,40.11666666666861,1.1423849,1493.8096

-0.02852846,1.3635868,0.0115858335,-0.07342788,-0.17969109,-0.0017933326,0.9809772,-1.8312365,-20.626976,351.10532,40.13333333333139,1.1423849,1493.8096

-0.028418735,1.3635999,0.011505872,-0.07354156,-0.17961308,-0.0018595704,0.98098284,-1.8408781,-20.617111,351.09055,40.14999999999418,1.1423849,1493.8096

-0.02833005,1.3636127,0.011418678,-0.07364256,-0.17959343,-0.0018832076,0.9809788,-1.84573,-20.614424,351.07794,40.166666666656965,1.1423849,1493.8096

-0.028255634,1.3636229,0.011338951,-0.07377871,-0.17965351,-0.0018621365,0.9809576,-1.8468151,-20.621336,351.06165,40.18333333331975,1.1423849,1493.8096

-0.028190486,1.3636363,0.011271268,-0.073898494,-0.17982699,-0.0017809724,0.980917,-1.8415096,-20.641985,351.04797,40.20000000001164,1.1423849,1493.8096

-0.028236076,1.363416,0.011276316,-0.073873095,-0.18015717,-0.001620969,0.98085856,-1.8251766,-20.681812,351.05276,40.21666666667443,1.1423849,1493.8096

-0.02824714,1.3633566,0.011262931,-0.07386794,-0.18059266,-0.0015146555,0.980779,-1.8168291,-20.733347,351.05334,40.233333333337214,1.1423849,1493.8096

-0.028253168,1.3633516,0.011252474,-0.07389864,-0.18089858,-0.0014922544,0.9807204,-1.8180047,-20.769012,351.04846,40.25,1.1423849,1493.8096

-0.028269738,1.3633641,0.011258865,-0.07390724,-0.18097603,-0.0015508838,0.9807054,-1.8260468,-20.777456,351.04572,40.266666666662786,1.1423849,1493.8096

-0.028305396,1.3633825,0.011296293,-0.0738104,-0.18090196,-0.0016592683,0.9807261,-1.8361515,-20.768051,351.05545,40.28333333332557,1.1423849,1493.8096

-0.028366288,1.3634018,0.011374023,-0.07349666,-0.18078355,-0.001784718,0.9807713,-1.8430468,-20.753754,351.09125,40.29999999998836,1.1423849,1493.8096

-0.028447546,1.3632082,0.011782892,-0.07313585,-0.18061897,-0.0019105613,0.98082834,-1.8484801,-20.734188,351.133,40.31666666668025,1.1423849,1493.8096

-0.02855402,1.3631347,0.011981847,-0.073054485,-0.18046002,-0.0020367086,0.98086345,-1.8601929,-20.714754,351.14096,40.333333333343035,1.1423849,1493.8096

-0.028659014,1.363093,0.012100421,-0.07324355,-0.18026473,-0.0022075083,0.9808849,-1.8828576,-20.69018,351.11545,40.35000000000582,1.1423849,1493.8096

-0.028761266,1.3630629,0.012183359,-0.07352351,-0.1802083,-0.0024233013,0.98087376,-1.9143589,-20.681135,351.07724,40.36666666666861,1.1423849,1493.8096

-0.028878888,1.3630438,0.012273366,-0.07359808,-0.1803126,-0.002617529,0.98084855,-1.9404167,-20.691338,351.06342,40.38333333333139,1.1423849,1493.8096

-0.029024519,1.3630321,0.012388546,-0.07346661,-0.18046467,-0.0027462249,0.9808301,-1.9545617,-20.708084,351.07565,40.39999999999418,1.1423849,1493.8096

-0.02897594,1.3628327,0.012238555,-0.07338069,-0.18063594,-0.0028520087,0.9808046,-1.9671592,-20.727179,351.08276,40.416666666656965,1.1423849,1493.8096

-0.029092059,1.362769,0.012289727,-0.073400155,-0.18065897,-0.0028941873,0.98079884,-1.9728963,-20.729435,351.07938,40.43333333331975,1.1423849,1493.8096

-0.029277971,1.3627597,0.012422137,-0.07329814,-0.1806245,-0.0029109416,0.9808128,-1.972295,-20.725485,351.09152,40.45000000001164,1.1423849,1493.8096

-0.02949372,1.3627734,0.0125855785,-0.07307035,-0.18056749,-0.0029328952,0.9808402,-1.9693071,-20.719126,351.1189,40.46666666667443,1.1423849,1493.8096

-0.029717082,1.3627949,0.012746716,-0.072942644,-0.18050066,-0.002972156,0.98086184,-1.9705094,-20.71127,351.13382,40.483333333337214,1.1423849,1493.8096

-0.02993504,1.3628241,0.012882888,-0.0730258,-0.18051402,-0.0030310296,0.9808531,-1.9795554,-20.712124,351.12244,40.5,1.1423849,1493.8096

-0.029906683,1.3627659,0.012695404,-0.073102765,-0.18074928,-0.0030445775,0.98080397,-1.985332,-20.739159,351.1115,40.516666666662786,1.1423849,1493.8096

-0.030046456,1.3628023,0.012694299,-0.07309886,-0.18104878,-0.0030449901,0.98074895,-1.9884164,-20.773935,351.1103,40.53333333332557,1.1423849,1493.8096

-0.030257888,1.3628713,0.01276152,-0.07313921,-0.1812433,-0.0029984124,0.9807102,-1.9857422,-20.79686,351.10535,40.54999999998836,1.1423849,1493.8096

-0.030506944,1.3629539,0.012870906,-0.07324787,-0.18123446,-0.0029494963,0.9807039,-1.9821813,-20.796057,351.09335,40.56666666668025,1.1423849,1493.8096

-0.030775396,1.3630319,0.013016963,-0.07328324,-0.1811114,-0.0028910094,0.98072416,-1.9746523,-20.782223,351.09103,40.583333333343035,1.1423849,1493.8096

-0.031056203,1.3631008,0.013185039,-0.07316765,-0.18101592,-0.0028268162,0.9807506,-1.9633832,-20.771954,351.10693,40.60000000000582,1.1423849,1493.8096

-0.030664926,1.3630033,0.012933219,-0.073006615,-0.18105248,-0.0027109843,0.98075616,-1.946279,-20.777561,351.12875,40.61666666666861,1.1423849,1493.8096

-0.030692527,1.3629742,0.012944369,-0.07306546,-0.18122184,-0.0026426683,0.98072064,-1.9411347,-20.797724,351.1222,40.63333333333139,1.1423849,1493.8096

-0.030857153,1.3629628,0.013040099,-0.073254354,-0.18149042,-0.002586523,0.9806571,-1.9413759,-20.829044,351.0991,40.64999999999418,1.1423849,1493.8096

-0.031082416,1.3629568,0.0131873395,-0.07331776,-0.18179773,-0.0024586972,0.9805957,-1.9306269,-20.865759,351.09256,40.666666666656965,1.1423849,1493.8096

-0.03133889,1.362966,0.013365302,-0.07337502,-0.18209755,-0.0023124346,0.9805362,-1.9174478,-20.901789,351.08716,40.68333333331975,1.1423849,1493.8096

-0.031616688,1.3629826,0.013562897,-0.07355316,-0.18233481,-0.002176954,0.98047906,-1.9076138,-20.930218,351.0673,40.70000000001164,1.1423849,1493.8096

-0.031169958,1.362694,0.013365842,-0.073709235,-0.18239276,-0.0021380088,0.98045665,-1.9070245,-20.936998,351.04895,40.71666666667443,1.1423849,1493.8096

-0.031206347,1.3626221,0.013472462,-0.07358638,-0.18234167,-0.002139314,0.98047537,-1.9039013,-20.931293,351.0641,40.733333333337214,1.1423849,1493.8096

-0.03139912,1.362636,0.013705334,-0.073162094,-0.18218274,-0.0021885966,0.9805365,-1.8986962,-20.913214,351.11517,40.75,1.1423849,1493.8096

-0.031639688,1.3626832,0.013981139,-0.07272388,-0.1820127,-0.0022532411,0.98060066,-1.8949307,-20.893734,351.16766,40.766666666662786,1.1423849,1493.8096

-0.031891003,1.3627373,0.0142525155,-0.0724971,-0.18187901,-0.0022974345,0.9806421,-1.8938106,-20.87825,351.1949,40.78333333332557,1.1423849,1493.8096

-0.032144196,1.3627864,0.014501553,-0.07247071,-0.18180452,-0.0023169348,0.9806578,-1.8947991,-20.869476,351.19806,40.79999999998836,1.1423849,1493.8096

-0.031941466,1.362708,0.014493588,-0.07264161,-0.18178758,-0.0023713838,0.9806482,-1.9049743,-20.866692,351.17627,40.81666666668025,1.1423849,1493.8096

-0.03203636,1.3627099,0.014605625,-0.07265188,-0.18196592,-0.0023700492,0.98061436,-1.9068857,-20.887394,351.17407,40.833333333343035,1.1423849,1493.8096

-0.032238208,1.3627406,0.014777765,-0.07268409,-0.1821559,-0.0023742176,0.98057663,-1.9100703,-20.909353,351.16904,40.85000000000582,1.1423849,1493.8096

-0.032478064,1.3627815,0.0149821825,-0.07272201,-0.18239166,-0.0023451056,0.9805301,-1.9098567,-20.93692,351.1638,40.86666666666861,1.1423849,1493.8096

-0.03273898,1.3628325,0.015216103,-0.072676726,-0.18266466,-0.0022393712,0.98048294,-1.8989536,-20.96967,351.1701,40.88333333333139,1.1423849,1493.8096

-0.03301175,1.3628725,0.015465928,-0.07248992,-0.1830318,-0.0019837595,0.9804288,-1.8678122,-21.014961,351.19635,40.89999999999418,1.1423849,1493.8096

-0.033644367,1.3629128,0.016005611,-0.0722785,-0.18341477,-0.0018191069,0.98037314,-1.847195,-21.06132,351.2235,40.916666666656965,1.1423849,1493.8096

-0.03399004,1.3629166,0.0162892,-0.07197851,-0.18376914,-0.0016274473,0.9803292,-1.8210073,-21.104753,351.26218,40.93333333331975,1.1423849,1493.8096

-0.034222685,1.3628933,0.01644137,-0.07209533,-0.18396595,-0.001524248,0.98028386,-1.8132361,-21.128319,351.24927,40.95000000001164,1.1423849,1493.8096

-0.03439521,1.3628514,0.016514702,-0.07249076,-0.18403581,-0.0014749753,0.98024166,-1.8169514,-21.136145,351.2021,40.96666666667443,1.1423849,1493.8096

-0.034536816,1.3627983,0.016560823,-0.07284093,-0.18408209,-0.0014143415,0.98020715,-1.8180397,-21.141417,351.1608,40.983333333337214,1.1423849,1493.8096

-0.034667782,1.3627433,0.016612653,-0.07297436,-0.18414228,-0.0013240014,0.98018605,-1.8108029,-21.148973,351.14633,41.0,1.1423849,1493.8096

-0.03399725,1.3625412,0.01594864,-0.07331519,-0.18442783,-0.0013112142,0.9801069,-1.8199402,-21.181635,351.10376,41.016666666662786,1.1420283,1494.3953

-0.03383178,1.3624336,0.015727347,-0.07362372,-0.18470423,-0.0012069301,0.98003185,-1.8172598,-21.214123,351.06723,41.03333333332557,1.1420283,1494.3953

-0.03383331,1.3623624,0.015655307,-0.07384836,-0.18495026,-0.0010518674,0.9799687,-1.8062621,-21.243702,351.04214,41.04999999998836,1.1420283,1494.3953

-0.03389657,1.3623075,0.015638685,-0.07404519,-0.18512298,-0.00090445095,0.9799214,-1.7947944,-21.264755,351.02063,41.06666666668025,1.1420283,1494.3953

-0.033987008,1.3622601,0.01565672,-0.074099354,-0.18523532,-0.00080621114,0.9798962,-1.7853743,-21.278606,351.01566,41.083333333343035,1.1420283,1494.3953

-0.034085188,1.3622134,0.015682634,-0.074028924,-0.18538517,-0.0007585673,0.9798732,-1.7796057,-21.296577,351.02444,41.10000000000582,1.1420283,1494.3953

-0.03341945,1.3621206,0.015182031,-0.074078895,-0.18562207,-0.00084742485,0.9798245,-1.7939392,-21.323206,351.01508,41.11666666666861,1.1420283,1494.3953

-0.03321884,1.3620332,0.01497655,-0.074281536,-0.1858432,-0.0009036494,0.97976714,-1.8076695,-21.348015,350.988,41.13333333333139,1.1420283,1494.3953

-0.033158354,1.3619478,0.014854277,-0.07463564,-0.18598403,-0.0009873004,0.9797135,-1.8273324,-21.362957,350.9424,41.14999999999418,1.1420283,1494.3953

-0.033138555,1.3618696,0.014764633,-0.07497727,-0.18606986,-0.001048642,0.979671,-1.8434503,-21.371723,350.8991,41.166666666656965,1.141672,1494.981

-0.033134125,1.3617998,0.014702834,-0.075154826,-0.18616128,-0.0010365954,0.97964007,-1.8470379,-21.382124,350.87735,41.18333333331975,1.141672,1494.981

-0.033141017,1.3617299,0.01467132,-0.07516448,-0.18618567,-0.0009430713,0.97963476,-1.8362501,-21.385807,350.87817,41.20000000001164,1.141672,1494.981

-0.03213267,1.3615711,0.014172465,-0.07538209,-0.18601948,-0.00096659985,0.9796496,-1.8422848,-21.36587,350.85217,41.21666666667443,1.1420283,1494.3953

-0.031788066,1.3614473,0.013974426,-0.07580111,-0.18594545,-0.0009901022,0.9796313,-1.8539006,-21.356256,350.80124,41.233333333337214,1.1423849,1493.8096

-0.03163915,1.3613327,0.013872463,-0.07611538,-0.18600139,-0.0010791295,0.97959626,-1.8724153,-21.361328,350.7608,41.25,1.1423849,1493.8096

-0.03154388,1.3612155,0.013807248,-0.07622958,-0.18621618,-0.0011296007,0.9795465,-1.8834379,-21.385588,350.7446,41.266666666662786,1.1423849,1493.8096

-0.031460013,1.3610984,0.01377425,-0.07632494,-0.18644436,-0.001150749,0.9794956,-1.8906509,-21.411718,350.73123,41.28333333332557,1.1423849,1493.8096

-0.03137938,1.360978,0.013774447,-0.07658074,-0.1866133,-0.0011302761,0.9794435,-1.8958919,-21.431047,350.6997,41.29999999998836,1.1423849,1493.8096

-0.03148386,1.3609928,0.013898889,-0.0769755,-0.18684675,-0.0011656656,0.97936803,-1.9117783,-21.45707,350.64966,41.31666666668025,1.1423849,1493.8096

-0.031468444,1.3609486,0.014003662,-0.07719024,-0.18699493,-0.0011155054,0.97932285,-1.9122995,-21.474348,350.62387,41.333333333343035,1.1423849,1493.8096

-0.031405527,1.360906,0.014117358,-0.07716299,-0.1871936,-0.0010772371,0.97928715,-1.909246,-21.497852,350.6269,41.35000000000582,1.1423849,1493.8096

-0.031315736,1.3608847,0.014230857,-0.07710638,-0.18737489,-0.0010959385,0.97925687,-1.912192,-21.518848,350.63226,41.36666666666861,1.1423849,1493.8096

-0.031204969,1.3608905,0.014328022,-0.077188544,-0.187506,-0.0011997273,0.9792252,-1.9280453,-21.532934,350.61917,41.38333333333139,1.1423849,1493.8096

-0.031081297,1.3609303,0.014420971,-0.077219784,-0.18755117,-0.0013322625,0.9792139,-1.9452449,-21.536858,350.6121,41.39999999999418,1.1423849,1493.8096

-0.031203218,1.3609948,0.0147008505,-0.07704654,-0.1876137,-0.001501455,0.9792153,-1.962337,-21.542858,350.62888,41.416666666656965,1.1423849,1493.8096

-0.031162566,1.3610902,0.014881495,-0.076900184,-0.18760958,-0.0015820791,0.9792275,-1.9686347,-21.541903,350.64484,41.43333333331975,1.1423849,1493.8096

-0.03107518,1.3611898,0.015035832,-0.076785654,-0.18762536,-0.0015665861,0.9792335,-1.9642961,-21.544115,350.659,41.45000000001164,1.1423849,1493.8096

-0.030979248,1.36129,0.015186045,-0.07670569,-0.18763275,-0.0015423204,0.97923833,-1.9596052,-21.545364,350.66922,41.46666666667443,1.1423849,1493.8096

-0.030889794,1.3613843,0.015340934,-0.07656365,-0.18763655,-0.0015059292,0.9792488,-1.9519793,-21.546434,350.68726,41.483333333337214,1.1423849,1493.8096

-0.030807555,1.3614676,0.015488271,-0.07630798,-0.18772732,-0.0014454585,0.97925144,-1.9397758,-21.558062,350.71912,41.5,1.1423849,1493.8096

-0.03102488,1.3617662,0.015457734,-0.07611267,-0.18783906,-0.0013245319,0.9792454,-1.9218968,-21.572577,350.74493,41.516666666662786,1.1423849,1493.8096

-0.03106428,1.3619032,0.01549273,-0.07612535,-0.1878778,-0.0012988481,0.979237,-1.9195145,-21.577295,350.74377,41.53333333332557,1.1423849,1493.8096

-0.031039298,1.3619741,0.015520599,-0.07625426,-0.18791385,-0.0013329329,0.97922003,-1.9270003,-21.580908,350.72714,41.54999999998836,1.1423849,1493.8096

-0.030987097,1.3620174,0.015528506,-0.07633978,-0.1879608,-0.0013908625,0.9792043,-1.9364786,-21.585651,350.71518,41.56666666668025,1.1423849,1493.8096

-0.030913888,1.362042,0.015509712,-0.076466046,-0.18800148,-0.0014604724,0.97918653,-1.9482415,-21.589474,350.698,41.583333333343035,1.1423849,1493.8096

-0.03081917,1.3620557,0.01546918,-0.07668882,-0.18796836,-0.0015757226,0.97917527,-1.9669329,-21.584085,350.66852,41.60000000000582,1.1423849,1493.8096

-0.031099131,1.3618319,0.015286235,-0.07701603,-0.18787925,-0.0017044529,0.9791665,-1.9890434,-21.571844,350.62637,41.61666666666861,1.1423849,1493.8096

-0.031120276,1.3617636,0.015189916,-0.07725819,-0.18777359,-0.0018376586,0.97916746,-2.009534,-21.557798,350.59457,41.63333333333139,1.1423849,1493.8096

-0.031060264,1.3617542,0.015139403,-0.077286705,-0.18775284,-0.0019041961,0.979169,-2.0179858,-21.554693,350.58972,41.64999999999418,1.1423849,1493.8096

-0.03097701,1.3617679,0.015114617,-0.07717182,-0.18779474,-0.0019094211,0.97917,-2.0164263,-21.559748,350.60327,41.666666666656965,1.1423849,1493.8096

-0.030885063,1.3617909,0.015097447,-0.077056624,-0.1878128,-0.0019191392,0.9791756,-2.0151365,-21.561993,350.61694,41.68333333331975,1.1423849,1493.8096

-0.030795826,1.361821,0.015090264,-0.077004015,-0.187702,-0.0019805369,0.9792009,-2.0200987,-21.548637,350.6226,41.70000000001164,1.1423849,1493.8096

-0.031035818,1.3615866,0.015253261,-0.07701,-0.18752076,-0.002074792,0.979235,-2.0295956,-21.526667,350.6208,41.71666666667443,1.1423849,1493.8096

-0.031061217,1.3615329,0.015305515,-0.076966,-0.18739872,-0.0022257739,0.97926146,-2.0454335,-21.511139,350.62344,41.733333333337214,1.1423849,1493.8096

-0.031006373,1.3615323,0.015333325,-0.07679384,-0.18733656,-0.0023715822,0.9792865,-2.0583575,-21.502886,350.6414,41.75,1.1423849,1493.8096

-0.030909775,1.3615501,0.015342733,-0.076696515,-0.18737106,-0.002553091,0.9792871,-2.0783787,-21.505373,350.64886,41.766666666662786,1.1423849,1493.8096

-0.030800445,1.3615792,0.015351813,-0.07671968,-0.18739529,-0.0027277286,0.9792802,-2.1002343,-21.50648,350.64194,41.78333333332557,1.1423849,1493.8096

-0.03069418,1.3616172,0.015382823,-0.07659372,-0.18736172,-0.0028715744,0.979296,-2.1143029,-21.501482,350.65414,41.79999999998836,1.1423849,1493.8096

-0.030561669,1.3613795,0.015426334,-0.07633467,-0.18730448,-0.002868011,0.97932726,-2.1072755,-21.495424,350.686,41.81666666668025,1.1423849,1493.8096

-0.030449376,1.36132,0.015451876,-0.07611979,-0.18724145,-0.0028174908,0.97935617,-2.0955446,-21.489037,350.7136,41.833333333343035,1.1423849,1493.8096

-0.030333437,1.3613064,0.015439114,-0.076057896,-0.18717554,-0.0027937365,0.97937363,-2.0905328,-21.481733,350.72208,41.85000000000582,1.1423849,1493.8096

-0.03021414,1.3612927,0.0153753515,-0.07622655,-0.18716832,-0.0027858193,0.9793619,-2.0933793,-21.480608,350.70184,41.86666666666861,1.1423849,1493.8096

-0.030092796,1.36126,0.015256332,-0.07649843,-0.18734689,-0.0027403797,0.9793067,-2.096128,-21.501211,350.6688,41.88333333333139,1.141672,1494.981

-0.02997154,1.3612077,0.015101621,-0.07670748,-0.18764876,-0.002662089,0.9792328,-2.094845,-21.536585,350.6434,41.89999999999418,1.141672,1494.981

-0.03011796,1.3610444,0.014905397,-0.076998316,-0.18813775,-0.002656214,0.9791161,-2.1062849,-21.59284,350.60526,41.916666666656965,1.141672,1494.981

-0.03009898,1.3609334,0.0147216525,-0.07736478,-0.18842101,-0.0026241574,0.9790329,-2.1140661,-21.625277,350.55972,41.93333333331975,1.141672,1494.981

-0.030029977,1.3608282,0.014549732,-0.077874735,-0.1885338,-0.0025851463,0.97897077,-2.1224535,-21.637655,350.49802,41.95000000001164,1.1420283,1494.3953

-0.029955504,1.3607216,0.014418248,-0.07823647,-0.18851449,-0.0024937335,0.9789459,-2.119601,-21.635513,350.4563,41.96666666667443,1.1420283,1494.3953

-0.029880323,1.3606157,0.0143247675,-0.07828831,-0.18855113,-0.0023587176,0.97893506,-2.1049318,-21.640972,350.45285,41.983333333337214,1.1420283,1494.3953

-0.029800579,1.36051,0.014246192,-0.07830161,-0.18868534,-0.0022260924,0.9789084,-2.0907586,-21.657825,350.45346,42.0,1.1420283,1494.3953

-0.030370472,1.3603574,0.014107734,-0.07850029,-0.18886475,-0.0020803988,0.97885823,-2.0798273,-21.679668,350.43158,42.016666666662786,1.1420283,1494.3953

-0.030521674,1.3602436,0.014001301,-0.07874016,-0.18901686,-0.002072069,0.97880965,-2.0861263,-21.696917,350.40167,42.03333333332557,1.1420283,1494.3953

-0.030538043,1.3601513,0.013894381,-0.078909814,-0.18910278,-0.0021745674,0.9787792,-2.1034198,-21.705538,350.3782,42.04999999998836,1.1420283,1494.3953

-0.030519262,1.360072,0.013778089,-0.07912275,-0.18910767,-0.002337689,0.97876066,-2.1281157,-21.704046,350.3485,42.06666666668025,1.1420283,1494.3953

-0.03050077,1.3600049,0.013667583,-0.079326384,-0.18904191,-0.0025050656,0.9787564,-2.1522968,-21.694313,350.32034,42.083333333343035,1.1420283,1494.3953

-0.030488854,1.3599411,0.01358233,-0.079434365,-0.18893734,-0.0026579823,0.97876745,-2.1720562,-21.680418,350.30438,42.10000000000582,1.1420283,1494.3953

-0.03016267,1.3600315,0.013722535,-0.079421334,-0.18879363,-0.0027806312,0.97879595,-2.1848965,-21.662539,350.30408,42.11666666666861,1.1420283,1494.3953

-0.030083105,1.3600093,0.013763383,-0.07944419,-0.18873197,-0.0028292655,0.97880584,-2.1905847,-21.654844,350.30057,42.13333333333139,1.1420283,1494.3953

-0.030095525,1.3599476,0.013758473,-0.079581395,-0.18877017,-0.002831581,0.9787873,-2.1944907,-21.658953,350.2836,42.14999999999418,1.1420283,1494.3953

-0.030142874,1.3598771,0.01372415,-0.07972225,-0.18890361,-0.00283636,0.9787501,-2.199879,-21.674095,350.26553,42.166666666656965,1.1420283,1494.3953

-0.030205779,1.3598208,0.013674591,-0.0797196,-0.18906765,-0.0028780901,0.9787185,-2.2067459,-21.692747,350.26385,42.18333333331975,1.1420283,1494.3953

-0.030286096,1.3597829,0.013612594,-0.07965036,-0.18916601,-0.0029175156,0.978705,-2.2110264,-21.703943,350.27075,42.20000000001164,1.1420283,1494.3953

-0.030559784,1.3599358,0.013657294,-0.07955422,-0.18920743,-0.002925035,0.9787048,-2.210173,-21.708899,350.28198,42.21666666667443,1.1420283,1494.3953

-0.030732637,1.3599932,0.013625594,-0.0796909,-0.18908167,-0.0029359462,0.978718,-2.2132194,-21.693869,350.26593,42.233333333337214,1.1420283,1494.3953

-0.030869752,1.3600214,0.0135791,-0.07983472,-0.18892786,-0.0029667327,0.97873586,-2.2185006,-21.675367,350.24872,42.25,1.1420283,1494.3953

-0.030999333,1.3600484,0.013553277,-0.07981361,-0.18884306,-0.003021487,0.9787538,-2.223633,-21.665016,350.25058,42.266666666662786,1.1420283,1494.3953

-0.031132085,1.3600758,0.013546051,-0.07974144,-0.18887326,-0.0030956655,0.97875357,-2.231253,-21.667955,350.25745,42.28333333332557,1.1420283,1494.3953

-0.031273827,1.360096,0.013561621,-0.07958858,-0.1889109,-0.0031293782,0.97875863,-2.2322016,-21.672346,350.275,42.29999999998836,1.1420283,1494.3953

-0.031097123,1.360098,0.013823494,-0.07935356,-0.18889876,-0.0030758698,0.9787802,-2.2201443,-21.671993,350.30487,42.31666666668025,1.1420283,1494.3953

-0.031138957,1.3600961,0.013919257,-0.07917175,-0.18891753,-0.0030389593,0.9787915,-2.2116811,-21.674953,350.32767,42.333333333343035,1.1420283,1494.3953

-0.03125574,1.3600891,0.013952624,-0.07902023,-0.18888997,-0.0030133673,0.9788091,-2.204755,-21.672342,350.34686,42.35000000000582,1.1420283,1494.3953

-0.031400252,1.3600831,0.013953045,-0.07899711,-0.18872257,-0.0030717244,0.9788431,-2.2093399,-21.652372,350.34937,42.36666666666861,1.1420283,1494.3953

-0.031552024,1.360079,0.013929231,-0.07899323,-0.18847284,-0.003168557,0.9788912,-2.2180688,-21.622412,350.3492,42.38333333333139,1.1420283,1494.3953

-0.031701654,1.3600814,0.013891427,-0.07892856,-0.18823516,-0.00330882,0.97894174,-2.2307637,-21.59357,350.35535,42.39999999999418,1.1420283,1494.3953

-0.03171073,1.3599173,0.013832562,-0.07870027,-0.18810779,-0.0034125296,0.97898424,-2.2365305,-21.578276,350.38153,42.416666666656965,1.1420283,1494.3953

-0.03180046,1.3598576,0.013786992,-0.078515515,-0.18805061,-0.0035098433,0.9790097,-2.24334,-21.571104,350.4021,42.43333333331975,1.1420283,1494.3953

-0.03190949,1.35982,0.013754001,-0.07838163,-0.18793239,-0.003565998,0.9790429,-2.2456698,-21.557125,350.41782,42.45000000001164,1.1420283,1494.3953

-0.032027453,1.3597713,0.013737217,-0.078324586,-0.187688,-0.0035738011,0.9790943,-2.2425141,-21.528788,350.4261,42.46666666667443,1.1420283,1494.3953

-0.03214939,1.3597065,0.013720475,-0.07841291,-0.1874113,-0.0035836159,0.9791402,-2.242587,-21.496344,350.4169,42.483333333337214,1.1420283,1494.3953

-0.03226991,1.3596301,0.013678677,-0.078678235,-0.18727203,-0.0036061772,0.9791455,-2.2498274,-21.479338,350.38507,42.5,1.1420283,1494.3953

-0.03190515,1.3596965,0.013889339,-0.07886465,-0.18726538,-0.003664439,0.9791315,-2.261062,-21.477566,350.36118,42.516666666662786,1.1420283,1494.3953

-0.031832445,1.3596778,0.0138997715,-0.078980155,-0.18734041,-0.0037110182,0.9791077,-2.2701921,-21.48556,350.3456,42.53333333332557,1.1420283,1494.3953

-0.0318474,1.3596383,0.01382334,-0.079212956,-0.1874165,-0.0038426565,0.9790738,-2.2922897,-21.49256,350.31387,42.54999999998836,1.1420283,1494.3953

-0.031882316,1.3596044,0.013714939,-0.07964551,-0.18745099,-0.004014635,0.97903144,-2.3233733,-21.493847,350.25726,42.56666666668025,1.1420283,1494.3953

-0.0319193,1.3595946,0.013637124,-0.0799775,-0.18739332,-0.0041545383,0.9790149,-2.3472064,-21.484972,350.21414,42.583333333343035,1.1420283,1494.3953

-0.031953424,1.3596215,0.013622887,-0.080022454,-0.18727377,-0.004222781,0.97903377,-2.3550727,-21.470299,350.20792,42.60000000000582,1.1420283,1494.3953

-0.0319003,1.3597593,0.013626238,-0.07995373,-0.18717289,-0.004209206,0.97905874,-2.3506832,-21.458881,350.21725,42.61666666666861,1.1420283,1494.3953

-0.031883646,1.3598714,0.013672693,-0.080003805,-0.18709199,-0.0041470625,0.97907037,-2.3434062,-21.449984,350.2131,42.63333333333139,1.1420283,1494.3953

-0.031870943,1.3599893,0.0137304105,-0.08005574,-0.18717313,-0.0041049505,0.97905076,-2.3404694,-21.459702,350.2072,42.64999999999418,1.1420283,1494.3953

-0.031856854,1.3601079,0.013790708,-0.07996326,-0.18749534,-0.0040308437,0.978997,-2.3331587,-21.498085,350.21805,42.666666666656965,1.1420283,1494.3953

-0.0318419,1.3602157,0.013850037,-0.07991645,-0.1879581,-0.0039372407,0.9789125,-2.326177,-21.55288,350.22284,42.68333333331975,1.1423849,1493.8096

-0.03182657,1.3603117,0.013894752,-0.08006568,-0.18848003,-0.0038949153,0.9788,-2.330603,-21.613573,350.2023,42.70000000001164,1.1423849,1493.8096

-0.03211468,1.3604062,0.013965171,-0.08023161,-0.18901588,-0.004005251,0.9786827,-2.3540196,-21.674332,350.17612,42.71666666667443,1.1423849,1493.8096

-0.0321805,1.3604801,0.014032312,-0.080387026,-0.18937714,-0.004084268,0.9785997,-2.371404,-21.715137,350.15305,42.733333333337214,1.1423849,1493.8096

-0.032178257,1.3605416,0.01411109,-0.08052208,-0.18952978,-0.0041507,0.97855884,-2.3843603,-21.731878,350.1341,42.75,1.1420283,1494.3953

-0.032162923,1.3606036,0.014215227,-0.080560304,-0.18947162,-0.004204676,0.9785667,-2.391079,-21.724483,350.1286,42.766666666662786,1.1420283,1494.3953

-0.03216121,1.360673,0.0143474545,-0.08058514,-0.18926305,-0.0042771217,0.9786048,-2.3979397,-21.699467,350.1253,42.78333333332557,1.1420283,1494.3953

-0.03218998,1.3607489,0.014501026,-0.0805593,-0.18906835,-0.0043450333,0.9786442,-2.4032369,-21.676228,350.12817,42.79999999998836,1.1420283,1494.3953

-0.032799803,1.3609426,0.014597267,-0.080434784,-0.18897197,-0.0045613144,0.9786721,-2.4252942,-21.66317,350.139,42.81666666668025,1.1420283,1494.3953

-0.033026375,1.3610811,0.014717525,-0.080094,-0.18913828,-0.004659584,0.97866744,-2.4311802,-21.682352,350.17703,42.833333333343035,1.1420283,1494.3953

-0.03313024,1.3612049,0.014843132,-0.07977099,-0.18931116,-0.004704329,0.97866017,-2.431088,-21.702793,350.2141,42.85000000000582,1.1420283,1494.3953

-0.033193294,1.3613179,0.014967471,-0.07974008,-0.18937132,-0.0047068843,0.97865105,-2.43138,-21.709833,350.2174,42.86666666666861,1.1420283,1494.3953

-0.033239953,1.3614272,0.015106071,-0.079724,-0.18940201,-0.0046152323,0.9786469,-2.420307,-21.714354,350.22125,42.88333333333139,1.1420283,1494.3953

-0.03327363,1.3615327,0.015266523,-0.079509914,-0.18947303,-0.0044086915,0.97865146,-2.3912275,-21.725182,350.25156,42.89999999999418,1.1420283,1494.3953

-0.033432305,1.3617723,0.015210591,-0.07933872,-0.18944478,-0.004187949,0.9786718,-2.3602743,-21.724497,350.27762,42.916666666656965,1.1420283,1494.3953

-0.033497486,1.3618951,0.015256517,-0.07932897,-0.18947612,-0.0040180134,0.9786672,-2.339906,-21.729841,350.2825,42.93333333331975,1.1420283,1494.3953

-0.03354486,1.3619787,0.015324941,-0.07943042,-0.18947668,-0.004007313,0.9786589,-2.3409865,-21.72977,350.27042,42.95000000001164,1.1420283,1494.3953

-0.033594843,1.3620504,0.015395284,-0.07943724,-0.1895157,-0.004121148,0.97865033,-2.3553345,-21.73316,350.26672,42.96666666667443,1.1420283,1494.3953

-0.033643343,1.3621188,0.0154807605,-0.07938475,-0.18952367,-0.0043216194,0.97865224,-2.3783925,-21.732233,350.2684,42.983333333337214,1.1420283,1494.3953

-0.033683788,1.3621823,0.015592564,-0.07928247,-0.18944095,-0.004566341,0.9786754,-2.4045753,-21.72045,350.27576,43.0,1.1420283,1494.3953

-0.033823993,1.3620771,0.015463334,-0.07913409,-0.18927751,-0.0047064796,0.9787184,-2.4161294,-21.70044,350.29166,43.016666666662786,1.1420283,1494.3953

-0.03389879,1.3620397,0.0155422855,-0.07892675,-0.18894194,-0.0048217713,0.9787994,-2.4213264,-21.660826,350.3164,43.03333333332557,1.1420283,1494.3953

-0.03395261,1.3620118,0.015690362,-0.07884782,-0.18858102,-0.004868609,0.9788751,-2.4209695,-21.618626,350.3273,43.04999999998836,1.1420283,1494.3953

-0.03400157,1.3619916,0.015857216,-0.07873476,-0.18828484,-0.0048714513,0.9789412,-2.4152746,-21.584467,350.3429,43.06666666668025,1.1420283,1494.3953

-0.034050222,1.3619757,0.01600456,-0.078622065,-0.18817659,-0.0048016664,0.9789714,-2.4030066,-21.572851,350.3589,43.083333333343035,1.1420283,1494.3953

-0.034094375,1.3619628,0.016098414,-0.078641996,-0.18834473,-0.0046931864,0.97893804,-2.3923228,-21.593401,350.35785,43.10000000000582,1.1420283,1494.3953

-0.03377304,1.3617194,0.015900418,-0.07875293,-0.18865861,-0.0045547523,0.9788693,-2.3818128,-21.630959,350.3455,43.11666666666861,1.1420283,1494.3953

-0.03365983,1.3616312,0.015794702,-0.07893714,-0.18902017,-0.004521273,0.9787849,-2.3862245,-21.672846,350.32153,43.13333333333139,1.1420283,1494.3953

-0.033610005,1.3615894,0.015715126,-0.079282455,-0.18911602,-0.00454563,0.97873837,-2.3983014,-21.6829,350.27838,43.14999999999418,1.1420283,1494.3953

-0.033582672,1.3615664,0.015665237,-0.079680115,-0.18895954,-0.004571881,0.97873616,-2.40889,-21.663483,350.23053,43.166666666656965,1.1420283,1494.3953

-0.033574738,1.3615514,0.015665531,-0.079819284,-0.18880016,-0.004496775,0.97875595,-2.4012027,-21.64537,350.21637,43.18333333331975,1.1420283,1494.3953

-0.033590466,1.3615355,0.015717294,-0.079762876,-0.18874122,-0.0043158624,0.9787727,-2.3773878,-21.640461,350.22775,43.20000000001164,1.1420283,1494.3953

-0.03330269,1.3613887,0.015246682,-0.079855874,-0.18882121,-0.004254879,0.97875,-2.3731241,-21.650135,350.21732,43.21666666667443,1.1420283,1494.3953

-0.03322586,1.3613064,0.015110757,-0.079943344,-0.18906263,-0.0042119143,0.9786964,-2.372792,-21.678396,350.2061,43.233333333337214,1.1420283,1494.3953

-0.033222303,1.3612579,0.015080059,-0.0798684,-0.18940742,-0.004252712,0.97863567,-2.3799968,-21.718233,350.212,43.25,1.1420283,1494.3953

-0.033241667,1.3612344,0.015078573,-0.079693355,-0.18975279,-0.004349479,0.9785826,-2.391623,-21.757826,350.22876,43.266666666662786,1.1420283,1494.3953

-0.03327303,1.3612341,0.015102763,-0.079523355,-0.18992963,-0.0045068976,0.9785614,-2.4087138,-21.77723,350.24466,43.28333333332557,1.1420283,1494.3953

-0.033306807,1.3612477,0.015150111,-0.079393744,-0.18996929,-0.0046384446,0.9785636,-2.422024,-21.780853,350.2571,43.29999999998836,1.1420283,1494.3953

-0.033163335,1.3615175,0.015284279,-0.079189055,-0.18985476,-0.004666568,0.9786023,-2.4193015,-21.767773,350.28207,43.31666666668025,1.1420283,1494.3953

-0.03312776,1.3616438,0.015424397,-0.078998365,-0.18969585,-0.00461641,0.9786488,-2.406951,-21.75027,350.30746,43.333333333343035,1.1420283,1494.3953

-0.03311744,1.3617119,0.015566582,-0.078935534,-0.18969844,-0.0044581285,0.9786541,-2.3864129,-21.752287,350.31873,43.35000000000582,1.1420283,1494.3953

-0.033116907,1.3617642,0.015710503,-0.078983694,-0.18996093,-0.0042669754,0.9786001,-2.3675053,-21.784555,350.31558,43.36666666666861,1.1420283,1494.3953

-0.033138327,1.3618182,0.015871055,-0.07886854,-0.19043075,-0.004092365,0.97851884,-2.3491638,-21.841154,350.3305,43.38333333333139,1.1420283,1494.3953

-0.033191204,1.3618801,0.016035922,-0.078619994,-0.19098572,-0.0039631426,0.9784312,-2.3341262,-21.907524,350.36014,43.39999999999418,1.1420283,1494.3953

-0.033173203,1.362062,0.016168047,-0.078296445,-0.19132353,-0.0038980045,0.9783914,-2.3225238,-21.9482,350.3988,43.416666666656965,1.1420283,1494.3953

-0.03324247,1.3621719,0.016344119,-0.0779072,-0.19142802,-0.0038915295,0.9784021,-2.313758,-21.961332,350.44562,43.43333333331975,1.1420283,1494.3953

-0.03333477,1.3622488,0.016523931,-0.07751844,-0.19135438,-0.0039013897,0.9784473,-2.3049388,-21.953594,350.49316,43.45000000001164,1.1420283,1494.3953

-0.03341436,1.3623002,0.016679494,-0.07725908,-0.19119613,-0.0039115176,0.9784987,-2.2982514,-21.935707,350.52548,43.46666666667443,1.141672,1494.981

-0.033462286,1.362338,0.01678313,-0.07710347,-0.1910883,-0.0039315876,0.97853196,-2.2957895,-21.923344,350.54462,43.483333333337214,1.141672,1494.981

-0.03347594,1.3623646,0.01682332,-0.07697996,-0.19101459,-0.003981839,0.97855586,-2.2981195,-21.91458,350.55896,43.5,1.141672,1494.981

-0.033201296,1.3623639,0.016474472,-0.07708538,-0.19102912,-0.004074357,0.97854435,-2.311942,-21.91513,350.54388,43.516666666662786,1.141672,1494.981

-0.03308849,1.36233,0.016246678,-0.07746712,-0.19101954,-0.004122071,0.9785159,-2.3265815,-21.912651,350.49643,43.53333333332557,1.1420283,1494.3953

-0.03304545,1.3622706,0.016061643,-0.07788801,-0.19102708,-0.0040745246,0.97848123,-2.3308294,-21.91299,350.4463,43.54999999998836,1.1420283,1494.3953

-0.033042632,1.3621964,0.015907587,-0.07818097,-0.19109955,-0.00399544,0.97844404,-2.3290029,-21.921486,350.41205,43.56666666668025,1.1420283,1494.3953

-0.03307343,1.3620994,0.0157885,-0.07841978,-0.1911744,-0.0038736355,0.9784108,-2.3207731,-21.930809,350.3853,43.583333333343035,1.1420283,1494.3953

-0.033129655,1.3619914,0.01571104,-0.07860058,-0.19118387,-0.0037823536,0.9783948,-2.3141143,-21.932379,350.36542,43.60000000000582,1.1420283,1494.3953

-0.032999754,1.3620116,0.015676845,-0.078745574,-0.1911865,-0.0037059968,0.97838295,-2.3083367,-21.933092,350.34952,43.61666666666861,1.1420283,1494.3953

-0.033009335,1.3619543,0.015649348,-0.078701265,-0.19114007,-0.003671138,0.97839564,-2.3025472,-21.928139,350.35602,43.63333333333139,1.1420283,1494.3953

-0.03305625,1.3618813,0.015620729,-0.07850853,-0.1910873,-0.003660428,0.9784215,-2.296107,-21.922564,350.38004,43.64999999999418,1.1420283,1494.3953

-0.033095025,1.3618058,0.015557535,-0.07844254,-0.19107017,-0.0036961206,0.97843003,-2.2986674,-21.920376,350.38736,43.666666666656965,1.1420283,1494.3953

-0.033111393,1.3617334,0.015450969,-0.078549616,-0.19104107,-0.0037652352,0.9784268,-2.3092027,-21.916063,350.37292,43.68333333331975,1.1420283,1494.3953

-0.033101685,1.3616652,0.015307484,-0.07870023,-0.19097331,-0.0038333137,0.9784277,-2.3201902,-21.907162,350.35345,43.70000000001164,1.1420283,1494.3953

-0.033003576,1.3618821,0.015560551,-0.07892467,-0.19090672,-0.003949257,0.97842216,-2.3387039,-21.89775,350.3239,43.71666666667443,1.1420283,1494.3953

-0.032943323,1.3619056,0.015518503,-0.07910635,-0.19084942,-0.004036257,0.9784183,-2.3528194,-21.889797,350.30017,43.733333333337214,1.1420283,1494.3953

-0.03290386,1.3618537,0.015382934,-0.079219654,-0.19081433,-0.004110015,0.97841567,-2.3639824,-21.884716,350.2849,43.75,1.1420283,1494.3953

-0.032884218,1.3617668,0.015211737,-0.07940426,-0.19080965,-0.0041437433,0.9784015,-2.3723397,-21.883394,350.26172,43.766666666662786,1.1420283,1494.3953

-0.032881573,1.3616745,0.015030561,-0.07974604,-0.19078255,-0.004173734,0.9783789,-2.3836763,-21.879118,350.21964,43.78333333332557,1.1420283,1494.3953

-0.03289056,1.3615991,0.014867527,-0.08002098,-0.190716,-0.004217111,0.9783692,-2.3945928,-21.870277,350.18564,43.79999999998836,1.1420283,1494.3953

-0.032894913,1.3615923,0.015368136,-0.07992061,-0.19061345,-0.0042741685,0.97839713,-2.3979223,-21.858034,350.1972,43.81666666668025,1.1420283,1494.3953

-0.032884255,1.3615671,0.015513474,-0.07951942,-0.1906399,-0.004278065,0.97842467,-2.389285,-21.862051,350.2457,43.833333333343035,1.1420283,1494.3953

-0.032834932,1.3615307,0.015533751,-0.07916102,-0.19077456,-0.0042612012,0.9784275,-2.3804002,-21.878744,350.2888,43.85000000000582,1.1420283,1494.3953

-0.03273877,1.3614733,0.015478535,-0.079109825,-0.19101204,-0.0042285263,0.9783855,-2.3780093,-21.906792,350.29422,43.86666666666861,1.1420283,1494.3953

-0.0326106,1.3614012,0.015388634,-0.079209715,-0.1912985,-0.0041831085,0.9783216,-2.3782072,-21.940296,350.28122,43.88333333333139,1.1420283,1494.3953

-0.03246235,1.3613124,0.01528164,-0.07920132,-0.1917026,-0.004064896,0.97824365,-2.3684306,-21.98846,350.28235,43.89999999999418,1.1420283,1494.3953

-0.032339104,1.3613038,0.015619824,-0.079177395,-0.19215946,-0.003862189,0.9781568,-2.3486838,-22.043633,350.28696,43.916666666656965,1.1420283,1494.3953

-0.03219024,1.3612337,0.015623791,-0.0794028,-0.19254273,-0.0037717873,0.97806346,-2.3475707,-22.088549,350.2591,43.93333333331975,1.1420283,1494.3953

-0.0320377,1.3611456,0.015500823,-0.07977167,-0.19285779,-0.0038056541,0.9779713,-2.364122,-22.123955,350.2113,43.95000000001164,1.1420283,1494.3953

-0.031887062,1.3610567,0.01532848,-0.08008541,-0.19318494,-0.003937866,0.97788054,-2.3914316,-22.15991,350.16782,43.96666666667443,1.1420283,1494.3953

-0.03174897,1.3609762,0.015162934,-0.08015688,-0.19344395,-0.0041158926,0.9778227,-2.4177268,-22.188068,350.15317,43.983333333337214,1.1420283,1494.3953

-0.031628866,1.3609124,0.0150238685,-0.08007451,-0.19360504,-0.004264688,0.977797,-2.435662,-22.205513,350.1586,44.0,1.1420283,1494.3953

-0.031716593,1.3611298,0.01537732,-0.08006325,-0.19379555,-0.004232833,0.9777603,-2.4337943,-22.228012,350.15942,44.016666666662786,1.1420283,1494.3953

-0.031705443,1.3611997,0.015441664,-0.08006587,-0.19407135,-0.0041427226,0.97770584,-2.4262197,-22.260984,350.1594,44.03333333332557,1.1420283,1494.3953

-0.03166001,1.3612294,0.015398677,-0.07999675,-0.19456598,-0.00403124,0.97761357,-2.4169247,-22.31979,350.16708,44.04999999998836,1.1420283,1494.3953

-0.031608663,1.3612542,0.015328787,-0.080011085,-0.19506586,-0.003942698,0.97751313,-2.4124696,-22.37878,350.16406,44.06666666668025,1.1420283,1494.3953

-0.031554744,1.3612795,0.015263855,-0.080049746,-0.19552633,-0.003861283,0.9774183,-2.4090016,-22.433064,350.15814,44.083333333343035,1.1420283,1494.3953

-0.03150065,1.361314,0.015210757,-0.080070674,-0.19592242,-0.0038085491,0.9773375,-2.4078197,-22.479618,350.15417,44.10000000000582,1.1420283,1494.3953

-0.03165974,1.3614073,0.015659764,-0.07995174,-0.1962583,-0.0037507948,0.9772801,-2.4019217,-22.519564,350.16776,44.11666666666861,1.1420283,1494.3953

-0.03169192,1.3614924,0.015772395,-0.07987175,-0.19650203,-0.003850506,0.9772373,-2.41495,-22.547121,350.17346,44.13333333333139,1.1420283,1494.3953

-0.031689864,1.3615752,0.015766393,-0.07988644,-0.19666964,-0.0040295823,0.9772016,-2.4389987,-22.564793,350.16623,44.14999999999418,1.1420283,1494.3953

-0.031687424,1.3616529,0.015725873,-0.07981719,-0.19680783,-0.0041690767,0.9771789,-2.4558609,-22.57965,350.17038,44.166666666656965,1.1420283,1494.3953

-0.031696923,1.3617257,0.015679162,-0.07966862,-0.19696113,-0.0042498023,0.97715974,-2.4638464,-22.597054,350.18552,44.18333333331975,1.1420283,1494.3953

-0.03172107,1.3617854,0.015627123,-0.079636514,-0.19715488,-0.004300323,0.9771231,-2.4714887,-22.619175,350.1869,44.20000000001164,1.1420283,1494.3953

-0.031908,1.3615903,0.015901528,-0.07971078,-0.19731618,-0.004386391,0.9770841,-2.485655,-22.636894,350.17465,44.21666666667443,1.1420283,1494.3953

-0.03201914,1.3615623,0.015952284,-0.07978045,-0.19747116,-0.0044742045,0.97704667,-2.4998512,-22.65387,350.16293,44.233333333337214,1.1420283,1494.3953

-0.032110527,1.3615888,0.01592501,-0.0797832,-0.19763502,-0.0045597563,0.9770129,-2.5122473,-22.672071,350.1594,44.25,1.1420283,1494.3953

-0.0322036,1.3616357,0.015871985,-0.079785146,-0.19772786,-0.0046532857,0.9769935,-2.5247455,-22.681934,350.15625,44.266666666662786,1.1420283,1494.3953

-0.03230951,1.3616837,0.015805295,-0.0799791,-0.19769657,-0.004756172,0.9769835,-2.5415967,-22.676758,350.1303,44.28333333332557,1.1420283,1494.3953

-0.032432202,1.3617275,0.015734943,-0.080139376,-0.19757655,-0.004842281,0.9769942,-2.5545201,-22.661507,350.1095,44.29999999998836,1.1420283,1494.3953

-0.03262426,1.3615892,0.015781613,-0.08023336,-0.19748448,-0.00496681,0.97700447,-2.5708106,-22.649292,350.09567,44.31666666668025,1.1420283,1494.3953

-0.032779146,1.3615559,0.015729977,-0.080396906,-0.19745679,-0.0050756442,0.9769961,-2.5876696,-22.64454,350.07327,44.333333333343035,1.1420283,1494.3953

-0.032937076,1.3615421,0.015661826,-0.08055684,-0.1974415,-0.005186682,0.97698545,-2.6048553,-22.641214,350.05115,44.35000000000582,1.1420283,1494.3953

-0.0331022,1.3615197,0.015594037,-0.08067768,-0.19747,-0.0052713957,0.97696924,-2.6184232,-22.643349,350.03418,44.36666666666861,1.1420283,1494.3953

-0.033278476,1.3614833,0.015538916,-0.08079781,-0.19747393,-0.0053186817,0.9769583,-2.627139,-22.643002,350.0183,44.38333333333139,1.1420283,1494.3953

-0.033466637,1.3614377,0.0154912565,-0.0809553,-0.19742729,-0.005329199,0.9769546,-2.6316957,-22.637041,349.99918,44.39999999999418,1.1420283,1494.3953

-0.03369334,1.3612434,0.015738303,-0.08115974,-0.19733909,-0.005409182,0.97695506,-2.6453106,-22.625418,349.9729,44.416666666656965,1.1420283,1494.3953

-0.033891484,1.3611442,0.015775118,-0.08139335,-0.19720654,-0.005480925,0.976962,-2.65809,-22.60863,349.9436,44.43333333331975,1.1420283,1494.3953

-0.034077816,1.3610821,0.015726153,-0.08167381,-0.19705263,-0.005575649,0.97696906,-2.6745236,-22.588987,349.9082,44.45000000001164,1.1420283,1494.3953

-0.034257945,1.3610386,0.015635747,-0.08207157,-0.19694847,-0.0056778155,0.9769561,-2.6953137,-22.574726,349.85794,44.46666666667443,1.1420283,1494.3953

-0.034437604,1.3610148,0.015539724,-0.08246414,-0.19690014,-0.0057562343,0.97693235,-2.7137773,-22.567207,349.80847,44.483333333337214,1.1420283,1494.3953

-0.034618475,1.3610001,0.015450444,-0.08280458,-0.1969131,-0.0057905964,0.97690076,-2.72639,-22.567408,349.766,44.5,1.1420283,1494.3953

-0.034814447,1.3608092,0.015592489,-0.083065994,-0.19683841,-0.005904027,0.97689295,-2.7455635,-22.556808,349.7319,44.516666666662786,1.1420283,1494.3953

-0.035010107,1.3607434,0.015615767,-0.08327107,-0.19676022,-0.0059550614,0.9768909,-2.7557573,-22.546604,349.70624,44.53333333332557,1.1420283,1494.3953

-0.035212178,1.3607191,0.01559847,-0.08341338,-0.19675775,-0.00599115,0.97687906,-2.763559,-22.545536,349.68802,44.54999999998836,1.1420283,1494.3953

-0.03541995,1.3607038,0.015563039,-0.08349159,-0.1968801,-0.005999544,0.97684765,-2.7680147,-22.559454,349.67737,44.56666666668025,1.1420283,1494.3953

-0.035642922,1.3606902,0.015528154,-0.08362504,-0.19697681,-0.0060335486,0.97681653,-2.7765982,-22.569963,349.65952,44.583333333343035,1.1420283,1494.3953

-0.035880946,1.3606751,0.01550417,-0.083816186,-0.19691962,-0.0061077173,0.97681123,-2.7895162,-22.561987,349.63483,44.60000000000582,1.1420283,1494.3953

-0.036075782,1.3606393,0.015659746,-0.08397065,-0.1967999,-0.006295352,0.97682095,-2.8144906,-22.545643,349.6124,44.61666666666861,1.1420283,1494.3953

-0.03626841,1.3606355,0.015715212,-0.084118135,-0.19654588,-0.0064505474,0.9768584,-2.8336549,-22.514038,349.5926,44.63333333333139,1.1420283,1494.3953

-0.036459103,1.3606504,0.015723359,-0.08419321,-0.19623326,-0.0066193277,0.97691363,-2.8519497,-22.475683,349.58173,44.64999999999418,1.1420283,1494.3953

-0.036650103,1.3606812,0.015697999,-0.08420911,-0.19597909,-0.006774833,0.9769622,-2.867936,-22.444435,349.578,44.666666666656965,1.1420283,1494.3953

-0.036842138,1.3607264,0.015663251,-0.08420466,-0.19579937,-0.0069036996,0.97699773,-2.8811462,-22.422192,349.57684,44.68333333331975,1.1420283,1494.3953

-0.037021738,1.3607883,0.015625365,-0.08415115,-0.19580154,-0.007005253,0.97700113,-2.892173,-22.421522,349.5809,44.70000000001164,1.1420283,1494.3953

-0.03716646,1.3608572,0.015603483,-0.08396258,-0.19602424,-0.0072483886,0.976971,-2.9198704,-22.445396,349.59647,44.71666666667443,1.1420283,1494.3953

-0.03726756,1.360942,0.015615882,-0.083779976,-0.19634263,-0.0072544217,0.97692263,-2.9202175,-22.482893,349.61615,44.733333333337214,1.1420283,1494.3953

-0.037360672,1.3610394,0.015656939,-0.08365422,-0.19666432,-0.00711433,0.9768697,-2.9042766,-22.52215,349.63242,44.75,1.1420283,1494.3953

-0.037460227,1.3611476,0.015746588,-0.0834999,-0.19687325,-0.0068948483,0.9768424,-2.8765829,-22.549212,349.65494,44.766666666662786,1.1420283,1494.3953

-0.037564054,1.3612659,0.01587493,-0.0831795,-0.19704854,-0.0066457186,0.97683614,-2.8408134,-22.573154,349.6987,44.78333333332557,1.1420283,1494.3953

-0.03766597,1.3613865,0.016021304,-0.08284059,-0.19721778,-0.0063816467,0.97683257,-2.8026807,-22.596579,349.74518,44.79999999998836,1.1420283,1494.3953

-0.037884835,1.3614135,0.016203081,-0.08247022,-0.19749756,-0.0062065255,0.9768085,-2.7759106,-22.632,349.7925,44.81666666668025,1.1420283,1494.3953

-0.037951432,1.3614829,0.016338388,-0.08222062,-0.1979421,-0.0059577907,0.9767411,-2.7451775,-22.686996,349.8257,44.833333333343035,1.1420283,1494.3953

-0.03795077,1.3615425,0.016429793,-0.08215259,-0.19846465,-0.0057035903,0.9766423,-2.7191627,-22.750612,349.83633,44.85000000000582,1.1420283,1494.3953

-0.037917696,1.3615876,0.016496018,-0.082223296,-0.19893444,-0.0054516993,0.97654223,-2.6961713,-22.807688,349.83032,44.86666666666861,1.1420283,1494.3953

-0.037873194,1.3616266,0.016565546,-0.08230385,-0.1993144,-0.005163529,0.9764595,-2.667905,-22.854664,349.8247,44.88333333333139,1.1420283,1494.3953

-0.03783134,1.36167,0.016657548,-0.08236145,-0.19954751,-0.004850136,0.97640866,-2.6341848,-22.884884,349.82358,44.89999999999418,1.1420283,1494.3953

-0.0373014,1.3615385,0.016511552,-0.08221045,-0.19962725,-0.0045771985,0.9764064,-2.5983052,-22.897394,349.84814,44.916666666656965,1.1420283,1494.3953

-0.037058488,1.3615136,0.016521202,-0.08220072,-0.19981934,-0.0043456717,0.97636896,-2.5723305,-22.92217,349.85358,44.93333333331975,1.1420283,1494.3953

-0.036902912,1.36153,0.016577564,-0.082482986,-0.19984563,-0.0042714505,0.9763401,-2.5706425,-22.925257,349.82068,44.95000000001164,1.1420283,1494.3953

-0.036763657,1.361572,0.016635612,-0.08271327,-0.19989869,-0.0043418175,0.9763095,-2.5855532,-22.930092,349.7904,44.96666666667443,1.1420283,1494.3953

-0.036630984,1.3616407,0.01671067,-0.08263461,-0.19999367,-0.0044265157,0.97629625,-2.5950637,-22.940475,349.79727,44.983333333337214,1.1420283,1494.3953

-0.03650043,1.3617245,0.016805934,-0.08240793,-0.20009227,-0.0044998354,0.97629493,-2.5995615,-22.951794,349.82248,45.0,1.1420283,1494.3953

-0.03636545,1.3617061,0.016607815,-0.08235697,-0.200101,-0.0045650373,0.97629714,-2.6063216,-22.95227,349.82706,45.016666666662786,1.1420283,1494.3953

-0.03622162,1.3617429,0.01660069,-0.082445055,-0.20007211,-0.004654481,0.9762952,-2.6190095,-22.947742,349.81433,45.03333333332557,1.1420283,1494.3953

-0.036077343,1.3617963,0.016667845,-0.08247995,-0.19995089,-0.00477317,0.9763165,-2.632781,-22.93231,349.80804,45.04999999998836,1.1420283,1494.3953

-0.03594013,1.3618524,0.016768487,-0.08245273,-0.19979326,-0.004848496,0.97635067,-2.6392937,-22.913254,349.81067,45.06666666668025,1.1420283,1494.3953

-0.035814427,1.3619137,0.016886596,-0.08247756,-0.1996801,-0.0048870905,0.9763715,-2.643189,-22.899616,349.80753,45.083333333343035,1.1420283,1494.3953

-0.035691403,1.3619817,0.016999988,-0.082583725,-0.1997021,-0.0048948927,0.97635806,-2.6470377,-22.90181,349.7942,45.10000000000582,1.1420283,1494.3953

-0.03571389,1.3621135,0.017004695,-0.08264489,-0.19963242,-0.004897884,0.9763671,-2.6480486,-22.893503,349.78714,45.11666666666861,1.1420283,1494.3953

-0.03565267,1.3622152,0.017101873,-0.08256547,-0.19956416,-0.004868773,0.97638786,-2.6417017,-22.886076,349.79807,45.13333333333139,1.1420283,1494.3953

-0.035570163,1.3623135,0.017234793,-0.082410246,-0.1994922,-0.0048113866,0.97641605,-2.630003,-22.878717,349.81897,45.14999999999418,1.1420283,1494.3953

-0.035484053,1.362415,0.01736945,-0.08236115,-0.19940127,-0.0047843438,0.9764389,-2.6243808,-22.86855,349.8263,45.166666666656965,1.1420283,1494.3953

-0.035394676,1.3625143,0.017495751,-0.08239029,-0.19926377,-0.0048284163,0.9764643,-2.6287467,-22.852013,349.82266,45.18333333331975,1.1420283,1494.3953

-0.035301257,1.3626049,0.017616637,-0.08237004,-0.19907005,-0.0049344613,0.9765049,-2.6387155,-22.828424,349.82397,45.20000000001164,1.1420283,1494.3953

-0.03557662,1.3627663,0.017491575,-0.082403965,-0.19887695,-0.0049992846,0.97654116,-2.6450243,-22.805195,349.81964,45.21666666667443,1.1420283,1494.3953

-0.03562656,1.3628333,0.017514385,-0.082459964,-0.198724,-0.005040434,0.9765673,-2.6495004,-22.786818,349.81293,45.233333333337214,1.1420283,1494.3953

-0.035610035,1.3628618,0.017590988,-0.08241778,-0.19854379,-0.00509848,0.9766072,-2.6532707,-22.765358,349.818,45.25,1.1420283,1494.3953

-0.03557966,1.3628713,0.01768395,-0.08233396,-0.1982912,-0.005221999,0.97666496,-2.6630635,-22.73492,349.82712,45.266666666662786,1.1420283,1494.3953

-0.03555304,1.3628541,0.017779866,-0.08234434,-0.19803031,-0.0053266734,0.97671646,-2.6727822,-22.703455,349.8252,45.28333333332557,1.1420283,1494.3953

-0.035533633,1.3628105,0.017870352,-0.08250953,-0.19783132,-0.005389593,0.9767425,-2.681993,-22.679201,349.80493,45.29999999998836,1.1420283,1494.3953

-0.035990052,1.3625199,0.017251734,-0.08268067,-0.19755915,-0.005410992,0.976783,-2.685397,-22.646849,349.78552,45.31666666668025,1.1420283,1494.3953

-0.036162168,1.362365,0.017079983,-0.08284487,-0.19736171,-0.00543111,0.97680885,-2.6893933,-22.62322,349.76642,45.333333333343035,1.1420283,1494.3953

-0.03624555,1.3622661,0.017055882,-0.08294741,-0.19709414,-0.0054890946,0.9768539,-2.6955922,-22.591215,349.75446,45.35000000000582,1.1420283,1494.3953

-0.036305837,1.3621923,0.01707881,-0.08296668,-0.19674505,-0.005588406,0.97692204,-2.7037487,-22.549524,349.7523,45.36666666666861,1.1420283,1494.3953

-0.03636538,1.3621334,0.017117167,-0.082985416,-0.19627962,-0.0057402337,0.97701323,-2.7168005,-22.493761,349.7498,45.38333333333139,1.1420283,1494.3953

-0.03642558,1.3620862,0.01716321,-0.083105065,-0.1957644,-0.005915375,0.9771053,-2.734489,-22.431688,349.73477,45.39999999999418,1.1420283,1494.3953

-0.036679853,1.3618513,0.017182067,-0.0831419,-0.19537155,-0.005902712,0.9771809,-2.7289524,-22.386044,349.7335,45.416666666656965,1.1420283,1494.3953

-0.036812104,1.361764,0.017248802,-0.083050966,-0.19509333,-0.005876034,0.9772444,-2.7200708,-22.35423,349.74722,45.43333333331975,1.1420283,1494.3953

-0.03690068,1.3617245,0.017340878,-0.08291402,-0.1949966,-0.0058042645,0.9772758,-2.7068877,-22.344116,349.76633,45.45000000001164,1.1420283,1494.3953

-0.036967114,1.3616915,0.017439216,-0.08284404,-0.19511719,-0.0056894063,0.9772583,-2.6927981,-22.359522,349.77673,45.46666666667443,1.1420283,1494.3953

-0.037024517,1.361651,0.017546032,-0.0828599,-0.19535746,-0.0055383504,0.9772098,-2.677874,-22.388987,349.77664,45.483333333337214,1.1420283,1494.3953

-0.037089266,1.3616055,0.017682426,-0.08286789,-0.19552852,-0.005361601,0.9771759,-2.65879,-22.410692,349.7786,45.5,1.1420283,1494.3953

-0.03715875,1.3616744,0.017967938,-0.08278514,-0.19560546,-0.005184914,0.9771685,-2.6363525,-22.421701,349.7924,45.516666666662786,1.1420283,1494.3953

-0.037221342,1.3616805,0.018189143,-0.0825617,-0.19554259,-0.005090549,0.97720045,-2.6187549,-22.41597,349.82233,45.53333333332557,1.1420283,1494.3953

-0.037268095,1.3616729,0.018376375,-0.082350664,-0.19532256,-0.005128234,0.9772621,-2.6155157,-22.390558,349.84875,45.54999999998836,1.1420283,1494.3953

-0.037283797,1.3616537,0.018519318,-0.08223552,-0.19506983,-0.005236433,0.9773217,-2.6227345,-22.360367,349.86203,45.56666666668025,1.1420283,1494.3953

-0.037270725,1.3616284,0.018631656,-0.0820988,-0.19481418,-0.005366672,0.9773835,-2.632072,-22.329664,349.87744,45.583333333343035,1.1420283,1494.3953

-0.037228175,1.3615967,0.018707432,-0.081986226,-0.19466726,-0.005488427,0.9774215,-2.6423006,-22.311632,349.8893,45.60000000000582,1.1420283,1494.3953

-0.037101913,1.3617327,0.018748226,-0.08212565,-0.19461532,-0.0054756226,0.9774202,-2.6434655,-22.30535,349.87302,45.61666666666861,1.1420283,1494.3953

-0.037017085,1.361736,0.018756658,-0.08241329,-0.1946798,-0.0054586446,0.97738326,-2.6491137,-22.31224,349.83786,45.63333333333139,1.1420283,1494.3953

-0.036958173,1.3616987,0.018780243,-0.082554646,-0.19482027,-0.005403222,0.9773437,-2.647534,-22.328762,349.82092,45.64999999999418,1.1420283,1494.3953

-0.036919795,1.3616493,0.018826935,-0.082501866,-0.19502951,-0.00529814,0.97730696,-2.636123,-22.354322,349.82837,45.666666666656965,1.1420283,1494.3953

-0.03689012,1.3615999,0.018889317,-0.08250633,-0.19517983,-0.005245571,0.97727686,-2.631718,-22.372334,349.828,45.68333333331975,1.1420283,1494.3953

-0.036855172,1.3615568,0.018957065,-0.08257704,-0.19524644,-0.005263118,0.9772575,-2.6363668,-22.379705,349.81848,45.70000000001164,1.1420283,1494.3953

-0.03652079,1.3616405,0.018962529,-0.082600966,-0.19521062,-0.0052347346,0.97726274,-2.633067,-22.375772,349.81647,45.71666666667443,1.1420283,1494.3953

-0.03635378,1.3616383,0.018984912,-0.08259625,-0.19515131,-0.0052451426,0.97727495,-2.6334825,-22.368778,349.81723,45.733333333337214,1.1420283,1494.3953

-0.036218468,1.3616,0.0189901,-0.08277455,-0.19512054,-0.005275709,0.97726583,-2.6410992,-22.364405,349.795,45.75,1.1420283,1494.3953

-0.03608266,1.361556,0.018984852,-0.08298537,-0.19514853,-0.005310922,0.9772422,-2.6507874,-22.36672,349.76822,45.766666666662786,1.1420283,1494.3953

-0.035940357,1.3615094,0.018980965,-0.0831261,-0.1952757,-0.0052969093,0.97720486,-2.65406,-22.381268,349.7505,45.78333333332557,1.1420283,1494.3953

-0.035794914,1.3614646,0.018990327,-0.0831885,-0.195445,-0.0052660485,0.9771659,-2.6539307,-22.401106,349.74237,45.79999999998836,1.1420283,1494.3953

-0.03538744,1.3615719,0.019241657,-0.083111964,-0.19563985,-0.005278414,0.97713333,-2.655997,-22.423841,349.75,45.81666666668025,1.1420283,1494.3953

-0.03517368,1.3615818,0.019307977,-0.083051756,-0.19586428,-0.005333479,0.9770932,-2.6639922,-22.449526,349.75443,45.833333333343035,1.1420283,1494.3953

-0.035019893,1.3615582,0.019307582,-0.08324927,-0.19599347,-0.0054520005,0.9770498,-2.6847308,-22.46277,349.72656,45.85000000000582,1.1420283,1494.3953

-0.034883272,1.3615296,0.01929679,-0.08341962,-0.19600943,-0.005607503,0.9770312,-2.707884,-22.462526,349.70193,45.86666666666861,1.1420283,1494.3953

-0.03475918,1.3615081,0.01930958,-0.08336869,-0.19592427,-0.0057051843,0.9770521,-2.7174134,-22.451744,349.70645,45.88333333333139,1.1420283,1494.3953

-0.034646753,1.3614923,0.019346682,-0.08328223,-0.1958124,-0.005721208,0.9770818,-2.7158656,-22.438808,349.71744,45.89999999999418,1.1420283,1494.3953

-0.034597095,1.3616062,0.019521894,-0.083380446,-0.1959166,-0.0056665502,0.9770528,-2.712925,-22.451221,349.706,45.916666666656965,1.1420283,1494.3953

-0.034524255,1.3616486,0.019583408,-0.083449915,-0.1960471,-0.005686775,0.9770206,-2.7186859,-22.465994,349.69608,45.93333333331975,1.1420283,1494.3953

-0.034440305,1.3616747,0.019622622,-0.083254054,-0.19626924,-0.0057125646,0.9769926,-2.7198362,-22.492096,349.71774,45.95000000001164,1.1420283,1494.3953

-0.03435603,1.3617121,0.019651873,-0.083008096,-0.19657202,-0.0057672216,0.9769523,-2.724261,-22.527418,349.7442,45.96666666667443,1.1420283,1494.3953

-0.034281097,1.3617657,0.019665748,-0.08283981,-0.19687486,-0.005863593,0.97690505,-2.7356148,-22.562103,349.76022,45.983333333337214,1.1420283,1494.3953

-0.03421257,1.3618346,0.019666834,-0.0826801,-0.19706643,-0.006053774,0.9768788,-2.7571528,-22.582851,349.77374,46.0,1.1420283,1494.3953

-0.03442935,1.3622315,0.019458793,-0.08257914,-0.19709139,-0.0061939214,0.97688144,-2.7719848,-22.584583,349.78253,46.016666666662786,1.1420283,1494.3953

-0.034488283,1.3624284,0.01938328,-0.08232892,-0.19705652,-0.0063549196,0.97690856,-2.7849627,-22.579563,349.80948,46.03333333332557,1.1420283,1494.3953

-0.034496844,1.3625628,0.01935362,-0.0819435,-0.1970065,-0.006459497,0.9769503,-2.7876263,-22.57376,349.8544,46.04999999998836,1.1420283,1494.3953

-0.034499638,1.3626753,0.019332327,-0.08163831,-0.19687407,-0.0065280865,0.97700214,-2.786872,-22.558521,349.891,46.06666666668025,1.1420283,1494.3953

-0.034514196,1.3627698,0.019283405,-0.081586234,-0.19675775,-0.0065847184,0.9770295,-2.7910333,-22.54456,349.89682,46.083333333343035,1.1420283,1494.3953

-0.034545384,1.3628504,0.019200169,-0.08160553,-0.1968199,-0.006620122,0.97701514,-2.796558,-22.551369,349.89316,46.10000000000582,1.1420283,1494.3953

-0.03469921,1.3628141,0.019562874,-0.08157331,-0.19716117,-0.0065670796,0.9769494,-2.7935545,-22.5917,349.89587,46.11666666666861,1.1420283,1494.3953

-0.034813788,1.3628416,0.019594777,-0.08146516,-0.19760078,-0.0065083746,0.97687,-2.7892206,-22.64375,349.90723,46.13333333333139,1.1420283,1494.3953

-0.03494174,1.3628862,0.019526405,-0.08147645,-0.19790223,-0.006448303,0.9768084,-2.7859313,-22.679403,349.9051,46.14999999999418,1.1420283,1494.3953

-0.035104282,1.3629317,0.019441571,-0.08154819,-0.19794871,-0.006392835,0.97679335,-2.7815366,-22.685175,349.8973,46.166666666656965,1.1420283,1494.3953

-0.03530451,1.3629738,0.019374024,-0.08153713,-0.19775766,-0.006292867,0.9768337,-2.7667887,-22.664011,349.90247,46.18333333331975,1.1420283,1494.3953

-0.03553436,1.3630143,0.019326646,-0.08136259,-0.19745463,-0.0060908087,0.97691077,-2.7343009,-22.631323,349.9309,46.20000000001164,1.1420283,1494.3953

-0.035701837,1.3629854,0.019682687,-0.0811782,-0.19717632,-0.0058489004,0.97698385,-2.6970708,-22.601938,349.96124,46.21666666667443,1.1420283,1494.3953

-0.03590119,1.3629982,0.019758543,-0.08109531,-0.19699255,-0.0056257937,0.9770291,-2.6657686,-22.583067,349.97806,46.233333333337214,1.1420283,1494.3953

-0.03610517,1.3630188,0.019730529,-0.08097702,-0.19691867,-0.005504813,0.9770545,-2.6473267,-22.576027,349.99594,46.25,1.1420283,1494.3953

-0.036318056,1.3630316,0.019642461,-0.08086593,-0.19695751,-0.0054784426,0.977056,-2.6418972,-22.581114,350.00986,46.266666666662786,1.1420283,1494.3953

-0.036551,1.3630415,0.01952378,-0.080902755,-0.19693822,-0.0055198115,0.9770566,-2.6475732,-22.578348,350.0045,46.28333333332557,1.1420283,1494.3953

-0.036797833,1.3630466,0.019392524,-0.08105592,-0.19678058,-0.005586042,0.9770753,-2.6574113,-22.558922,349.98535,46.29999999998836,1.1420283,1494.3953

-0.036864873,1.3628784,0.019389983,-0.0811218,-0.19647367,-0.0057098614,0.97713083,-2.6702776,-22.521778,349.97656,46.31666666668025,1.1420283,1494.3953

-0.037055552,1.3628225,0.01933363,-0.08105268,-0.19603167,-0.005864529,0.97722447,-2.6819541,-22.468983,349.98447,46.333333333343035,1.1420283,1494.3953

-0.03730426,1.3628107,0.019280633,-0.08097461,-0.19553114,-0.0060310685,0.9773302,-2.6941452,-22.409288,349.9936,46.35000000000582,1.1420283,1494.3953

-0.03759194,1.3628169,0.019245852,-0.08081261,-0.19510427,-0.0061616153,0.97742814,-2.7008588,-22.358768,350.01334,46.36666666666861,1.1420283,1494.3953

-0.037911374,1.3628335,0.019219972,-0.08040336,-0.19488747,-0.006214436,0.9775048,-2.6947792,-22.33415,350.0635,46.38333333333139,1.1420283,1494.3953

-0.038253583,1.3628504,0.019171327,-0.08002716,-0.19493379,-0.0061979764,0.9775265,-2.6842945,-22.340736,350.10944,46.39999999999418,1.1420283,1494.3953

-0.03847348,1.3627853,0.019290142,-0.07987477,-0.19508855,-0.006079719,0.97750884,-2.668168,-22.360342,350.12973,46.416666666656965,1.1420283,1494.3953

-0.03877867,1.3627585,0.019252155,-0.079921395,-0.19531032,-0.0060183643,0.97746116,-2.6645234,-22.386623,350.12393,46.43333333331975,1.1420283,1494.3953

-0.039122105,1.3627406,0.019177444,-0.079951406,-0.19538546,-0.005920251,0.97744423,-2.6542695,-22.396265,350.12207,46.45000000001164,1.1420283,1494.3953

-0.03947724,1.3627247,0.019092469,-0.07984091,-0.19532265,-0.0057872855,0.97746664,-2.634752,-22.390596,350.13916,46.46666666667443,1.1420283,1494.3953

-0.039825957,1.362705,0.018984431,-0.0796937,-0.19521658,-0.005690622,0.9775004,-2.618231,-22.379625,350.16016,46.483333333337214,1.1420283,1494.3953

-0.040163405,1.3626771,0.018843917,-0.07970296,-0.19506569,-0.0057114474,0.97752964,-2.6191745,-22.361843,350.1596,46.5,1.1420283,1494.3953

-0.0402375,1.3626801,0.018776149,-0.07982955,-0.19474685,-0.005829428,0.97758216,-2.632694,-22.323238,350.1436,46.516666666662786,1.1420283,1494.3953

-0.040444575,1.3626386,0.018633708,-0.080078594,-0.19468057,-0.0058894567,0.97757465,-2.6451516,-22.314255,350.11227,46.53333333332557,1.1420283,1494.3953

-0.040701054,1.3625786,0.018483695,-0.080328576,-0.19477586,-0.005854988,0.97753537,-2.6481328,-22.325008,350.08194,46.54999999998836,1.1420283,1494.3953

-0.040979862,1.3625048,0.018352505,-0.08050428,-0.19502023,-0.0057100044,0.9774731,-2.6377532,-22.354416,350.06223,46.56666666668025,1.1420283,1494.3953

-0.04127142,1.3624254,0.018241264,-0.080616355,-0.19537474,-0.0054939394,0.9773942,-2.6185715,-22.397528,350.05118,46.583333333343035,1.1420283,1494.3953

-0.04157567,1.3623413,0.01815302,-0.080730654,-0.19570693,-0.005226215,0.97731984,-2.5929224,-22.438572,350.0413,46.60000000000582,1.1420283,1494.3953

-0.041328683,1.3622091,0.018474258,-0.080808155,-0.19595018,-0.0050717364,0.9772655,-2.5790255,-22.468225,350.0338,46.61666666666861,1.1420283,1494.3953

-0.041443817,1.3621349,0.018550068,-0.080940455,-0.19618075,-0.004949751,0.9772089,-2.570242,-22.495935,350.01895,46.63333333333139,1.1420283,1494.3953

-0.041678943,1.362088,0.018542837,-0.081089064,-0.19633003,-0.004919272,0.9771668,-2.571962,-22.513218,350.0005,46.64999999999418,1.1420283,1494.3953

-0.0419506,1.36206,0.018498935,-0.08126577,-0.19644758,-0.0050138487,0.97712797,-2.589137,-22.525461,349.97583,46.666666666656965,1.1420283,1494.3953

-0.042233936,1.3620378,0.018444594,-0.081331156,-0.196581,-0.0051533333,0.977095,-2.6092474,-22.539383,349.96353,46.68333333331975,1.1420283,1494.3953

-0.04252885,1.3620074,0.018394101,-0.081340104,-0.19671708,-0.005264207,0.9770662,-2.624556,-22.554054,349.95883,46.70000000001164,1.1420283,1494.3953

-0.04177044,1.3619373,0.018387087,-0.08129404,-0.19679123,-0.005439569,0.9770542,-2.6455872,-22.561008,349.95972,46.71666666667443,1.1420283,1494.3953

-0.041719824,1.3618844,0.018382031,-0.08126547,-0.19693755,-0.005470594,0.97702694,-2.6504357,-22.57779,349.96143,46.733333333337214,1.1420283,1494.3953

-0.04191704,1.361836,0.018389573,-0.08117993,-0.19708383,-0.0054384363,0.97700465,-2.6462379,-22.595367,349.9716,46.75,1.1420283,1494.3953

-0.04221733,1.3617972,0.018408824,-0.08111375,-0.19716272,-0.0054443823,0.9769943,-2.6463056,-22.604666,349.97894,46.766666666662786,1.1420283,1494.3953

-0.042574223,1.3617762,0.018427553,-0.08099127,-0.19723628,-0.005468729,0.9769894,-2.6471646,-22.613306,349.99277,46.78333333332557,1.1420283,1494.3953

-0.042964604,1.3617792,0.018448254,-0.080640726,-0.197324,-0.005473535,0.9770007,-2.6402555,-22.624409,350.03485,46.79999999998836,1.1420283,1494.3953

-0.042154636,1.3616878,0.018897595,-0.08020334,-0.19740814,-0.0055910507,0.977019,-2.6448386,-22.634192,350.0848,46.81666666668025,1.1420283,1494.3953

-0.04210974,1.3616928,0.019040877,-0.07991395,-0.19740768,-0.005648541,0.9770425,-2.6447344,-22.634338,350.11877,46.833333333343035,1.1420283,1494.3953

-0.042311188,1.3617305,0.019102294,-0.07970726,-0.1972648,-0.005680134,0.97708803,-2.6418014,-22.617958,350.14426,46.85000000000582,1.1420283,1494.3953

-0.042600088,1.3617803,0.019179534,-0.07933877,-0.19698174,-0.005667824,0.97717524,-2.6279354,-22.586142,350.19156,46.86666666666861,1.1420283,1494.3953

-0.042930815,1.3618371,0.019291379,-0.078852154,-0.19665086,-0.005565628,0.97728187,-2.5997686,-22.549961,350.25574,46.88333333333139,1.1420283,1494.3953

-0.043276306,1.3618886,0.019390399,-0.07859557,-0.19651471,-0.0053749327,0.977331,-2.5688114,-22.53669,350.2926,46.89999999999418,1.1420283,1494.3953

-0.042019222,1.3616987,0.020029308,-0.07859261,-0.19665912,-0.005357562,0.97730225,-2.5683377,-22.55367,350.29236,46.916666666656965,1.1420283,1494.3953

-0.041782547,1.3616561,0.020279203,-0.078425676,-0.19704385,-0.0052176677,0.9772389,-2.5518484,-22.600254,350.31342,46.93333333331975,1.1420283,1494.3953

-0.04187181,1.3616594,0.020401824,-0.078109466,-0.19748347,-0.005044169,0.9771764,-2.5282564,-22.653946,350.35315,46.95000000001164,1.1420283,1494.3953

-0.04205507,1.361672,0.02048152,-0.07782142,-0.197751,-0.0048490064,0.97714627,-2.5006688,-22.687738,350.39124,46.96666666667443,1.1420283,1494.3953

-0.042266577,1.3616878,0.020550039,-0.07760789,-0.19779809,-0.004682198,0.97715455,-2.4757533,-22.695393,350.421,46.983333333337214,1.1420283,1494.3953

-0.04248517,1.3616968,0.020606317,-0.07739963,-0.19779547,-0.0045249127,0.9771724,-2.45154,-22.697145,350.45026,47.0,1.1420283,1494.3953

-0.041341383,1.3617357,0.020865507,-0.077230945,-0.19771245,-0.004598517,0.9772021,-2.4553757,-22.68719,350.46964,47.016666666662786,1.1420283,1494.3953

-0.04104355,1.3617343,0.020971704,-0.07725657,-0.19758454,-0.0045524407,0.9772262,-2.4489338,-22.672684,350.46848,47.03333333332557,1.1420283,1494.3953

-0.041005824,1.3617141,0.021021828,-0.07722021,-0.19745721,-0.0044593513,0.9772552,-2.4352815,-22.658857,350.47604,47.04999999998836,1.141672,1494.981

-0.04103731,1.3616863,0.021048887,-0.077019654,-0.19747359,-0.004334436,0.97726834,-2.4154146,-22.662472,350.50342,47.06666666668025,1.141672,1494.981

-0.041079063,1.3616537,0.021052752,-0.07696459,-0.19765486,-0.004208981,0.97723657,-2.4009356,-22.684921,350.512,47.083333333343035,1.141672,1494.981

-0.041122653,1.361619,0.021047475,-0.07712862,-0.19785269,-0.0040640784,0.97718424,-2.3896527,-22.70895,350.4941,47.10000000000582,1.141672,1494.981

-0.0412993,1.3609915,0.021583974,-0.07730272,-0.19797802,-0.0040493626,0.97714514,-2.3935828,-22.723255,350.47235,47.11666666666861,1.141672,1494.981

-0.041366074,1.3607763,0.021796698,-0.07724083,-0.19799297,-0.0039204005,0.97714746,-2.3765903,-22.726395,350.48297,47.13333333333139,1.141672,1494.981

-0.04139784,1.3607084,0.02193357,-0.076961435,-0.1979745,-0.0038059368,0.97717375,-2.3556335,-22.726032,350.52,47.14999999999418,1.141672,1494.981

-0.041417435,1.3606914,0.022055876,-0.07655001,-0.1979497,-0.003727156,0.9772114,-2.335695,-22.72489,350.5723,47.166666666656965,1.141672,1494.981

-0.04143112,1.3606955,0.02216442,-0.07617651,-0.19790882,-0.0036642689,0.97724915,-2.3184354,-22.721624,350.61972,47.18333333331975,1.141672,1494.981

-0.041432377,1.3607103,0.02223727,-0.07601443,-0.19797413,-0.0036028842,0.9772487,-2.307751,-22.730198,350.64056,47.20000000001164,1.141672,1494.981

-0.04088197,1.360908,0.022636801,-0.07597162,-0.19816822,-0.003610816,0.97721267,-2.3098605,-22.752821,350.64435,47.21666666667443,1.141672,1494.981

-0.040661544,1.3609718,0.022778925,-0.07588984,-0.1984264,-0.0035678903,0.9771668,-2.3055632,-22.783485,350.65366,47.233333333337214,1.141672,1494.981

-0.04053638,1.360993,0.022857387,-0.07570976,-0.19858268,-0.003560814,0.97714907,-2.3020375,-22.802174,350.67484,47.25,1.141672,1494.981

-0.040436495,1.3609943,0.022919318,-0.07547797,-0.19860509,-0.0035686395,0.9771624,-2.2975307,-22.805256,350.70282,47.266666666662786,1.141672,1494.981

-0.040338717,1.3609848,0.02297312,-0.07519331,-0.19848649,-0.0035760172,0.9772084,-2.2900832,-22.792042,350.7382,47.28333333332557,1.141672,1494.981

-0.04022959,1.3609666,0.023011956,-0.07497659,-0.1982348,-0.003622525,0.97727597,-2.2875783,-22.7628,350.76517,47.29999999998836,1.141672,1494.981

-0.039476044,1.3611178,0.023086533,-0.07489682,-0.19805741,-0.003736475,0.97731763,-2.2974658,-22.741262,350.77332,47.31666666668025,1.141672,1494.981

-0.039118387,1.361147,0.023088206,-0.07484689,-0.19795509,-0.0038456102,0.9773418,-2.308342,-22.728437,350.77744,47.333333333343035,1.141672,1494.981

-0.03887342,1.361141,0.023047302,-0.074819826,-0.19796437,-0.0039172135,0.97734165,-2.3164718,-22.72891,350.77893,47.35000000000582,1.141672,1494.981

-0.038659044,1.361128,0.022978393,-0.07487532,-0.19807072,-0.0039742687,0.97731566,-2.3259478,-22.740627,350.77008,47.36666666666861,1.141672,1494.981

-0.038458627,1.3611037,0.022913963,-0.07492863,-0.19823052,-0.0039932393,0.97727907,-2.3313498,-22.758928,350.76205,47.38333333333139,1.141672,1494.981

-0.038264096,1.3610646,0.022857707,-0.07495773,-0.19853537,-0.0039331065,0.97721523,-2.3281837,-22.794928,350.75797,47.39999999999418,1.141672,1494.981

-0.038722098,1.3608887,0.023246806,-0.075034805,-0.19880654,-0.0038271032,0.9771546,-2.3202548,-22.827322,350.74936,47.416666666656965,1.141672,1494.981

-0.038769033,1.3607819,0.023348104,-0.0750761,-0.19896902,-0.0036886223,0.97711885,-2.306282,-22.84745,350.7466,47.43333333331975,1.141672,1494.981

-0.0386977,1.3606986,0.02335816,-0.075096056,-0.19896974,-0.0035906453,0.9771176,-2.2948837,-22.848413,350.74658,47.45000000001164,1.141672,1494.981

-0.038584344,1.3606341,0.023325305,-0.075091526,-0.19892305,-0.0036344482,0.97712725,-2.299568,-22.842571,350.74637,47.46666666667443,1.141672,1494.981

-0.03844158,1.3605974,0.023264611,-0.075013734,-0.19893715,-0.003831326,0.9771296,-2.3217144,-22.842543,350.75098,47.483333333337214,1.141672,1494.981

-0.03827722,1.3605806,0.02318674,-0.07476353,-0.19907147,-0.0040297043,0.97712064,-2.3411353,-22.856916,350.77585,47.5,1.1420283,1494.3953

-0.038974155,1.3604466,0.023536198,-0.074194424,-0.19928423,-0.0040278677,0.97712064,-2.3292253,-22.883072,350.84402,47.516666666662786,1.1420283,1494.3953

-0.039115164,1.3604114,0.023597615,-0.0736529,-0.19944678,-0.004011983,0.9771285,-2.3157015,-22.903442,350.90958,47.53333333332557,1.1420283,1494.3953

-0.039080337,1.3604009,0.023564342,-0.07330866,-0.19959407,-0.0039468314,0.9771246,-2.3008854,-22.922014,350.95227,47.54999999998836,1.1420283,1494.3953

-0.038983446,1.3603934,0.023492659,-0.07307538,-0.19975862,-0.0038713193,0.9771087,-2.287735,-22.942429,350.9816,47.56666666668025,1.1420283,1494.3953

-0.03886359,1.3603817,0.023410464,-0.07284048,-0.19985104,-0.00383115,0.9771075,-2.2780385,-22.954111,351.0107,47.583333333343035,1.1420283,1494.3953

-0.038741253,1.360379,0.023358533,-0.07208793,-0.19987465,-0.0038272624,0.97715855,-2.2591462,-22.958647,351.1027,47.60000000000582,1.1420283,1494.3953

-0.03918013,1.3604767,0.023626395,-0.07171849,-0.20003864,-0.003836087,0.9771521,-2.252817,-22.978527,351.14658,47.61666666666861,1.1420283,1494.3953

-0.03923001,1.3604921,0.0236166,-0.07165859,-0.20002924,-0.003940431,0.977158,-2.263912,-22.97663,351.1514,47.63333333333139,1.1420283,1494.3953

-0.03914439,1.3604693,0.023506403,-0.07149341,-0.1999355,-0.0040688817,0.97718877,-2.2744148,-22.964931,351.16904,47.64999999999418,1.1420283,1494.3953

-0.039018605,1.360413,0.023342988,-0.07140211,-0.19988067,-0.004107359,0.9772065,-2.2762358,-22.95841,351.17963,47.666666666656965,1.1420283,1494.3953

-0.038882285,1.3603352,0.023137735,-0.071519755,-0.19986314,-0.004087391,0.9772016,-2.2765396,-22.956272,351.16583,47.68333333331975,1.1420283,1494.3953

-0.03873695,1.3602393,0.022902347,-0.0716091,-0.19984262,-0.00399916,0.9771996,-2.2678113,-22.95447,351.1572,47.70000000001164,1.1420283,1494.3953

-0.038870428,1.3600892,0.023253798,-0.071685724,-0.19967006,-0.0037738602,0.97723013,-2.2404702,-22.936216,351.15445,47.71666666667443,1.1420283,1494.3953

-0.03881208,1.3599671,0.023170695,-0.07203415,-0.19958429,-0.0036657692,0.9772225,-2.2350447,-22.926403,351.11505,47.733333333337214,1.1420283,1494.3953

-0.038681824,1.3598708,0.022966135,-0.07241447,-0.19947545,-0.0036191586,0.9772168,-2.2376242,-22.913275,351.07037,47.75,1.1420283,1494.3953

-0.038529925,1.3598045,0.022754699,-0.072571464,-0.19940881,-0.0035297447,0.97721905,-2.229923,-22.905966,351.0538,47.766666666662786,1.1420283,1494.3953

-0.038373377,1.3597543,0.022550315,-0.072658226,-0.19948295,-0.003335801,0.9771981,-2.2093103,-22.916176,351.04745,47.78333333332557,1.1420283,1494.3953

-0.038218223,1.3597192,0.022370845,-0.07271969,-0.19959246,-0.0031202727,0.97717196,-2.1858313,-22.930765,351.04456,47.79999999998836,1.1420283,1494.3953

-0.038345132,1.3597832,0.023008604,-0.07261098,-0.19965015,-0.0027743755,0.9771692,-2.1417255,-22.940878,351.06595,47.81666666668025,1.1420283,1494.3953

-0.038332663,1.3598015,0.0231857,-0.072424985,-0.19978927,-0.0024658227,0.97715545,-2.10111,-22.960299,351.09543,47.833333333343035,1.1420283,1494.3953

-0.03827308,1.3598149,0.023255885,-0.07211427,-0.1998078,-0.0022081763,0.9771753,-2.0622773,-22.96545,351.13962,47.85000000000582,1.1420283,1494.3953

-0.038191393,1.3598219,0.023294974,-0.07156587,-0.19982944,-0.0020012353,0.9772116,-2.023733,-22.970982,351.2116,47.86666666666861,1.1420283,1494.3953

-0.038097527,1.3598194,0.023317123,-0.07098873,-0.19982411,-0.0018586405,0.97725505,-1.9920065,-22.972816,351.2857,47.88333333333139,1.1420283,1494.3953

-0.037997175,1.3598068,0.02333336,-0.07038946,-0.19978285,-0.0017694335,0.977307,-1.9658452,-22.970013,351.36145,47.89999999999418,1.1420283,1494.3953

-0.038327117,1.3599328,0.024023106,-0.06992824,-0.20000018,-0.0016110808,0.97729594,-1.9373851,-22.997654,351.4204,47.916666666656965,1.1420283,1494.3953

-0.038350906,1.3599627,0.02424313,-0.0693555,-0.2001715,-0.0014462267,0.97730196,-1.904849,-23.020185,351.49353,47.93333333331975,1.1420283,1494.3953

-0.038248044,1.3599449,0.024267929,-0.06893665,-0.20043682,-0.0012985313,0.9772774,-1.8791584,-23.053204,351.54688,47.95000000001164,1.1420283,1494.3953

-0.038088724,1.359894,0.02419793,-0.069086805,-0.20054549,-0.0012295947,0.9772446,-1.8756253,-23.06618,351.52957,47.96666666667443,1.1420283,1494.3953

-0.03789224,1.3598222,0.02407251,-0.06945,-0.20062332,-0.0012051756,0.9772029,-1.8825157,-23.074766,351.48532,47.983333333337214,1.1420283,1494.3953

-0.03767109,1.3597423,0.023921352,-0.06961475,-0.20078458,-0.0011975634,0.97715807,-1.8873608,-23.093315,351.4644,48.0,1.1420283,1494.3953

-0.03762641,1.3596648,0.02415817,-0.06992417,-0.20102158,-0.0011805808,0.9770873,-1.8954747,-23.120499,351.4256,48.016666666662786,1.1420283,1494.3953

-0.037459794,1.3595864,0.024106693,-0.07033599,-0.20116143,-0.0012619783,0.97702885,-1.9171392,-23.135284,351.37234,48.03333333332557,1.1420283,1494.3953

-0.037252706,1.3595126,0.023956962,-0.07075763,-0.20130357,-0.0013662117,0.9769689,-1.941871,-23.150103,351.31732,48.04999999998836,1.1420283,1494.3953

-0.037041847,1.3594507,0.023790289,-0.071041174,-0.20144132,-0.0014320983,0.9769199,-1.958445,-23.165014,351.28015,48.06666666668025,1.1420283,1494.3953

-0.036844313,1.359398,0.023634307,-0.07123936,-0.20155105,-0.001462419,0.97688276,-1.9682643,-23.177137,351.2545,48.083333333343035,1.1420283,1494.3953

-0.03666982,1.3593534,0.023491267,-0.07147559,-0.20161146,-0.0015100708,0.976853,-1.9806324,-23.183279,351.224,48.10000000000582,1.1420283,1494.3953

-0.036603417,1.3591857,0.02349689,-0.071626745,-0.2016599,-0.0015231884,0.9768319,-1.9865383,-23.188501,351.2049,48.11666666666861,1.1420283,1494.3953

-0.03652758,1.359134,0.023457889,-0.07181975,-0.20162609,-0.0015594454,0.97682464,-1.9954376,-23.183844,351.18057,48.13333333333139,1.1420283,1494.3953

-0.036459606,1.3591388,0.023433203,-0.071814895,-0.20160757,-0.0015309654,0.9768289,-1.991652,-23.18195,351.182,48.14999999999418,1.1420283,1494.3953

-0.03640732,1.3591714,0.023434421,-0.071683936,-0.20166098,-0.00141449,0.9768277,-1.9747559,-23.189486,351.2006,48.166666666656965,1.1420283,1494.3953

-0.03637889,1.3592198,0.023459094,-0.07155395,-0.20174696,-0.0012450521,0.9768197,-1.9517792,-23.20129,351.22018,48.18333333331975,1.1420283,1494.3953

-0.036376633,1.3592706,0.023506083,-0.07143215,-0.20185235,-0.0010427339,0.97680706,-1.9252048,-23.215631,351.2395,48.20000000001164,1.1420283,1494.3953

-0.0361781,1.35893,0.023394572,-0.07118731,-0.20207511,-0.00078768,0.9767791,-1.8903399,-23.244356,351.2745,48.21666666667443,1.1420283,1494.3953

-0.036149852,1.3588666,0.023419715,-0.07108488,-0.20223849,-0.00062896765,0.9767529,-1.8701496,-23.265017,351.29004,48.233333333337214,1.1420283,1494.3953

-0.036184534,1.3588902,0.023499595,-0.07092866,-0.20230108,-0.000554062,0.97675127,-1.8577453,-23.273277,351.31067,48.25,1.1420283,1494.3953

-0.03624687,1.3589494,0.023598775,-0.070529364,-0.20229329,-0.0005705816,0.9767818,-1.8496068,-23.272978,351.3592,48.266666666662786,1.1420283,1494.3953

-0.036321707,1.3590088,0.023698146,-0.0700243,-0.20216683,-0.000591271,0.9768443,-1.8380837,-23.259,351.4213,48.28333333332557,1.1420283,1494.3953

-0.036392633,1.3590479,0.023778882,-0.06970572,-0.20189798,-0.00063537573,0.9769227,-1.8326623,-23.227863,351.46075,48.29999999998836,1.1420283,1494.3953

-0.036494378,1.3588076,0.023788031,-0.06964339,-0.201658,-0.00062811247,0.9769767,-1.8277457,-23.200058,351.46994,48.31666666668025,1.1420283,1494.3953

-0.036579162,1.358727,0.02380167,-0.069708,-0.20150666,-0.00070525473,0.9770033,-1.8372046,-23.18162,351.461,48.333333333343035,1.1420283,1494.3953

-0.036651745,1.3586895,0.023814492,-0.06963489,-0.20153055,-0.0007584217,0.9770035,-1.8420873,-23.184078,351.46848,48.35000000000582,1.1420283,1494.3953

-0.036724485,1.3586626,0.023832217,-0.06960605,-0.20158131,-0.00081967196,0.97699505,-1.8493409,-23.18952,351.4702,48.36666666666861,1.1420283,1494.3953

-0.036799096,1.3586459,0.023853257,-0.06956074,-0.20157795,-0.000948212,0.9769988,-1.8638171,-23.188097,351.47256,48.38333333333139,1.1420283,1494.3953

-0.036882836,1.3586291,0.023876365,-0.069499284,-0.20148018,-0.0010888432,0.97702324,-1.8783894,-23.175592,351.47717,48.39999999999418,1.1420283,1494.3953

-0.03629475,1.3582871,0.02352418,-0.06944883,-0.2013226,-0.0012263351,0.9770591,-1.8922405,-23.156118,351.48087,48.416666666656965,1.1420283,1494.3953

-0.036163017,1.3581651,0.023414733,-0.06950758,-0.20108435,-0.0014217503,0.97710377,-1.9150447,-23.126526,351.4702,48.43333333331975,1.1420283,1494.3953

-0.036170624,1.3581272,0.02338339,-0.06958204,-0.20091122,-0.001640802,0.9771337,-1.9417793,-23.104284,351.4567,48.45000000001164,1.1420283,1494.3953

-0.036220755,1.3581222,0.023395894,-0.06953504,-0.2008344,-0.0017811316,0.9771526,-1.9568862,-23.094198,351.45944,48.46666666667443,1.1420283,1494.3953

-0.03627877,1.3581374,0.023437107,-0.06936086,-0.20084698,-0.0018649573,0.97716224,-1.962863,-23.09529,351.47858,48.483333333337214,1.1420283,1494.3953

-0.03633804,1.3581634,0.023495436,-0.0690957,-0.20094106,-0.0018900092,0.97716165,-1.9602509,-23.10657,351.50986,48.5,1.1420283,1494.3953

-0.035737813,1.3579983,0.023335155,-0.068863295,-0.20107949,-0.0018246059,0.9771497,-1.947897,-23.123743,351.5391,48.516666666662786,1.1420283,1494.3953

-0.035587937,1.3579606,0.02335028,-0.06877036,-0.2011853,-0.0017669715,0.9771346,-1.9396378,-23.136763,351.5513,48.53333333332557,1.1420283,1494.3953

-0.03557884,1.3579597,0.023417437,-0.068702266,-0.20126826,-0.0017381407,0.97712237,-1.9352705,-23.146816,351.55984,48.54999999998836,1.1420283,1494.3953

-0.03561584,1.3579748,0.02350087,-0.068578504,-0.20130141,-0.0017593888,0.97712415,-1.9350942,-23.150747,351.57428,48.56666666668025,1.1420283,1494.3953

-0.035669282,1.3579906,0.023581121,-0.068468705,-0.20131482,-0.0018277499,0.977129,-1.9408002,-23.151941,351.58594,48.583333333343035,1.1420283,1494.3953

-0.03572912,1.3580062,0.023645146,-0.068418,-0.20137075,-0.0019645647,0.9771207,-1.956753,-23.157389,351.5884,48.60000000000582,1.1420283,1494.3953

-0.035170875,1.3580066,0.023689572,-0.068341434,-0.20142764,-0.0021943024,0.9771139,-1.983379,-23.162207,351.59174,48.61666666666861,1.1420283,1494.3953

-0.035014346,1.3580314,0.023738457,-0.06825598,-0.20154518,-0.0023958734,0.9770951,-2.006973,-23.17436,351.5965,48.63333333333139,1.1420283,1494.3953

-0.034990653,1.3580706,0.023807064,-0.068237275,-0.2017116,-0.0025518995,0.9770617,-2.0271976,-23.192467,351.59393,48.64999999999418,1.1420283,1494.3953

-0.03501246,1.3581283,0.023914432,-0.068077214,-0.201889,-0.0026814512,0.9770359,-2.0407627,-23.212381,351.60925,48.666666666656965,1.1420283,1494.3953

-0.035049845,1.3581953,0.02407047,-0.06756431,-0.20212518,-0.0027062385,0.9770226,-2.0332835,-23.240782,351.67,48.68333333331975,1.1420283,1494.3953

-0.03511937,1.3582774,0.024299096,-0.06678834,-0.20217071,-0.0025857238,0.9770668,-1.999531,-23.248713,351.7678,48.70000000001164,1.1420283,1494.3953

-0.034905136,1.3584024,0.024504771,-0.0654779,-0.20214748,-0.0022408762,0.97716117,-1.9242994,-23.251497,351.93692,48.71666666667443,1.1420283,1494.3953

-0.03491568,1.3585114,0.024737008,-0.06439373,-0.20229316,-0.001780729,0.977204,-1.8423362,-23.274336,352.08032,48.733333333337214,1.1420283,1494.3953

-0.035007715,1.3586202,0.024969496,-0.06342615,-0.20223448,-0.0013647832,0.97728014,-1.7667046,-23.272606,352.20947,48.75,1.141672,1494.981

-0.035109118,1.3587137,0.025133545,-0.06281584,-0.20225076,-0.0009871341,0.9773166,-1.7054507,-23.278578,352.29355,48.766666666662786,1.141672,1494.981

-0.03519649,1.3587874,0.025215296,-0.06277216,-0.20238769,-0.0007122822,0.97729135,-1.6721237,-23.296791,352.30505,48.78333333332557,1.141672,1494.981

-0.03492128,1.3587148,0.024923097,-0.06302516,-0.20278336,-0.00050566247,0.9771932,-1.6570078,-23.344162,352.27716,48.79999999998836,1.141672,1494.981

-0.03487787,1.3587006,0.024744522,-0.063363686,-0.20314701,-0.00046443613,0.9770957,-1.6639503,-23.386354,352.23483,48.81666666668025,1.141672,1494.981

-0.03490255,1.3586975,0.024595141,-0.06369695,-0.20340735,-0.00050671876,0.9770199,-1.6800067,-23.415834,352.19156,48.833333333343035,1.141672,1494.981

-0.034944665,1.3586849,0.024470937,-0.06387846,-0.20353012,-0.00050112343,0.9769825,-1.6850928,-23.429895,352.1688,48.85000000000582,1.141672,1494.981

-0.034980454,1.3586607,0.024377098,-0.06405698,-0.20341979,-0.00047124986,0.97699374,-1.6849388,-23.416946,352.1483,48.86666666666861,1.141672,1494.981

-0.035008747,1.3586285,0.024310041,-0.06421605,-0.20312612,-0.000442237,0.97704446,-1.6826504,-23.382633,352.1311,48.88333333333139,1.1420283,1494.3953

-0.035023086,1.3585823,0.024244457,-0.06442671,-0.2028468,-0.00044841543,0.97708863,-1.6860838,-23.349623,352.1066,48.89999999999418,1.1420283,1494.3953

-0.03495737,1.3583387,0.024164904,-0.06470477,-0.20270342,-0.0006039561,0.97709996,-1.7107081,-23.331154,352.06943,48.916666666656965,1.1420283,1494.3953

-0.034914803,1.3582225,0.024060853,-0.065009356,-0.20270477,-0.0008114793,0.9770793,-1.7437152,-23.32909,352.02692,48.93333333331975,1.1420283,1494.3953

-0.03489211,1.3581566,0.023967668,-0.065225385,-0.20276995,-0.0010004769,0.9770512,-1.7728413,-23.334766,351.9954,48.95000000001164,1.1420283,1494.3953

-0.03488122,1.3581127,0.023895746,-0.065257065,-0.2028844,-0.0011401159,0.97702515,-1.7917714,-23.346924,351.98737,48.96666666667443,1.1420283,1494.3953

-0.034881845,1.3580803,0.023856465,-0.06509192,-0.20288958,-0.001271309,0.9770349,-1.8036352,-23.34676,352.00427,48.983333333337214,1.1420283,1494.3953

-0.034888614,1.3580445,0.02382718,-0.06493421,-0.20277025,-0.0014331932,0.9770699,-1.8182243,-23.331806,352.0202,49.0,1.1420283,1494.3953

-0.034842167,1.3579985,0.023982001,-0.06485737,-0.20255062,-0.0015643882,0.9771204,-1.8301499,-23.305256,352.02756,49.016666666662786,1.1420283,1494.3953

-0.034851983,1.3579556,0.024002256,-0.06487304,-0.20237878,-0.001724987,0.97715473,-1.8484544,-23.28387,352.02255,49.03333333332557,1.1420283,1494.3953

-0.0348796,1.3579061,0.023961548,-0.06500448,-0.20233324,-0.0018779722,0.97715515,-1.8699684,-23.277065,352.0029,49.04999999998836,1.1420283,1494.3953

-0.0349134,1.3578563,0.023879105,-0.06519248,-0.20238219,-0.0020391005,0.97713214,-1.8948175,-23.281094,351.9756,49.06666666668025,1.1420283,1494.3953

-0.03495544,1.3578066,0.023762975,-0.06540998,-0.20242895,-0.0022094601,0.9771075,-1.9215169,-23.284727,351.94443,49.083333333343035,1.1420283,1494.3953

-0.035006825,1.3577596,0.023613483,-0.06567579,-0.20241053,-0.0023991491,0.9770931,-1.9511514,-23.28049,351.90726,49.10000000000582,1.1420283,1494.3953

-0.03524157,1.3577275,0.024098802,-0.06598996,-0.20223252,-0.002543616,0.9771084,-1.9749123,-23.257898,351.86618,49.11666666666861,1.1420283,1494.3953

-0.035370976,1.3576994,0.024159886,-0.066207744,-0.2020391,-0.002728981,0.9771332,-2.0010548,-23.23335,351.83603,49.13333333333139,1.1420283,1494.3953

-0.035490002,1.3576761,0.0241037,-0.06634646,-0.20185432,-0.0028881792,0.9771615,-2.0220923,-23.210186,351.81616,49.14999999999418,1.1420283,1494.3953

-0.035631355,1.3576576,0.024023904,-0.066444494,-0.20177169,-0.0030097922,0.9771715,-2.0385406,-23.199327,351.80164,49.166666666656965,1.1420283,1494.3953

-0.035802517,1.3576442,0.023956027,-0.066535324,-0.20177233,-0.0030950448,0.977165,-2.0512094,-23.1985,351.7884,49.18333333331975,1.1420283,1494.3953

-0.035995565,1.35763,0.023913786,-0.06657602,-0.20179519,-0.003119849,0.9771574,-2.0554805,-23.200874,351.78265,49.20000000001164,1.1420283,1494.3953

-0.036139183,1.3577082,0.02432791,-0.06677369,-0.20171371,-0.0031878827,0.9771605,-2.0679111,-23.190382,351.75726,49.21666666667443,1.1420283,1494.3953

-0.036311265,1.357735,0.024436936,-0.06714172,-0.20160507,-0.0032558064,0.9771575,-2.0843217,-23.176357,351.71118,49.233333333337214,1.1420283,1494.3953

-0.03650205,1.3577472,0.0244183,-0.06750759,-0.2015968,-0.0033355653,0.97713375,-2.1031258,-23.173933,351.66446,49.25,1.1420283,1494.3953

-0.03670241,1.3577545,0.024325984,-0.067807466,-0.20175518,-0.003419036,0.97708,-2.1224284,-23.191044,351.62473,49.266666666662786,1.1420283,1494.3953

-0.036890846,1.3577533,0.024171168,-0.068062276,-0.20203625,-0.0035137178,0.9770038,-2.14324,-23.222454,351.58948,49.28333333332557,1.1420283,1494.3953

-0.03707461,1.3577403,0.023956075,-0.06832015,-0.20230022,-0.003635402,0.9769308,-2.1672668,-23.251623,351.55328,49.29999999998836,1.1420283,1494.3953

-0.037611905,1.3576977,0.024153803,-0.06861526,-0.2024659,-0.0038437152,0.976875,-2.2017894,-23.268488,351.51093,49.31666666668025,1.1420283,1494.3953

-0.03793059,1.357648,0.02401062,-0.068913534,-0.20250633,-0.0039587067,0.97684515,-2.2237344,-23.271526,351.47128,49.333333333343035,1.1420283,1494.3953

-0.038194336,1.3575808,0.023712002,-0.06960877,-0.20270456,-0.0039688135,0.97675467,-2.2445817,-23.292963,351.38467,49.35000000000582,1.1420283,1494.3953

-0.03846343,1.3575115,0.023362763,-0.070592806,-0.2030933,-0.0038088378,0.9766039,-2.2540858,-23.337446,351.26566,49.36666666666861,1.1420283,1494.3953

-0.038756642,1.3574479,0.023031177,-0.07157205,-0.20358644,-0.0035328036,0.97643095,-2.250568,-23.39517,351.1494,49.38333333333139,1.1420283,1494.3953

-0.039063547,1.3573961,0.022756753,-0.0722046,-0.20412861,-0.0031930367,0.9762724,-2.2311273,-23.460026,351.07693,49.39999999999418,1.1420283,1494.3953

-0.03950068,1.35738,0.023306599,-0.07231692,-0.20449656,-0.002978894,0.97618777,-2.2119024,-23.504635,351.0662,49.416666666656965,1.1420283,1494.3953

-0.039854247,1.3573925,0.023403043,-0.07208138,-0.20461649,-0.0027891304,0.9761806,-2.1840618,-23.520876,351.0991,49.43333333331975,1.1420283,1494.3953

-0.040192846,1.3574319,0.02335121,-0.07202754,-0.20445259,-0.0027123704,0.9762191,-2.1715472,-23.502577,351.1087,49.45000000001164,1.1420283,1494.3953

-0.040526755,1.357488,0.023241285,-0.07235691,-0.20410793,-0.0027176393,0.9762669,-2.176832,-23.4616,351.07037,49.46666666667443,1.1420283,1494.3953

-0.04086446,1.357553,0.023132525,-0.07241053,-0.20373552,-0.0026809117,0.9763408,-2.1696618,-23.418383,351.06708,49.483333333337214,1.1423849,1493.8096

-0.04119566,1.3576138,0.023020199,-0.07230373,-0.20357089,-0.002590468,0.97638327,-2.1541386,-23.400244,351.08347,49.5,1.1423849,1493.8096

-0.04096634,1.3577816,0.023834579,-0.07259078,-0.20364542,-0.0025989888,0.97634643,-2.1632738,-23.408226,351.0476,49.516666666662786,1.1423849,1493.8096

-0.041071534,1.3578763,0.024051696,-0.07293155,-0.20397061,-0.002490486,0.97625345,-2.1622665,-23.446386,351.0065,49.53333333332557,1.1423849,1493.8096

-0.041301493,1.3579595,0.024116972,-0.07301379,-0.20423028,-0.0023352734,0.97619337,-2.148289,-23.477907,350.99866,49.54999999998836,1.1423849,1493.8096

-0.041574657,1.3580434,0.024159724,-0.07289551,-0.20418319,-0.0022140418,0.9762123,-2.1299827,-23.47379,351.0165,49.56666666668025,1.1423849,1493.8096

-0.041866608,1.3581315,0.024194762,-0.07291362,-0.20390113,-0.0021421614,0.97627014,-2.1185987,-23.441517,351.01788,49.583333333343035,1.1423849,1493.8096

-0.042186465,1.3582342,0.024253588,-0.072719865,-0.20347005,-0.0020071464,0.97637475,-2.0925255,-23.3929,351.04773,49.60000000000582,1.1423849,1493.8096

-0.04172605,1.358517,0.025375916,-0.07228759,-0.20295301,-0.00194826,0.97651464,-2.0687995,-23.334068,351.10544,49.61666666666861,1.1423849,1493.8096

-0.04178142,1.3586812,0.0257947,-0.07207666,-0.20239203,-0.0018241791,0.97664684,-2.0423226,-23.270222,351.13785,49.63333333333139,1.1423849,1493.8096

-0.0420017,1.358796,0.025951417,-0.07212262,-0.20200458,-0.0016716941,0.97672397,-2.020758,-23.226334,351.1384,49.64999999999418,1.1423849,1493.8096

-0.04227878,1.358891,0.026010754,-0.072165616,-0.2018613,-0.0015507095,0.9767506,-2.0055764,-23.210634,351.13702,49.666666666656965,1.1423849,1493.8096

-0.04257856,1.3589725,0.026033312,-0.07211538,-0.20196033,-0.0013918347,0.9767341,-1.9860336,-23.223717,351.1465,49.68333333331975,1.1423849,1493.8096

-0.042896714,1.3590522,0.026065271,-0.07193736,-0.20209822,-0.0011900507,0.97671896,-1.9584605,-23.241972,351.1725,49.70000000001164,1.1423849,1493.8096

-0.04227118,1.3591737,0.026932573,-0.07146113,-0.20215125,-0.0011833159,0.976743,-1.9462112,-23.249168,351.23065,49.71666666667443,1.1423849,1493.8096

-0.04223951,1.3592825,0.027310561,-0.07085656,-0.20211282,-0.0010900391,0.976795,-1.9192228,-23.246714,351.30725,49.733333333337214,1.1423849,1493.8096

-0.042397983,1.359384,0.027541697,-0.07063709,-0.20211959,-0.00093566056,0.9768097,-1.8949684,-23.249296,351.33795,49.75,1.1423849,1493.8096

-0.04260855,1.3595109,0.02774433,-0.070301615,-0.20221433,-0.0006458032,0.9768145,-1.8522054,-23.26354,351.3857,49.766666666662786,1.1423849,1493.8096

-0.04281081,1.3596637,0.02794326,-0.069802605,-0.20236734,-0.00033784154,0.9768188,-1.8036951,-23.285013,351.45358,49.78333333332557,1.1423849,1493.8096

-0.042997904,1.3598356,0.028141074,-0.069239765,-0.20249036,-7.508293e-05,0.9768334,-1.7587401,-23.30267,351.52838,49.79999999998836,1.1423849,1493.8096

-0.04346279,1.3599759,0.028270544,-0.06862116,-0.20256014,5.410439e-07,0.9768626,-1.7346094,-23.312567,351.60565,49.81666666668025,1.1423849,1493.8096

-0.043716557,1.3601527,0.028429767,-0.06833496,-0.20209499,-1.2168463e-05,0.97697896,-1.7242568,-23.258703,351.643,49.833333333343035,1.1423849,1493.8096

-0.043868937,1.360293,0.0285072,-0.068904676,-0.20097992,-0.0003198321,0.9771689,-1.7647865,-23.12501,351.5719,49.85000000000582,1.1423849,1493.8096

-0.043966454,1.3604109,0.028498445,-0.06938872,-0.20010787,-0.0006058859,0.9773135,-1.8028193,-23.019985,351.51053,49.86666666666861,1.1423849,1493.8096

-0.044043235,1.3605213,0.028490148,-0.06893373,-0.1997626,-0.0006192449,0.97741634,-1.7896228,-22.980453,351.56778,49.88333333333139,1.1423849,1493.8096

