frame,time_seconds,track_id,u,v,bbox_x1,bbox_y1,bbox_x2,bbox_y2,score
232,3.866667,0,1895.88,1119.15,1872.31,894.61,1919.45,1119.15,0.437
233,3.883333,0,1888.47,1124.56,1857.41,871.92,1919.53,1124.56,0.597
234,3.900000,0,1882.42,1124.65,1845.34,855.89,1919.49,1124.65,0.661
235,3.916667,0,1874.73,1133.00,1830.55,823.59,1918.91,1133.00,0.615
236,3.933333,0,1869.85,1136.39,1820.27,810.49,1919.43,1136.39,0.694
237,3.950000,0,1865.44,1140.72,1811.47,775.18,1919.42,1140.72,0.641
238,3.966667,0,1860.70,1137.94,1802.49,756.42,1918.92,1137.94,0.641
239,3.983333,0,1855.65,1122.11,1791.85,737.79,1919.44,1122.11,0.626
240,4.000000,0,1852.36,1124.77,1785.25,730.63,1919.47,1124.77,0.586
241,4.016667,0,1848.04,1135.80,1777.15,714.53,1918.93,1135.80,0.734
242,4.033333,0,1847.47,1128.33,1776.00,712.63,1918.94,1128.33,0.725
243,4.050000,0,1849.01,1086.50,1779.08,724.05,1918.94,1086.50,0.705
244,4.066667,0,1847.77,1244.88,1776.31,731.07,1919.23,1244.88,0.596
245,4.083333,0,1847.76,1281.97,1776.35,732.45,1919.16,1281.97,0.791
246,4.100000,0,1848.63,1277.09,1778.10,730.86,1919.16,1277.09,0.808
247,4.116667,0,1848.00,1284.91,1776.79,725.86,1919.21,1284.91,0.859
248,4.133333,0,1845.97,1285.12,1772.74,721.56,1919.21,1285.12,0.863
249,4.150000,0,1843.29,1254.05,1767.39,712.77,1919.18,1254.05,0.871
250,4.166667,0,1840.93,1263.71,1762.69,697.19,1919.18,1263.71,0.822
251,4.183333,0,1839.14,1237.85,1758.76,687.38,1919.51,1237.85,0.826
252,4.200000,0,1834.01,1228.74,1748.61,682.28,1919.41,1228.74,0.845
253,4.216667,0,1833.53,1226.28,1747.51,677.83,1919.55,1226.28,0.807
254,4.233333,0,1830.18,1223.70,1740.92,583.49,1919.43,1223.70,0.865
255,4.250000,0,1822.75,1225.89,1726.07,573.78,1919.42,1225.89,0.848
256,4.266667,0,1822.40,1231.21,1725.37,569.03,1919.43,1231.21,0.871
257,4.283333,0,1822.33,1230.53,1725.15,560.23,1919.52,1230.53,0.881
258,4.300000,0,1822.32,1232.81,1725.13,561.84,1919.51,1232.81,0.891
259,4.316667,0,1822.34,1232.86,1725.21,560.93,1919.46,1232.86,0.903
260,4.333333,0,1823.06,1231.01,1726.68,559.33,1919.45,1231.01,0.890
261,4.350000,0,1823.34,1231.17,1727.20,558.15,1919.47,1231.17,0.905
262,4.366667,0,1823.20,1230.76,1726.98,561.12,1919.42,1230.76,0.904
263,4.383333,0,1822.09,1231.37,1724.77,560.01,1919.41,1231.37,0.908
264,4.400000,0,1821.13,1231.14,1722.86,556.22,1919.40,1231.14,0.907
265,4.416667,0,1820.92,1229.79,1722.44,553.27,1919.41,1229.79,0.911
266,4.433333,0,1820.10,1241.90,1720.82,553.09,1919.37,1241.90,0.900
267,4.450000,0,1817.49,1239.38,1715.67,550.51,1919.31,1239.38,0.884
268,4.466667,0,1816.23,1246.51,1712.90,587.92,1919.57,1246.51,0.865
269,4.483333,0,1813.16,1327.98,1706.85,544.02,1919.47,1327.98,0.918
270,4.500000,0,1807.84,1327.12,1696.17,540.29,1919.50,1327.12,0.930
271,4.516667,0,1802.64,1311.63,1685.78,541.39,1919.50,1311.63,0.925
272,4.533333,0,1798.89,1305.85,1678.27,538.59,1919.51,1305.85,0.926
273,4.550000,0,1793.97,1292.56,1668.35,539.16,1919.59,1292.56,0.926
274,4.566667,0,1788.40,1284.02,1657.12,537.49,1919.68,1284.02,0.922
275,4.583333,0,1783.14,1266.18,1646.53,540.55,1919.76,1266.18,0.927
276,4.600000,0,1779.03,1261.94,1638.34,538.33,1919.71,1261.94,0.933
277,4.616667,0,1775.72,1255.55,1631.74,533.92,1919.70,1255.55,0.940
278,4.633333,0,1772.37,1244.29,1625.24,530.63,1919.49,1244.29,0.938
279,4.650000,0,1771.36,1221.07,1623.60,524.51,1919.13,1221.07,0.939
280,4.666667,0,1770.03,1216.42,1620.96,522.48,1919.10,1216.42,0.938
281,4.683333,0,1770.00,1215.98,1621.05,522.09,1918.94,1215.98,0.940
282,4.700000,0,1769.72,1215.87,1620.18,522.17,1919.26,1215.87,0.940
283,4.716667,0,1769.46,1219.99,1619.70,522.22,1919.22,1219.99,0.941
284,4.733333,0,1769.89,1220.21,1620.60,523.09,1919.19,1220.21,0.939
285,4.750000,0,1769.04,1221.02,1619.06,527.85,1919.02,1221.02,0.934
286,4.766667,0,1769.07,1222.25,1619.10,527.79,1919.04,1222.25,0.931
287,4.783333,0,1767.57,1225.02,1615.72,527.61,1919.42,1225.02,0.931
288,4.800000,0,1762.82,1224.17,1606.17,527.42,1919.47,1224.17,0.929
289,4.816667,0,1759.98,1223.02,1600.80,525.83,1919.15,1223.02,0.932
290,4.833333,0,1758.96,1222.04,1598.84,525.90,1919.08,1222.04,0.936
291,4.850000,0,1754.76,1220.32,1590.60,524.53,1918.93,1220.32,0.937
292,4.866667,0,1753.08,1217.69,1587.32,523.43,1918.85,1217.69,0.939
293,4.883333,0,1750.47,1215.17,1582.54,520.92,1918.40,1215.17,0.936
294,4.900000,0,1748.33,1214.39,1580.05,522.87,1916.61,1214.39,0.933
295,4.916667,0,1745.74,1214.46,1576.72,524.15,1914.75,1214.46,0.932
296,4.933333,0,1742.75,1214.08,1573.58,525.96,1911.92,1214.08,0.929
297,4.950000,0,1739.94,1209.88,1572.88,527.31,1907.00,1209.88,0.929
298,4.966667,0,1739.48,1210.38,1574.23,526.86,1904.74,1210.38,0.929
299,4.983333,0,1739.12,1209.59,1574.98,526.60,1903.26,1209.59,0.930
300,5.000000,0,1736.59,1208.17,1574.97,527.54,1898.21,1208.17,0.930
301,5.016667,0,1732.51,1205.41,1575.46,528.63,1889.56,1205.41,0.926
302,5.033333,0,1730.04,1206.70,1577.90,528.31,1882.17,1206.70,0.927
303,5.050000,0,1729.22,1206.47,1578.99,529.76,1879.44,1206.47,0.924
304,5.066667,0,1728.13,1204.39,1582.70,530.18,1873.56,1204.39,0.921
305,5.083333,0,1727.17,1204.54,1585.65,532.17,1868.69,1204.54,0.920
306,5.100000,0,1725.94,1201.71,1586.84,531.81,1865.03,1201.71,0.922
307,5.116667,0,1723.28,1198.88,1584.98,529.60,1861.58,1198.88,0.915
308,5.133333,0,1719.94,1194.32,1582.56,530.52,1857.31,1194.32,0.911
309,5.150000,0,1715.08,1191.41,1587.35,532.05,1842.80,1191.41,0.904
310,5.166667,0,1714.46,1188.20,1592.85,536.96,1836.07,1188.20,0.909
311,5.183333,0,1705.41,1193.13,1579.94,540.76,1830.88,1193.13,0.900
312,5.200000,0,1700.69,1191.97,1578.23,543.26,1823.16,1191.97,0.903
313,5.216667,0,1697.87,1191.74,1575.39,545.52,1820.35,1191.74,0.911
314,5.233333,0,1692.11,1194.89,1568.48,547.21,1815.74,1194.89,0.912
315,5.250000,0,1684.52,1194.18,1559.76,550.32,1809.28,1194.18,0.915
316,5.266667,0,1678.92,1188.10,1553.45,551.45,1804.40,1188.10,0.918
317,5.283333,0,1672.66,1181.34,1545.46,552.63,1799.86,1181.34,0.917
318,5.300000,0,1662.69,1175.73,1535.90,551.86,1789.48,1175.73,0.929
319,5.316667,0,1657.43,1167.67,1528.69,553.02,1786.17,1167.67,0.928
320,5.333333,0,1651.92,1158.06,1522.75,552.90,1781.09,1158.06,0.926
321,5.350000,0,1649.05,1152.16,1519.38,552.62,1778.73,1152.16,0.928
322,5.366667,0,1648.32,1143.87,1516.88,552.38,1779.77,1143.87,0.925
323,5.383333,0,1647.44,1137.68,1514.56,552.43,1780.31,1137.68,0.921
324,5.400000,0,1644.69,1129.23,1510.89,550.10,1778.48,1129.23,0.920
325,5.416667,0,1642.65,1125.12,1506.97,548.10,1778.32,1125.12,0.916
326,5.433333,0,1638.51,1124.09,1504.22,547.86,1772.79,1124.09,0.919
327,5.450000,0,1633.82,1122.95,1499.83,548.06,1767.80,1122.95,0.923
328,5.466667,0,1633.42,1121.53,1500.45,547.08,1766.39,1121.53,0.922
329,5.483333,0,1631.99,1121.72,1498.10,548.55,1765.88,1121.72,0.922
330,5.500000,0,1626.01,1121.25,1497.16,549.65,1754.86,1121.25,0.924
331,5.516667,0,1623.94,1122.17,1496.42,550.10,1751.47,1122.17,0.925
332,5.533333,0,1622.99,1123.52,1496.02,550.75,1749.96,1123.52,0.923
333,5.550000,0,1620.50,1123.49,1495.83,551.13,1745.17,1123.49,0.928
334,5.566667,0,1618.29,1123.68,1494.56,551.73,1742.01,1123.68,0.928
335,5.583333,0,1616.85,1123.59,1494.81,552.09,1738.88,1123.59,0.926
336,5.600000,0,1617.23,1123.73,1494.95,552.54,1739.52,1123.73,0.925
337,5.616667,0,1615.96,1124.38,1495.22,553.53,1736.71,1124.38,0.927
338,5.633333,0,1616.01,1124.55,1496.22,554.45,1735.79,1124.55,0.927
339,5.650000,0,1618.38,1124.47,1498.56,554.11,1738.20,1124.47,0.928
340,5.666667,0,1618.19,1122.92,1499.97,554.50,1736.42,1122.92,0.927
341,5.683333,0,1617.34,1123.32,1500.23,554.07,1734.45,1123.32,0.928
342,5.700000,0,1615.91,1119.42,1499.36,554.38,1732.45,1119.42,0.922
343,5.716667,0,1614.71,1118.68,1499.08,554.90,1730.35,1118.68,0.921
344,5.733333,0,1613.70,1114.72,1498.39,554.31,1729.01,1114.72,0.920
345,5.750000,0,1613.12,1112.56,1498.31,554.46,1727.94,1112.56,0.917
346,5.766667,0,1613.31,1110.77,1498.38,554.94,1728.24,1110.77,0.919
347,5.783333,0,1613.47,1109.80,1498.70,555.10,1728.24,1109.80,0.918
348,5.800000,0,1613.78,1108.86,1498.80,555.01,1728.76,1108.86,0.917
349,5.816667,0,1613.85,1107.07,1499.80,553.34,1727.91,1107.07,0.915
350,5.833333,0,1614.14,1106.15,1500.56,552.18,1727.71,1106.15,0.914
351,5.850000,0,1613.45,1104.20,1500.04,550.96,1726.87,1104.20,0.914
352,5.866667,0,1612.57,1101.52,1500.05,549.87,1725.10,1101.52,0.914
353,5.883333,0,1611.31,1098.30,1498.63,548.63,1724.00,1098.30,0.915
354,5.900000,0,1610.15,1092.54,1497.93,546.36,1722.38,1092.54,0.913
355,5.916667,0,1609.94,1087.91,1498.23,545.68,1721.65,1087.91,0.913
356,5.933333,0,1609.79,1086.17,1497.99,542.84,1721.59,1086.17,0.919
357,5.950000,0,1609.59,1085.35,1498.38,540.52,1720.80,1085.35,0.917
358,5.966667,0,1608.70,1083.15,1498.83,538.53,1718.57,1083.15,0.920
359,5.983333,0,1607.02,1075.36,1498.32,537.32,1715.72,1075.36,0.920
360,6.000000,0,1604.87,1068.67,1496.47,535.09,1713.27,1068.67,0.917
361,6.016667,0,1602.72,1060.68,1495.33,534.76,1710.12,1060.68,0.907
362,6.033333,0,1600.67,1056.81,1494.11,533.34,1707.23,1056.81,0.911
363,6.050000,0,1600.15,1051.47,1494.35,532.71,1705.94,1051.47,0.916
364,6.066667,0,1599.53,1048.17,1494.25,532.46,1704.81,1048.17,0.915
365,6.083333,0,1600.10,1038.40,1493.89,531.82,1706.31,1038.40,0.911
366,6.100000,0,1599.17,1034.86,1493.44,530.31,1704.90,1034.86,0.917
367,6.116667,0,1600.00,1029.78,1493.11,529.32,1706.88,1029.78,0.917
368,6.133333,0,1599.26,1024.98,1493.25,526.16,1705.26,1024.98,0.919
369,6.150000,0,1598.40,1023.51,1491.31,524.01,1705.49,1023.51,0.920
370,6.166667,0,1597.55,1019.55,1490.26,523.29,1704.83,1019.55,0.918
371,6.183333,0,1596.42,1020.80,1488.14,524.14,1704.70,1020.80,0.917
372,6.200000,0,1595.71,1022.47,1487.48,522.70,1703.94,1022.47,0.923
373,6.216667,0,1594.65,1022.72,1486.11,523.35,1703.19,1022.72,0.924
374,6.233333,0,1593.88,1022.37,1485.55,523.63,1702.22,1022.37,0.921
375,6.250000,0,1592.76,1022.30,1485.77,523.88,1699.74,1022.30,0.916
376,6.266667,0,1591.28,1023.99,1485.73,523.73,1696.83,1023.99,0.914
377,6.283333,0,1592.44,1023.08,1487.87,524.21,1697.00,1023.08,0.914
378,6.300000,0,1593.59,1022.06,1488.96,522.28,1698.22,1022.06,0.915
379,6.316667,0,1594.78,1019.82,1491.27,522.16,1698.29,1019.82,0.911
380,6.333333,0,1594.57,1019.69,1493.87,524.42,1695.28,1019.69,0.908
381,6.350000,0,1596.85,1019.80,1495.20,522.85,1698.50,1019.80,0.899
382,6.366667,0,1595.50,1019.48,1495.65,523.50,1695.36,1019.48,0.898
383,6.383333,0,1594.09,1018.98,1495.44,525.29,1692.75,1018.98,0.904
384,6.400000,0,1591.54,1017.78,1494.50,524.08,1688.57,1017.78,0.902
385,6.416667,0,1591.63,1016.68,1494.34,523.14,1688.93,1016.68,0.899
386,6.433333,0,1588.78,1017.40,1493.60,524.24,1683.96,1017.40,0.904
387,6.450000,0,1587.66,1017.70,1493.80,524.21,1681.51,1017.70,0.910
388,6.466667,0,1585.94,1017.38,1493.91,526.43,1677.96,1017.38,0.913
389,6.483333,0,1584.13,1016.97,1493.38,525.65,1674.88,1016.97,0.902
390,6.500000,0,1582.38,1016.40,1491.47,525.66,1673.29,1016.40,0.895
391,6.516667,0,1579.29,1014.09,1488.82,524.79,1669.77,1014.09,0.890
392,6.533333,0,1576.95,1013.24,1486.08,524.64,1667.83,1013.24,0.896
393,6.550000,0,1574.41,1013.26,1484.37,526.18,1664.45,1013.26,0.896
394,6.566667,0,1573.51,1012.16,1483.16,526.37,1663.86,1012.16,0.899
395,6.583333,0,1572.46,1008.96,1482.72,527.52,1662.20,1008.96,0.898
396,6.600000,0,1570.86,1005.79,1480.66,526.93,1661.05,1005.79,0.897
397,6.616667,0,1569.42,1002.48,1479.36,523.42,1659.48,1002.48,0.898
398,6.633333,0,1567.11,999.97,1476.02,522.74,1658.21,999.97,0.896
399,6.650000,0,1563.36,1000.03,1469.84,521.90,1656.88,1000.03,0.885
400,6.666667,0,1559.22,997.12,1465.83,519.14,1652.62,997.12,0.882
401,6.683333,0,1558.18,998.29,1464.00,517.56,1652.36,998.29,0.874
402,6.700000,0,1557.09,996.86,1462.90,517.01,1651.29,996.86,0.867
403,6.716667,0,1556.27,994.14,1461.73,517.80,1650.82,994.14,0.869
404,6.733333,0,1555.31,991.25,1461.31,517.84,1649.30,991.25,0.868
405,6.750000,0,1554.15,982.98,1459.03,517.10,1649.28,982.98,0.884
406,6.766667,0,1554.11,976.16,1458.31,516.26,1649.92,976.16,0.890
407,6.783333,0,1553.23,970.62,1456.29,515.83,1650.17,970.62,0.889
408,6.800000,0,1552.21,969.09,1455.69,515.62,1648.73,969.09,0.886
409,6.816667,0,1548.95,962.64,1450.84,513.97,1647.06,962.64,0.877
410,6.833333,0,1549.15,955.50,1452.03,514.49,1646.28,955.50,0.883
411,6.850000,0,1548.54,952.65,1451.87,513.70,1645.22,952.65,0.891
412,6.866667,0,1547.09,953.12,1450.24,513.86,1643.94,953.12,0.885
413,6.883333,0,1545.83,954.94,1450.83,512.42,1640.83,954.94,0.881
414,6.900000,0,1546.12,952.05,1451.25,512.64,1640.98,952.05,0.878
415,6.916667,0,1546.02,948.28,1452.37,512.34,1639.67,948.28,0.884
416,6.933333,0,1546.10,948.20,1452.54,512.50,1639.67,948.20,0.889
417,6.950000,0,1546.58,945.00,1454.20,512.63,1638.96,945.00,0.892
418,6.966667,0,1547.22,941.72,1455.07,512.82,1639.37,941.72,0.891
419,6.983333,0,1547.88,940.14,1455.85,511.05,1639.92,940.14,0.894
420,7.000000,0,1548.10,942.26,1456.94,511.34,1639.27,942.26,0.891
421,7.016667,0,1547.86,942.55,1457.22,511.46,1638.51,942.55,0.893
422,7.033333,0,1547.65,945.31,1457.39,512.92,1637.90,945.31,0.890
423,7.050000,0,1547.59,950.22,1457.94,513.06,1637.23,950.22,0.894
424,7.066667,0,1547.11,950.59,1457.99,513.81,1636.23,950.59,0.890
425,7.083333,0,1546.55,950.75,1458.09,513.59,1635.01,950.75,0.889
426,7.100000,0,1546.13,951.54,1458.22,513.53,1634.03,951.54,0.889
427,7.116667,0,1545.94,952.26,1458.00,513.99,1633.87,952.26,0.893
428,7.133333,0,1544.36,951.13,1457.38,514.44,1631.34,951.13,0.893
429,7.150000,0,1544.55,951.24,1457.05,512.20,1632.05,951.24,0.896
430,7.166667,0,1542.39,949.62,1456.78,511.28,1627.99,949.62,0.896
431,7.183333,0,1543.51,947.18,1456.69,511.55,1630.33,947.18,0.900
432,7.200000,0,1542.72,945.42,1455.86,510.11,1629.58,945.42,0.898
433,7.216667,0,1542.44,945.13,1455.85,510.55,1629.04,945.13,0.895
434,7.233333,0,1542.09,943.99,1454.74,509.40,1629.43,943.99,0.896
435,7.250000,0,1542.35,943.92,1454.71,510.36,1629.99,943.92,0.902
436,7.266667,0,1542.80,941.51,1455.10,508.40,1630.50,941.51,0.901
437,7.283333,0,1542.99,939.07,1455.35,507.43,1630.63,939.07,0.904
438,7.300000,0,1543.42,937.35,1455.67,507.58,1631.16,937.35,0.901
439,7.316667,0,1543.87,936.25,1456.67,507.00,1631.06,936.25,0.896
440,7.333333,0,1543.82,931.73,1456.50,512.20,1631.15,931.73,0.897
441,7.350000,0,1544.92,928.45,1456.63,504.98,1633.22,928.45,0.901
442,7.366667,0,1544.11,927.06,1456.78,507.52,1631.45,927.06,0.896
443,7.383333,0,1543.90,927.49,1456.53,510.02,1631.27,927.49,0.899
444,7.400000,0,1544.06,926.71,1456.12,505.31,1632.00,926.71,0.899
445,7.416667,0,1542.98,926.72,1454.80,509.93,1631.16,926.72,0.899
446,7.433333,0,1540.85,922.40,1452.82,509.11,1628.87,922.40,0.899
447,7.450000,0,1537.83,922.90,1449.68,511.59,1625.99,922.90,0.905
448,7.466667,0,1535.17,921.94,1447.45,513.08,1622.89,921.94,0.907
449,7.483333,0,1533.64,919.01,1445.82,510.11,1621.46,919.01,0.910
450,7.500000,0,1532.26,916.15,1445.19,509.38,1619.32,916.15,0.912
451,7.516667,0,1530.15,915.84,1444.50,509.02,1615.81,915.84,0.910
452,7.533333,0,1528.01,915.85,1443.05,512.88,1612.98,915.85,0.912
453,7.550000,0,1525.98,914.50,1441.97,512.10,1609.98,914.50,0.914
454,7.566667,0,1524.29,912.58,1440.28,511.92,1608.30,912.58,0.911
455,7.583333,0,1522.52,910.41,1439.74,511.60,1605.29,910.41,0.906
456,7.600000,0,1521.63,909.90,1439.86,512.04,1603.40,909.90,0.901
457,7.616667,0,1520.05,910.59,1438.71,514.32,1601.40,910.59,0.898
458,7.633333,0,1519.67,914.93,1438.88,514.67,1600.47,914.93,0.899
459,7.650000,0,1517.16,915.25,1437.29,516.96,1597.03,915.25,0.905
460,7.666667,0,1514.68,914.43,1436.49,517.36,1592.88,914.43,0.906
461,7.683333,0,1513.88,914.32,1435.39,518.54,1592.36,914.32,0.904
462,7.700000,0,1512.69,915.76,1434.67,518.73,1590.72,915.76,0.900
463,7.716667,0,1511.29,916.37,1432.81,518.89,1589.77,916.37,0.890
464,7.733333,0,1510.72,915.98,1432.70,517.57,1588.74,915.98,0.893
465,7.750000,0,1509.01,916.39,1429.42,518.89,1588.60,916.39,0.897
466,7.766667,0,1508.27,916.49,1428.84,520.01,1587.70,916.49,0.892
467,7.783333,0,1507.18,917.74,1426.88,520.98,1587.48,917.74,0.892
468,7.800000,0,1505.81,919.15,1424.49,521.64,1587.12,919.15,0.898
469,7.816667,0,1502.91,918.87,1421.75,522.27,1584.08,918.87,0.901
470,7.833333,0,1500.81,918.47,1419.81,523.24,1581.82,918.47,0.885
471,7.850000,0,1499.79,918.14,1420.53,523.48,1579.05,918.14,0.877
472,7.866667,0,1495.93,917.16,1417.36,522.94,1574.50,917.16,0.864
473,7.883333,0,1493.03,918.42,1414.76,525.31,1571.30,918.42,0.871
474,7.900000,0,1492.50,919.15,1416.88,524.65,1568.12,919.15,0.865
475,7.916667,0,1490.65,919.18,1416.36,524.10,1564.94,919.18,0.870
476,7.933333,0,1491.15,919.78,1417.38,523.69,1564.92,919.78,0.873
477,7.950000,0,1490.42,918.00,1418.03,524.04,1562.81,918.00,0.873
478,7.966667,0,1488.37,917.77,1415.43,523.54,1561.32,917.77,0.883
479,7.983333,0,1486.92,915.97,1413.44,523.25,1560.40,915.97,0.886
480,8.000000,0,1482.82,913.98,1411.83,523.08,1553.80,913.98,0.887
481,8.016667,0,1480.11,912.67,1409.27,521.78,1550.94,912.67,0.892
482,8.033333,0,1476.05,908.21,1405.58,517.95,1546.53,908.21,0.883
483,8.050000,0,1473.10,907.47,1401.48,516.96,1544.73,907.47,0.876
484,8.066667,0,1470.96,906.39,1397.66,516.47,1544.26,906.39,0.879
485,8.083333,0,1469.34,904.79,1397.77,517.37,1540.91,904.79,0.877
486,8.100000,0,1467.68,903.90,1395.09,515.08,1540.27,903.90,0.875
487,8.116667,0,1467.34,902.55,1395.04,513.05,1539.65,902.55,0.884
488,8.133333,0,1465.80,901.68,1392.62,512.41,1538.98,901.68,0.891
489,8.150000,0,1464.04,899.82,1391.69,512.33,1536.39,899.82,0.884
490,8.166667,0,1462.36,899.27,1390.09,512.00,1534.64,899.27,0.886
491,8.183333,0,1460.21,899.48,1386.20,510.54,1534.23,899.48,0.884
492,8.200000,0,1457.60,896.64,1385.76,512.03,1529.44,896.64,0.888
493,8.216667,0,1454.57,895.64,1382.17,512.20,1526.98,895.64,0.893
494,8.233333,0,1451.93,892.20,1379.02,512.36,1524.85,892.20,0.893
495,8.250000,0,1449.71,887.77,1375.81,511.24,1523.60,887.77,0.898
496,8.266667,0,1446.56,882.34,1373.33,510.21,1519.79,882.34,0.903
497,8.283333,0,1446.21,879.01,1373.61,510.30,1518.81,879.01,0.906
498,8.300000,0,1444.32,878.18,1371.45,509.85,1517.20,878.18,0.903
499,8.316667,0,1442.30,874.47,1368.73,509.29,1515.87,874.47,0.910
500,8.333333,0,1441.73,872.16,1368.83,507.82,1514.63,872.16,0.905
501,8.350000,0,1439.99,870.48,1365.89,506.92,1514.09,870.48,0.899
502,8.366667,0,1439.55,868.19,1365.05,505.26,1514.04,868.19,0.900
503,8.383333,0,1438.63,864.52,1363.52,505.22,1513.75,864.52,0.899
504,8.400000,0,1437.87,862.48,1362.54,503.87,1513.21,862.48,0.900
505,8.416667,0,1437.80,861.90,1363.24,500.99,1512.36,861.90,0.898
506,8.433333,0,1436.67,860.69,1361.57,500.95,1511.76,860.69,0.903
507,8.450000,0,1436.94,860.59,1361.50,500.31,1512.38,860.59,0.898
508,8.466667,0,1437.53,862.26,1362.04,499.76,1513.03,862.26,0.901
509,8.483333,0,1438.14,861.10,1362.18,499.55,1514.10,861.10,0.898
510,8.500000,0,1438.38,860.73,1362.30,500.23,1514.46,860.73,0.897
511,8.516667,0,1438.64,860.37,1362.08,500.90,1515.20,860.37,0.901
512,8.533333,0,1438.13,861.35,1361.57,500.71,1514.69,861.35,0.899
513,8.550000,0,1437.38,857.26,1360.58,502.46,1514.17,857.26,0.894
514,8.566667,0,1436.26,857.82,1359.44,502.94,1513.09,857.82,0.894
515,8.583333,0,1435.45,857.32,1358.24,503.10,1512.66,857.32,0.896
516,8.600000,0,1434.75,856.10,1356.88,503.32,1512.63,856.10,0.896
517,8.616667,0,1433.93,856.00,1355.50,503.61,1512.36,856.00,0.897
518,8.633333,0,1433.20,855.62,1355.35,503.96,1511.05,855.62,0.892
519,8.650000,0,1431.71,854.47,1353.16,504.80,1510.27,854.47,0.898
520,8.666667,0,1429.52,856.14,1351.51,505.26,1507.53,856.14,0.889
521,8.683333,0,1427.32,857.57,1349.88,506.08,1504.76,857.57,0.896
522,8.700000,0,1425.14,857.53,1347.24,508.93,1503.04,857.53,0.894
523,8.716667,0,1422.66,858.02,1344.78,509.86,1500.54,858.02,0.897
524,8.733333,0,1419.90,860.54,1342.33,510.85,1497.46,860.54,0.893
525,8.750000,0,1416.48,859.28,1338.97,509.08,1493.98,859.28,0.887
526,8.766667,0,1414.71,858.86,1337.21,506.40,1492.21,858.86,0.889
527,8.783333,0,1410.62,856.72,1333.26,505.48,1487.98,856.72,0.886
528,8.800000,0,1409.28,853.91,1332.74,503.62,1485.83,853.91,0.891
529,8.816667,0,1408.26,849.91,1331.29,504.17,1485.24,849.91,0.891
530,8.833333,0,1406.02,846.58,1329.43,501.99,1482.62,846.58,0.888
531,8.850000,0,1405.28,843.26,1329.51,500.65,1481.04,843.26,0.891
532,8.866667,0,1402.88,841.43,1326.56,498.76,1479.20,841.43,0.894
533,8.883333,0,1401.59,840.90,1325.96,498.42,1477.22,840.90,0.895
534,8.900000,0,1398.92,841.70,1322.92,497.55,1474.93,841.70,0.888
535,8.916667,0,1397.64,838.14,1322.59,495.70,1472.70,838.14,0.884
536,8.933333,0,1396.30,838.14,1322.97,494.61,1469.63,838.14,0.885
537,8.950000,0,1394.98,830.45,1322.84,493.91,1467.11,830.45,0.891
538,8.966667,0,1394.24,827.05,1321.99,491.51,1466.49,827.05,0.894
539,8.983333,0,1393.42,823.06,1321.56,490.93,1465.28,823.06,0.890
540,9.000000,0,1392.46,826.63,1321.91,490.99,1463.01,826.63,0.875
541,9.016667,0,1391.06,823.27,1321.26,490.73,1460.85,823.27,0.879
542,9.033333,0,1388.98,824.05,1319.86,492.76,1458.11,824.05,0.874
543,9.050000,0,1388.39,824.46,1321.59,492.11,1455.19,824.46,0.871
544,9.066667,0,1389.10,823.79,1325.43,493.53,1452.77,823.79,0.885
545,9.083333,0,1389.04,825.48,1326.79,495.29,1451.29,825.48,0.890
546,9.100000,0,1388.38,824.35,1327.70,495.08,1449.06,824.35,0.890
547,9.116667,0,1388.41,824.76,1328.04,493.99,1448.77,824.76,0.889
548,9.133333,0,1389.20,825.59,1330.17,493.96,1448.23,825.59,0.891
549,9.150000,0,1387.82,827.40,1328.60,495.46,1447.05,827.40,0.892
550,9.166667,0,1389.40,826.85,1328.97,495.35,1449.82,826.85,0.883
551,9.183333,0,1388.52,828.11,1328.40,495.96,1448.64,828.11,0.888
552,9.200000,0,1392.50,828.42,1333.47,497.32,1451.52,828.42,0.889
553,9.216667,0,1390.44,826.73,1331.31,497.29,1449.57,826.73,0.879
554,9.233333,0,1388.31,827.17,1328.21,498.21,1448.41,827.17,0.883
555,9.250000,0,1385.71,827.80,1325.59,499.20,1445.83,827.80,0.878
556,9.266667,0,1383.10,829.32,1322.54,500.21,1443.66,829.32,0.881
557,9.283333,0,1381.49,829.15,1319.79,500.78,1443.19,829.15,0.882
558,9.300000,0,1381.17,829.20,1320.55,500.80,1441.79,829.20,0.886
559,9.316667,0,1381.27,829.15,1320.52,502.87,1442.01,829.15,0.887
560,9.333333,0,1380.85,830.38,1320.47,504.84,1441.23,830.38,0.884
561,9.350000,0,1381.11,830.51,1321.07,505.26,1441.16,830.51,0.884
562,9.366667,0,1380.04,830.51,1318.76,503.72,1441.31,830.51,0.888
563,9.383333,0,1379.70,828.13,1319.13,503.95,1440.27,828.13,0.873
564,9.400000,0,1378.05,827.37,1320.00,503.12,1436.11,827.37,0.874
565,9.416667,0,1375.83,826.36,1319.00,503.91,1432.65,826.36,0.862
566,9.433333,0,1374.67,826.76,1318.20,504.22,1431.14,826.76,0.864
567,9.450000,0,1372.51,826.47,1313.69,505.12,1431.33,826.47,0.869
568,9.466667,0,1372.68,827.73,1313.59,505.99,1431.78,827.73,0.875
569,9.483333,0,1371.26,827.35,1311.80,506.12,1430.72,827.35,0.874
570,9.500000,0,1369.83,823.78,1308.90,504.64,1430.75,823.78,0.878
571,9.516667,0,1366.15,822.91,1304.59,502.50,1427.70,822.91,0.876
572,9.533333,0,1363.26,820.31,1301.03,502.00,1425.50,820.31,0.872
573,9.550000,0,1360.28,818.77,1298.71,502.49,1421.84,818.77,0.882
574,9.566667,0,1358.82,816.71,1298.58,502.47,1419.06,816.71,0.882
575,9.583333,0,1358.24,815.73,1296.46,502.21,1420.02,815.73,0.879
576,9.600000,0,1357.04,814.79,1295.08,499.75,1418.99,814.79,0.871
577,9.616667,0,1356.70,809.06,1294.13,495.25,1419.28,809.06,0.872
578,9.633333,0,1354.40,807.26,1292.27,494.50,1416.53,807.26,0.873
579,9.650000,0,1351.23,805.79,1288.22,493.44,1414.24,805.79,0.869
580,9.666667,0,1346.98,803.09,1284.21,493.68,1409.75,803.09,0.855
581,9.683333,0,1344.66,798.59,1281.86,492.84,1407.45,798.59,0.864
582,9.700000,0,1343.61,797.11,1280.44,492.52,1406.79,797.11,0.871
583,9.716667,0,1342.94,793.67,1278.96,492.37,1406.93,793.67,0.875
584,9.733333,0,1343.38,792.37,1278.38,492.92,1408.37,792.37,0.880
585,9.750000,0,1343.50,793.67,1278.06,493.05,1408.94,793.67,0.885
586,9.766667,0,1343.78,795.42,1277.70,493.56,1409.87,795.42,0.886
587,9.783333,0,1343.57,795.17,1276.77,493.62,1410.37,795.17,0.885
588,9.800000,0,1344.13,793.51,1277.50,492.93,1410.76,793.51,0.887
589,9.816667,0,1342.93,793.98,1274.85,492.82,1411.01,793.98,0.888
590,9.833333,0,1341.85,793.98,1273.11,492.72,1410.59,793.98,0.886
591,9.850000,0,1342.65,794.15,1273.71,492.55,1411.58,794.15,0.890
592,9.866667,0,1342.61,792.18,1272.39,492.92,1412.84,792.18,0.891
593,9.883333,0,1343.09,792.75,1273.22,493.31,1412.96,792.75,0.889
594,9.900000,0,1342.81,794.39,1272.70,494.00,1412.91,794.39,0.895
595,9.916667,0,1343.35,795.67,1273.48,494.82,1413.23,795.67,0.897
596,9.933333,0,1343.12,795.67,1273.36,496.60,1412.88,795.67,0.892
597,9.950000,0,1342.79,796.48,1273.79,497.10,1411.78,796.48,0.891
598,9.966667,0,1343.09,796.85,1274.60,497.94,1411.57,796.85,0.888
599,9.983333,0,1342.44,797.49,1273.67,498.57,1411.22,797.49,0.889
600,10.000000,0,1342.25,798.28,1273.98,499.32,1410.51,798.28,0.889
601,10.016667,0,1342.80,799.61,1275.59,499.39,1410.00,799.61,0.888
602,10.033333,0,1343.35,798.09,1276.25,498.99,1410.46,798.09,0.885
603,10.050000,0,1344.03,797.31,1277.47,498.80,1410.59,797.31,0.886
604,10.066667,0,1343.50,796.91,1277.15,498.66,1409.85,796.91,0.883
605,10.083333,0,1342.49,795.89,1276.76,497.50,1408.22,795.89,0.880
606,10.100000,0,1341.70,797.21,1276.18,497.03,1407.22,797.21,0.883
607,10.116667,0,1340.72,796.99,1274.99,497.20,1406.44,796.99,0.880
608,10.133333,0,1339.79,797.19,1273.56,495.81,1406.01,797.19,0.876
609,10.150000,0,1338.82,796.60,1274.39,493.80,1403.25,796.60,0.881
610,10.166667,0,1337.67,796.72,1273.23,494.79,1402.12,796.72,0.886
611,10.183333,0,1337.04,794.68,1272.90,493.57,1401.19,794.68,0.887
612,10.200000,0,1336.20,793.09,1273.47,492.56,1398.93,793.09,0.889
613,10.216667,0,1333.82,792.56,1271.81,491.81,1395.83,792.56,0.901
614,10.233333,0,1332.68,791.46,1271.25,491.08,1394.11,791.46,0.897
615,10.250000,0,1332.54,790.06,1271.70,490.25,1393.38,790.06,0.892
616,10.266667,0,1333.65,790.11,1273.98,490.52,1393.32,790.11,0.897
617,10.283333,0,1334.69,789.50,1275.79,491.70,1393.60,789.50,0.897
618,10.300000,0,1335.32,788.03,1276.69,491.91,1393.96,788.03,0.892
619,10.316667,0,1334.87,785.32,1276.63,492.99,1393.11,785.32,0.891
620,10.333333,0,1334.52,783.51,1276.44,492.94,1392.59,783.51,0.891
621,10.350000,0,1334.01,782.63,1276.76,492.06,1391.26,782.63,0.886
622,10.366667,0,1333.05,781.92,1276.60,492.93,1389.50,781.92,0.889
623,10.383333,0,1332.80,782.94,1276.83,493.40,1388.77,782.94,0.892
624,10.400000,0,1331.14,783.36,1275.53,494.00,1386.75,783.36,0.898
625,10.416667,0,1330.26,781.57,1274.83,493.68,1385.69,781.57,0.889
626,10.433333,0,1329.24,778.78,1274.14,493.59,1384.33,778.78,0.882
627,10.450000,0,1329.06,779.91,1275.06,493.04,1383.06,779.91,0.891
628,10.466667,0,1328.13,780.17,1273.45,492.81,1382.81,780.17,0.882
629,10.483333,0,1326.80,779.07,1271.76,492.02,1381.84,779.07,0.889
630,10.500000,0,1325.43,776.75,1271.53,491.99,1379.32,776.75,0.888
631,10.516667,0,1325.37,776.08,1271.62,491.85,1379.12,776.08,0.890
632,10.533333,0,1325.91,776.07,1272.96,493.92,1378.85,776.07,0.884
633,10.550000,0,1326.96,775.25,1274.58,493.57,1379.35,775.25,0.887
634,10.566667,0,1328.28,775.68,1275.34,494.26,1381.22,775.68,0.886
635,10.583333,0,1328.59,776.57,1275.54,495.07,1381.64,776.57,0.886
636,10.600000,0,1327.23,776.66,1274.64,495.96,1379.83,776.66,0.882
637,10.616667,0,1325.39,776.42,1273.52,495.90,1377.26,776.42,0.877
638,10.633333,0,1324.26,778.48,1271.83,496.49,1376.69,778.48,0.884
639,10.650000,0,1324.65,779.07,1272.10,497.37,1377.20,779.07,0.883
640,10.666667,0,1323.80,779.87,1270.69,497.69,1376.92,779.87,0.879
641,10.683333,0,1323.21,780.82,1269.72,500.05,1376.70,780.82,0.879
642,10.700000,0,1322.35,780.34,1269.45,500.89,1375.24,780.34,0.876
643,10.716667,0,1323.00,777.79,1269.58,500.47,1376.43,777.79,0.876
644,10.733333,0,1322.11,780.05,1269.68,501.79,1374.53,780.05,0.876
645,10.750000,0,1321.74,780.07,1268.33,501.99,1375.14,780.07,0.871
646,10.766667,0,1320.14,779.95,1266.60,502.62,1373.67,779.95,0.872
647,10.783333,0,1319.32,780.10,1266.16,502.63,1372.48,780.10,0.872
648,10.800000,0,1317.22,778.61,1264.10,502.36,1370.33,778.61,0.872
649,10.816667,0,1316.72,780.04,1264.32,502.09,1369.12,780.04,0.876
650,10.833333,0,1315.63,782.69,1261.44,502.76,1369.82,782.69,0.875
651,10.850000,0,1314.03,782.62,1261.15,504.30,1366.92,782.62,0.873
652,10.866667,0,1313.38,781.69,1261.49,507.03,1365.27,781.69,0.875
653,10.883333,0,1312.08,781.61,1259.66,507.95,1364.50,781.61,0.879
654,10.900000,0,1311.10,781.12,1258.98,507.48,1363.23,781.12,0.884
655,10.916667,0,1308.34,780.29,1255.92,506.26,1360.77,780.29,0.884
656,10.933333,0,1307.41,777.78,1255.11,507.04,1359.71,777.78,0.869
657,10.950000,0,1305.69,771.96,1254.47,508.92,1356.91,771.96,0.866
658,10.966667,0,1303.75,774.10,1252.31,508.73,1355.20,774.10,0.863
659,10.983333,0,1301.24,779.69,1248.41,507.53,1354.06,779.69,0.864
660,11.000000,0,1300.58,777.81,1247.89,510.20,1353.26,777.81,0.865
661,11.016667,0,1300.24,780.78,1247.28,509.54,1353.20,780.78,0.861
662,11.033333,0,1299.78,780.91,1246.51,509.37,1353.06,780.91,0.862
663,11.050000,0,1298.50,778.58,1244.35,509.28,1352.66,778.58,0.861
664,11.066667,0,1298.40,775.54,1244.05,508.18,1352.75,775.54,0.860
665,11.083333,0,1297.58,771.79,1242.44,507.85,1352.73,771.79,0.859
666,11.100000,0,1296.15,770.10,1239.96,507.81,1352.34,770.10,0.862
667,11.116667,0,1296.49,765.93,1240.55,504.83,1352.44,765.93,0.868
668,11.133333,0,1296.24,763.96,1240.30,504.12,1352.18,763.96,0.872
669,11.150000,0,1294.63,762.68,1237.85,504.13,1351.41,762.68,0.881
670,11.166667,0,1293.12,761.00,1236.72,503.49,1349.51,761.00,0.878
671,11.183333,0,1293.71,761.45,1237.80,502.04,1349.62,761.45,0.888
672,11.200000,0,1292.67,761.53,1236.65,502.03,1348.69,761.53,0.884
673,11.216667,0,1292.11,759.92,1236.75,500.66,1347.48,759.92,0.888
674,11.233333,0,1291.02,759.12,1235.28,499.03,1346.75,759.12,0.889
675,11.250000,0,1290.96,758.83,1235.32,499.76,1346.60,758.83,0.886
676,11.266667,0,1291.19,757.43,1235.88,498.74,1346.50,757.43,0.875
677,11.283333,0,1291.65,756.95,1236.41,497.36,1346.88,756.95,0.878
678,11.300000,0,1291.35,755.43,1236.23,494.98,1346.47,755.43,0.874
679,11.316667,0,1290.81,753.67,1236.08,494.01,1345.53,753.67,0.868
680,11.333333,0,1291.01,753.69,1235.45,493.95,1346.56,753.69,0.884
681,11.350000,0,1290.91,753.53,1235.38,493.70,1346.44,753.53,0.877
682,11.366667,0,1290.69,751.21,1236.15,492.71,1345.24,751.21,0.872
683,11.383333,0,1290.71,751.69,1236.48,490.93,1344.93,751.69,0.868
684,11.400000,0,1291.16,749.09,1236.94,490.99,1345.37,749.09,0.869
685,11.416667,0,1291.09,748.99,1237.05,490.93,1345.12,748.99,0.867
686,11.433333,0,1290.88,748.90,1237.39,490.88,1344.36,748.90,0.865
687,11.450000,0,1291.08,747.61,1238.01,490.92,1344.14,747.61,0.864
688,11.466667,0,1291.98,747.73,1239.45,491.52,1344.51,747.73,0.869
689,11.483333,0,1292.40,748.39,1240.13,493.35,1344.68,748.39,0.868
690,11.500000,0,1291.79,750.21,1240.06,494.66,1343.51,750.21,0.866
691,11.516667,0,1291.62,750.43,1240.58,495.36,1342.66,750.43,0.873
692,11.533333,0,1291.54,750.53,1239.34,494.80,1343.74,750.53,0.873
693,11.550000,0,1291.81,748.81,1240.68,495.92,1342.94,748.81,0.865
694,11.566667,0,1291.81,749.14,1240.72,495.41,1342.90,749.14,0.878
695,11.583333,0,1292.12,749.34,1241.22,496.00,1343.01,749.34,0.862
696,11.600000,0,1293.13,748.35,1241.80,498.14,1344.46,748.35,0.741
697,11.616667,0,1293.61,750.24,1243.61,496.68,1343.60,750.24,0.814
698,11.633333,0,1293.87,750.68,1244.14,495.17,1343.60,750.68,0.817
699,11.650000,0,1294.81,751.34,1246.19,494.22,1343.44,751.34,0.860
700,11.666667,0,1294.66,750.32,1245.31,493.77,1344.02,750.32,0.862
701,11.683333,0,1294.68,751.54,1244.83,492.82,1344.54,751.54,0.837
702,11.700000,0,1293.69,752.62,1244.31,492.07,1343.07,752.62,0.869
703,11.716667,0,1293.40,751.98,1244.62,493.15,1342.17,751.98,0.873
704,11.733333,0,1293.01,751.08,1244.38,491.98,1341.63,751.08,0.862
705,11.750000,0,1292.45,750.14,1243.81,491.14,1341.09,750.14,0.863
706,11.766667,0,1292.92,748.95,1244.78,490.51,1341.06,748.95,0.853
707,11.783333,0,1293.09,748.05,1245.20,489.35,1340.98,748.05,0.851
708,11.800000,0,1292.56,746.35,1244.73,488.39,1340.39,746.35,0.846
709,11.816667,0,1292.93,746.79,1245.15,487.37,1340.71,746.79,0.849
710,11.833333,0,1292.69,746.85,1245.03,486.85,1340.34,746.85,0.848
711,11.850000,0,1292.63,747.56,1244.52,486.06,1340.74,747.56,0.853
712,11.866667,0,1291.31,745.42,1242.98,485.76,1339.64,745.42,0.847
713,11.883333,0,1289.62,743.59,1241.34,486.02,1337.90,743.59,0.851
714,11.900000,0,1288.69,741.31,1240.79,484.88,1336.59,741.31,0.854
715,11.916667,0,1287.98,739.69,1240.44,483.58,1335.53,739.69,0.851
716,11.933333,0,1287.78,738.96,1240.44,483.14,1335.13,738.96,0.849
717,11.950000,0,1287.52,738.34,1240.04,483.83,1334.99,738.34,0.847
718,11.966667,0,1288.03,736.48,1240.35,483.95,1335.71,736.48,0.853
719,11.983333,0,1288.10,733.89,1240.31,482.84,1335.90,733.89,0.846
720,12.000000,0,1288.00,733.56,1239.98,482.60,1336.02,733.56,0.845
721,12.016667,0,1288.00,731.38,1239.89,482.26,1336.12,731.38,0.842
722,12.033333,0,1287.83,731.37,1239.11,482.22,1336.54,731.37,0.845
723,12.050000,0,1287.23,731.72,1239.52,482.35,1334.93,731.72,0.846
724,12.066667,0,1287.12,731.75,1239.46,481.66,1334.78,731.75,0.845
725,12.083333,0,1286.67,732.53,1238.65,481.50,1334.68,732.53,0.850
726,12.100000,0,1286.03,732.63,1237.25,481.60,1334.81,732.63,0.853
727,12.116667,0,1285.94,731.42,1237.32,480.97,1334.55,731.42,0.854
728,12.133333,0,1285.98,732.19,1236.62,481.46,1335.33,732.19,0.856
729,12.150000,0,1286.72,732.10,1237.50,482.86,1335.95,732.10,0.855
730,12.166667,0,1287.61,732.54,1237.94,483.30,1337.28,732.54,0.856
731,12.183333,0,1287.66,730.21,1238.64,482.10,1336.69,730.21,0.855
732,12.200000,0,1287.87,731.31,1239.10,482.54,1336.64,731.31,0.856
733,12.216667,0,1286.53,732.26,1237.06,482.72,1336.00,732.26,0.860
734,12.233333,0,1286.05,731.74,1236.44,483.46,1335.65,731.74,0.858
735,12.250000,0,1285.94,732.38,1236.34,483.01,1335.53,732.38,0.854
736,12.266667,0,1285.90,732.98,1236.19,483.66,1335.61,732.98,0.854
737,12.283333,0,1285.73,732.68,1236.60,483.82,1334.86,732.68,0.855
738,12.300000,0,1286.10,733.36,1236.62,485.46,1335.58,733.36,0.862
739,12.316667,0,1285.74,733.79,1236.44,487.54,1335.05,733.79,0.873
740,12.333333,0,1285.55,733.70,1236.37,488.94,1334.74,733.70,0.868
741,12.350000,0,1286.32,732.85,1236.41,488.81,1336.23,732.85,0.870
742,12.366667,0,1285.49,731.08,1235.86,489.15,1335.12,731.08,0.864
743,12.383333,0,1284.23,731.19,1236.61,488.69,1331.85,731.19,0.863
744,12.400000,0,1282.69,732.01,1234.34,488.47,1331.05,732.01,0.869
745,12.416667,0,1281.68,731.42,1233.61,488.30,1329.74,731.42,0.867
746,12.433333,0,1279.96,730.55,1230.48,489.03,1329.44,730.55,0.866
747,12.450000,0,1279.33,731.37,1229.81,488.10,1328.85,731.37,0.862
748,12.466667,0,1278.95,731.59,1228.09,488.00,1329.81,731.59,0.871
749,12.483333,0,1277.14,732.01,1227.10,488.63,1327.17,732.01,0.867
750,12.500000,0,1275.91,731.49,1226.80,489.11,1325.02,731.49,0.866
751,12.516667,0,1274.21,731.70,1225.85,488.71,1322.56,731.70,0.855
752,12.533333,0,1272.32,730.31,1224.16,489.08,1320.48,730.31,0.878
753,12.550000,0,1271.52,726.88,1224.12,488.49,1318.91,726.88,0.875
754,12.566667,0,1271.02,723.08,1224.70,488.40,1317.35,723.08,0.871
755,12.583333,0,1269.07,721.20,1221.99,489.36,1316.16,721.20,0.872
756,12.600000,0,1269.50,720.42,1221.96,489.80,1317.05,720.42,0.863
757,12.616667,0,1267.78,718.55,1219.75,488.96,1315.82,718.55,0.863
758,12.633333,0,1267.23,715.89,1218.96,488.40,1315.49,715.89,0.863
759,12.650000,0,1266.36,714.38,1218.16,487.11,1314.56,714.38,0.851
760,12.666667,0,1264.85,714.52,1216.62,486.39,1313.08,714.52,0.839
761,12.683333,0,1263.43,717.48,1215.78,486.68,1311.08,717.48,0.848
762,12.700000,0,1263.21,715.73,1215.27,484.88,1311.16,715.73,0.849
763,12.716667,0,1263.15,714.19,1215.17,482.78,1311.12,714.19,0.846
764,12.733333,0,1262.57,714.52,1215.12,482.55,1310.01,714.52,0.839
765,12.750000,0,1261.73,715.17,1214.31,482.85,1309.14,715.17,0.846
766,12.766667,0,1261.15,714.19,1213.76,483.03,1308.54,714.19,0.848
767,12.783333,0,1260.60,713.13,1213.32,482.57,1307.89,713.13,0.849
768,12.800000,0,1259.33,712.49,1212.62,481.34,1306.04,712.49,0.842
769,12.816667,0,1257.72,713.29,1211.46,479.75,1303.97,713.29,0.844
770,12.833333,0,1256.97,714.34,1211.09,482.03,1302.85,714.34,0.842
771,12.850000,0,1255.44,714.16,1210.57,482.92,1300.31,714.16,0.849
772,12.866667,0,1255.28,714.35,1210.55,482.26,1300.01,714.35,0.853
773,12.883333,0,1255.60,715.05,1211.03,481.62,1300.16,715.05,0.857
774,12.900000,0,1255.56,714.33,1210.73,481.67,1300.39,714.33,0.860
775,12.916667,0,1256.01,713.31,1211.40,481.11,1300.62,713.31,0.859
776,12.933333,0,1255.89,714.61,1212.13,482.29,1299.66,714.61,0.861
777,12.950000,0,1255.47,714.47,1211.97,481.75,1298.97,714.47,0.859
778,12.966667,0,1255.05,714.71,1211.92,481.65,1298.18,714.71,0.857
779,12.983333,0,1255.10,713.30,1211.88,481.40,1298.32,713.30,0.846
780,13.000000,0,1254.31,712.07,1211.62,481.53,1297.00,712.07,0.843
781,13.016667,0,1253.86,711.10,1211.21,482.08,1296.51,711.10,0.844
782,13.033333,0,1254.40,711.42,1212.02,482.07,1296.78,711.42,0.847
783,13.050000,0,1254.67,714.03,1212.73,483.77,1296.60,714.03,0.851
784,13.066667,0,1255.71,714.02,1213.02,484.10,1298.40,714.02,0.860
785,13.083333,0,1256.25,713.71,1214.39,484.38,1298.10,713.71,0.864
786,13.100000,0,1256.53,714.04,1215.02,485.00,1298.04,714.04,0.865
787,13.116667,0,1255.18,712.41,1214.98,485.94,1295.38,712.41,0.860
788,13.133333,0,1253.46,713.12,1214.69,486.22,1292.23,713.12,0.859
789,13.150000,0,1253.15,712.25,1214.08,487.39,1292.22,712.25,0.861
790,13.166667,0,1252.03,712.14,1213.32,486.98,1290.75,712.14,0.852
791,13.183333,0,1250.97,713.12,1212.02,488.35,1289.92,713.12,0.847
792,13.200000,0,1251.12,713.27,1212.17,489.67,1290.07,713.27,0.852
793,13.216667,0,1251.23,713.27,1212.69,489.35,1289.78,713.27,0.854
794,13.233333,0,1251.25,713.78,1211.84,489.45,1290.66,713.78,0.850
795,13.250000,0,1250.50,714.08,1211.11,489.20,1289.89,714.08,0.843
796,13.266667,0,1249.62,713.62,1210.48,489.45,1288.75,713.62,0.843
797,13.283333,0,1247.74,712.29,1208.22,488.88,1287.25,712.29,0.841
798,13.300000,0,1247.13,712.54,1207.49,487.78,1286.77,712.54,0.835
799,13.316667,0,1244.35,711.33,1204.38,488.64,1284.32,711.33,0.839
800,13.333333,0,1240.61,711.41,1199.28,487.34,1281.95,711.41,0.827
801,13.350000,0,1240.00,711.09,1198.51,487.47,1281.49,711.09,0.840
802,13.366667,0,1239.64,710.39,1198.42,486.83,1280.85,710.39,0.838
803,13.383333,0,1239.74,709.83,1198.61,487.96,1280.88,709.83,0.838
804,13.400000,0,1240.35,709.04,1199.20,486.57,1281.51,709.04,0.830
805,13.416667,0,1240.05,706.39,1198.49,484.81,1281.61,706.39,0.843
806,13.433333,0,1238.27,705.89,1195.98,484.22,1280.56,705.89,0.846
807,13.450000,0,1238.15,706.41,1197.12,482.46,1279.18,706.41,0.845
808,13.466667,0,1238.07,706.37,1197.58,481.52,1278.55,706.37,0.844
809,13.483333,0,1237.65,704.21,1196.84,481.62,1278.46,704.21,0.845
810,13.500000,0,1235.50,703.10,1195.67,481.41,1275.34,703.10,0.844
811,13.516667,0,1235.44,703.44,1195.36,480.99,1275.52,703.44,0.848
812,13.533333,0,1235.16,702.47,1195.16,481.86,1275.16,702.47,0.844
813,13.550000,0,1235.17,701.21,1195.30,481.51,1275.05,701.21,0.845
814,13.566667,0,1235.58,702.67,1195.22,481.82,1275.93,702.67,0.843
815,13.583333,0,1235.35,701.90,1195.01,482.71,1275.70,701.90,0.846
816,13.600000,0,1236.62,701.79,1196.04,482.20,1277.21,701.79,0.851
817,13.616667,0,1236.53,701.74,1195.91,481.44,1277.15,701.74,0.848
818,13.633333,0,1236.23,701.93,1195.99,481.54,1276.47,701.93,0.849
819,13.650000,0,1233.94,700.03,1195.59,480.62,1272.30,700.03,0.852
820,13.666667,0,1233.91,698.59,1194.95,479.80,1272.87,698.59,0.851
821,13.683333,0,1233.76,698.66,1194.72,480.43,1272.79,698.66,0.854
822,13.700000,0,1233.30,698.22,1195.04,480.53,1271.56,698.22,0.854
823,13.716667,0,1235.90,699.02,1195.20,479.90,1276.60,699.02,0.841
824,13.733333,0,1235.19,699.50,1195.06,481.05,1275.32,699.50,0.843
825,13.750000,0,1234.50,698.95,1193.86,482.35,1275.15,698.95,0.840
826,13.766667,0,1232.98,698.79,1192.21,482.84,1273.74,698.79,0.836
827,13.783333,0,1232.02,696.71,1193.22,482.06,1270.81,696.71,0.838
828,13.800000,0,1231.19,696.43,1190.92,481.91,1271.46,696.43,0.829
829,13.816667,0,1231.69,695.52,1191.42,480.94,1271.97,695.52,0.824
830,13.833333,0,1231.40,694.86,1191.69,482.10,1271.10,694.86,0.827
831,13.850000,0,1231.79,693.80,1189.77,481.97,1273.80,693.80,0.828
832,13.866667,0,1229.77,692.19,1190.53,481.61,1269.01,692.19,0.830
833,13.883333,0,1230.52,692.95,1191.30,481.26,1269.75,692.95,0.822
834,13.900000,0,1229.77,693.75,1190.87,480.56,1268.67,693.75,0.824
835,13.916667,0,1228.79,693.18,1189.38,481.82,1268.20,693.18,0.823
836,13.933333,0,1226.38,692.87,1188.30,484.59,1264.47,692.87,0.826
837,13.950000,0,1225.66,692.04,1186.41,482.92,1264.92,692.04,0.826
838,13.966667,0,1223.52,690.88,1184.37,484.24,1262.66,690.88,0.813
839,13.983333,0,1223.06,691.90,1182.59,484.61,1263.54,691.90,0.811
840,14.000000,0,1221.45,693.65,1181.03,484.83,1261.88,693.65,0.816
841,14.016667,0,1219.84,691.61,1180.01,483.40,1259.67,691.61,0.826
842,14.033333,0,1217.98,689.09,1177.63,483.03,1258.33,689.09,0.817
843,14.050000,0,1216.19,687.47,1175.94,480.19,1256.43,687.47,0.811
844,14.066667,0,1214.56,687.14,1174.70,479.63,1254.42,687.14,0.832
845,14.083333,0,1214.79,683.48,1173.34,478.32,1256.24,683.48,0.842
846,14.100000,0,1214.38,686.59,1173.05,477.61,1255.71,686.59,0.842
847,14.116667,0,1212.75,686.48,1172.11,478.50,1253.38,686.48,0.842
848,14.133333,0,1211.17,687.49,1170.50,478.57,1251.83,687.49,0.845
849,14.150000,0,1211.06,688.43,1169.88,478.69,1252.24,688.43,0.841
850,14.166667,0,1208.21,688.25,1167.52,479.70,1248.91,688.25,0.847
851,14.183333,0,1207.25,687.14,1165.69,479.31,1248.82,687.14,0.841
852,14.200000,0,1206.57,684.10,1164.34,480.34,1248.81,684.10,0.836
853,14.216667,0,1205.33,685.08,1163.08,478.13,1247.58,685.08,0.846
854,14.233333,0,1206.07,681.05,1164.02,476.28,1248.12,681.05,0.843
855,14.250000,0,1207.31,680.08,1164.59,474.89,1250.04,680.08,0.840
856,14.266667,0,1206.74,682.58,1164.80,475.40,1248.68,682.58,0.845
857,14.283333,0,1206.69,684.67,1164.12,475.58,1249.25,684.67,0.850
858,14.300000,0,1206.15,684.23,1163.99,477.28,1248.31,684.23,0.847
859,14.316667,0,1206.65,682.17,1162.99,477.62,1250.30,682.17,0.850
860,14.333333,0,1204.70,681.65,1161.82,477.02,1247.57,681.65,0.845
861,14.350000,0,1203.33,682.57,1161.07,477.41,1245.60,682.57,0.840
862,14.366667,0,1203.65,682.66,1160.08,478.77,1247.22,682.66,0.842
863,14.383333,0,1202.80,681.97,1160.08,478.87,1245.51,681.97,0.838
864,14.400000,0,1203.78,681.91,1161.06,477.25,1246.51,681.91,0.831
865,14.416667,0,1203.61,682.29,1160.77,476.11,1246.45,682.29,0.838
866,14.433333,0,1204.18,679.28,1161.69,474.93,1246.68,679.28,0.838
867,14.450000,0,1204.64,679.56,1161.81,474.21,1247.47,679.56,0.832
868,14.466667,0,1204.52,680.35,1161.95,475.17,1247.09,680.35,0.826
869,14.483333,0,1204.34,679.69,1161.89,475.61,1246.78,679.69,0.793
870,14.500000,0,1204.31,680.48,1161.86,475.85,1246.75,680.48,0.785
871,14.516667,0,1204.75,680.68,1162.83,475.85,1246.66,680.68,0.838
872,14.533333,0,1205.13,681.32,1163.42,477.10,1246.83,681.32,0.834
873,14.550000,0,1205.55,680.60,1163.95,477.92,1247.15,680.60,0.839
874,14.566667,0,1206.50,680.56,1165.59,478.09,1247.40,680.56,0.847
875,14.583333,0,1207.74,679.28,1165.81,478.51,1249.66,679.28,0.839
876,14.600000,0,1206.03,678.38,1164.48,478.36,1247.57,678.38,0.834
877,14.616667,0,1204.46,679.49,1162.85,477.50,1246.07,679.49,0.830
878,14.633333,0,1205.19,679.53,1162.76,478.30,1247.61,679.53,0.835
879,14.650000,0,1203.89,681.91,1162.74,479.00,1245.04,681.91,0.833
880,14.666667,0,1203.52,682.92,1162.79,478.80,1244.26,682.92,0.832
881,14.683333,0,1203.43,683.45,1163.23,478.82,1243.62,683.45,0.831
882,14.700000,0,1203.92,682.96,1163.97,479.70,1243.86,682.96,0.830
883,14.716667,0,1203.32,683.01,1164.86,479.66,1241.77,683.01,0.829
884,14.733333,0,1204.45,682.60,1163.23,478.80,1245.67,682.60,0.826
885,14.750000,0,1203.07,681.36,1162.85,478.42,1243.30,681.36,0.827
886,14.766667,0,1202.98,678.72,1162.38,476.44,1243.58,678.72,0.820
887,14.783333,0,1202.00,677.23,1162.15,476.12,1241.85,677.23,0.807
888,14.800000,0,1201.33,677.43,1162.26,475.73,1240.40,677.43,0.796
889,14.816667,0,1202.97,677.17,1163.15,475.49,1242.79,677.17,0.802
890,14.833333,0,1202.50,676.76,1163.87,475.08,1241.13,676.76,0.810
891,14.850000,0,1202.30,679.38,1163.42,474.33,1241.19,679.38,0.803
892,14.866667,0,1201.66,677.03,1161.72,474.35,1241.60,677.03,0.806
893,14.883333,0,1199.82,676.15,1160.52,473.93,1239.12,676.15,0.802
894,14.900000,0,1196.75,677.60,1158.99,474.89,1234.51,677.60,0.794
895,14.916667,0,1195.73,678.39,1156.50,476.00,1234.95,678.39,0.803
896,14.933333,0,1194.41,678.52,1156.35,476.22,1232.48,678.52,0.825
897,14.950000,0,1194.96,677.97,1157.72,477.55,1232.20,677.97,0.813
898,14.966667,0,1195.38,679.22,1157.25,478.69,1233.50,679.22,0.820
899,14.983333,0,1195.36,679.98,1156.48,477.86,1234.23,679.98,0.823
900,15.000000,0,1194.41,680.11,1156.41,477.27,1232.41,680.11,0.793
901,15.016667,0,1193.39,677.14,1155.79,478.79,1230.99,677.14,0.805
902,15.033333,0,1192.26,677.84,1154.67,478.52,1229.84,677.84,0.815
903,15.050000,0,1191.53,678.68,1153.81,480.44,1229.26,678.68,0.807
904,15.066667,0,1193.32,679.65,1155.69,479.99,1230.94,679.65,0.815
905,15.083333,0,1194.60,678.44,1156.53,480.85,1232.67,678.44,0.823
906,15.100000,0,1195.02,679.58,1156.88,479.57,1233.17,679.58,0.796
907,15.116667,0,1194.12,679.85,1157.02,479.55,1231.23,679.85,0.802
908,15.133333,0,1194.44,678.29,1157.12,480.60,1231.77,678.29,0.798
909,15.150000,0,1194.34,678.50,1156.78,480.86,1231.90,678.50,0.793
910,15.166667,0,1193.35,679.05,1157.07,482.84,1229.64,679.05,0.790
911,15.183333,0,1191.79,678.76,1156.39,483.80,1227.19,678.76,0.791
912,15.200000,0,1190.32,676.98,1156.02,486.03,1224.62,676.98,0.799
913,15.216667,0,1190.55,673.96,1154.41,485.93,1226.69,673.96,0.800
914,15.233333,0,1190.16,674.56,1154.06,485.69,1226.26,674.56,0.792
915,15.250000,0,1190.03,674.21,1155.22,487.19,1224.85,674.21,0.799
916,15.266667,0,1190.65,676.40,1156.80,488.28,1224.49,676.40,0.812
917,15.283333,0,1191.23,677.20,1156.79,488.60,1225.66,677.20,0.809
918,15.300000,0,1191.85,678.66,1156.70,488.97,1226.99,678.66,0.806
919,15.316667,0,1191.42,677.29,1157.06,488.33,1225.77,677.29,0.810
920,15.333333,0,1190.17,675.78,1157.48,487.30,1222.87,675.78,0.798
921,15.350000,0,1191.50,677.22,1157.37,487.30,1225.63,677.22,0.808
922,15.366667,0,1190.71,677.39,1157.02,486.89,1224.39,677.39,0.813
923,15.383333,0,1190.20,678.28,1156.51,488.64,1223.88,678.28,0.822
924,15.400000,0,1190.09,678.55,1156.74,489.15,1223.44,678.55,0.825
925,15.416667,0,1190.25,677.10,1155.94,490.04,1224.57,677.10,0.818
926,15.433333,0,1188.84,677.78,1155.30,488.50,1222.37,677.78,0.799
928,15.466667,0,1185.91,672.29,1150.74,486.76,1221.08,672.29,0.824
929,15.483333,0,1186.26,670.82,1151.27,485.87,1221.25,670.82,0.514
930,15.500000,0,1184.18,667.93,1149.18,482.67,1219.19,667.93,0.852
931,15.516667,0,1181.10,669.45,1145.13,481.86,1217.07,669.45,0.847
932,15.533333,0,1181.76,671.29,1146.14,483.85,1217.38,671.29,0.839
933,15.550000,0,1179.22,671.13,1143.02,484.42,1215.43,671.13,0.844
934,15.566667,0,1177.97,671.38,1141.63,484.65,1214.30,671.38,0.837
935,15.583333,0,1176.52,670.08,1139.33,485.02,1213.71,670.08,0.825
936,15.600000,0,1176.21,669.44,1139.28,484.41,1213.15,669.44,0.825
937,15.616667,0,1177.14,669.90,1138.96,483.31,1215.32,669.90,0.820
938,15.633333,0,1177.59,668.01,1139.28,484.10,1215.91,668.01,0.804
939,15.650000,0,1179.57,667.60,1139.75,480.09,1219.39,667.60,0.840
940,15.666667,0,1179.47,665.27,1139.43,478.35,1219.50,665.27,0.835
941,15.683333,0,1179.80,665.70,1138.64,479.49,1220.95,665.70,0.819
942,15.700000,0,1179.83,665.36,1138.74,478.37,1220.92,665.36,0.825
943,15.716667,0,1180.53,667.99,1138.82,480.07,1222.24,667.99,0.817
944,15.733333,0,1179.38,666.84,1139.07,480.86,1219.70,666.84,0.814
945,15.750000,0,1179.90,666.51,1139.07,481.64,1220.73,666.51,0.801
946,15.766667,0,1181.11,666.45,1138.81,482.57,1223.41,666.45,0.809
947,15.783333,0,1179.75,669.46,1137.17,483.32,1222.33,669.46,0.807
948,15.800000,0,1179.13,668.14,1137.37,484.61,1220.90,668.14,0.811
949,15.816667,0,1177.68,668.06,1135.55,482.93,1219.82,668.06,0.807
950,15.833333,0,1177.17,668.97,1134.11,482.45,1220.22,668.97,0.809
951,15.850000,0,1177.20,668.61,1133.28,481.88,1221.12,668.61,0.812
952,15.866667,0,1177.34,666.11,1134.60,483.63,1220.08,666.11,0.812
953,15.883333,0,1178.38,668.54,1136.11,481.92,1220.66,668.54,0.805
954,15.900000,0,1180.39,667.48,1137.13,482.02,1223.65,667.48,0.818
955,15.916667,0,1178.73,664.55,1136.90,480.60,1220.56,664.55,0.836
956,15.933333,0,1179.19,664.63,1137.52,479.74,1220.85,664.63,0.818
957,15.950000,0,1178.04,664.26,1137.28,477.96,1218.80,664.26,0.826
958,15.966667,0,1176.95,662.04,1136.00,479.05,1217.89,662.04,0.829
959,15.983333,0,1176.86,662.15,1136.48,478.68,1217.24,662.15,0.837
960,16.000000,0,1177.58,662.48,1138.03,478.73,1217.14,662.48,0.836
961,16.016667,0,1176.64,662.09,1138.01,477.51,1215.27,662.09,0.830
962,16.033333,0,1176.14,661.98,1137.90,477.26,1214.38,661.98,0.828
963,16.050000,0,1176.08,661.97,1137.55,478.74,1214.61,661.97,0.825
964,16.066667,0,1174.55,662.04,1137.84,476.37,1211.26,662.04,0.825
965,16.083333,0,1172.83,662.41,1136.98,478.64,1208.68,662.41,0.822
966,16.100000,0,1172.52,662.59,1136.63,480.64,1208.41,662.59,0.852
967,16.116667,0,1172.93,661.67,1137.39,480.92,1208.48,661.67,0.850
968,16.133333,0,1173.13,660.37,1137.69,480.53,1208.57,660.37,0.845
969,16.150000,0,1172.96,661.75,1137.85,479.00,1208.08,661.75,0.843
970,16.166667,0,1172.50,662.09,1138.03,479.58,1206.96,662.09,0.844
971,16.183333,0,1172.41,661.58,1137.95,479.13,1206.87,661.58,0.773
972,16.200000,0,1172.38,661.94,1138.07,478.93,1206.70,661.94,0.776
973,16.216667,0,1172.67,665.00,1137.95,478.37,1207.40,665.00,0.835
974,16.233333,0,1173.15,661.75,1137.97,478.15,1208.33,661.75,0.840
975,16.250000,0,1172.15,663.58,1136.84,478.15,1207.45,663.58,0.856
976,16.266667,0,1170.68,663.33,1136.10,478.98,1205.26,663.33,0.808
977,16.283333,0,1169.07,660.18,1133.85,481.36,1204.28,660.18,0.769
978,16.300000,0,1167.27,661.22,1132.33,480.17,1202.22,661.22,0.826
979,16.316667,0,1165.84,660.99,1131.98,479.14,1199.70,660.99,0.812
980,16.333333,0,1165.61,660.20,1131.38,480.39,1199.84,660.20,0.808
981,16.350000,0,1165.56,659.78,1131.21,479.10,1199.92,659.78,0.802
982,16.366667,0,1165.22,660.31,1131.34,478.31,1199.09,660.31,0.809
983,16.383333,0,1165.40,658.68,1129.64,477.98,1201.16,658.68,0.824
984,16.400000,0,1165.15,659.55,1129.61,477.09,1200.70,659.55,0.822
985,16.416667,0,1165.12,656.33,1129.87,476.65,1200.37,656.33,0.823
986,16.433333,0,1163.82,655.96,1128.51,476.55,1199.13,655.96,0.819
987,16.450000,0,1163.83,655.17,1129.90,474.54,1197.75,655.17,0.809
988,16.466667,0,1163.63,655.18,1129.77,474.27,1197.49,655.18,0.807
989,16.483333,0,1163.92,655.89,1128.73,474.85,1199.11,655.89,0.815
990,16.500000,0,1163.49,657.08,1128.80,473.77,1198.17,657.08,0.771
991,16.516667,0,1163.00,656.93,1127.95,473.87,1198.05,656.93,0.817
992,16.533333,0,1164.81,654.70,1131.33,471.70,1198.29,654.70,0.821
993,16.550000,0,1164.78,654.06,1131.55,470.76,1198.02,654.06,0.823
994,16.566667,0,1164.88,654.32,1131.45,471.72,1198.31,654.32,0.803
995,16.583333,0,1164.14,654.46,1129.11,472.57,1199.18,654.46,0.783
996,16.600000,0,1163.41,653.29,1128.01,473.32,1198.81,653.29,0.807
997,16.616667,0,1163.33,652.46,1127.99,474.16,1198.67,652.46,0.810
998,16.633333,0,1162.02,653.95,1128.37,475.32,1195.67,653.95,0.820
999,16.650000,0,1163.52,655.25,1130.71,475.45,1196.33,655.25,0.821
1000,16.666667,0,1165.40,654.16,1132.37,475.15,1198.42,654.16,0.818
1001,16.683333,0,1167.41,655.12,1133.02,475.27,1201.80,655.12,0.840
1002,16.700000,0,1166.75,652.59,1133.00,473.63,1200.49,652.59,0.836
1003,16.716667,0,1165.87,653.13,1133.47,472.99,1198.27,653.13,0.833
1004,16.733333,0,1166.12,652.69,1133.21,472.99,1199.04,652.69,0.834
1005,16.750000,0,1164.18,652.79,1131.25,470.63,1197.12,652.79,0.845
1006,16.766667,0,1163.81,652.08,1130.74,469.88,1196.89,652.08,0.824
1007,16.783333,0,1163.38,652.48,1130.61,469.95,1196.15,652.48,0.818
1008,16.800000,0,1163.16,652.09,1130.22,468.46,1196.10,652.09,0.817
1009,16.816667,0,1162.64,650.99,1128.38,468.20,1196.90,650.99,0.826
1010,16.833333,0,1163.15,651.11,1129.08,469.53,1197.22,651.11,0.824
1011,16.850000,0,1162.09,651.88,1128.03,470.04,1196.16,651.88,0.819
1012,16.866667,0,1160.63,650.21,1125.86,470.77,1195.40,650.21,0.621
1013,16.883333,0,1160.64,650.32,1125.61,470.70,1195.67,650.32,0.516
1014,16.900000,0,1160.84,649.54,1126.17,469.70,1195.50,649.54,0.662
1015,16.916667,0,1160.62,647.79,1126.17,468.63,1195.07,647.79,0.811
1016,16.933333,0,1160.06,647.28,1124.97,468.80,1195.15,647.28,0.844
1017,16.950000,0,1159.82,647.59,1124.06,467.96,1195.58,647.59,0.823
1018,16.966667,0,1159.85,645.81,1124.67,467.06,1195.03,645.81,0.813
1019,16.983333,0,1160.04,643.65,1123.44,466.94,1196.64,643.65,0.833
1020,17.000000,0,1160.44,643.56,1123.60,466.13,1197.28,643.56,0.834
1021,17.016667,0,1160.38,643.59,1123.13,466.08,1197.63,643.59,0.838
1022,17.033333,0,1160.19,644.04,1123.02,465.11,1197.37,644.04,0.836
1023,17.050000,0,1159.81,642.76,1122.15,465.11,1197.47,642.76,0.835
1024,17.066667,0,1159.24,641.11,1121.08,465.34,1197.41,641.11,0.832
1025,17.083333,0,1158.89,640.56,1121.18,461.92,1196.59,640.56,0.839
1026,17.100000,0,1158.43,640.84,1120.96,461.59,1195.89,640.84,0.825
1027,17.116667,0,1157.76,641.54,1120.68,461.78,1194.84,641.54,0.823
1028,17.133333,0,1157.60,641.65,1120.77,461.52,1194.43,641.65,0.822
1029,17.150000,0,1158.82,642.06,1120.74,461.69,1196.90,642.06,0.834
1030,17.166667,0,1158.12,643.70,1119.39,463.93,1196.86,643.70,0.827
1031,17.183333,0,1157.59,643.76,1118.89,463.91,1196.29,643.76,0.827
1032,17.200000,0,1157.29,643.35,1118.39,463.71,1196.20,643.35,0.826
1033,17.216667,0,1156.25,642.51,1118.37,465.25,1194.13,642.51,0.827
1034,17.233333,0,1155.37,643.16,1116.66,464.88,1194.08,643.16,0.829
1035,17.250000,0,1154.95,643.28,1115.52,465.71,1194.38,643.28,0.839
1036,17.266667,0,1154.56,642.74,1115.38,465.97,1193.74,642.74,0.834
1037,17.283333,0,1154.74,642.49,1115.78,465.64,1193.70,642.49,0.826
1038,17.300000,0,1155.86,642.56,1117.23,465.25,1194.49,642.56,0.819
1039,17.316667,0,1155.82,641.99,1117.21,465.30,1194.43,641.99,0.837
1040,17.333333,0,1155.40,641.40,1117.74,465.18,1193.06,641.40,0.834
1041,17.350000,0,1154.04,641.78,1116.23,464.52,1191.85,641.78,0.820
1042,17.366667,0,1152.69,641.07,1114.48,465.30,1190.90,641.07,0.821
1043,17.383333,0,1152.55,640.08,1113.80,465.06,1191.30,640.08,0.822
1044,17.400000,0,1150.66,640.25,1110.34,463.71,1190.98,640.25,0.820
1045,17.416667,0,1151.21,639.35,1111.01,463.94,1191.41,639.35,0.818
1046,17.433333,0,1151.48,640.54,1111.60,464.90,1191.36,640.54,0.802
1047,17.450000,0,1150.29,641.26,1109.22,465.34,1191.36,641.26,0.808
1048,17.466667,0,1149.42,641.28,1108.75,464.94,1190.09,641.28,0.807
1049,17.483333,0,1149.31,640.58,1109.16,465.81,1189.45,640.58,0.814
1050,17.500000,0,1148.63,639.95,1108.69,465.63,1188.57,639.95,0.818
1051,17.516667,0,1147.99,640.05,1107.70,466.05,1188.27,640.05,0.821
1052,17.533333,0,1147.76,640.69,1106.90,466.00,1188.63,640.69,0.818
1053,17.550000,0,1146.19,641.01,1103.74,466.05,1188.64,641.01,0.827
1054,17.566667,0,1143.35,639.42,1103.78,463.82,1182.92,639.42,0.827
1055,17.583333,0,1142.58,639.46,1103.16,463.63,1182.00,639.46,0.830
1056,17.600000,0,1142.73,640.64,1101.77,464.16,1183.68,640.64,0.826
1057,17.616667,0,1142.27,641.20,1100.34,464.21,1184.19,641.20,0.831
1058,17.633333,0,1140.50,640.99,1098.85,464.19,1182.15,640.99,0.831
1059,17.650000,0,1141.02,640.79,1098.69,464.24,1183.36,640.79,0.840
1060,17.666667,0,1139.21,640.87,1095.33,463.41,1183.08,640.87,0.838
1061,17.683333,0,1138.06,641.54,1095.62,463.95,1180.50,641.54,0.838
1062,17.700000,0,1137.62,642.84,1094.34,464.81,1180.90,642.84,0.837
1063,17.716667,0,1135.11,643.71,1092.82,464.22,1177.40,643.71,0.838
1064,17.733333,0,1135.22,643.54,1093.14,464.85,1177.31,643.54,0.840
1065,17.750000,0,1134.60,644.06,1093.14,464.93,1176.06,644.06,0.841
1066,17.766667,0,1134.42,643.53,1091.30,465.29,1177.54,643.53,0.838
1067,17.783333,0,1134.65,642.63,1091.26,464.09,1178.03,642.63,0.834
1068,17.800000,0,1136.01,642.46,1092.31,463.33,1179.72,642.46,0.832
1069,17.816667,0,1136.92,640.36,1092.87,462.54,1180.98,640.36,0.830
1070,17.833333,0,1134.90,639.63,1092.34,462.82,1177.46,639.63,0.829
1071,17.850000,0,1135.72,640.08,1092.25,462.26,1179.19,640.08,0.835
1072,17.866667,0,1135.30,640.07,1091.78,462.90,1178.82,640.07,0.836
1073,17.883333,0,1134.76,640.55,1092.33,463.41,1177.19,640.55,0.835
1074,17.900000,0,1133.77,641.03,1092.90,463.35,1174.63,641.03,0.830
1075,17.916667,0,1133.54,640.65,1093.52,463.78,1173.57,640.65,0.828
1076,17.933333,0,1133.03,639.83,1093.11,463.12,1172.95,639.83,0.821
1077,17.950000,0,1130.68,638.86,1091.67,463.32,1169.70,638.86,0.828
1078,17.966667,0,1130.45,638.83,1091.92,464.57,1168.97,638.83,0.826
1079,17.983333,0,1130.16,638.81,1093.03,463.49,1167.29,638.81,0.829
1080,18.000000,0,1131.37,637.63,1095.66,460.59,1167.08,637.63,0.816
1081,18.016667,0,1131.58,635.99,1096.63,459.53,1166.53,635.99,0.811
1082,18.033333,0,1134.44,635.45,1100.73,455.85,1168.15,635.45,0.804
1083,18.050000,0,1135.15,636.56,1103.72,458.33,1166.57,636.56,0.806
1084,18.066667,0,1137.39,636.35,1106.16,459.06,1168.63,636.35,0.807
1085,18.083333,0,1137.57,636.31,1106.44,458.38,1168.71,636.31,0.801
1086,18.100000,0,1137.68,635.21,1107.35,455.99,1168.02,635.21,0.804
1087,18.116667,0,1138.05,635.03,1108.22,456.72,1167.88,635.03,0.792
1088,18.133333,0,1137.84,631.70,1108.88,456.30,1166.80,631.70,0.807
1089,18.150000,0,1137.67,633.60,1108.33,456.76,1167.01,633.60,0.800
1090,18.166667,0,1138.28,636.39,1107.32,458.31,1169.25,636.39,0.810
1091,18.183333,0,1136.65,634.08,1106.32,457.49,1166.98,634.08,0.798
1092,18.200000,0,1135.32,630.37,1106.02,457.70,1164.61,630.37,0.813
1093,18.216667,0,1135.82,629.21,1106.20,454.17,1165.44,629.21,0.807
1094,18.233333,0,1133.52,628.00,1103.14,452.50,1163.90,628.00,0.809
1095,18.250000,0,1131.58,625.74,1101.65,454.35,1161.51,625.74,0.803
1096,18.266667,0,1129.88,625.74,1097.15,453.23,1162.61,625.74,0.804
1097,18.283333,0,1125.25,622.78,1093.09,451.75,1157.41,622.78,0.771
1098,18.300000,0,1123.99,622.92,1091.00,451.78,1156.99,622.92,0.763
1099,18.316667,0,1121.46,622.65,1088.50,451.37,1154.41,622.65,0.793
1100,18.333333,0,1120.21,622.21,1087.25,451.74,1153.18,622.21,0.796
1101,18.350000,0,1119.99,621.90,1087.17,452.02,1152.80,621.90,0.797
1102,18.366667,0,1119.29,623.60,1084.92,453.56,1153.66,623.60,0.798
1103,18.383333,0,1119.64,623.94,1082.70,451.77,1156.59,623.94,0.782
1104,18.400000,0,1117.69,624.78,1083.79,454.60,1151.58,624.78,0.791
1105,18.416667,0,1116.31,623.41,1080.15,454.39,1152.47,623.41,0.785
1106,18.433333,0,1117.17,623.21,1081.03,456.89,1153.31,623.21,0.786
1107,18.450000,0,1115.52,623.43,1081.51,457.39,1149.53,623.43,0.788
1108,18.466667,0,1115.29,623.75,1080.63,454.71,1149.95,623.75,0.790
1109,18.483333,0,1114.86,625.36,1079.48,452.81,1150.25,625.36,0.793
1110,18.500000,0,1112.29,624.76,1077.47,452.33,1147.11,624.76,0.780
1111,18.516667,0,1113.36,623.36,1078.07,452.40,1148.66,623.36,0.769
1112,18.533333,0,1110.30,623.31,1073.29,452.83,1147.31,623.31,0.814
1113,18.550000,0,1109.85,623.37,1073.10,453.10,1146.61,623.37,0.829
1114,18.566667,0,1108.87,623.05,1072.02,452.29,1145.72,623.05,0.853
1115,18.583333,0,1108.11,623.03,1071.52,451.09,1144.69,623.03,0.806
1116,18.600000,0,1106.68,621.03,1070.37,450.48,1142.98,621.03,0.786
1117,18.616667,0,1105.82,622.93,1069.33,452.18,1142.30,622.93,0.801
1118,18.633333,0,1104.54,623.47,1069.20,452.41,1139.89,623.47,0.820
1119,18.650000,0,1101.98,622.29,1068.44,452.82,1135.52,622.29,0.802
1120,18.666667,0,1102.67,623.98,1068.48,453.32,1136.86,623.98,0.799
1121,18.683333,0,1105.12,625.55,1069.29,453.45,1140.95,625.55,0.803
1122,18.700000,0,1102.97,625.92,1068.04,455.43,1137.90,625.92,0.803
1123,18.716667,0,1103.19,626.68,1066.77,455.34,1139.60,626.68,0.803
1124,18.733333,0,1101.31,627.36,1065.87,455.53,1136.75,627.36,0.795
1125,18.750000,0,1102.27,627.69,1065.11,454.44,1139.43,627.69,0.806
1126,18.766667,0,1100.44,627.60,1064.88,456.46,1135.99,627.60,0.806
1127,18.783333,0,1099.46,626.88,1065.49,455.63,1133.43,626.88,0.796
1128,18.800000,0,1099.13,628.31,1064.22,459.46,1134.03,628.31,0.788
1129,18.816667,0,1098.04,628.10,1062.83,459.08,1133.25,628.10,0.791
1130,18.833333,0,1097.63,628.57,1061.59,457.84,1133.68,628.57,0.786
1131,18.850000,0,1098.37,628.84,1062.29,458.06,1134.44,628.84,0.784
1132,18.866667,0,1096.78,629.18,1060.98,458.18,1132.59,629.18,0.768
1133,18.883333,0,1089.81,628.62,1061.55,458.89,1118.07,628.62,0.756
1134,18.900000,0,1088.07,629.36,1061.36,460.15,1114.79,629.36,0.795
1135,18.916667,0,1085.73,630.06,1060.74,459.90,1110.72,630.06,0.794
1136,18.933333,0,1083.31,630.12,1060.13,459.24,1106.49,630.12,0.789
1137,18.950000,0,1082.78,626.15,1060.37,457.02,1105.18,626.15,0.770
1138,18.966667,0,1082.10,616.44,1059.01,453.19,1105.19,616.44,0.743
1139,18.983333,0,1079.89,620.71,1056.54,449.43,1103.24,620.71,0.796
1140,19.000000,0,1078.73,613.02,1056.48,441.53,1100.99,613.02,0.800
1141,19.016667,0,1079.43,607.40,1054.88,431.80,1103.98,607.40,0.787
1142,19.033333,0,1080.52,602.24,1056.04,430.24,1104.99,602.24,0.794
1143,19.050000,0,1081.62,603.19,1056.65,431.55,1106.58,603.19,0.782
1144,19.066667,0,1082.16,605.85,1055.87,433.81,1108.45,605.85,0.805
1145,19.083333,0,1081.78,609.57,1054.48,436.70,1109.08,609.57,0.783
1146,19.100000,0,1081.70,611.43,1052.98,439.43,1110.43,611.43,0.786
1147,19.116667,0,1079.40,611.22,1048.53,440.38,1110.27,611.22,0.813
1148,19.133333,0,1077.61,613.64,1043.32,443.53,1111.90,613.64,0.793
1149,19.150000,0,1071.91,613.38,1034.94,446.25,1108.88,613.38,0.812
1150,19.166667,0,1066.11,614.92,1025.71,449.79,1106.51,614.92,0.801
1151,19.183333,0,1063.83,616.70,1020.85,450.64,1106.81,616.70,0.805
1152,19.200000,0,1061.20,616.91,1017.21,450.90,1105.20,616.91,0.811
1153,19.216667,0,1056.29,616.36,1011.99,449.05,1100.59,616.36,0.823
1154,19.233333,0,1053.82,613.36,1010.13,449.49,1097.50,613.36,0.847
1155,19.250000,0,1051.64,611.85,1007.48,447.13,1095.80,611.85,0.861
1156,19.266667,0,1050.73,613.38,1006.91,448.26,1094.54,613.38,0.848
1157,19.283333,0,1046.89,616.19,1003.79,453.19,1089.99,616.19,0.829
1158,19.300000,0,1045.15,618.09,1002.46,457.94,1087.83,618.09,0.835
1159,19.316667,0,1042.80,623.36,1000.45,462.97,1085.15,623.36,0.830
1160,19.333333,0,1042.57,629.49,1000.80,468.85,1084.34,629.49,0.841
1161,19.350000,0,1040.20,634.17,999.97,476.94,1080.44,634.17,0.839
1162,19.366667,0,1038.39,639.19,997.81,478.61,1078.97,639.19,0.847
1163,19.383333,0,1035.24,642.29,995.30,482.86,1075.18,642.29,0.844
1164,19.400000,0,1032.65,644.20,993.05,485.89,1072.25,644.20,0.844
1165,19.416667,0,1030.98,644.51,991.25,485.78,1070.70,644.51,0.846
1166,19.433333,0,1030.88,643.24,992.10,482.85,1069.66,643.24,0.837
1167,19.450000,0,1030.91,642.92,992.31,482.13,1069.52,642.92,0.834
1168,19.466667,0,1031.08,642.69,993.06,481.44,1069.11,642.69,0.832
1169,19.483333,0,1030.52,642.97,993.17,480.79,1067.87,642.97,0.831
1170,19.500000,0,1031.19,640.86,995.30,478.78,1067.08,640.86,0.825
1171,19.516667,0,1032.79,640.46,997.10,478.97,1068.47,640.46,0.821
1172,19.533333,0,1033.48,641.26,998.36,478.58,1068.59,641.26,0.821
1173,19.550000,0,1033.33,642.64,998.69,480.94,1067.97,642.64,0.814
1174,19.566667,0,1033.81,645.22,1000.00,481.65,1067.62,645.22,0.796
1175,19.583333,0,1033.01,646.38,999.08,484.14,1066.93,646.38,0.810
1176,19.600000,0,1031.53,646.13,997.87,485.09,1065.18,646.13,0.804
1177,19.616667,0,1028.55,644.89,996.98,485.52,1060.13,644.89,0.795
1178,19.633333,0,1028.11,643.98,996.90,484.56,1059.31,643.98,0.781
1179,19.650000,0,1025.33,640.85,996.86,482.29,1053.80,640.85,0.782
1180,19.666667,0,1024.47,640.19,997.06,479.69,1051.88,640.19,0.772
1181,19.683333,0,1023.93,641.00,997.89,479.62,1049.97,641.00,0.778
1182,19.700000,0,1024.56,640.91,998.06,479.22,1051.06,640.91,0.779
1183,19.716667,0,1027.06,641.01,998.36,478.03,1055.76,641.01,0.787
1184,19.733333,0,1024.85,640.77,996.91,478.32,1052.79,640.77,0.798
1185,19.750000,0,1023.77,638.87,995.34,478.20,1052.20,638.87,0.793
1186,19.766667,0,1020.87,638.24,992.97,479.00,1048.76,638.24,0.798
1187,19.783333,0,1017.80,640.90,992.26,480.42,1043.34,640.90,0.794
1188,19.800000,0,1016.14,647.15,991.72,481.90,1040.55,647.15,0.812
1189,19.816667,0,1015.27,650.67,990.14,483.86,1040.39,650.67,0.813
1190,19.833333,0,1015.28,652.24,990.53,485.58,1040.03,652.24,0.803
1191,19.850000,0,1014.05,653.47,988.53,488.37,1039.57,653.47,0.807
1192,19.866667,0,1013.12,654.84,986.99,489.71,1039.24,654.84,0.798
1193,19.883333,0,1012.99,655.30,985.07,490.44,1040.90,655.30,0.789
1194,19.900000,0,1010.53,656.19,983.12,491.56,1037.95,656.19,0.796
1195,19.916667,0,1006.61,658.47,977.77,493.60,1035.44,658.47,0.783
1196,19.933333,0,1005.08,659.04,975.13,493.33,1035.03,659.04,0.777
1197,19.950000,0,1002.74,659.08,971.28,494.82,1034.20,659.08,0.786
1198,19.966667,0,1000.55,660.04,967.12,495.61,1033.97,660.04,0.783
1199,19.983333,0,999.13,659.26,965.38,495.48,1032.89,659.26,0.765
1200,20.000000,0,997.49,659.63,962.00,494.05,1032.99,659.63,0.783
1201,20.016667,0,996.33,659.78,960.44,494.66,1032.23,659.78,0.760
1202,20.033333,0,994.56,659.78,954.65,496.38,1034.46,659.78,0.767
1203,20.050000,0,994.76,660.78,954.86,496.27,1034.66,660.78,0.788
1204,20.066667,0,996.29,660.67,956.79,497.52,1035.79,660.67,0.795
1205,20.083333,0,995.97,659.62,955.78,497.95,1036.16,659.62,0.801
1206,20.100000,0,995.20,660.06,953.65,499.22,1036.76,660.06,0.806
1207,20.116667,0,992.21,660.84,951.40,499.14,1033.03,660.84,0.808
1208,20.133333,0,991.69,661.76,949.53,501.17,1033.86,661.76,0.804
1209,20.150000,0,993.87,662.19,950.69,501.50,1037.05,662.19,0.805
1210,20.166667,0,994.38,662.15,951.87,502.31,1036.88,662.15,0.811
1211,20.183333,0,994.44,661.64,953.66,500.40,1035.22,661.64,0.804
1212,20.200000,0,994.29,660.38,953.36,497.58,1035.22,660.38,0.813
1213,20.216667,0,994.27,660.23,953.91,498.18,1034.62,660.23,0.825
1214,20.233333,0,994.33,660.25,953.37,497.53,1035.29,660.25,0.805
1215,20.250000,0,994.02,658.57,954.44,498.17,1033.61,658.57,0.804
1216,20.266667,0,992.84,658.41,952.71,496.62,1032.97,658.41,0.796
1217,20.283333,0,993.32,658.78,954.21,494.08,1032.44,658.78,0.807
1218,20.300000,0,993.91,658.60,955.48,493.59,1032.35,658.60,0.820
1219,20.316667,0,993.67,658.71,956.00,493.86,1031.34,658.71,0.819
1220,20.333333,0,991.68,659.13,954.97,493.24,1028.39,659.13,0.827
1221,20.350000,0,991.88,656.48,955.07,492.44,1028.69,656.48,0.796
1222,20.366667,0,990.03,654.99,954.54,492.14,1025.52,654.99,0.786
1223,20.383333,0,988.57,655.13,951.68,490.48,1025.47,655.13,0.775
1224,20.400000,0,985.79,655.24,949.31,491.37,1022.27,655.24,0.775
1225,20.416667,0,982.24,655.68,948.75,490.78,1015.73,655.68,0.777
1226,20.433333,0,980.04,656.79,948.39,491.95,1011.68,656.79,0.796
1227,20.450000,0,978.32,658.85,947.42,491.77,1009.22,658.85,0.778
1228,20.466667,0,975.08,659.08,946.69,493.40,1003.46,659.08,0.776
1229,20.483333,0,972.33,658.79,945.31,494.13,999.34,658.79,0.785
1230,20.500000,0,970.85,660.30,944.37,494.68,997.32,660.30,0.804
1231,20.516667,0,967.81,661.27,942.94,495.40,992.68,661.27,0.800
1232,20.533333,0,964.95,660.55,941.42,495.96,988.48,660.55,0.814
1233,20.550000,0,963.17,659.94,940.05,496.04,986.30,659.94,0.815
1234,20.566667,0,962.53,660.57,938.91,495.48,986.15,660.57,0.805
1235,20.583333,0,961.84,659.58,939.14,496.25,984.55,659.58,0.768
1236,20.600000,0,959.10,662.42,936.40,496.52,981.79,662.42,0.771
1237,20.616667,0,958.68,663.11,936.10,493.99,981.26,663.11,0.783
1238,20.633333,0,958.59,663.32,935.57,498.73,981.61,663.32,0.757
1239,20.650000,0,956.68,661.33,932.23,499.25,981.13,661.33,0.773
1240,20.666667,0,955.48,663.51,930.67,499.79,980.30,663.51,0.763
1241,20.683333,0,951.97,663.03,923.49,501.07,980.45,663.03,0.778
1242,20.700000,0,950.10,663.02,919.52,501.67,980.68,663.02,0.799
1243,20.716667,0,948.18,664.53,915.53,503.07,980.84,664.53,0.837
1244,20.733333,0,947.24,664.84,913.62,503.91,980.86,664.84,0.839
1245,20.750000,0,946.14,664.03,910.65,502.04,981.63,664.03,0.835
1246,20.766667,0,943.10,662.85,903.16,503.07,983.04,662.85,0.823
1247,20.783333,0,943.55,662.38,903.96,504.93,983.13,662.38,0.803
1248,20.800000,0,942.71,661.23,903.39,500.47,982.02,661.23,0.807
1249,20.816667,0,938.98,662.42,898.14,499.90,979.82,662.42,0.817
1250,20.833333,0,936.99,663.25,893.25,500.96,980.74,663.25,0.832
1251,20.850000,0,938.67,662.55,896.57,502.28,980.77,662.55,0.818
1252,20.866667,0,938.59,663.44,893.25,503.48,983.94,663.44,0.823
1253,20.883333,0,939.83,663.48,894.58,502.30,985.08,663.48,0.832
1254,20.900000,0,940.57,663.46,896.40,502.51,984.74,663.46,0.838
1255,20.916667,0,938.67,663.22,892.48,500.35,984.86,663.22,0.835
1256,20.933333,0,935.74,663.15,890.64,499.90,980.85,663.15,0.835
1257,20.950000,0,934.39,663.85,889.01,502.25,979.78,663.85,0.843
1258,20.966667,0,935.07,664.27,889.49,502.18,980.65,664.27,0.839
1259,20.983333,0,936.02,664.76,889.46,500.48,982.58,664.76,0.834
1260,21.000000,0,935.82,664.87,889.78,501.01,981.86,664.87,0.824
1261,21.016667,0,936.63,663.90,891.44,499.42,981.81,663.90,0.824
1262,21.033333,0,938.70,662.27,897.36,498.54,980.05,662.27,0.819
1263,21.050000,0,938.91,662.26,898.12,496.58,979.70,662.26,0.801
1264,21.066667,0,938.72,662.39,898.38,497.15,979.07,662.39,0.823
1265,21.083333,0,936.45,662.53,896.33,497.32,976.58,662.53,0.824
1266,21.100000,0,934.27,663.21,892.95,498.01,975.58,663.21,0.827
1267,21.116667,0,932.32,662.51,893.25,497.41,971.39,662.51,0.829
1268,21.133333,0,930.98,663.52,891.67,498.39,970.29,663.52,0.825
1269,21.150000,0,930.18,664.20,890.30,498.26,970.06,664.20,0.830
1270,21.166667,0,929.08,663.53,890.57,497.98,967.60,663.53,0.819
1271,21.183333,0,922.68,662.35,891.04,498.74,954.32,662.35,0.779
1272,21.200000,0,922.04,662.70,890.07,498.82,954.01,662.70,0.784
1273,21.216667,0,912.74,663.51,888.92,499.50,936.56,663.51,0.780
1274,21.233333,0,911.05,662.72,887.23,500.84,934.88,662.72,0.793
1275,21.250000,0,910.58,664.13,886.31,500.22,934.86,664.13,0.800
1276,21.266667,0,908.89,664.02,884.89,500.03,932.90,664.02,0.798
1277,21.283333,0,906.11,665.41,880.92,501.92,931.30,665.41,0.802
1278,21.300000,0,905.74,667.15,880.37,501.21,931.11,667.15,0.791
1279,21.316667,0,903.93,664.89,877.98,501.58,929.88,664.89,0.789
1280,21.333333,0,901.98,666.83,875.97,503.46,927.99,666.83,0.771
1281,21.350000,0,899.81,667.34,875.09,503.53,924.53,667.34,0.799
1282,21.366667,0,899.48,669.37,873.19,505.55,925.78,669.37,0.803
1283,21.383333,0,895.83,669.88,870.86,505.31,920.80,669.88,0.804
1284,21.400000,0,894.30,669.69,867.79,505.06,920.81,669.69,0.795
1285,21.416667,0,891.65,669.35,864.36,504.96,918.94,669.35,0.797
1286,21.433333,0,887.64,670.28,859.55,502.01,915.73,670.28,0.811
1287,21.450000,0,885.40,669.74,856.45,503.38,914.35,669.74,0.795
1288,21.466667,0,880.48,670.82,847.88,505.28,913.09,670.82,0.810
1289,21.483333,0,878.74,669.77,844.86,507.73,912.62,669.77,0.832
1290,21.500000,0,877.86,669.96,843.88,507.67,911.85,669.96,0.839
1291,21.516667,0,877.32,669.72,842.59,507.97,912.04,669.72,0.838
1292,21.533333,0,877.76,670.44,843.54,508.62,911.98,670.44,0.825
1293,21.550000,0,873.79,669.93,837.98,507.06,909.60,669.93,0.799
1294,21.566667,0,872.73,670.59,835.11,507.81,910.35,670.59,0.795
1295,21.583333,0,872.20,671.42,834.27,509.70,910.12,671.42,0.793
1296,21.600000,0,870.79,670.43,832.24,510.89,909.34,670.43,0.799
1297,21.616667,0,871.61,669.31,832.71,509.84,910.52,669.31,0.810
1298,21.633333,0,869.65,670.60,828.43,509.42,910.87,670.60,0.825
1299,21.650000,0,870.58,669.95,830.39,509.58,910.77,669.95,0.835
1300,21.666667,0,869.00,668.37,829.55,508.58,908.45,668.37,0.835
1301,21.683333,0,868.36,670.15,826.74,508.31,909.98,670.15,0.837
1302,21.700000,0,868.44,670.39,827.15,508.30,909.74,670.39,0.835
1303,21.716667,0,870.62,668.92,830.00,507.72,911.23,668.92,0.843
1304,21.733333,0,870.27,668.51,829.19,505.01,911.34,668.51,0.835
1305,21.750000,0,871.71,669.31,828.67,503.22,914.75,669.31,0.839
1306,21.766667,0,871.91,668.15,830.23,502.39,913.58,668.15,0.830
1307,21.783333,0,873.04,667.94,831.22,502.02,914.86,667.94,0.834
1308,21.800000,0,872.62,670.52,829.30,501.95,915.94,670.52,0.831
1309,21.816667,0,871.45,671.03,828.84,501.10,914.05,671.03,0.819
1310,21.833333,0,871.30,671.92,827.74,500.80,914.86,671.92,0.826
1311,21.850000,0,870.15,670.25,829.06,500.32,911.23,670.25,0.807
1312,21.866667,0,872.71,669.90,831.17,499.58,914.24,669.90,0.816
1313,21.883333,0,873.26,668.70,832.98,500.36,913.55,668.70,0.810
1314,21.900000,0,871.64,668.60,831.67,499.89,911.60,668.60,0.789
1315,21.916667,0,865.92,668.31,828.91,499.03,902.92,668.31,0.783
1316,21.933333,0,865.72,668.62,829.99,499.36,901.46,668.62,0.797
1317,21.950000,0,863.10,668.57,829.33,498.78,896.87,668.57,0.791
1318,21.966667,0,859.63,667.02,827.38,497.60,891.88,667.02,0.817
1319,21.983333,0,863.88,668.10,826.44,498.00,901.32,668.10,0.840
1320,22.000000,0,856.44,667.27,826.83,498.09,886.05,667.27,0.805
1321,22.016667,0,854.40,667.02,826.11,499.84,882.70,667.02,0.777
1322,22.033333,0,852.50,666.24,825.98,498.71,879.03,666.24,0.793
1323,22.050000,0,852.88,666.58,825.57,497.98,880.19,666.58,0.808
1324,22.066667,0,850.58,666.30,823.93,498.23,877.23,666.30,0.806
1325,22.083333,0,849.38,664.64,822.72,498.98,876.05,664.64,0.797
1326,22.100000,0,848.18,663.04,822.77,497.83,873.58,663.04,0.802
1327,22.116667,0,847.22,664.40,822.83,496.65,871.61,664.40,0.815
1328,22.133333,0,846.75,660.17,822.95,496.48,870.54,660.17,0.816
1329,22.150000,0,845.40,661.54,821.30,495.22,869.51,661.54,0.812
1330,22.166667,0,843.84,665.06,820.41,494.42,867.28,665.06,0.814
1331,22.183333,0,842.82,666.33,818.79,494.03,866.85,666.33,0.816
1332,22.200000,0,841.48,662.64,816.53,492.88,866.43,662.64,0.798
1333,22.216667,0,840.78,662.50,815.40,493.54,866.16,662.50,0.775
1334,22.233333,0,838.68,663.62,811.67,493.68,865.69,663.62,0.762
1335,22.250000,0,836.39,664.94,807.24,494.16,865.53,664.94,0.782
1336,22.266667,0,834.52,664.92,804.00,492.81,865.04,664.92,0.798
1337,22.283333,0,832.23,664.83,800.02,493.49,864.44,664.83,0.802
1338,22.300000,0,830.81,664.08,797.44,493.89,864.17,664.08,0.831
1339,22.316667,0,829.29,663.62,794.44,493.72,864.14,663.62,0.838
1340,22.333333,0,826.55,663.50,789.30,493.98,863.80,663.50,0.830
1341,22.350000,0,824.11,663.15,784.42,494.01,863.80,663.15,0.814
1342,22.366667,0,821.82,663.00,780.37,493.08,863.28,663.00,0.810
1343,22.383333,0,824.62,659.93,784.40,491.81,864.84,659.93,0.812
1344,22.400000,0,823.05,659.32,781.42,492.23,864.69,659.32,0.813
1345,22.416667,0,823.16,659.58,781.19,487.48,865.13,659.58,0.826
1346,22.433333,0,821.94,658.93,779.37,487.01,864.51,658.93,0.832
1347,22.450000,0,821.58,657.86,779.11,487.94,864.06,657.86,0.832
1348,22.466667,0,821.28,656.91,778.19,488.29,864.36,656.91,0.826
1349,22.483333,0,821.90,656.92,779.42,488.69,864.38,656.92,0.820
1350,22.500000,0,821.50,656.79,778.55,488.54,864.46,656.79,0.818
1351,22.516667,0,821.38,656.16,778.85,487.82,863.92,656.16,0.821
1352,22.533333,0,819.41,653.28,778.28,488.36,860.54,653.28,0.820
1353,22.550000,0,819.59,652.47,779.54,487.78,859.64,652.47,0.841
1354,22.566667,0,819.43,652.21,779.44,488.48,859.41,652.21,0.852
1355,22.583333,0,819.96,652.78,780.61,488.85,859.30,652.78,0.861
1356,22.600000,0,820.01,652.80,780.24,488.25,859.77,652.80,0.844
1357,22.616667,0,821.36,652.04,781.31,485.83,861.42,652.04,0.855
1358,22.633333,0,820.21,652.77,781.44,486.37,858.99,652.77,0.847
1359,22.650000,0,819.97,652.95,782.61,487.00,857.32,652.95,0.838
1360,22.666667,0,820.39,653.23,782.60,488.97,858.18,653.23,0.823
1361,22.683333,0,817.23,653.44,782.82,489.23,851.64,653.44,0.817
1362,22.700000,0,813.46,654.49,780.74,488.32,846.19,654.49,0.807
1363,22.716667,0,812.73,654.36,780.29,488.44,845.18,654.36,0.803
1364,22.733333,0,812.94,655.04,779.03,488.55,846.85,655.04,0.795
1365,22.750000,0,809.75,655.93,776.60,488.78,842.90,655.93,0.813
1366,22.766667,0,809.66,656.70,776.28,489.61,843.03,656.70,0.815
1367,22.783333,0,806.20,655.55,776.08,489.57,836.32,655.55,0.798
1368,22.800000,0,804.47,656.40,775.41,488.72,833.53,656.40,0.822
1369,22.816667,0,802.62,654.43,774.44,489.94,830.81,654.43,0.801
1370,22.833333,0,801.13,655.59,772.68,491.01,829.57,655.59,0.804
1371,22.850000,0,798.33,654.84,770.35,489.77,826.30,654.84,0.809
1372,22.866667,0,795.60,655.05,767.72,489.64,823.49,655.05,0.820
1373,22.883333,0,793.10,658.00,764.72,490.94,821.48,658.00,0.830
1374,22.900000,0,792.30,658.30,763.69,491.69,820.91,658.30,0.826
1375,22.916667,0,791.65,659.30,762.68,491.34,820.62,659.30,0.842
1376,22.933333,0,790.05,658.10,762.63,490.53,817.47,658.10,0.801
1377,22.950000,0,789.04,658.68,760.78,491.18,817.30,658.68,0.837
1378,22.966667,0,786.31,659.92,758.33,490.59,814.30,659.92,0.827
1379,22.983333,0,785.25,660.12,756.56,490.53,813.95,660.12,0.804
1380,23.000000,0,783.01,659.92,754.64,488.49,811.38,659.92,0.797
1381,23.016667,0,782.22,660.24,753.48,489.12,810.96,660.24,0.801
1382,23.033333,0,783.17,659.05,753.60,489.30,812.75,659.05,0.809
1383,23.050000,0,782.64,659.14,752.94,489.46,812.33,659.14,0.815
1384,23.066667,0,780.57,657.34,751.03,488.36,810.11,657.34,0.798
1385,23.083333,0,777.80,657.74,746.80,487.42,808.80,657.74,0.796
1386,23.100000,0,777.68,654.54,746.54,487.73,808.82,654.54,0.786
1387,23.116667,0,772.26,656.17,738.73,485.64,805.79,656.17,0.793
1388,23.133333,0,770.69,655.34,736.75,488.64,804.64,655.34,0.815
1389,23.150000,0,767.94,655.03,731.77,489.11,804.11,655.03,0.831
1390,23.166667,0,766.58,655.22,729.16,489.38,804.00,655.22,0.849
1391,23.183333,0,765.28,654.45,726.83,490.07,803.74,654.45,0.838
1392,23.200000,0,764.08,652.54,724.87,487.89,803.29,652.54,0.839
1393,23.216667,0,763.26,651.62,723.74,488.28,802.79,651.62,0.815
1394,23.233333,0,762.12,650.42,722.55,487.52,801.69,650.42,0.819
1395,23.250000,0,760.98,650.27,719.84,485.31,802.12,650.27,0.837
1396,23.266667,0,759.88,650.44,716.98,485.97,802.79,650.44,0.836
1397,23.283333,0,761.04,650.51,719.61,488.28,802.47,650.51,0.840
1398,23.300000,0,763.33,650.42,722.47,487.02,804.20,650.42,0.836
1399,23.316667,0,764.09,650.06,724.48,487.95,803.70,650.06,0.832
1400,23.333333,0,763.68,649.49,724.28,486.77,803.08,649.49,0.841
1401,23.350000,0,762.65,649.63,723.62,487.45,801.68,649.63,0.846
1402,23.366667,0,762.49,649.66,724.64,487.38,800.33,649.66,0.845
1403,23.383333,0,762.03,650.29,723.95,488.04,800.10,650.29,0.853
1404,23.400000,0,760.63,650.50,721.93,487.76,799.33,650.50,0.849
1405,23.416667,0,760.79,650.86,722.06,486.84,799.52,650.86,0.848
1406,23.433333,0,760.37,650.16,720.85,486.15,799.88,650.16,0.833
1407,23.450000,0,760.66,649.33,720.48,484.01,800.84,649.33,0.814
1408,23.466667,0,759.47,650.43,717.22,480.50,801.73,650.43,0.815
1409,23.483333,0,757.60,649.77,716.17,480.39,799.02,649.77,0.809
1410,23.500000,0,757.61,648.49,716.46,480.77,798.77,648.49,0.810
1411,23.516667,0,755.38,650.27,713.86,480.30,796.90,650.27,0.813
1412,23.533333,0,753.68,647.86,713.19,480.52,794.17,647.86,0.780
1413,23.550000,0,750.48,648.66,711.80,481.93,789.16,648.66,0.775
1414,23.566667,0,746.84,649.83,711.32,479.62,782.36,649.83,0.791
1415,23.583333,0,747.87,648.14,711.31,479.71,784.44,648.14,0.786
1416,23.600000,0,745.03,649.80,710.71,479.77,779.35,649.80,0.784
1417,23.616667,0,743.07,650.25,708.26,478.32,777.89,650.25,0.788
1418,23.633333,0,741.25,648.99,707.37,479.19,775.13,648.99,0.797
1419,23.650000,0,739.97,648.56,707.18,480.20,772.76,648.56,0.803
1420,23.666667,0,735.24,648.86,705.93,480.82,764.55,648.86,0.786
1421,23.683333,0,733.69,649.89,705.65,480.55,761.74,649.89,0.791
1422,23.700000,0,733.11,651.45,705.84,481.73,760.37,651.45,0.798
1423,23.716667,0,731.87,648.99,705.69,480.34,758.05,648.99,0.795
1424,23.733333,0,731.18,647.38,706.12,477.04,756.23,647.38,0.793
1425,23.750000,0,730.07,648.47,704.22,478.70,755.92,648.47,0.789
1426,23.766667,0,728.14,646.83,703.24,477.14,753.05,646.83,0.788
1427,23.783333,0,725.33,647.29,701.79,475.79,748.86,647.29,0.781
1428,23.800000,0,722.62,647.60,699.67,475.35,745.56,647.60,0.783
1429,23.816667,0,719.18,648.57,695.05,476.27,743.31,648.57,0.799
1430,23.833333,0,717.80,648.73,693.27,475.32,742.34,648.73,0.792
1431,23.850000,0,717.13,651.17,692.24,475.54,742.02,651.17,0.812
1432,23.866667,0,716.29,652.45,690.55,474.50,742.03,652.45,0.813
1433,23.883333,0,714.74,649.50,689.04,474.60,740.44,649.50,0.808
1434,23.900000,0,713.81,650.91,686.19,478.53,741.43,650.91,0.796
1435,23.916667,0,712.88,653.09,684.17,479.02,741.58,653.09,0.793
1436,23.933333,0,711.01,650.36,680.11,478.29,741.91,650.36,0.797
1437,23.950000,0,711.58,650.95,680.29,479.76,742.87,650.95,0.802
1438,23.966667,0,708.70,653.37,673.92,481.20,743.48,653.37,0.817
1439,23.983333,0,708.16,651.92,673.30,481.57,743.02,651.92,0.815
1440,24.000000,0,705.71,652.74,668.81,482.56,742.61,652.74,0.808
1441,24.016667,0,703.44,654.44,663.57,484.77,743.30,654.44,0.813
1442,24.033333,0,702.96,654.90,661.45,485.66,744.47,654.90,0.797
1443,24.050000,0,701.86,653.67,660.00,484.46,743.72,653.67,0.807
1444,24.066667,0,700.77,652.91,656.43,485.41,745.11,652.91,0.802
1445,24.083333,0,699.02,653.88,651.38,485.68,746.66,653.88,0.799
1446,24.100000,0,698.27,654.76,650.25,485.47,746.29,654.76,0.788
1447,24.116667,0,697.81,655.10,651.40,487.64,744.21,655.10,0.791
1448,24.133333,0,698.73,654.79,652.78,488.94,744.69,654.79,0.794
1449,24.150000,0,697.43,654.70,649.73,488.07,745.14,654.70,0.818
1450,24.166667,0,698.02,654.13,651.01,489.78,745.02,654.13,0.790
1451,24.183333,0,696.79,654.73,651.55,489.43,742.02,654.73,0.818
1452,24.200000,0,695.24,656.50,645.63,488.26,744.85,656.50,0.802
1453,24.216667,0,694.32,655.11,647.42,490.25,741.23,655.11,0.805
1454,24.233333,0,695.14,656.84,649.17,490.32,741.11,656.84,0.832
1455,24.250000,0,696.60,656.88,651.82,490.29,741.38,656.88,0.854
1456,24.266667,0,696.17,657.79,651.15,489.65,741.19,657.79,0.818
1457,24.283333,0,696.23,656.85,651.98,490.16,740.48,656.85,0.821
1458,24.300000,0,695.33,654.37,650.66,489.84,740.01,654.37,0.779
1459,24.316667,0,690.01,656.19,642.21,490.47,737.81,656.19,0.777
1460,24.333333,0,691.38,654.66,647.55,489.39,735.22,654.66,0.819
1461,24.350000,0,688.72,655.09,647.36,489.37,730.07,655.09,0.817
1462,24.366667,0,687.22,655.04,646.12,488.60,728.32,655.04,0.837
1463,24.383333,0,685.25,655.38,641.46,486.58,729.03,655.38,0.820
1464,24.400000,0,687.53,654.08,645.70,484.74,729.35,654.08,0.826
1465,24.416667,0,685.31,657.04,641.62,482.08,729.00,657.04,0.813
1466,24.433333,0,684.05,656.81,642.30,481.12,725.80,656.81,0.814
1467,24.450000,0,684.45,656.39,642.64,479.70,726.27,656.39,0.818
1468,24.466667,0,683.63,655.25,641.65,480.92,725.62,655.25,0.811
1469,24.483333,0,681.82,655.28,641.45,479.92,722.19,655.28,0.823
1470,24.500000,0,679.00,650.65,641.17,479.55,716.84,650.65,0.809
1471,24.516667,0,677.19,651.25,638.87,480.67,715.51,651.25,0.824
1472,24.533333,0,674.11,653.71,634.20,479.90,714.02,653.71,0.795
1473,24.550000,0,673.95,653.22,634.78,481.46,713.12,653.22,0.795
1474,24.566667,0,672.84,653.62,633.45,478.92,712.23,653.62,0.779
1475,24.583333,0,672.34,653.87,634.26,479.17,710.42,653.87,0.788
1476,24.600000,0,671.58,653.06,634.16,479.99,709.00,653.06,0.776
1477,24.616667,0,670.72,652.22,634.35,481.05,707.10,652.22,0.754
1478,24.633333,0,668.89,651.62,635.81,483.16,701.97,651.62,0.755
1479,24.650000,0,666.10,653.35,635.67,481.74,696.53,653.35,0.774
1480,24.666667,0,664.45,653.59,635.04,481.73,693.86,653.59,0.777
1481,24.683333,0,662.49,651.98,633.86,479.92,691.13,651.98,0.782
1482,24.700000,0,660.95,652.20,634.02,481.34,687.88,652.20,0.781
1483,24.716667,0,660.59,652.25,633.18,481.67,688.00,652.25,0.781
1484,24.733333,0,660.39,650.25,632.76,481.68,688.03,650.25,0.777
1485,24.750000,0,661.27,650.08,633.16,482.29,689.38,650.08,0.790
1486,24.766667,0,660.17,650.32,632.92,481.68,687.42,650.32,0.794
1487,24.783333,0,658.75,650.03,631.85,481.80,685.65,650.03,0.790
1488,24.800000,0,658.27,652.17,632.28,481.65,684.26,652.17,0.795
1489,24.816667,0,657.20,650.81,631.44,481.53,682.97,650.81,0.790
1490,24.833333,0,655.92,648.38,629.22,480.89,682.63,648.38,0.787
1491,24.850000,0,655.67,648.83,628.24,481.64,683.09,648.83,0.788
1492,24.866667,0,655.27,649.47,627.90,481.57,682.63,649.47,0.785
1493,24.883333,0,654.65,648.94,627.01,481.92,682.30,648.94,0.786
1494,24.900000,0,652.25,650.97,622.22,481.02,682.29,650.97,0.796
1495,24.916667,0,650.46,650.84,619.09,481.65,681.83,650.84,0.819
1496,24.933333,0,647.70,651.30,614.94,480.34,680.45,651.30,0.831
1497,24.950000,0,644.38,650.96,608.96,478.68,679.79,650.96,0.829
1498,24.966667,0,644.51,651.54,609.16,479.08,679.85,651.54,0.829
1499,24.983333,0,644.65,650.54,608.93,478.68,680.37,650.54,0.826
1500,25.000000,0,641.63,650.38,602.52,478.34,680.73,650.38,0.825
1501,25.016667,0,640.45,649.76,602.00,479.07,678.90,649.76,0.824
1502,25.033333,0,637.18,650.69,597.91,479.10,676.45,650.69,0.840
1503,25.050000,0,635.13,648.76,594.37,478.32,675.88,648.76,0.854
1504,25.066667,0,633.82,648.79,591.94,478.79,675.69,648.79,0.851
1505,25.083333,0,633.15,647.12,590.71,479.07,675.59,647.12,0.856
1506,25.100000,0,632.34,646.86,590.07,478.58,674.61,646.86,0.842
1507,25.116667,0,632.63,648.49,590.44,479.26,674.82,648.49,0.839
1508,25.133333,0,629.77,648.03,586.11,479.47,673.44,648.03,0.845
1509,25.150000,0,628.01,648.63,583.38,477.62,672.63,648.63,0.838
1510,25.166667,0,627.50,648.49,583.69,477.78,671.32,648.49,0.828
1511,25.183333,0,627.98,649.83,583.14,478.29,672.82,649.83,0.831
1512,25.200000,0,626.40,648.98,581.72,478.62,671.07,648.98,0.828
1513,25.216667,0,625.68,648.69,582.17,478.11,669.19,648.69,0.831
1514,25.233333,0,625.14,648.14,582.42,478.19,667.85,648.14,0.821
1515,25.250000,0,627.79,647.50,586.85,478.53,668.73,647.50,0.819
1516,25.266667,0,628.14,647.40,587.25,476.29,669.03,647.40,0.824
1517,25.283333,0,626.55,646.39,585.10,477.76,667.99,646.39,0.824
1518,25.300000,0,625.62,645.79,584.38,477.32,666.85,645.79,0.832
1519,25.316667,0,625.13,644.68,583.04,478.98,667.22,644.68,0.849
1520,25.333333,0,625.03,644.22,583.06,475.86,667.00,644.22,0.826
1521,25.350000,0,625.92,642.99,583.40,471.99,668.45,642.99,0.811
1522,25.366667,0,626.18,643.95,583.43,469.69,668.92,643.95,0.809
1523,25.383333,0,626.78,644.04,584.62,470.34,668.94,644.04,0.807
1524,25.400000,0,627.68,643.70,586.69,467.84,668.67,643.70,0.798
1525,25.416667,0,625.38,643.19,586.10,466.57,664.65,643.19,0.795
1526,25.433333,0,624.93,643.07,586.06,466.62,663.81,643.07,0.799
1527,25.450000,0,622.49,642.97,585.10,466.59,659.88,642.97,0.809
1528,25.466667,0,620.61,642.97,584.66,466.98,656.56,642.97,0.812
1529,25.483333,0,620.52,643.09,584.27,466.85,656.78,643.09,0.802
1530,25.500000,0,620.19,642.36,583.95,466.03,656.43,642.36,0.806
1531,25.516667,0,619.37,643.12,584.42,467.67,654.31,643.12,0.816
1532,25.533333,0,619.57,644.37,584.16,467.46,654.97,644.37,0.812
1533,25.550000,0,619.43,643.83,583.99,467.71,654.87,643.83,0.804
1534,25.566667,0,617.97,643.20,583.21,466.88,652.74,643.20,0.799
1535,25.583333,0,617.45,642.67,582.91,467.72,651.98,642.67,0.789
1536,25.600000,0,612.41,642.22,581.93,468.93,642.88,642.22,0.786
1537,25.616667,0,609.39,641.55,578.48,469.20,640.31,641.55,0.797
1538,25.633333,0,608.74,643.82,577.07,470.62,640.40,643.82,0.800
1539,25.650000,0,608.47,646.08,577.65,467.81,639.29,646.08,0.815
1540,25.666667,0,607.09,644.30,577.25,469.38,636.93,644.30,0.798
1541,25.683333,0,604.88,644.01,576.71,468.87,633.04,644.01,0.812
1542,25.700000,0,602.31,643.18,576.00,469.40,628.63,643.18,0.797
1543,25.716667,0,599.54,643.67,574.63,469.40,624.45,643.67,0.777
1544,25.733333,0,598.61,645.20,573.24,469.04,623.97,645.20,0.792
1545,25.750000,0,597.52,646.72,572.74,468.83,622.29,646.72,0.797
1546,25.766667,0,597.48,646.91,572.66,468.69,622.30,646.91,0.799
1547,25.783333,0,596.39,645.93,571.59,468.46,621.19,645.93,0.807
1548,25.800000,0,596.54,647.64,571.54,469.78,621.54,647.64,0.804
1549,25.816667,0,595.83,647.46,569.96,469.42,621.69,647.46,0.817
1550,25.833333,0,595.42,645.80,569.00,470.16,621.85,645.80,0.801
1551,25.850000,0,592.55,647.14,565.31,472.16,619.79,647.14,0.787
1552,25.866667,0,590.53,647.05,561.67,472.42,619.39,647.05,0.802
1553,25.883333,0,588.53,645.78,557.55,472.58,619.51,645.78,0.807
1554,25.900000,0,587.30,645.72,556.01,473.25,618.60,645.72,0.808
1555,25.916667,0,586.20,645.72,555.23,474.33,617.18,645.72,0.804
1556,25.933333,0,578.54,645.97,541.33,470.68,615.76,645.97,0.818
1557,25.950000,0,577.89,646.31,540.06,470.98,615.72,646.31,0.819
1558,25.966667,0,575.79,645.36,535.19,471.36,616.38,645.36,0.838
1559,25.983333,0,576.71,645.09,537.15,472.89,616.27,645.09,0.829
1560,26.000000,0,574.69,645.52,532.55,472.90,616.82,645.52,0.837
1561,26.016667,0,573.91,646.17,530.39,472.06,617.43,646.17,0.831
1562,26.033333,0,573.34,646.24,529.30,473.02,617.39,646.24,0.843
1563,26.050000,0,573.84,646.18,529.97,473.80,617.70,646.18,0.848
1564,26.066667,0,573.70,646.16,530.04,475.31,617.37,646.16,0.848
1565,26.083333,0,574.04,646.36,530.39,476.91,617.69,646.36,0.850
1566,26.100000,0,574.62,646.74,531.35,475.54,617.90,646.74,0.834
1567,26.116667,0,575.03,646.26,532.10,474.53,617.97,646.26,0.832
1568,26.133333,0,573.26,645.95,529.90,474.02,616.62,645.95,0.837
1569,26.150000,0,573.51,646.20,529.65,475.02,617.37,646.20,0.831
1570,26.166667,0,573.55,646.51,530.12,475.07,616.98,646.51,0.827
1571,26.183333,0,574.15,646.45,531.57,475.00,616.72,646.45,0.837
1572,26.200000,0,573.16,645.73,528.48,476.11,617.84,645.73,0.831
1573,26.216667,0,575.28,645.26,531.99,475.09,618.58,645.26,0.820
1574,26.233333,0,573.69,644.63,529.36,474.92,618.02,644.63,0.819
1575,26.250000,0,573.42,644.42,528.93,474.48,617.92,644.42,0.825
1576,26.266667,0,572.06,644.08,526.82,472.71,617.31,644.08,0.823
1577,26.283333,0,571.05,643.70,526.62,475.07,615.48,643.70,0.829
1578,26.300000,0,570.95,643.81,525.73,473.64,616.18,643.81,0.828
1579,26.316667,0,572.15,643.76,528.61,475.37,615.69,643.76,0.829
1580,26.333333,0,571.58,643.82,527.91,474.61,615.24,643.82,0.829
1581,26.350000,0,569.87,642.18,529.69,473.71,610.04,642.18,0.825
1582,26.366667,0,569.08,642.77,528.92,473.91,609.24,642.77,0.830
1583,26.383333,0,568.52,644.07,528.26,473.30,608.77,644.07,0.827
1584,26.400000,0,567.76,643.08,528.72,472.07,606.79,643.08,0.833
1585,26.416667,0,569.31,640.75,530.29,472.91,608.34,640.75,0.838
1586,26.433333,0,570.42,639.82,530.48,471.73,610.36,639.82,0.839
1587,26.450000,0,570.49,639.44,530.54,470.22,610.44,639.44,0.848
1588,26.466667,0,570.74,637.87,531.67,467.70,609.81,637.87,0.860
1589,26.483333,0,571.26,637.35,531.19,466.58,611.33,637.35,0.831
1590,26.500000,0,569.94,637.38,530.54,466.42,609.34,637.38,0.846
1591,26.516667,0,568.92,636.49,530.06,465.52,607.79,636.49,0.855
1592,26.533333,0,566.71,635.52,528.55,464.15,604.87,635.52,0.855
1593,26.550000,0,564.49,634.26,525.13,464.08,603.85,634.26,0.851
1594,26.566667,0,561.65,633.65,524.81,462.33,598.50,633.65,0.863
1595,26.583333,0,560.30,634.39,524.06,462.67,596.54,634.39,0.858
1596,26.600000,0,560.62,635.60,524.16,462.14,597.09,635.60,0.866
1597,26.616667,0,560.64,633.72,525.27,461.72,596.01,633.72,0.863
1598,26.633333,0,560.58,634.47,526.46,460.78,594.70,634.47,0.854
1599,26.650000,0,560.58,634.84,527.17,460.91,593.99,634.84,0.836
1600,26.666667,0,558.28,633.37,525.83,460.79,590.74,633.37,0.816
1601,26.683333,0,557.54,634.02,525.55,460.95,589.54,634.02,0.815
1602,26.700000,0,557.06,635.15,524.73,462.98,589.38,635.15,0.814
1603,26.716667,0,551.66,636.75,523.05,463.32,580.28,636.75,0.821
1604,26.733333,0,551.36,637.15,521.69,462.88,581.03,637.15,0.808
1605,26.750000,0,549.60,637.55,520.87,462.62,578.33,637.55,0.806
1606,26.766667,0,547.53,636.83,518.75,462.92,576.31,636.83,0.800
1607,26.783333,0,548.03,636.34,520.07,462.37,575.99,636.34,0.800
1608,26.800000,0,546.27,635.68,521.24,462.70,571.30,635.68,0.803
1609,26.816667,0,545.95,635.73,521.08,463.24,570.83,635.73,0.806
1610,26.833333,0,544.80,634.66,519.49,462.01,570.10,634.66,0.807
1611,26.850000,0,544.25,634.84,518.88,460.44,569.62,634.84,0.805
1612,26.866667,0,542.81,633.10,516.84,457.46,568.78,633.10,0.796
1613,26.883333,0,542.67,628.47,517.47,454.72,567.87,628.47,0.790
1614,26.900000,0,543.80,628.19,518.59,453.83,569.01,628.19,0.784
1615,26.916667,0,544.12,624.16,517.54,452.92,570.69,624.16,0.779
1616,26.933333,0,542.39,622.60,514.93,451.60,569.84,622.60,0.781
1617,26.950000,0,541.80,621.44,514.09,451.62,569.51,621.44,0.784
1618,26.966667,0,540.91,621.78,512.52,450.04,569.30,621.78,0.788
1619,26.983333,0,539.04,621.76,509.58,449.10,568.49,621.76,0.787
1620,27.000000,0,537.70,622.04,508.18,449.27,567.23,622.04,0.786
1621,27.016667,0,537.26,622.20,508.06,450.07,566.46,622.20,0.789
1622,27.033333,0,535.87,621.55,506.21,449.07,565.53,621.55,0.779
1623,27.050000,0,535.74,619.79,503.93,446.44,567.55,619.79,0.783
1624,27.066667,0,537.65,617.23,506.43,445.07,568.87,617.23,0.789
1625,27.083333,0,536.58,615.78,505.24,442.95,567.93,615.78,0.797
1626,27.100000,0,536.78,615.54,502.93,441.09,570.64,615.54,0.812
1627,27.116667,0,538.47,615.43,504.25,440.45,572.70,615.43,0.814
1628,27.133333,0,540.05,614.88,506.18,439.58,573.92,614.88,0.819
1629,27.150000,0,541.18,612.70,509.44,438.43,572.93,612.70,0.821
1630,27.166667,0,540.46,612.35,509.17,439.01,571.75,612.35,0.824
1631,27.183333,0,538.75,612.33,507.17,438.53,570.34,612.33,0.818
1632,27.200000,0,538.72,612.31,507.93,439.43,569.51,612.31,0.829
1633,27.216667,0,538.17,612.73,507.79,438.75,568.55,612.73,0.833
1634,27.233333,0,538.19,613.08,508.15,438.48,568.24,613.08,0.843
1635,27.250000,0,538.19,612.84,507.51,438.24,568.86,612.84,0.839
1636,27.266667,0,538.37,612.65,507.48,438.44,569.27,612.65,0.828
1637,27.283333,0,538.60,612.50,507.55,437.48,569.66,612.50,0.821
1638,27.300000,0,537.17,612.53,505.46,437.74,568.89,612.53,0.830
1639,27.316667,0,537.62,612.03,505.58,436.91,569.66,612.03,0.832
1640,27.333333,0,537.78,612.12,505.85,437.54,569.71,612.12,0.838
1641,27.350000,0,537.64,611.89,505.67,437.90,569.62,611.89,0.825
1642,27.366667,0,537.56,611.95,505.64,438.03,569.49,611.95,0.820
1643,27.383333,0,537.09,612.77,505.42,438.66,568.77,612.77,0.819
1644,27.400000,0,536.14,612.20,504.28,438.14,568.00,612.20,0.807
1645,27.416667,0,534.50,612.80,501.34,436.65,567.66,612.80,0.813
1646,27.433333,0,533.52,613.02,500.52,437.28,566.53,613.02,0.819
1647,27.450000,0,533.14,613.39,499.93,437.78,566.35,613.39,0.829
1648,27.466667,0,533.70,613.15,500.67,437.74,566.72,613.15,0.830
1649,27.483333,0,534.06,612.48,500.80,436.64,567.31,612.48,0.829
1650,27.500000,0,534.82,613.25,502.06,438.21,567.58,613.25,0.838
1651,27.516667,0,535.41,613.58,502.68,438.13,568.13,613.58,0.831
1652,27.533333,0,536.92,613.33,503.98,438.07,569.87,613.33,0.839
1653,27.550000,0,537.33,614.04,504.25,437.32,570.42,614.04,0.842
1654,27.566667,0,536.95,613.75,503.75,435.66,570.14,613.75,0.839
1655,27.583333,0,536.73,613.56,503.51,435.19,569.95,613.56,0.835
1656,27.600000,0,536.53,614.29,502.88,435.69,570.19,614.29,0.832
1657,27.616667,0,535.23,614.26,500.94,435.83,569.53,614.26,0.838
1658,27.633333,0,533.89,614.37,499.52,435.75,568.25,614.37,0.819
1659,27.650000,0,532.13,613.69,498.19,435.09,566.08,613.69,0.822
1660,27.666667,0,531.37,613.34,498.04,435.37,564.70,613.34,0.817
1661,27.683333,0,530.45,612.82,497.56,435.24,563.33,612.82,0.818
1662,27.700000,0,528.14,613.00,497.69,435.79,558.60,613.00,0.829
1663,27.716667,0,526.51,614.60,496.22,437.80,556.81,614.60,0.841
1664,27.733333,0,526.93,614.96,496.06,438.16,557.80,614.96,0.829
1665,27.750000,0,527.41,614.65,496.61,438.42,558.20,614.65,0.832
1666,27.766667,0,526.57,614.48,496.19,438.11,556.94,614.48,0.838
1667,27.783333,0,525.98,614.50,494.88,437.83,557.08,614.50,0.844
1668,27.800000,0,524.77,615.83,493.72,438.47,555.83,615.83,0.854
1669,27.816667,0,523.47,615.08,492.34,438.17,554.60,615.08,0.858
1670,27.833333,0,523.26,614.47,493.32,437.77,553.19,614.47,0.853
1671,27.850000,0,521.64,614.72,491.55,438.23,551.72,614.72,0.848
1672,27.866667,0,519.77,615.47,488.88,438.84,550.66,615.47,0.832
1673,27.883333,0,519.05,616.76,487.28,440.10,550.81,616.76,0.831
1674,27.900000,0,518.21,615.58,486.21,439.09,550.20,615.58,0.837
1675,27.916667,0,517.39,613.67,484.72,437.76,550.07,613.67,0.830
1676,27.933333,0,514.69,613.95,480.21,439.12,549.17,613.95,0.808
1677,27.950000,0,513.42,614.74,476.66,438.25,550.18,614.74,0.801
1678,27.966667,0,513.05,616.05,474.81,437.92,551.30,616.05,0.803
1679,27.983333,0,512.06,615.18,472.91,437.68,551.21,615.18,0.813
1680,28.000000,0,510.93,616.92,469.31,439.41,552.54,616.92,0.808
1681,28.016667,0,508.80,619.07,465.62,439.89,551.97,619.07,0.804
1682,28.033333,0,508.92,620.27,465.61,439.87,552.23,620.27,0.813
1683,28.050000,0,508.53,619.36,465.40,440.01,551.67,619.36,0.821
1684,28.066667,0,507.82,619.93,465.99,440.32,549.65,619.93,0.818
1685,28.083333,0,507.13,619.00,464.16,439.93,550.10,619.00,0.832
1686,28.100000,0,506.21,619.38,463.49,440.61,548.94,619.38,0.833
1687,28.116667,0,506.55,619.04,462.95,440.12,550.15,619.04,0.836
1688,28.133333,0,506.77,618.29,463.49,439.98,550.06,618.29,0.832
1689,28.150000,0,506.60,618.56,464.35,439.24,548.85,618.56,0.823
1690,28.166667,0,504.57,618.24,462.67,438.69,546.47,618.24,0.846
1691,28.183333,0,504.30,617.01,462.16,438.04,546.44,617.01,0.848
1692,28.200000,0,502.36,615.61,462.06,435.41,542.66,615.61,0.841
1693,28.216667,0,499.77,614.85,459.98,433.94,539.55,614.85,0.843
1694,28.233333,0,497.08,615.37,457.72,433.40,536.43,615.37,0.857
1695,28.250000,0,496.26,614.82,457.04,433.40,535.48,614.82,0.842
1696,28.266667,0,495.26,612.07,456.05,432.68,534.47,612.07,0.836
1697,28.283333,0,494.63,611.84,454.90,432.41,534.35,611.84,0.840
1698,28.300000,0,494.26,611.31,455.83,431.99,532.68,611.31,0.835
1699,28.316667,0,493.58,611.84,455.23,431.14,531.92,611.84,0.832
1700,28.333333,0,494.53,610.58,457.44,432.16,531.62,610.58,0.834
1701,28.350000,0,495.35,612.72,458.84,434.21,531.85,612.72,0.849
1702,28.366667,0,496.31,615.09,459.27,435.90,533.35,615.09,0.868
1703,28.383333,0,494.97,613.85,459.89,436.29,530.05,613.85,0.849
1704,28.400000,0,495.46,615.06,461.25,436.35,529.67,615.06,0.867
1705,28.416667,0,494.46,615.72,460.96,436.30,527.96,615.72,0.874
1706,28.433333,0,493.23,616.95,458.60,436.20,527.86,616.95,0.832
1707,28.450000,0,491.20,614.95,455.86,435.00,526.54,614.95,0.833
1708,28.466667,0,490.85,615.26,455.11,434.40,526.59,615.26,0.834
1709,28.483333,0,491.19,615.56,455.55,434.79,526.83,615.56,0.833
1710,28.500000,0,492.46,615.95,457.93,436.06,526.99,615.95,0.846
1711,28.516667,0,494.36,617.29,460.39,436.30,528.33,617.29,0.849
1712,28.533333,0,496.60,617.97,461.98,437.62,531.22,617.97,0.857
1713,28.550000,0,498.61,617.31,463.47,439.82,533.76,617.31,0.821
1714,28.566667,0,497.67,622.84,463.40,440.12,531.95,622.84,0.839
1715,28.583333,0,498.74,622.46,464.04,442.10,533.43,622.46,0.829
1716,28.600000,0,499.02,624.01,464.08,440.19,533.96,624.01,0.845
1717,28.616667,0,499.92,624.58,465.49,441.11,534.34,624.58,0.869
1718,28.633333,0,501.05,624.90,463.80,442.43,538.30,624.90,0.860
1719,28.650000,0,502.88,627.33,464.10,446.30,541.66,627.33,0.845
1720,28.666667,0,505.97,632.01,467.41,450.90,544.53,632.01,0.840
1721,28.683333,0,507.48,631.94,469.18,452.13,545.78,631.94,0.842
1722,28.700000,0,509.75,634.66,471.47,453.45,548.03,634.66,0.826
1723,28.716667,0,511.20,637.57,473.93,457.61,548.47,637.57,0.841
1724,28.733333,0,511.84,636.62,473.18,456.83,550.50,636.62,0.819
1725,28.750000,0,513.96,637.26,476.47,458.49,551.44,637.26,0.824
1726,28.766667,0,513.52,637.67,476.67,460.65,550.37,637.67,0.839
1727,28.783333,0,514.24,641.60,477.26,461.64,551.22,641.60,0.844
1728,28.800000,0,514.45,642.81,476.92,462.43,551.97,642.81,0.831
1729,28.816667,0,514.02,646.20,477.04,464.87,550.99,646.20,0.830
1730,28.833333,0,512.39,647.10,477.46,466.40,547.32,647.10,0.817
1731,28.850000,0,511.58,649.71,475.66,467.40,547.51,649.71,0.828
1732,28.866667,0,510.98,650.97,475.24,469.56,546.71,650.97,0.827
1733,28.883333,0,510.90,650.41,476.27,470.42,545.52,650.41,0.825
1734,28.900000,0,510.74,651.27,476.45,470.57,545.02,651.27,0.823
1735,28.916667,0,509.58,651.90,476.39,469.83,542.76,651.90,0.835
1736,28.933333,0,509.99,651.66,476.82,469.95,543.16,651.66,0.849
1737,28.950000,0,508.52,651.68,475.19,469.37,541.85,651.68,0.845
1738,28.966667,0,507.87,651.69,474.16,469.55,541.57,651.69,0.851
1739,28.983333,0,508.44,651.95,475.40,470.30,541.49,651.95,0.842
1740,29.000000,0,508.66,654.37,473.93,472.20,543.40,654.37,0.820
1741,29.016667,0,509.89,657.62,476.38,473.04,543.41,657.62,0.812
1742,29.033333,0,507.03,659.18,471.93,477.51,542.13,659.18,0.799
1743,29.050000,0,505.81,661.22,472.23,478.06,539.40,661.22,0.799
1744,29.066667,0,504.75,661.60,470.39,477.99,539.11,661.60,0.811
1745,29.083333,0,504.44,661.45,470.15,477.67,538.72,661.45,0.852
1746,29.100000,0,504.17,660.87,470.45,476.34,537.88,660.87,0.842
1747,29.116667,0,504.18,661.28,470.12,476.01,538.24,661.28,0.852
1748,29.133333,0,504.19,659.42,470.57,475.42,537.82,659.42,0.856
1749,29.150000,0,504.00,656.95,470.97,473.78,537.04,656.95,0.838
1750,29.166667,0,504.44,655.67,471.52,471.27,537.36,655.67,0.840
1751,29.183333,0,504.11,655.54,470.79,472.61,537.44,655.54,0.836
1752,29.200000,0,503.36,654.77,468.96,472.12,537.76,654.77,0.843
1753,29.216667,0,503.84,655.04,468.98,471.28,538.70,655.04,0.845
1754,29.233333,0,503.11,656.80,469.57,472.54,536.66,656.80,0.834
1755,29.250000,0,501.24,656.73,467.94,471.53,534.55,656.73,0.821
1756,29.266667,0,498.23,656.88,463.44,471.57,533.01,656.88,0.835
1757,29.283333,0,494.83,657.90,459.03,471.48,530.64,657.90,0.843
1758,29.300000,0,493.21,657.48,457.32,471.30,529.10,657.48,0.852
1759,29.316667,0,491.27,657.73,455.70,469.91,526.84,657.73,0.847
1760,29.333333,0,489.71,655.33,452.93,468.39,526.48,655.33,0.854
1761,29.350000,0,484.93,653.80,448.28,467.40,521.57,653.80,0.859
1762,29.366667,0,481.12,655.17,443.22,465.57,519.02,655.17,0.850
1763,29.383333,0,478.41,655.72,440.93,465.79,515.89,655.72,0.843
1764,29.400000,0,474.48,655.49,434.95,465.31,514.01,655.49,0.834
1765,29.416667,0,474.48,653.10,435.26,464.79,513.71,653.10,0.831
1766,29.433333,0,475.42,651.10,437.03,464.10,513.80,651.10,0.828
1767,29.450000,0,475.50,651.69,437.59,464.04,513.40,651.69,0.826
1768,29.466667,0,474.73,650.09,436.83,463.45,512.62,650.09,0.838
1769,29.483333,0,475.65,650.90,437.44,463.26,513.86,650.90,0.851
1770,29.500000,0,476.88,649.98,437.06,463.55,516.69,649.98,0.861
1771,29.516667,0,475.97,650.12,435.67,463.49,516.26,650.12,0.863
1772,29.533333,0,474.46,651.00,433.67,463.37,515.25,651.00,0.865
1773,29.550000,0,472.44,653.64,432.84,464.13,512.04,653.64,0.841
1774,29.566667,0,471.42,654.91,433.41,466.23,509.44,654.91,0.842
1775,29.583333,0,469.91,657.82,431.18,466.86,508.63,657.82,0.846
1776,29.600000,0,469.21,661.40,430.05,467.74,508.36,661.40,0.846
1777,29.616667,0,467.99,660.97,427.56,468.32,508.41,660.97,0.840
1778,29.633333,0,467.77,659.56,428.64,468.13,506.90,659.56,0.838
1779,29.650000,0,466.92,660.35,426.43,469.87,507.41,660.35,0.832
1780,29.666667,0,464.96,658.96,424.12,469.99,505.80,658.96,0.840
1781,29.683333,0,464.08,659.91,423.12,470.02,505.04,659.91,0.843
1782,29.700000,0,464.27,660.95,423.07,467.18,505.47,660.95,0.839
1783,29.716667,0,462.89,656.19,422.51,465.86,503.26,656.19,0.837
1784,29.733333,0,463.51,655.37,423.64,464.15,503.37,655.37,0.839
1785,29.750000,0,461.68,653.10,422.32,462.34,501.05,653.10,0.846
1786,29.766667,0,460.62,655.06,421.26,462.02,499.98,655.06,0.850
1787,29.783333,0,460.40,652.70,421.20,461.95,499.59,652.70,0.842
1788,29.800000,0,460.53,653.92,421.40,460.50,499.66,653.92,0.836
1789,29.816667,0,459.72,654.62,420.86,460.47,498.58,654.62,0.841
1790,29.833333,0,459.76,654.78,420.14,459.90,499.39,654.78,0.849
1791,29.850000,0,459.38,651.00,419.97,460.14,498.78,651.00,0.855
1792,29.866667,0,459.28,652.11,419.86,459.94,498.69,652.11,0.860
1793,29.883333,0,457.69,652.32,418.06,459.25,497.32,652.32,0.859
1794,29.900000,0,456.43,652.28,416.68,458.48,496.19,652.28,0.863
1795,29.916667,0,455.38,651.54,415.85,457.68,494.92,651.54,0.853
1796,29.933333,0,455.60,649.10,416.11,458.56,495.10,649.10,0.856
1797,29.950000,0,455.69,649.26,417.17,459.33,494.20,649.26,0.857
1798,29.966667,0,455.98,649.01,417.61,458.93,494.35,649.01,0.861
1799,29.983333,0,455.59,649.29,417.13,457.70,494.05,649.29,0.857
1800,30.000000,0,454.71,648.52,415.61,457.31,493.80,648.52,0.859
1801,30.016667,0,452.52,648.85,414.06,456.07,490.98,648.85,0.853
1802,30.033333,0,449.56,649.72,411.11,455.00,488.01,649.72,0.855
1803,30.050000,0,449.36,647.68,411.20,454.43,487.51,647.68,0.850
1804,30.066667,0,449.43,647.24,411.00,452.27,487.85,647.24,0.850
1805,30.083333,0,449.05,647.35,410.35,451.17,487.74,647.35,0.850
1806,30.100000,0,446.34,647.61,408.23,451.48,484.45,647.61,0.852
1807,30.116667,0,445.36,648.03,406.62,449.75,484.10,648.03,0.852
1808,30.133333,0,443.82,647.88,404.17,447.76,483.47,647.88,0.856
1809,30.150000,0,441.89,645.05,401.80,447.46,481.99,645.05,0.862
1810,30.166667,0,439.66,644.31,399.90,447.46,479.42,644.31,0.860
1811,30.183333,0,438.46,642.61,398.07,447.42,478.84,642.61,0.859
1812,30.200000,0,436.99,641.85,396.12,446.35,477.85,641.85,0.861
1813,30.216667,0,436.45,641.83,395.50,445.65,477.40,641.83,0.861
1814,30.233333,0,436.19,642.98,394.84,447.12,477.54,642.98,0.857
1815,30.250000,0,436.15,643.64,394.11,447.51,478.20,643.64,0.849
1816,30.266667,0,436.62,647.01,394.79,446.60,478.45,647.01,0.847
1817,30.283333,0,437.01,648.32,395.09,447.18,478.93,648.32,0.850
1818,30.300000,0,434.76,649.53,394.09,448.50,475.44,649.53,0.854
1819,30.316667,0,434.29,650.52,393.86,448.42,474.72,650.52,0.853
1820,30.333333,0,434.32,649.49,394.26,448.88,474.39,649.49,0.851
1821,30.350000,0,435.05,650.33,394.47,449.51,475.64,650.33,0.854
1822,30.366667,0,436.18,650.97,395.61,448.63,476.76,650.97,0.846
1823,30.383333,0,438.48,652.33,398.46,449.66,478.50,652.33,0.855
1824,30.400000,0,438.54,652.31,397.71,451.95,479.38,652.31,0.857
1825,30.416667,0,440.05,651.09,400.58,451.37,479.51,651.09,0.861
1826,30.433333,0,439.95,651.90,400.73,449.87,479.17,651.90,0.864
1827,30.450000,0,438.59,652.44,400.29,450.30,476.90,652.44,0.858
1828,30.466667,0,437.82,651.89,400.43,451.24,475.21,651.89,0.859
1829,30.483333,0,438.52,652.52,401.96,452.00,475.09,652.52,0.856
1830,30.500000,0,439.26,653.50,403.27,452.59,475.25,653.50,0.853
1831,30.516667,0,439.66,653.91,404.09,452.94,475.24,653.91,0.852
1832,30.533333,0,441.57,654.41,407.41,452.35,475.72,654.41,0.847
1833,30.550000,0,442.10,654.91,408.30,451.87,475.91,654.91,0.848
1834,30.566667,0,442.35,655.61,408.97,452.03,475.73,655.61,0.844
1835,30.583333,0,442.02,654.53,408.28,451.35,475.76,654.53,0.830
1836,30.600000,0,441.07,655.05,407.70,451.34,474.45,655.05,0.826
1837,30.616667,0,438.37,656.22,403.48,451.05,473.26,656.22,0.830
1838,30.633333,0,437.20,655.56,402.28,450.81,472.13,655.56,0.839
1839,30.650000,0,436.15,655.39,400.64,450.89,471.67,655.39,0.840
1840,30.666667,0,435.12,655.30,398.94,451.05,471.29,655.30,0.841
1841,30.683333,0,434.73,655.53,398.42,451.34,471.05,655.53,0.835
1842,30.700000,0,434.30,655.32,398.07,452.27,470.53,655.32,0.828
1843,30.716667,0,433.16,655.67,397.49,453.36,468.82,655.67,0.824
1844,30.733333,0,432.55,655.15,397.77,453.73,467.33,655.15,0.823
1845,30.750000,0,432.91,654.48,399.35,453.65,466.46,654.48,0.817
1846,30.766667,0,432.80,654.67,399.15,453.93,466.45,654.67,0.815
1847,30.783333,0,431.29,654.90,397.57,452.60,465.00,654.90,0.820
1848,30.800000,0,430.06,655.87,396.44,453.50,463.68,655.87,0.831
1849,30.816667,0,430.32,657.37,397.42,453.72,463.21,657.37,0.826
1850,30.833333,0,428.88,657.03,394.64,453.50,463.13,657.03,0.824
1851,30.850000,0,429.37,657.30,392.99,452.57,465.76,657.30,0.830
1852,30.866667,0,427.50,656.75,391.70,452.07,463.29,656.75,0.828
1853,30.883333,0,425.44,656.61,388.92,451.08,461.97,656.61,0.833
1854,30.900000,0,423.91,657.78,385.38,450.46,462.44,657.78,0.831
1855,30.916667,0,422.63,657.64,383.66,450.82,461.61,657.64,0.841
1856,30.933333,0,421.26,657.88,381.57,450.47,460.94,657.88,0.842
1857,30.950000,0,420.12,657.49,380.14,450.27,460.09,657.49,0.846
1858,30.966667,0,418.66,657.34,378.08,450.21,459.24,657.34,0.842
1859,30.983333,0,417.65,657.76,376.11,451.33,459.18,657.76,0.842
1860,31.000000,0,413.79,658.86,372.91,451.76,454.67,658.86,0.848
1861,31.016667,0,411.71,660.01,370.19,452.13,453.24,660.01,0.849
1862,31.033333,0,407.54,660.17,365.91,453.15,449.17,660.17,0.855
1863,31.050000,0,403.72,660.15,360.65,452.06,446.79,660.15,0.861
1864,31.066667,0,400.45,661.16,356.09,451.71,444.81,661.16,0.873
1865,31.083333,0,397.51,662.26,352.45,452.28,442.58,662.26,0.869
1866,31.100000,0,396.95,663.91,350.95,452.50,442.95,663.91,0.866
1867,31.116667,0,397.90,665.30,350.68,454.18,445.12,665.30,0.863
1868,31.133333,0,397.90,668.00,350.56,457.75,445.25,668.00,0.855
1869,31.150000,0,399.68,670.14,351.14,460.25,448.22,670.14,0.853
1870,31.166667,0,400.63,671.54,351.06,461.28,450.19,671.54,0.855
1871,31.183333,0,400.58,674.05,350.02,464.49,451.14,674.05,0.855
1872,31.200000,0,399.66,679.66,348.93,467.86,450.39,679.66,0.851
1873,31.216667,0,400.76,686.53,349.38,472.50,452.15,686.53,0.857
1874,31.233333,0,401.47,691.15,349.19,479.13,453.76,691.15,0.874
1875,31.250000,0,400.80,696.10,349.20,482.76,452.40,696.10,0.876
1876,31.266667,0,402.68,699.67,351.22,489.81,454.13,699.67,0.872
1877,31.283333,0,405.53,707.17,354.06,493.18,456.99,707.17,0.872
1878,31.300000,0,408.23,709.63,356.52,497.10,459.94,709.63,0.874
1879,31.316667,0,415.09,710.38,363.82,497.73,466.35,710.38,0.861
1880,31.333333,0,419.79,710.61,369.12,498.45,470.46,710.61,0.860
1881,31.350000,0,424.16,710.96,372.59,498.99,475.73,710.96,0.862
1882,31.366667,0,426.83,709.42,376.11,497.21,477.55,709.42,0.863
1883,31.383333,0,428.01,706.80,377.79,496.88,478.23,706.80,0.863
1884,31.400000,0,424.50,704.47,373.60,495.66,475.40,704.47,0.854
1885,31.416667,0,423.27,699.35,370.97,490.00,475.57,699.35,0.870
1886,31.433333,0,418.50,697.16,368.28,486.27,468.71,697.16,0.862
1887,31.450000,0,414.92,697.19,365.60,484.82,464.25,697.19,0.862
1888,31.466667,0,413.01,697.54,361.29,487.16,464.72,697.54,0.872
1889,31.483333,0,413.35,700.12,362.39,489.07,464.32,700.12,0.871
1890,31.500000,0,410.66,703.39,360.63,490.96,460.70,703.39,0.858
1891,31.516667,0,407.44,706.21,357.51,493.85,457.36,706.21,0.875
1892,31.533333,0,404.34,709.43,353.67,495.27,455.01,709.43,0.861
1893,31.550000,0,399.32,708.41,349.22,494.25,449.41,708.41,0.854
1894,31.566667,0,394.05,708.28,343.45,493.20,444.65,708.28,0.849
1895,31.583333,0,389.10,706.94,339.03,491.89,439.17,706.94,0.853
1896,31.600000,0,382.60,709.10,333.45,492.22,431.74,709.10,0.848
1897,31.616667,0,382.00,708.59,331.99,493.10,432.00,708.59,0.849
1898,31.633333,0,379.47,709.16,330.50,493.38,428.45,709.16,0.837
1899,31.650000,0,377.94,708.17,329.00,492.16,426.88,708.17,0.830
1900,31.666667,0,375.77,706.79,327.82,488.91,423.72,706.79,0.842
1901,31.683333,0,373.10,704.57,326.83,487.00,419.36,704.57,0.850
1902,31.700000,0,370.77,702.42,324.20,485.15,417.33,702.42,0.845
1903,31.716667,0,368.13,699.86,323.25,483.97,413.01,699.86,0.845
1904,31.733333,0,368.70,697.13,324.26,482.35,413.15,697.13,0.840
1905,31.750000,0,368.50,697.53,324.88,481.24,412.12,697.53,0.845
1906,31.766667,0,368.65,698.42,325.47,481.42,411.84,698.42,0.848
1907,31.783333,0,368.89,700.06,326.98,481.54,410.79,700.06,0.844
1908,31.800000,0,369.76,701.49,328.57,483.03,410.94,701.49,0.843
1909,31.816667,0,370.04,703.75,329.86,483.01,410.22,703.75,0.849
1910,31.833333,0,369.19,702.98,328.78,483.49,409.59,702.98,0.848
1911,31.850000,0,366.98,704.20,325.98,483.48,407.98,704.20,0.848
1912,31.866667,0,363.48,704.66,323.39,483.31,403.57,704.66,0.849
1913,31.883333,0,361.35,705.84,321.85,483.57,400.86,705.84,0.856
1914,31.900000,0,356.65,705.51,316.75,484.22,396.54,705.51,0.864
1915,31.916667,0,353.63,706.26,314.66,484.78,392.60,706.26,0.854
1916,31.933333,0,352.69,706.97,314.70,485.98,390.68,706.97,0.856
1917,31.950000,0,352.58,707.43,314.88,486.23,390.28,707.43,0.858
1918,31.966667,0,352.84,707.41,315.93,486.68,389.74,707.41,0.855
1919,31.983333,0,352.67,707.27,315.70,486.89,389.65,707.27,0.852
1920,32.000000,0,352.93,706.93,316.44,486.05,389.42,706.93,0.854
1921,32.016667,0,352.48,705.94,315.98,485.29,388.97,705.94,0.855
1922,32.033333,0,352.05,706.35,315.50,485.67,388.60,706.35,0.860
1923,32.050000,0,350.99,706.56,313.64,484.67,388.34,706.56,0.857
1924,32.066667,0,349.90,706.46,312.64,484.14,387.16,706.46,0.853
1925,32.083333,0,349.25,706.08,310.73,483.41,387.77,706.08,0.836
1926,32.100000,0,349.74,704.05,310.16,483.41,389.31,704.05,0.822
1927,32.116667,0,348.13,703.81,307.56,483.24,388.70,703.81,0.835
1928,32.133333,0,347.26,704.93,306.54,482.89,387.98,704.93,0.831
1929,32.150000,0,346.21,705.27,305.27,482.34,387.15,705.27,0.841
1930,32.166667,0,344.16,704.73,302.43,481.46,385.90,704.73,0.839
1931,32.183333,0,342.21,703.96,300.07,481.24,384.34,703.96,0.841
1932,32.200000,0,340.90,703.84,296.95,480.62,384.86,703.84,0.841
1933,32.216667,0,339.88,705.42,294.20,479.51,385.55,705.42,0.839
1934,32.233333,0,337.80,706.58,292.08,479.36,383.52,706.58,0.831
1935,32.250000,0,336.94,707.05,289.55,479.37,384.32,707.05,0.841
1936,32.266667,0,335.58,707.07,287.44,478.27,383.72,707.07,0.849
1937,32.283333,0,334.01,706.95,285.74,477.24,382.27,706.95,0.850
1938,32.300000,0,331.00,705.93,281.30,476.48,380.69,705.93,0.859
1939,32.316667,0,330.00,705.52,280.28,474.93,379.72,705.52,0.860
1940,32.333333,0,328.15,705.80,277.78,474.10,378.53,705.80,0.860
1941,32.350000,0,325.58,705.57,273.92,473.24,377.24,705.57,0.863
1942,32.366667,0,325.18,705.27,273.38,472.27,376.98,705.27,0.863
1943,32.383333,0,326.82,704.52,275.46,472.13,378.18,704.52,0.857
1944,32.400000,0,327.08,702.72,275.64,471.84,378.51,702.72,0.870
1945,32.416667,0,327.60,703.24,275.79,470.34,379.42,703.24,0.866
1946,32.433333,0,327.45,701.72,275.19,469.30,379.71,701.72,0.870
1947,32.450000,0,326.60,701.80,273.28,467.07,379.93,701.80,0.876
1948,32.466667,0,324.50,701.98,270.14,465.24,378.87,701.98,0.879
1949,32.483333,0,324.20,701.67,269.28,464.92,379.11,701.67,0.878
1950,32.500000,0,322.05,702.30,266.86,463.37,377.25,702.30,0.877
1951,32.516667,0,320.59,699.49,264.04,460.85,377.14,699.49,0.864
1952,32.533333,0,320.70,697.95,263.81,459.51,377.58,697.95,0.861
1953,32.550000,0,321.53,695.49,266.02,459.27,377.05,695.49,0.858
1954,32.566667,0,322.01,698.01,267.45,457.98,376.57,698.01,0.861
1955,32.583333,0,324.31,698.77,268.94,457.45,379.67,698.77,0.853
1956,32.600000,0,326.99,699.00,271.04,457.71,382.94,699.00,0.860
1957,32.616667,0,328.84,698.56,272.66,459.23,385.02,698.56,0.858
1958,32.633333,0,329.85,698.50,274.44,459.64,385.26,698.50,0.859
1959,32.650000,0,331.63,697.65,277.39,459.87,385.87,697.65,0.861
1960,32.666667,0,332.56,697.44,278.24,459.81,386.89,697.44,0.857
1961,32.683333,0,334.48,696.89,281.49,458.47,387.47,696.89,0.850
1962,32.700000,0,335.17,697.29,282.27,458.53,388.06,697.29,0.849
1963,32.716667,0,335.73,698.46,282.88,457.50,388.58,698.46,0.854
1964,32.733333,0,337.23,698.87,284.13,457.84,390.32,698.87,0.853
1965,32.750000,0,338.38,699.33,285.30,457.16,391.47,699.33,0.856
1966,32.766667,0,338.11,699.18,285.71,458.79,390.51,699.18,0.860
1967,32.783333,0,339.19,700.98,287.33,460.23,391.05,700.98,0.870
1968,32.800000,0,342.08,703.32,289.06,460.55,395.09,703.32,0.873
1969,32.816667,0,344.22,703.47,290.10,463.42,398.35,703.47,0.874
1970,32.833333,0,344.19,703.09,290.27,463.33,398.11,703.09,0.880
1971,32.850000,0,344.88,700.41,290.52,463.46,399.23,700.41,0.876
1972,32.866667,0,345.33,702.41,290.60,463.37,400.05,702.41,0.878
1973,32.883333,0,345.03,702.25,290.68,463.58,399.38,702.25,0.875
1974,32.900000,0,344.21,703.92,289.81,462.46,398.61,703.92,0.875
1975,32.916667,0,343.54,702.96,289.43,459.86,397.66,702.96,0.877
1976,32.933333,0,341.23,701.25,286.25,457.27,396.20,701.25,0.872
1977,32.950000,0,339.60,700.57,284.99,456.64,394.20,700.57,0.870
1978,32.966667,0,338.10,701.25,283.64,452.63,392.57,701.25,0.856
1979,32.983333,0,337.16,697.42,283.41,451.28,390.92,697.42,0.850
1980,33.000000,0,336.09,696.60,281.72,448.20,390.45,696.60,0.847
1981,33.016667,0,336.20,695.32,280.86,447.78,391.54,695.32,0.862
1982,33.033333,0,335.32,693.84,280.88,445.64,389.75,693.84,0.851
1983,33.050000,0,335.15,689.06,280.85,443.29,389.46,689.06,0.851
1984,33.066667,0,333.90,689.13,280.50,442.16,387.30,689.13,0.854
1985,33.083333,0,332.70,688.00,279.02,441.39,386.39,688.00,0.856
1986,33.100000,0,331.91,688.20,278.84,440.18,384.97,688.20,0.843
1987,33.116667,0,330.65,688.95,277.77,438.92,383.53,688.95,0.847
1988,33.133333,0,328.54,688.12,275.56,439.68,381.52,688.12,0.858
1989,33.150000,0,327.80,687.91,274.83,439.75,380.77,687.91,0.860
1990,33.166667,0,328.61,687.44,275.17,439.03,382.05,687.44,0.862
1991,33.183333,0,327.17,687.26,274.85,438.74,379.50,687.26,0.858
1992,33.200000,0,326.39,687.33,275.06,438.22,377.73,687.33,0.858
1993,33.216667,0,326.92,687.98,275.38,437.25,378.46,687.98,0.852
1994,33.233333,0,328.13,692.75,278.62,436.82,377.63,692.75,0.847
1995,33.250000,0,329.31,692.50,280.02,436.79,378.60,692.50,0.851
1996,33.266667,0,329.76,693.38,279.90,436.94,379.62,693.38,0.848
1997,33.283333,0,329.93,693.35,280.18,436.85,379.69,693.35,0.841
1998,33.300000,0,328.54,692.95,279.54,437.00,377.54,692.95,0.844
1999,33.316667,0,327.19,692.42,278.40,435.99,375.98,692.42,0.838
2000,33.333333,0,325.76,692.69,276.06,435.93,375.47,692.69,0.838
2001,33.350000,0,324.45,692.06,274.72,435.98,374.19,692.06,0.838
2002,33.366667,0,324.46,688.13,274.95,435.12,373.97,688.13,0.834
2003,33.383333,0,324.56,687.54,274.94,434.30,374.18,687.54,0.830
2004,33.400000,0,324.36,692.11,274.54,434.61,374.17,692.11,0.829
2005,33.416667,0,323.77,694.49,273.23,434.02,374.32,694.49,0.838
2006,33.433333,0,322.16,697.03,272.08,433.27,372.24,697.03,0.844
2007,33.450000,0,321.17,697.61,270.91,433.34,371.42,697.61,0.843
2008,33.466667,0,319.45,697.67,268.69,432.73,370.21,697.67,0.848
2009,33.483333,0,318.69,700.99,267.11,432.40,370.27,700.99,0.853
2010,33.500000,0,318.51,699.71,266.04,433.16,370.98,699.71,0.850
2011,33.516667,0,318.01,701.08,265.13,434.75,370.89,701.08,0.862
2012,33.533333,0,318.93,702.07,264.53,435.31,373.33,702.07,0.866
2013,33.550000,0,318.12,703.63,263.72,435.85,372.53,703.63,0.874
2014,33.566667,0,316.94,703.86,262.10,435.60,371.77,703.86,0.876
2015,33.583333,0,317.05,706.34,261.75,435.91,372.35,706.34,0.883
2016,33.600000,0,315.59,706.23,259.26,435.11,371.92,706.23,0.884
2017,33.616667,0,315.45,706.19,259.07,435.15,371.82,706.19,0.880
2018,33.633333,0,315.70,706.49,258.71,435.37,372.68,706.49,0.881
2019,33.650000,0,315.43,707.42,258.94,437.04,371.91,707.42,0.882
2020,33.666667,0,314.58,708.13,256.52,437.54,372.64,708.13,0.881
2021,33.683333,0,315.37,707.36,255.77,437.62,374.96,707.36,0.882
2022,33.700000,0,316.19,708.36,255.33,436.76,377.05,708.36,0.884
2023,33.716667,0,316.54,707.97,255.36,436.45,377.72,707.97,0.881
2024,33.733333,0,316.42,707.09,255.20,436.23,377.63,707.09,0.880
2025,33.750000,0,316.12,706.75,254.33,436.04,377.91,706.75,0.881
2026,33.766667,0,315.51,706.96,253.46,436.42,377.56,706.96,0.881
2027,33.783333,0,315.64,706.57,252.61,436.35,378.67,706.57,0.883
2028,33.800000,0,314.69,706.59,252.09,434.65,377.29,706.59,0.887
2029,33.816667,0,313.90,705.45,250.86,433.57,376.95,705.45,0.890
2030,33.833333,0,313.56,705.67,250.13,433.02,376.99,705.67,0.888
2031,33.850000,0,313.04,706.92,250.45,433.29,375.63,706.92,0.879
2032,33.866667,0,313.08,710.05,250.79,433.12,375.37,710.05,0.878
2033,33.883333,0,312.44,711.16,249.88,433.90,375.00,711.16,0.876
2034,33.900000,0,312.54,710.92,250.43,433.42,374.66,710.92,0.872
2035,33.916667,0,313.74,710.01,253.01,431.96,374.46,710.01,0.870
2036,33.933333,0,314.50,710.09,253.95,431.68,375.06,710.09,0.875
2037,33.950000,0,315.52,713.64,255.31,431.25,375.73,713.64,0.881
2038,33.966667,0,315.27,712.56,255.38,430.98,375.16,712.56,0.881
2039,33.983333,0,312.77,713.27,252.70,430.99,372.83,713.27,0.871
2040,34.000000,0,312.64,712.17,251.13,432.68,374.15,712.17,0.868
2041,34.016667,0,310.93,711.82,249.27,433.17,372.59,711.82,0.867
2042,34.033333,0,306.06,711.38,247.04,434.78,365.07,711.38,0.868
2043,34.050000,0,306.12,713.60,246.34,436.62,365.89,713.60,0.864
2044,34.066667,0,305.57,716.50,245.26,438.09,365.89,716.50,0.873
2045,34.083333,0,305.19,721.88,245.48,439.71,364.90,721.88,0.873
2046,34.100000,0,304.98,722.83,245.23,439.15,364.73,722.83,0.875
2047,34.116667,0,304.08,722.32,244.65,439.58,363.51,722.32,0.878
2048,34.133333,0,302.99,724.05,243.17,440.87,362.80,724.05,0.878
2049,34.150000,0,302.09,725.71,242.15,441.86,362.03,725.71,0.880
2050,34.166667,0,299.63,728.22,239.19,442.56,360.07,728.22,0.877
2051,34.183333,0,297.33,728.15,237.61,443.81,357.06,728.15,0.882
2052,34.200000,0,295.57,728.94,235.34,444.45,355.80,728.94,0.887
2053,34.216667,0,294.74,728.91,235.05,445.06,354.44,728.91,0.890
2054,34.233333,0,292.90,729.89,233.01,444.98,352.80,729.89,0.887
2055,34.250000,0,291.01,728.77,231.22,446.50,350.79,728.77,0.881
2056,34.266667,0,288.53,728.86,229.33,447.20,347.72,728.86,0.877
2057,34.283333,0,287.26,729.17,227.67,447.41,346.86,729.17,0.880
2058,34.300000,0,285.01,727.97,224.85,446.97,345.16,727.97,0.878
2059,34.316667,0,283.06,728.29,224.71,446.36,341.41,728.29,0.877
2060,34.333333,0,281.61,728.09,223.41,443.94,339.82,728.09,0.872
2061,34.350000,0,280.74,726.83,222.35,443.51,339.13,726.83,0.872
2062,34.366667,0,282.38,722.69,224.74,440.12,340.02,722.69,0.860
2063,34.383333,0,282.20,723.15,224.32,437.29,340.07,723.15,0.867
2064,34.400000,0,282.11,724.52,224.80,440.98,339.42,724.52,0.865
2065,34.416667,0,280.51,731.05,224.45,445.92,336.57,731.05,0.865
2066,34.433333,0,280.35,735.00,224.67,448.59,336.02,735.00,0.876
2067,34.450000,0,282.38,739.09,228.15,453.00,336.61,739.09,0.873
2068,34.466667,0,284.64,742.98,231.81,456.57,337.47,742.98,0.876
2069,34.483333,0,287.34,748.64,234.68,460.13,340.00,748.64,0.867
2070,34.500000,0,287.00,751.33,235.32,463.80,338.68,751.33,0.867
2071,34.516667,0,288.12,757.57,236.37,469.73,339.87,757.57,0.870
2072,34.533333,0,288.30,760.57,238.21,472.49,338.39,760.57,0.876
2073,34.550000,0,287.95,764.99,237.91,473.49,337.98,764.99,0.864
2074,34.566667,0,285.47,770.19,235.28,476.53,335.66,770.19,0.863
2075,34.583333,0,282.45,776.35,230.92,481.73,333.97,776.35,0.868
2076,34.600000,0,280.00,782.51,228.28,483.37,331.72,782.51,0.868
2077,34.616667,0,278.61,784.60,226.57,485.16,330.65,784.60,0.862
2078,34.633333,0,276.94,783.63,224.55,485.22,329.34,783.63,0.865
2079,34.650000,0,274.91,781.67,222.57,484.16,327.25,781.67,0.856
2080,34.666667,0,271.31,783.44,217.75,484.14,324.88,783.44,0.854
2081,34.683333,0,269.19,781.89,216.20,483.11,322.17,781.89,0.854
2082,34.700000,0,267.36,783.00,214.17,480.74,320.55,783.00,0.858
2083,34.716667,0,266.29,782.53,212.70,479.62,319.89,782.53,0.864
2084,34.733333,0,264.70,782.85,212.19,478.66,317.20,782.85,0.856
2085,34.750000,0,264.95,782.30,212.52,476.93,317.37,782.30,0.846
2086,34.766667,0,265.13,781.21,212.96,475.32,317.30,781.21,0.849
2087,34.783333,0,265.32,780.32,212.71,473.92,317.92,780.32,0.862
2088,34.800000,0,265.15,778.85,211.42,472.92,318.87,778.85,0.865
2089,34.816667,0,264.66,779.38,210.65,473.40,318.67,779.38,0.873
2090,34.833333,0,263.48,780.62,209.35,474.12,317.61,780.62,0.878
2091,34.850000,0,262.63,780.69,207.60,474.86,317.66,780.69,0.876
2092,34.866667,0,260.81,780.73,205.80,474.04,315.82,780.73,0.876
2093,34.883333,0,259.47,779.40,204.13,471.75,314.82,779.40,0.859
2094,34.900000,0,256.54,778.61,199.84,469.73,313.24,778.61,0.855
2095,34.916667,0,252.84,776.78,194.43,468.05,311.24,776.78,0.846
2096,34.933333,0,248.34,776.24,189.09,467.07,307.58,776.24,0.845
2097,34.950000,0,240.41,773.78,179.82,464.15,301.00,773.78,0.860
2098,34.966667,0,234.57,775.30,173.30,463.72,295.84,775.30,0.877
2099,34.983333,0,230.34,775.92,170.40,463.23,290.29,775.92,0.884
2100,35.000000,0,225.89,776.76,163.35,463.11,288.42,776.76,0.883
2101,35.016667,0,222.22,774.75,158.92,462.31,285.53,774.75,0.888
2102,35.033333,0,220.85,773.57,153.39,461.15,288.32,773.57,0.896
2103,35.050000,0,221.59,770.86,153.11,459.01,290.06,770.86,0.893
2104,35.066667,0,223.01,770.46,152.55,458.02,293.47,770.46,0.896
2105,35.083333,0,220.33,769.46,147.00,456.38,293.65,769.46,0.895
2106,35.100000,0,217.76,768.92,141.91,452.96,293.62,768.92,0.893
2107,35.116667,0,215.47,770.18,139.06,452.29,291.87,770.18,0.894
2108,35.133333,0,213.23,771.57,135.58,451.36,290.89,771.57,0.895
2109,35.150000,0,210.32,770.59,131.34,450.46,289.30,770.59,0.892
2110,35.166667,0,207.22,772.96,127.32,451.16,287.12,772.96,0.894
2111,35.183333,0,203.25,774.53,120.22,451.18,286.28,774.53,0.888
2112,35.200000,0,199.72,779.61,115.58,451.13,283.87,779.61,0.892
2113,35.216667,0,197.09,781.20,112.56,451.76,281.63,781.20,0.899
2114,35.233333,0,195.90,782.91,109.80,451.91,282.00,782.91,0.900
2115,35.250000,0,194.77,786.83,108.10,454.78,281.45,786.83,0.901
2116,35.266667,0,193.72,789.57,106.68,455.85,280.75,789.57,0.899
2117,35.283333,0,192.56,787.08,105.70,454.09,279.42,787.08,0.899
2118,35.300000,0,191.00,786.62,104.20,453.06,277.80,786.62,0.903
2119,35.316667,0,189.61,785.54,103.49,453.32,275.73,785.54,0.905
2120,35.333333,0,188.50,786.05,102.95,453.62,274.05,786.05,0.898
2121,35.350000,0,186.28,786.60,102.02,453.21,270.54,786.60,0.889
2122,35.366667,0,184.38,790.38,100.19,452.86,268.57,790.38,0.888
2123,35.383333,0,181.67,791.09,97.12,453.53,266.22,791.09,0.891
2124,35.400000,0,180.16,790.97,95.92,453.74,264.40,790.97,0.892
2125,35.416667,0,179.03,789.30,95.71,453.31,262.35,789.30,0.894
2126,35.433333,0,176.28,787.58,94.12,451.70,258.44,787.58,0.892
2127,35.450000,0,175.12,787.72,93.95,451.23,256.29,787.72,0.887
2128,35.466667,0,174.70,787.88,94.41,451.95,255.00,787.88,0.884
2129,35.483333,0,172.90,787.91,94.11,452.83,251.69,787.91,0.882
2130,35.500000,0,170.93,788.53,94.60,452.76,247.25,788.53,0.887
2131,35.516667,0,168.65,788.58,92.46,451.59,244.85,788.58,0.887
2132,35.533333,0,165.77,787.70,91.65,448.63,239.88,787.70,0.901
2133,35.550000,0,161.68,787.15,90.23,449.82,233.14,787.15,0.896
2134,35.566667,0,160.23,789.57,89.86,450.02,230.59,789.57,0.892
2135,35.583333,0,159.50,789.06,90.12,450.98,228.87,789.06,0.892
2136,35.600000,0,157.94,789.99,89.40,450.46,226.49,789.99,0.891
2137,35.616667,0,156.01,790.29,88.69,450.41,223.33,790.29,0.886
2138,35.633333,0,152.57,791.27,86.47,449.60,218.67,791.27,0.883
2139,35.650000,0,149.90,790.27,84.25,448.50,215.55,790.27,0.882
2140,35.666667,0,147.14,789.20,82.65,448.51,211.62,789.20,0.882
2141,35.683333,0,146.63,788.49,83.11,447.79,210.14,788.49,0.886
2142,35.700000,0,148.25,788.09,86.25,447.78,210.25,788.09,0.882
2143,35.716667,0,148.58,786.66,87.18,447.98,209.97,786.66,0.880
2144,35.733333,0,148.51,786.28,87.55,446.19,209.47,786.28,0.881
2145,35.750000,0,147.83,787.11,86.77,444.84,208.88,787.11,0.878
2146,35.766667,0,145.30,790.49,84.71,446.15,205.90,790.49,0.879
2147,35.783333,0,141.55,791.73,79.76,446.97,203.34,791.73,0.882
2148,35.800000,0,135.32,794.24,70.67,446.20,199.97,794.24,0.888
2149,35.816667,0,130.74,794.83,65.46,445.79,196.02,794.83,0.904
2150,35.833333,0,127.65,796.24,61.32,444.64,193.98,796.24,0.903
2151,35.850000,0,125.83,798.17,60.53,444.27,191.14,798.17,0.899
2152,35.866667,0,122.88,799.42,57.74,444.70,188.02,799.42,0.896
2153,35.883333,0,121.07,800.07,55.29,443.40,186.84,800.07,0.893
2154,35.900000,0,118.74,800.83,51.10,443.60,186.39,800.83,0.891
2155,35.916667,0,118.26,803.24,49.95,444.24,186.58,803.24,0.881
2156,35.933333,0,119.84,804.09,51.42,447.49,188.27,804.09,0.880
2157,35.950000,0,121.55,805.55,53.75,446.94,189.35,805.55,0.879
2158,35.966667,0,123.27,806.54,55.65,446.85,190.88,806.54,0.876
2159,35.983333,0,125.49,807.41,56.64,447.23,194.34,807.41,0.876
2160,36.000000,0,127.08,808.51,57.40,446.66,196.77,808.51,0.868
2161,36.016667,0,130.21,808.73,57.95,446.94,202.47,808.73,0.873
2162,36.033333,0,129.39,807.52,56.15,447.86,202.64,807.52,0.877
2163,36.050000,0,125.67,808.36,52.91,446.75,198.44,808.36,0.879
2164,36.066667,0,121.95,807.54,49.67,445.59,194.23,807.54,0.879
2165,36.083333,0,116.66,803.76,44.74,445.00,188.57,803.76,0.898
2166,36.100000,0,112.52,804.14,40.33,443.29,184.70,804.14,0.895
2167,36.116667,0,108.97,804.20,35.79,441.32,182.16,804.20,0.889
2168,36.133333,0,105.28,804.11,31.30,440.76,179.25,804.11,0.891
2169,36.150000,0,103.75,804.43,28.69,442.13,178.82,804.43,0.888
2170,36.166667,0,101.88,806.80,25.94,443.42,177.82,806.80,0.879
2171,36.183333,0,94.45,808.31,17.41,442.06,171.49,808.31,0.877
2172,36.200000,0,86.92,807.00,10.63,440.38,163.20,807.00,0.882
2173,36.216667,0,82.45,806.40,4.64,439.55,160.26,806.40,0.891
2174,36.233333,0,78.56,806.11,1.05,439.22,156.06,806.11,0.896
2175,36.250000,0,76.83,805.41,0.16,437.84,153.49,805.41,0.903
2176,36.266667,0,76.19,806.05,0.00,435.94,152.38,806.05,0.906
2177,36.283333,0,74.68,807.09,0.00,435.08,149.36,807.09,0.905
2178,36.300000,0,74.32,805.58,0.40,433.79,148.25,805.58,0.897
2179,36.316667,0,74.13,805.02,0.06,431.83,148.20,805.02,0.899
2180,36.333333,0,74.59,807.81,0.08,430.42,149.10,807.81,0.899
2181,36.350000,0,74.75,813.11,0.06,429.22,149.43,813.11,0.899
2182,36.366667,0,75.29,813.88,0.11,428.36,150.47,813.88,0.895
2183,36.383333,0,75.35,814.78,0.10,428.17,150.61,814.78,0.895
2184,36.400000,0,75.68,818.76,0.12,429.58,151.24,818.76,0.901
2185,36.416667,0,75.43,826.02,0.15,430.33,150.72,826.02,0.891
2186,36.433333,0,75.32,825.71,0.12,429.25,150.52,825.71,0.891
2187,36.450000,0,74.68,825.73,0.27,429.14,149.10,825.73,0.900
2188,36.466667,0,74.38,825.36,0.01,428.73,148.76,825.36,0.897
2189,36.483333,0,73.52,830.03,0.13,428.17,146.91,830.03,0.905
2190,36.500000,0,73.06,832.10,0.11,427.31,146.01,832.10,0.911
2191,36.516667,0,72.72,834.19,0.05,427.92,145.40,834.19,0.914
2192,36.533333,0,71.04,835.98,0.00,428.65,142.08,835.98,0.905
2193,36.550000,0,71.08,838.60,0.16,434.57,141.99,838.60,0.909
2194,36.566667,0,70.52,840.44,0.13,438.05,140.91,840.44,0.905
2195,36.583333,0,69.43,841.85,0.21,438.58,138.65,841.85,0.902
2196,36.600000,0,67.34,843.69,0.29,440.52,134.39,843.69,0.910
2197,36.616667,0,65.68,843.86,0.33,440.68,131.03,843.86,0.901
2198,36.633333,0,63.74,843.11,0.06,441.30,127.42,843.11,0.903
2199,36.650000,0,62.73,843.91,0.32,440.76,125.13,843.91,0.901
2200,36.666667,0,60.58,844.05,0.30,439.96,120.86,844.05,0.899
2201,36.683333,0,59.23,844.02,0.29,440.56,118.16,844.02,0.895
2202,36.700000,0,56.98,843.63,0.36,440.18,113.61,843.63,0.891
2203,36.716667,0,55.15,842.42,0.36,440.04,109.95,842.42,0.888
2204,36.733333,0,53.85,840.64,0.39,439.61,107.31,840.64,0.884
2205,36.750000,0,51.55,842.35,0.32,439.61,102.78,842.35,0.879
2206,36.766667,0,49.14,842.76,0.26,439.32,98.01,842.76,0.877
2207,36.783333,0,47.06,841.11,0.15,440.95,93.96,841.11,0.880
2208,36.800000,0,43.87,840.56,0.14,440.57,87.60,840.56,0.863
2209,36.816667,0,40.94,840.60,0.29,439.27,81.59,840.60,0.851
2210,36.833333,0,36.92,835.72,0.20,439.43,73.64,835.72,0.837
2211,36.850000,0,34.12,834.61,0.21,440.26,68.02,834.61,0.847
2212,36.866667,0,31.68,838.02,0.18,445.75,63.18,838.02,0.830
2213,36.883333,0,27.91,837.00,0.21,454.79,55.61,837.00,0.810
2214,36.900000,0,24.87,837.00,0.22,458.04,49.52,837.00,0.805
2215,36.916667,0,23.22,835.70,0.18,466.28,46.26,835.70,0.757
2216,36.933333,0,20.55,836.40,0.18,483.47,40.92,836.40,0.743
2217,36.950000,0,20.03,836.69,0.17,489.20,39.89,836.69,0.726
2218,36.966667,0,23.65,838.86,0.23,490.06,47.06,838.86,0.731
2219,36.983333,0,22.94,839.03,0.23,492.57,45.66,839.03,0.715
2220,37.000000,0,20.98,838.99,0.21,497.02,41.75,838.99,0.599
2221,37.016667,0,20.59,841.77,0.14,501.49,41.04,841.77,0.653
2222,37.033333,0,19.13,843.49,0.08,510.26,38.17,843.49,0.671
2223,37.050000,0,17.55,845.06,0.09,516.74,35.02,845.06,0.642
2224,37.066667,0,17.06,841.90,0.14,524.13,33.97,841.90,0.594
2225,37.083333,0,16.99,842.82,0.13,533.28,33.85,842.82,0.547
2226,37.100000,0,16.78,841.04,0.16,548.02,33.39,841.04,0.484
2227,37.116667,0,16.96,841.48,0.13,642.78,33.79,841.48,0.492
2229,37.150000,0,15.98,845.53,0.03,672.59,31.93,845.53,0.465
2372,39.533333,0,18.61,708.54,0.10,637.39,37.11,708.54,0.375
2374,39.566667,0,26.97,948.40,0.23,630.03,53.71,948.40,0.516
2375,39.583333,0,31.07,939.11,0.46,618.75,61.67,939.11,0.659
2376,39.600000,0,31.80,918.69,0.33,613.25,63.26,918.69,0.712
2377,39.616667,0,36.02,931.71,0.50,609.50,71.54,931.71,0.730
2378,39.633333,0,41.00,947.36,0.44,604.76,81.55,947.36,0.750
2379,39.650000,0,44.42,954.79,0.57,596.59,88.28,954.79,0.814
2380,39.666667,0,46.71,952.84,0.14,591.92,93.28,952.84,0.803
2381,39.683333,0,46.18,954.66,0.18,585.80,92.19,954.66,0.836
2382,39.700000,0,47.21,955.56,0.19,579.90,94.22,955.56,0.870
2383,39.716667,0,48.00,955.51,0.19,567.55,95.82,955.51,0.873
2384,39.733333,0,48.22,954.88,0.18,555.78,96.27,954.88,0.880
2385,39.750000,0,48.69,953.96,0.26,534.32,97.11,953.96,0.857
2386,39.766667,0,48.61,953.42,0.22,533.08,97.01,953.42,0.860
2387,39.783333,0,46.51,938.84,0.30,441.25,92.72,938.84,0.819
2388,39.800000,0,45.56,941.25,0.41,437.32,90.72,941.25,0.826
2389,39.816667,0,48.45,953.20,0.69,432.32,96.21,953.20,0.822
2390,39.833333,0,42.26,939.31,0.40,430.24,84.11,939.31,0.820
2391,39.850000,0,41.95,942.28,0.37,429.02,83.53,942.28,0.826
2392,39.866667,0,43.65,943.20,0.43,426.09,86.87,943.20,0.835
2393,39.883333,0,48.55,952.07,0.39,424.50,96.72,952.07,0.846
2394,39.900000,0,51.71,949.40,0.54,422.63,102.87,949.40,0.821
2395,39.916667,0,52.50,949.29,0.49,422.03,104.50,949.29,0.779
2396,39.933333,0,54.04,948.08,0.46,419.56,107.62,948.08,0.808
2397,39.950000,0,53.72,948.26,0.37,417.39,107.06,948.26,0.737
2398,39.966667,0,58.20,948.80,0.41,414.82,115.98,948.80,0.784
2399,39.983333,0,61.56,950.23,0.47,417.52,122.65,950.23,0.839
2400,40.000000,0,60.00,950.99,0.36,417.54,119.63,950.99,0.766
2401,40.016667,0,72.90,952.14,0.51,418.59,145.30,952.14,0.828
2402,40.033333,0,77.22,949.91,0.50,421.61,153.94,949.91,0.862
2403,40.050000,0,81.17,944.07,0.42,422.70,161.92,944.07,0.848
2404,40.066667,0,84.69,951.74,0.42,423.93,168.96,951.74,0.868
2405,40.083333,0,92.83,952.31,0.44,425.27,185.23,952.31,0.891
2406,40.100000,0,102.68,953.02,0.49,426.06,204.88,953.02,0.915
2407,40.116667,0,115.59,953.43,0.55,426.68,230.64,953.43,0.923
2408,40.133333,0,107.73,953.77,0.67,428.63,214.79,953.77,0.913
2409,40.150000,0,119.02,953.85,0.65,428.70,237.39,953.85,0.908
2410,40.166667,0,138.48,952.52,1.50,429.83,275.46,952.52,0.877
2411,40.183333,0,152.38,950.99,2.08,432.33,302.68,950.99,0.936
2412,40.200000,0,155.98,951.01,2.33,432.84,309.64,951.01,0.935
2413,40.216667,0,155.94,950.34,1.21,435.68,310.68,950.34,0.939
2414,40.233333,0,155.39,948.63,1.59,437.22,309.19,948.63,0.938
2415,40.250000,0,160.06,949.26,1.18,436.85,318.94,949.26,0.938
2416,40.266667,0,164.14,950.90,0.73,436.80,327.55,950.90,0.945
2417,40.283333,0,163.76,951.22,0.86,438.44,326.66,951.22,0.947
2418,40.300000,0,163.90,951.66,1.98,441.61,325.82,951.66,0.942
2419,40.316667,0,161.47,951.91,2.56,443.87,320.38,951.91,0.932
2420,40.333333,0,151.95,951.62,8.53,443.87,295.38,951.62,0.919
2421,40.350000,0,163.46,951.07,15.23,443.20,311.68,951.07,0.927
2422,40.366667,0,161.81,953.36,18.93,443.24,304.69,953.36,0.921
2423,40.383333,0,164.50,953.75,14.63,442.64,314.38,953.75,0.927
2424,40.400000,0,161.18,954.97,17.00,440.39,305.36,954.97,0.920
2425,40.416667,0,173.24,950.56,26.92,441.46,319.57,950.56,0.922
2426,40.433333,0,178.47,949.65,39.04,443.77,317.89,949.65,0.916
2427,40.450000,0,181.95,947.34,51.89,444.40,312.01,947.34,0.918
2428,40.466667,0,190.38,948.77,67.95,443.31,312.80,948.77,0.914
2429,40.483333,0,200.30,946.14,82.18,442.34,318.42,946.14,0.922
2430,40.500000,0,210.46,946.59,97.71,439.54,323.21,946.59,0.922
2431,40.516667,0,218.97,945.31,110.37,438.41,327.58,945.31,0.921
2432,40.533333,0,228.60,946.47,126.81,438.18,330.39,946.47,0.913
2433,40.550000,0,238.40,947.52,142.80,439.32,334.01,947.52,0.898
2434,40.566667,0,251.08,947.39,159.75,437.56,342.41,947.39,0.895
2435,40.583333,0,264.94,949.02,174.21,438.32,355.68,949.02,0.868
2436,40.600000,0,277.12,949.54,184.37,438.95,369.86,949.54,0.907
2437,40.616667,0,284.22,949.49,186.23,438.57,382.20,949.49,0.904
2438,40.633333,0,290.97,949.17,190.26,437.96,391.67,949.17,0.916
2439,40.650000,0,297.51,947.10,192.33,437.54,402.68,947.10,0.913
2440,40.666667,0,302.33,948.07,193.11,437.97,411.55,948.07,0.899
2441,40.683333,0,308.78,948.09,198.06,438.79,419.50,948.09,0.896
2442,40.700000,0,319.12,947.12,209.36,439.02,428.88,947.12,0.916
2443,40.716667,0,325.77,948.70,211.66,441.40,439.89,948.70,0.915
2444,40.733333,0,338.88,951.98,219.41,442.40,458.35,951.98,0.923
2445,40.750000,0,351.89,951.51,223.28,446.15,480.50,951.51,0.917
2446,40.766667,0,359.74,952.01,227.74,448.21,491.74,952.01,0.929
2447,40.783333,0,363.82,950.54,227.38,449.81,500.26,950.54,0.936
2448,40.800000,0,368.89,950.83,229.47,449.84,508.32,950.83,0.930
2449,40.816667,0,374.14,951.05,230.59,450.92,517.69,951.05,0.928
2450,40.833333,0,379.32,950.77,229.90,452.44,528.75,950.77,0.928
2451,40.850000,0,379.79,949.64,229.96,452.85,529.62,949.64,0.926
2452,40.866667,0,378.55,948.86,229.46,452.81,527.65,948.86,0.927
2453,40.883333,0,377.53,948.24,229.17,453.67,525.89,948.24,0.928
2454,40.900000,0,376.13,948.34,226.85,455.60,525.40,948.34,0.923
2455,40.916667,0,373.35,949.84,226.67,456.23,520.04,949.84,0.917
2456,40.933333,0,372.53,950.44,228.48,457.43,516.59,950.44,0.922
2457,40.950000,0,374.12,950.88,231.68,455.95,516.56,950.88,0.927
2458,40.966667,0,375.59,948.21,239.28,454.94,511.90,948.21,0.923
2459,40.983333,0,380.96,946.49,247.40,453.68,514.53,946.49,0.929
2460,41.000000,0,385.13,944.68,255.35,451.66,514.91,944.68,0.914
2461,41.016667,0,391.72,944.46,267.20,449.53,516.23,944.46,0.902
2462,41.033333,0,392.12,939.81,276.46,449.19,507.79,939.81,0.865
2463,41.050000,0,397.74,937.26,285.54,447.55,509.93,937.26,0.846
2464,41.066667,0,406.29,935.41,304.01,443.29,508.56,935.41,0.860
2465,41.083333,0,416.32,939.19,316.33,440.35,516.31,939.19,0.857
2466,41.100000,0,423.17,940.34,326.81,438.81,519.54,940.34,0.853
2467,41.116667,0,432.16,941.97,341.63,436.91,522.69,941.97,0.882
2468,41.133333,0,444.27,940.87,359.14,435.55,529.41,940.87,0.856
2469,41.150000,0,453.40,933.80,372.26,434.34,534.55,933.80,0.861
2470,41.166667,0,460.73,925.58,377.09,433.22,544.37,925.58,0.852
2471,41.183333,0,467.54,925.15,382.15,433.15,552.94,925.15,0.869
2472,41.200000,0,473.10,939.78,385.79,436.47,560.40,939.78,0.848
2473,41.216667,0,478.56,937.72,390.65,435.42,566.47,937.72,0.869
2474,41.233333,0,482.92,936.37,396.83,435.22,569.01,936.37,0.862
2475,41.250000,0,489.53,937.39,403.29,435.16,575.77,937.39,0.872
2476,41.266667,0,495.30,922.07,407.28,434.90,583.32,922.07,0.861
2477,41.283333,0,502.04,930.17,411.52,435.73,592.55,930.17,0.860
2478,41.300000,0,515.77,936.08,413.02,433.91,618.52,936.08,0.894
2479,41.316667,0,528.64,932.16,415.57,434.40,641.72,932.16,0.905
2480,41.333333,0,535.33,934.62,416.28,433.94,654.37,934.62,0.907
2481,41.350000,0,542.88,935.44,416.60,437.75,669.15,935.44,0.920
2482,41.366667,0,547.94,936.79,416.17,438.39,679.72,936.79,0.921
2483,41.383333,0,551.73,936.51,415.62,438.89,687.84,936.51,0.920
2484,41.400000,0,553.93,937.20,415.76,439.28,692.09,937.20,0.920
2485,41.416667,0,556.97,937.55,415.61,441.25,698.34,937.55,0.922
2486,41.433333,0,558.27,937.42,415.78,442.90,700.76,937.42,0.924
2487,41.450000,0,559.04,937.25,417.31,445.73,700.76,937.25,0.924
2488,41.466667,0,558.16,936.95,418.25,447.81,698.08,936.95,0.926
2489,41.483333,0,558.54,937.39,418.24,452.05,698.85,937.39,0.926
2490,41.500000,0,557.52,937.97,419.24,451.86,695.79,937.97,0.927
2491,41.516667,0,557.26,937.23,419.21,452.76,695.31,937.23,0.924
2492,41.533333,0,560.55,936.02,425.12,453.10,695.98,936.02,0.923
2493,41.550000,0,563.02,937.35,429.65,454.50,696.39,937.35,0.927
2494,41.566667,0,566.52,937.08,437.75,454.28,695.29,937.08,0.923
2495,41.583333,0,571.08,933.95,446.72,453.93,695.45,933.95,0.923
2496,41.600000,0,577.09,932.66,459.19,452.12,694.99,932.66,0.915
2497,41.616667,0,582.55,931.82,470.02,451.27,695.08,931.82,0.912
2498,41.633333,0,589.61,928.93,484.89,450.20,694.32,928.93,0.922
2499,41.650000,0,599.09,929.88,499.05,450.41,699.12,929.88,0.882
2500,41.666667,0,605.39,929.22,510.26,450.35,700.52,929.22,0.878
2501,41.683333,0,613.81,930.61,522.38,449.96,705.24,930.61,0.884
2502,41.700000,0,624.71,929.51,540.13,449.16,709.29,929.51,0.889
2503,41.716667,0,637.69,930.89,559.08,447.42,716.30,930.89,0.900
2504,41.733333,0,646.09,929.36,569.27,447.75,722.91,929.36,0.884
2505,41.750000,0,654.42,928.85,577.06,448.17,731.79,928.85,0.897
2506,41.766667,0,662.95,930.04,584.82,449.75,741.09,930.04,0.883
2507,41.783333,0,671.22,931.69,588.89,449.37,753.54,931.69,0.908
2508,41.800000,0,678.27,932.86,593.45,450.78,763.09,932.86,0.904
2509,41.816667,0,684.88,932.32,600.01,451.10,769.76,932.32,0.896
2510,41.833333,0,693.26,932.33,605.80,451.81,780.72,932.33,0.895
2511,41.850000,0,699.77,931.93,609.60,452.34,789.94,931.93,0.906
2512,41.866667,0,707.96,932.40,614.82,452.25,801.10,932.40,0.887
2513,41.883333,0,716.65,932.56,617.32,452.80,815.99,932.56,0.873
2514,41.900000,0,721.69,932.13,616.38,452.22,826.99,932.13,0.884
2515,41.916667,0,727.22,931.84,615.83,452.89,838.60,931.84,0.906
2516,41.933333,0,731.61,928.97,616.62,452.60,846.60,928.97,0.903
2517,41.950000,0,735.52,928.27,614.47,452.24,856.56,928.27,0.915
2518,41.966667,0,739.24,925.55,616.71,451.53,861.77,925.55,0.918
2519,41.983333,0,740.87,925.74,613.46,453.27,868.27,925.74,0.918
2520,42.000000,0,741.47,925.12,611.18,455.45,871.77,925.12,0.928
2521,42.016667,0,742.08,924.96,610.31,454.71,873.85,924.96,0.915
2522,42.033333,0,742.14,924.87,610.06,456.09,874.22,924.87,0.917
2523,42.050000,0,742.94,924.00,610.00,454.58,875.87,924.00,0.915
2524,42.066667,0,743.74,923.64,610.28,454.47,877.20,923.64,0.921
2525,42.083333,0,744.36,923.05,610.40,451.95,878.32,923.05,0.920
2526,42.100000,0,744.63,923.37,612.28,454.31,876.99,923.37,0.926
2527,42.116667,0,744.86,922.69,613.76,452.67,875.97,922.69,0.922
2528,42.133333,0,745.64,921.87,617.75,453.67,873.52,921.87,0.900
2529,42.150000,0,750.32,920.93,623.71,451.98,876.94,920.93,0.901
2530,42.166667,0,752.58,921.73,630.84,451.81,874.33,921.73,0.897
2531,42.183333,0,755.45,923.05,641.67,451.57,869.23,923.05,0.900
2532,42.200000,0,759.17,921.57,648.00,452.23,870.34,921.57,0.898
2533,42.216667,0,764.44,922.02,655.85,453.37,873.03,922.02,0.893
2534,42.233333,0,769.85,917.96,667.53,452.27,872.18,917.96,0.879
2535,42.250000,0,776.15,912.00,676.76,451.28,875.55,912.00,0.888
2536,42.266667,0,783.48,911.04,688.04,451.03,878.92,911.04,0.890
2537,42.283333,0,790.42,907.43,698.73,450.51,882.10,907.43,0.880
2538,42.300000,0,795.92,909.49,705.06,450.29,886.77,909.49,0.883
2539,42.316667,0,802.23,910.91,717.02,448.94,887.44,910.91,0.854
2540,42.333333,0,812.91,911.30,732.42,449.13,893.41,911.30,0.873
2541,42.350000,0,818.91,911.88,742.92,448.68,894.90,911.88,0.860
2542,42.366667,0,829.34,908.25,754.70,447.62,903.98,908.25,0.866
2543,42.383333,0,839.50,911.76,764.73,449.29,914.27,911.76,0.865
2544,42.400000,0,848.66,908.96,771.28,448.71,926.04,908.96,0.875
2545,42.416667,0,857.33,908.95,776.22,448.43,938.45,908.95,0.893
2546,42.433333,0,864.73,918.42,780.44,450.80,949.02,918.42,0.910
2547,42.450000,0,871.40,917.77,784.17,451.24,958.63,917.77,0.918
2548,42.466667,0,877.49,916.80,787.13,451.88,967.86,916.80,0.913
2549,42.483333,0,883.30,917.69,790.27,451.32,976.34,917.69,0.915
2550,42.500000,0,888.37,913.49,791.87,450.10,984.87,913.49,0.922
2551,42.516667,0,891.59,913.69,791.41,450.19,991.77,913.69,0.916
2552,42.533333,0,895.85,914.29,791.92,451.40,999.78,914.29,0.909
2553,42.550000,0,899.54,913.73,794.34,453.21,1004.74,913.73,0.916
2554,42.566667,0,905.68,912.07,797.34,451.95,1014.02,912.07,0.915
2555,42.583333,0,911.85,913.72,800.39,451.47,1023.32,913.72,0.908
2556,42.600000,0,917.50,915.97,801.81,453.15,1033.19,915.97,0.925
2557,42.616667,0,922.00,914.78,805.57,456.07,1038.43,914.78,0.912
2558,42.633333,0,924.91,916.19,806.91,455.76,1042.90,916.19,0.903
2559,42.650000,0,929.51,915.46,804.76,457.83,1054.25,915.46,0.913
2560,42.666667,0,931.97,915.26,803.82,459.10,1060.13,915.26,0.916
2561,42.683333,0,931.21,916.44,801.82,459.67,1060.59,916.44,0.917
2562,42.700000,0,927.02,915.50,799.40,462.05,1054.63,915.50,0.924
2563,42.716667,0,926.03,914.53,798.97,461.95,1053.09,914.53,0.932
2564,42.733333,0,925.10,914.47,797.54,461.67,1052.66,914.47,0.933
2565,42.750000,0,926.40,914.71,798.81,462.60,1054.00,914.71,0.937
2566,42.766667,0,928.74,914.30,800.62,462.60,1056.86,914.30,0.930
2567,42.783333,0,930.72,913.25,803.21,463.22,1058.23,913.25,0.935
2568,42.800000,0,932.12,914.57,805.09,464.72,1059.16,914.57,0.927
2569,42.816667,0,932.85,915.29,808.51,464.70,1057.20,915.29,0.925
2570,42.833333,0,932.47,916.59,810.09,467.05,1054.86,916.59,0.910
2571,42.850000,0,935.01,916.34,816.67,470.42,1053.35,916.34,0.916
2572,42.866667,0,940.47,916.73,827.61,469.88,1053.33,916.73,0.916
2573,42.883333,0,945.42,917.32,838.18,468.97,1052.65,917.32,0.919
2574,42.900000,0,948.68,918.70,844.30,468.97,1053.06,918.70,0.908
2575,42.916667,0,954.49,919.12,855.45,468.89,1053.53,919.12,0.880
2576,42.933333,0,960.68,917.85,866.15,470.21,1055.21,917.85,0.893
2577,42.950000,0,968.93,918.60,879.74,469.58,1058.12,918.60,0.896
2578,42.966667,0,975.56,918.75,889.55,467.73,1061.57,918.75,0.902
2579,42.983333,0,983.72,917.27,901.25,466.62,1066.18,917.27,0.883
2580,43.000000,0,993.18,917.47,913.88,466.73,1072.48,917.47,0.881
2581,43.016667,0,1005.59,917.70,929.89,468.21,1081.28,917.70,0.876
2582,43.033333,0,1018.12,905.69,946.29,466.97,1089.94,905.69,0.865
2583,43.050000,0,1028.98,921.39,958.51,467.01,1099.45,921.39,0.879
2584,43.066667,0,1039.14,921.67,970.53,465.30,1107.74,921.67,0.879
2585,43.083333,0,1045.81,917.03,974.86,466.21,1116.75,917.03,0.882
2586,43.100000,0,1048.24,920.71,974.38,465.74,1122.09,920.71,0.887
2587,43.116667,0,1053.22,919.36,974.84,465.92,1131.61,919.36,0.887
2588,43.133333,0,1055.19,921.96,975.47,466.09,1134.91,921.96,0.892
2589,43.150000,0,1060.05,920.09,976.30,463.06,1143.80,920.09,0.886
2590,43.166667,0,1067.22,916.71,976.19,464.12,1158.24,916.71,0.900
2591,43.183333,0,1075.97,917.88,975.26,464.51,1176.69,917.88,0.906
2592,43.200000,0,1082.81,921.20,976.30,467.14,1189.32,921.20,0.913
2593,43.216667,0,1090.91,920.15,975.67,470.03,1206.15,920.15,0.909
2594,43.233333,0,1094.68,919.37,976.61,470.26,1212.75,919.37,0.895
2595,43.250000,0,1094.82,921.12,970.09,471.40,1219.56,921.12,0.895
2596,43.266667,0,1097.33,919.84,969.09,474.99,1225.58,919.84,0.923
2597,43.283333,0,1099.57,918.03,969.05,475.33,1230.09,918.03,0.891
2598,43.300000,0,1101.91,921.76,971.41,475.25,1232.42,921.76,0.922
2599,43.316667,0,1102.67,922.00,972.35,475.09,1233.00,922.00,0.915
2600,43.333333,0,1102.21,922.41,971.21,476.26,1233.22,922.41,0.916
2601,43.350000,0,1103.30,922.93,972.91,476.80,1233.70,922.93,0.919
2602,43.366667,0,1103.08,923.99,974.14,477.63,1232.01,923.99,0.914
2603,43.383333,0,1099.42,922.65,971.50,476.09,1227.33,922.65,0.901
2604,43.400000,0,1092.54,927.92,974.92,477.04,1210.16,927.92,0.912
2605,43.416667,0,1091.84,924.73,977.40,476.40,1206.28,924.73,0.907
2606,43.433333,0,1096.64,929.79,985.93,476.42,1207.35,929.79,0.898
2607,43.450000,0,1102.48,925.71,990.56,477.24,1214.41,925.71,0.913
2608,43.466667,0,1108.86,923.05,999.32,474.83,1218.40,923.05,0.876
2609,43.483333,0,1114.75,924.57,1006.77,474.50,1222.73,924.57,0.847
2610,43.500000,0,1121.48,927.15,1016.96,473.59,1226.00,927.15,0.868
2611,43.516667,0,1126.35,928.52,1024.13,473.98,1228.57,928.52,0.883
2612,43.533333,0,1130.66,930.66,1032.75,468.91,1228.58,930.66,0.888
2613,43.550000,0,1135.93,925.86,1040.18,469.51,1231.69,925.86,0.897
2614,43.566667,0,1141.24,926.27,1048.17,467.28,1234.31,926.27,0.888
2615,43.583333,0,1147.69,914.13,1058.00,465.27,1237.38,914.13,0.884
2616,43.600000,0,1156.00,916.38,1070.67,465.28,1241.34,916.38,0.876
2617,43.616667,0,1162.05,913.20,1080.53,464.23,1243.57,913.20,0.882
2618,43.633333,0,1167.75,914.85,1089.45,465.11,1246.05,914.85,0.868
2619,43.650000,0,1175.70,915.36,1104.25,465.12,1247.16,915.36,0.840
2620,43.666667,0,1182.56,910.94,1115.05,464.52,1250.07,910.94,0.853
2621,43.683333,0,1191.26,912.20,1125.84,464.90,1256.69,912.20,0.870
2622,43.700000,0,1198.56,905.29,1132.98,465.10,1264.13,905.29,0.882
2623,43.716667,0,1204.09,913.64,1137.34,463.07,1270.84,913.64,0.878
2624,43.733333,0,1208.67,911.38,1141.20,462.11,1276.15,911.38,0.881
2625,43.750000,0,1213.42,914.82,1146.03,460.57,1280.81,914.82,0.889
2626,43.766667,0,1217.61,916.21,1148.08,460.34,1287.15,916.21,0.898
2627,43.783333,0,1221.40,913.16,1149.48,458.75,1293.32,913.16,0.900
2628,43.800000,0,1223.68,913.31,1151.74,457.62,1295.61,913.31,0.900
2629,43.816667,0,1229.52,915.08,1155.33,458.27,1303.70,915.08,0.870
2630,43.833333,0,1233.12,919.47,1153.91,460.97,1312.33,919.47,0.861
2631,43.850000,0,1234.52,921.93,1152.65,462.08,1316.38,921.93,0.854
2632,43.866667,0,1235.52,923.20,1151.82,462.29,1319.22,923.20,0.864
2633,43.883333,0,1234.65,923.03,1148.87,463.09,1320.43,923.03,0.877
2634,43.900000,0,1231.43,917.63,1147.75,463.19,1315.12,917.63,0.881
2635,43.916667,0,1230.65,915.35,1145.92,464.34,1315.38,915.35,0.876
2636,43.933333,0,1225.80,918.27,1145.06,463.54,1306.55,918.27,0.860
2637,43.950000,0,1223.69,913.21,1144.18,462.93,1303.20,913.21,0.868
2638,43.966667,0,1222.19,913.98,1143.19,461.76,1301.19,913.98,0.872
2639,43.983333,0,1221.59,915.21,1143.02,460.61,1300.17,915.21,0.871
2640,44.000000,0,1222.12,913.00,1143.08,460.60,1301.16,913.00,0.874
2641,44.016667,0,1224.11,910.55,1143.33,460.69,1304.90,910.55,0.862
2642,44.033333,0,1225.27,909.65,1143.47,462.02,1307.07,909.65,0.869
2643,44.050000,0,1227.33,908.49,1145.27,461.68,1309.38,908.49,0.886
2644,44.066667,0,1227.32,907.89,1144.17,461.80,1310.46,907.89,0.889
2645,44.083333,0,1229.28,908.64,1146.48,460.89,1312.08,908.64,0.888
2646,44.100000,0,1231.43,908.71,1148.39,460.89,1314.47,908.71,0.888
2647,44.116667,0,1233.58,907.99,1150.87,460.45,1316.29,907.99,0.891
2648,44.133333,0,1236.81,906.68,1154.77,460.86,1318.85,906.68,0.889
2649,44.150000,0,1242.08,904.73,1162.51,459.07,1321.65,904.73,0.888
2650,44.166667,0,1247.60,905.38,1171.75,458.78,1323.45,905.38,0.883
2651,44.183333,0,1251.78,907.27,1178.74,458.25,1324.81,907.27,0.882
2652,44.200000,0,1257.22,907.58,1184.35,458.51,1330.09,907.58,0.881
2653,44.216667,0,1265.57,908.03,1192.92,457.47,1338.22,908.03,0.881
2654,44.233333,0,1269.99,909.51,1194.16,455.36,1345.81,909.51,0.896
2655,44.250000,0,1274.61,912.38,1193.55,456.70,1355.66,912.38,0.902
2656,44.266667,0,1277.61,914.13,1192.13,456.15,1363.09,914.13,0.910
2657,44.283333,0,1280.86,916.95,1190.62,454.57,1371.11,916.95,0.911
2658,44.300000,0,1284.19,917.68,1188.42,454.57,1379.95,917.68,0.902
2659,44.316667,0,1287.61,923.49,1186.53,455.73,1388.68,923.49,0.906
2660,44.333333,0,1290.58,925.27,1185.26,454.95,1395.90,925.27,0.919
2661,44.350000,0,1293.89,925.62,1184.22,454.70,1403.57,925.62,0.935
2662,44.366667,0,1296.49,925.15,1183.01,454.32,1409.97,925.15,0.937
2663,44.383333,0,1300.14,925.67,1182.89,453.91,1417.39,925.67,0.938
2664,44.400000,0,1304.26,926.24,1183.38,454.71,1425.14,926.24,0.937
2665,44.416667,0,1307.02,925.56,1183.16,454.84,1430.87,925.56,0.936
2666,44.433333,0,1311.22,926.97,1185.15,453.51,1437.28,926.97,0.933
2667,44.450000,0,1313.23,927.13,1185.52,454.48,1440.93,927.13,0.930
2668,44.466667,0,1315.43,927.11,1186.86,453.10,1443.99,927.11,0.933
2669,44.483333,0,1319.05,926.41,1188.86,453.52,1449.24,926.41,0.932
2670,44.500000,0,1321.41,927.85,1189.78,453.09,1453.05,927.85,0.933
2671,44.516667,0,1323.89,927.43,1191.69,453.47,1456.08,927.43,0.935
2672,44.533333,0,1325.10,926.45,1193.13,454.00,1457.08,926.45,0.935
2673,44.550000,0,1326.39,926.05,1194.62,453.65,1458.17,926.05,0.934
2674,44.566667,0,1327.68,925.81,1197.04,454.11,1458.31,925.81,0.932
2675,44.583333,0,1328.98,925.80,1198.96,453.03,1459.01,925.80,0.934
2676,44.600000,0,1330.78,925.84,1203.49,452.04,1458.06,925.84,0.931
2677,44.616667,0,1332.80,925.93,1207.80,451.65,1457.81,925.93,0.932
2678,44.633333,0,1335.98,925.96,1215.47,452.23,1456.48,925.96,0.923
2679,44.650000,0,1336.98,925.42,1219.22,449.39,1454.75,925.42,0.925
2680,44.666667,0,1338.11,924.81,1225.13,448.13,1451.09,924.81,0.923
2681,44.683333,0,1338.47,924.73,1229.75,448.55,1447.20,924.73,0.925
2682,44.700000,0,1339.04,925.12,1234.77,446.47,1443.32,925.12,0.925
2683,44.716667,0,1339.96,926.26,1240.68,445.77,1439.25,926.26,0.923
2684,44.733333,0,1338.90,924.50,1243.41,445.57,1434.39,924.50,0.916
2685,44.750000,0,1337.16,926.37,1247.59,443.49,1426.73,926.37,0.908
2686,44.766667,0,1337.02,926.42,1252.19,443.19,1421.85,926.42,0.900
2687,44.783333,0,1335.42,927.50,1255.39,443.64,1415.44,927.50,0.890
2688,44.800000,0,1334.77,929.16,1257.96,443.47,1411.59,929.16,0.886
2689,44.816667,0,1333.06,930.81,1258.12,442.76,1407.99,930.81,0.882
2690,44.833333,0,1333.05,929.87,1259.11,443.86,1406.99,929.87,0.882
2691,44.850000,0,1333.81,929.45,1259.11,443.77,1408.50,929.45,0.887
2692,44.866667,0,1334.38,929.66,1259.64,442.76,1409.12,929.66,0.880
2693,44.883333,0,1334.39,931.55,1259.45,442.70,1409.33,931.55,0.881
2694,44.900000,0,1335.78,930.01,1259.87,443.53,1411.69,930.01,0.888
2695,44.916667,0,1339.08,934.20,1260.46,445.09,1417.70,934.20,0.883
2696,44.933333,0,1342.15,938.97,1263.05,445.10,1421.25,938.97,0.886
2697,44.950000,0,1344.48,944.14,1265.21,446.82,1423.75,944.14,0.880
2698,44.966667,0,1347.87,947.36,1267.24,447.32,1428.50,947.36,0.871
2699,44.983333,0,1350.68,958.72,1269.12,449.60,1432.25,958.72,0.876
2700,45.000000,0,1354.66,962.94,1271.62,452.14,1437.71,962.94,0.874
2701,45.016667,0,1361.01,972.37,1273.70,450.96,1448.32,972.37,0.881
2702,45.033333,0,1364.99,978.76,1275.74,451.96,1454.25,978.76,0.876
2703,45.050000,0,1368.50,980.66,1278.56,454.32,1458.43,980.66,0.888
2704,45.066667,0,1371.72,984.02,1280.25,455.28,1463.19,984.02,0.879
2705,45.083333,0,1373.96,987.63,1281.59,455.91,1466.33,987.63,0.891
2706,45.100000,0,1374.85,987.76,1281.48,455.92,1468.23,987.76,0.887
2707,45.116667,0,1374.62,989.71,1281.40,457.50,1467.84,989.71,0.884
2708,45.133333,0,1374.51,994.16,1283.66,459.17,1465.36,994.16,0.880
2709,45.150000,0,1373.46,993.90,1281.92,459.45,1465.01,993.90,0.882
2710,45.166667,0,1373.22,994.35,1282.56,460.90,1463.88,994.35,0.876
2711,45.183333,0,1373.86,995.73,1282.82,460.21,1464.90,995.73,0.880
2712,45.200000,0,1374.21,995.79,1281.90,459.21,1466.51,995.79,0.882
2713,45.216667,0,1375.32,994.09,1281.26,459.44,1469.37,994.09,0.887
2714,45.233333,0,1376.15,993.98,1279.54,460.87,1472.76,993.98,0.892
2715,45.250000,0,1379.46,994.81,1281.27,458.07,1477.65,994.81,0.892
2716,45.266667,0,1381.46,994.87,1282.79,458.81,1480.12,994.87,0.895
2717,45.283333,0,1385.61,994.00,1287.73,458.26,1483.48,994.00,0.898
2718,45.300000,0,1389.37,993.63,1292.69,457.84,1486.05,993.63,0.893
2719,45.316667,0,1394.95,991.00,1300.79,456.29,1489.10,991.00,0.884
2720,45.333333,0,1398.83,990.71,1305.95,454.01,1491.71,990.71,0.833
2721,45.350000,0,1404.56,987.41,1312.59,452.28,1496.54,987.41,0.827
2722,45.366667,0,1409.50,992.02,1314.17,452.47,1504.83,992.02,0.880
2723,45.383333,0,1421.55,990.97,1326.58,450.46,1516.51,990.97,0.875
2724,45.400000,0,1426.07,991.48,1326.12,447.28,1526.02,991.48,0.908
2725,45.416667,0,1435.23,989.96,1332.61,444.90,1537.85,989.96,0.914
2726,45.433333,0,1441.93,990.59,1335.95,442.01,1547.92,990.59,0.916
2727,45.450000,0,1448.90,992.08,1343.03,442.96,1554.77,992.08,0.911
2728,45.466667,0,1454.05,994.01,1343.57,440.62,1564.52,994.01,0.913
2729,45.483333,0,1459.18,992.20,1345.82,439.69,1572.54,992.20,0.916
2730,45.500000,0,1463.11,992.43,1346.66,438.45,1579.57,992.43,0.919
2731,45.516667,0,1468.58,993.20,1347.30,438.85,1589.85,993.20,0.925
2732,45.533333,0,1470.68,994.64,1346.02,440.01,1595.33,994.64,0.921
2733,45.550000,0,1476.77,994.21,1346.27,439.25,1607.28,994.21,0.919
2734,45.566667,0,1480.64,992.00,1346.41,439.63,1614.87,992.00,0.924
2735,45.583333,0,1484.86,995.80,1346.23,438.84,1623.50,995.80,0.927
2736,45.600000,0,1489.86,998.64,1345.98,439.33,1633.75,998.64,0.932
2737,45.616667,0,1494.08,1000.39,1346.03,439.68,1642.12,1000.39,0.933
2738,45.633333,0,1497.50,1005.05,1345.11,439.31,1649.89,1005.05,0.934
2739,45.650000,0,1500.50,1014.61,1345.16,439.31,1655.84,1014.61,0.936
2740,45.666667,0,1501.64,1020.25,1344.52,441.19,1658.77,1020.25,0.938
2741,45.683333,0,1505.07,1025.42,1345.02,441.62,1665.12,1025.42,0.938
2742,45.700000,0,1508.60,1032.56,1345.87,443.61,1671.33,1032.56,0.939
2743,45.716667,0,1511.64,1037.88,1347.22,445.33,1676.07,1037.88,0.939
2744,45.733333,0,1514.18,1043.47,1348.44,445.31,1679.93,1043.47,0.940
2745,45.750000,0,1516.77,1048.56,1349.40,447.39,1684.13,1048.56,0.939
2746,45.766667,0,1518.32,1050.52,1350.89,447.43,1685.75,1050.52,0.940
2747,45.783333,0,1520.01,1050.69,1351.56,447.89,1688.46,1050.69,0.939
2748,45.800000,0,1521.68,1057.33,1354.77,448.21,1688.59,1057.33,0.938
2749,45.816667,0,1524.20,1059.82,1354.66,449.03,1693.75,1059.82,0.937
2750,45.833333,0,1526.78,1060.79,1356.79,450.06,1696.77,1060.79,0.936
2751,45.850000,0,1530.23,1062.43,1359.38,450.11,1701.07,1062.43,0.935
2752,45.866667,0,1533.24,1065.18,1362.61,450.03,1703.88,1065.18,0.930
2753,45.883333,0,1530.96,1067.50,1364.75,451.38,1697.18,1067.50,0.934
2754,45.900000,0,1529.78,1069.55,1366.87,452.08,1692.69,1069.55,0.934
2755,45.916667,0,1527.50,1070.50,1367.87,452.14,1687.14,1070.50,0.931
2756,45.933333,0,1527.16,1069.82,1371.27,452.63,1683.05,1069.82,0.933
2757,45.950000,0,1525.10,1070.58,1371.01,453.16,1679.19,1070.58,0.932
2758,45.966667,0,1525.32,1070.88,1374.28,451.25,1676.35,1070.88,0.931
2759,45.983333,0,1524.59,1070.91,1375.37,450.88,1673.81,1070.91,0.930
2760,46.000000,0,1524.22,1071.24,1377.87,449.24,1670.57,1071.24,0.930
2761,46.016667,0,1525.96,1071.49,1382.90,448.55,1669.01,1071.49,0.927
2762,46.033333,0,1527.44,1071.91,1386.50,447.52,1668.39,1071.91,0.926
2763,46.050000,0,1527.11,1072.88,1389.32,447.46,1664.91,1072.88,0.927
2764,46.066667,0,1527.89,1073.58,1392.49,446.83,1663.29,1073.58,0.928
2765,46.083333,0,1531.05,1073.40,1399.06,445.31,1663.04,1073.40,0.931
2766,46.100000,0,1531.55,1073.30,1402.23,443.18,1660.87,1073.30,0.928
2767,46.116667,0,1532.62,1073.62,1406.36,441.66,1658.89,1073.62,0.927
2768,46.133333,0,1533.30,1074.08,1409.19,441.24,1657.41,1074.08,0.925
2769,46.150000,0,1535.24,1074.09,1414.17,439.56,1656.32,1074.09,0.920
2770,46.166667,0,1538.09,1074.85,1419.45,438.35,1656.72,1074.85,0.919
2771,46.183333,0,1541.28,1076.22,1424.46,438.02,1658.10,1076.22,0.921
2772,46.200000,0,1545.90,1077.54,1430.95,439.15,1660.85,1077.54,0.916
2773,46.216667,0,1549.27,1076.79,1436.56,440.30,1661.98,1076.79,0.917
2774,46.233333,0,1553.36,1078.67,1441.70,440.12,1665.01,1078.67,0.918
2775,46.250000,0,1556.13,1078.50,1446.90,440.73,1665.35,1078.50,0.917
2776,46.266667,0,1559.23,1078.26,1451.84,441.21,1666.62,1078.26,0.914
2777,46.283333,0,1562.54,1078.05,1456.45,441.59,1668.63,1078.05,0.910
2778,46.300000,0,1565.64,1082.17,1460.21,442.31,1671.07,1082.17,0.904
2779,46.316667,0,1569.72,1090.36,1464.30,443.50,1675.15,1090.36,0.900
2780,46.333333,0,1576.17,1096.47,1469.83,443.14,1682.51,1096.47,0.899
2781,46.350000,0,1583.66,1110.09,1477.54,443.73,1689.79,1110.09,0.908
2782,46.366667,0,1592.84,1123.32,1482.06,445.33,1703.63,1123.32,0.903
2783,46.383333,0,1602.25,1134.16,1484.61,447.62,1719.89,1134.16,0.909
2784,46.400000,0,1612.51,1141.72,1487.84,449.25,1737.19,1141.72,0.917
2785,46.416667,0,1619.07,1149.60,1489.97,449.88,1748.17,1149.60,0.914
2786,46.433333,0,1623.85,1157.84,1489.29,451.55,1758.40,1157.84,0.917
2787,46.450000,0,1629.81,1160.67,1489.96,453.48,1769.66,1160.67,0.916
2788,46.466667,0,1633.98,1164.56,1491.04,453.68,1776.92,1164.56,0.907
2789,46.483333,0,1635.73,1172.50,1490.81,456.24,1780.65,1172.50,0.914
2790,46.500000,0,1636.55,1176.82,1491.42,457.20,1781.68,1176.82,0.917
2791,46.516667,0,1636.36,1184.03,1491.71,457.99,1781.01,1184.03,0.921
2792,46.533333,0,1636.18,1188.43,1491.57,456.81,1780.79,1188.43,0.922
2793,46.550000,0,1635.28,1192.41,1489.90,456.47,1780.66,1192.41,0.921
2794,46.566667,0,1633.35,1194.59,1488.53,457.32,1778.16,1194.59,0.921
2795,46.583333,0,1631.50,1196.25,1487.30,457.87,1775.69,1196.25,0.920
2796,46.600000,0,1630.57,1197.15,1487.12,458.10,1774.01,1197.15,0.924
2797,46.616667,0,1628.55,1197.63,1485.22,456.93,1771.89,1197.63,0.921
2798,46.633333,0,1628.76,1196.95,1485.25,459.00,1772.26,1196.95,0.920
2799,46.650000,0,1629.52,1196.56,1486.73,458.79,1772.31,1196.56,0.928
2800,46.666667,0,1633.23,1195.83,1490.23,456.00,1776.23,1195.83,0.926
2801,46.683333,0,1638.08,1195.26,1493.68,452.06,1782.48,1195.26,0.934
2802,46.700000,0,1646.01,1195.25,1500.17,451.09,1791.85,1195.25,0.924
2803,46.716667,0,1653.90,1194.45,1503.95,448.96,1803.85,1194.45,0.924
2804,46.733333,0,1663.45,1194.55,1510.68,448.75,1816.23,1194.55,0.922
2805,46.750000,0,1672.19,1194.69,1516.20,447.23,1828.18,1194.69,0.929
2806,46.766667,0,1683.05,1195.31,1524.08,444.82,1842.01,1195.31,0.932
2807,46.783333,0,1693.37,1196.09,1530.91,446.30,1855.83,1196.09,0.936
2808,46.800000,0,1704.86,1197.11,1539.20,445.64,1870.52,1197.11,0.934
2809,46.816667,0,1717.77,1198.41,1549.46,445.48,1886.09,1198.41,0.937
2810,46.833333,0,1732.04,1199.91,1560.37,445.13,1903.71,1199.91,0.938
2811,46.850000,0,1742.65,1200.67,1566.92,445.05,1918.39,1200.67,0.941
2812,46.866667,0,1746.85,1201.96,1574.06,446.59,1919.64,1201.96,0.941
2813,46.883333,0,1756.08,1204.85,1592.68,446.38,1919.47,1204.85,0.940
2814,46.900000,0,1757.65,1204.86,1596.37,448.45,1918.93,1204.86,0.940
2815,46.916667,0,1757.69,1205.72,1596.27,448.40,1919.12,1205.72,0.941
2816,46.933333,0,1756.15,1206.41,1593.31,450.70,1918.98,1206.41,0.943
2817,46.950000,0,1755.04,1214.91,1591.08,453.85,1919.01,1214.91,0.945
2818,46.966667,0,1755.01,1227.46,1590.98,455.93,1919.04,1227.46,0.947
2819,46.983333,0,1755.07,1246.63,1591.12,457.24,1919.03,1246.63,0.949
2820,47.000000,0,1755.20,1264.15,1591.38,459.83,1919.02,1264.15,0.946
2821,47.016667,0,1755.86,1274.80,1592.72,460.12,1918.99,1274.80,0.948
2822,47.033333,0,1757.60,1291.48,1596.27,461.47,1918.92,1291.48,0.944
2823,47.050000,0,1759.07,1304.73,1598.87,463.11,1919.28,1304.73,0.940
2824,47.066667,0,1759.67,1314.36,1600.23,465.33,1919.10,1314.36,0.937
2825,47.083333,0,1760.65,1328.61,1602.25,466.39,1919.06,1328.61,0.937
2826,47.100000,0,1762.04,1335.52,1605.04,467.19,1919.04,1335.52,0.940
2827,47.116667,0,1763.34,1334.98,1607.58,468.43,1919.10,1334.98,0.940
2828,47.133333,0,1764.71,1339.28,1610.37,470.12,1919.05,1339.28,0.940
2829,47.150000,0,1766.40,1343.09,1613.84,473.71,1918.96,1343.09,0.941
2830,47.166667,0,1767.93,1354.80,1616.87,475.02,1919.00,1354.80,0.941
2831,47.183333,0,1769.68,1365.65,1620.29,476.19,1919.06,1365.65,0.941
2832,47.200000,0,1772.28,1369.76,1625.45,477.50,1919.12,1369.76,0.940
2833,47.216667,0,1774.05,1373.77,1628.93,477.59,1919.16,1373.77,0.942
2834,47.233333,0,1776.12,1374.92,1633.08,478.80,1919.16,1374.92,0.940
2835,47.250000,0,1778.53,1375.75,1637.90,476.47,1919.15,1375.75,0.942
2836,47.266667,0,1781.58,1376.48,1644.02,475.19,1919.14,1376.48,0.940
2837,47.283333,0,1784.82,1377.75,1650.52,474.13,1919.12,1377.75,0.937
2838,47.300000,0,1789.21,1379.03,1659.39,473.68,1919.03,1379.03,0.934
2839,47.316667,0,1793.09,1377.76,1667.09,470.63,1919.09,1377.76,0.931
2840,47.333333,0,1798.76,1377.00,1678.45,470.07,1919.08,1377.00,0.931
2841,47.350000,0,1801.90,1377.04,1684.78,467.91,1919.03,1377.04,0.927
2842,47.366667,0,1807.03,1377.23,1694.60,468.17,1919.45,1377.23,0.922
2843,47.383333,0,1811.95,1377.75,1704.43,465.13,1919.47,1377.75,0.924
2844,47.400000,0,1816.13,1379.29,1712.69,461.16,1919.57,1379.29,0.921
2845,47.416667,0,1822.06,1380.12,1724.53,458.07,1919.58,1380.12,0.917
2846,47.433333,0,1826.01,1378.12,1732.93,459.28,1919.10,1378.12,0.915
2847,47.450000,0,1831.05,1377.95,1742.99,460.14,1919.12,1377.95,0.905
2848,47.466667,0,1836.55,1376.78,1754.02,458.14,1919.08,1376.78,0.893
2849,47.483333,0,1839.76,1375.75,1760.41,433.28,1919.10,1375.75,0.867
2850,47.500000,0,1842.63,1377.50,1766.18,429.61,1919.08,1377.50,0.867
2851,47.516667,0,1844.61,1379.02,1770.13,462.57,1919.10,1379.02,0.867
2852,47.533333,0,1847.00,1379.63,1774.93,425.02,1919.07,1379.63,0.858
2853,47.550000,0,1849.38,1380.75,1779.68,457.19,1919.07,1380.75,0.854
2854,47.566667,0,1850.22,1383.63,1781.35,473.63,1919.09,1383.63,0.867
2855,47.583333,0,1853.01,1385.37,1786.87,478.39,1919.14,1385.37,0.850
2856,47.600000,0,1853.72,1386.30,1788.30,486.36,1919.14,1386.30,0.856
2857,47.616667,0,1855.44,1386.41,1791.74,494.52,1919.14,1386.41,0.857
2858,47.633333,0,1858.99,1386.16,1798.84,502.21,1919.15,1386.16,0.840
2859,47.650000,0,1861.80,1386.38,1804.44,511.53,1919.17,1386.38,0.840
2860,47.666667,0,1865.09,1386.95,1811.06,525.85,1919.11,1386.95,0.817
2861,47.683333,0,1866.91,1388.00,1814.69,537.89,1919.12,1388.00,0.838
2862,47.700000,0,1869.98,1386.20,1820.84,547.77,1919.13,1386.20,0.815
2863,47.716667,0,1870.82,1387.42,1822.55,559.97,1919.08,1387.42,0.821
2864,47.733333,0,1872.59,1385.49,1826.11,575.86,1919.07,1385.49,0.817
2865,47.750000,0,1875.34,1382.56,1831.57,585.49,1919.10,1382.56,0.795
2866,47.766667,0,1875.28,1382.71,1831.46,591.11,1919.10,1382.71,0.783
2867,47.783333,0,1874.82,1384.04,1830.50,597.19,1919.13,1384.04,0.786
2868,47.800000,0,1875.92,1382.73,1832.69,612.92,1919.14,1382.73,0.781
2869,47.816667,0,1876.50,1384.27,1833.86,622.39,1919.15,1384.27,0.771
2870,47.833333,0,1877.84,1385.44,1836.57,636.39,1919.11,1385.44,0.753
2871,47.850000,0,1873.86,1387.62,1828.49,663.46,1919.23,1387.62,0.753
2872,47.866667,0,1874.31,1389.29,1829.39,672.11,1919.23,1389.29,0.730
2873,47.883333,0,1872.95,1390.89,1826.72,689.19,1919.18,1390.89,0.719
2874,47.900000,0,1872.76,1396.46,1826.32,709.44,1919.19,1396.46,0.770
2875,47.916667,0,1872.77,1398.66,1826.33,719.09,1919.21,1398.66,0.738
2876,47.933333,0,1872.69,1400.11,1826.15,743.54,1919.23,1400.11,0.578
2877,47.950000,0,1872.65,1382.90,1825.87,1092.82,1919.43,1382.90,0.409
2878,47.966667,0,1872.33,1388.54,1825.21,1150.47,1919.46,1388.54,0.425
