frame,time_seconds,track_id,u,v,world_x,world_y,world_z,cam_pos_x,cam_pos_y,cam_pos_z
232,3.866667,0,1895.88,1119.15,4.495054736354875,0.0,-10.43088684230594,-0.0011111669421649498,1.3820410010919937,0.018501274523116958
233,3.883333,0,1888.47,1124.56,4.4921495886065355,0.0,-10.426561242186438,-0.0012232713578350502,1.3820955989080064,0.018527429476883045
234,3.9,0,1882.42,1124.65,4.485616179772828,0.0,-10.404286159990411,-0.0013526727999628515,1.3821674999998848,0.018619573000008077
235,3.916667,0,1874.73,1133.0,4.444279084760613,0.0,-10.297258354178656,-0.0012463035803001578,1.3818374987979651,0.01864269761541791
236,3.933333,0,1869.85,1136.39,4.442219887849291,0.0,-10.293906502655693,-0.0012603176197194203,1.381777401201951,0.018673466384625075
237,3.95,0,1865.44,1140.72,4.373767725796468,0.0,-10.12421985525858,-0.0013091265999659082,1.3818035999999818,0.018681171999994618
238,3.966667,0,1860.7,1137.94,4.228218370546504,0.0,-9.760545114627194,-0.0013593570869983615,1.3818531014359665,0.01866376391790191
239,3.983333,0,1855.65,1122.11,4.233236746137128,0.0,-9.77381726395928,-0.001418706012960181,1.3819248985639834,0.018659659082100953
240,4.0,0,1852.36,1124.77,4.213589688679551,0.0,-9.705833029706115,-0.0016015694,1.3817166,0.018713795
241,4.016667,0,1848.04,1135.8,4.243291252491053,0.0,-9.757981026593708,-0.0017117592219655089,1.381723301640019,0.01876651375295205
242,4.033333,0,1847.47,1128.33,4.24588467483001,0.0,-9.76439674354532,-0.001872849178147014,1.3818052983600382,0.018904154247144096
243,4.05,0,1849.01,1086.5,4.664338172677514,0.0,-10.93273074512294,-0.002193249800259867,1.3819934000001415,0.019324880000384275
244,4.066667,0,1847.77,1244.88,4.801230547569514,0.0,-11.321247951950339,-0.002565330033434378,1.3821958026298928,0.019875091959334932
245,4.083333,0,1847.76,1281.97,4.784848907358489,0.0,-11.282568747537743,-0.002852001966165121,1.3823272973699234,0.020323059040039226
246,4.1,0,1848.63,1277.09,4.794294594926657,0.0,-11.38191616719215,-0.003061011399927002,1.3824262999999655,0.020611380999899304
247,4.116667,0,1848.0,1284.91,4.746628221689866,0.0,-11.324454575346495,-0.0030904219780874703,1.382462601057994,0.020446149947200308
248,4.133333,0,1845.97,1285.12,4.746421837420636,0.0,-11.324731419011348,-0.0031293250219125296,1.382515498942006,0.020443510052799693
249,4.15,0,1843.29,1254.05,4.9008920939262515,0.0,-11.602387222848975,-0.003170296500020498,1.3825992000000364,0.020540260000063336
250,4.166667,0,1840.93,1263.71,4.9360287236192795,0.0,-11.626121526304953,-0.0032289862661666717,1.3827037021560626,0.020721595724808407
251,4.183333,0,1839.14,1237.85,4.948361479315567,0.0,-11.655950274393053,-0.0033022895339357345,1.382811497844088,0.020907823275451758
252,4.2,0,1834.01,1228.74,4.982505330324052,0.0,-11.697276210424079,-0.003401939999930397,1.3829183999999255,0.021119335999852263
253,4.216667,0,1833.53,1226.28,4.987815476789809,0.0,-11.650504283824194,-0.004030762134773463,1.383098702193949,0.021476778544334194
254,4.233333,0,1830.18,1223.7,4.988738649175935,0.0,-11.654216515012116,-0.004302496265036728,1.3832083978059744,0.021703991455507096
255,4.25,0,1822.75,1225.89,4.970073732123976,0.0,-11.601820547234516,-0.0044759437,1.3833064,0.021915238
256,4.266667,0,1822.4,1231.21,5.018150609722,0.0,-11.704189253275873,-0.00464198325981795,1.3834160020940243,0.02215575198991809
257,4.283333,0,1822.33,1230.53,5.018687919497879,0.0,-11.70560258084099,-0.004804965740295895,1.3835206979060488,0.022405235010256177
258,4.3,0,1822.32,1232.81,5.0166639273639495,0.0,-11.679522754544314,-0.004953697299854634,1.3836198000000555,0.022634367999871542
259,4.316667,0,1822.34,1232.86,4.993933486422738,0.0,-11.625403657764563,-0.004745565337714538,1.383699401423942,0.0224504475766365
260,4.333333,0,1823.06,1231.01,4.995173880731973,0.0,-11.628027804544118,-0.004742451062289813,1.3837705985759585,0.022479279423323218
261,4.35,0,1823.34,1231.17,5.020533524372688,0.0,-11.69193910851977,-0.004822661599971985,1.3838529999999711,0.02261459599995274
262,4.366667,0,1823.2,1230.76,5.101775695519671,0.0,-11.88002771219306,-0.0049316357030400855,1.3839332014419916,0.022801616331400605
263,4.383333,0,1822.09,1231.37,5.101503122070632,0.0,-11.879800943273736,-0.0050167847969599146,1.3840052985580085,0.022968180668599392
264,4.4,0,1821.13,1231.14,5.119474103135203,0.0,-11.851200626793872,-0.00507841259975763,1.3840674999999687,0.023093446999894025
265,4.416667,0,1820.92,1229.79,5.1105073763546125,0.0,-11.797396223633895,-0.0043844696259338,1.3839778999759993,0.022790031761123944
266,4.433333,0,1820.1,1241.9,5.1045461950443585,0.0,-11.78348585038043,-0.004215777973830534,1.383976700023999,0.022728092238789525
267,4.45,0,1817.49,1239.38,5.089041030425763,0.0,-11.730570448331136,-0.004228941999990803,1.3840132999999744,0.02274644399998718
268,4.466667,0,1816.23,1246.51,5.017513113644031,0.0,-11.551335126483554,-0.004302967768778818,1.3840620009099787,0.022788550074754978
269,4.483333,0,1813.16,1327.98,4.978513679158319,0.0,-11.462036162411549,-0.004391405231159408,1.3841074990899895,0.022842286925207487
270,4.5,0,1807.84,1327.12,4.935823046416224,0.0,-11.36379497520512,-0.0044832774,1.3841562,0.022903554
271,4.516667,0,1802.64,1311.63,4.897477266718054,0.0,-11.266900622809324,-0.004076077039921002,1.3838844981939789,0.021993771441995297
272,4.533333,0,1798.89,1305.85,4.899384845242823,0.0,-11.272656121055709,-0.004003076860028007,1.3837942018059581,0.021715885557810597
273,4.55,0,1793.97,1292.56,4.853731195114396,0.0,-11.143009158934383,-0.004037589000048114,1.3837536999999729,0.021617816999949305
274,4.566667,0,1788.4,1284.02,4.821221685372293,0.0,-11.06044092615788,-0.004106478556956558,1.3837149991860331,0.02154522976763022
275,4.583333,0,1783.14,1266.18,4.828211154028704,0.0,-11.0785308175185,-0.004184326442934683,1.3836743008140238,0.02148361123245587
276,4.6,0,1779.03,1261.94,4.815513556357263,0.0,-11.025781816138245,-0.003919241500092586,1.3835268000000516,0.020851260000220858
277,4.616667,0,1775.72,1255.55,4.790079579319489,0.0,-10.938060166538028,-0.0038550793710921683,1.3834481988180067,0.02058941551704028
278,4.633333,0,1772.37,1244.29,4.7943393993315775,0.0,-10.949100419225807,-0.0038536340289078317,1.3833891011819932,0.020415273482959722
279,4.65,0,1771.36,1221.07,4.6959387938634025,0.0,-10.747159525966682,-0.0038830265000186254,1.3833311999999807,0.02026024299994972
280,4.666667,0,1770.03,1216.42,4.68822826247641,0.0,-10.75120571639267,-0.00393635437980889,1.383275898931969,0.020116281355543036
281,4.683333,0,1770.0,1215.98,4.688142866624747,0.0,-10.751347233056896,-0.0040203390203084385,1.3832225010679564,0.019984067644272258
282,4.7,0,1769.72,1215.87,4.692088065220287,0.0,-10.781279342616076,-0.004538908599637789,1.3835526999997694,0.020125843999900972
283,4.716667,0,1769.46,1219.99,4.753197345174091,0.0,-10.940238092249327,-0.0047692134057439875,1.3836231995400106,0.020047206226187865
284,4.733333,0,1769.89,1220.21,4.752957361677526,0.0,-10.940014509998353,-0.004889498594171993,1.3836002004600054,0.019858518773943935
285,4.75,0,1769.04,1221.02,4.809595904373704,0.0,-11.065793259427945,-0.0049492344,1.383549,0.019619197
286,4.766667,0,1769.07,1222.25,4.875178561686254,0.0,-11.197411683683285,-0.004971601353564116,1.3834845988419866,0.019332804940449456
287,4.783333,0,1767.57,1225.02,4.873516001774546,0.0,-11.194392838774286,-0.0049892786464482315,1.383426701157973,0.01902984305933892
288,4.8,0,1762.82,1224.17,4.834158608929924,0.0,-11.136747136705596,-0.005000846999897125,1.38337309999991,0.018723029999845514
289,4.816667,0,1759.98,1223.02,4.813287064604437,0.0,-11.113535516668023,-0.004853549937657811,1.3832442985000613,0.01850182907126158
290,4.833333,0,1758.96,1222.04,4.8134177033565875,0.0,-11.114262863591298,-0.004765432762465295,1.3831693015000437,0.018205391929152565
291,4.85,0,1754.76,1220.32,4.776161625970068,0.0,-11.05189843253804,-0.004670389000033194,1.3830987000000246,0.017869389000117353
292,4.866667,0,1753.08,1217.69,4.635799561546685,0.0,-10.767695655827469,-0.004558379791560856,1.3830251985380086,0.01751977149153789
293,4.883333,0,1750.47,1215.17,4.636386099614966,0.0,-10.76995554821108,-0.004447961608439143,1.3829521014619914,0.01719435950846211
294,4.9,0,1748.33,1214.39,4.613294479797024,0.0,-10.735614825214496,-0.004342853999981558,1.3828832999999312,0.016912870000118593
295,4.916667,0,1745.74,1214.46,4.61941155484613,0.0,-10.763530397805727,-0.004290050180744872,1.382686398075944,0.017252417232546766
296,4.933333,0,1742.75,1214.08,4.6189649363103324,0.0,-10.763221516488082,-0.004209093019142029,1.3825902019239218,0.017264043767469473
297,4.95,0,1739.94,1209.88,4.60018730458308,0.0,-10.747737622215366,-0.004136525000050686,1.3825295000000424,0.0171606800000722
298,4.966667,0,1739.48,1210.38,4.527678225044616,0.0,-10.64130744998146,-0.004064923343478568,1.3824880994340132,0.016998745737699238
299,4.983333,0,1739.12,1209.59,4.527939789073554,0.0,-10.642056931822605,-0.003982098656579286,1.3824598005660065,0.01678563426244962
300,5.0,0,1736.59,1208.17,4.51316146639438,0.0,-10.617521864714261,-0.0038706213,1.3824396,0.016516276
301,5.016667,0,1732.51,1205.41,4.516566520742558,0.0,-10.615106249750722,-0.00404299448587503,1.382321999053989,0.017119005438065098
302,5.033333,0,1730.04,1206.7,4.515664802104895,0.0,-10.613588322705356,-0.003987291114086061,1.382274700945978,0.0171409075619502
303,5.05,0,1729.22,1206.47,4.578942852518346,0.0,-10.75424740704445,-0.0038609182998965265,1.382250499999986,0.01698049199983253
304,5.066667,0,1728.13,1204.39,4.601583847346903,0.0,-10.806728759785546,-0.003712762935982776,1.3822305996880127,0.016740702574221087
305,5.083333,0,1727.17,1204.54,4.601503120910734,0.0,-10.806762818940289,-0.0035645619642242716,1.382215000312009,0.016469413426157927
306,5.1,0,1725.94,1201.71,4.598398838219735,0.0,-10.799932996757164,-0.0034201443000504393,1.3822066000000028,0.01617491200010286
307,5.116667,0,1723.28,1198.88,4.619326810230207,0.0,-10.817964100075834,-0.0035868132447872325,1.3822492009399945,0.016480975421929188
308,5.133333,0,1719.94,1194.32,4.620994527750549,0.0,-10.822958560062178,-0.0035590535552127676,1.3822961990600056,0.016402074578070813
309,5.15,0,1715.08,1191.41,4.820411135520847,0.0,-11.195832596327568,-0.003486906599978756,1.3823478000000204,0.01622583199994748
310,5.166667,0,1714.46,1188.2,4.94157592287308,0.0,-11.447901289667739,-0.003426081521402429,1.3824065013320388,0.016075455904319007
311,5.183333,0,1705.41,1193.13,4.938399227566239,0.0,-11.44349077240679,-0.0033821546785362043,1.3824730986680542,0.015970679095534616
312,5.2,0,1700.69,1191.97,5.022033713204367,0.0,-11.629314287187169,-0.00335311900002028,1.3825371999999552,0.01588917300005693
313,5.216667,0,1697.87,1191.74,5.187968520290734,0.0,-12.017109780621723,-0.003623283542999418,1.3824737007199832,0.0165736968361674
314,5.233333,0,1692.11,1194.89,5.1856194640032305,0.0,-12.013594419915085,-0.0037104320569397078,1.3825096992799917,0.016815501163663697
315,5.25,0,1684.52,1194.18,5.275869644160514,0.0,-12.21395130117055,-0.003734,1.3825781,0.01690893
316,5.266667,0,1678.92,1188.1,5.376680907261302,0.0,-12.396888106417657,-0.0037279919600020418,1.3826454012440144,0.01693267171031663
317,5.283333,0,1672.66,1181.34,5.3797845904004,0.0,-12.40629300703507,-0.003710992939986084,1.382707598756029,0.016918188289673255
318,5.3,0,1662.69,1175.73,5.439413573898497,0.0,-12.455560619095117,-0.003913129000040466,1.3824853999999616,0.016869822999990857
319,5.316667,0,1657.43,1167.67,5.460303391094392,0.0,-12.482373918103654,-0.003971068032332458,1.3824302996740132,0.01685673419929188
320,5.333333,0,1651.92,1158.06,5.464863877539688,0.0,-12.494856049822051,-0.003987684667644327,1.3824140003260095,0.016866698800694198
321,5.35,0,1649.05,1152.16,5.5042873298089114,0.0,-12.589701029432858,-0.003990687399998951,1.3824100000000012,0.016908836999985282
322,5.366667,0,1648.32,1143.87,5.526938964472929,0.0,-12.708525934256231,-0.003984448487002986,1.3824112000739994,0.01697602110129359
323,5.383333,0,1647.44,1137.68,5.530444336962097,0.0,-12.716836925868202,-0.003958799512997014,1.3824148999260004,0.017031083898706414
324,5.4,0,1644.69,1129.23,5.477602762858204,0.0,-12.605073401242226,-0.004428260000033725,1.3820105999999577,0.017233696000000527
325,5.416667,0,1642.65,1125.12,5.464610861432923,0.0,-12.551677324648914,-0.004524819134622455,1.3818889997939938,0.01723520661779977
326,5.433333,0,1638.51,1124.09,5.464593480728632,0.0,-12.553143704295772,-0.004501551865345039,1.3818787002059916,0.017166101382103685
327,5.45,0,1633.82,1122.95,5.458263884596127,0.0,-12.520410645962903,-0.00445354730003353,1.3819221999999696,0.017117929000033647
328,5.466667,0,1633.42,1121.53,5.471338043494561,0.0,-12.531584764866853,-0.004413276634034521,1.381992601677961,0.017105661630045333
329,5.483333,0,1631.99,1121.72,5.471379697354511,0.0,-12.532116489599318,-0.00439497866597826,1.3820764983219804,0.017137163369932665
330,5.5,0,1626.01,1121.25,5.480458134526032,0.0,-12.55414016318562,-0.0047266535,1.3818678,0.017158607
331,5.516667,0,1623.94,1122.17,5.487038387042406,0.0,-12.557687215421968,-0.004844114955131119,1.381859101032012,0.017219340637679065
332,5.533333,0,1622.99,1123.52,5.486292130960443,0.0,-12.556336768487338,-0.004891869044902238,1.3819106989680239,0.01730122036237813
333,5.55,0,1620.5,1123.49,5.517570397788144,0.0,-12.599270581099415,-0.004916385000003474,1.3819861000000608,0.017393176000054588
334,5.566667,0,1618.29,1123.68,5.521314589769441,0.0,-12.59341537723238,-0.004921359393908323,1.3820733019259215,0.017471337474919902
335,5.583333,0,1616.85,1123.59,5.521551031998449,0.0,-12.594385200228249,-0.004916054806099088,1.3821695980739441,0.01754508352497707
336,5.6,0,1617.23,1123.73,5.527581938448277,0.0,-12.600270930122448,-0.004912600000001206,1.3822674999999658,0.017631679999969757
337,5.616667,0,1615.96,1124.38,5.527367539384701,0.0,-12.621696653590892,-0.005143883031758172,1.3820445993760035,0.017501703274338403
338,5.633333,0,1616.01,1124.55,5.527050174470725,0.0,-12.621170868180773,-0.005245467468241828,1.3820134006239964,0.017515419725661598
339,5.65,0,1618.38,1124.47,5.424724313713051,0.0,-12.436213741056529,-0.005299759600007115,1.3820331000000101,0.017546977999997198
340,5.666667,0,1618.19,1122.92,5.363355290451392,0.0,-12.299957253900095,-0.005320131942028313,1.3820621004980145,0.017538953153955376
341,5.683333,0,1617.34,1123.32,5.363118777969521,0.0,-12.2997459653663,-0.0053172335579676384,1.3820869995020204,0.017496653845985533
342,5.7,0,1615.91,1119.42,5.32023317531404,0.0,-12.18807569242199,-0.005293183000016799,1.3821002999999907,0.017425533000049676
343,5.716667,0,1614.71,1118.68,5.247003102605346,0.0,-11.98119866051789,-0.005125652631021186,1.3817342973040627,0.017097065295906242
344,5.733333,0,1613.7,1114.72,5.2485029020253435,0.0,-11.984978910317864,-0.005037205169040594,1.3815995026960315,0.016911863704223123
345,5.75,0,1613.12,1112.56,5.215747160043033,0.0,-11.900879695572332,-0.0049882582,1.3815461,0.01679264
346,5.766667,0,1613.31,1110.77,5.1810766567070905,0.0,-11.828668742489644,-0.0049661097055485725,1.3815330999619995,0.016722144991268256
347,5.783333,0,1613.47,1109.8,5.181597738908796,0.0,-11.829828460735092,-0.004951387894441144,1.3815312000379991,0.016671711008696515
348,5.8,0,1613.78,1108.86,5.1471325069559,0.0,-11.77457928004203,-0.004940284000053053,1.3815388999998666,0.0166366640000372
349,5.816667,0,1613.85,1107.07,5.1358253058264625,0.0,-11.759489271916982,-0.0050162451417042255,1.3813478992940287,0.016689926009619608
350,5.833333,0,1614.14,1106.15,5.1361852513763,0.0,-11.760238459146999,-0.005023330358285875,1.3813126007060206,0.01669040699037972
351,5.85,0,1613.45,1104.2,5.112144738671258,0.0,-11.712119634971703,-0.004997030000009187,1.3813367999999915,0.016652294000013314
352,5.866667,0,1612.57,1101.52,5.081100548452859,0.0,-11.632051601302535,-0.004934723982731744,1.3813891014959914,0.016569380364675344
353,5.883333,0,1611.31,1098.3,5.0828867897298275,0.0,-11.636482926135217,-0.0048338640172682565,1.3814638985040086,0.016437618635324655
354,5.9,0,1610.15,1092.54,5.023661532160134,0.0,-11.50212978054389,-0.004608534299947707,1.381417600000022,0.01637793699995377
355,5.916667,0,1609.94,1087.91,4.99072253575687,0.0,-11.447079120962197,-0.004458812610078443,1.381480602028059,0.0162455742306194
356,5.933333,0,1609.79,1086.17,4.992012180500219,0.0,-11.449963155340974,-0.00433932478975463,1.3815819979720827,0.01610711476918717
357,5.95,0,1609.59,1085.35,4.95686095482767,0.0,-11.392670753435436,-0.004236452300071853,1.381693799999922,0.015974492000092634
358,5.966667,0,1608.7,1083.15,4.898223473650028,0.0,-11.292768340664297,-0.004149008423496706,1.3818083020539522,0.015860577736832693
359,5.983333,0,1607.02,1075.36,4.902018889048976,0.0,-11.30204851846247,-0.004070184576558353,1.381910997945976,0.015747421263246346
360,6.0,0,1604.87,1068.67,4.892162976780286,0.0,-11.288395060573336,-0.003999099,1.3820039,0.015629573
361,6.016667,0,1602.72,1060.68,4.86776993746254,0.0,-11.252303421543997,-0.003989055012462832,1.3818836000400005,0.01564895058590354
362,6.033333,0,1600.67,1056.81,4.8693092838342835,0.0,-11.25653074713762,-0.003949680187509665,1.3818855999600008,0.015578249414047077
363,6.05,0,1600.15,1051.47,4.827627881999962,0.0,-11.201966694370157,-0.0038934621999523722,1.381926000000037,0.015467069999898083
364,6.066667,0,1599.53,1048.17,4.805873836521571,0.0,-11.176495910607178,-0.0038252678817160156,1.3819791011579527,0.015321143335089335
365,6.083333,0,1600.1,1038.4,4.8105707986257755,0.0,-11.18728555280633,-0.003739353618404013,1.3820369988419663,0.015137897665166673
366,6.1,0,1599.17,1034.86,4.770684121514435,0.0,-11.128452811153887,-0.0039363651999311895,1.3818991000000482,0.015035959000035602
367,6.116667,0,1600.0,1029.78,4.640149481824744,0.0,-10.86976588489006,-0.003922190141830817,1.3818893006759962,0.014850027734524833
368,6.133333,0,1599.26,1024.98,4.642265189894578,0.0,-10.874983713641376,-0.0038292848581691825,1.381923099324004,0.014636761265475168
369,6.15,0,1598.4,1023.51,4.543308488067138,0.0,-10.639647911603717,-0.003706546999955566,1.3819764000000236,0.01441781999993886
370,6.166667,0,1597.55,1019.55,4.527925012105397,0.0,-10.597088687197283,-0.003579323634819163,1.3820436016080468,0.014242763111445034
371,6.183333,0,1596.42,1020.8,4.5276767637945365,0.0,-10.596664074513393,-0.003461072765015638,1.3821239983920655,0.014148341888423057
372,6.2,0,1595.71,1022.47,4.542058861550611,0.0,-10.624830883417818,-0.003359995800070599,1.382218399999934,0.014132846000010822
373,6.216667,0,1594.65,1022.72,4.571190393571116,0.0,-10.700269090818287,-0.003507048086371989,1.382112400337992,0.014491587573696793
374,6.233333,0,1593.88,1022.37,4.571290174874039,0.0,-10.700575539827089,-0.0035113666136249943,1.382129299661996,0.014670269426178394
375,6.25,0,1592.76,1022.3,4.5658243363137165,0.0,-10.700034339949745,-0.0034712553,1.3821933,0.014796641
376,6.266667,0,1591.28,1023.99,4.5612659225677685,0.0,-10.73416364655641,-0.003410531434317773,1.3822743016240189,0.014910603072284126
377,6.283333,0,1592.44,1023.08,4.56212033023426,0.0,-10.735531329181457,-0.003332251365627548,1.3823554983760378,0.015014211927788247
378,6.3,0,1593.59,1022.06,4.497010939337962,0.0,-10.630770260807253,-0.0032115927999124944,1.3826576000000934,0.014414371999878321
379,6.316667,0,1594.78,1019.82,4.473984809093773,0.0,-10.593247914967403,-0.0030863011303127828,1.3827914014759397,0.014240152124185687
380,6.333333,0,1594.57,1019.69,4.474382945608996,0.0,-10.59398463362326,-0.0029528166698737043,1.3828651985239568,0.014196361375875492
381,6.35,0,1596.85,1019.8,4.463816386133204,0.0,-10.581917778246712,-0.0028129169000488613,1.3829180999999815,0.014207157999996228
382,6.366667,0,1595.5,1019.48,4.402389647220504,0.0,-10.449309173881794,-0.0026517250387553147,1.3829564006479964,0.014220283551862608
383,6.383333,0,1594.09,1018.98,4.4026995615758455,0.0,-10.45006780797304,-0.0024686690612446853,1.3829887993520036,0.014197877448137391
384,6.4,0,1591.54,1017.78,4.336744644517273,0.0,-10.285288480087914,-0.00228030980001775,1.3830304999999807,0.01414902699986609
385,6.416667,0,1591.63,1016.68,4.3310226405361565,0.0,-10.266026653925753,-0.0023311285840689694,1.3829752001960056,0.013765623380583764
386,6.433333,0,1588.78,1017.4,4.330541230318679,0.0,-10.265675466318573,-0.002250337615818164,1.3829849998040078,0.01363466161923328
387,6.45,0,1587.66,1017.7,4.322819670348895,0.0,-10.248229251594221,-0.002128735200084936,1.3830254999999718,0.013594396000028123
388,6.466667,0,1585.94,1017.38,4.3003698927648975,0.0,-10.206463355754101,-0.0019922004767417333,1.3830838012739703,0.013580545686627296
389,6.483333,0,1584.13,1016.97,4.300649595215758,0.0,-10.207352024555021,-0.0018510399233568685,1.383147498725985,0.013564877313383648
390,6.5,0,1582.38,1016.4,4.2823076825599475,0.0,-10.165592370581098,-0.00203415,1.3828773,0.01340688
391,6.516667,0,1579.29,1014.09,4.254606261262278,0.0,-10.068451439022667,-0.002041453386264855,1.3828149001360017,0.013328369385202843
392,6.533333,0,1576.95,1013.24,4.254692754030615,0.0,-10.069308852623507,-0.002010768213713711,1.3828216998640033,0.013297631114775686
393,6.55,0,1574.41,1013.26,4.268167711455867,0.0,-10.10545896706577,-0.0019883363999895977,1.3828522000000218,0.013321852000037101
394,6.566667,0,1573.51,1012.16,4.260212304313649,0.0,-10.10453165672061,-0.001973442304196128,1.382883300467981,0.013374973869924553
395,6.583333,0,1572.46,1008.96,4.261319465087654,0.0,-10.10740134882451,-0.0019536520958315204,1.3829066995319863,0.01341847013001468
396,6.6,0,1570.86,1005.79,4.247970887234588,0.0,-10.089225803762613,-0.002085879399953817,1.382699800000072,0.013200527000076121
397,6.616667,0,1569.42,1002.48,4.237477780172273,0.0,-10.070056447760084,-0.0021168958380021075,1.3826415997900012,0.013092037004531617
398,6.633333,0,1567.11,999.97,4.238083769169354,0.0,-10.072253338678486,-0.0020987965619978927,1.3826311002099987,0.012992266995468382
399,6.65,0,1563.36,1000.03,4.2144882081103185,0.0,-10.009006606530459,-0.0020489617999765045,1.3826382000000035,0.012875832999958483
400,6.666667,0,1559.22,997.12,4.184689914440996,0.0,-9.94588863710363,-0.001981689116833744,1.382648300204006,0.012756960184627165
401,6.683333,0,1558.18,998.29,4.184272471335929,0.0,-9.945117770408217,-0.0019125355830696474,1.3826584997960083,0.012666197815246038
402,6.7,0,1557.09,996.86,4.168718573401645,0.0,-9.92320970095733,-0.001638571400191358,1.3825825000000531,0.01226877600027759
403,6.716667,0,1556.27,994.14,4.18736802014567,0.0,-10.006594088017316,-0.0015281849152732555,1.3825974013919677,0.012164718238634444
404,6.733333,0,1555.31,991.25,4.188521906981317,0.0,-10.009513840836314,-0.0014739494847646284,1.3826669986079838,0.012176649761357223
405,6.75,0,1554.15,982.98,4.203825686223314,0.0,-10.068151327961376,-0.001434423,1.3827648,0.012212452
406,6.766667,0,1554.11,976.16,4.1814969597041936,2.220446049250313e-16,-10.042091205210683,-0.0013889137121661718,1.3828720020280236,0.012225342787137522
407,6.783333,0,1553.23,970.62,4.183678552962281,0.0,-10.047497532015393,-0.0013295250877923448,1.3829733979720473,0.012214700212855045
408,6.8,0,1552.21,969.09,4.177508982707795,0.0,-10.02879904279764,-0.0012974887999861564,1.3828394000000017,0.01228253700006192
409,6.816667,0,1548.95,962.64,4.197447909954592,0.0,-10.079352361884652,-0.0012776678943060824,1.3828421006519733,0.012371198363553318
410,6.833333,0,1549.15,955.5,4.200046762003933,0.0,-10.085461335123632,-0.0012873832056803443,1.382874699347981,0.012514376136246654
411,6.85,0,1548.54,952.65,4.210827455238858,0.0,-10.111855534897455,-0.001314145699990653,1.3828936999999932,0.012675936999943573
412,6.866667,0,1547.09,953.12,4.2120452959957735,0.0,-10.101551095139122,-0.0013456351322003195,1.3828933997180015,0.01283046884442344
413,6.883333,0,1545.83,954.94,4.211191408427967,0.0,-10.099800014258783,-0.0013772440677996805,1.3828793002819983,0.01297268515557656
414,6.9,0,1546.12,952.05,4.19744617486355,0.0,-10.045889401819096,-0.0014915814000190934,1.3824271999999418,0.013247101000058959
415,6.916667,0,1546.02,948.28,4.2037707545841645,0.0,-10.061443435235972,-0.0015462495697664033,1.3822607986759616,0.013415907985966905
416,6.933333,0,1546.1,948.2,4.203567731253779,0.0,-10.060876684242121,-0.0015847352302873618,1.3821946013239461,0.013565196014241655
417,6.95,0,1546.58,945.0,4.201582007509652,0.0,-10.064631320084466,-0.0016104999999820044,1.3821760000000132,0.013700328999905614
418,6.966667,0,1547.22,941.72,4.18552961255051,0.0,-10.043396607326882,-0.0016236975445692906,1.3821768001899957,0.013814882132070359
419,6.983333,0,1547.88,940.14,4.186182215384367,0.0,-10.04466374258642,-0.0016209260554326452,1.3821862998099979,0.013921483867855178
420,7.0,0,1548.1,942.26,4.186146592520543,0.0,-10.047369538731076,-0.0016026571,1.3821988,0.014036886
421,7.016667,0,1547.86,942.55,4.1919051444097715,0.0,-10.050268087017951,-0.0014194906296328828,1.382232100186002,0.013883583776109034
422,7.033333,0,1547.65,945.31,4.191025187244339,0.0,-10.047988425009866,-0.0013459760703157667,1.3822413998140044,0.01392238722391807
423,7.05,0,1547.59,950.22,4.214535343943073,0.0,-10.089794760598926,-0.0013136093999882518,1.3822401999999894,0.014021127000071267
424,7.066667,0,1547.11,950.59,4.215398928267927,0.0,-10.084660386111205,-0.001296788208593874,1.382224999462022,0.014123169533417518
425,7.083333,0,1546.55,950.75,4.215212625025124,0.0,-10.084268341471061,-0.0012822178914264817,1.3821981005380157,0.014199840466475369
426,7.1,0,1546.13,951.54,4.21863072895689,0.0,-10.08771344699545,-0.0012678454000050196,1.3821654000000114,0.014270469999975333
427,7.116667,0,1545.94,952.26,4.213381135387298,0.0,-10.052757685011258,-0.0011168754517998489,1.3822153996660018,0.014066005063451275
428,7.133333,0,1544.36,951.13,4.2136159702856615,0.0,-10.053728034998857,-0.001049467748200151,1.3821987003339982,0.013969180936548725
429,7.15,0,1544.55,951.24,4.166474092265308,0.0,-9.916670928037234,-0.001002810899983054,1.3821646999999855,0.013866737499950068
430,7.166667,0,1542.39,949.62,4.133794547118219,0.0,-9.831106806071517,-0.0009542917115772328,1.3821233991039739,0.013723772840888056
431,7.183333,0,1543.51,947.18,4.1346512011669345,0.0,-9.832875594215595,-0.0009048739883537299,1.3820786008959636,0.013565828158891293
432,7.2,0,1542.72,945.42,4.10976673238755,0.0,-9.772140762141168,-0.0008571744000333165,1.3820401000000269,0.0134342555000919
433,7.216667,0,1542.44,945.13,4.085335122287944,0.0,-9.717296066022502,-0.0008795159713223242,1.3821205001659962,0.012807032493548205
434,7.233333,0,1542.09,943.99,4.085707289164346,0.0,-9.718535998743546,-0.0008680822786856623,1.3821287998339982,0.012531714506644106
435,7.25,0,1542.35,943.92,4.071694980678269,0.0,-9.688910979163035,-0.0008504963,1.3821181,0.012371451
436,7.266667,0,1542.8,941.51,4.049978003352606,0.0,-9.65646142836805,-0.0008447770369555376,1.3821138003100035,0.012262665742025355
437,7.283333,0,1542.99,939.07,4.0508117813448425,0.0,-9.658520745178729,-0.0008651237630586747,1.3821292996900072,0.01219977025793071
438,7.3,0,1543.42,937.35,4.0403033148775,0.0,-9.659206765271636,-0.0005736276499632313,1.3824700000001293,0.012242909500016759
439,7.316667,0,1543.87,936.25,4.035140084926036,0.0,-9.65689184820394,-0.0005209873179454965,1.3826549031618711,0.012266904309147404
440,7.333333,0,1543.82,931.73,4.037025422273494,0.0,-9.66149014200848,-0.0005468846120183246,1.3828129968379081,0.012282361690831002
441,7.35,0,1544.92,928.45,4.028416650461206,0.0,-9.651692923045402,-0.0006159221999758877,1.3829916999999377,0.012313143999989248
442,7.366667,0,1544.11,927.06,4.0597727312799545,0.0,-9.744895160360581,-0.0007243384339229197,1.3831974045499735,0.012374152984781357
443,7.383333,0,1543.9,927.49,4.060130960559044,0.0,-9.746092932873866,-0.0008710295660770803,1.3834248954500266,0.012448389515218643
444,7.4,0,1544.06,926.71,4.108596451055506,0.0,-9.865497389552873,-0.0010480060999536627,1.3836489000001355,0.012510996000031055
445,7.416667,0,1542.98,926.72,4.154124217496248,0.0,-9.95695553033615,-0.0009153377358385202,1.3840367048541413,0.012599912396551541
446,7.433333,0,1540.85,922.4,4.156005791801883,0.0,-9.962304995600748,-0.0010021236642827303,1.3842793951461978,0.012619738603476158
447,7.45,0,1537.83,922.9,4.203927967659031,0.0,-10.05241621079228,-0.0011407136999031988,1.3844629999998717,0.012578830000028574
448,7.466667,0,1535.17,921.94,4.237519434493212,0.0,-10.098647856327274,-0.0012735499063359736,1.3846104025519406,0.012481377620315407
449,7.483333,0,1533.64,919.01,4.238652308789269,0.0,-10.102225136714184,-0.0013938646935799854,1.3847379974479703,0.012362395379767703
450,7.5,0,1532.26,916.15,4.243784412353044,0.0,-10.108401461128569,-0.0010732263,1.3844973,0.012299746
451,7.516667,0,1530.15,915.84,4.26859560957063,0.0,-10.163116010727927,-0.001043559684410445,1.3844637007400087,0.012237861225870988
452,7.533333,0,1528.01,915.85,4.268385418234596,0.0,-10.163481794048696,-0.0011227761156448882,1.3845006992600173,0.012199156774101976
453,7.55,0,1525.98,914.5,4.322275295562015,0.0,-10.274967684938604,-0.0012585744001253909,1.384564800000053,0.012189425500011869
454,7.566667,0,1524.29,912.58,4.334340018852122,0.0,-10.30469395097408,-0.0014380979547046432,1.384640901641933,0.012206417757759125
455,7.583333,0,1522.52,910.41,4.3349807690048845,0.0,-10.30723374539259,-0.0016508333449981615,1.384722998357952,0.012244305742187944
456,7.6,0,1521.63,909.9,4.341687455728679,0.0,-10.327173122040822,-0.0018847558999183,1.384803399999972,0.012302960999979514
457,7.616667,0,1520.05,910.59,4.383528656383896,0.0,-10.425577187474715,-0.0014579869795443726,1.3845919992660043,0.012415905269836786
458,7.633333,0,1519.67,914.93,4.381720888086149,0.0,-10.421288717672418,-0.0014719637204556274,1.3845553007339957,0.012529393230163215
459,7.65,0,1517.16,915.25,4.4647379048666425,0.0,-10.600469234192518,-0.0016374960000779034,1.384570100000007,0.012623927000022971
460,7.666667,0,1514.68,914.43,4.483042218578921,0.0,-10.636910624822308,-0.0018605489648775887,1.3845907001360038,0.012689698985344127
461,7.683333,0,1513.88,914.32,4.482769732010813,0.0,-10.637066923497395,-0.00210377603546223,1.3845974998640054,0.012713964514689776
462,7.7,0,1512.69,915.76,4.476079600415004,0.0,-10.617408012600206,-0.002357706399822638,1.384594600000002,0.012706149000005459
463,7.716667,0,1511.29,916.37,4.460104197190754,0.0,-10.58941635076047,-0.0020590708338076016,1.3842046972200648,0.012576610664621091
464,7.733333,0,1510.72,915.98,4.459684274795294,0.0,-10.588799124090865,-0.0021157602661528003,1.3840657027800325,0.012509842835425547
465,7.75,0,1509.01,916.39,4.450690648085786,0.0,-10.573571271105468,-0.002266109,1.3840142,0.01245855
466,7.766667,0,1508.27,916.49,4.462944437297067,0.0,-10.620369611478191,-0.0024312295260747207,1.383993499978,0.01242702597839975
467,7.783333,0,1507.18,917.74,4.462157853965245,0.0,-10.619227630396257,-0.002597524674041438,1.3839924000219994,0.012425946021599497
468,7.8,0,1505.81,919.15,4.4819112248128885,0.0,-10.688801865126438,-0.0023744032000159905,1.383904499999978,0.012502251000023256
469,7.816667,0,1502.91,918.87,4.477441985943687,0.0,-10.680349473573933,-0.0023972988079419633,1.3838729996400145,0.012535546289288213
470,7.833333,0,1500.81,918.47,4.477178030067681,0.0,-10.680642441430129,-0.0025126959918968243,1.3838550003600105,0.012550010710691579
471,7.85,0,1499.79,918.14,4.476306351438087,0.0,-10.673126389893701,-0.0026721183999443197,1.3838397000000053,0.012561054999996142
472,7.866667,0,1495.93,917.16,4.4838101118511275,0.0,-10.650185679142416,-0.002853546366050075,1.3838211997020018,0.012553976492382954
473,7.883333,0,1493.03,918.42,4.4827353311615115,0.0,-10.649004309055837,-0.003041842433949925,1.3838063002979983,0.012528596507617045
474,7.9,0,1492.5,919.15,4.50924681295898,0.0,-10.684572959989469,-0.0032342448998913713,1.383798099999935,0.01248340500006728
475,7.916667,0,1490.65,919.18,4.502016452712003,0.0,-10.677676561920391,-0.002923225404179211,1.3836124986859617,0.012676040628838302
476,7.933333,0,1491.15,919.78,4.501628239986051,0.0,-10.676553225380786,-0.0029184346958140953,1.3835468013139465,0.012707480371205624
477,7.95,0,1490.42,918.0,4.476870550712794,0.0,-10.633994392008587,-0.0029929875999479263,1.383513600000023,0.01267048700002584
478,7.966667,0,1488.37,917.77,4.466097399269985,0.0,-10.618171300817684,-0.003082858343187085,1.3834871991960187,0.012608006199021932
479,7.983333,0,1486.92,915.97,4.466410717329329,0.0,-10.61968588046816,-0.0031750161567485414,1.3834470008040094,0.012517958801040967
480,8.0,0,1482.82,913.98,4.446116757402777,0.0,-10.56321829019101,-0.0032650582,1.3833925,0.0123846885
481,8.016667,0,1480.11,912.67,4.427042177288562,0.0,-10.482370606608468,-0.0025968562760086467,1.3831959977999744,0.012372144621792314
482,8.033333,0,1476.05,908.21,4.428119503814025,0.0,-10.485866219482496,-0.0024106663238612877,1.3830860021999487,0.012253240378124624
483,8.05,0,1473.1,907.47,4.412999058523485,0.0,-10.424199319581138,-0.0023907200000380636,1.383002999999954,0.012084463999882413
484,8.066667,0,1470.96,906.39,4.415782360466121,0.0,-10.437233588587425,-0.0024452128222377536,1.3829370989080445,0.011916128027821101
485,8.083333,0,1469.34,904.79,4.415941173854016,0.0,-10.438474373154131,-0.0025363247776349616,1.3828825010920318,0.01176751897238651
486,8.1,0,1467.68,903.9,4.418352385966109,0.0,-10.46006715357401,-0.002164512900129862,1.3827114000000598,0.011773744999997825
487,8.116667,0,1467.34,902.55,4.3845667143272005,0.0,-10.415166959255346,-0.002077221625523598,1.3826313989060064,0.011695123668873571
488,8.133333,0,1465.8,901.68,4.3845601683041595,0.0,-10.415709361080932,-0.002063498274476402,1.3825767010939936,0.01157857133112643
489,8.15,0,1464.04,899.82,4.384478312255853,0.0,-10.418209770218489,-0.002064079000005732,1.3825233999999818,0.01145788099996482
490,8.166667,0,1462.36,899.27,4.389500083455229,0.0,-10.41541843555016,-0.002080490649114892,1.3824709989019681,0.011357155006941993
491,8.183333,0,1460.21,899.48,4.388968871311403,0.0,-10.414989864432599,-0.0021129441509304464,1.3824161010979552,0.011257508992918799
492,8.2,0,1457.6,896.64,4.389980007314941,0.0,-10.398953350713747,-0.0016687611003102776,1.3822888000000888,0.0116785319997059
493,8.216667,0,1454.57,895.64,4.403382621682989,0.0,-10.386015080502347,-0.0015485506607578995,1.382223399052022,0.011769106964680821
494,8.233333,0,1451.93,892.2,4.404250698173346,0.0,-10.388840403895014,-0.0015315888392539493,1.382176000948011,0.011767341035320412
495,8.25,0,1449.71,887.77,4.392203582139894,0.0,-10.355542065740007,-0.0015417611,1.3821397,0.011750724
496,8.266667,0,1446.56,882.34,4.360247775104686,0.0,-10.29497343042912,-0.001553967859481021,1.382111299643996,0.011747442086501008
497,8.283333,0,1446.21,879.01,4.361377333404053,0.0,-10.297786631750627,-0.001566941240528042,1.3820935003559918,0.011751766913502014
498,8.3,0,1444.32,878.18,4.369540388082109,0.0,-10.308497091376609,-0.0014591812999751746,1.3818926999999523,0.012174621000106097
499,8.316667,0,1442.3,874.47,4.367087782514328,0.0,-10.297237824208114,-0.001423641767701465,1.3818242994120238,0.012326508218150367
500,8.333333,0,1441.73,872.16,4.367803403736072,0.0,-10.299018148716735,-0.0014120268323147614,1.3817949005880172,0.012387415781764544
501,8.35,0,1439.99,870.48,4.365109403334385,0.0,-10.290584331639677,-0.001416824799998324,1.3817801000000052,0.01243076499998486
502,8.366667,0,1439.55,868.19,4.338801703780549,0.0,-10.219881436524933,-0.001426399024506693,1.381769399832001,0.012458654392797712
503,8.383333,0,1438.63,864.52,4.340011377378402,0.0,-10.223027359257507,-0.001437623975493307,1.381761000167999,0.012478293607202286
504,8.4,0,1437.87,862.48,4.3195175450889325,0.0,-10.149233398288159,-0.001489636800002199,1.3813334999999523,0.012816131000047866
505,8.416667,0,1437.8,861.9,4.316653305667027,0.0,-10.132105402145037,-0.00149593242167681,1.3811965991939765,0.01295318082305306
506,8.433333,0,1436.67,860.69,4.316851069039196,0.0,-10.13279546911586,-0.001487016878310735,1.381156300805967,0.013044327177074275
507,8.45,0,1436.94,860.59,4.309677103861094,0.0,-10.112294409203527,-0.0014736155000093611,1.3811486000000053,0.013132525999938392
508,8.466667,0,1437.53,862.26,4.289432532882641,0.0,-10.084491137087602,-0.0014694979803518003,1.381155700347992,0.01324694289837251
509,8.483333,0,1438.14,861.1,4.289961208962812,0.0,-10.08543545054134,-0.0014785154196419003,1.381173099651996,0.013391859101526257
510,8.5,0,1438.38,860.73,4.293733715849314,0.0,-10.10712050934628,-0.0020707697,1.3808358,0.013706915
511,8.516667,0,1438.64,860.37,4.284438482207922,0.0,-10.088769511211936,-0.0022749768197748567,1.3807460998019978,0.01391792858042168
512,8.533333,0,1438.13,861.35,4.283919076116686,0.0,-10.087705082556747,-0.002355961380281716,1.3807362001979955,0.01409694041970337
513,8.55,0,1437.38,857.26,4.291599777919789,0.0,-10.07792626714824,-0.002411447500048485,1.3807504000000212,0.014280762500144716
514,8.566667,0,1436.26,857.82,4.29748564855554,0.0,-10.08179504219491,-0.0024808587639281294,1.3807810008799641,0.014487937483477322
515,8.583333,0,1435.45,857.32,4.2976265468624195,0.0,-10.08234801464392,-0.002569055235948659,1.3808249991199744,0.014712111516209504
516,8.6,0,1434.75,856.1,4.299115082569924,0.0,-10.083590694572571,-0.0026717606999641288,1.3808835999999796,0.014946510999918134
517,8.616667,0,1433.93,856.0,4.287315058379487,0.0,-10.05913490658978,-0.0030281928525775718,1.3807203001939987,0.015101782597719054
518,8.633333,0,1433.2,855.62,4.287209854952229,0.0,-10.05937520720778,-0.0032208151474224286,1.3807299998060012,0.015281662402280944
519,8.65,0,1431.71,854.47,4.280037735621061,0.0,-10.039469067037198,-0.003361165500041407,1.3808012000000331,0.015473977000070784
520,8.666667,0,1429.52,856.14,4.2864694633275695,0.0,-10.046252405594403,-0.0034797215340359304,1.3808959019640572,0.015676646444209345
521,8.683333,0,1427.32,857.57,4.285906917288878,0.0,-10.045625183554034,-0.003596415266127093,1.38099409803608,0.015898841556101065
522,8.7,0,1425.14,857.53,4.303618021359311,0.0,-10.068763782970473,-0.003733167999904475,1.380720600000191,0.015993849999933637
523,8.716667,0,1422.66,858.02,4.3276677560439465,0.0,-10.091984718531766,-0.0038405303643262597,1.3806845005479873,0.01615246297913063
524,8.733333,0,1419.9,860.54,4.326437720417315,0.0,-10.089996953509244,-0.003938745035605131,1.3807118994519938,0.01630141702076532
525,8.75,0,1416.48,859.28,4.297140645287551,0.0,-10.008828898319742,-0.004114201,1.3807861,0.016510757
526,8.766667,0,1414.71,858.86,4.270316122373798,0.0,-9.928616980843682,-0.004188898902923168,1.3808209006360075,0.01659096961309878
527,8.783333,0,1410.62,856.72,4.270667762114989,0.0,-9.930687905099074,-0.004254041697122338,1.3808526993640147,0.01667162038695756
528,8.8,0,1409.28,853.91,4.249521312692537,0.0,-9.865037610050546,-0.004311196500147568,1.380880799999714,0.016753967999975035
529,8.816667,0,1408.26,849.91,4.232381049272035,0.0,-9.81746429900297,-0.004522451918898038,1.3804714974101056,0.016718226385944276
530,8.833333,0,1406.02,846.58,4.232820893832821,0.0,-9.8192981971576,-0.004603396880988879,1.3803420025900754,0.016737523614028766
531,8.85,0,1405.28,843.26,4.20832445129961,0.0,-9.751714817321552,-0.004644825999985531,1.3802967000000157,0.01677029999998855
532,8.866667,0,1402.88,841.43,4.16590217687574,0.0,-9.62775617348397,-0.00468107385547502,1.380273099814001,0.016815809502831253
533,8.883333,0,1401.59,840.9,4.165874618239218,0.0,-9.628076210784641,-0.00472384614452498,1.380263800185999,0.016890948497168747
534,8.9,0,1398.92,841.7,4.132815551899483,0.0,-9.54065919013667,-0.004775981000058344,1.3802707999999417,0.01699296799998038
535,8.916667,0,1397.64,838.14,4.119180836996157,0.0,-9.51087654984146,-0.004943030114341536,1.3801043993259805,0.01693679328879751
536,8.933333,0,1396.3,838.14,4.118836261705404,0.0,-9.510628173744623,-0.005048739885806142,1.3800707006739725,0.017001228711292508
537,8.95,0,1394.98,830.45,4.109502671632444,0.0,-9.487851118052896,-0.0051358489999391525,1.3800851999999897,0.017098163999932286
538,8.966667,0,1394.24,827.05,4.103750111280145,0.0,-9.461085171790344,-0.005214767211640801,1.380117400819981,0.017207516208468575
539,8.983333,0,1393.42,823.06,4.1050098480786295,0.0,-9.464289072889112,-0.005290347988306402,1.3801583991799904,0.01731793779145429
540,9.0,0,1392.46,826.63,4.107358306213784,0.0,-9.462463146961598,-0.005367726,1.3802086,0.017435696
541,9.016667,0,1391.06,823.27,4.13100464261064,0.0,-9.507235618033922,-0.005494137160153147,1.3802792012560146,0.017477751924742407
542,9.033333,0,1388.98,824.05,4.130613459675868,0.0,-9.507054808092283,-0.005602139239922298,1.3803419987440293,0.017573984075324817
543,9.05,0,1388.39,824.46,4.157444525116793,0.0,-9.586797375286245,-0.005716125000079861,1.3803968000000257,0.017687265000070743
544,9.066667,0,1389.1,823.79,4.159847777602721,0.0,-9.60298406782073,-0.005830454022551591,1.3804337003759846,0.017788538438681382
545,9.083333,0,1389.04,825.48,4.1592323540012615,0.0,-9.601736097740302,-0.00593158167730712,1.380452499623989,0.01786047256121812
546,9.1,0,1388.38,824.35,4.154576650383271,0.0,-9.59383174972661,-0.005671893700090701,1.3803488000000361,0.01743134900014988
547,9.116667,0,1388.41,824.76,4.152689065842155,0.0,-9.588092438140261,-0.005621128398597678,1.3802843988420068,0.01727818170956752
548,9.133333,0,1389.2,825.59,4.152300906802243,0.0,-9.58708519780542,-0.005641057601402323,1.3802265011579933,0.01721366229043248
549,9.15,0,1387.82,827.4,4.148178334182716,0.0,-9.605350000419856,-0.005691548300022825,1.3801706999999797,0.01719137799999638
550,9.166667,0,1389.4,826.85,4.149743526666417,0.0,-9.633593778782608,-0.0057569035490770935,1.380112198937969,0.017181020126863695
551,9.183333,0,1388.52,828.11,4.1489927713394685,0.0,-9.632265416250924,-0.005834352051031112,1.3800591010619567,0.01718736287314517
552,9.2,0,1392.5,828.42,4.152399324947838,0.0,-9.66768833971337,-0.005910394199946883,1.3800149000000308,0.017197636999992823
553,9.216667,0,1390.44,826.73,4.134801173757922,0.0,-9.651688094792423,-0.005803606503166883,1.3795978968420737,0.016714542569243172
554,9.233333,0,1388.31,827.17,4.134001223201913,0.0,-9.650533403040557,-0.0057587655968644414,1.3794400031580367,0.01649300843091158
555,9.25,0,1385.71,827.8,4.13173170165381,0.0,-9.63699536077305,-0.0057202578,1.3793726,0.016339349
556,9.266667,0,1383.1,829.32,4.1536085693292355,0.0,-9.664437177510962,-0.005678749872767534,1.3793511001160015,0.01620607075261384
557,9.283333,0,1381.49,829.15,4.1535494046321695,0.0,-9.664779210670662,-0.005642390127207067,1.379356899884003,0.01609370724730767
558,9.3,0,1381.17,829.2,4.153360975317739,0.0,-9.687687691101374,-0.005611146299938918,1.3793730999998866,0.015999507000123363
559,9.316667,0,1381.27,829.15,4.155682339463082,0.0,-9.711508664558052,-0.005523702692473275,1.37921059950602,0.016176112339986146
560,9.333333,0,1380.85,830.38,4.1552141959418245,0.0,-9.710359119957431,-0.005458326307618064,1.3791859004940143,0.0161931116599901
561,9.35,0,1381.11,830.51,4.148902794422395,0.0,-9.712440880510982,-0.005382091000026627,1.3791949999999968,0.016127039000023078
562,9.366667,0,1380.04,830.51,4.1015914715926485,0.0,-9.60839211255256,-0.005277330776248706,1.3792033998880007,0.015985174244001886
563,9.383333,0,1379.7,828.13,4.102448950810692,0.0,-9.610396377425205,-0.005151147523751294,1.3791978001119993,0.015797380755998115
564,9.4,0,1378.05,827.37,4.074553836062521,0.0,-9.529107880440153,-0.005017272999998582,1.3791832000000401,0.015607046000036573
565,9.416667,0,1375.83,826.36,4.077248522565152,0.0,-9.53787437592365,-0.005013211293729974,1.3792981006860199,0.015711759651489857
566,9.433333,0,1374.67,826.76,4.077164713320414,0.0,-9.537863984259957,-0.00494790230617878,1.379332399314028,0.015694335348485803
567,9.45,0,1372.51,826.47,4.08593519534793,0.0,-9.56737597864528,-0.004872570300052621,1.3793476999999894,0.015655644000027027
568,9.466667,0,1372.68,827.73,4.08514904448373,0.0,-9.59440191631578,-0.004792395463637088,1.3793608001959954,0.015612313677410797
569,9.483333,0,1371.26,827.35,4.08525076974787,0.0,-9.594878795818417,-0.004695578936430543,1.3793705998039976,0.015546185322635396
570,9.5,0,1369.83,823.78,4.0759295482342095,0.0,-9.57752413457355,-0.0049401373,1.3793243,0.015685545
571,9.516667,0,1366.15,822.91,4.068208544533634,0.0,-9.53097929495088,-0.00492553942425667,1.379307599837998,0.015638822756113877
572,9.533333,0,1363.26,820.31,4.068836112849455,0.0,-9.53311852223716,-0.004816757875667338,1.379299500161996,0.015526634243807753
573,9.55,0,1360.28,818.77,4.088210089452495,0.0,-9.553692522025372,-0.004673351999886914,1.379288999999989,0.015398911999901385
574,9.566667,0,1358.82,816.71,4.074950329599184,0.0,-9.533999080885748,-0.004511457303264399,1.37927349951202,0.015257733822449469
575,9.583333,0,1358.24,815.73,4.075305976929449,0.0,-9.534756893792535,-0.004341620396972884,1.3792491004880143,0.015098856177772504
576,9.6,0,1357.04,814.79,4.045491604025705,0.0,-9.4801824078353,-0.004163667600062151,1.37922050000001,0.014908975000066318
577,9.616667,0,1356.7,809.06,3.9976477714362684,0.0,-9.370065518529316,-0.0043908875161628195,1.3792257,0.014812650544660135
578,9.633333,0,1354.4,807.26,3.998001115862143,0.0,-9.371644616110446,-0.00436669648383718,1.3792257,0.014639889455339864
579,9.65,0,1351.23,805.79,3.998434640900383,0.0,-9.321527006429854,-0.004262849699957966,1.3792356000000083,0.014431725999926147
580,9.666667,0,1346.98,803.09,4.008781281879867,0.0,-9.325908484672249,-0.004142498123446819,1.3792596007380213,0.014220269019484129
581,9.683333,0,1344.66,798.59,4.010180061234836,0.0,-9.329728549688253,-0.004023678676387175,1.37929649926203,0.014021256980237826
582,9.7,0,1343.61,797.11,4.016542293894534,0.0,-9.339600169991398,-0.004089206499954225,1.3793818999999403,0.014128803999924873
583,9.716667,0,1342.94,793.67,4.043343527735143,2.220446049250313e-16,-9.417577323975776,-0.0040463763186391515,1.3794787022839468,0.014103068515174575
584,9.733333,0,1343.38,792.37,4.044221908231821,0.0,-9.419386015353595,-0.003962309681419575,1.3795928977159735,0.014028828484877288
585,9.75,0,1343.5,793.67,4.053301515423533,0.0,-9.451540922646467,-0.0038630068,1.3797175,0.013915291
586,9.766667,0,1343.78,795.42,4.057829656708553,0.0,-9.486796927564706,-0.0037631497362903034,1.3798360022780265,0.01376597643942855
587,9.783333,0,1343.57,795.17,4.058316816011166,0.0,-9.487955282787553,-0.0036699690636446043,1.379949897722053,0.013587957060447093
588,9.8,0,1344.13,793.51,4.069357105927085,0.0,-9.523140728390503,-0.0035940483001907757,1.3800477999999083,0.01338765400027434
589,9.816667,0,1342.93,793.98,4.0756353272073556,0.0,-9.543055365803305,-0.0038671586088802976,1.3799165003759846,0.013780389820536568
590,9.833333,0,1341.85,793.98,4.075488421453573,0.0,-9.543182734624535,-0.00395760269099334,1.379935299623989,0.013821416679406113
591,9.85,0,1342.65,794.15,4.075813409102029,0.0,-9.55184097568328,-0.003982767499991211,1.3799968999999785,0.013761900000020788
592,9.866667,0,1342.61,792.18,4.062856534717844,0.0,-9.550184500998157,-0.003980159639364936,1.3800709016359904,0.013693235014215743
593,9.883333,0,1343.09,792.75,4.062970593401731,0.0,-9.550347607391664,-0.003972128160635064,1.3801526983640096,0.013643947485784257
594,9.9,0,1342.81,794.39,4.0934773004487095,0.0,-9.642146170705699,-0.004156036000026526,1.379742599999974,0.013804682000018529
595,9.916667,0,1343.35,795.67,4.102489790612687,0.0,-9.670520511423996,-0.0042319827042485,1.3796682005760168,0.013857732007660222
596,9.933333,0,1343.12,795.67,4.102516229454892,0.0,-9.67073065743891,-0.004267192695800693,1.3796969994240234,0.013858114992340314
597,9.95,0,1342.79,796.48,4.1069673342598705,0.0,-9.68810248286421,-0.004282161599989544,1.3797485999999641,0.013827231000021574
598,9.966667,0,1343.09,796.85,4.114682355794806,2.220446049250313e-16,-9.722632561906185,-0.004286584964430828,1.3798095013139693,0.013786794186298947
599,9.983333,0,1342.44,797.49,4.114598372043547,0.0,-9.722654431480821,-0.004284806535570414,1.3798751986859847,0.013746109813729472
600,10.0,0,1342.25,798.28,4.115114598078517,0.0,-9.734562129658096,-0.004266975,1.3799405,0.0136989355
601,10.016667,0,1342.8,799.61,4.103052012705333,0.0,-9.72056856051754,-0.00438252158154677,1.3793985970499656,0.013647253752345476
602,10.033333,0,1343.35,798.09,4.103147193988978,0.0,-9.720771625914736,-0.004411597418473541,1.3792511029499315,0.01358487424761095
603,10.05,0,1344.03,797.31,4.078519156464369,0.0,-9.668203169834298,-0.004418306000005246,1.3792320000000131,0.013501036999932423
604,10.066667,0,1343.5,796.91,4.069079663446758,0.0,-9.648696464689417,-0.004425816632518377,1.3792508004259827,0.013404292978442367
605,10.083333,0,1342.49,795.89,4.069350406357278,0.0,-9.649779874944306,-0.004447442567451408,1.3792720995739876,0.01330321502169885
606,10.1,0,1341.7,797.21,4.058774716904903,0.0,-9.638148164420896,-0.004160349700100272,1.378840000000151,0.01310722900006845
607,10.116667,0,1340.72,796.99,4.051327512334076,0.0,-9.62323950457663,-0.004087619138500107,1.3786897987640072,0.012994131165630689
608,10.133333,0,1339.79,797.19,4.051002307332707,0.0,-9.622778832037087,-0.004069544761499893,1.3786280012359928,0.01290241583436931
609,10.15,0,1338.82,796.6,4.049710030153941,0.0,-9.59698794124467,-0.004057084699995587,1.3785867999999881,0.012814135999972475
610,10.166667,0,1337.67,796.72,4.048292224206435,0.0,-9.57921074788412,-0.0040444506591960794,1.3785531994379836,0.012735329601199281
611,10.183333,0,1337.04,794.68,4.04882278581556,0.0,-9.58067788516857,-0.0040274116407801154,1.3785251005619772,0.012665394398703012
612,10.2,0,1336.2,793.09,4.045135880138544,0.0,-9.557123842852333,-0.004006490000014614,1.3785163000000062,0.012615671000034733
613,10.216667,0,1333.82,792.56,4.077475024695319,-2.220446049250313e-16,-9.6086484433523,-0.0037635994561566067,1.3781742983200391,0.012479105729366302
614,10.233333,0,1332.68,791.46,4.077555583884184,0.0,-9.608969709593241,-0.003676408743904302,1.3780903016800194,0.01246557427064315
615,10.25,0,1332.54,790.06,4.085780872808214,0.0,-9.632886959824,-0.0036437884,1.3781031,0.012508426
616,10.266667,0,1333.65,790.11,4.107548405458121,0.0,-9.717118180616614,-0.003633238416242189,1.3781575014920173,0.01259426852122935
617,10.283333,0,1334.69,789.5,4.108082484955211,0.0,-9.717962350299052,-0.003634050483758378,1.3782320985080347,0.012720323478858707
618,10.3,0,1335.32,788.03,4.139044805518356,0.0,-9.826102959066365,-0.0033203437999259145,1.3782659000000446,0.01273685700006652
619,10.316667,0,1334.87,785.32,4.148741971673851,0.0,-9.855088363111166,-0.003214284146758616,1.3783299013359456,0.012832087006318254
620,10.333333,0,1334.52,783.51,4.14955667657498,0.0,-9.856951556727134,-0.003181622053287017,1.378396698663961,0.012932402993541592
621,10.35,0,1334.01,782.63,4.153634315181418,0.0,-9.868288007555647,-0.0031851902999987538,1.3784640999999764,0.01302067399996917
622,10.366667,0,1333.05,781.92,4.179219677173032,0.0,-9.932796961196251,-0.003223482433106232,1.3785368014899912,0.013111022890648983
623,10.383333,0,1332.8,782.94,4.178998961418745,0.0,-9.932407500506223,-0.003290135466893768,1.3786112985100087,0.013205552109351017
624,10.4,0,1331.14,783.36,4.2123016184468876,0.0,-10.007889147834192,-0.003366440499957773,1.3786867000000205,0.013286470999879443
625,10.416667,0,1330.26,781.57,4.217858593201991,0.0,-10.017788304132155,-0.003245540318149261,1.3787452011940347,0.012941299091284438
626,10.433333,0,1329.24,778.78,4.218899163523297,0.0,-10.020700808316324,-0.0032614466818729616,1.3788048988060486,0.012845869908582235
627,10.45,0,1329.06,779.91,4.219552083175539,0.0,-10.01717464870265,-0.003321818999957828,1.37886249999996,0.01282085700001747
628,10.466667,0,1328.13,780.17,4.220585206573778,0.0,-10.002945765280458,-0.0034027515164310462,1.3789146009779774,0.012812371834903845
629,10.483333,0,1326.8,779.07,4.220878210863542,0.0,-10.004281483605729,-0.0035035713834985246,1.3789634990219886,0.012804117165101922
630,10.5,0,1325.43,776.75,4.212105797760083,0.0,-9.978599775044792,-0.003627494,1.3790036,0.0128120985
631,10.516667,0,1325.37,776.08,4.225406192420477,0.0,-10.01876620666785,-0.0035544624953297364,1.3787688985919837,0.012385350584663524
632,10.533333,0,1325.91,776.07,4.225167371678532,0.0,-10.018312426908976,-0.003639224604729475,1.3786985014079673,0.012314587415287044
633,10.55,0,1326.96,775.25,4.21133888662448,0.0,-10.033477376621782,-0.0037704855000949347,1.3786794999999938,0.012369823000057683
634,10.566667,0,1328.28,775.68,4.208798903198055,0.0,-10.040937683798226,-0.003906394125685091,1.378670599926003,0.012452400345005197
635,10.583333,0,1328.59,776.57,4.208381339049603,0.0,-10.04008147369304,-0.004032678474138473,1.3786669000740022,0.012519650654900844
636,10.6,0,1327.23,776.66,4.211935390498744,0.0,-10.048141905468153,-0.004151711699958426,1.3786608000000022,0.012556094999987272
637,10.616667,0,1325.39,776.42,4.223627288560585,0.0,-10.046160190342631,-0.004178085957362925,1.3784195978600124,0.012249236706573364
638,10.633333,0,1324.26,778.48,4.222369819954636,0.0,-10.043798378391218,-0.004255951442637075,1.3783126021399876,0.012134569293426637
639,10.65,0,1324.65,779.07,4.224105736546061,0.0,-10.036284721247778,-0.004353319800033251,1.3782529999999862,0.012084638999993036
640,10.666667,0,1323.8,779.87,4.230236868074848,0.0,-10.054697215568064,-0.004448525280021638,1.3782132995679874,0.012064702946158433
641,10.683333,0,1323.21,780.82,4.229670290868593,0.0,-10.053760777171208,-0.00454751952011667,1.3781917004319824,0.012062011053837805
642,10.7,0,1322.35,780.34,4.2336294334743885,0.0,-10.073096602790361,-0.0044136720000934986,1.3780065000001294,0.011674076000270987
643,10.716667,0,1323.0,777.79,4.20535847068275,0.0,-10.03467825533779,-0.004398475511148098,1.37793909957001,0.011511277117103844
644,10.733333,0,1322.11,780.05,4.204375545649919,0.0,-10.032746061224326,-0.004424032488834049,1.3779176004300049,0.01141713388296192
645,10.75,0,1321.74,780.07,4.195752803815454,0.0,-10.017812854834553,-0.0044703684,1.3779111,0.011351116
646,10.766667,0,1320.14,779.95,4.194087576533965,0.0,-10.00030699273787,-0.0045450945798370486,1.3779118000280002,0.011314402914319004
647,10.783333,0,1319.32,780.1,4.193851644662547,0.0,-10.000226442993915,-0.0046440813202321,1.3779131999720007,0.011310119085678005
648,10.8,0,1317.22,778.61,4.203397595294963,0.0,-10.014070543047438,-0.004245040499950881,1.3779379000000116,0.011322586000056773
649,10.816667,0,1316.72,780.04,4.22133731876084,0.0,-10.05972131775519,-0.004174724859914963,1.3779544002279907,0.011403861550716073
650,10.833333,0,1315.63,782.69,4.2202721247118555,0.0,-10.057474493030382,-0.0042177206400249665,1.3779657997719932,0.011531397449105744
651,10.85,0,1314.03,782.62,4.230598045646827,0.0,-10.092383719787815,-0.004301187999970848,1.3779750999999967,0.011674507999950018
652,10.866667,0,1313.38,781.69,4.232123028768177,0.0,-10.11950635479336,-0.004396132904696901,1.3779869004179977,0.011811109542425185
653,10.883333,0,1312.08,781.61,4.231978334103361,0.0,-10.11965037660655,-0.004491364495303099,1.3780077995820024,0.011938226457574815
654,10.9,0,1311.1,781.12,4.217626917695401,0.0,-10.07998504371584,-0.00458113099998059,1.3780385000000186,0.012049410500045541
655,10.916667,0,1308.34,780.29,4.232739696151355,0.0,-10.103478690251062,-0.004525558211655271,1.3780918014040409,0.01217980814569157
656,10.933333,0,1307.41,777.78,4.233688860814513,0.0,-10.106015566185949,-0.004586136788429365,1.3781619985960574,0.012337081854528162
657,10.95,0,1305.69,771.96,4.260706582348684,0.0,-10.157826708623476,-0.0046966545999228,1.3782464999999409,0.012527664999866874
658,10.966667,0,1303.75,774.1,4.2884779865071785,0.0,-10.202062910549662,-0.004814813295276553,1.378338901931955,0.01272073364347516
659,10.983333,0,1301.24,779.69,4.2863481022866585,0.0,-10.197827154198958,-0.004929575204643278,1.3784354980679774,0.012902904356397581
660,11.0,0,1300.58,777.81,4.295193437126455,0.0,-10.218089745399203,-0.0049161664,1.378485,0.013024485
661,11.016667,0,1300.24,780.78,4.307944754883337,0.0,-10.251488253664869,-0.004960021438980931,1.3785672015880184,0.013159584268846412
662,11.033333,0,1299.78,780.91,4.30804720930305,0.0,-10.251869095860132,-0.005006968061051864,1.3786465984120368,0.01327302073123283
663,11.05,0,1298.5,778.58,4.288545759934379,0.0,-10.21177252896831,-0.0050376430000117515,1.3787198000000431,0.01336268150004884
664,11.066667,0,1298.4,775.54,4.287484777835389,0.0,-10.205622215947809,-0.005054466612383346,1.378781400815967,0.013432601301886954
665,11.083333,0,1297.58,771.79,4.288878742035323,0.0,-10.209158479161362,-0.005065085787601817,1.3788221991839764,0.013497695698022099
666,11.1,0,1296.15,770.1,4.273809115299771,0.0,-10.170520452150017,-0.00493432600004567,1.378540900000098,0.013319345000062292
667,11.116667,0,1296.49,765.93,4.244118654462492,0.0,-10.105118586610581,-0.004877022657730326,1.3784412990480055,0.013264050603842309
668,11.133333,0,1296.24,763.96,4.244686250356802,0.0,-10.106482039528121,-0.004839910442269674,1.3783937009519944,0.013244243396157691
669,11.15,0,1294.63,762.68,4.22219471228882,0.0,-10.047459122677676,-0.004800006699981113,1.3783608999999906,0.013226750999988733
670,11.166667,0,1293.12,761.0,4.203625174468707,0.0,-9.99501565252363,-0.0047459290590069645,1.378333699587988,0.013194489005911062
671,11.183333,0,1293.71,761.45,4.2035358779608,0.0,-9.994518272603676,-0.004678884040899366,1.378313100411983,0.013144787994019498
672,11.2,0,1292.67,761.53,4.180978885206933,0.0,-9.937040146791572,-0.00460631630005069,1.3782964000000117,0.01309786200003278
673,11.216667,0,1292.11,759.92,4.140342613767586,0.0,-9.841442019536567,-0.004277037107115662,1.3778882971140671,0.012705993844673474
674,11.233333,0,1291.02,759.12,4.140243347669676,2.220446049250313e-16,-9.84125547109083,-0.004097395893009828,1.3777440028860337,0.012548230155436735
675,11.25,0,1290.96,758.83,4.132111349155217,0.0,-9.826078903618761,-0.003965676,1.3776939,0.012487816
676,11.266667,0,1291.19,757.43,4.111728609517085,2.220446049250313e-16,-9.776234787684487,-0.0038368473129683904,1.377671999655996,0.012451685236531111
677,11.283333,0,1291.65,756.95,4.112031690944966,0.0,-9.776519246496266,-0.003692503186930776,1.377654800343992,0.012413513763442222
678,11.3,0,1291.35,755.43,4.083796353967431,0.0,-9.699382139017027,-0.0038211270999607637,1.3775324999999623,0.012656203000037648
679,11.316667,0,1290.81,753.67,4.071841881847116,0.0,-9.669983284058985,-0.003764955083772225,1.3774785992960288,0.012710099978460877
680,11.333333,0,1291.01,753.69,4.07185799796605,0.0,-9.669714187865592,-0.003659143616375607,1.3774434007040204,0.012709023021540627
681,11.35,0,1290.91,753.53,4.062953520474505,0.0,-9.644190698827995,-0.0035415117000410844,1.3774137000000104,0.012682050500009421
682,11.366667,0,1290.69,751.21,4.041344466779088,0.0,-9.582368956426805,-0.00342588390722136,1.3773890995920024,0.012649926218264555
683,11.383333,0,1290.71,751.69,4.041245788045754,0.0,-9.581895099092224,-0.0033112488927786402,1.3773687004079975,0.012610840781735445
684,11.4,0,1291.16,749.09,4.015297314321332,0.0,-9.514600114406292,-0.0031987354000276463,1.3773567999999745,0.012566660000058332
685,11.416667,0,1291.09,748.99,4.01653403018742,0.0,-9.51754772922459,-0.003277889852860073,1.3772834998079946,0.012733673194094759
686,11.433333,0,1290.88,748.9,4.016540458418655,0.0,-9.517497527592399,-0.0032505347471017084,1.3772739001919923,0.01279337380598865
687,11.45,0,1291.08,747.61,4.0227010316814145,0.0,-9.532945869488929,-0.0031973422000371563,1.3772836999999931,0.012832078999972964
688,11.466667,0,1291.98,747.73,4.030521815360073,0.0,-9.556255842516999,-0.0031393755146252736,1.3772992004679891,0.012872160488926972
689,11.483333,0,1292.4,748.39,4.030475568498588,0.0,-9.555847898813758,-0.003085107685412636,1.3773225995319947,0.012921606011038487
690,11.5,0,1291.79,750.21,4.040241862492782,0.0,-9.576653690750144,-0.0030318648,1.3773518,0.012973396
691,11.516667,0,1291.62,750.43,4.04596746878673,0.0,-9.562128544534387,-0.003400737503450159,1.3775330018680216,0.013010837158401845
692,11.533333,0,1291.54,750.53,4.046106144148706,0.0,-9.562695787950018,-0.0034959050966163214,1.3776263981320436,0.013018756841603689
693,11.55,0,1291.81,748.81,4.042576702288648,0.0,-9.537526134211355,-0.003499448299987655,1.3776885000000352,0.013010173999989825
694,11.566667,0,1291.81,749.14,4.0402030494677,0.0,-9.539434692384214,-0.0034817753025180465,1.3777386009539612,0.012995608023919025
695,11.583333,0,1292.12,749.34,4.040320620545865,0.0,-9.539600442505115,-0.003471901197495749,1.3777862990459722,0.012996803976079304
696,11.6,0,1293.13,748.35,4.041242638656244,0.0,-9.554537265612085,-0.003467368400001583,1.3778324999999838,0.013003160999997779
697,11.616667,0,1293.61,750.24,4.021066707675316,0.0,-9.53040608263436,-0.0035373425724966644,1.3778080003119981,0.012807087913392159
698,11.633333,0,1293.87,750.68,4.020969604558613,0.0,-9.530273727003255,-0.003565966427503336,1.3778235996880017,0.01270276108660784
699,11.65,0,1294.81,751.34,3.980836829005903,0.0,-9.446246328666685,-0.003567909399998095,1.377843000000007,0.012593483999961607
700,11.666667,0,1294.66,750.32,3.978075640082353,0.0,-9.437786501532065,-0.0035624551672781366,1.3778636003600104,0.012483559175566893
701,11.683333,0,1294.68,751.54,3.9777531684994667,0.0,-9.43708747823125,-0.0035558195327125928,1.3778815996400147,0.01239234382430567
702,11.7,0,1293.69,752.62,3.98589544239314,0.0,-9.450319963201743,-0.0037710591998496475,1.3776497000001622,0.012412856999985669
703,11.716667,0,1293.4,751.98,3.9802896242840453,0.0,-9.43698749659579,-0.003848061684050071,1.377574199446013,0.012372607635691769
704,11.733333,0,1293.01,751.08,3.9804179479324,0.0,-9.437552516332788,-0.0038822636159260362,1.3775465005540064,0.012304393364355884
705,11.75,0,1292.45,750.14,3.9681487773185515,0.0,-9.418876602820962,-0.0038983796,1.3775468,0.012234136
706,11.766667,0,1292.92,748.95,3.9466865910210576,0.0,-9.394611475809066,-0.003889974828681349,1.3775586004940057,0.012165636603813746
707,11.783333,0,1293.09,748.05,3.9470825696070597,0.0,-9.395511655546771,-0.003861410371298697,1.3775832995060115,0.01209583089613749
708,11.8,0,1292.56,746.35,3.928477403013431,0.0,-9.3730184795869,-0.003632743999931587,1.3776474000000325,0.012252163000016395
709,11.816667,0,1292.93,746.79,3.927059760277131,0.0,-9.373465203168516,-0.0035348051677400595,1.3776939008979634,0.012275632402693965
710,11.833333,0,1292.69,746.85,3.927196457757335,0.0,-9.373739730391298,-0.0034831921323320507,1.3777387991019738,0.012270767097312833
711,11.85,0,1292.63,747.56,3.932298828711445,0.0,-9.386148159836363,-0.003452591600010687,1.3777837999999842,0.012270573500000067
712,11.866667,0,1291.31,745.42,3.957801520001238,0.0,-9.433601865703093,-0.003437297872546743,1.3778312010659937,0.012270519434390382
713,11.883333,0,1289.62,743.59,3.958358360009352,0.0,-9.435395419245149,-0.0034309254274532573,1.3778844989340062,0.012267239065609618
714,11.9,0,1288.69,741.31,3.9813320753919412,0.0,-9.474887842338095,-0.0032003446999678315,1.3778560000000124,0.012305465000000989
715,11.916667,0,1287.98,739.69,3.986223852006687,0.0,-9.481507991360294,-0.003108239579845393,1.3778914010120293,0.012308297749132698
716,11.933333,0,1287.78,738.96,3.986636298392626,0.0,-9.482427181986848,-0.0030522357200763626,1.3779419989880413,0.012295755250849779
717,11.95,0,1287.52,738.34,3.9899005713919724,0.0,-9.491710508885177,-0.003010717700029001,1.3779952999999627,0.012287479000005782
718,11.966667,0,1288.03,736.48,3.9778629760852775,0.0,-9.477570330282285,-0.002974956422522104,1.3780406008359807,0.012274421423773418
719,11.983333,0,1288.1,733.89,3.978846059163629,0.0,-9.479838723717041,-0.0029360831775050514,1.3780823991639903,0.012245610576246709
720,12.0,0,1288.0,733.56,3.967414114512363,0.0,-9.46266820574143,-0.0028896607,1.3781251,0.012198186
721,12.016667,0,1288.0,731.38,3.9468634130881837,0.0,-9.41525179145868,-0.0025373516686335463,1.378133900512006,0.012025066069337524
722,12.033333,0,1287.83,731.37,3.9470789316908776,-2.220446049250313e-16,-9.415536501921428,-0.002380791431257087,1.378159499488012,0.011928537930595045
723,12.05,0,1287.23,731.72,3.964415218410401,0.0,-9.451995751815051,-0.002289146199955158,1.378197300000025,0.011880179999980029
724,12.066667,0,1287.12,731.75,3.9733576764759433,0.0,-9.473419138348422,-0.002224951024953728,1.378232800515979,0.011851587825367115
725,12.083333,0,1286.67,732.53,3.973188873529635,0.0,-9.473032493743787,-0.0021761986751143853,1.3782585994839849,0.011842856174645084
726,12.1,0,1286.03,732.63,3.9771572317298816,0.0,-9.48401841247784,-0.002093799400028779,1.3779721000001002,0.011918589499973549
727,12.116667,0,1285.94,731.42,3.9708184366404726,0.0,-9.487530364012828,-0.002049934866303692,1.377877399508003,0.011966948681503116
728,12.133333,0,1285.98,732.19,3.9705410615091705,0.0,-9.486718455140638,-0.002018251133696307,1.3778528004919972,0.012026021818496884
729,12.15,0,1286.72,732.1,3.9746000811070106,0.0,-9.528044300131222,-0.0019907727999895156,1.377852800000001,0.012098867000022526
730,12.166667,0,1287.61,732.54,3.958842546984868,0.0,-9.503502427655043,-0.001960753697241543,1.3778551000880026,0.012163365904086319
731,12.183333,0,1287.66,730.21,3.9596274796980118,0.0,-9.505252002516112,-0.0019256182027093684,1.3778594999120035,0.012208567095976834
732,12.2,0,1287.87,731.31,3.949765618240793,0.0,-9.48746643646692,-0.0018904035000245983,1.3778625999999978,0.012247122999973069
733,12.216667,0,1286.53,732.26,3.9536491669505955,0.0,-9.485573465579009,-0.0018995553855320083,1.37766679872003,0.012220990572046678
734,12.233333,0,1286.05,731.74,3.953574178604067,0.0,-9.4855122216058,-0.0019038319144650043,1.377602801280015,0.01224959242793334
735,12.25,0,1285.94,732.38,3.957467509346532,0.0,-9.493372215044278,-0.0019174789,1.3775852,0.012311719
736,12.266667,0,1285.9,732.98,3.958188865786235,0.0,-9.502165017394585,-0.0019376207833996276,1.3775830001200013,0.012386155873321808
737,12.283333,0,1285.73,732.68,3.958258515388123,0.0,-9.50234583292499,-0.001961789516617256,1.3775889998800028,0.01247981712674362
738,12.3,0,1286.1,733.36,3.9680520523838485,0.0,-9.539239819721152,-0.0019113645000009888,1.377504299999982,0.012432553000025078
739,12.316667,0,1285.74,733.79,3.9668446541491638,0.0,-9.543466839780715,-0.0019127803704949789,1.377478399680013,0.012468454344715583
740,12.333333,0,1285.55,733.7,3.9667936459033433,0.0,-9.543388708615568,-0.0019263051294861255,1.3774624003200093,0.01251069015522541
741,12.35,0,1286.32,732.85,3.9581369797613215,0.0,-9.529638039518886,-0.0019309047999983937,1.3774468000000055,0.012540963999989427
742,12.366667,0,1285.49,731.08,3.9417182524860723,0.0,-9.487499527908243,-0.001918402274735061,1.3774309997700014,0.012555229232708643
743,12.383333,0,1284.23,731.19,3.941546419949263,0.0,-9.487366935028534,-0.0018921399252649392,1.3774195002299987,0.012566864267291356
744,12.4,0,1282.69,732.01,3.9301480483189604,0.0,-9.458912767287709,-0.0018579363999468405,1.3774101999999326,0.012578565999964758
745,12.416667,0,1281.68,731.42,3.925444763091214,0.0,-9.450953369888317,-0.0017057323857075635,1.377217798387953,0.012477667764373142
746,12.433333,0,1279.96,730.55,3.925362229431275,0.0,-9.451119956986611,-0.0016500216142146017,1.3771372016119343,0.012465887235610401
747,12.45,0,1279.33,731.37,3.9144673446231764,2.220446049250313e-16,-9.427746006760568,-0.0016231686000187568,1.3770884000000343,0.012483017499988034
748,12.466667,0,1278.95,731.59,3.9013736036616047,0.0,-9.389687890503788,-0.0016043604921511685,1.3770590997020071,0.012510937868719771
749,12.483333,0,1277.14,732.01,3.901032179692071,2.220446049250313e-16,-9.389290582209366,-0.001588968307859584,1.3770442002980035,0.012554373131249887
750,12.5,0,1275.91,731.49,3.916018935672926,0.0,-9.412224678933086,-0.0015762895,1.3770392,0.012600761
751,12.516667,0,1274.21,731.7,3.9328319691884333,0.0,-9.433190898322868,-0.0014641177601513872,1.376963999395993,0.012592655138501612
752,12.533333,0,1272.32,730.31,3.9330180813130076,0.0,-9.434077448500524,-0.001427127239822773,1.376933800603986,0.012599579861503226
753,12.55,0,1271.52,726.88,3.9221290582187596,0.0,-9.40047288815451,-0.0014093865999906632,1.3769224999999963,0.012602666000001263
754,12.566667,0,1271.02,723.08,3.92701417412522,0.0,-9.406297743346215,-0.0013960198459624252,1.3769172000219991,0.01260447297694094
755,12.583333,0,1269.07,721.2,3.927414370952732,-2.220446049250313e-16,-9.407768176083819,-0.0013783179540623066,1.3769182999779994,0.012603320023060671
756,12.6,0,1269.5,720.42,3.9298314512587798,0.0,-9.401807101251123,-0.0012788102000347548,1.3768710000000164,0.012455156000051749
757,12.616667,0,1267.78,718.55,3.9130217786141883,0.0,-9.346358440115385,-0.001236520506237129,1.376850199656002,0.012365149694187609
758,12.633333,0,1267.23,715.89,3.913740052327715,0.0,-9.348279893956173,-0.001226832693762871,1.376833000343998,0.01229986130581239
759,12.65,0,1266.36,714.38,3.9146440647265135,2.220446049250313e-16,-9.338988652723273,-0.001237603500009664,1.3768134999999928,0.012251125999988755
760,12.666667,0,1264.85,714.52,3.9133865520985314,0.0,-9.337325636885195,-0.0012652734327391515,1.3767932996159888,0.012218933402842618
761,12.683333,0,1263.43,717.48,3.9122349014257645,0.0,-9.335098967860743,-0.0013119071673260013,1.3767741003839844,0.01218907759711567
762,12.7,0,1263.21,715.73,3.896880772248197,0.0,-9.30622569318362,-0.00128750000001705,1.376635300000097,0.012155658000023344
763,12.716667,0,1263.15,714.19,3.8713174926727913,0.0,-9.24735826569047,-0.0013128128404727578,1.376586099866003,0.012081656830508875
764,12.733333,0,1262.57,714.52,3.871103897917162,0.0,-9.247177712543124,-0.0013498358595013795,1.3765794001340015,0.011998183669549436
765,12.75,0,1261.73,715.17,3.8769429911621898,0.0,-9.258770087792845,-0.0013927296,1.376587,0.011925628
766,12.766667,0,1261.15,714.19,3.871213827969191,-2.220446049250313e-16,-9.242764190035528,-0.0014428285271242856,1.376600900192002,0.011864455986488201
767,12.783333,0,1260.6,713.13,3.8714413687676577,2.220446049250313e-16,-9.24365974072112,-0.0015041815729185733,1.3766104998080044,0.0118137830134764
768,12.8,0,1259.33,712.49,3.877326787700653,0.0,-9.242412158475172,-0.0015792474000362075,1.3766295999999028,0.011787802000193482
769,12.816667,0,1257.72,713.29,3.8953692795150756,0.0,-9.276783240653856,-0.0016310829446888387,1.3764904998500063,0.01206478761653339
770,12.833333,0,1256.97,714.34,3.8948616119586026,0.0,-9.275864851149132,-0.0017233174551822981,1.3764830001500044,0.012195614383283829
771,12.85,0,1255.44,714.16,3.907191325870095,0.0,-9.300878286990086,-0.0018338635999613905,1.3765207999999869,0.012271325999973558
772,12.866667,0,1255.28,714.35,3.911774177456995,0.0,-9.308104222203728,-0.0019498491264918606,1.3765713010039942,0.012299090905920547
773,12.883333,0,1255.6,715.05,3.9116147036167,2.220446049250313e-16,-9.307927507133398,-0.0020711695735081393,1.3766214989960057,0.012294387094079453
774,12.9,0,1255.56,714.33,3.890629135829782,0.0,-9.269837794139391,-0.0021848134000445408,1.3765161000000001,0.012455754000013256
775,12.916667,0,1256.01,713.31,3.8925096365592364,0.0,-9.282321844829259,-0.002312342386023278,1.3765169007160207,0.01249371096807907
776,12.933333,0,1255.89,714.61,3.892075919684967,0.0,-9.281625641750079,-0.0024416346141573593,1.3765526992840291,0.0124921150319187
777,12.95,0,1255.47,714.47,3.8977879827152404,0.0,-9.299759893865877,-0.0025652967999136196,1.3765987999999678,0.012462426000020739
778,12.966667,0,1255.05,714.71,3.887746026474833,0.0,-9.27038239754618,-0.002680080334377971,1.3766384007079835,0.012390572156882917
779,12.983333,0,1255.1,713.3,3.8881654167416446,0.0,-9.271732726278994,-0.0027917973655439874,1.3766737992919917,0.012298417843181458
780,13.0,0,1254.31,712.07,3.8855229721897317,-2.220446049250313e-16,-9.257638542039457,-0.002901708,1.3767115,0.0122027695
781,13.016667,0,1253.86,711.1,3.87859373185395,0.0,-9.238522224929449,-0.002985551433585674,1.3765992999119991,0.012342738239062784
782,13.033333,0,1254.4,711.42,3.878438263238091,0.0,-9.238233094488077,-0.0030872254664853515,1.376594900087998,0.012354690760945565
783,13.05,0,1254.67,714.03,3.8749810910025193,0.0,-9.254642124507004,-0.0032009706000768164,1.3766346000000464,0.012342968999989988
784,13.066667,0,1255.71,714.02,3.8741237644401996,0.0,-9.268078948212912,-0.003310940586787049,1.3767009014879392,0.012328635712901699
785,13.083333,0,1256.25,713.71,3.874382035396531,0.0,-9.268801353516034,-0.0034102800130741615,1.3767752985119568,0.012314280787118359
786,13.1,0,1256.53,714.04,3.8722961808191227,0.0,-9.273290550092783,-0.0035508721999508966,1.37654660000008,0.012552907999916655
787,13.116667,0,1255.18,712.41,3.8492205614628987,0.0,-9.222048201681119,-0.0036249545090729545,1.376522000837995,0.01258866619861467
788,13.133333,0,1253.46,713.12,3.8488931039707417,0.0,-9.22191854796644,-0.0036854060909270454,1.376563899162005,0.01254859830138533
789,13.15,0,1253.15,712.25,3.847874633326309,0.0,-9.210105431548596,-0.0037519634000293305,1.3766409000000344,0.012492155999986836
790,13.166667,0,1252.03,712.14,3.857657288695999,0.0,-9.235867734806765,-0.003835943088282967,1.3767397022820664,0.01245446474653262
791,13.183333,0,1250.97,713.12,3.8574833723935353,0.0,-9.23597883800084,-0.003930350711848932,1.3768537977180928,0.012441792253449673
792,13.2,0,1251.12,713.27,3.85373618641931,0.0,-9.237632519200975,-0.004214065599801816,1.3768170000000257,0.012807245999744718
793,13.216667,0,1251.23,713.27,3.8513523896625594,0.0,-9.25597487605194,-0.004341425045364016,1.3768886021219506,0.012929382706583547
794,13.233333,0,1251.25,713.78,3.8514217064543637,0.0,-9.256285257123466,-0.004418691954582009,1.3769946978779752,0.012964711293391773
795,13.25,0,1250.5,714.08,3.853724258125779,0.0,-9.26799723313948,-0.004474923,1.3771079,0.012958009
796,13.266667,0,1249.62,713.62,3.850741406119593,0.0,-9.244072488834986,-0.004512541617213185,1.3772136017920207,0.012907285450821966
797,13.283333,0,1247.74,712.29,3.851170426677132,0.0,-9.245775250641987,-0.004543400682808372,1.3773031982080417,0.012829830549123927
798,13.3,0,1247.13,712.54,3.8438637902929997,2.220446049250313e-16,-9.19039402020291,-0.0035400959997690614,1.377032999999956,0.013171270500042234
799,13.316667,0,1244.35,711.33,3.848895918190996,0.0,-9.180319554200766,-0.003209489406055466,1.3769700000779967,0.013231729291888853
800,13.333333,0,1240.61,711.41,3.8486258074505284,0.0,-9.180455952386936,-0.0030947920941047802,1.3769738999219978,0.013196323708160613
801,13.35,0,1240.0,711.09,3.8527857804465424,0.0,-9.176600359185075,-0.003057159500013143,1.3769977999999916,0.013135036000021404
802,13.366667,0,1239.64,710.39,3.8446739052602594,0.0,-9.155952382795611,-0.003055498308200204,1.3770324008239951,0.013055969087451144
803,13.383333,0,1239.74,709.83,3.844949197925399,0.0,-9.156714783995508,-0.0030709077917997958,1.3770735991760048,0.012960344912548855
804,13.4,0,1240.35,709.04,3.8161807536306145,0.0,-9.094233160836186,-0.003081329199949834,1.3771156999998684,0.012832696000061433
805,13.416667,0,1240.05,706.39,3.801465519480182,0.0,-9.056170004127818,-0.0029376962195921934,1.3767388975439285,0.013008588110224099
806,13.433333,0,1238.27,705.89,3.8011302149809314,0.0,-9.055813657074838,-0.002903678180360279,1.3766161024558998,0.012964102389713749
807,13.45,0,1238.15,706.41,3.7923767491911193,0.0,-9.029879177193452,-0.0029219089999872644,1.3765739000000294,0.012868857000066531
808,13.466667,0,1238.07,706.37,3.782564823653944,0.0,-8.990676118995543,-0.0029661369466489713,1.3765579999460011,0.0127710204024372
809,13.483333,0,1237.65,704.21,3.7830720692723077,0.0,-8.992227463227303,-0.0030284683533074864,1.3765553000540005,0.012691143597618599
810,13.5,0,1235.5,703.1,3.7891456180511347,0.0,-8.994436332181555,-0.0033072457,1.3767786,0.012548843
811,13.516667,0,1235.44,703.44,3.80595631005318,0.0,-9.020679373675751,-0.0034988280272835706,1.3768809014040162,0.012500969476693907
812,13.533333,0,1235.16,702.47,3.8062418261384305,0.0,-9.021842281920472,-0.0036601838728291466,1.3769510985960327,0.012474805523287814
813,13.55,0,1235.17,701.21,3.8184541467724586,0.0,-9.039102146658898,-0.0037992746000920343,1.3770213000000522,0.012438127999968879
814,13.566667,0,1235.58,702.67,3.821528322062414,-2.220446049250313e-16,-9.050060535321647,-0.003931031218275096,1.377095901547937,0.012393576242190877
815,13.583333,0,1235.35,701.9,3.8217988413506627,0.0,-9.051148376079691,-0.0040769450815210445,1.377173298451955,0.012355685757862061
816,13.6,0,1236.62,701.79,3.822176004847567,0.0,-9.064036133758128,-0.003886662400066461,1.3773521999999376,0.012197951000055092
817,13.616667,0,1236.53,701.74,3.804899514004764,-2.220446049250313e-16,-9.033829713860687,-0.003939725557665096,1.377455401553991,0.01210634022753033
818,13.633333,0,1236.23,701.93,3.804902013730694,0.0,-9.034307759096635,-0.004067604442334904,1.377533098446009,0.012017719772469671
819,13.65,0,1233.94,700.03,3.7991848603567133,0.0,-9.009315420311836,-0.004216825000054944,1.3776064000000263,0.01191337399996013
820,13.666667,0,1233.91,698.59,3.7953678280795047,0.0,-9.00063091607741,-0.004374142184024685,1.3776823013840402,0.011799219709653329
821,13.683333,0,1233.76,698.66,3.7953646450015093,0.0,-9.001155217756228,-0.004533332416197723,1.3777514986160564,0.011684710290186688
822,13.7,0,1233.3,698.22,3.791706373933562,0.0,-8.996487252913306,-0.004251800500196662,1.3777368000000103,0.011224406000321535
823,13.716667,0,1235.9,699.02,3.7797258227441404,0.0,-8.984942378275539,-0.004263276583369159,1.3777514004179903,0.01102404769905358
824,13.733333,0,1235.19,699.5,3.7794674093155165,0.0,-8.984890371145601,-0.004372443216554582,1.377772299581995,0.010909002301026788
825,13.75,0,1234.5,698.95,3.7822964130392416,0.0,-8.996620880361972,-0.0045070574,1.3778,0.010816649
826,13.766667,0,1232.98,698.79,3.771385922267671,0.0,-8.979431854711496,-0.004636967993864704,1.3778222003100036,0.010729198899585549
827,13.783333,0,1232.02,696.71,3.771811776423849,0.0,-8.981085309038658,-0.004751655306215412,1.3778376996900072,0.010624183600341092
828,13.8,0,1231.19,696.43,3.7583365936875364,0.0,-8.94758190472602,-0.004854539999766378,1.3778426999999183,0.010510297499918771
829,13.816667,0,1231.69,695.52,3.7555668439751653,0.0,-8.939894409298107,-0.004520092334095579,1.3777255988580466,0.010394012168544622
830,13.833333,0,1231.4,694.86,3.7556323716036593,0.0,-8.940069929299698,-0.004456797065992852,1.377668501142033,0.010302439331583318
831,13.85,0,1231.79,693.8,3.7495801668127657,0.0,-8.930195006476957,-0.004482574799990996,1.377634000000012,0.010227654000026119
832,13.866667,0,1229.77,692.19,3.7296317536076486,0.0,-8.905193909068586,-0.00454194242260571,1.3776041995880024,0.010169060131045064
833,13.883333,0,1230.52,692.95,3.7293652215620754,0.0,-8.904570299125464,-0.004613070277394289,1.3775836004119975,0.010125613868954936
834,13.9,0,1229.77,693.75,3.717855261412029,0.0,-8.876904121796041,-0.004185405999959637,1.3777502000000155,0.009860686999964133
835,13.916667,0,1228.79,693.18,3.717528383482434,0.0,-8.866156531265323,-0.004069841986679968,1.3777949001760053,0.00975799096835997
836,13.933333,0,1226.38,692.87,3.7174265378278353,0.0,-8.866551856222703,-0.004049177413291161,1.3778036998240073,0.00970641253156797
837,13.95,0,1225.66,692.04,3.726785150755742,0.0,-8.871491391785565,-0.004059371999992878,1.3778056999999986,0.009674542000022261
838,13.966667,0,1223.52,690.88,3.7485565268368464,0.0,-8.899247021041326,-0.004086405649484877,1.3778072999640008,0.00966383109313783
839,13.983333,0,1223.06,691.9,3.7481882650160188,0.0,-8.89856422019987,-0.004118879350492439,1.3778055000360003,0.009668487906858914
840,14.0,0,1221.45,693.65,3.7505335713254384,0.0,-8.899141553185903,-0.0041456423,1.377802,0.009675298
841,14.016667,0,1219.84,691.61,3.750296270297741,0.0,-8.876561058331658,-0.003614123409251213,1.3778232001240014,0.009969234032092015
842,14.033333,0,1217.98,689.09,3.7510501859804637,0.0,-8.878291792054059,-0.0034045967906024197,1.377829399876003,0.010020835967944031
843,14.05,0,1216.19,687.47,3.7354400977864373,0.0,-8.81382717483708,-0.0033036246999554237,1.3778244999999893,0.009959836999919461
844,14.066667,0,1214.56,687.14,3.7197443113544226,0.0,-8.772942918000268,-0.0032398095515786427,1.3778091995400188,0.009844539653815595
845,14.083333,0,1214.79,683.48,3.7207589670034205,0.0,-8.775289838881632,-0.00319238844848761,1.3777862004600134,0.0097272303463483
846,14.1,0,1214.38,686.59,3.7080322094255296,0.0,-8.748367042374833,-0.0031610430000109475,1.3777598000000093,0.009644777000028798
847,14.116667,0,1212.75,686.48,3.707589095396605,0.0,-8.7520792844609,-0.0028656528894079676,1.3776689986740078,0.009763974507831214
848,14.133333,0,1211.17,687.49,3.707069739601523,0.0,-8.750981960792469,-0.002780126210592032,1.3776027013259922,0.009839363492168785
849,14.15,0,1211.06,688.43,3.7261754057123353,0.0,-8.777682423742297,-0.0027700663000043224,1.377540199999979,0.009901486000013004
850,14.166667,0,1208.21,688.25,3.7270002077899136,0.0,-8.764973571682956,-0.002782441830435797,1.3774799988939679,0.009938722451448587
851,14.183333,0,1207.25,687.14,3.7270584603803223,0.0,-8.765378658843662,-0.002788963169573314,1.3774247011059548,0.009936295048548021
852,14.2,0,1206.57,684.1,3.7235513879229245,0.0,-8.741782453778768,-0.0028567215999526687,1.3776189999998643,0.009558795000263697
853,14.216667,0,1205.33,685.08,3.6913968069078087,0.0,-8.664481919467237,-0.0028875251252160985,1.3776884009119787,0.009396210242780917
854,14.233333,0,1206.07,681.05,3.6926560635772403,0.0,-8.667395382121416,-0.0029087855747690497,1.3777339990879893,0.009308350757280459
855,14.25,0,1207.31,680.08,3.679825413446766,0.0,-8.648539948768349,-0.0029315327,1.3777778,0.009267718
856,14.266667,0,1206.74,682.58,3.6889742317941696,0.0,-8.691484910836065,-0.0029676245356900573,1.377830700950011,0.009270165458445338
857,14.283333,0,1206.69,684.67,3.688479356240433,2.220446049250313e-16,-8.690427014035341,-0.003019406364346116,1.3778781990500222,0.009293086541570674
858,14.3,0,1206.15,684.23,3.7150758547449176,0.0,-8.744511914205622,-0.0030447692000404028,1.3780545000000575,0.00917733099997283
859,14.316667,0,1206.65,682.17,3.7193528012753143,0.0,-8.738106579911912,-0.0031026092024750056,1.3781369008919637,0.009138432127315558
860,14.333333,0,1204.7,681.65,3.7193714697482534,0.0,-8.738838049077964,-0.003162732997440994,1.378181499107974,0.009094797872745405
861,14.35,0,1203.33,682.57,3.722794787247034,0.0,-8.72941040572135,-0.0032242286999785217,1.3782118999999893,0.009036023000020528
862,14.366667,0,1203.65,682.66,3.7333694777018565,0.0,-8.7429637546444,-0.0032919808884693267,1.3782423006079965,0.008967517539088513
863,14.383333,0,1202.8,681.97,3.733487271923096,2.220446049250313e-16,-8.743706543567146,-0.0033664018115306736,1.3782726993920034,0.008894474460911487
864,14.4,0,1203.78,681.91,3.7084091084548656,0.0,-8.709727768494789,-0.0034426250000425527,1.3783044000000415,0.00880472899992909
865,14.416667,0,1203.61,682.29,3.694188253546941,0.0,-8.686335376520198,-0.0035644611568582305,1.378423301342039,0.00860169997963208
866,14.433333,0,1204.18,679.28,3.695154756428769,-2.220446049250313e-16,-8.688812457512482,-0.0036472983432575034,1.3784903986580548,0.008450692020156945
867,14.45,0,1204.64,679.56,3.684089492631709,0.0,-8.667406780622402,-0.0037287971999430715,1.3785368999999676,0.00832366600008873
868,14.466667,0,1204.52,680.35,3.6802073627068967,0.0,-8.656119938959057,-0.0038147237592450352,1.3785757007199833,0.008210515448827763
869,14.483333,0,1204.34,679.69,3.6803764474778355,0.0,-8.656873894122308,-0.0039026845406935186,1.3786116992799917,0.008107958551243879
870,14.5,0,1204.31,680.48,3.6806363690039876,0.0,-8.659445994612193,-0.003765198,1.3787955,0.007831395
871,14.516667,0,1204.75,680.68,3.6867509077662026,0.0,-8.692673875859812,-0.003781431807478385,1.3788904014420167,0.007721356033574749
872,14.533333,0,1205.13,681.32,3.6867358460058473,0.0,-8.692754288763343,-0.0038518020925707728,1.3789624985580338,0.007673037266391497
873,14.55,0,1205.55,680.6,3.6822492433348986,0.0,-8.713775486849654,-0.003935975500056856,1.3790269000000421,0.00763812099996341
874,14.566667,0,1206.5,680.56,3.6739064078310477,0.0,-8.699146415744222,-0.0040173696046406195,1.3790874011819518,0.007585738134621781
875,14.583333,0,1207.74,679.28,3.6744449461724096,0.0,-8.700371387817968,-0.004097601695247286,1.3791464988179656,0.00750746916548757
876,14.6,0,1206.03,678.38,3.6764753223502886,0.0,-8.692779671673724,-0.003985261000039238,1.3791952999999828,0.007414486300032476
877,14.616667,0,1204.46,679.49,3.690287299002257,0.0,-8.68969213317829,-0.003999025719173478,1.3792434010419938,0.00732729260466213
878,14.633333,0,1205.19,679.53,3.6904281973224697,0.0,-8.690038194772297,-0.004054982480826521,1.3792954989580062,0.00725752809533787
879,14.65,0,1203.89,681.91,3.713756766365784,-2.220446049250313e-16,-8.744364414499296,-0.004127726000027771,1.3793525000000202,0.007217375599996106
880,14.666667,0,1203.52,682.92,3.7110802361815334,0.0,-8.755830328202933,-0.004207240126266429,1.3794104008620252,0.007206225751884777
881,14.683333,0,1203.43,683.45,3.7109661397863225,0.0,-8.755776316629307,-0.004283548173840183,1.3794534991380352,0.0071938208480978915
882,14.7,0,1203.92,682.96,3.7119059299483768,0.0,-8.774206216020596,-0.004070563000148779,1.3792750000001248,0.006786782300284331
883,14.716667,0,1203.32,683.01,3.715437667348443,0.0,-8.77741977381297,-0.004020653563955167,1.3792132994260133,0.006619197348661739
884,14.733333,0,1204.45,682.6,3.7155864849942777,0.0,-8.77759498700584,-0.004013851436049584,1.3791846005740067,0.006486632651430867
885,14.75,0,1203.07,681.36,3.7199702175826443,-2.220446049250313e-16,-8.769639897788895,-0.004020748,1.3791628,0.0063436944
886,14.766667,0,1202.98,678.72,3.718378962327837,0.0,-8.749846234941781,-0.004036099110038774,1.3791429996759963,0.0062044854153762395
887,14.783333,0,1202.0,677.23,3.7186320769875545,0.0,-8.750863496574102,-0.004056599989975547,1.3791268003239925,0.0060852603845404744
888,14.8,0,1201.33,677.43,3.711366826890741,0.0,-8.750204139217253,-0.004082401699932243,1.3791191999998926,0.005999445999882156
889,14.816667,0,1202.97,677.17,3.707934444951792,0.0,-8.751297143712453,-0.0039854019822731694,1.3789652987580505,0.0058307431914731665
890,14.833333,0,1202.5,676.76,3.7078663816739152,0.0,-8.751241017091203,-0.003954515617769982,1.3789032012420364,0.005775316808604271
891,14.85,0,1202.3,679.38,3.7050144374953153,0.0,-8.7486821555362,-0.003951668700000994,1.3788793000000084,0.0057639983000039524
892,14.866667,0,1201.66,677.03,3.711977126749161,0.0,-8.750931349884587,-0.0039609973422280054,1.3788842005819966,0.005780813353258445
893,14.883333,0,1199.82,676.15,3.71210706692644,0.0,-8.751706493413717,-0.003978108157771994,1.3789132994180033,0.0058284746467415546
894,14.9,0,1196.75,677.6,3.750349366360248,0.0,-8.823442753630227,-0.00416252000003146,1.3789930000000346,0.005936701000055708
895,14.916667,0,1195.73,678.39,3.7770313659935946,0.0,-8.884639738313608,-0.004252596738460962,1.3790923023320678,0.006096204736868779
896,14.933333,0,1194.41,678.52,3.7771215051335254,0.0,-8.88516768703474,-0.0043195151616325315,1.3792088976680952,0.0062830352633922466
897,14.95,0,1194.96,677.97,3.797106595248304,0.0,-8.938481902207844,-0.004391133999949972,1.3793282999999166,0.0064826829998605425
898,14.966667,0,1195.38,679.22,3.817549659174489,0.0,-9.006215804725887,-0.004470811991688608,1.3794432021359504,0.006678325904358071
899,14.983333,0,1195.36,679.98,3.81753854465785,0.0,-9.006213476330068,-0.004555395008252305,1.3795499978639751,0.006858540795516038
900,15.0,0,1194.41,680.11,3.8324608814141228,0.0,-9.038142416235234,-0.004637681,1.3796453,0.007012872
901,15.016667,0,1193.39,677.14,3.8575127199086174,0.0,-9.075552379502687,-0.00465098629844646,1.3795913001640019,0.007142622463342677
902,15.033333,0,1192.26,677.84,3.857174111297058,0.0,-9.075040116005624,-0.00469590630158492,1.379599499836004,0.007265783236743358
903,15.05,0,1191.53,678.68,3.868450274050776,0.0,-9.09777228969107,-0.004763797000064218,1.3796147000000096,0.007404346000116676
904,15.066667,0,1193.32,679.65,3.8778450452776156,0.0,-9.128591767804545,-0.004855731845816494,1.3796285002059916,0.007571378625192293
905,15.083333,0,1194.6,678.44,3.878248454463382,0.0,-9.129280695057036,-0.0049680227540266205,1.3796387997939938,0.007752638374554465
906,15.1,0,1195.02,679.58,3.88299824500301,0.0,-9.159611882850433,-0.00482890750004859,1.3795258000000394,0.007748523700001438
907,15.116667,0,1194.12,679.85,3.871417615751316,2.220446049250313e-16,-9.148871456244162,-0.004833914986000002,1.3794878997140017,0.007828225620240558
908,15.133333,0,1194.44,678.29,3.8718405065366635,0.0,-9.149785312801042,-0.004868213813999997,1.3794736002859984,0.007909234879759442
909,15.15,0,1194.34,678.5,3.877523912498196,0.0,-9.154827869478847,-0.004908589000014521,1.3794624999999952,0.0079945270000315
910,15.166667,0,1193.35,679.05,3.8868362542893498,0.0,-9.173430954002256,-0.004950166659021917,1.3794487997099916,0.008084722014958655
911,15.183333,0,1191.79,678.76,3.8866811669881596,0.0,-9.17350024166612,-0.0049981144410450725,1.3794343002899883,0.008185462985182093
912,15.2,0,1190.32,676.98,3.893948236795346,0.0,-9.191205033271029,-0.005053221999961506,1.3794216000000088,0.008291080999926224
913,15.216667,0,1190.55,673.96,3.8750806577079726,0.0,-9.1517285835846,-0.004928946384518689,1.3790423972940629,0.008076974706946825
914,15.233333,0,1190.16,674.56,3.8744880269594026,0.0,-9.150435386353154,-0.004923172415485344,1.3789071027060313,0.008062322293063412
915,15.25,0,1190.03,674.21,3.8756306015889326,-2.220446049250313e-16,-9.15934737796966,-0.0049565113,1.3788613,0.008130139
916,15.266667,0,1190.65,676.4,3.89570543207207,0.0,-9.22050182336038,-0.005000241950959071,1.3788498999419994,0.008225727826421262
917,15.283333,0,1191.23,677.2,3.8954645929150447,0.0,-9.219794258758702,-0.005047787449074143,1.3788470000579987,0.008317044173642528
918,15.3,0,1191.85,678.66,3.8956398885098413,0.0,-9.236845119699815,-0.0050054938000017295,1.3786112999999418,0.008344553000000773
919,15.316667,0,1191.42,677.29,3.8877472566898574,0.0,-9.218828033833956,-0.005007969800829891,1.3785279993520263,0.008345659479481208
920,15.333333,0,1190.17,675.78,3.887983903272145,0.0,-9.219769638596153,-0.0050130112991630645,1.378495600648019,0.008319633520555153
921,15.35,0,1191.5,677.22,3.887257329907549,0.0,-9.21680068774838,-0.00500906030000138,1.378478200000006,0.008291800000009722
922,15.366667,0,1190.71,677.39,3.887763281458745,0.0,-9.233638230489415,-0.004995785407937702,1.3784620995540025,0.008273597862340802
923,15.383333,0,1190.2,678.28,3.8873950699775426,0.0,-9.232875275740973,-0.004981182792062298,1.3784398004459975,0.008266715137659197
924,15.4,0,1190.09,678.55,3.85840966716707,0.0,-9.183280079383694,-0.004962481599887358,1.3784074999999492,0.008241505999885728
925,15.416667,0,1190.25,677.1,3.8360047963156707,0.0,-9.13623571864764,-0.004639970347903154,1.3782615982679496,0.007914324708265068
926,15.433333,0,1188.84,677.78,3.8355774506654408,2.220446049250313e-16,-9.135452000813924,-0.004487376051883652,1.3781750017319294,0.007699752791435146
928,15.466667,0,1185.91,672.29,3.777096180599466,0.0,-9.001504358216769,-0.004316974601900556,1.3780532994060137,0.007326178116550428
929,15.483333,0,1186.26,670.82,3.777540279119191,0.0,-9.002497160140386,-0.004247070798148277,1.3780236005940067,0.0071320088835852115
930,15.5,0,1184.18,667.93,3.752854187591431,0.0,-8.939133581242462,-0.0040991902,1.3779593,0.0074181333
931,15.516667,0,1181.1,669.45,3.7546529437855702,0.0,-8.92705034574409,-0.004038892291801249,1.3779647008140095,0.007444150297921319
932,15.533333,0,1181.76,671.29,3.7543266866767726,0.0,-8.926069839145432,-0.004018483408184495,1.3780053991860188,0.007424047402064637
933,15.55,0,1179.22,671.13,3.7818138200212426,0.0,-8.966454553867752,-0.004017055000000514,1.3780624000000432,0.007403049599975846
934,15.566667,0,1177.97,671.38,3.7864309259399898,0.0,-8.966398277903705,-0.00401779013703464,1.3781245011939514,0.007368470433269464
935,15.583333,0,1176.52,670.08,3.786836143594468,0.0,-8.967778403945358,-0.004009641862976744,1.3781841988059653,0.007315133866805054
936,15.6,0,1176.21,669.44,3.7902206516438053,2.220446049250313e-16,-8.971680164382375,-0.003995386400004979,1.3782395999999806,0.007260833000018965
937,15.616667,0,1177.14,669.9,3.776175532942639,0.0,-8.957655298276128,-0.004006339128039254,1.3782326006299963,0.007537377255012687
938,15.633333,0,1177.59,668.01,3.7768387392399356,0.0,-8.959063067534807,-0.0040127408719607465,1.3782640993700037,0.007600125744987313
939,15.65,0,1179.57,667.6,3.738733505074611,0.0,-8.908753359715153,-0.004028149000011752,1.3783065000000179,0.007592161999988313
940,15.666667,0,1179.47,665.27,3.729223440912088,0.0,-8.897948280478387,-0.004061797109466296,1.3783574010160295,0.007558697140546982
941,15.683333,0,1179.8,665.7,3.7292166435180993,0.0,-8.89801943666921,-0.004117266590611201,1.3784081989840413,0.0075157274593929835
942,15.7,0,1179.83,665.36,3.723341536309781,0.0,-8.8907480293463,-0.004111593000003964,1.3782883000000836,0.007809057999795098
943,15.716667,0,1180.53,667.99,3.7406474532411877,0.0,-8.937718347726214,-0.004182631411398835,1.378285600775982,0.007892441376871225
944,15.733333,0,1179.38,666.84,3.740860938186715,0.0,-8.938769719568587,-0.004288199588527419,1.3783243992239909,0.007911284623115612
945,15.75,0,1179.9,666.51,3.7555349832861973,0.0,-8.975373377609573,-0.0044151694,1.3783722,0.00790376
946,15.766667,0,1181.11,666.45,3.7807945157008214,0.0,-9.034141721558647,-0.00455114509844825,1.3784099004960058,0.007886934696756468
947,15.783333,0,1179.75,669.46,3.779733387289387,0.0,-9.03229363425984,-0.004681060801642504,1.3784346995040115,0.007871773303232939
948,15.8,0,1179.13,668.14,3.782010765942748,0.0,-9.022751640483389,-0.004716284600029669,1.378237499999942,0.008098183000016251
949,15.816667,0,1177.68,668.06,3.7817502091364106,0.0,-9.013307606932687,-0.004758758646981639,1.3781543987600504,0.008121447155794397
950,15.833333,0,1177.17,668.97,3.781236012328452,2.220446049250313e-16,-9.012336862669384,-0.004791107752973165,1.3780924012400362,0.008079236844264577
951,15.85,0,1177.2,668.61,3.775801487394645,0.0,-8.998434727881541,-0.004818230999990527,1.3780177000000262,0.008009857000024233
952,15.866667,0,1177.34,666.11,3.741518872221586,0.0,-8.944579607637467,-0.004845336354003937,1.3779349981320108,0.007917010517554465
953,15.883333,0,1178.38,668.54,3.7406625895027728,-2.220446049250313e-16,-8.942417386046323,-0.004863035945996063,1.377841601867989,0.007792892482445535
954,15.9,0,1180.39,667.48,3.6840302052468106,0.0,-8.826659028125183,-0.004667058599951749,1.3775935999999476,0.007783867399937036
955,15.916667,0,1178.73,664.55,3.6635151855929036,0.0,-8.775652137651722,-0.004528904751159071,1.3774437978419372,0.007603586583716711
956,15.933333,0,1179.19,664.63,3.6633924432498075,0.0,-8.775132133537273,-0.004386472548641933,1.3773359021579121,0.007367788715953849
957,15.95,0,1178.04,664.26,3.6493579853564295,0.0,-8.73622173202163,-0.004235176000105684,1.3772510000000593,0.007141007000158412
958,15.966667,0,1176.95,662.04,3.6356873250872463,0.0,-8.698266170245592,-0.0040822894711798705,1.3771796987800282,0.006943084904472081
959,15.983333,0,1176.86,662.15,3.6356296681845066,0.0,-8.697967924629086,-0.003940850828918934,1.3771187012200143,0.006788311095636038
960,16.0,0,1177.58,662.48,3.630577506302318,0.0,-8.689059830385991,-0.0038207471,1.377075,0.0066731814
961,16.016667,0,1176.64,662.09,3.6298311276594935,0.0,-8.686065318501038,-0.0038738985872022037,1.376947299223991,0.0069349404329866905
962,16.033333,0,1176.14,661.98,3.6297613438638656,0.0,-8.685835639801063,-0.0038232613127624224,1.376908500775982,0.007006586067063359
963,16.05,0,1176.08,661.97,3.644610044513351,0.0,-8.690918655882221,-0.003725049299913432,1.3769058000000103,0.0070203709999977415
964,16.066667,0,1174.55,662.04,3.6579395457133885,0.0,-8.703710956669068,-0.0036011185231831556,1.3769205002859883,0.007017137608105595
965,16.083333,0,1172.83,662.41,3.6578538554071236,0.0,-8.703616299522668,-0.0034622775770108225,1.3769347997139916,0.007022542891886853
966,16.1,0,1172.52,662.59,3.674293213433787,0.0,-8.731089130241932,-0.003297088000057677,1.3770751999999509,0.007402485199867339
967,16.116667,0,1172.93,661.67,3.6949492664555694,-2.220446049250313e-16,-8.774528314018747,-0.003139753643925209,1.3771487009659944,0.007561957148858983
968,16.133333,0,1173.13,660.37,3.6956020830247476,0.0,-8.77560053965124,-0.0029919549560747907,1.3771969990340056,0.007639397451141017
969,16.15,0,1172.96,661.75,3.6873210664148397,0.0,-8.772082009654124,-0.0028579681999561187,1.377237700000016,0.007669715000000565
970,16.166667,0,1172.5,662.09,3.6794026824132007,0.0,-8.75853025112053,-0.002732289537342147,1.3772835010760314,0.007671335479531583
971,16.183333,0,1172.41,661.58,3.6797899522212485,0.0,-8.759218339843333,-0.002619164462499803,1.3773372989240438,0.007660312820453017
972,16.2,0,1172.38,661.94,3.680533082099315,0.0,-8.758738755996998,-0.002871625099823646,1.3771815000001089,0.007744265699941356
973,16.216667,0,1172.67,665.0,3.6797504082193107,0.0,-8.753881879173909,-0.0029575140477256087,1.377171000725983,0.007817329884656126
974,16.233333,0,1173.15,661.75,3.680726019034563,0.0,-8.756113830351518,-0.0030098994522377966,1.3772072992739917,0.007911561115278049
975,16.25,0,1172.15,663.58,3.6875896409491085,-2.220446049250313e-16,-8.763123156067682,-0.003064081,1.377261,0.008020811
976,16.266667,0,1170.68,663.33,3.732344078852503,0.0,-8.833280034347558,-0.0031286493157616536,1.3773179010920127,0.008143081732551825
977,16.283333,0,1169.07,660.18,3.7331402542895744,0.0,-8.835635236001462,-0.003204433484291286,1.3773724989080256,0.008279702267543612
978,16.3,0,1167.27,661.22,3.7685569092291784,0.0,-8.903579650179381,-0.003513582000112875,1.3772938000000041,0.008439744000078792
979,16.316667,0,1165.84,660.99,3.7695174803805194,0.0,-8.903213250179286,-0.0036751722333311417,1.3772997004099834,0.008552541293227302
980,16.333333,0,1165.61,660.2,3.769673883640378,0.0,-8.903820421577262,-0.003776838866526817,1.377320199589988,0.00861720270668236
981,16.35,0,1165.56,659.78,3.7668550555739375,0.0,-8.895089974094361,-0.0038505169999742753,1.3773353999999947,0.008650697999988305
982,16.366667,0,1165.22,660.31,3.7516291157673365,0.0,-8.856713985617418,-0.0039017405586655833,1.3773309994640033,0.008662198029499827
983,16.383333,0,1165.4,658.68,3.751993564882607,0.0,-8.857618845424835,-0.0039396725413344165,1.3773042005359968,0.008663672970500172
984,16.4,0,1165.15,659.55,3.729170032175603,0.0,-8.79254016662324,-0.0038066156999956176,1.3770869999999564,0.008188191999933996
985,16.416667,0,1165.12,656.33,3.7136796976384754,2.220446049250313e-16,-8.75287765825849,-0.0037940650351413955,1.376962397975941,0.00799915020710782
986,16.433333,0,1163.82,655.96,3.7133471991621136,0.0,-8.752607923062651,-0.003830819564909955,1.3768612020239175,0.007909511792766945
987,16.45,0,1163.83,655.17,3.7009044726155054,0.0,-8.725631958601303,-0.0038902956999584543,1.3767711000000629,0.007877910500022072
988,16.466667,0,1163.63,655.18,3.687339961658137,0.0,-8.705035961456856,-0.003957471878757574,1.37669299870803,0.007882444545707296
989,16.483333,0,1163.92,655.89,3.6869274717780853,0.0,-8.70413308807511,-0.0040314085211907765,1.376628401292015,0.007909729454273644
990,16.5,0,1163.49,657.08,3.682467862741463,0.0,-8.701010024696116,-0.003957942,1.3767381,0.007542044
991,16.516667,0,1163.0,656.93,3.658365240496698,0.0,-8.668478651142427,-0.003975697718194365,1.376755800076001,0.007450993953959464
992,16.533333,0,1164.81,654.7,3.6591095098588626,-2.220446049250313e-16,-8.669868252084076,-0.004011605581830719,1.3767595999240017,0.007448692046038928
993,16.55,0,1164.78,654.06,3.658336705559474,0.0,-8.679560565424932,-0.004056886000040491,1.3767734000000198,0.007478434600033636
994,16.566667,0,1164.88,654.32,3.6700294639630577,-2.220446049250313e-16,-8.702632782901876,-0.004114852727489905,1.3768016007959676,0.0075265868966754605
995,16.583333,0,1164.14,654.46,3.669961079611933,0.0,-8.702774242219064,-0.004181227272417361,1.3768413992039767,0.0075714207032619016
996,16.6,0,1163.41,653.29,3.6757152474046277,0.0,-8.706947104452022,-0.004086842300032956,1.3770948999999113,0.007337585000081646
997,16.616667,0,1163.33,652.46,3.691003244322137,0.0,-8.743618723447767,-0.004096804683860272,1.377215901525991,0.0072924948932148
998,16.633333,0,1162.02,653.95,3.6906267432308573,0.0,-8.743135573572706,-0.004145996016139728,1.377292198474009,0.0073371541067852
999,16.65,0,1163.52,655.25,3.6855529370860327,0.0,-8.766917978588639,-0.004195792000009889,1.37734500000001,0.007401222400012814
1000,16.666667,0,1165.4,654.16,3.669455377233923,0.0,-8.744785922228102,-0.004224114227996636,1.377373500238007,0.007437924107551131
1001,16.683333,0,1167.41,655.12,3.6694072405230838,0.0,-8.744166545285287,-0.0042355132720192906,1.3773853997620098,0.007443301292456383
1002,16.7,0,1166.75,652.59,3.6535878025260144,0.0,-8.7145480328454,-0.004232747000001933,1.3773854,0.007417991800017679
1003,16.716667,0,1165.87,653.13,3.630549672789277,0.0,-8.651399742082319,-0.004031656350482401,1.377416400263994,0.007129061184673541
1004,16.733333,0,1166.12,652.69,3.630807425232496,0.0,-8.651894580669852,-0.003949181849575213,1.3774295997359969,0.006988297215424791
1005,16.75,0,1164.18,652.79,3.6235375114808472,0.0,-8.630080619529886,-0.0039074644,1.3774438,0.0069052316
1006,16.766667,0,1163.81,652.08,3.625019127933656,0.0,-8.638822289041702,-0.003887568537614615,1.3774713008040094,0.0068685913000276705
1007,16.783333,0,1163.38,652.48,3.6250016305448947,0.0,-8.63884538790558,-0.003864450462369236,1.3775114991960187,0.006858593199965344
1008,16.8,0,1163.16,652.09,3.612912746513802,2.220446049250313e-16,-8.621415672263709,-0.00382812319973225,1.3775572999999361,0.006846787399820566
1009,16.816667,0,1162.64,650.99,3.6118767440025037,0.0,-8.617445945792396,-0.0034448175109678784,1.3774658,0.006589913612117007
1010,16.833333,0,1163.15,651.11,3.6120477517311103,0.0,-8.617453291990591,-0.00329036578924791,1.3774658,0.00649051938802186
1011,16.85,0,1162.09,651.88,3.6124407658392883,0.0,-8.610176441684,-0.0031965051000327717,1.3774972999999888,0.0064165182000258374
1012,16.866667,0,1160.63,650.21,3.6140165002914513,0.0,-8.599676839398132,-0.003115503507158691,1.3775434009579943,0.006329850980571756
1013,16.883333,0,1160.64,650.32,3.6141889581171696,0.0,-8.600007684410292,-0.003040863992841309,1.3775912990420056,0.006228883019428244
1014,16.9,0,1160.84,649.54,3.603780133956966,0.0,-8.574050220486999,-0.0029679387999697244,1.3776275000000173,0.006116788999946503
1015,16.916667,0,1160.62,647.79,3.591810078939419,0.0,-8.542437925457197,-0.002881227526827124,1.37767740033601,0.005963569916380253
1016,16.933333,0,1160.06,647.28,3.5920073061531044,0.0,-8.54302992895391,-0.0028075739730699725,1.3776941996640137,0.0058093995834043516
1017,16.95,0,1159.82,647.59,3.5755465399996798,0.0,-8.499891402367766,-0.0027436614000446438,1.3776937000000005,0.005664082200101507
1018,16.966667,0,1159.85,645.81,3.549150531859818,0.0,-8.442046434473541,-0.0026924675968610255,1.377684399612009,0.0055444520159541886
1019,16.983333,0,1160.04,643.65,3.5497105961988487,0.0,-8.443328701134872,-0.0026473114031705194,1.3776650003880044,0.005445251384115109
1020,17.0,0,1160.44,643.56,3.5426661638616417,0.0,-8.420487139028124,-0.0028340393,1.3775662,0.005564062
1021,17.016667,0,1160.38,643.59,3.535003711431673,0.0,-8.396643801014054,-0.0028762740764793964,1.377534900094001,0.00557283048176447
1022,17.033333,0,1160.19,644.04,3.5348964021181852,0.0,-8.396449434129993,-0.0028650986235127965,1.377539599906002,0.005531920818206952
1023,17.05,0,1159.81,642.76,3.516741137117113,2.220446049250313e-16,-8.345703523458615,-0.002828446699965043,1.3775662000000353,0.005463992999946957
1024,17.066667,0,1159.24,641.11,3.5063466773525054,0.0,-8.314857243059706,-0.0027784023979069107,1.3776169014439412,0.005388055386525749
1025,17.083333,0,1158.89,640.56,3.5066892360330146,0.0,-8.315707850651078,-0.0027232977021700777,1.377689098555958,0.005307381613586962
1026,17.1,0,1158.43,640.84,3.498589585707812,0.0,-8.288293894537857,-0.0026832446000139847,1.3777751999999701,0.0052357280000250184
1027,17.116667,0,1157.76,641.54,3.4932450158064636,0.0,-8.267326064020372,-0.0028281645627226486,1.3777984019559888,0.005106876844013819
1028,17.133333,0,1157.6,641.65,3.493388525225699,2.220446049250313e-16,-8.267886783365052,-0.002891298537277351,1.3778961980440112,0.005074078655986181
1029,17.15,0,1158.82,642.06,3.524204233495023,0.0,-8.339024902552357,-0.0029467740000196628,1.3780305000000548,0.005109081000021138
1030,17.166667,0,1158.12,643.7,3.5316077882865624,0.0,-8.353458099242118,-0.003003089291150847,1.3781878033140966,0.005169623644378396
1031,17.183333,0,1157.59,643.76,3.5319191720995216,0.0,-8.354390788534106,-0.0030526434089183864,1.378353496686135,0.005221838955694556
1032,17.2,0,1157.29,643.35,3.5288542943263197,0.0,-8.34169814962517,-0.00303321820001357,1.3784486999999337,0.005350757399909947
1033,17.216667,0,1156.25,642.51,3.5466393174495363,2.220446049250313e-16,-8.357880233010402,-0.00303096563392721,1.378587102785935,0.005406719034412215
1034,17.233333,0,1155.37,643.16,3.5467516795803884,0.0,-8.358347909319598,-0.003032661966071605,1.3787263972139674,0.005423439365576105
1035,17.25,0,1154.95,643.28,3.5486214866885173,2.220446049250313e-16,-8.35555402192286,-0.0030381382,1.378851,0.0054177493
1036,17.266667,0,1154.56,642.74,3.536744541175571,0.0,-8.341360771368619,-0.0030395835154070146,1.3789573018420214,0.005391308423913291
1037,17.283333,0,1154.74,642.49,3.537064254662462,0.0,-8.342089865092968,-0.003035354084590031,1.379049398158043,0.0053625055760665894
1038,17.3,0,1155.86,642.56,3.5156408126496865,0.0,-8.311246703861029,-0.003066785599988845,1.3789748999999993,0.005199283399945888
1039,17.316667,0,1155.82,641.99,3.507186446988413,0.0,-8.291515158565943,-0.003050815819141745,1.3789738002139913,0.005121817006316493
1040,17.333333,0,1155.4,641.4,3.5073540897359,0.0,-8.291986321111507,-0.0030167728809058175,1.378984499785994,0.005072132793752923
1041,17.35,0,1154.04,641.78,3.5024525106045825,0.0,-8.273079613747068,-0.002973966300014946,1.3789981999999952,0.005031591300014155
1042,17.366667,0,1152.69,641.07,3.4985536732451843,-2.220446049250313e-16,-8.239979856780602,-0.0029290311171819754,1.3790176006359964,0.004994611733571551
1043,17.383333,0,1152.55,640.08,3.4988971535939677,0.0,-8.2407596667479,-0.002894891382818025,1.3790493993640036,0.004981290766428449
1044,17.4,0,1150.66,640.25,3.506526249339216,0.0,-8.24776120201023,-0.002800695599984635,1.378656999999967,0.004952879600014408
1045,17.416667,0,1151.21,639.35,3.514006624325063,0.0,-8.261362193845443,-0.002756689204156838,1.3785622003380098,0.004994147775427121
1046,17.433333,0,1151.48,640.54,3.5138220853131785,0.0,-8.26070033703916,-0.0027168997957875717,1.3785790996620138,0.00505791472466197
1047,17.45,0,1150.29,641.26,3.5182402563283612,-2.220446049250313e-16,-8.266823477607728,-0.002663113200037571,1.3786410999999568,0.005119807999956766
1048,17.466667,0,1149.42,641.28,3.51645102419824,0.0,-8.260250331456987,-0.0025918840870692217,1.3787212015519639,0.0051735314638472335
1049,17.483333,0,1149.31,640.58,3.516886762816061,0.0,-8.261072529986233,-0.0025162388129836215,1.378798798447982,0.005226722936115609
1050,17.5,0,1148.63,639.95,3.52338631216627,0.0,-8.277837864537467,-0.0023183324,1.378887,0.0051953383
1051,17.516667,0,1147.99,640.05,3.530842365690165,-2.220446049250313e-16,-8.289799188070987,-0.002211613718190412,1.3789417008940104,0.005226074855929969
1052,17.533333,0,1147.76,640.69,3.5308611854581553,0.0,-8.289657139686353,-0.0021275275817508486,1.378986399106021,0.005268869144099925
1053,17.55,0,1146.19,641.01,3.524614098543585,0.0,-8.261732608518498,-0.0020457579999435104,1.3790265000000288,0.005309023000023583
1054,17.566667,0,1143.35,639.42,3.520594128633524,-2.220446049250313e-16,-8.2477903833901,-0.001964888285753481,1.3790679009619606,0.005342784328826151
1055,17.583333,0,1142.58,639.46,3.520697192323464,0.0,-8.248030688608637,-0.0019041759143313423,1.379115999037972,0.005389225671108965
1056,17.6,0,1142.73,640.64,3.529938135350763,0.0,-8.2666346366515,-0.0018737167000106346,1.3791778999999784,0.005469931299971821
1057,17.616667,0,1142.27,641.2,3.5390046124056562,0.0,-8.28182434718313,-0.0018039738427846617,1.379174100669996,0.005396826430457495
1058,17.633333,0,1140.5,640.99,3.539002389765015,0.0,-8.282177736392965,-0.0017811138572153384,1.379207599330004,0.005418348569542506
1059,17.65,0,1141.02,640.79,3.5442895014316083,0.0,-8.28090701489414,-0.0017726173000030517,1.3792566000000182,0.005463358000028394
1060,17.666667,0,1139.21,640.87,3.567829797560409,0.0,-8.32515455853007,-0.0017813572988065174,1.3793089009860287,0.0055446817586424675
1061,17.683333,0,1138.06,641.54,3.567657165558902,0.0,-8.324961538382835,-0.001806295901228325,1.3793581990140402,0.005672605041536257
1062,17.7,0,1137.62,642.84,3.5913202812723584,0.0,-8.369001501583556,-0.001833786599980797,1.3793956999999737,0.005812717599902128
1063,17.716667,0,1135.11,643.71,3.607930963532366,0.0,-8.38905047615333,-0.00225226890349175,1.3791976985060348,0.005844631624643161
1064,17.733333,0,1135.22,643.54,3.60763416760196,2.220446049250313e-16,-8.388628496462678,-0.0024074408963998526,1.3791230014940175,0.005910862675310572
1065,17.75,0,1134.6,644.06,3.6108970861570056,0.0,-8.393538033601923,-0.0024731532,1.3790821,0.005981941
1066,17.766667,0,1134.42,643.53,3.6103441902880684,0.0,-8.397010615209474,-0.0024960263755725506,1.3790562996399958,0.006045733379717082
1067,17.783333,0,1134.65,642.63,3.6105560240997905,0.0,-8.397396769171621,-0.0024898053244231033,1.3790383003599915,0.006084717220310152
1068,17.8,0,1136.01,642.46,3.592236979830307,0.0,-8.367768790785366,-0.002465905999930737,1.3790168999999026,0.006094036599975855
1069,17.816667,0,1136.92,640.36,3.5861368102956455,0.0,-8.359440635664946,-0.0023667505584182946,1.3788772982160729,0.006059470564728112
1070,17.833333,0,1134.9,639.63,3.5859438693238723,2.220446049250313e-16,-8.359439636221895,-0.002324671441640495,1.378788101784052,0.006012706935337222
1071,17.85,0,1135.72,640.08,3.5802148506446945,0.0,-8.352858708995814,-0.0023101917000050553,1.3787032000000297,0.005965003700016656
1072,17.866667,0,1135.3,640.07,3.5671228314611567,2.220446049250313e-16,-8.33849020860601,-0.0023164827925897147,1.3786218983180099,0.005924283820473956
1073,17.883333,0,1134.76,640.55,3.5667142917229433,0.0,-8.337746088861802,-0.0023361116074102854,1.37853780168199,0.005890308679526044
1074,17.9,0,1133.77,641.03,3.5568709800648217,0.0,-8.318624751529395,-0.002377607000017924,1.3784405999999716,0.0057579744999872815
1075,17.916667,0,1133.54,640.65,3.559585838022378,0.0,-8.324039937997238,-0.002428942535353044,1.3783591985059565,0.005721548237777458
1076,17.933333,0,1133.03,639.83,3.559494731757004,2.220446049250313e-16,-8.324106187886802,-0.0024857062647262625,1.378284501493939,0.00570343836219724
1077,17.95,0,1130.68,638.86,3.563326369109451,-2.220446049250313e-16,-8.329671504413803,-0.0025511085999543152,1.3782057000000552,0.005664149300027444
1078,17.966667,0,1130.45,638.83,3.559254509117515,0.0,-8.319081755056226,-0.0026258395592657,1.378120998186042,0.0055971052730342035
1079,17.983333,0,1130.16,638.81,3.558920261196239,0.0,-8.318640391712332,-0.0027038015406798386,1.3780303018140212,0.005510758427026114
1080,18.0,0,1131.37,637.63,3.546919390322825,0.0,-8.306783363862484,-0.002818053,1.3781023,0.0055893436
1081,18.016667,0,1131.58,635.99,3.5074956740656127,0.0,-8.255386212568245,-0.0028792550880068547,1.3780663985999837,0.005553510560903223
1082,18.033333,0,1134.44,635.45,3.507683327856484,0.0,-8.255270721166273,-0.0029086539120136944,1.3779964013999675,0.005481559439046484
1083,18.05,0,1135.15,636.56,3.480123956174392,2.220446049250313e-16,-8.226527117938089,-0.002915446999994823,1.377918699999947,0.0053920205999270256
1084,18.066667,0,1137.39,636.35,3.469051878270766,0.0,-8.208045181543467,-0.0029080357112317673,1.3778429983880656,0.0052875498997058115
1085,18.083333,0,1137.57,636.31,3.468889305267829,0.0,-8.207702603929402,-0.002893597288788405,1.3777624016120469,0.005167535100461864
1086,18.1,0,1137.68,635.21,3.4606928045642733,0.0,-8.192693004762997,-0.0029490291999806455,1.3775440000000763,0.005361577499932247
1087,18.116667,0,1138.05,635.03,3.4473677093428434,0.0,-8.173086378624859,-0.002968020738445776,1.3774271984180093,0.005386050589658389
1088,18.133333,0,1137.84,631.7,3.447944022016389,0.0,-8.174541172613482,-0.0029699429615542236,1.3773481015819908,0.005365534210341616
1089,18.15,0,1137.67,633.6,3.4576553664939285,-2.220446049250313e-16,-8.205038147182835,-0.00296524169999397,1.3772935999999842,0.005351135499995961
1090,18.166667,0,1138.28,636.39,3.4593673963933846,-2.220446049250313e-16,-8.2118255419537,-0.0029479703869183358,1.377248598897968,0.005339567700866742
1091,18.183333,0,1136.65,634.08,3.4596768135716838,0.0,-8.212911494543695,-0.002907319113024869,1.3771935011019552,0.005299613799077438
1092,18.2,0,1135.32,630.37,3.4433179369451374,2.220446049250313e-16,-8.179337992534863,-0.0026475787001814374,1.3772553999999566,0.005408586999923878
1093,18.216667,0,1135.82,629.21,3.407269260426776,0.0,-8.100203414486302,-0.002480988202701778,1.3772125981660428,0.005358328893729034
1094,18.233333,0,1133.52,628.0,3.407267940982115,0.0,-8.10051068406848,-0.0023311257974028784,1.3771209018340214,0.00525301710634451
1095,18.25,0,1131.58,625.74,3.3980817982920883,0.0,-8.07540362652899,-0.0021769379,1.3770039,0.005127134
1096,18.266667,0,1129.88,625.74,3.3676112995152114,0.0,-7.980819414669075,-0.0020142336610110756,1.3768733972859684,0.004976015817633404
1097,18.283333,0,1125.25,622.78,3.3677097431733394,0.0,-7.981945205665702,-0.0018472928388722346,1.376737702713937,0.004801906482244895
1098,18.3,0,1123.99,622.92,3.3319950522913637,2.220446049250313e-16,-7.869748954862581,-0.001679360899919856,1.376611000000021,0.004630796600091155
1099,18.316667,0,1121.46,622.65,3.3274696499461696,0.0,-7.851825733351203,-0.0015646272273985337,1.3766408998980042,0.004761292312711032
1100,18.333333,0,1120.21,622.21,3.327554279676222,0.0,-7.8520322743009805,-0.0014559970727532363,1.3766358001020031,0.004791927887246166
1101,18.35,0,1119.99,621.9,3.329307357629153,0.0,-7.8544527594395985,-0.0013724167000291822,1.376644599999997,0.004847863699980469
1102,18.366667,0,1119.29,623.6,3.3405644292743206,0.0,-7.875541058436508,-0.001307858787451059,1.3766693007539956,0.004943034321326486
1103,18.383333,0,1119.64,623.94,3.340671275535821,0.0,-7.8754507174639565,-0.001247233412548954,1.3767069992460044,0.00505909667867349
1104,18.4,0,1117.69,624.78,3.376166548284333,0.0,-7.922429905145848,-0.0011853575998762836,1.3767566999999934,0.005182862300080631
1105,18.416667,0,1116.31,623.41,3.3899916415916245,0.0,-7.937884150817077,-0.0008310292867418597,1.3767375007100207,0.005413793490246477
1106,18.433333,0,1117.17,623.21,3.3903716918205173,0.0,-7.938048728339127,-0.0006603781730197194,1.376772999290029,0.0055382972099274706
1107,18.45,0,1115.52,623.43,3.3924764064703306,0.0,-7.932578381165383,-0.0005411431000832875,1.3768176999999686,0.005609802999950052
1108,18.466667,0,1115.29,623.75,3.3910365403930816,0.0,-7.915618785331447,-0.0004290991169822211,1.3768588007319829,0.005656889466274162
1109,18.483333,0,1114.86,625.36,3.3908301812833517,0.0,-7.914938182014872,-0.00031995005309400304,1.3768953992679915,0.005695202533699083
1110,18.5,0,1112.29,624.76,3.3938103776503925,2.220446049250313e-16,-7.912744940477514,-0.00011230259999999998,1.3769323,0.005691316
1111,18.516667,0,1113.36,623.36,3.3863729990886546,0.0,-7.879123405981243,1.7076367742874878e-06,1.3769635006120071,0.005686163793129588
1112,18.533333,0,1110.3,623.31,3.3862633415284553,0.0,-7.879420679964242,7.439259627651848e-05,1.3769940993880143,0.005675820806863182
1113,18.55,0,1109.85,623.37,3.3922938176439352,0.0,-7.868406267175871,0.00011561307000681619,1.377028700000026,0.0056778230000179165
1114,18.566667,0,1108.87,623.05,3.395407200263562,0.0,-7.860078647263503,0.0001253706192081573,1.3770659008519655,0.005703472285910049
1115,18.583333,0,1108.11,623.03,3.395435000024882,0.0,-7.860319309631977,0.00011033101581285493,1.3771084991479752,0.0057377678140420356
1116,18.6,0,1106.68,621.03,3.397689761789285,0.0,-7.851355870517529,0.0004181812698925107,1.3770780000000107,0.005611261400044172
1117,18.616667,0,1105.82,622.93,3.419876220216093,0.0,-7.8906048653059075,0.0004708660359700226,1.3771319020019883,0.005615693841220773
1118,18.633333,0,1104.54,623.47,3.4198478934900973,0.0,-7.890863358368649,0.00043116589402998585,1.3772319979980117,0.0056777527587792125
1119,18.65,0,1101.98,622.29,3.43783847296376,0.0,-7.954247426577193,0.00035655498996793535,1.377362800000054,0.00576234600003616
1120,18.666667,0,1102.67,623.98,3.442075361587712,-2.220446049250313e-16,-7.979556648982132,0.00026471958461489,1.3775175035241025,0.005865911082426607
1121,18.683333,0,1105.12,625.55,3.442269087823531,-2.220446049250313e-16,-7.979547582034165,0.0001669570852485236,1.3776936964761437,0.005970025217718853
1122,18.7,0,1102.97,625.92,3.4536424762373583,0.0,-8.012086917307968,0.0005541592997295245,1.3775355000001106,0.005670251300209404
1123,18.716667,0,1103.19,626.68,3.4850072839386086,0.0,-8.072169282171386,0.0006070945272401709,1.3775972023839447,0.005615325652266783
1124,18.733333,0,1101.31,627.36,3.484920318331017,0.0,-8.072540226886632,0.0005504574827993815,1.3777163976159723,0.005617938947731392
1125,18.75,0,1102.27,627.69,3.495486194773745,0.0,-8.091269115651425,0.00045714527,1.3778354,0.0056382213
1126,18.766667,0,1100.44,627.6,3.5041216481560866,0.0,-8.119493105215211,0.0003485580360162759,1.3779389019380226,0.005677556227060636
1127,18.783333,0,1099.46,626.88,3.504330776859619,0.0,-8.12042890722718,0.0002253652138976137,1.378035798062045,0.005748905572989236
1128,18.8,0,1099.13,628.31,3.5261791318980102,0.0,-8.194270800880181,8.359803007442243e-05,1.37812919999973,0.005847628999917904
1129,18.816667,0,1098.04,628.1,3.5288054410270995,0.0,-8.21583779191838,0.0001901367922317116,1.3777427981020773,0.005730103879290694
1130,18.833333,0,1097.63,628.57,3.528307801170134,0.0,-8.215003523685589,8.874830190994078e-05,1.3776479018980552,0.005739068420696782
1131,18.85,0,1098.37,628.84,3.5312045747378353,0.0,-8.232645362171416,-9.535997993571731e-05,1.3776406000000025,0.005762785699991719
1132,18.866667,0,1096.78,629.18,3.5385387455609663,0.0,-8.254608983213974,-0.00032197961948033033,1.3776613004259974,0.0057755113898934765
1133,18.883333,0,1089.81,628.62,3.537836743079125,0.0,-8.255273960681679,-0.0005819447505196143,1.3776825995740025,0.005780005910106523
1134,18.9,0,1088.07,629.36,3.53108602873056,0.0,-8.251009320496888,-0.00040227920005809993,1.377471399999977,0.005602894399987847
1135,18.916667,0,1085.73,630.06,3.5252828611719846,0.0,-8.250065690887928,-0.0005686839735109441,1.3774058993839822,0.005568088938046197
1136,18.933333,0,1083.31,630.12,3.524674990776761,0.0,-8.249923912142057,-0.0008623392268993289,1.377375100615975,0.005564991461949476
1137,18.95,0,1082.78,626.15,3.4988863805184613,0.0,-8.194977399621823,-0.0012041553997612338,1.3773329000000296,0.0055209156000307884
1138,18.966667,0,1082.1,616.44,3.4020091562497123,0.0,-7.964657784439306,-0.0015798068247851811,1.3772735981800424,0.005459850936046409
1139,18.983333,0,1079.89,620.71,3.400202673175815,0.0,-7.961954911375789,-0.001981039374934618,1.3771826018200213,0.005381654564008199
1140,19.0,0,1078.73,613.02,3.3047821560506154,0.0,-7.717344009271812,-0.0017632593,1.3767192,0.004889874
1141,19.016667,0,1079.43,607.4,3.1402949082130096,2.220446049250313e-16,-7.371615793905681,-0.001958245888519298,1.3764602969479645,0.004676473539915289
1142,19.033333,0,1080.52,602.24,3.140683740508349,0.0,-7.373123711221701,-0.0023326525117424077,1.3763077030519288,0.004733466360124549
1143,19.05,0,1081.62,603.19,3.1353921756858334,0.0,-7.440698747908563,-0.002790533000324373,1.3762281999999717,0.004998194000260318
1144,19.066667,0,1082.16,605.85,3.156324545995807,-2.220446049250313e-16,-7.521358303739346,-0.0032549038982676204,1.3761876999160034,0.005370864750004187
1145,19.083333,0,1081.78,609.57,3.1550991963004176,0.0,-7.519153447985977,-0.0036848176011317364,1.3761835000840024,0.005758365249454426
1146,19.1,0,1081.7,611.43,3.1835668087514124,-2.220446049250313e-16,-7.599916387681707,-0.003573671000038811,1.376005900000062,0.0062380972998325
1147,19.116667,0,1079.4,611.22,3.226758222298957,0.0,-7.677327523953417,-0.0037218299270999735,1.3759747006059964,0.006545353459767859
1148,19.133333,0,1077.61,613.64,3.2259598630435207,2.220446049250313e-16,-7.676152569311084,-0.003928177872899982,1.3760049993940033,0.0067183359402321055
1149,19.15,0,1071.91,613.38,3.2763477765673166,0.0,-7.72450224294638,-0.004139875500074886,1.376068500000029,0.006792951400004122
1150,19.166667,0,1066.11,614.92,3.2924730343027107,0.0,-7.732554058235457,-0.004354354443494594,1.3761519016100467,0.00680475630699983
1151,19.183333,0,1063.83,616.7,3.2918767845192445,0.0,-7.732193513876393,-0.004561514856794836,1.3762323983900655,0.006770108692951762
1152,19.2,0,1061.2,616.91,3.296536288167974,2.220446049250313e-16,-7.71272568476447,-0.004430396000091594,1.376092300000098,0.00657474250013647
1153,19.216667,0,1056.29,616.36,3.272641323540565,0.0,-7.602475311746585,-0.00450767647732036,1.3760777004859885,0.006418877121871004
1154,19.233333,0,1053.82,613.36,3.272974634557257,0.0,-7.604312915826965,-0.00466153992257219,1.3761019995139943,0.006274973078229491
1155,19.25,0,1051.64,611.85,3.257869463216599,0.0,-7.541409304029435,-0.0048316047,1.3761246,0.0061687883
1156,19.266667,0,1050.73,613.38,3.3259661170164843,0.0,-7.647278303726154,-0.005015792190154847,1.3761567007440085,0.0061723422517135865
1157,19.283333,0,1046.89,616.19,3.3249091962845423,0.0,-7.64608510931061,-0.005225289109991589,1.3761938992560174,0.006264923148351127
1158,19.3,0,1045.15,618.09,3.4752445084595274,-2.220446049250313e-16,-7.940255706863789,-0.004990704400074781,1.375663999999892,0.006494213000162526
1159,19.316667,0,1042.8,623.36,3.5721169829770796,0.0,-8.14067968640925,-0.005097764381149018,1.3755093994800214,0.006726884816535426
1160,19.333333,0,1042.57,629.49,3.5702604974032566,0.0,-8.136786007266917,-0.005346822018503018,1.3754834005200152,0.006987711783100166
1161,19.35,0,1040.2,634.17,3.6718380219724196,-2.220446049250313e-16,-8.357836662240476,-0.00564651699989536,1.375497299999995,0.007287895299895189
1162,19.366667,0,1038.39,639.19,3.822819110682404,0.0,-8.658206358276747,-0.005939645377648693,1.3755163003879975,0.007551888214031213
1163,19.383333,0,1035.24,642.29,3.8214247863827175,0.0,-8.656233133182909,-0.006208518622351249,1.375535699612002,0.007747583085968745
1164,19.4,0,1032.65,644.2,3.8725033018542576,0.0,-8.717600406338036,-0.004801226299874658,1.3752724999999724,0.007388554499968052
1165,19.416667,0,1030.98,644.51,3.8591145160114357,0.0,-8.681403440107387,-0.004442245143050164,1.3751936999339982,0.00729705367495854
1166,19.433333,0,1030.88,643.24,3.8594500242638303,0.0,-8.682221271419975,-0.004449397156959829,1.3751904000659971,0.007280802725018756
1167,19.45,0,1030.91,642.92,3.8436706615912297,0.0,-8.658082920258199,-0.004573633399913217,1.3752208999999787,0.0072991344999871945
1168,19.466667,0,1031.08,642.69,3.8187472158424955,0.0,-8.638805157451625,-0.004730920542449171,1.3752471003059927,0.007316174383511072
1169,19.483333,0,1030.52,642.97,3.8185048914032964,0.0,-8.638719553288524,-0.004883040457444596,1.3752623996939963,0.007335349616475537
1170,19.5,0,1031.19,640.86,3.7981914510561414,0.0,-8.626859751919842,-0.0050855875,1.3752946,0.00734121
1171,19.516667,0,1032.79,640.46,3.7704910864484766,0.0,-8.633465316644118,-0.0039818156544693525,1.3752487003660043,0.006967536829174693
1172,19.533333,0,1033.48,641.26,3.770664484595504,0.0,-8.633160193897663,-0.0037045534453368444,1.3752669996340086,0.0068590011707494415
1173,19.55,0,1033.33,642.64,3.809870017726959,0.0,-8.76658008745734,-0.0036967670000490646,1.375308800000033,0.0068449284999990275
1174,19.566667,0,1033.81,645.22,3.8256154565716196,0.0,-8.813523979860042,-0.0037670076208839486,1.3753562006319742,0.0068435361402390356
1175,19.583333,0,1033.01,646.38,3.8252129790471097,0.0,-8.813025976159471,-0.003848051879002822,1.3753877993679815,0.006800548059821024
1176,19.6,0,1031.53,646.13,3.8320068148004163,0.0,-8.836167442174366,-0.003919010499975225,1.3754066999999934,0.006713178000030506
1177,19.616667,0,1028.55,644.89,3.817457194359126,0.0,-8.810954756053118,-0.003972170913089013,1.3751414982000105,0.006806678944917964
1178,19.633333,0,1028.11,643.98,3.8173963143212277,0.0,-8.81109322192736,-0.003997824486910982,1.3750515017999896,0.006703928355082058
1179,19.65,0,1025.33,640.85,3.7640856393942355,0.0,-8.724346587087448,-0.004004508300003412,1.3750186999999943,0.0065184049999307235
1180,19.666667,0,1024.47,640.19,3.7418689067668063,0.0,-8.704791480946247,-0.004014281544207838,1.375001999961999,0.006319994538431254
1181,19.683333,0,1023.93,641.0,3.7415615050488586,0.0,-8.704446377990488,-0.0040414900558301756,1.3750001000379986,0.006146928061326951
1182,19.7,0,1024.56,640.91,3.7270387211253695,0.0,-8.704859735955571,-0.0040843113999700885,1.375008699999994,0.005991412300108631
1183,19.716667,0,1027.06,641.01,3.6895497588787625,0.0,-8.661138961617633,-0.004320012225369833,1.3749004993320155,0.006145395475315495
1184,19.733333,0,1024.85,640.77,3.68922517277447,0.0,-8.66121942362939,-0.004406279274569922,1.3748671006680078,0.006069162524737742
1185,19.75,0,1023.77,638.87,3.6872688745859503,0.0,-8.661464980532546,-0.0044460916,1.374862,0.0059325714
1186,19.766667,0,1020.87,638.24,3.7210927600068366,0.0,-8.743358347826607,-0.00448210637703339,1.3748723004780057,0.0058147653349364175
1187,19.783333,0,1017.8,640.9,3.7200818744582898,0.0,-8.741933565253616,-0.004530955523000755,1.3748961995220113,0.005756515165022865
1188,19.8,0,1016.14,647.15,3.803410638070637,0.0,-8.949779966386929,-0.004443101599993701,1.3744023999999164,0.006627274700248362
1189,19.816667,0,1015.27,650.67,3.845702170467074,0.0,-9.05855516373934,-0.004434084104055759,1.3742827999920004,0.006982825384734072
1190,19.833333,0,1015.28,652.24,3.845237469835765,0.0,-9.057294109783621,-0.004439286895936971,1.3742824000080003,0.007152062215029483
1191,19.85,0,1014.05,653.47,3.8770181036054323,0.0,-9.142070701502384,-0.004444539499998166,1.374313799999989,0.007232310299971982
1192,19.866667,0,1013.12,654.84,3.9278663113074024,0.0,-9.275105598597317,-0.00445049981264709,1.374356600835995,0.007272731322831031
1193,19.883333,0,1012.99,655.3,3.9278413340818887,0.0,-9.275066614317785,-0.004441132487352911,1.374398399164005,0.00726387317716897
1194,19.9,0,1010.53,656.19,3.967888941236557,0.0,-9.365601071227287,-0.004337464999970998,1.3741225999999762,0.007541319400015863
1195,19.916667,0,1006.61,658.47,3.974454137535336,0.0,-9.378617202063666,-0.004254398922534268,1.3740546996779908,0.007586750222885383
1196,19.933333,0,1005.08,659.04,3.9741583758980483,0.0,-9.378167534965886,-0.004165531777341573,1.3740386003219869,0.007547897177060335
1197,19.95,0,1002.74,659.08,3.978940149606168,0.0,-9.388005774053214,-0.004064314000070703,1.3740281000000074,0.007468138000055714
1198,19.966667,0,1000.55,660.04,3.9789208854700173,0.0,-9.373805829165349,-0.0039517833178391295,1.3740106993840142,0.007343193715337124
1199,19.983333,0,999.13,659.26,3.979041192138872,0.0,-9.374388888254343,-0.0038376771822405567,1.3739799006160072,0.00716896348478455
1200,20.0,0,997.49,659.63,3.9731284796144544,0.0,-9.353227512033195,-0.0037247539,1.3739524,0.006965682
1201,20.016667,0,996.33,659.78,3.9829593617181303,0.0,-9.37921927533712,-0.0034475272421138495,1.3737123980319772,0.006758766378863786
1202,20.033333,0,994.56,659.78,3.9826265877839293,0.0,-9.378778742673838,-0.0033096400577897686,1.3736140019679541,0.006577718921009663
1203,20.05,0,994.76,660.78,4.005773987993639,0.0,-9.447252414305025,-0.003229965699961466,1.3735622999999717,0.00640656239987195
1204,20.066667,0,996.29,660.67,4.005757635365616,0.0,-9.448924691804535,-0.0031748007392772243,1.3735219992040324,0.006223246045471147
1205,20.083333,0,995.97,659.62,4.005993243128474,0.0,-9.449647089107998,-0.0031217645607968733,1.3734822007960232,0.006025519454805102
1206,20.1,0,995.2,660.06,4.015250426542648,0.0,-9.473088406453481,-0.003294048399939845,1.3732440000000832,0.006422523399861381
1207,20.116667,0,992.21,660.84,4.0513128602826765,0.0,-9.54752298502045,-0.0033082953206871194,1.3731557991120051,0.006431729425582734
1208,20.133333,0,991.69,661.76,4.050872503413848,0.0,-9.546665909807428,-0.00326433117931289,1.3731114008879948,0.006288013474417297
1209,20.15,0,993.87,662.19,4.048951215631574,0.0,-9.549637990594123,-0.0031976899999707916,1.3730717999999835,0.006064679499901909
1210,20.166667,0,994.38,662.15,4.0280721449769334,0.0,-9.510275122083117,-0.0031140350878485277,1.3730244987039624,0.005783739322665661
1211,20.183333,0,994.44,661.64,4.028157255826622,-2.220446049250313e-16,-9.510546703749812,-0.003008434812003936,1.3729597012959471,0.005449895676867917
1212,20.2,0,994.29,660.38,4.0145937206358235,0.0,-9.490537687592111,-0.0032580941998256027,1.372838000000085,0.005587575999903821
1213,20.216667,0,994.27,660.23,3.9805710586760603,0.0,-9.4338687715976,-0.003261348351524377,1.3727411980640452,0.005421549430548674
1214,20.233333,0,994.33,660.25,3.980372635468416,0.0,-9.433450054772822,-0.003178925948533183,1.3726444019360224,0.005158081269635319
1215,20.25,0,994.02,658.57,3.9562640701340728,0.0,-9.388776591426554,-0.0030665547,1.3725419,0.00486804
1216,20.266667,0,992.84,658.41,3.9339912585091916,0.0,-9.350781328649422,-0.002948582338760805,1.3724409981319783,0.004574822212876537
1217,20.283333,0,993.32,658.78,3.9337679477232634,0.0,-9.35014904433388,-0.0028405259611636647,1.3723476018679563,0.004285480986921217
1218,20.3,0,993.91,658.6,3.933812916231986,0.0,-9.370690333045218,-0.003175780200043395,1.3722426999999526,0.0049664640000368675
1219,20.316667,0,993.67,658.71,3.9156523698115837,0.0,-9.338596566352496,-0.003237902207904353,1.3721749990320393,0.005019238314198197
1220,20.333333,0,991.68,659.13,3.9152226150966,0.0,-9.338196111122562,-0.0031932973921579657,1.3721266009680282,0.00483494808605928
1221,20.35,0,991.88,656.48,3.8827808272300466,0.0,-9.272070183937801,-0.003096141000033923,1.3720999000000094,0.00456664520009368
1222,20.366667,0,990.03,654.99,3.8385187764435513,0.0,-9.17382776892543,-0.002969669617522199,1.372103800693996,0.004283846182108048
1223,20.383333,0,988.57,655.13,3.8385643553693742,0.0,-9.17424037682708,-0.002830550482477831,1.372138499306004,0.004042959817892003
1224,20.4,0,985.79,655.24,3.8663905488404064,0.0,-9.256841129708913,-0.002855770299971975,1.3720556000000157,0.0043512620000273365
1225,20.416667,0,982.24,655.68,3.878096294380912,-2.220446049250313e-16,-9.300718669471978,-0.0027755031163093557,1.372100701548045,0.004429555012550007
1226,20.433333,0,980.04,656.79,3.87785790653006,-2.220446049250313e-16,-9.30047687330226,-0.0026713257835450956,1.372178098452063,0.00445018108747881
1227,20.45,0,978.32,658.85,3.895880458905495,0.0,-9.358752757584634,-0.0025654957000739243,1.3722654999999389,0.004454685399996854
1228,20.466667,0,975.08,659.08,3.916454749967336,0.0,-9.425879067262551,-0.002451370271378867,1.3723522017339596,0.00443841989920497
1229,20.483333,0,972.33,658.79,3.9166298877639485,0.0,-9.426811950553223,-0.0023249413287094248,1.3724388982659796,0.004393380900826482
1230,20.5,0,970.85,660.3,3.929007195678724,0.0,-9.455447588766948,-0.0023502535,1.3723943,0.004969284
1231,20.516667,0,967.81,661.27,3.9681333326958748,0.0,-9.536453796566207,-0.0022916403107451416,1.3724685020860243,0.005162543929770336
1232,20.533333,0,964.95,660.55,3.968447922467102,0.0,-9.537745562849173,-0.002202182189192328,1.3725727979140485,0.005224029270272641
1233,20.55,0,963.17,659.94,3.976728728765189,0.0,-9.559651571522078,-0.0020971819999237628,1.3726785000000705,0.0052413605000121615
1234,20.566667,0,962.53,660.57,4.00213512847167,0.0,-9.623471536533824,-0.001988041624464428,1.372779601893923,0.005258771692185568
1235,20.583333,0,961.84,659.58,4.002748344155693,0.0,-9.624873246569523,-0.0018942647756665899,1.372874298105945,0.005308381007745121
1236,20.6,0,959.1,662.42,4.032118876267783,0.0,-9.704864135113112,-0.0013863593001773402,1.3726454000000798,0.0052316580000267895
1237,20.616667,0,958.68,663.11,4.052940095294996,0.0,-9.76217354629934,-0.0011978029883411292,1.3726010000399997,0.005271192075703738
1238,20.633333,0,958.59,663.32,4.052962743420113,0.0,-9.7619689311409,-0.0011022233116588912,1.3726029999600002,0.005324975424296251
1239,20.65,0,956.68,661.33,4.066420906517439,0.0,-9.790548147981745,-0.0010343441999806852,1.3726196000000055,0.005372401300016035
1240,20.666667,0,955.48,663.51,4.066802725065659,0.0,-9.789943035536279,-0.000979025250171156,1.3726356001820053,0.005418327684214645
1241,20.683333,0,951.97,663.03,4.066651901455879,0.0,-9.7904379027301,-0.0009315370897624972,1.3726446998180073,0.005467535015854104
1242,20.7,0,950.1,663.02,4.079577331901975,0.0,-9.819656861341185,1.9788741335466722e-05,1.3723528000002039,0.004878081400411755
1243,20.716667,0,948.18,664.53,4.110273260293011,0.0,-9.899529137743063,0.00036284649797948474,1.3722718997300063,0.004738992132990904
1244,20.733333,0,947.24,664.84,4.1101850266489,0.0,-9.89919628678788,0.0005237427819081535,1.3722584002700031,0.004745641567004452
1245,20.75,0,946.14,664.03,4.107251745902364,0.0,-9.905928660203744,0.0006309822,1.3722692,0.0047875457
1246,20.766667,0,943.1,662.85,4.076665306860626,0.0,-9.861669685998544,0.0007086930235962641,1.372289800434005,0.004837545337316595
1247,20.783333,0,943.55,662.38,4.076997143456227,0.0,-9.862158665641115,0.0007698696764464976,1.37231149956601,0.004874409262709172
1248,20.8,0,942.71,661.23,4.079621869556358,0.0,-9.841406498494456,0.0011328459000857422,1.3719263999999096,0.0045575069999374065
1249,20.816667,0,938.98,662.42,4.089194582647939,0.0,-9.852784220924505,0.0012555924114030102,1.3717970990580384,0.004467901092008251
1250,20.833333,0,936.99,663.25,4.088593682179775,0.0,-9.851821528960645,0.0012911625885472938,1.3717500009420274,0.004472501507985322
1251,20.85,0,938.67,662.55,4.097894753253892,0.0,-9.874193790810628,0.001279369000004118,1.3717300000000068,0.004536317699977718
1252,20.866667,0,938.59,663.44,4.095918385338813,0.0,-9.896671955586552,0.001237413674420553,1.3717181998680008,0.004634518377881903
1253,20.883333,0,939.83,663.48,4.095965867491983,0.0,-9.896454137186927,0.0011811366255794593,1.3717116001319993,0.004738408922118074
1254,20.9,0,940.57,663.46,4.075889522157339,0.0,-9.848349472861882,0.0010916366999770995,1.3712800999999413,0.004509759999970741
1255,20.916667,0,938.67,663.22,4.054820239890414,0.0,-9.784094970833218,0.0010260483705869501,1.3711122981239454,0.004425962301268022
1256,20.933333,0,935.74,663.15,4.054199491926808,0.0,-9.783614548861873,0.0009795809293481291,1.3710185018759236,0.00437102949865523
1257,20.95,0,934.39,663.85,4.054324197474167,0.0,-9.766204491413236,0.0009343922000315652,1.3709491000000484,0.004340352500021428
1258,20.966667,0,935.07,664.27,4.06673899174157,0.0,-9.790348224861145,0.0008780297472534922,1.3708894988300273,0.004348749993817848
1259,20.983333,0,936.02,664.76,4.066440122641984,0.0,-9.789478012097776,0.0008103935527937415,1.3708310011700136,0.004383440306157926
1260,21.0,0,935.82,664.87,4.06592500068113,0.0,-9.803563911948823,0.0010587648,1.3705382,0.004306894
1261,21.016667,0,936.63,663.9,4.045908573805186,0.0,-9.786437367914317,0.0010872723316870433,1.3704004982779798,0.004295600745957702
1262,21.033333,0,938.7,662.27,4.046378541773692,0.0,-9.787068600662757,0.0010488586682861059,1.37031440172196,0.004302898254047399
1263,21.05,0,938.91,662.26,4.037163696580101,0.0,-9.772689709971528,0.0009919180999568306,1.3702451999999588,0.004318872500016511
1264,21.066667,0,938.72,662.39,4.03604100001014,0.0,-9.763491241172144,0.0009301168410013042,1.3701861990560384,0.00434251005324538
1265,21.083333,0,936.45,662.53,4.0355442389250165,0.0,-9.763066154623674,0.0008671668590866448,1.3701390009440275,0.004375172346708987
1266,21.1,0,934.27,663.21,4.034922084670768,0.0,-9.756267700158562,0.0012837945998545295,1.3700086000000455,0.004295110700027954
1267,21.116667,0,932.32,662.51,4.052163951012234,0.0,-9.79152023822077,0.001384479419557304,1.3699650999000006,0.00432888246161458
1268,21.133333,0,930.98,663.52,4.051675100819389,0.0,-9.790608271958357,0.0013904570804426947,1.3699601000999992,0.0044269598383854
1269,21.15,0,930.18,664.2,4.055605890938743,0.0,-9.816263602000797,0.0013763308999948881,1.3699789000000147,0.004560318000055298
1270,21.166667,0,929.08,663.53,4.061604053854063,0.0,-9.840199548483726,0.0013616902375823625,1.3700207012500363,0.004718694557083526
1271,21.183333,0,922.68,662.35,4.061456369708217,0.0,-9.841577307903222,0.0013485702623993073,1.370083198750051,0.0048965364431649405
1272,21.2,0,922.04,662.7,4.071579569988075,0.0,-9.871062518035453,0.001332658100011115,1.370167399999941,0.005085777499867812
1273,21.216667,0,912.74,663.51,4.101821258824543,0.0,-9.945042211722965,0.0014831798253507537,1.3699852001879955,0.005281264129344525
1274,21.233333,0,911.05,662.72,4.1019381375219215,0.0,-9.945607520556784,0.0014944471746413776,1.3699945998119978,0.0054777280705182755
1275,21.25,0,910.58,664.13,4.11413836850534,0.0,-9.97054523440701,0.0014540255,1.3700675,0.0056803413
1276,21.266667,0,908.89,664.02,4.150505713771357,0.0,-10.042314344440046,0.0013939301861115175,1.3701556016860195,0.005897886210084908
1277,21.283333,0,906.11,665.41,4.149895891933513,0.0,-10.041593038036455,0.0013232394138390706,1.3702398983140394,0.006133378290079698
1278,21.3,0,905.74,667.15,4.18166618259643,0.0,-10.100767695166505,0.001252802800034688,1.3703201999999979,0.006383986999957846
1279,21.316667,0,903.93,664.89,4.195229267436426,0.0,-10.132013703585441,0.0013024602783473322,1.3703170012439494,0.006323643916489152
1280,21.333333,0,901.98,666.83,4.19448289819842,0.0,-10.130711378686463,0.0012713776216960939,1.3703791987559637,0.006469468483307112
1281,21.35,0,899.81,667.34,4.2083596285202205,0.0,-10.163900228937482,0.0012143403000199151,1.3704573999999727,0.006683749999925182
1282,21.366667,0,899.48,669.37,4.235854038782351,0.0,-10.219732507312786,0.0011502715352973627,1.370539001533991,0.006915894282229324
1283,21.383333,0,895.83,669.88,4.235423258276237,0.0,-10.219717929718739,0.0010870385647026508,1.370615698466009,0.007144997917770627
1284,21.4,0,894.3,669.69,4.275295189683452,0.0,-10.28224026721272,0.0012077342000048482,1.37038349999998,0.0072727185000543626
1285,21.416667,0,891.65,669.35,4.277533238111581,0.0,-10.272962068189681,0.0012216191883089283,1.3703263999779993,0.007428416329082159
1286,21.433333,0,887.64,670.28,4.276709340693745,0.0,-10.272077365984966,0.0012060357116692995,1.370325300021999,0.007579859971129426
1287,21.45,0,885.4,669.74,4.274805939213152,0.0,-10.255271940930115,0.0011837333000155788,1.3703377999999913,0.0077304075998948394
1288,21.466667,0,880.48,670.82,4.280735764294094,0.0,-10.260169879400992,0.0011511360927391212,1.3703604006619847,0.007900244102304497
1289,21.483333,0,878.74,669.77,4.28097365772074,0.0,-10.261178625063883,0.0011057738072925575,1.3703934993379923,0.008105355897552263
1290,21.5,0,877.86,669.96,4.288380924497307,0.0,-10.281585598818149,0.001052613,1.3704336,0.008339189
1291,21.516667,0,877.32,669.72,4.293570553721622,0.0,-10.294623264692966,0.0013066316722133338,1.3701869989299875,0.008281618586814327
1292,21.533333,0,877.76,670.44,4.293239272831394,0.0,-10.293468233314758,0.0013552398278206428,1.370133501069975,0.008385953913258602
1293,21.55,0,873.79,669.93,4.307256779737026,0.0,-10.322729213360358,0.0013261809999549916,1.3701385000000188,0.008549560000131866
1294,21.566667,0,872.73,670.59,4.313781814119784,0.0,-10.336453265264893,0.0012617467524451379,1.3701656007559693,0.008738340866362446
1295,21.583333,0,872.2,671.42,4.313449828029496,0.0,-10.335816872302235,0.0011793689476699543,1.3702033992439782,0.008931659133367464
1296,21.6,0,870.79,670.43,4.298923488025001,0.0,-10.30278736922126,0.0011498258000103147,1.3697947000001427,0.00878742900005036
1297,21.616667,0,871.61,669.31,4.284687826972236,0.0,-10.275855477075057,0.0010819643005173115,1.3696509987140075,0.008814900538541042
1298,21.633333,0,869.65,670.6,4.283708617161318,0.0,-10.274204981330332,0.0010019928994827053,1.3695867012859924,0.00889182496145894
1299,21.65,0,870.58,669.95,4.292367590652561,0.0,-10.287073257893217,0.0009151398999637827,1.3695419999999823,0.008981198000025323
1300,21.666667,0,869.0,668.37,4.293387635052375,0.0,-10.288745530994113,0.0008114101554720496,1.3694908989239687,0.009053725326718614
1301,21.683333,0,868.36,670.15,4.292354267708392,0.0,-10.286714751947581,0.0006726933443341459,1.3694371010759563,0.009120056673374061
1302,21.7,0,868.44,670.39,4.269078283709761,0.0,-10.240113184133486,0.0006907507999873843,1.3691280000002157,0.00857544700038043
1303,21.716667,0,870.62,668.92,4.226442130995698,0.0,-10.167366436050774,0.0005923954881010352,1.3689861983800375,0.008366050023746009
1304,21.733333,0,870.27,668.51,4.226163927772518,0.0,-10.167226278695694,0.00045830278199260837,1.3689052016200187,0.008267238976322998
1305,21.75,0,871.71,669.31,4.208617850624782,0.0,-10.1381206897441,0.00032569226,1.3688395,0.008203991
1306,21.766667,0,871.91,668.15,4.18918067799391,0.0,-10.10870644602843,0.00020970208812452588,1.3687877991579902,0.008156315500434176
1307,21.783333,0,873.04,667.94,4.1891568041098655,0.0,-10.108572391527105,0.0001121133558072607,1.3687457008419806,0.008131338499548365
1308,21.8,0,872.62,670.52,4.186685539278257,0.0,-10.102488515366261,0.000141407089969925,1.368623999999962,0.007796579999928672
1309,21.816667,0,871.45,671.03,4.195447796698226,0.0,-10.123159553495064,9.835121678600551e-05,1.3685695991820335,0.007694467482055107
1310,21.833333,0,871.3,671.92,4.194917522052256,0.0,-10.122123526064053,2.3890461318025477e-05,1.3685287008180238,0.0076685702179810755
1311,21.85,0,870.15,670.25,4.193419265112813,0.0,-10.122418541416137,-6.742775396811578e-05,1.3684927000000127,0.007663142000001896
1312,21.866667,0,872.71,669.9,4.160072471860034,0.0,-10.059264794494192,-0.0001602958130938091,1.368457999468003,0.007656862631982142
1313,21.883333,0,873.26,668.7,4.160389672900986,0.0,-10.060090006780172,-0.00024094774690617372,1.3684314005319969,0.007638462368017862
1314,21.9,0,871.64,668.6,4.146569130458694,0.0,-10.048332288509396,-0.00039180872002715997,1.368385299999995,0.007923456000027411
1315,21.916667,0,865.92,668.31,4.14477077840172,0.0,-10.050839003188248,-0.000469596175905403,1.3683713998639961,0.00800196088763673
1316,21.933333,0,865.72,668.62,4.144571713498315,0.0,-10.050537646002434,-0.0005183880741627654,1.3683646001359946,0.007996343112355421
1317,21.95,0,863.1,668.57,4.13616973099846,0.0,-10.0320281480851,-0.0005617341399697219,1.3683596000000036,0.007950418000032081
1318,21.966667,0,859.63,667.02,4.13093441781249,0.0,-10.026035638623906,-0.0006123793203775894,1.3683587002219948,0.007907945795884752
1319,21.983333,0,863.88,668.1,4.131016226802918,0.0,-10.025117522749591,-0.0006733971795797989,1.3683697997779973,0.007897740204122376
1320,22.0,0,856.44,667.27,4.13611172355188,0.0,-10.04504923248062,-0.0009378195,1.3683755,0.008235492
1321,22.016667,0,854.4,667.02,4.1400934154907105,0.0,-10.078003570288452,-0.0010707021185457025,1.368398100436005,0.008368736800279329
1322,22.033333,0,852.5,666.24,4.14013747742708,0.0,-10.07883209010607,-0.001146625481507367,1.36841989956401,0.008408748699748638
1323,22.05,0,852.88,666.58,4.12083223471141,0.0,-10.04529703771268,-0.0011891723000117204,1.3684387000000144,0.00840075699998171
1324,22.066667,0,850.58,666.3,4.128004284246274,0.0,-10.068962955716579,-0.0012059510449981662,1.3684595002899882,0.008374574942092735
1325,22.083333,0,849.38,664.64,4.12848149012315,0.0,-10.070532757442425,-0.0012082009549986901,1.3684739997099915,0.008346679557946237
1326,22.1,0,848.18,663.04,4.119359134662746,0.0,-10.056478075315965,-0.0009646465000850396,1.3685886999999601,0.008389332999985108
1327,22.116667,0,847.22,664.4,4.067464556751113,0.0,-9.956082745242721,-0.0008572675170304766,1.3686143998860008,0.00832833121040333
1328,22.133333,0,846.75,660.17,4.068881456706494,0.0,-9.959669484326776,-0.0007896213529695378,1.3686087001139993,0.008213855289596695
1329,22.15,0,845.4,661.54,4.036392384956194,0.0,-9.877004440073641,-0.0007249241999756513,1.3685998000000006,0.008066664999946058
1330,22.166667,0,843.84,665.06,4.026421170073589,0.0,-9.84759674524692,-0.0006551878836782536,1.368601800382011,0.007912169232959468
1331,22.183333,0,842.82,666.33,4.0260115731973745,0.0,-9.846868785917724,-0.0005913762062325934,1.3686208996180156,0.007773826766847252
1332,22.2,0,841.48,662.64,4.015446727890982,0.0,-9.821724542192955,-0.0008200977998402292,1.368559400000043,0.007976710999858276
1333,22.216667,0,840.78,662.5,3.9897855752572546,0.0,-9.784771131191755,-0.0008801372912755471,1.3685850012499707,0.007988042198518659
1334,22.233333,0,838.68,663.62,3.9893657488214007,0.0,-9.784413444091745,-0.0008897009087177742,1.3686474987499855,0.007947968801509326
1335,22.25,0,836.39,664.94,3.99002262443485,0.0,-9.801162315865588,-0.000879243,1.3687254,0.007901
1336,22.266667,0,834.52,664.92,3.99573695666751,0.0,-9.83019266167654,-0.0008537585796940714,1.3688107016600195,0.007851940029238854
1337,22.283333,0,832.23,664.83,3.9958022361745704,0.0,-9.830990607173003,-0.000807745660273766,1.3688936983400388,0.0077784057707097455
1338,22.3,0,830.81,664.08,3.9774209076451275,0.0,-9.793626586770097,-0.000854037699960845,1.3688148000000053,0.007916178999984525
1339,22.316667,0,829.29,663.62,3.982613266608433,0.0,-9.807253711600843,-0.0007979825853440973,1.3688225005719767,0.007894022205833112
1340,22.333333,0,826.55,663.5,3.9825351408285288,0.0,-9.80771173372066,-0.0006972497147966391,1.3688510994279834,0.007804313794292222
1341,22.35,0,824.11,663.15,3.9772375022393107,0.0,-9.801401651569453,-0.0005690008400447787,1.3688805999999898,0.007657340000051317
1342,22.366667,0,821.82,663.0,3.908134300890045,0.0,-9.657057696879509,-0.00042520897254634874,1.3688980000759996,0.007454159442842277
1343,22.383333,0,824.62,659.93,3.909562328549716,0.0,-9.659649418675597,-0.0002693416174536844,1.3689017999240003,0.007211309857157775
1344,22.4,0,823.05,659.32,3.834421785155784,0.0,-9.47810723240312,-0.00010085851014687787,1.3688927999998632,0.006955690700028262
1345,22.416667,0,823.16,659.58,3.8123478635783683,0.0,-9.418071398771142,-0.0005215192588679072,1.3685009971679176,0.007036631954714473
1346,22.433333,0,821.94,658.93,3.8119707134588454,-2.220446049250313e-16,-9.41771029643304,-0.0005694593411990712,1.3683594028318844,0.00693437474514266
1347,22.45,0,821.58,657.86,3.808819452609941,0.0,-9.401332075933889,-0.00051753730003627,1.368303300000039,0.006817177000081865
1348,22.466667,0,821.28,656.91,3.798922941506042,2.220446049250313e-16,-9.373862032728017,-0.0004535528972060013,1.3682797998520035,0.006742681760850552
1349,22.483333,0,821.9,656.92,3.7990243684185576,0.0,-9.373815690664708,-0.0003934142028359965,1.3682724001480018,0.0067157247391682745
1350,22.5,0,821.5,656.79,3.794096762764433,0.0,-9.368363037237806,-0.00045339763,1.3680962,0.006747594
1351,22.516667,0,821.38,656.16,3.7808815046190682,0.0,-9.332136671782031,-0.00042101603324966704,1.368037699749997,0.006761068330236021
1352,22.533333,0,819.41,653.28,3.78155301693933,0.0,-9.334206147701439,-0.00035268204670256835,1.3680252002499942,0.0067525805697580465
1353,22.55,0,819.59,652.47,3.788075101201393,0.0,-9.331472493687992,-0.0002687647999383737,1.3680352000000178,0.006735659999990749
1354,22.566667,0,819.43,652.21,3.790469544747911,0.0,-9.333546052926009,-0.00018054080481485634,1.3680605006999713,0.006722416512589637
1355,22.583333,0,819.96,652.78,3.7905376217442597,0.0,-9.333365833243011,-9.728148530146734e-05,1.3680954992999796,0.0067130459874234555
1356,22.6,0,820.01,652.8,3.7891522672120144,0.0,-9.332270695417435,-0.00023128595995321034,1.3680544000000143,0.0066545475000204255
1357,22.616667,0,821.36,652.04,3.771682353492827,0.0,-9.303278324218676,-0.0002503764791148352,1.368079901173993,0.006641479200498832
1358,22.633333,0,820.21,652.77,3.771526866285779,0.0,-9.30316825667295,-0.00023633270088516776,1.3681385988260069,0.006651503799501165
1359,22.65,0,819.97,652.95,3.788872347516399,0.0,-9.355785811426026,-0.00021033733998967484,1.368219000000031,0.006679414000012913
1360,22.666667,0,820.39,653.23,3.7976687519776897,0.0,-9.380138670082925,-0.00018076536870411766,1.3683075017280504,0.006716397500029284
1361,22.683333,0,817.23,653.44,3.7975489572859553,0.0,-9.38061889128882,-0.00014970272125248394,1.3683938982720705,0.006756396200026599
1362,22.7,0,813.46,654.49,3.7960608589309848,0.0,-9.383054177870061,-0.000286675999904319,1.368403599999993,0.006614232400099307
1363,22.716667,0,812.73,654.36,3.7977716944847213,0.0,-9.393083873135526,-0.0003222896960756882,1.3684617016119625,0.006576384921262817
1364,22.733333,0,812.94,655.04,3.7978193157030713,0.0,-9.393149628805551,-0.0003190935339265439,1.3685422983879814,0.0065574483787504065
1365,22.75,0,809.75,655.93,3.809189615731782,0.0,-9.421432004517337,-0.0003043389,1.3686339,0.006548863
1366,22.766667,0,809.66,656.7,3.8191658276062714,0.0,-9.456403764449766,-0.00028362830119195084,1.3687308020820244,0.006537606950451422
1367,22.783333,0,806.2,655.55,3.8194586217178514,0.0,-9.458076900692177,-0.0002636889287941117,1.3688348979180485,0.006535129649546846
1368,22.8,0,804.47,656.4,3.8214143765905684,0.0,-9.480337011123547,-0.00045671806004068,1.3687611000000335,0.006265531999948524
1369,22.816667,0,802.62,654.43,3.820668952540225,0.0,-9.487903866372669,-0.0005149549672468096,1.368809101671932,0.006191840660201397
1370,22.833333,0,801.13,655.59,3.8203646249842116,0.0,-9.487639879872756,-0.000548317332706579,1.3688926983279512,0.006204850739780427
1371,22.85,0,798.33,654.84,3.822735835172609,0.0,-9.499520810309969,-0.0005880866999861142,1.3689848999999679,0.006259349999980971
1372,22.866667,0,795.6,655.05,3.8495731407629656,0.0,-9.571067647117184,-0.0006357640161540843,1.3690798018239894,0.0063329595947107156
1373,22.883333,0,793.1,658.0,3.8486151649971836,0.0,-9.569441869568998,-0.0006865699838459049,1.3691709981760105,0.006412692405289267
1374,22.9,0,792.3,658.3,3.8711040845124547,0.0,-9.62107532477805,-0.0007288754000161628,1.369088799999998,0.0061896964999832585
1375,22.916667,0,791.65,659.3,3.870624283801725,0.0,-9.620243263809636,-0.0007751664937172438,1.3690830001720051,0.006141747817819967
1376,22.933333,0,790.05,658.1,3.870817679319528,0.0,-9.621298863071486,-0.0008068501663270222,1.3690915998280069,0.006117640482146352
1377,22.95,0,789.04,658.68,3.8631633352105164,0.0,-9.598438520109603,-0.0008216276999896779,1.3691020999999928,0.006077189000028256
1378,22.966667,0,786.31,659.92,3.864567662129082,0.0,-9.585486795780062,-0.000825345246089911,1.3691139002259949,0.006025965083272326
1379,22.983333,0,785.25,660.12,3.8644393909632795,0.0,-9.58550400978455,-0.0008126499539189547,1.3691251997739975,0.005965129716770158
1380,23.0,0,783.01,659.92,3.8671762835376198,-2.220446049250313e-16,-9.587451694529946,-0.00090532005,1.3686268,0.005692916
1381,23.016667,0,782.22,660.24,3.8511391489975684,0.0,-9.567385419208186,-0.0009181745284380001,1.3684364980639774,0.005550378585871857
1382,23.033333,0,783.17,659.05,3.8513382965182843,2.220446049250313e-16,-9.567709716566753,-0.0009095968715560043,1.3683397019359549,0.005429678414043774
1383,23.05,0,782.64,659.14,3.8286822341883022,0.0,-9.536052553981635,-0.0009096041300115158,1.3682665999999486,0.005299959299895245
1384,23.066667,0,780.57,657.34,3.8168047694775917,0.0,-9.506690138467514,-0.0009260904790824024,1.3681928983960654,0.005149992560912142
1385,23.083333,0,777.8,657.74,3.8161440221105454,0.0,-9.506084786122074,-0.0009550446208771451,1.3681127016040466,0.0049780380393280995
1386,23.1,0,777.68,654.54,3.8046459066355296,0.0,-9.467679552831992,-0.0009862629999891001,1.3680250000000307,0.004784142600067699
1387,23.116667,0,772.26,656.17,3.800242076349724,0.0,-9.43071899443726,-0.0008853451714274349,1.367984498080011,0.0044166476676992215
1388,23.133333,0,770.69,655.34,3.800053916220893,0.0,-9.430935915991542,-0.0008919163185725637,1.367888501919989,0.004200040032300826
1389,23.15,0,767.94,655.03,3.8004122831805183,-2.220446049250313e-16,-9.416953438599597,-0.0009357706000178997,1.367765799999955,0.004042817299950753
1390,23.166667,0,766.58,655.22,3.7912195033826235,0.0,-9.3942928544672,-0.0009870363970761087,1.3676375975599289,0.003901769232421631
1391,23.183333,0,765.28,654.45,3.7909305330972836,0.0,-9.394208250487095,-0.0010318871029865533,1.3675156024399004,0.0037534005673710794
1392,23.2,0,764.08,652.54,3.7760706097048873,0.0,-9.360570664775398,-0.0010024806000205422,1.3675021000000094,0.003851527299931453
1393,23.216667,0,763.26,651.62,3.7373895615584116,0.0,-9.259248308464501,-0.0010030643120533913,1.367435798538034,0.0037645312558151974
1394,23.233333,0,762.12,650.42,3.7374141352645758,0.0,-9.259803698631941,-0.001008666887942696,1.3673627014620169,0.0036073246442945876
1395,23.25,0,760.98,650.27,3.724680298318449,0.0,-9.226231932477607,-0.0010186831,1.3672928,0.003443636
1396,23.266667,0,759.88,650.44,3.713190823704547,0.0,-9.207596452162838,-0.0010310341871236786,1.3672252986519844,0.003295370933767581
1397,23.283333,0,761.04,650.51,3.713079661433589,0.0,-9.20717135490733,-0.0010553891128933452,1.3671579013479687,0.0031820651661532196
1398,23.3,0,763.33,650.42,3.726712375983029,0.0,-9.254026405086272,-0.0007936879999468085,1.367310200000019,0.003616862000087619
1399,23.316667,0,764.09,650.06,3.726679073665468,2.220446049250313e-16,-9.255474864792433,-0.0007175404034780833,1.367337499782009,0.003742294748337805
1400,23.333333,0,763.68,649.49,3.726786423267373,0.0,-9.255804038013821,-0.0007027142965426306,1.3673266002180062,0.0037597116516378615
1401,23.35,0,762.65,649.63,3.724000421070569,0.0,-9.249374723065564,-0.0007136165999961933,1.3673085000000063,0.0037444253000053374
1402,23.366667,0,762.49,649.66,3.723451494969383,0.0,-9.24657308445969,-0.0007406257274053324,1.3672887994620033,0.0037164158489989543
1403,23.383333,0,762.03,650.29,3.7231134428791672,0.0,-9.245998005845296,-0.0007789946825946595,1.367261900537997,0.003673867251001055
1404,23.4,0,760.63,650.5,3.7211957425631677,0.0,-9.234983356389515,-0.0007219463600043825,1.3672743999999912,0.003884852000012592
1405,23.416667,0,760.79,650.86,3.7115618240200843,0.0,-9.211455537549114,-0.0007344986781899173,1.3672495992539784,0.003920915741879936
1406,23.433333,0,760.37,650.16,3.7115938299798925,0.0,-9.211751425655187,-0.0007584065218434849,1.3672123007459696,0.0038830123580671084
1407,23.45,0,760.66,649.33,3.7002054727831615,0.0,-9.188016771155109,-0.0007874667599797008,1.3671699000000295,0.0038261060000397504
1408,23.466667,0,759.47,650.43,3.6853115484728134,-2.220446049250313e-16,-9.157215044266549,-0.0008208587442012877,1.3671310992800167,0.0037698607548113483
1409,23.483333,0,757.6,649.77,3.685165464027143,0.0,-9.157532067456122,-0.0008700679857643472,1.3670951007200083,0.0037326019452146716
1410,23.5,0,757.61,648.49,3.691444502638418,0.0,-9.16283436594865,-0.0011833087,1.3669422,0.004025189
1411,23.516667,0,755.38,650.27,3.705889979726751,0.0,-9.161109105535344,-0.0013189185152291613,1.3668816995999953,0.004111610866225435
1412,23.533333,0,753.68,647.86,3.7062579689777446,0.0,-9.162697022656824,-0.0014096752848342768,1.3668617003999908,0.004134920933790858
1413,23.55,0,750.48,648.66,3.7216474072330614,0.0,-9.18219269623621,-0.0015051538000757654,1.3668670000000196,0.0041498430000079505
1414,23.566667,0,746.84,649.83,3.7230978809400415,0.0,-9.1867734656187,-0.0016136195204272924,1.3668951008199666,0.004161224415903051
1415,23.583333,0,747.87,648.14,3.7236675730813333,0.0,-9.188189288509498,-0.00173964097939664,1.3669360991799762,0.004182019584067894
1416,23.6,0,745.03,649.8,3.7286188939399834,2.220446049250313e-16,-9.204312987006402,-0.0018820513999502767,1.366987299999982,0.00421959699998688
1417,23.616667,0,743.07,650.25,3.748301148145539,0.0,-9.256635533224893,-0.002209495941135056,1.3668940003019983,0.00509176678099627
1418,23.633333,0,741.25,648.99,3.748327445657086,0.0,-9.257374636625558,-0.002406545958864902,1.3669090996980018,0.005415805519003661
1419,23.65,0,739.97,648.56,3.758766737376993,0.0,-9.27949510049079,-0.002563372300050794,1.366953100000016,0.005567236000032006
1420,23.666667,0,735.24,648.86,3.7662718881899395,0.0,-9.299990524493502,-0.002708850143417666,1.3669990007760227,0.005658905361411623
1421,23.683333,0,733.69,649.89,3.7657753882464724,0.0,-9.29949141449846,-0.0028560108567879357,1.3670377992240317,0.005726971238683473
1422,23.7,0,733.11,651.45,3.773199844338839,0.0,-9.320378506736041,-0.003270693099710332,1.3669552000000578,0.006415201399519248
1423,23.716667,0,731.87,648.99,3.763143282658064,0.0,-9.31456361484549,-0.0034945587199333673,1.3669224993380154,0.006607406178209851
1424,23.733333,0,731.18,647.38,3.763296891951701,2.220446049250313e-16,-9.315519396520372,-0.0036505527799576944,1.3668894006620078,0.0066163165217839265
1425,23.75,0,730.07,648.47,3.740831647924121,0.0,-9.270333661515847,-0.003769435,1.3668377,0.006536912
1426,23.766667,0,728.14,646.83,3.704830957140342,0.0,-9.17463358816426,-0.0038704570501238997,1.366774298613984,0.006408219008485126
1427,23.783333,0,725.33,647.29,3.7041314892802832,0.0,-9.17408270161884,-0.003972957949947748,1.3667050013859678,0.006258650991410328
1428,23.8,0,722.62,647.6,3.704123518236209,0.0,-9.141473559001126,-0.004515588300186627,1.366338299999889,0.006545014700042013
1429,23.816667,0,719.18,648.57,3.7103427915120193,-2.220446049250313e-16,-9.150796593198091,-0.004782762846329037,1.3661794984540632,0.006605160086598096
1430,23.833333,0,717.8,648.73,3.709743273066335,2.220446049250313e-16,-9.150180312661243,-0.0049900794533813166,1.3661022015460451,0.006634490013360927
1431,23.85,0,717.13,651.17,3.7115966938259,0.0,-9.155838533432117,-0.005195103599928415,1.3660604000000147,0.006679495999984286
1432,23.866667,0,716.29,652.45,3.735807563639678,0.0,-9.217992376704228,-0.005406682024244826,1.3660449002079986,0.006742715836929306
1433,23.883333,0,714.74,649.5,3.7363128024225425,0.0,-9.220118989677143,-0.005622886875755128,1.3660552997920012,0.006834559163070675
1434,23.9,0,713.81,650.91,3.747357076077338,0.0,-9.26907872360172,-0.005833929000269334,1.3660872999999985,0.006942378400231638
1435,23.916667,0,712.88,653.09,3.7440227389800422,0.0,-9.283650295223751,-0.006605312003403829,1.3660829011920348,0.007605797239411593
1436,23.933333,0,711.01,650.36,3.7444404647309746,0.0,-9.285773025801603,-0.006955457997085369,1.3661424988080486,0.007917746261024238
1437,23.95,0,711.58,650.95,3.752002021355677,0.0,-9.325498813311478,-0.007178604599844129,1.3662358999999347,0.008131561999850647
1438,23.966667,0,708.7,653.37,3.778863325103182,0.0,-9.40947144239389,-0.007362831087253144,1.3663338018579567,0.008310883591218034
1439,23.983333,0,708.16,651.92,3.7793266149765965,0.0,-9.411048274511861,-0.007532190912628584,1.3664266981419786,0.008465441908674029
1440,24.0,0,705.71,652.74,3.790028189436005,0.0,-9.439720891581306,-0.007695332,1.3665044,0.008600974
1441,24.016667,0,703.44,654.44,3.809360392200861,0.0,-9.482700399688209,-0.006660304362128276,1.3668005023460275,0.008722725886881996
1442,24.033333,0,702.96,654.9,3.8097822706111777,0.0,-9.483091025214867,-0.006378425337674694,1.3669177976540545,0.008817065113183946
1443,24.05,0,701.86,653.67,3.7930361160862125,0.0,-9.44389380393332,-0.006328650000013714,1.3669674000000218,0.00889936650006501
1444,24.066667,0,700.77,652.91,3.793068745811346,0.0,-9.450516207645238,-0.006348282751883361,1.366998700589976,0.008992436464459574
1445,24.083333,0,699.02,653.88,3.792645501427784,0.0,-9.449931891234037,-0.0063858769480641155,1.3670281994099829,0.009115659535368269
1446,24.1,0,698.27,654.76,3.7940125076847817,0.0,-9.456923092528793,-0.005877711000177432,1.3669320000000336,0.009114699000000337
1447,24.116667,0,697.81,655.1,3.786742966330613,0.0,-9.460149363487881,-0.005696429495136761,1.3669115001479992,0.00920298318490728
1448,24.133333,0,698.73,654.79,3.787024727134968,0.0,-9.460292026879964,-0.005621188904863255,1.3669188998520008,0.009312224815092696
1449,24.15,0,697.43,654.7,3.790613086165734,0.0,-9.464447524448804,-0.005579918599987964,1.3669306000000039,0.009418821000033219
1450,24.166667,0,698.02,654.13,3.793579940693694,-2.220446049250313e-16,-9.458350134218009,-0.0055454492111570415,1.3669411003200094,0.00951395780625257
1451,24.183333,0,696.79,654.73,3.793359608420414,0.0,-9.457964127867323,-0.005506009788787857,1.366957099680013,0.0096042641938736
1452,24.2,0,695.24,656.5,3.796786506847374,0.0,-9.454292944401216,-0.005454875500035719,1.3669809999999833,0.009704201999930192
1453,24.216667,0,694.32,655.11,3.793451357527768,0.0,-9.43882038617402,-0.00531627289501802,1.3669419002279948,0.00952479857468662
1454,24.233333,0,695.14,656.84,3.79314001855375,0.0,-9.43755464755236,-0.0052260253050450045,1.3669532997719973,0.009553532425293313
1455,24.25,0,696.6,656.88,3.8076240572182805,0.0,-9.475661150149847,-0.005157687,1.3669876,0.009658711
1456,24.266667,0,696.17,657.79,3.820192775712926,0.0,-9.507005208130712,-0.005094792631364045,1.3670340008260098,0.009777629880961928
1457,24.283333,0,696.23,656.85,3.8206673937379354,0.0,-9.507906312195827,-0.005026364368588125,1.3670752991740192,0.009871673119103808
1458,24.3,0,695.33,654.37,3.813670686065522,0.0,-9.45664114881733,-0.004937375399949864,1.3670845000000045,0.009729591999969704
1459,24.316667,0,690.01,656.19,3.82350373211226,0.0,-9.455221013470736,-0.004865600586779363,1.3670907999880004,0.009686218662613749
1460,24.333333,0,691.38,654.66,3.8241579601426987,0.0,-9.456330006318623,-0.004809939513298401,1.3670902000120004,0.009669349337409821
1461,24.35,0,688.72,655.09,3.831138827860827,0.0,-9.447583792279614,-0.00476758200001479,1.367081900000003,0.009650966000006419
1462,24.366667,0,687.22,655.04,3.8323483230029822,-2.220446049250313e-16,-9.421266132888375,-0.004734575232358723,1.367065399648002,0.009631774703221728
1463,24.383333,0,685.25,655.38,3.8320204974074836,-2.220446049250313e-16,-9.420974633330806,-0.004711193967641283,1.367047800351998,0.009616936296778275
1464,24.4,0,687.53,654.08,3.80566532822397,0.0,-9.372979300998523,-0.004832096400020153,1.3670048999999862,0.009325246999960042
1465,24.416667,0,685.31,657.04,3.8046995758764037,0.0,-9.380865104362934,-0.004889816712740744,1.3669652994459838,0.009210806931528903
1466,24.433333,0,684.05,656.81,3.804528314756246,0.0,-9.380940617321126,-0.004925451287309043,1.3669376005539775,0.009157387068396463
1467,24.45,0,684.45,656.39,3.8063586182554667,0.0,-9.388475246683289,-0.004948101999984179,1.3669187000000131,0.009109417000033508
1468,24.466667,0,683.63,655.25,3.800589830946842,0.0,-9.367480010310608,-0.0049649256138126945,1.366906199832004,0.00905671788146604
1469,24.483333,0,681.82,655.28,3.800359708180968,0.0,-9.36751788565958,-0.004980615986176348,1.366897800168002,0.009000792118573015
1470,24.5,0,679.0,650.65,3.792825513381643,0.0,-9.342483646705787,-0.0049554035,1.3669089,0.008937733
1471,24.516667,0,677.19,651.25,3.819637325515302,0.0,-9.388777254713915,-0.004979223764588913,1.3669266005780067,0.00891697009280108
1472,24.533333,0,674.11,653.71,3.818632704950782,0.0,-9.387260696584754,-0.005017451235437807,1.3669554994220134,0.008921609907202161
1473,24.55,0,673.95,653.22,3.837231490886379,0.0,-9.428920929337886,-0.005062900500033097,1.3669939000000297,0.00893141099999842
1474,24.566667,0,672.84,653.62,3.8338433487650816,0.0,-9.433979612467546,-0.005110282065344587,1.3670366009059631,0.008929147922263167
1475,24.583333,0,672.34,653.87,3.833791129456794,0.0,-9.434127290656276,-0.005163549334580992,1.3670818990939737,0.008925261077742263
1476,24.6,0,671.58,653.06,3.830026798961132,0.0,-9.443766902153046,-0.005228347999977375,1.3671265999999844,0.008920697500001594
1477,24.616667,0,670.72,652.22,3.8299526196578637,0.0,-9.472374082149976,-0.005233569938266209,1.3671906009179946,0.009243503265746808
1478,24.633333,0,668.89,651.62,3.8300102186003286,0.0,-9.473092855374128,-0.005300480961733777,1.3672364990820054,0.009356786734253168
1479,24.65,0,666.1,653.35,3.8203865937137187,0.0,-9.468687563881085,-0.005389919000034391,1.367272400000009,0.009387619999995597
1480,24.666667,0,664.45,653.59,3.81476663273478,0.0,-9.457579163418298,-0.005488417692043977,1.367297600484014,0.009375011290559352
1481,24.683333,0,662.49,651.98,3.815020685001517,0.0,-9.459054388033804,-0.0055880130080951705,1.3673217995160198,0.009339541709391093
1482,24.7,0,660.95,652.2,3.8137555077493,0.0,-9.46081901663989,-0.005689491999929115,1.3673493999999806,0.009310324000020409
1483,24.716667,0,660.59,652.25,3.799662538361629,0.0,-9.444235203995648,-0.005600860990352945,1.3673294006899839,0.009318021771525319
1484,24.733333,0,660.39,650.25,3.8002872405589225,0.0,-9.445982615423738,-0.005650377809612475,1.367363899309992,0.009306598228482657
1485,24.75,0,661.27,650.08,3.797498855695507,0.0,-9.454565027312716,-0.005738174,1.3674275,0.00927096
1486,24.766667,0,660.17,650.32,3.7937827239896014,0.0,-9.469891398473212,-0.005831255645753186,1.3675077017640205,0.009222014941667661
1487,24.783333,0,658.75,650.03,3.7938884125615027,0.0,-9.47082220747604,-0.00591353905430433,1.367595898236041,0.00916910105829535
1488,24.8,0,658.27,652.17,3.7891267623643965,-2.220446049250313e-16,-9.472216286635884,-0.0059776229998023695,1.3676813999999395,0.009106799999974408
1489,24.816667,0,657.2,650.81,3.788320422464692,0.0,-9.476143234669943,-0.0056947007792959685,1.367595000415983,0.009070162698353042
1490,24.833333,0,655.92,648.38,3.789050524361081,2.220446049250313e-16,-9.478217576632028,-0.005618665520810262,1.367615799583988,0.009005080301737885
1491,24.85,0,655.67,648.83,3.7872328877885106,0.0,-9.478820904417347,-0.005601555000005974,1.3676589999999849,0.008923765000028392
1492,24.866667,0,655.27,649.47,3.7825753922191176,0.0,-9.479052854508366,-0.005595624183739259,1.3676991005699968,0.008831844056371316
1493,24.883333,0,654.65,648.94,3.782760307711108,0.0,-9.479766187973784,-0.005584811516260744,1.3677275994300033,0.008734665943628706
1494,24.9,0,652.25,650.97,3.7562818863410947,0.0,-9.418443133957982,-0.005144856999928926,1.3674867999999698,0.0085960849999513
1495,24.916667,0,650.46,650.84,3.743607971664508,0.0,-9.38759210857123,-0.0049412968235331926,1.3674005992179774,0.008456605138526719
1496,24.933333,0,647.7,651.3,3.7432278892617563,-2.220446049250313e-16,-9.387223175833292,-0.004802483076272867,1.367361500781968,0.008313541361273402
1497,24.95,0,644.38,650.96,3.73040992659301,0.0,-9.357258229195526,-0.004679061500086212,1.3673413000000143,0.00817430200009726
1498,24.966667,0,644.51,651.54,3.7151209004156818,0.0,-9.330641086812253,-0.004560075622635346,1.3673249996400083,0.008039099489218451
1499,24.983333,0,644.65,650.54,3.7154934104173125,0.0,-9.331365284242748,-0.004441209377447665,1.3673070003600043,0.007913562510869217
1500,25.0,0,641.63,650.38,3.700261387611176,0.0,-9.298047655519438,-0.0043100715,1.3672899,0.007776398
1501,25.016667,0,640.45,649.76,3.697292434343728,0.0,-9.273997553231359,-0.004163448413486019,1.367267299827998,0.007788268926891329
1502,25.033333,0,637.18,650.69,3.6968343754753716,0.0,-9.273473617257839,-0.004009130686406115,1.367258700171996,0.007699618073046704
1503,25.05,0,635.13,648.76,3.6928022101285958,0.0,-9.240402563479412,-0.0038467472998892326,1.3672540000000033,0.007560848999890621
1504,25.066667,0,633.82,648.79,3.6862383988350915,0.0,-9.216674261745018,-0.0036881736844548083,1.3672589002719888,0.007404263047454316
1505,25.083333,0,633.15,647.12,3.6868279049379487,0.0,-9.21812171299167,-0.003542396315748861,1.367272499727992,0.007256635652751938
1506,25.1,0,632.34,646.86,3.6897134137647423,0.0,-9.219263773098671,-0.0035309792000039857,1.3672417000000106,0.007563415999892883
1507,25.116667,0,632.63,648.49,3.7041451829435523,0.0,-9.227810116272703,-0.0034825468221956926,1.367250800359998,0.007620119993498367
1508,25.133333,0,629.77,648.03,3.7040919701443853,0.0,-9.228377764760603,-0.0034336582778043178,1.3672687996400021,0.007599795606501638
1509,25.15,0,628.01,648.63,3.707604303280551,0.0,-9.211880128915581,-0.003402707399993265,1.3672817000000033,0.007568239999986682
1510,25.166667,0,627.5,648.49,3.7158727293932263,0.0,-9.219604499652197,-0.003383417945308408,1.3672911002200066,0.007530094266658656
1511,25.183333,0,627.98,649.83,3.715570106411692,0.0,-9.218746994769644,-0.0033806835546877716,1.367302099780009,0.007493429733290119
1512,25.2,0,626.4,648.98,3.7261673960819937,0.0,-9.23345101899494,-0.0034034400999841037,1.3672359000000462,0.007434727600041005
1513,25.216667,0,625.68,648.69,3.7261939353983466,0.0,-9.21775908446018,-0.0034314177846317337,1.3672183999300016,0.007371273459635204
1514,25.233333,0,625.14,648.14,3.726249217305538,0.0,-9.21821138921454,-0.0034706487153408692,1.367214900070001,0.007304256340411598
1515,25.25,0,627.79,647.5,3.722403208857164,0.0,-9.203244812202946,-0.0035182163,1.3672152,0.0072214995
1516,25.266667,0,628.14,647.4,3.7131440946789267,0.0,-9.169927770637475,-0.003576575578515236,1.367212799923999,0.007110684487410709
1517,25.283333,0,626.55,646.39,3.713189854276477,0.0,-9.170790961295127,-0.003650497521536435,1.3672090000759982,0.006985061512501482
1518,25.3,0,625.62,645.79,3.6971873360594136,0.0,-9.134111826718724,-0.003711536500065368,1.3671777999999843,0.00677602549989984
1519,25.316667,0,625.13,644.68,3.682835714258029,0.0,-9.10170543955948,-0.0038051179717095026,1.3671552997840088,0.006632636420679108
1520,25.333333,0,625.03,644.22,3.6828168112468673,0.0,-9.102084614609103,-0.00391370352813879,1.3671445002160063,0.006503670279501075
1521,25.35,0,625.92,642.99,3.6782958438223052,0.0,-9.092919089765312,-0.004040002999955902,1.3671433000000004,0.00638226230004239
1522,25.366667,0,626.18,643.95,3.673321763321767,0.0,-9.101274836430832,-0.004181743330824356,1.3671522001459993,0.006282980096058173
1523,25.383333,0,626.78,644.04,3.673223795937316,0.0,-9.10131242202233,-0.004333279369175613,1.3671594998540009,0.006212785403941841
1524,25.4,0,627.68,643.7,3.6539945644935226,0.0,-9.07966497481798,-0.004462918000051358,1.3673064000000215,0.0059786624999751715
1525,25.416667,0,625.38,643.19,3.6572212031627807,0.0,-9.08864160342808,-0.004610012551398809,1.3673679007520219,0.005907553673470497
1526,25.433333,0,624.93,643.07,3.6571583051773624,0.0,-9.089004819217637,-0.004762571948814335,1.3674054992480307,0.005891228326506695
1527,25.45,0,622.49,642.97,3.6657777062727144,0.0,-9.108732035048154,-0.004918984999890742,1.3674319999999816,0.005908036599988259
1528,25.466667,0,620.61,642.97,3.673926312510364,0.0,-9.139113268992926,-0.005076962846306753,1.3674589006079858,0.005945981640803442
1529,25.483333,0,620.52,643.09,3.6738083192264357,0.0,-9.139178517560879,-0.0052342755535833875,1.367489299391993,0.006003020859156725
1530,25.5,0,620.19,642.36,3.6740499191065568,0.0,-9.156071881834146,-0.005295592,1.3675402,0.0059932955
1531,25.516667,0,619.37,643.12,3.6650887432092256,0.0,-9.1844676245651,-0.005407052845543675,1.3675885011600135,0.006066304049935897
1532,25.533333,0,619.57,644.37,3.664786868692153,0.0,-9.183868428952504,-0.005534323454545286,1.367646498840027,0.006168795550135744
1533,25.55,0,619.43,643.83,3.6713778922921105,0.0,-9.235082256119819,-0.005659789000081722,1.3677018000000365,0.006275404200064482
1534,25.566667,0,617.97,643.2,3.6721240843726783,0.0,-9.245767724253582,-0.005776782214579755,1.3677540009739602,0.006367716678551599
1535,25.583333,0,617.45,642.67,3.6722420824506217,0.0,-9.246407555000697,-0.005887511285265542,1.3678026990259715,0.006451644321331143
1536,25.6,0,612.41,642.22,3.672312415101651,0.0,-9.255901424549737,-0.00573852660005202,1.367883099999972,0.006665976699925164
1537,25.616667,0,609.39,641.55,3.6845257135900784,0.0,-9.29246652386509,-0.005729221681976029,1.3679281005799968,0.006822678468702717
1538,25.633333,0,608.74,643.82,3.6838588277923554,0.0,-9.290902150042937,-0.0057633193180239625,1.3679570994200032,0.006971108531297251
1539,25.65,0,608.47,646.08,3.706676396164554,0.0,-9.346470477059032,-0.005805686000012105,1.3679776000000017,0.007114773600039755
1540,25.666667,0,607.09,644.3,3.71013983040965,0.0,-9.352709048392914,-0.0058403541288664824,1.367982699725992,0.007228634820453341
1541,25.683333,0,604.88,644.01,3.709942023828719,0.0,-9.352826670830607,-0.005861795971163475,1.3679690002739888,0.007299652579645879
1542,25.7,0,602.31,643.18,3.7083061760287555,0.0,-9.34580756447514,-0.005870533599993896,1.367944500000017,0.007331939399977448
1543,25.716667,0,599.54,643.67,3.7026258550987645,0.0,-9.32491807516985,-0.005942000073896968,1.367822998668031,0.007200320181059065
1544,25.733333,0,598.61,645.2,3.701889009377001,0.0,-9.323425359128962,-0.005965694526086486,1.3677564013320156,0.0071593738189695295
1545,25.75,0,597.52,646.72,3.6938941816182775,0.0,-9.306134283760052,-0.005969405,1.3677038,0.0071386117
1546,25.766667,0,597.48,646.91,3.688777609421764,0.0,-9.29178823133006,-0.0059613411059317375,1.3676592991079894,0.007128035732549545
1547,25.783333,0,596.39,645.93,3.688836984345586,2.220446049250313e-16,-9.292218836283023,-0.005951638194061481,1.3676147008919792,0.007134662867455088
1548,25.8,0,596.54,647.64,3.6866752718600706,0.0,-9.288139384807998,-0.005950689300043131,1.3675683999999495,0.007174344699882785
1549,25.816667,0,595.83,647.46,3.693986196342925,0.0,-9.304258523868883,-0.006012434702423826,1.367496298744051,0.007006542950009888
1550,25.833333,0,595.42,645.8,3.694244429510265,0.0,-9.305035055287165,-0.006017555897569019,1.3674335012560366,0.0070140434499796345
1551,25.85,0,592.55,647.14,3.7054824161705158,0.0,-9.3287551243534,-0.005993664300008342,1.3673757000000202,0.007086118699974835
1552,25.866667,0,590.53,647.05,3.7350775993985597,0.0,-9.37852444225687,-0.005942186429281144,1.3673200989940058,0.007160949727341437
1553,25.883333,0,588.53,645.78,3.735185430217402,0.0,-9.379117423886864,-0.005863653170718873,1.3672698010059943,0.00721731487265855
1554,25.9,0,587.3,645.72,3.7506475375397215,0.0,-9.397510670938866,-0.0058150565999623505,1.3673944000000047,0.00698125359997013
1555,25.916667,0,586.2,645.72,3.741433933464802,0.0,-9.371079326656178,-0.005707224050002874,1.367407799513986,0.00689570305066037
1556,25.933333,0,578.54,645.97,3.740649869680667,0.0,-9.371016755988029,-0.00557473334981202,1.3673835004859802,0.006848239349273317
1557,25.95,0,577.89,646.31,3.728223336983022,0.0,-9.340462249977204,-0.005433780600098459,1.3673401000000305,0.006813651000024161
1558,25.966667,0,575.79,645.36,3.7106537427357047,0.0,-9.301682309463365,-0.00529081082459294,1.3672816987660286,0.006782779345293601
1559,25.983333,0,576.71,645.09,3.7107999933649807,0.0,-9.301436453985131,-0.00514704287550746,1.3672200012340145,0.006775044154711801
1560,26.0,0,574.69,645.52,3.716700398873725,0.0,-9.322810738331489,-0.005234649,1.3671589,0.0065970384
1561,26.016667,0,573.91,646.17,3.7221572200705357,0.0,-9.351785543711292,-0.005171512661086734,1.3671060990819892,0.0065662229379856085
1562,26.033333,0,573.34,646.24,3.7220711209768305,0.0,-9.351431264375455,-0.005054573038831527,1.3670602009179786,0.006573121862019213
1563,26.05,0,573.84,646.18,3.727955904277261,0.0,-9.376699118386561,-0.004911198999886082,1.3670114999999594,0.006573691999985871
1564,26.066667,0,573.7,646.16,3.7282887401896607,2.220446049250313e-16,-9.37471107341574,-0.004748114959644344,1.3669532985660584,0.0065534646302174435
1565,26.083333,0,574.04,646.36,3.7282513001380515,0.0,-9.374105174345358,-0.004566097040609958,1.3668816014340417,0.0065099754698433165
1566,26.1,0,574.62,646.74,3.724637281152105,0.0,-9.360779700793156,-0.004367945300069186,1.3668063000000261,0.006459759500017533
1567,26.116667,0,575.03,646.26,3.7078070806621057,0.0,-9.31765588607839,-0.004645458259024643,1.3666457979340119,0.0066613895532367795
1568,26.133333,0,573.26,645.95,3.707494356078306,0.0,-9.317203665110924,-0.00458841144097537,1.366542502065988,0.006689050446763214
1569,26.15,0,573.51,646.2,3.702711975850138,-2.220446049250313e-16,-9.301886598306805,-0.004418732999927362,1.3664566999999739,0.006660377599985821
1570,26.166667,0,573.55,646.51,3.7039217178379875,0.0,-9.307374415225931,-0.004210691199659931,1.3663813983599524,0.006619769429493396
1571,26.183333,0,574.15,646.45,3.7039966671384437,2.220446049250313e-16,-9.306868350139274,-0.003990689400032698,1.366299401639933,0.006591246070466753
1572,26.2,0,573.16,645.73,3.7052002776575774,-2.220446049250313e-16,-9.324278300282645,-0.004301935399782581,1.366260800000027,0.006593148999998671
1573,26.216667,0,575.28,645.26,3.698113622935554,0.0,-9.336466756401352,-0.004262473614538814,1.3661856981440432,0.006589516391786159
1574,26.233333,0,573.69,644.63,3.6980524570617006,0.0,-9.336371850726893,-0.004093203385579396,1.3660929018560215,0.006559106208235078
1575,26.25,0,573.42,644.42,3.685871655058804,0.0,-9.308125416367218,-0.0038686395,1.365999,0.0064843073
1576,26.266667,0,572.06,644.08,3.6809600839414336,0.0,-9.287463730421875,-0.003624963295970831,1.3659113983979814,0.006389126275279894
1577,26.283333,0,571.05,643.7,3.6809964436449194,0.0,-9.28731129525429,-0.003379774503857785,1.3658313016019628,0.006302894724659831
1578,26.3,0,570.95,643.81,3.687748183022377,0.0,-9.311878387285264,-0.003994934300068018,1.366208900000069,0.005905860999882533
1579,26.316667,0,572.15,643.76,3.686531946439525,0.0,-9.312827200822818,-0.00409230459263735,1.3663076000059997,0.005737697614500909
1580,26.333333,0,571.58,643.82,3.6865289004132293,0.0,-9.312903563343678,-0.004021936407460963,1.366307899994,0.005638422585637791
1581,26.35,0,569.87,642.18,3.6918149055602254,0.0,-9.321485515388337,-0.003882018400048853,1.3662658000000147,0.005550615500030658
1582,26.366667,0,569.08,642.77,3.6985045281894178,0.0,-9.323830228947978,-0.0037038610238719835,1.3662095987320073,0.005452014108065343
1583,26.383333,0,568.52,644.07,3.6980925602353305,0.0,-9.322587311126139,-0.003515061076128057,1.3661462012679926,0.0053374212919346815
1584,26.4,0,567.76,643.08,3.673343485512276,0.0,-9.29144009857827,-0.003947384700023859,1.366262800000005,0.005456926299974527
1585,26.416667,0,569.31,640.75,3.6534620625586824,0.0,-9.25931535268354,-0.0040157178658869926,1.3662769995259862,0.005383968848388275
1586,26.433333,0,570.42,639.82,3.653827439442462,0.0,-9.259941526625548,-0.003959016134033788,1.3662533004739805,0.005226399151391581
1587,26.45,0,570.49,639.44,3.6338159684459663,0.0,-9.226430327757393,-0.0038530726000740047,1.366213000000028,0.005033396000134817
1588,26.466667,0,570.74,637.87,3.580048522855333,0.0,-9.121341310953415,-0.003719361852516618,1.3661682992100184,0.004825241617720708
1589,26.483333,0,571.26,637.35,3.580284354158332,0.0,-9.121620606963477,-0.003571990147586299,1.3661288007900092,0.00462613098241834
1590,26.5,0,569.94,637.38,3.5615522593461546,-2.220446049250313e-16,-9.085105363772554,-0.0034234598,1.3660967,0.004440179
1591,26.516667,0,568.92,636.49,3.5322169264891348,0.0,-9.015383323402226,-0.0038257606011749975,1.3663923022000257,0.0045473659592138675
1592,26.533333,0,566.71,635.52,3.5324546466553857,0.0,-9.016888922968446,-0.003915814698887949,1.3665022978000514,0.00449532934074976
1593,26.55,0,564.49,634.26,3.523979148036149,0.0,-8.9888560564227,-0.003919102299992361,1.366567100000046,0.004407131999936551
1594,26.566667,0,561.65,633.65,3.5259976030478075,0.0,-8.995929580561091,-0.003908165036698504,1.3666332018159262,0.0043162984674424525
1595,26.583333,0,560.3,634.39,3.525904760810105,0.0,-8.996147356668875,-0.003909999963298932,1.3667239981839472,0.004239670532664607
1596,26.6,0,560.62,635.6,3.528443932182992,0.0,-9.00941753379576,-0.003935888399990961,1.3668435999999582,0.0041803233000207215
1597,26.616667,0,560.64,633.72,3.510800087031197,0.0,-8.995756437903587,-0.004215971543515117,1.3669667033959803,0.004217076755361424
1598,26.633333,0,560.58,634.47,3.5108719622757363,0.0,-8.996382780645419,-0.004378141756484848,1.3671364966040198,0.004204845244638578
1599,26.65,0,560.58,634.84,3.507696906291316,0.0,-9.012315892355693,-0.004514329000046831,1.3673445000000812,0.004175878999991963
1600,26.666667,0,558.28,633.37,3.5239819900514333,0.0,-9.054926393461496,-0.004648454892998199,1.3675771048441412,0.0041528603163386545
1601,26.683333,0,557.54,634.02,3.5242178210387443,0.0,-9.05611830518389,-0.004793094807203882,1.3678192951561974,0.0041436778836485165
1602,26.7,0,557.06,635.15,3.548037369458486,0.0,-9.113848123934089,-0.004955515299886546,1.3680506999998383,0.004144992699999081
1603,26.716667,0,551.66,636.75,3.576692227390386,0.0,-9.169810508306373,-0.004929656374937695,1.3680830021599497,0.004172185063499834
1604,26.733333,0,551.36,637.15,3.576732644534132,0.0,-9.17028032182534,-0.005033401524989854,1.3681909978399749,0.004155360336511916
1605,26.75,0,549.6,637.55,3.5934562793353675,0.0,-9.205383796275626,-0.0051617646,1.3682939,0.00412832
1606,26.766667,0,547.53,636.83,3.58945100234801,0.0,-9.2032764680906,-0.005280668127564802,1.3683727009300108,0.004088909828074499
1607,26.783333,0,548.03,636.34,3.5896509138966377,0.0,-9.203943978787336,-0.005387040872509552,1.3684191990700216,0.0040653147719090085
1608,26.8,0,546.27,635.68,3.5647899080517207,0.0,-9.171886042336826,-0.005471728699820008,1.368437899999861,0.004041794699695245
1609,26.816667,0,545.95,635.73,3.5501325918483158,0.0,-9.141889060387347,-0.005214056267210611,1.3682387977140933,0.003605512098581433
1610,26.833333,0,544.8,634.66,3.5500954699603677,0.0,-9.142126182656847,-0.005127416732910435,1.3681245022860664,0.003380441001733019
1611,26.85,0,544.25,634.84,3.5343381760711505,0.0,-9.106857563125741,-0.0050772876000175025,1.3680228000000356,0.0031900648000664704
1612,26.866667,0,542.81,633.1,3.4667794940802166,0.0,-8.95012646225534,-0.005022360830960805,1.3679111977160132,0.0029714674256957944
1613,26.883333,0,542.67,628.47,3.467725231883554,0.0,-8.952707580171825,-0.004963910869039206,1.3677970022839867,0.0027327603743042567
1614,26.9,0,543.8,628.19,3.3968893732941723,2.220446049250313e-16,-8.804686658572367,-0.004915222499871315,1.3676897000000383,0.002500761299722153
1615,26.916667,0,544.12,624.16,3.3711882738755343,0.0,-8.753708026473188,-0.004546664754534647,1.3677995001440042,0.0017049986334352436
1616,26.933333,0,542.39,622.6,3.3715359669414395,0.0,-8.755145451135466,-0.004434399245308503,1.367806699856006,0.0013566944660781321
1617,26.95,0,541.8,621.44,3.351307637237154,0.0,-8.710493606721949,-0.004422197600008522,1.3678035000000022,0.0011859479001192674
1618,26.966667,0,540.91,621.78,3.3529340154651854,0.0,-8.69415794743806,-0.0044663786538914965,1.367812900387991,0.0011083575228641237
1619,26.983333,0,539.04,621.76,3.3527275069665583,0.0,-8.694354072684987,-0.004549071846050754,1.3678322996119954,0.0010995008771420612
1620,27.0,0,537.7,622.04,3.3622421192762255,0.0,-8.707175507801486,-0.0044437423,1.3681144,0.00080782734
1621,27.016667,0,537.26,622.2,3.361267025173717,0.0,-8.693965909727387,-0.004465839227471646,1.3682090003200038,0.0007311748738703693
1622,27.033333,0,535.87,621.55,3.361291133292045,0.0,-8.694555445925797,-0.004507210672557272,1.3682249996800075,0.0006898705261007594
1623,27.05,0,535.74,619.79,3.2982646551504957,0.0,-8.56081216586389,-0.004536412700009951,1.3681988999999624,0.0006320550999400573
1624,27.066667,0,537.65,617.23,3.2532469004707454,-2.220446049250313e-16,-8.470394865352354,-0.004550658309339394,1.3681447987340516,0.0005462413531827379
1625,27.083333,0,536.58,615.78,3.2533138240745503,0.0,-8.470982184989607,-0.004566125290638996,1.3680815012660368,0.000461900426935097
1626,27.1,0,536.78,615.54,3.2257694064441624,-2.220446049250313e-16,-8.42917631851765,-0.004254333700108865,1.3680232000000205,0.0003094151600532413
1627,27.116667,0,538.47,615.43,3.1876851266157633,0.0,-8.373792738028799,-0.00420527287628057,1.3679804991920048,0.00026457399921827305
1628,27.133333,0,540.05,614.88,3.1877914059116357,0.0,-8.373814923482614,-0.004269084723719416,1.3679401008079952,0.0002725346407817252
1629,27.15,0,541.18,612.7,3.1663688818808313,0.0,-8.313691396264517,-0.004392117300057484,1.3679065999999922,0.00030767545002081807
1630,27.166667,0,540.46,612.35,3.1679065011502647,0.0,-8.304519774875327,-0.004556756530257476,1.3678843998679961,0.00036730049411123417
1631,27.183333,0,538.75,612.33,3.1675511287734635,0.0,-8.3044497247093,-0.004748256170010072,1.3678778001319947,0.00045599992601269004
1632,27.2,0,538.72,612.31,3.1692902954443065,2.220446049250313e-16,-8.291732991931095,-0.004832111299941427,1.3684268999996165,-6.911530963318765e-05
1633,27.216667,0,538.17,612.73,3.1794334589559634,0.0,-8.302872092170475,-0.004999628986415195,1.3686411021839493,-0.0001557721684756861
1634,27.233333,0,538.19,613.08,3.179413333251708,0.0,-8.303286550471434,-0.005198946413445611,1.3687502978159747,-0.00010919673155683983
1635,27.25,0,538.19,612.84,3.1790060645743723,0.0,-8.305281939024443,-0.0053967885,1.3688337,-6.1124476e-05
1636,27.266667,0,538.37,612.65,3.1659531547052393,2.220446049250313e-16,-8.2858584115425,-0.005575317190425192,1.3689111014240167,-5.9702644412597765e-05
1637,27.283333,0,538.6,612.5,3.16601178840158,0.0,-8.286425877901388,-0.0057348302096863054,1.3689822985760332,-0.00011682032362732686
1638,27.3,0,537.17,612.53,3.1445392061759017,0.0,-8.236495121022406,-0.005889028300117651,1.3690495000002938,-0.0002096854204524223
1639,27.316667,0,537.62,612.03,3.1431603619430297,0.0,-8.235490179466085,-0.006057457188910052,1.3694700036118528,-0.0008573630616935809
1640,27.333333,0,537.78,612.12,3.1434110945306815,0.0,-8.23673105416861,-0.006216902810867183,1.3696505963878949,-0.0010674478980129043
1641,27.35,0,537.64,611.89,3.1484975803074358,0.0,-8.24902658884864,-0.006381956399942371,1.3697609999999614,-0.0011085344999856555
1642,27.366667,0,537.56,611.95,3.1597856072514814,0.0,-8.271233858728449,-0.006560500731228278,1.3698490016419906,-0.0010699637597432203
1643,27.383333,0,537.09,612.77,3.1595691426319528,0.0,-8.271213545297739,-0.006747055768771683,1.3699310983580095,-0.001007953040256793
1644,27.4,0,536.14,612.2,3.158659830554284,0.0,-8.248985503989777,-0.006985947500064479,1.3703980000000697,-0.002067510000108812
1645,27.416667,0,534.5,612.8,3.1638315690900947,0.0,-8.253033501166149,-0.007170618881938249,1.3705978024120702,-0.0023791504652208237
1646,27.433333,0,533.52,613.02,3.1637963084293745,0.0,-8.253724020790925,-0.007349703418311954,1.370718397588098,-0.0024424071348675544
1647,27.45,0,533.14,613.39,3.167782593761813,0.0,-8.25862463585167,-0.007526345599876611,1.3708104999999355,-0.0024233162000133366
1648,27.466667,0,533.7,613.15,3.159330464610416,0.0,-8.243985950824001,-0.007691848458730464,1.3708919016339618,-0.0023781233606411803
1649,27.483333,0,534.06,612.48,3.1595380404588522,0.0,-8.244779178963519,-0.007849782341159243,1.370973598365981,-0.0023111565394055857
1650,27.5,0,534.82,613.25,3.1581515000222327,0.0,-8.25068802764122,-0.008005276,1.3710637,-0.0022158027
1651,27.516667,0,535.41,613.58,3.160540800862148,0.0,-8.28865496119872,-0.007876022447416874,1.371249602658031,-0.003430849765998212
1652,27.533333,0,536.92,613.33,3.160965123203381,0.0,-8.289878777556561,-0.007948389552633712,1.3713824973420619,-0.0037491332342242645
1653,27.55,0,537.33,614.04,3.1516430613135915,0.0,-8.291253501139511,-0.008086346000106177,1.3715029000000825,-0.003795511999980668
1654,27.566667,0,536.95,613.75,3.149400753709637,0.0,-8.29185225174552,-0.008238348003307614,1.3716209022939065,-0.003767835937519146
1655,27.583333,0,536.73,613.56,3.1495360039010882,0.0,-8.29261642750353,-0.008388513496482584,1.3717355977059333,-0.0037247118625411036
1656,27.6,0,536.53,614.29,3.1515496508285104,0.0,-8.297534367710773,-0.008536506999948328,1.3718562999999577,-0.0036736410000178317
1657,27.616667,0,535.23,614.26,3.1701802875136256,0.0,-8.3291990203572,-0.008405015659076163,1.3722414044539741,-0.004318851308676484
1658,27.633333,0,533.89,614.37,3.170518522245902,0.0,-8.330673039171431,-0.00843796834092383,1.3724640955460259,-0.004469279991323484
1659,27.65,0,532.13,613.69,3.1794196449149283,0.0,-8.340127530028974,-0.008526844000039785,1.3726428000000606,-0.004456892599969468
1660,27.666667,0,531.37,613.34,3.183039566533912,0.0,-8.347651904911146,-0.008640790913900255,1.3728162035981046,-0.004369446513293626
1661,27.683333,0,530.45,612.82,3.183368350175212,-2.220446049250313e-16,-8.348945821045167,-0.00876147758626836,1.3729960964021466,-0.0042451197865326735
1662,27.7,0,528.14,613.0,3.190681845627147,-2.220446049250313e-16,-8.36313152435016,-0.00887935599991766,1.3731767999998739,-0.004117023000089478
1663,27.716667,0,526.51,614.6,3.204604516951218,2.220446049250313e-16,-8.390372888400226,-0.007668098603490224,1.3723951968520731,-0.002855830896655208
1664,27.733333,0,526.93,614.96,3.204533919691502,0.0,-8.388684259494587,-0.007328278796747089,1.3722378031480367,-0.002350672103697569
1665,27.75,0,527.41,614.65,3.203502084371434,0.0,-8.389780154920006,-0.00728181,1.3722839,-0.002086684
1666,27.766667,0,526.57,614.48,3.198682191384715,0.0,-8.38779661415354,-0.007336839685649148,1.3723887023780277,-0.0018876041993673624
1667,27.783333,0,525.98,614.5,3.1988028978142626,0.0,-8.388327776774512,-0.007436117014420245,1.3725075976220555,-0.001687582900492825
1668,27.8,0,524.77,615.83,3.195582221863878,0.0,-8.387801899467279,-0.0068586989999215265,1.3718041999998658,-0.0014027580998448386
1669,27.816667,0,523.47,615.08,3.1878311649869406,0.0,-8.370423344460692,-0.006746359825196373,1.3716121994000243,-0.0011806297480351927
1670,27.833333,0,523.26,614.47,3.187835837845301,0.0,-8.370393104644496,-0.006787619674745981,1.3715822006000173,-0.0009730313522548482
1671,27.85,0,521.64,614.72,3.188359262202092,2.220446049250313e-16,-8.371380966027068,-0.006888940999964623,1.3716153999999885,-0.0007601753000743194
1672,27.866667,0,519.77,615.47,3.216626820607131,0.0,-8.428525784953926,-0.007021457370305872,1.37168150171599,-0.000537108014579199
1673,27.883333,0,519.05,616.76,3.216335075366961,-2.220446049250313e-16,-8.428101325379528,-0.007159967929694098,1.37176729828401,-0.000325844195420846
1674,27.9,0,518.21,615.58,3.203236209267042,0.0,-8.369336856727578,-0.007292434599808501,1.371861799999755,-0.00014310703019298013
1675,27.916667,0,517.39,613.67,3.1979758500678632,-2.220446049250313e-16,-8.343157559024794,-0.006743977868925977,1.371160396601901,-0.0006958064192945909
1676,27.933333,0,514.69,613.95,3.197380261684617,-2.220446049250313e-16,-8.342146731294996,-0.006637431530925165,1.3709905033978615,-0.00080676348086043
1677,27.95,0,513.42,614.74,3.203233514122754,0.0,-8.346923069093037,-0.006681151699969459,1.3709998999999933,-0.0007419511700452752
1678,27.966667,0,513.05,616.05,3.2276241874561338,-2.220446049250313e-16,-8.392732269578463,-0.006779859228016131,1.3710667017039604,-0.0005889049578266467
1679,27.983333,0,512.06,615.18,3.227819133540891,0.0,-8.393597796194165,-0.0068912581719060735,1.3711518982959803,-0.00039679950230751013
1680,28.0,0,510.93,616.92,3.2440907033444204,0.0,-8.426093909544893,-0.0069981664,1.371242,-0.00019342825
1681,28.016667,0,508.8,619.07,3.257046203182162,0.0,-8.433980631384589,-0.006633279873496708,1.37092049828598,-0.0005654257629488234
1682,28.033333,0,508.92,620.27,3.256671345199428,2.220446049250313e-16,-8.432800831675811,-0.006541959426439461,1.37083480171396,-0.0006255700970932167
1683,28.05,0,508.53,619.36,3.2657917377258414,2.220446049250313e-16,-8.423260597345154,-0.006543286000019297,1.370828500000015,-0.000607304299980992
1684,28.066667,0,507.82,619.93,3.2716200148678047,0.0,-8.420565807110663,-0.006570911133336267,1.3708501005339782,-0.0005800926044176825
1685,28.083333,0,507.13,619.0,3.2718065651764694,0.0,-8.421279792962116,-0.006597577966626477,1.3708767994659845,-0.0005628134756064586
1686,28.1,0,506.21,619.38,3.276778906876384,0.0,-8.421175385609748,-0.0064073780000664105,1.3705279000001218,-0.0011099053998089767
1687,28.116667,0,506.55,619.04,3.26243499576684,0.0,-8.387826068639823,-0.006328477231173387,1.3704122988080067,-0.0013187888334052515
1688,28.133333,0,506.77,618.29,3.2625465346531763,0.0,-8.388021402803897,-0.006265038068826627,1.3703527011919931,-0.0014454547665947216
1689,28.15,0,506.6,618.56,3.2577281593732623,0.0,-8.355323231470681,-0.006196297699968797,1.3702969999999748,-0.0015551895000486444
1690,28.166667,0,504.57,618.24,3.255602906883411,0.0,-8.322188875937991,-0.006106930769975097,1.3702241978439373,-0.0016945113794021758
1691,28.183333,0,504.3,617.01,3.255710032819135,0.0,-8.322430403048143,-0.0059954372298691334,1.370116402155912,-0.0018734691208478504
1692,28.2,0,502.36,615.61,3.236608571213901,0.0,-8.248155320514442,-0.005798518700137553,1.369943300000121,-0.002172272699791278
1693,28.216667,0,499.77,614.85,3.2056003885639677,0.0,-8.125750274887908,-0.005664530305307092,1.3697788968880724,-0.002404935971959532
1694,28.233333,0,497.08,615.37,3.2049947102151273,0.0,-8.124808967604983,-0.005554797494769539,1.3696233031120362,-0.0026035306279017798
1695,28.25,0,496.26,614.82,3.200393501825167,0.0,-8.095615610740753,-0.0054523125,1.3694828,-0.002783548
1696,28.266667,0,495.26,612.07,3.1911297905303937,0.0,-8.047745381018386,-0.005348575977248419,1.3693514976079721,-0.0029526084056478727
1697,28.283333,0,494.63,611.84,3.1909456612453706,0.0,-8.047328804854427,-0.0052474436226808896,1.3692319023919441,-0.0030978832944536724
1698,28.3,0,494.26,611.31,3.180199180450338,0.0,-8.016904158958464,-0.005499556700018772,1.369054899999914,-0.002933800199985651
1699,28.316667,0,493.58,611.84,3.1793074287967897,0.0,-8.020794641578904,-0.005526430310056115,1.3689316979680828,-0.0029132586731933177
1700,28.333333,0,494.53,610.58,3.1794562320348385,0.0,-8.020837026845715,-0.0054919330899920816,1.3688301020320592,-0.0028969183268295123
1701,28.35,0,495.35,612.72,3.188777797362672,0.0,-8.054591313443181,-0.005456770300012278,1.3687495000000283,-0.0028460696000177543
1702,28.366667,0,496.31,615.09,3.2118883516276244,0.0,-8.13571595916324,-0.005424697602230062,1.3686787984940088,-0.0027913428500246197
1703,28.383333,0,494.97,613.85,3.211897330282559,0.0,-8.135967156858248,-0.005389810297769945,1.3686035015059914,-0.002768844849975385
1704,28.4,0,495.46,615.06,3.2256944601298723,-2.220446049250313e-16,-8.171048076802382,-0.005350619600062864,1.3685187000000425,-0.002798601999935934
1705,28.416667,0,494.46,615.72,3.2308771610621805,0.0,-8.167911449463817,-0.005530663269417841,1.3686399995339864,-0.0026151175641229703
1706,28.433333,0,493.23,616.95,3.2304289588702924,0.0,-8.167171443914054,-0.005544133230600978,1.368616700465981,-0.00266832003595136
1707,28.45,0,491.2,614.95,3.231106106769285,-2.220446049250313e-16,-8.151003849239487,-0.005499035000031503,1.3685393000000539,-0.002810090799900969
1708,28.466667,0,490.85,615.26,3.2398790724347006,0.0,-8.161604126416195,-0.005440144683769658,1.3684378977140532,-0.0029726463317970592
1709,28.483333,0,491.19,615.56,3.2396230503140644,0.0,-8.160873354743973,-0.0053893340162658255,1.3683236022860268,-0.0030992340681145385
1710,28.5,0,492.46,615.95,3.2467144107920345,-2.220446049250313e-16,-8.194184265279976,-0.005355691,1.3682077,-0.0031648707
1711,28.516667,0,494.36,617.29,3.255332143412108,0.0,-8.266818248546151,-0.005642249842441478,1.3683098995199945,-0.00301922044292634
1712,28.533333,0,496.6,617.97,3.255232365186188,-2.220446049250313e-16,-8.266193956398137,-0.00573436715762291,1.3682859004799888,-0.002986368457050697
1713,28.55,0,498.61,617.31,3.2685599615753946,2.220446049250313e-16,-8.34404100395767,-0.005759616999997134,1.3682223999999508,-0.003008339600045729
1714,28.566667,0,497.67,622.84,3.2756453557094254,0.0,-8.373283695216118,-0.005755513829386953,1.3681516985840578,-0.003073805763334144
1715,28.583333,0,498.74,622.46,3.2756680000902687,0.0,-8.373132338250993,-0.005746983170624965,1.3680809014160413,-0.0031619725365426756
1716,28.6,0,499.02,624.01,3.2886536848327355,0.0,-8.418014576307426,-0.006202667999840893,1.3680908999999966,-0.002749920000143873
1717,28.616667,0,499.92,624.58,3.3134030837338395,0.0,-8.521722075342552,-0.006390698598744872,1.3680756995420025,-0.002634401778513618
1718,28.633333,0,501.05,624.9,3.313247055963193,0.0,-8.521324301457268,-0.006520631401255101,1.3680528004579975,-0.0026033285214863886
1719,28.65,0,502.88,627.33,3.346928726705378,0.0,-8.687093935664029,-0.006661087300057763,1.3680319999999904,-0.0025650001999775133
1720,28.666667,0,505.97,632.01,3.3518275858043522,0.0,-8.751091116387927,-0.006826523571563947,1.3680048994119829,-0.0025005960732733864
1721,28.683333,0,507.48,631.94,3.3517369322215256,0.0,-8.75083969511057,-0.0070050894286855315,1.3679755005879761,-0.0024342643266339397
1722,28.7,0,509.75,634.66,3.3612583985213074,0.0,-8.822643322211972,-0.007189683599871057,1.3679535000000154,-0.0023693330000453556
1723,28.716667,0,511.2,637.57,3.4078611375838923,0.0,-9.001383443444606,-0.008081168543162754,1.3680409009559777,-0.001699147829091364
1724,28.733333,0,511.84,636.62,3.4078815088920504,0.0,-9.002044023613033,-0.008483319956556405,1.3680886990439889,-0.0014256069710996632
1725,28.75,0,513.96,637.26,3.418078569547741,0.0,-9.043909209083827,-0.008735423,1.3681333,-0.0012806504
1726,28.766667,0,513.52,637.67,3.469590352721463,0.0,-9.208597049517781,-0.008956332505572524,1.368195901552018,-0.0011438473901529125
1727,28.783333,0,514.24,641.6,3.4685974813454985,0.0,-9.206191829323735,-0.009181599494584934,1.368273498448036,-0.0009933628097419005
1728,28.8,0,514.45,642.81,3.532033729831524,0.0,-9.405446607240897,-0.009419206000364787,1.368347799999883,-0.0008427501995311498
1729,28.816667,0,514.02,646.2,3.563001824401047,0.0,-9.489132124334565,-0.009941432634429646,1.3681801990400393,-0.00017155271316297377
1730,28.833333,0,512.39,647.1,3.562126573623077,0.0,-9.487863565303375,-0.010273154365106896,1.3681322009600279,0.0001417893727251957
1731,28.85,0,511.58,649.71,3.5871412346284557,0.0,-9.553734812199684,-0.01054146099990632,1.368092400000014,0.0003432892299296464
1732,28.866667,0,510.98,650.97,3.6442775904814786,0.0,-9.69233558121466,-0.010782079388174454,1.3680291981700108,0.0005209179172396346
1733,28.883333,0,510.9,650.41,3.643968199749781,0.0,-9.691973046676663,-0.0110014806118255,1.3679377018299892,0.0006717747427603333
1734,28.9,0,510.74,651.27,3.663448822229493,0.0,-9.711935432062647,-0.011074200000034643,1.3675897999999296,0.000709768400006194
1735,28.916667,0,509.58,651.9,3.6647300286310296,0.0,-9.694554350317008,-0.011173421496863565,1.367388197147917,0.000727507584862097
1736,28.933333,0,509.99,651.66,3.6643855593607264,0.0,-9.693749503110409,-0.011248259503240994,1.3672456028518838,0.0006967528150949348
1737,28.95,0,508.52,651.68,3.659557193501741,0.0,-9.673201329681328,-0.011283970999975055,1.3671428000000718,0.0006523616600310083
1738,28.966667,0,507.87,651.69,3.633897998642311,0.0,-9.648691854349083,-0.011283059315555934,1.367068399104021,0.0006316961641147361
1739,28.983333,0,508.44,651.95,3.6337975152049213,0.0,-9.648129748659503,-0.011248837684467964,1.3670236008960104,0.0006619013958641701
1740,29.0,0,508.66,654.37,3.6342018423423355,0.0,-9.68393887101953,-0.011184245,1.3670053,0.0007358603
1741,29.016667,0,509.89,657.62,3.676934183887275,0.0,-9.813182774903769,-0.011113656169827006,1.3668592988419865,0.0006987187143623386
1742,29.033333,0,507.03,659.18,3.6761507479889435,0.0,-9.811631515984207,-0.010972154830074085,1.366801401157973,0.0006744380856206895
1743,29.05,0,505.81,661.22,3.7161528487998656,0.0,-9.876034873230886,-0.01081249099989481,1.3667659999999795,0.000600773839910484
1744,29.066667,0,504.75,661.6,3.7202050966645244,0.0,-9.866390484753762,-0.010661902393206225,1.3667367993000286,0.00047262247489599304
1745,29.083333,0,504.44,661.45,3.7202520423705634,0.0,-9.866426579329021,-0.010531562606975875,1.3667018007000202,0.00031336715532650654
1746,29.1,0,504.17,660.87,3.713316043903406,0.0,-9.835473749265175,-0.010425918000036885,1.3666612000000142,0.0001351758800622163
1747,29.116667,0,504.18,661.28,3.6817144016487138,0.0,-9.752052587177218,-0.011439545507215028,1.3663584977060135,0.0004986371862809756
1748,29.133333,0,504.19,659.42,3.6816561965005725,0.0,-9.752715227118992,-0.011739895992784908,1.3662438022939867,0.00047995187371902833
1749,29.15,0,504.0,656.95,3.642552453384392,0.0,-9.65641053435081,-0.01180872299999964,1.3662059000000033,0.0003300271999346574
1750,29.166667,0,504.44,655.67,3.638929853757832,0.0,-9.652491443894966,-0.011807691759092988,1.366215701068031,0.00014288184358645056
1751,29.183333,0,504.11,655.54,3.6390875281121744,0.0,-9.653152179437168,-0.011795647240890184,1.3662690989320436,-3.1426787829981517e-05
1752,29.2,0,503.36,654.77,3.6425207709765326,0.0,-9.667369189149372,-0.011786831000006158,1.3663563999999389,-0.00019576218988520846
1753,29.216667,0,503.84,655.04,3.658595028717806,0.0,-9.708034745434324,-0.012786409993857181,1.366108899868003,-2.3957693117767107e-06
1754,29.233333,0,503.11,656.8,3.6576344903822093,0.0,-9.70665534553166,-0.013136097005898614,1.3661023001320016,-2.2776017373990755e-05
1755,29.25,0,501.24,656.73,3.6722604127436833,0.0,-9.729036458080898,-0.013283675,1.3661599,-0.000106953
1756,29.266667,0,498.23,656.88,3.745860589283543,0.0,-9.850503701617498,-0.01335883170090817,1.3662335013340157,-0.0002217990992280825
1757,29.283333,0,494.83,657.9,3.745327964857174,0.0,-9.85038437912821,-0.013393875299116325,1.366300198666031,-0.0003602533508686955
1758,29.3,0,493.21,657.48,3.7942943677917276,0.0,-9.896541728446223,-0.013388813000247309,1.3663520999998466,-0.0005457177998601606
1759,29.316667,0,491.27,657.73,3.789974510721452,0.0,-9.856819356740823,-0.013742854876944264,1.36613239877205,-0.00034553026301541206
1760,29.333333,0,489.71,655.33,3.7903277691060535,0.0,-9.858454885066383,-0.013786702122994477,1.3660710012280357,-0.00045668111682929625
1761,29.35,0,484.93,653.8,3.782501118436188,0.0,-9.810338027251118,-0.013704456000028717,1.3660464000000088,-0.0006711929999251017
1762,29.366667,0,481.12,655.17,3.7781452732321026,0.0,-9.760379853556008,-0.013568338894758078,1.366024699178005,-0.0008982833094253673
1763,29.383333,0,478.41,655.72,3.7777229976105153,0.0,-9.759912453888065,-0.013413082105241956,1.3659836008219952,-0.0011012476405745893
1764,29.4,0,474.48,655.49,3.7607824294441627,0.0,-9.720833713562126,-0.013741311999997079,1.3653853999999062,-0.0006319804999879891
1765,29.416667,0,474.48,653.1,3.7414789651037133,0.0,-9.685945132222754,-0.013732944510187537,1.3651163965699002,-0.0005975833639355425
1766,29.433333,0,475.42,651.1,3.741832236019062,0.0,-9.686370562735107,-0.013608462489638547,1.3649449034298602,-0.000702272906210722
1767,29.45,0,475.5,651.69,3.7266505106907934,0.0,-9.664410935560651,-0.013447341500112547,1.3648082000000954,-0.0008329395999087262
1768,29.466667,0,474.73,650.09,3.693908964684931,-2.220446049250313e-16,-9.627075554307915,-0.013286304277723376,1.364686097888049,-0.0009528713869865626
1769,29.483333,0,475.65,650.9,3.693618585419874,0.0,-9.625773507510225,-0.01315019272237168,1.3645805021120245,-0.0010397192629527873
1770,29.5,0,476.88,649.98,3.6780251008892786,0.0,-9.606717955079796,-0.013053211,1.3644967,-0.0010897332
1771,29.516667,0,475.97,650.12,3.6876223876459355,0.0,-9.643706008570788,-0.013560790327618791,1.364247398121978,-0.0007003246880155615
1772,29.533333,0,474.46,651.0,3.686781136854193,-2.220446049250313e-16,-9.642207280722099,-0.013727162672497501,1.3641535018779563,-0.0005097353118512187
1773,29.55,0,472.44,653.64,3.740859448949636,0.0,-9.766236987033828,-0.013792567000022073,1.3641167999999944,-0.00034537909987953437
1774,29.566667,0,471.42,654.91,3.762245812919107,0.0,-9.815014474886006,-0.013824165159133515,1.3641089002319906,-0.00017292101702680375
1775,29.583333,0,469.91,657.82,3.761217521778615,0.0,-9.812644315549456,-0.013832121840855369,1.3641204997679932,-1.1272236199039816e-05
1776,29.6,0,469.21,661.4,3.7776012077187358,0.0,-9.847408974197219,-0.014015706999935899,1.364102700000006,7.183840997098216e-05
1777,29.616667,0,467.99,660.97,3.809389772822919,0.0,-9.908726894192124,-0.014038158930106228,1.3641291003779978,0.00017583924234284914
1778,29.633333,0,467.77,659.56,3.8099115870053155,0.0,-9.909927484504529,-0.013984666069893783,1.364147999622002,0.00026645328765713156
1779,29.65,0,466.92,660.35,3.8516515750325313,0.0,-9.9758876747662,-0.013881027999946272,1.3641403999999866,0.00033840165000656084
1780,29.666667,0,464.96,658.96,3.849071191639803,0.0,-9.951462870506877,-0.013727146936481735,1.3641021985399575,0.00035719084631862294
1781,29.683333,0,464.08,659.91,3.848669146319728,0.0,-9.950226520666423,-0.013523985063234422,1.3640292014599407,0.00029951076360079074
1782,29.7,0,464.27,660.95,3.8277382095206183,0.0,-9.886702002349809,-0.013762413999833446,1.3633910000004459,0.00045578553989083587
1783,29.716667,0,462.89,656.19,3.7597624005933756,0.0,-9.706742917218603,-0.013683834535560654,1.3630947961180904,0.0003727270809442747
1784,29.733333,0,463.51,655.37,3.759713134968974,0.0,-9.706149293400863,-0.013510615464560314,1.362900703882045,0.00021277696916742635
1785,29.75,0,461.68,653.1,3.731937374844073,0.0,-9.629843657836684,-0.013311309,1.3627375,3.7536112e-05
1786,29.766667,0,460.62,655.06,3.700688861118434,0.0,-9.525538477039772,-0.013105358936252627,1.3625799969779646,-0.00012956465207903233
1787,29.783333,0,460.4,652.7,3.7011469155223486,2.220446049250313e-16,-9.526410790869724,-0.012902182063605355,1.3624289030219296,-0.00026866141801819483
1788,29.8,0,460.53,653.92,3.6760845450705353,0.0,-9.448816439026,-0.012702343000326284,1.3622889999998105,-0.0003733373296601301
1789,29.816667,0,459.72,654.62,3.666869487476732,0.0,-9.418327607992927,-0.013169442860424938,1.3620174968721275,0.00011321185142782376
1790,29.833333,0,459.76,654.78,3.6663622306409014,0.0,-9.417017570398004,-0.013212464139514955,1.3618611031280912,0.00022248332441951032
1791,29.85,0,459.38,651.0,3.6587853003170054,0.0,-9.385935403342046,-0.013106902000036858,1.3617568000000364,0.00020651329000557686
1792,29.866667,0,459.28,652.11,3.6592246927046306,0.0,-9.343931402620697,-0.012937367770924621,1.3616909992720043,0.00014016570615883896
1793,29.883333,0,457.69,652.32,3.659112685421199,0.0,-9.343671958011566,-0.012725921229075425,1.3616546007279957,3.2477328841184e-05
1794,29.9,0,456.43,652.28,3.649209209723739,0.0,-9.277796039405471,-0.013261609000004856,1.3615359999999919,0.00018059461998549625
1795,29.916667,0,455.38,651.54,3.6329966320855416,0.0,-9.230829061201998,-0.013275513137416687,1.3615127002000058,0.00013905381484702092
1796,29.933333,0,455.6,649.1,3.633870157172889,0.0,-9.23272675263327,-0.013132393862383358,1.3615226998000083,4.3302783019202916e-05
1797,29.95,0,455.69,649.26,3.6223467521329016,0.0,-9.20342703370966,-0.012955171000123795,1.3615428999999857,-4.7965019936247625e-05
1798,29.966667,0,455.98,649.01,3.6083802355191477,0.0,-9.174819502310008,-0.012784566655077871,1.3615563999160019,-0.00011185310604772614
1799,29.983333,0,455.59,649.29,3.608419346341109,0.0,-9.174666278432307,-0.012617323345038923,1.361552200084001,-0.00017515443390806742
1800,30.0,0,454.71,648.52,3.6048988352254114,0.0,-9.160292766422529,-0.01245552,1.361538,-0.00024558595
1801,30.016667,0,452.52,648.85,3.597898988500717,0.0,-9.12543691644953,-0.012980082579098409,1.3615496001140013,-3.0424336102658863e-05
1802,30.033333,0,449.56,649.72,3.597296924455171,0.0,-9.124931741893437,-0.013059033420956778,1.3615552998860028,-2.4929752893500485e-05
1803,30.05,0,449.36,647.68,3.5790356978362503,0.0,-9.090557102132424,-0.012994114999918116,1.3615580000000007,-8.610255005167281e-05
1804,30.066667,0,449.43,647.24,3.569894054273018,0.0,-9.079230693785847,-0.012876888272691138,1.3615589000559976,-0.00016007713659387375
1805,30.083333,0,449.05,647.35,3.56996977086755,0.0,-9.079253110547095,-0.012740522727499383,1.3615616999439983,-0.00023090688330716826
1806,30.1,0,446.34,647.61,3.5625889215562503,0.0,-9.065359940356958,-0.013305745999802646,1.3616601999999656,-0.00019243360001343387
1807,30.116667,0,445.36,648.03,3.544957759040226,0.0,-9.002841375009236,-0.013407565315143987,1.361707000823995,-0.00024259631188420862
1808,30.133333,0,443.82,647.88,3.5449851090846334,0.0,-9.003334154031604,-0.01337332368485602,1.3617481991760048,-0.00032668764811577344
1809,30.15,0,441.89,645.05,3.5520687425129918,0.0,-8.977644466514354,-0.013322452999990584,1.3617926000000173,-0.0004055426400138286
1810,30.166667,0,439.66,644.31,3.5526521636315014,0.0,-8.961988679447249,-0.013295483962058896,1.3618425010080295,-0.00044514825691300414
1811,30.183333,0,438.46,642.61,3.5531167798768752,0.0,-8.96350195830467,-0.013293587037938455,1.3618928989920411,-0.00045649312310284604
1812,30.2,0,436.99,641.85,3.55341950487984,0.0,-8.955917771055745,-0.013838462499619387,1.3619970999999271,-0.0004327669700165737
1813,30.216667,0,436.45,641.83,3.5633033817123314,2.220446049250313e-16,-8.988387640430716,-0.01406658494147152,1.3620803017419594,-0.00033362999729495967
1814,30.233333,0,436.19,642.98,3.5630521521948793,0.0,-8.988029448883214,-0.014213656058425771,1.3621673982579796,-0.0001734974228168688
1815,30.25,0,436.15,643.64,3.5728928217706515,0.0,-9.026815308447357,-0.014351271,1.3622683,3.0580908e-05
1816,30.266667,0,436.62,647.01,3.5925870030698803,0.0,-9.089931802345665,-0.014482376310846938,1.3623825024660288,0.000242188553583624
1817,30.283333,0,437.01,648.32,3.5924818395069513,0.0,-9.089650854864669,-0.014597912689233819,1.3625057975340575,0.00043185793654895277
1818,30.3,0,434.76,649.53,3.6184542698116617,0.0,-9.136701270358172,-0.014693670000309543,1.3626322999999498,0.000602323560037847
1819,30.316667,0,434.29,650.52,3.6286467161232343,0.0,-9.159838733051265,-0.015136805080213731,1.3625605008439656,0.000656507485422919
1820,30.333333,0,434.32,649.49,3.6288434780612278,0.0,-9.160680870718021,-0.01534081591950124,1.3626026991559754,0.0008207787543475735
1821,30.35,0,435.05,650.33,3.638136786284591,0.0,-9.192846788151078,-0.015469560999955048,1.3626803999999728,0.001041872299922804
1822,30.366667,0,436.18,650.97,3.6474261589959003,0.0,-9.276072881472203,-0.015589028347466335,1.3627632014879913,0.0013092291833409135
1823,30.383333,0,438.48,652.33,3.6473664679918962,2.220446049250313e-16,-9.275270581150801,-0.01570639765253364,1.3628375985120087,0.001593386516659026
1824,30.4,0,438.54,652.31,3.6362293314962715,0.0,-9.301142217752657,-0.015817284999939205,1.3628992999999632,0.001871757199916093
1825,30.416667,0,440.05,651.09,3.632304112504901,0.0,-9.297390434687667,-0.015643163192885615,1.3627936992519782,0.0016314471941949354
1826,30.433333,0,439.95,651.9,3.6319568733216534,0.0,-9.296503013075863,-0.01565280680712786,1.3627563007479695,0.0016811535058745106
1827,30.45,0,438.59,652.44,3.6335605457141975,0.0,-9.293636919886909,-0.015729471999946447,1.362726100000021,0.0018160417999057766
1828,30.466667,0,437.82,651.89,3.6618123407812124,0.0,-9.344235523306919,-0.015833832152169897,1.3626943993120162,0.0020040991328338182
1829,30.483333,0,438.52,652.52,3.661506681325188,0.0,-9.343289744238607,-0.015941438847754955,1.362660000688008,0.0022407368670009256
1830,30.5,0,439.26,653.5,3.6717416805659835,0.0,-9.37378300815904,-0.015665747,1.3624208,0.0021952074
1831,30.516667,0,439.66,653.91,3.6602505661019893,0.0,-9.381571533818914,-0.015605240732816886,1.3623038985859834,0.002358541777019357
1832,30.533333,0,441.57,654.41,3.6601328313963557,0.0,-9.380451436838621,-0.015591882267173778,1.362233201413967,0.002587380923140599
1833,30.55,0,442.1,654.91,3.640102721827916,0.0,-9.365294757912366,-0.015579051999983533,1.3621812999999747,0.002831488800163339
1834,30.566667,0,442.35,655.61,3.6288588080961963,0.0,-9.34780560893282,-0.015555478344366717,1.362145199414024,0.0030653239286296836
1835,30.583333,0,442.02,654.53,3.6290824002354922,0.0,-9.348187288128779,-0.015522696655679083,1.362115900586017,0.0032767555710749205
1836,30.6,0,441.07,655.05,3.6117108290947706,0.0,-9.306369450976547,-0.014937587000204297,1.362015700000035,0.00267775170020915
1837,30.616667,0,438.37,656.22,3.5986592789122716,0.0,-9.264043230427331,-0.014713269870192398,1.3619532990120056,0.0025732143483438216
1838,30.633333,0,437.2,655.56,3.5986952386043107,0.0,-9.264115461587968,-0.014606783129807623,1.3619039009879943,0.0026606285516561595
1839,30.65,0,436.15,655.39,3.588226540853884,0.0,-9.24063335879604,-0.014541662999982724,1.3618620999999873,0.00283366810007336
1840,30.666667,0,435.12,655.3,3.5867778307371174,0.0,-9.236411704879153,-0.014492183033771878,1.36182599930998,0.003043775192915853
1841,30.683333,0,434.73,655.53,3.5866310875505394,0.0,-9.23580149013836,-0.01444387496616063,1.361791500689972,0.003263405807390999
1842,30.7,0,434.3,655.32,3.583010496163449,0.0,-9.219668818291954,-0.014322755000084605,1.3619094999999177,0.002821149300308934
1843,30.716667,0,433.16,655.67,3.5844250144193177,0.0,-9.215032398519723,-0.014220267707153377,1.3619441003839912,0.002798322966563234
1844,30.733333,0,432.55,655.15,3.5846693853130502,0.0,-9.215429302163257,-0.014105627292926682,1.3619632996159956,0.002911649233357625
1845,30.75,0,432.91,654.48,3.585521889706976,0.0,-9.220536606823163,-0.013975506,1.3619934,0.0030784234
1846,30.766667,0,432.8,654.67,3.5744303298260474,2.220446049250313e-16,-9.19205330209394,-0.013827618714901704,1.3620350009680113,0.003262544119584527
1847,30.783333,0,431.29,654.9,3.5745030525845602,0.0,-9.192055751257701,-0.01366337228498349,1.3620833990320225,0.0034535134805489583
1848,30.8,0,430.06,655.87,3.5831068286423164,0.0,-9.199856684041794,-0.013401142999862078,1.3625324000001346,0.003262404400049932
1849,30.816667,0,430.32,657.37,3.5884901634323776,0.0,-9.209717029257812,-0.013203694502042541,1.3627251022319091,0.0033338882364722638
1850,30.833333,0,428.88,657.03,3.58890415467904,0.0,-9.210589260642173,-0.013028796498201814,1.362836697767935,0.0034857119633156194
1851,30.85,0,429.37,657.3,3.585201567521393,0.0,-9.202676561074524,-0.01286649000005667,1.3629233999999697,0.0036587789999395727
1852,30.866667,0,427.5,656.75,3.5699394985873436,0.0,-9.157007663816131,-0.012704723742238966,1.3630095019619886,0.0038213832513954
1853,30.883333,0,425.44,656.61,3.570186862004534,0.0,-9.15766520555085,-0.01254184125776107,1.3631075980380114,0.00396394814860457
1854,30.9,0,423.91,657.78,3.586972820497279,0.0,-9.173127604065288,-0.012614446999980645,1.363460300000073,0.003438956999962289
1855,30.916667,0,422.63,657.64,3.596204635508889,0.0,-9.188729491201325,-0.01255901037169261,1.3636690032600949,0.0033309538144500623
1856,30.933333,0,421.26,657.88,3.596510698540468,0.0,-9.189667427366919,-0.012477600628193652,1.3638319967401327,0.0033516748855788874
1857,30.95,0,420.12,657.49,3.596566638721819,0.0,-9.189351764317497,-0.012397878000055687,1.3639771999998984,0.0034027862999642974
1858,30.966667,0,418.66,657.34,3.6064340024254604,0.0,-9.221253006250553,-0.012335337092241133,1.3641207031179274,0.003475371978117949
1859,30.983333,0,417.65,657.76,3.6066729176200707,0.0,-9.22193187951273,-0.012289949907790563,1.3642765968819637,0.003574276221812981
1860,31.0,0,413.79,658.86,3.633246274140514,2.220446049250313e-16,-9.283536895234647,-0.012241249,1.36445,0.0036757067
1861,31.016667,0,411.71,660.01,3.6645974103861896,0.0,-9.328759415091506,-0.0126012259130223,1.3644453024560288,0.0036946050657547668
1862,31.033333,0,407.54,660.17,3.664351009087476,0.0,-9.32956796249178,-0.012696872087044555,1.3645680975440573,0.0036978926342475316
1863,31.05,0,403.72,660.15,3.681642522765311,0.0,-9.33624183388929,-0.012705762999985961,1.3647540000001606,0.003686562199973638
1864,31.066667,0,400.45,661.16,3.68377880270424,0.0,-9.329381155717941,-0.012685663397724542,1.3649838053197834,0.00364882202146195
1865,31.083333,0,397.51,662.26,3.6839083045454597,0.0,-9.330518517542297,-0.01265554960231753,1.3652497946798452,0.003594895078613392
1866,31.1,0,396.95,663.91,3.6888973058657393,0.0,-9.335855558032758,-0.012622580000011511,1.3655408999998984,0.003544192800017703
1867,31.116667,0,397.9,665.3,3.7250412917816087,0.0,-9.450549440048372,-0.01339598574748654,1.365536804651973,0.003442984567396697
1868,31.133333,0,397.9,668.0,3.7246019998489044,0.0,-9.450120578532745,-0.0136833502525134,1.365769395348027,0.003471353432603297
1869,31.15,0,399.68,670.14,3.7763291872121645,0.0,-9.620909621034688,-0.013819498000028942,1.3661175000001546,0.0035570003000261557
1870,31.166667,0,400.63,671.54,3.8035991881866416,0.0,-9.705075516817073,-0.013902389918191276,1.3665599108183148,0.0036319114458213484
1871,31.183333,0,400.58,674.05,3.804266078458127,0.0,-9.706895870040318,-0.013973294581907787,1.3671007891824407,0.003689198554258689
1872,31.2,0,399.66,679.66,3.8503158126687502,0.0,-9.836198245916647,-0.014053585999943915,1.3677401999995533,0.0037225502999767035
1873,31.216667,0,400.76,686.53,3.9801221468141637,0.0,-10.209427525704545,-0.01468132715755337,1.3678150085378011,0.003910064272564374
1874,31.233333,0,401.47,691.15,3.9795387255819135,0.0,-10.208540534852917,-0.01503919884219671,1.3682418914619006,0.0039736914273911916
1875,31.25,0,400.8,696.1,4.057494899138189,0.0,-10.431007320501658,-0.015362158,1.3687261,0.0039911326
1876,31.266667,0,402.68,699.67,4.2125903784377785,0.0,-10.907263449099952,-0.015705368918640654,1.3691525063400738,0.003965213280444628
1877,31.283333,0,405.53,707.17,4.210715168024996,0.0,-10.90245411952395,-0.016051283081601135,1.3694694936601475,0.0038392420194673193
1878,31.3,0,408.23,709.63,4.191322046801762,0.0,-11.033554846911017,-0.016401405000490088,1.3696555999999198,0.003614498300709321
1879,31.316667,0,415.09,710.38,4.147865606999341,0.0,-11.030992462634186,-0.017103010099328454,1.3695409974061057,0.004629941896276727
1880,31.333333,0,419.79,710.61,4.147429553478589,0.0,-11.029438706627014,-0.017607976899966044,1.3694113025940755,0.0047247558035908065
1881,31.35,0,424.16,710.96,4.098348792622143,0.0,-11.000678180216715,-0.01805860499984266,1.3692324000000624,0.004489327000082204
1882,31.366667,0,426.83,709.42,4.062446732930023,0.0,-11.00380977928766,-0.01850094075704902,1.3690099950900287,0.004112390513715226
1883,31.383333,0,428.01,706.8,4.062378920988829,0.0,-11.004871373495138,-0.018938778242950885,1.3687645049099715,0.003638092486284875
1884,31.4,0,424.5,704.47,3.989243096159982,0.0,-10.745328643519423,-0.019353434000329225,1.3685327999998074,0.0030635707004572797
1885,31.416667,0,423.27,699.35,3.953993279311167,0.0,-10.587877590970951,-0.020296350844395617,1.3679809949938542,0.004373226012064008
1886,31.433333,0,418.5,697.16,3.9529341997395337,0.0,-10.588038264957905,-0.020838533156361878,1.367730705005796,0.004448823988041612
1887,31.45,0,414.92,697.19,3.9606784915410183,0.0,-10.553756031748685,-0.0212531309997104,1.3676300000000703,0.004290545400110564
1888,31.466667,0,413.01,697.54,4.087307384699739,0.0,-10.821228687568029,-0.021616979118397564,1.3676100001059974,0.004215766695338828
1889,31.483333,0,413.35,700.12,4.086116915126416,0.0,-10.818720174521424,-0.0219228938813888,1.3676152998939988,0.004265532804626417
1890,31.5,0,410.66,703.39,4.177335491599086,0.0,-11.024368535691911,-0.022646055,1.3674772,0.0059897825
1891,31.516667,0,407.44,706.21,4.364266629081514,0.0,-11.38696579726203,-0.022951784419048202,1.367439699657996,0.006614448681962923
1892,31.533333,0,404.34,709.43,4.362381000872768,0.0,-11.383279409225455,-0.02307273058103634,1.367422600341992,0.006798537318165753
1893,31.55,0,399.32,708.41,4.419393667881609,0.0,-11.359446824052556,-0.023098289999987014,1.367392299999956,0.006770698399894186
1894,31.566667,0,394.05,708.28,4.438598889115953,0.0,-11.320005917106222,-0.023079699657793946,1.3673294980940778,0.0066192147295617955
1895,31.583333,0,389.1,706.94,4.438239914844945,0.0,-11.320975809399624,-0.02306258934222996,1.3672342019060555,0.006420692670715564
1896,31.6,0,382.6,709.1,4.461940641767978,0.0,-11.312735325742413,-0.023067591999998256,1.3671262000000377,0.006233150000065481
1897,31.616667,0,382.0,708.59,4.507514745163079,0.0,-11.356702803222896,-0.024098947799374593,1.3674850005899966,0.007376998236609514
1898,31.633333,0,379.47,709.16,4.50666126916253,0.0,-11.35614811802698,-0.02448890320062532,1.3675144994100035,0.0076388197633904305
1899,31.65,0,377.94,708.17,4.508189487794529,0.0,-11.3122299363253,-0.024673580000041582,1.3674296999999564,0.007572745999921596
1900,31.666667,0,375.77,706.79,4.502967712214653,0.0,-11.258727079769594,-0.024792675171243193,1.3673052969819122,0.0073481880325419495
1901,31.683333,0,373.1,704.57,4.502957484733039,0.0,-11.260227786081847,-0.02490122982890847,1.367154403017877,0.00701483816699232
1902,31.7,0,370.77,702.42,4.484929767209791,0.0,-11.16752083870273,-0.02593946299927476,1.367611299999681,0.007287045999809849
1903,31.716667,0,368.13,699.86,4.401463231099335,0.0,-10.921578868338372,-0.026403223819241248,1.3676408982060417,0.007068050099967322
1904,31.733333,0,368.7,697.13,4.4019921736081375,0.0,-10.923881818590791,-0.026744180180520646,1.367551201794021,0.006743053900259639
1905,31.75,0,368.5,697.53,4.370039550822835,0.0,-10.859112410338186,-0.02712199,1.3674526,0.006446846
1906,31.766667,0,368.65,698.42,4.368009459273726,0.0,-10.905870967029239,-0.02758705822535086,1.3673889996159956,0.006215872670441186
1907,31.783333,0,368.89,700.06,4.366767483760536,0.0,-10.904256859988353,-0.02814829677504144,1.3673698003839911,0.006049403329442454
1908,31.8,0,369.76,701.49,4.408445880257915,0.0,-11.039838764983033,-0.028228184000321226,1.3676956000001057,0.006835537000128733
1909,31.816667,0,370.04,703.75,4.427968662416981,0.0,-11.080034271472542,-0.028688054409675055,1.3678468020439167,0.007019826134655263
1910,31.833333,0,369.19,702.98,4.427937550112763,0.0,-11.081710131601902,-0.02925853858952791,1.3679489979559405,0.006976558865405187
1911,31.85,0,366.98,704.2,4.445536233087763,0.0,-11.101129644378327,-0.02984600499979488,1.3680364999999695,0.006831718600050572
1912,31.866667,0,363.48,704.66,4.511485501975256,0.0,-11.181636728700452,-0.03041302071523762,1.3681225016099905,0.006644546816968605
1913,31.883333,0,361.35,705.84,4.510449429753342,0.0,-11.181301589204883,-0.030948764284762266,1.3682029983900095,0.006450401883031436
1914,31.9,0,356.65,705.51,4.567935895937163,0.0,-11.251662482813543,-0.0297909829999549,1.3684324000000339,0.005593204999857813
1915,31.916667,0,353.63,706.26,4.588521798908935,0.0,-11.28967561206038,-0.029661820267675103,1.3685291011240326,0.005185973291966424
1916,31.933333,0,352.69,706.97,4.588119939212964,0.0,-11.289661890961524,-0.02982519273255315,1.3685852988760456,0.004925589607669788
1917,31.95,0,352.58,707.43,4.599857306686157,0.0,-11.326298384352514,-0.03004652799984539,1.3686148999999794,0.004710830700150013
1918,31.966667,0,352.84,707.41,4.558528681023905,0.0,-11.272168302580656,-0.030247527000130156,1.3686161997200064,0.004490510103074001
1919,31.983333,0,352.67,707.27,4.558369006896245,0.0,-11.272448201031287,-0.03039753099976509,1.3686022002800033,0.004245667897096984
1920,32.0,0,352.93,706.93,4.535635358443662,0.0,-11.233888876580652,-0.030495696,1.3685623,0.003976114
1921,32.016667,0,352.48,705.94,4.506147226896399,0.0,-11.156334202509155,-0.030430495474713888,1.367199389927883,0.00362766010759358
1922,32.033333,0,352.05,706.35,4.504276149408995,0.0,-11.152065835274469,-0.03040423252526777,1.3666958100717654,0.0033680531922251236
1923,32.05,0,350.99,706.56,4.517160761144136,0.0,-11.155131235101662,-0.030393296999988446,1.3664564999998867,0.00314113129983759
1924,32.066667,0,349.9,706.46,4.501861867839429,0.0,-11.110343475847925,-0.030376754385205044,1.3662942971601157,0.0029085545790184775
1925,32.083333,0,349.25,706.08,4.501495718989843,0.0,-11.109835917613259,-0.03034601461483789,1.3661523028400826,0.002662505321325179
1926,32.1,0,349.74,704.05,4.480388242266392,0.0,-11.061140854315722,-0.029211799000396024,1.3654835000002337,0.0029547158998979696
1927,32.116667,0,348.13,703.81,4.464007098915514,0.0,-11.01840193106111,-0.028762194142408277,1.3652103974560148,0.002929716866305586
1928,32.133333,0,347.26,704.93,4.463263355595945,0.0,-11.016374259218573,-0.02851932285759172,1.3650832025439852,0.002813036133694414
1929,32.15,0,346.21,705.27,4.476642027327674,0.0,-11.0296544679509,-0.028341320999946264,1.3650032999999753,0.0026676486999448385
1930,32.166667,0,344.16,704.73,4.4760795723441404,0.0,-11.018063176327688,-0.028187419228639373,1.364932998521957,0.0025096616810121666
1931,32.183333,0,342.21,703.96,4.476041771189054,0.0,-11.018431142859097,-0.028048860771167104,1.3648591014779399,0.002358722718777017
1932,32.2,0,340.9,703.84,4.4797181484873425,0.0,-11.017154168912604,-0.02792866500008393,1.3647753000000586,0.0022376087000845744
1933,32.216667,0,339.88,705.42,4.513344239752563,0.0,-11.094566092786945,-0.02759517347980195,1.3653098021779493,0.004840491579252719
1934,32.233333,0,337.8,706.58,4.5131337830966425,0.0,-11.093449815472688,-0.02741916652032096,1.3654186978219747,0.0056894400201544185
1935,32.25,0,336.94,707.05,4.528457148472994,0.0,-11.131338838416939,-0.027278818,1.3653723,0.005949378
1936,32.266667,0,335.58,707.07,4.518203675633594,0.0,-11.09576308138742,-0.0271235573475375,1.3652634972199675,0.005987452550183129
1937,32.283333,0,334.01,706.95,4.517773339197002,0.0,-11.094858830796367,-0.026940943652334973,1.3651245027799355,0.005914965449766249
1938,32.3,0,331.0,705.93,4.504963262851976,0.0,-11.04681621368269,-0.02673410399961824,1.3649707999999185,0.005788633600980503
1939,32.316667,0,330.0,705.52,4.49750685143936,0.0,-11.016019208339745,-0.026187415129319904,1.3648540968561282,0.0071927262182844495
1940,32.333333,0,328.15,705.8,4.496980702557112,0.0,-11.01417824735209,-0.025843880871159908,1.3646969031440914,0.007518640681260347
1941,32.35,0,325.58,705.57,4.480918137398692,0.0,-10.967633923572704,-0.02556338000009794,1.3645216000000613,0.0074754506000150826
1942,32.366667,0,325.18,705.27,4.450692034822568,0.0,-10.910975976086625,-0.025310555290727416,1.364340096354021,0.007312073838164229
1943,32.383333,0,326.82,704.52,4.450836568994133,0.0,-10.910435252710865,-0.02507509970927258,1.364157803645979,0.007103989161835771
1944,32.4,0,327.08,702.72,4.3885953853492,0.0,-10.797601776343901,-0.02485390000042031,1.3639788999997287,0.006868650999927196
1945,32.416667,0,327.6,703.24,4.361368050232387,0.0,-10.736446284991432,-0.026057679592862718,1.3632018926537863,0.006660136064666413
1946,32.433333,0,327.45,701.72,4.360481295354448,0.0,-10.735266429812171,-0.026337303407527834,1.3628346073457007,0.006413386434988951
1947,32.45,0,326.6,701.8,4.339808697715327,0.0,-10.672019657555047,-0.026327036000007176,1.3626074000001587,0.006136581300193296
1948,32.466667,0,324.5,701.98,4.313202738822994,0.0,-10.55719428997965,-0.026230787604135778,1.362423496352085,0.005855584167003793
1949,32.483333,0,324.2,701.67,4.312823388500986,0.0,-10.556367643493232,-0.02611099639594788,1.3622411036480426,0.0055639392331998765
1950,32.5,0,322.05,702.3,4.290269733821348,0.0,-10.482372444823724,-0.026828682,1.3620094,0.005979512
1951,32.516667,0,320.59,699.49,4.23826921997195,0.0,-10.328855704672755,-0.026979006331052217,1.3618206964859592,0.005936308091853178
1952,32.533333,0,320.7,697.95,4.238328921589094,0.0,-10.32907339469236,-0.026945560668924427,1.3616450035139183,0.005760909808024333
1953,32.55,0,321.53,695.49,4.202884576380943,0.0,-10.264679616521033,-0.02686744199995095,1.3614699999998767,0.005579642999891989
1954,32.566667,0,322.01,698.01,4.170853795455251,0.0,-10.217915760102407,-0.02679720400048072,1.3612935964281454,0.005424967879002999
1955,32.583333,0,324.31,698.77,4.170349823987625,0.0,-10.21600701224388,-0.02674722799958908,1.361115003572104,0.005278917921200989
1956,32.6,0,326.99,699.0,4.139307579217244,0.0,-10.178530771015785,-0.026722208000008737,1.3609474000000585,0.005130551800051802
1957,32.616667,0,328.84,698.56,4.097747838097386,0.0,-10.155035096048225,-0.027358224302109133,1.3605998959660235,0.006002970143431625
1958,32.633333,0,329.85,698.5,4.097008363366208,0.0,-10.153367014076215,-0.027623320697890866,1.3603982040339764,0.006195135156568375
1959,32.65,0,331.63,697.65,4.054984113244147,0.0,-10.101074116093164,-0.027774043000043356,1.3602380999999517,0.0061609019999651436
1960,32.666667,0,332.56,697.44,4.037455234157666,0.0,-10.081415450412072,-0.027898207376409138,1.3600997976319311,0.006061068895574228
1961,32.683333,0,334.48,696.89,4.037388447569561,0.0,-10.081094662610779,-0.028017019623756807,1.3599814023679033,0.005930856604243905
1962,32.7,0,335.17,697.29,4.020015931381043,0.0,-10.06248318615669,-0.027985692000021878,1.3600123999999785,0.00616835239983415
1963,32.716667,0,335.73,698.46,3.987180095657719,0.0,-10.01493122334025,-0.028066732489042057,1.360004699912002,0.006189915756866644
1964,32.733333,0,337.23,698.87,3.987075750887155,0.0,-10.01455005593067,-0.028191182510871035,1.360000300088001,0.00616275954315232
1965,32.75,0,338.38,699.33,3.972545695958272,0.0,-9.999023421912566,-0.028343998,1.3600259,0.0061344225
1966,32.766667,0,338.11,699.18,3.9720450146143897,0.0,-10.040790274537006,-0.028523723872865066,1.360082901532018,0.006120811994191932
1967,32.783333,0,339.19,700.98,3.9716001630412316,0.0,-10.039815935031065,-0.02871735712727016,1.3601594984680356,0.006120521605807864
1968,32.8,0,342.08,703.32,3.991394114948135,0.0,-10.143003323576409,-0.028917514000375674,1.3602501000003557,0.006127108000352927
1969,32.816667,0,344.22,703.47,3.992251920265502,0.0,-10.179929549614851,-0.0294554905375944,1.3607595049397987,0.006632504240326213
1970,32.833333,0,344.19,703.09,3.992830271237455,0.0,-10.181960906959002,-0.029732370462018883,1.3610064950598564,0.006779520659468449
1971,32.85,0,344.88,700.41,3.9851065657106073,0.0,-10.192760341274802,-0.029910705999937733,1.3611454999999513,0.006798863399993247
1972,32.866667,0,345.33,702.41,3.9864174984546255,0.0,-10.217590666995266,-0.03003367144627158,1.3612251007419955,0.006768283020980028
1973,32.883333,0,345.03,702.25,3.9864744152871254,0.0,-10.21808402281238,-0.030105982553728417,1.3612621992580045,0.006699334379019972
1974,32.9,0,344.21,703.92,3.9822158559274543,0.0,-10.179137162482144,-0.030137299000223473,1.3612591000000474,0.006594957999987024
1975,32.916667,0,343.54,702.96,3.9737104776239573,0.0,-10.137503016973644,-0.030777331702447716,1.3613946000320007,0.006557791575574737
1976,32.933333,0,341.23,701.25,3.973839092488664,0.0,-10.139164918489323,-0.030962441297810825,1.3613961999680013,0.006421579724235017
1977,32.95,0,339.6,700.57,3.965602989497059,0.0,-10.099498887636123,-0.03100202799997236,1.361351700000031,0.006231708500132589
1978,32.966667,0,338.1,701.25,3.917035034054056,0.0,-9.963177212251901,-0.030989087357634955,1.3612946987740284,0.005995217828867369
1979,32.983333,0,337.16,697.42,3.9180292162864867,0.0,-9.966196852205833,-0.030956969642387477,1.361233401226014,0.0057216657713236654
1980,33.0,0,336.09,696.6,3.882642654699018,0.0,-9.886193803789904,-0.03125174,1.3610426,0.005445482
1981,33.016667,0,336.2,695.32,3.814487378926686,0.0,-9.732299313725203,-0.03128427465852439,1.3609414986419843,0.005193532452267081
1982,33.033333,0,335.32,693.84,3.814724307162574,0.0,-9.733230379064464,-0.03121720434142877,1.3608736013579683,0.0049661575475741316
1983,33.05,0,335.15,689.06,3.7647277873129394,0.0,-9.612142846443437,-0.031110187999922736,1.3608175999999663,0.0047622059998756365
1984,33.066667,0,333.9,689.13,3.754313078784022,2.220446049250313e-16,-9.579242430346369,-0.0309995451982534,1.3607693990840373,0.004584114146466252
1985,33.083333,0,332.7,688.0,3.75448567701513,0.0,-9.579954557107177,-0.03090945780187242,1.3607236009160266,0.004441437353733025
1986,33.1,0,331.91,688.2,3.7521016834965994,0.0,-9.564901609340279,-0.030845424000022357,1.3606755000000168,0.004337193400036397
1987,33.116667,0,330.65,688.95,3.740097699749366,0.0,-9.517577927204883,-0.031042598782915442,1.3606647995220027,0.004239582203518965
1988,33.133333,0,328.54,688.12,3.74001314283931,0.0,-9.518143666688793,-0.03108174321708456,1.3606409004779971,0.004179760196481035
1989,33.15,0,327.8,687.91,3.717726943331915,0.0,-9.461009888382229,-0.03107230199998903,1.3606107999999901,0.004139784699989227
1990,33.166667,0,328.61,687.44,3.707699191600127,0.0,-9.436783825461807,-0.031040885051492405,1.3605826994859849,0.004108929350327099
1991,33.183333,0,327.17,687.26,3.7075760033186484,0.0,-9.4368027032386,-0.03099346294844136,1.360557000513979,0.004076447949627535
1992,33.2,0,326.39,687.33,3.694662524261207,-2.220446049250313e-16,-9.408096771952549,-0.030941268000036447,1.3605360000000146,0.004039507400025796
1993,33.216667,0,326.92,687.98,3.65672381526497,0.0,-9.343837600233806,-0.031061657613125727,1.3605271998880026,0.004107936111955425
1994,33.233333,0,328.13,692.75,3.6554418253768266,0.0,-9.340251995083857,-0.031092313386852866,1.3605216001120013,0.004143533288019715
1995,33.25,0,329.31,692.5,3.631387303044194,0.0,-9.302412390153181,-0.031116448,1.3605206,0.004183259
1996,33.266667,0,329.76,693.38,3.5983752898244235,0.0,-9.244621982980089,-0.031153254963971214,1.3605227001020013,0.004232053721485886
1997,33.283333,0,329.93,693.35,3.5983665575563375,0.0,-9.244623209062906,-0.031201451036062443,1.3605277998980025,0.00428312537854978
1998,33.3,0,328.54,692.95,3.5839364628070105,0.0,-9.209503223899244,-0.031253689999935705,1.3605329999999647,0.004328878599773484
1999,33.316667,0,327.19,692.42,3.5785015414215926,0.0,-9.193274751677869,-0.03116162364705364,1.360482499830007,0.004004505486595211
2000,33.333333,0,325.76,692.69,3.578225761350193,-2.220446049250313e-16,-9.193103767346981,-0.031193976352901175,1.3604740001700049,0.003958835213468576
2001,33.35,0,324.45,692.06,3.5706698456892774,0.0,-9.170955519615617,-0.03127423299997198,1.3604810999999977,0.00401367799998085
2002,33.366667,0,324.46,688.13,3.5418771413989907,0.0,-9.102793937286773,-0.031378465418125924,1.3604975006099964,0.004110529013258204
2003,33.383333,0,324.56,687.54,3.5420056535673954,0.0,-9.103269697808443,-0.03149936758187408,1.3605279993900035,0.004246187286741796
2004,33.4,0,324.36,692.11,3.5358686211508603,0.0,-9.098220372889923,-0.03163585799992277,1.3605708999999342,0.004413125999700931
2005,33.416667,0,323.77,694.49,3.5359094748641073,0.0,-9.093348540909583,-0.03141468046947366,1.3603825995719876,0.003556585804581762
2006,33.433333,0,322.16,697.03,3.534983149292539,0.0,-9.091625599830511,-0.03143815253055913,1.3603612004279826,0.003411824895216051
2007,33.45,0,321.17,697.61,3.531220024929259,0.0,-9.075767872163603,-0.03153960799992915,1.3603995999999732,0.0035132131999291963
2008,33.466667,0,319.45,697.67,3.5201602251755033,0.0,-9.048477057535308,-0.031663375692357325,1.3604603015059649,0.0037169585749182144
2009,33.483333,0,318.69,700.99,3.519260721706344,0.0,-9.046439053303544,-0.03179799130754867,1.3605355984939824,0.003995699824887127
2010,33.5,0,318.51,699.71,3.525041708572494,0.0,-9.076233484319886,-0.031574816,1.360333,0.0034640692
2011,33.516667,0,318.01,701.08,3.5433240601346965,0.0,-9.140936272090721,-0.03159646869979978,1.3603344013300154,0.003544449884748149
2012,33.533333,0,318.93,702.07,3.5432399070769036,2.220446049250313e-16,-9.140387549448093,-0.031681454300259565,1.360400898670031,0.0038286726154503374
2013,33.55,0,318.12,703.63,3.548646712188014,0.0,-9.164143573897398,-0.03178051000007805,1.3604914000000727,0.004171895000255983
2014,33.566667,0,316.94,703.86,3.5603717558680086,0.0,-9.192785095266597,-0.0318922764620797,1.360595802357904,0.004538470949552436
2015,33.583333,0,317.05,706.34,3.5598929819481278,0.0,-9.191449102138781,-0.03201538053774836,1.3607136976419314,0.004915948849920341
2016,33.6,0,315.59,706.23,3.5683739517783515,0.0,-9.20878733278732,-0.03214575699995448,1.360839799999956,0.005299033599866244
2017,33.616667,0,315.45,706.19,3.5646632236703555,0.0,-9.217829424133189,-0.031894440808635294,1.3608352017499896,0.004994544938071403
2018,33.633333,0,315.7,706.49,3.5647974177926645,2.220446049250313e-16,-9.21802697880543,-0.03193487119136471,1.3609226982500102,0.005171442461928597
2019,33.65,0,315.43,707.42,3.56713979783481,0.0,-9.261172212452276,-0.03207554700005949,1.361041400000046,0.0055114888001364494
2020,33.666667,0,314.58,708.13,3.5672221700059685,0.0,-9.278540464550987,-0.03224593053176275,1.3611732028260823,0.005902289065562656
2021,33.683333,0,315.37,707.36,3.5677137363001017,0.0,-9.279637377421418,-0.03242250646848387,1.3613144971741151,0.006305539335000563
2022,33.7,0,316.19,708.36,3.5657013413952505,0.0,-9.288250445524405,-0.0325952099998794,1.3614624999998968,0.006700319999724322
2023,33.716667,0,316.54,707.97,3.5476870838547043,0.0,-9.249294339713805,-0.032506694155793096,1.3613602007659822,0.006031164692557157
2024,33.733333,0,316.42,707.09,3.547958772516509,0.0,-9.25020151887964,-0.03256448284416655,1.3613984992339911,0.006015792807453577
2025,33.75,0,316.12,706.75,3.548631590738939,0.0,-9.24893698256023,-0.032667592,1.361476,0.0062135495
2026,33.766667,0,315.51,706.96,3.5500073542287875,0.0,-9.242302918415483,-0.03277997934768732,1.3615570012600147,0.00647679545526897
2027,33.783333,0,315.64,706.57,3.5501759815438905,0.0,-9.242718568740466,-0.032897357652394654,1.3616199987400295,0.006764544044931979
2028,33.8,0,314.69,706.59,3.5320283382026565,0.0,-9.183487816969748,-0.03301690999977232,1.3616654999998288,0.0070594176995025
2029,33.816667,0,313.9,705.45,3.529784899128817,0.0,-9.169531504043857,-0.03269086878048968,1.361420398336068,0.006346994305748283
2030,33.833333,0,313.56,705.67,3.5295338936123932,0.0,-9.168858120035553,-0.03262989321959548,1.3613372016640484,0.0063122816943002
2031,33.85,0,313.04,706.92,3.5296319543586776,0.0,-9.164332204679651,-0.032627504000000834,1.3613017000000125,0.006488280399938548
2032,33.866667,0,313.08,710.05,3.510675586988105,0.0,-9.130236662070265,-0.032626714864760785,1.3612758995740026,0.006727940766816503
2033,33.883333,0,312.44,711.16,3.5102645207514875,0.0,-9.12908059328745,-0.032619953135239216,1.3612546004259976,0.006981272933183497
2034,33.9,0,312.54,710.92,3.4646180673093956,-2.220446049250313e-16,-9.038833718221682,-0.03260765199979105,1.3612365999998945,0.0072256139996657205
2035,33.916667,0,313.74,710.01,3.440893067382161,0.0,-8.992223144779157,-0.0320092022463817,1.3609344977139335,0.006268231211789787
2036,33.933333,0,314.5,710.09,3.440894317118687,0.0,-8.991586050837576,-0.03177153775328635,1.3608202022859068,0.006078833787945681
2037,33.95,0,315.52,713.64,3.4230964464233757,0.0,-8.958214025817119,-0.031647474000086634,1.360778800000029,0.006141414999956295
2038,33.966667,0,315.27,712.56,3.388443987768077,0.0,-8.876292245231738,-0.031559234445996176,1.360774300263994,0.006285920430988126
2039,33.983333,0,312.77,713.27,3.388130346822561,0.0,-8.875794760022313,-0.03148153555405808,1.360787499735997,0.0064574669688920745
2040,34.0,0,312.64,712.17,3.3866767087010547,0.0,-8.862040915964668,-0.031417917,1.3608228,0.006667327
2041,34.016667,0,310.93,711.82,3.397837708104755,0.0,-8.866263862554543,-0.031390859786337516,1.360725500094001,0.006665522031691096
2042,34.033333,0,306.06,711.38,3.3974922869997672,0.0,-8.866516217101342,-0.031380177213655026,1.360730199906002,0.006842097468432215
2043,34.05,0,306.12,713.6,3.4184931159245027,0.0,-8.914551068816316,-0.031397983000031084,1.3607726000000404,0.007100578400209398
2044,34.066667,0,305.57,716.5,3.4314491548774,0.0,-8.951645177420012,-0.031442501212150614,1.3608304011259542,0.007400444407318969
2045,34.083333,0,305.19,721.88,3.4301121600370563,0.0,-8.948098353478349,-0.03150310878776473,1.3608866988739672,0.0077208105922335745
2046,34.1,0,304.98,722.83,3.4350151604228008,0.0,-8.96736400255609,-0.03155984999998019,1.360935299999983,0.008032381999891213
2047,34.116667,0,304.08,722.32,3.4163886365555913,0.0,-8.931713358652459,-0.031787713958948596,1.3611050013199923,0.008387425236609514
2048,34.133333,0,302.99,724.05,3.415908613003872,0.0,-8.93075582131804,-0.03188565804105141,1.3611709986800076,0.008649246763390486
2049,34.15,0,302.09,725.71,3.427450948056559,0.0,-8.96171226876717,-0.03195328300002625,1.3612089000000107,0.008898932500089574
2050,34.166667,0,299.63,728.22,3.439694713006467,0.0,-8.991610545006468,-0.03202846482909322,1.3612393007220212,0.009155478214991724
2051,34.183333,0,297.33,728.15,3.439484717358556,0.0,-8.991689354073333,-0.03211991317103451,1.3612753992780295,0.00941620978537244
2052,34.2,0,295.57,728.94,3.449287954128253,0.0,-9.014775280314874,-0.03222566999992615,1.3613057999999787,0.009667776499824329
2053,34.216667,0,294.74,728.91,3.445791918677986,0.0,-8.999326705324753,-0.032009869903602245,1.3613952005819865,0.008909735271163528
2054,34.233333,0,292.9,729.89,3.4454337862509603,0.0,-8.999034902333236,-0.03200505009640112,1.3614242994179933,0.008773295728931754
2055,34.25,0,291.01,728.77,3.4579146309836157,0.0,-9.02465855557395,-0.032064162,1.3614256,0.008845424
2056,34.266667,0,288.53,728.86,3.487438074845804,-2.220446049250313e-16,-9.089535929777183,-0.03215055226988641,1.3614131993739929,0.008982456142460748
2057,34.283333,0,287.26,729.17,3.4870335488199995,0.0,-9.089009653530994,-0.03226404073019284,1.3613819006259855,0.009114572357631514
2058,34.3,0,285.01,727.97,3.4706033256871494,0.0,-9.040320045575504,-0.032407562999955876,1.3613296000002204,0.009230123999172057
2059,34.316667,0,283.06,728.29,3.462092052265992,0.0,-9.017647879152188,-0.032344377081975184,1.361645201159953,0.008044500088201581
2060,34.333333,0,281.61,728.09,3.462043594986666,0.0,-9.018545931854177,-0.03244847591787943,1.3617031988399662,0.007698909912281103
2061,34.35,0,280.74,726.83,3.4605429951690896,0.0,-9.02111502671483,-0.03262960499993676,1.3616790000000085,0.0076519605000163905
2062,34.366667,0,282.38,722.69,3.3842665401235914,0.0,-8.873794979406693,-0.032868539477288114,1.361611198132011,0.007733004392261819
2063,34.383333,0,282.2,723.15,3.3836250922587765,0.0,-8.872782205689143,-0.033142394522711886,1.361517801867989,0.00783761390773818
2064,34.4,0,282.11,724.52,3.490634990410988,0.0,-9.191419447449183,-0.033462959999873206,1.3613944999999783,0.008059091999877996
2065,34.416667,0,280.51,731.05,3.557641133649171,0.0,-9.381433833479328,-0.033099824498423594,1.3613319972119189,0.007709670528678474
2066,34.433333,0,280.35,735.0,3.5560842287109624,0.0,-9.377501577373788,-0.03317474050168104,1.3611926027878865,0.007786099171428273
2067,34.45,0,282.38,739.09,3.6181520353886585,0.0,-9.583763602752352,-0.03337859999985764,1.3610843000000756,0.008049264999816227
2068,34.466667,0,284.64,742.98,3.761522176312494,0.0,-10.04917268868289,-0.03360024153401445,1.361043699652008,0.008359552597746404
2069,34.483333,0,287.34,748.64,3.7597775634533908,0.0,-10.043917226479964,-0.03382693846582724,1.361026300348004,0.008689434402023223
2070,34.5,0,287.0,751.33,3.822503698946375,0.0,-10.237867021696074,-0.03404581,1.3610363,0.008970382
2071,34.516667,0,288.12,757.57,3.963866765398541,0.0,-10.655792741818187,-0.033492393394992964,1.3612902018200213,0.00847374399892835
2072,34.533333,0,288.3,760.57,3.963137528313494,0.0,-10.653731270209285,-0.033462144604985915,1.3613811981800423,0.008423693001036696
2073,34.55,0,287.95,764.99,4.070131958564703,0.0,-10.959063631768094,-0.03359911600012658,1.36141150000002,0.008494131000062273
2074,34.566667,0,285.47,770.19,4.160383003562875,0.0,-11.197829064856178,-0.03378037803235573,1.3614400001539937,0.008583309105414227
2075,34.583333,0,282.45,776.35,4.157454169608862,0.0,-11.191459565282889,-0.03398199596736268,1.3614476998459955,0.008688579894438742
2076,34.6,0,280.0,782.51,4.249123362839299,0.0,-11.425742877767412,-0.03418838199992794,1.3614414000000021,0.008756502999976285
2077,34.616667,0,278.61,784.6,4.294792486718928,0.0,-11.528011911005972,-0.033978875753081436,1.3614239991940047,0.009190470874474908
2078,34.633333,0,276.94,783.63,4.294854160092995,0.0,-11.528720654117954,-0.033966530246918564,1.3613837008059952,0.00923419312552509
2079,34.65,0,274.91,781.67,4.257658422288428,0.0,-11.402155237432575,-0.034009866000015036,1.3613203999999723,0.009125127999933433
2080,34.666667,0,271.31,783.44,4.232444725185561,0.0,-11.316448492141486,-0.0340529276978803,1.3612409981699467,0.008934474289832964
2081,34.683333,0,269.19,781.89,4.232463301553951,0.0,-11.31760084979972,-0.03408781930216843,1.3611495018299256,0.008698982209838124
2082,34.7,0,267.36,783.0,4.174748910401427,0.0,-11.143742972616934,-0.03411150399998346,1.3610526000000678,0.008417496000196565
2083,34.716667,0,266.29,782.53,4.099021599369464,0.0,-10.891961032317234,-0.03402150318933887,1.3611189991320203,0.008550358057428504
2084,34.733333,0,264.7,782.85,4.098614989322971,0.0,-10.89147225744413,-0.03398097081068943,1.36107560086801,0.008403231942674241
2085,34.75,0,264.95,782.3,4.068685360583466,0.0,-10.791405642156631,-0.03394069,1.3609895,0.00816795
2086,34.766667,0,265.13,781.21,3.984477516877184,0.0,-10.561492028885123,-0.03390914975209711,1.3608957982999803,0.007936940726150268
2087,34.783333,0,265.32,780.32,3.9845719803121367,0.0,-10.561866711564416,-0.03389675524789423,1.3608108016999605,0.007723259273700507
2088,34.8,0,265.15,778.85,3.9379572551609217,0.0,-10.446564686463699,-0.03390817000022263,1.3607439999998454,0.007541716000531651
2089,34.816667,0,264.66,779.38,3.9454906023987872,0.0,-10.467007752193862,-0.03422697536574362,1.3605225981120768,0.008303045627842573
2090,34.833333,0,263.48,780.62,3.944531430380044,0.0,-10.465016018288926,-0.03434526263409117,1.360428201888055,0.008459437871938993
2091,34.85,0,262.63,780.69,3.9648519003075964,0.0,-10.51842536341779,-0.034385833999985835,1.3603871000000145,0.008420337000013654
2092,34.866667,0,260.81,780.73,3.9336159598612928,0.0,-10.441146609454853,-0.034391246621502204,1.3603561993580038,0.008284283743511868
2093,34.883333,0,259.47,779.4,3.9338357506868276,0.0,-10.442316153468433,-0.03437232237849779,1.3603241006419962,0.008096465756488131
2094,34.9,0,256.54,778.61,3.912671754892364,0.0,-10.395050600094917,-0.034338497000117575,1.36028179999997,0.007882621000344136
2095,34.916667,0,252.84,776.78,3.886570169997329,0.0,-10.32910935638261,-0.03467522705659074,1.3601955987139625,0.00886823465557726
2096,34.933333,0,248.34,776.24,3.885985980322554,0.0,-10.32904715365357,-0.034728052943483044,1.3601313012859475,0.009001004344608179
2097,34.95,0,240.41,773.78,3.8768178964638857,0.0,-10.28149537493174,-0.034693882000023865,1.3600917000000277,0.00883664200011478
2098,34.966667,0,234.57,775.3,3.9147295946358596,0.0,-10.287801631089225,-0.03464327908242136,1.3600716999680007,0.00859317480078432
2099,34.983333,0,230.34,775.92,3.9140687972279937,0.0,-10.287625533874081,-0.034597400917610675,1.3600701000320004,0.008283219199432137
2100,35.0,0,225.89,776.76,3.942836489277412,0.0,-10.314929359395782,-0.034584414,1.3600665,0.007944509
2101,35.016667,0,222.22,774.75,3.912914614514803,0.0,-10.251667190100148,-0.03456790644233351,1.3602283999739997,0.008697587234891096
2102,35.033333,0,220.85,773.57,3.913171312467131,0.0,-10.252749794779787,-0.03454002455764702,1.3602271000259993,0.008659333765082189
2103,35.05,0,221.59,770.86,3.854451389893032,0.0,-10.173754950652455,-0.03451648399997817,1.3601701999999403,0.008380896999728275
2104,35.066667,0,223.01,770.46,3.822563290370093,0.0,-10.103742300067697,-0.03448522437842532,1.3600847980760784,0.007991775591123311
2105,35.083333,0,220.33,769.46,3.822331997194088,0.0,-10.104385670198958,-0.03445414562161808,1.3599886019240561,0.007521331409533758
2106,35.1,0,217.76,768.92,3.791750040743175,0.0,-10.026727454627265,-0.03442165300001135,1.3598831000000369,0.007001830300181386
2107,35.116667,0,215.47,770.18,3.7688310241367535,0.0,-9.96808583505257,-0.0347629913570321,1.3596642972100161,0.007732235016600383
2108,35.133333,0,213.23,771.57,3.76768362389686,0.0,-9.966031586602211,-0.0348308406429679,1.3595248027899838,0.007643068083399617
2109,35.15,0,210.32,770.59,3.7850906947623617,0.0,-9.972918117919544,-0.03481367999999009,1.3594201999999738,0.007302418399860866
2110,35.166667,0,207.22,772.96,3.796171396746452,0.0,-9.968981689476262,-0.03478530749842541,1.3593453987919648,0.006903930856683082
2111,35.183333,0,203.25,774.53,3.795076053012546,0.0,-9.96769184127883,-0.03476023050153957,1.359285001207951,0.00649679314274827
2112,35.2,0,199.72,779.61,3.7974179164332735,0.0,-9.949703309566056,-0.03474435000001109,1.3592423000000298,0.006107555700271807
2113,35.216667,0,197.09,781.2,3.8347498447130204,0.0,-10.03973952278603,-0.03510266242834347,1.3594574016519614,0.007233738643515178
2114,35.233333,0,195.9,782.91,3.834178960669046,0.0,-10.03874422984593,-0.03522407757157174,1.3595399983479808,0.007415911356357602
2115,35.25,0,194.77,786.83,3.849643224946593,0.0,-10.09319733772859,-0.035287403,1.3595806,0.007293837
2116,35.266667,0,193.72,789.57,3.840795634354756,0.0,-10.089262609905774,-0.03531619492065908,1.3596065003140037,0.007059661524278792
2117,35.283333,0,192.56,787.08,3.8415082032143,0.0,-10.091791322156844,-0.035312228079338155,1.3596221996860074,0.006770890375519544
2118,35.3,0,191.0,786.62,3.7950879095577292,0.0,-9.979243413472492,-0.035277224999853356,1.3596268000002794,0.006462397001005488
2119,35.316667,0,189.61,785.54,3.795462882790655,0.0,-9.981527403324183,-0.03506722094088389,1.360026702869883,0.00790226728754385
2120,35.333333,0,188.5,786.05,3.795681176787827,0.0,-9.981854928368493,-0.03496426505925991,1.3601701971299165,0.00821664471201706
2121,35.35,0,186.28,786.6,3.8221609063076345,0.0,-10.045875066715912,-0.03488820800002655,1.3602201999999826,0.008181125000012404
2122,35.366667,0,184.38,790.38,3.834012564930794,0.0,-10.061243568401528,-0.034811218323209756,1.3602295997620015,0.008015290850791066
2123,35.383333,0,181.67,791.09,3.8335182127422116,0.0,-10.060815140136746,-0.034727381676790244,1.3602177002379985,0.007782838349208934
2124,35.4,0,180.16,790.97,3.8172476146117797,0.0,-10.007521009550596,-0.034638203999931325,1.3601915999999892,0.007512839500404802
2125,35.416667,0,179.03,789.3,3.7906361544925176,0.0,-9.938723968430939,-0.03444150918027796,1.360160199697991,0.008672200368527096
2126,35.433333,0,176.28,787.58,3.790953113787969,0.0,-9.939837183504517,-0.03430053281952514,1.3601451003019878,0.00889061163177796
2127,35.45,0,175.12,787.72,3.7763324314197404,0.0,-9.909601357299609,-0.03418151000008311,1.3601582999999906,0.008853679500025793
2128,35.466667,0,174.7,787.88,3.792464044459188,0.0,-9.972629525346614,-0.03407469200962634,1.3601933009679774,0.008791445659031219
2129,35.483333,0,172.9,787.91,3.7924813116466844,0.0,-9.973043818592283,-0.03397517499044316,1.3602416990319888,0.008724398341015604
2130,35.5,0,170.93,788.53,3.7908858980239817,0.0,-9.96795420178343,-0.033874903,1.3602912,0.008638203
2131,35.516667,0,168.65,788.58,3.804659021163662,0.0,-9.962920625059208,-0.0339580958024177,1.3602407007200084,0.009494580196840472
2132,35.533333,0,165.77,787.7,3.804711862661147,0.0,-9.963678692378616,-0.0339482171975754,1.3602766992800168,0.009754408803340978
2133,35.55,0,161.68,787.15,3.882864704440229,0.0,-10.103232347781242,-0.03392655399999218,1.360348900000056,0.009858476000067356
2134,35.566667,0,160.23,789.57,3.9062717808800453,0.0,-10.159237511729271,-0.03391535980260804,1.360429001257949,0.009954930743548968
2135,35.583333,0,159.5,789.06,3.9065446288176626,0.0,-10.160065554459868,-0.03390549019740575,1.3604918987419634,0.01004210825632927
2136,35.6,0,157.94,789.99,3.888208015242798,0.0,-10.117238977003316,-0.033888385000005974,1.3605309999999864,0.010079049999987103
2137,35.616667,0,156.01,790.29,3.8845477213310224,0.0,-10.0936417431326,-0.03412055794450868,1.3603634992540043,0.01030418952207114
2138,35.633333,0,152.57,791.27,3.883619861464893,0.0,-10.092490542939908,-0.03421778005549132,1.3603262007459958,0.01038029047792886
2139,35.65,0,149.9,790.27,3.8689017997734276,0.0,-10.032585326060516,-0.03427395200001658,1.3603281000000076,0.010394451999995037
2140,35.666667,0,147.14,789.2,3.8617321499240105,0.0,-10.023240239465368,-0.03432142119995491,1.3603500009020262,0.010380235759873013
2141,35.683333,0,146.63,788.49,3.8619700367584047,0.0,-10.024185785402269,-0.03438141480012888,1.360395099098037,0.010368230240110219
2142,35.7,0,148.25,788.09,3.853100890403899,0.0,-10.024273908202717,-0.03446797999993955,1.3604500999999616,0.010372379999997102
2143,35.716667,0,148.58,786.66,3.783948574471975,0.0,-9.913848486667776,-0.03465468036684162,1.360305400049999,0.010193921108400755
2144,35.733333,0,148.51,786.28,3.7838974966212757,0.0,-9.914223521528518,-0.034823019633040825,1.3603078999499993,0.010149341891630375
2145,35.75,0,147.83,787.11,3.742463876669863,0.0,-9.832216487467104,-0.034987744,1.3603555,0.010163091
2146,35.766667,0,145.3,790.49,3.735287454559161,0.0,-9.83312433499862,-0.03516356373596348,1.3604240013360156,0.010224422723400054
2147,35.783333,0,141.55,791.73,3.7344821512181485,0.0,-9.832566154549024,-0.03535035226416697,1.360490798664031,0.01031058827666012
2148,35.8,0,135.32,794.24,3.744081176629004,0.0,-9.839974895157969,-0.03554694400006699,1.3605429000000475,0.010386367999808035
2149,35.816667,0,130.74,794.83,3.7438571194901042,0.0,-9.828217634392743,-0.03564288053337605,1.3606111005819763,0.010111474103396526
2150,35.833333,0,127.65,796.24,3.7429790297022936,0.0,-9.827370950501647,-0.03581954946637719,1.360640199417983,0.010066643896666087
2151,35.85,0,125.83,798.17,3.739934151603063,0.0,-9.811550758957548,-0.03600719599993448,1.3606496999999966,0.010096922499989426
2152,35.866667,0,122.88,799.42,3.7171231859622718,0.0,-9.740409765830119,-0.03618448309918196,1.3606476998920005,0.01013702032997808
2153,35.883333,0,121.07,800.07,3.7165530884224385,0.0,-9.739858091603454,-0.03633943690081804,1.3606423001079995,0.01015351867002192
2154,35.9,0,118.74,800.83,3.7071875205799807,0.0,-9.711052547984476,-0.03647154600000827,1.3606384999999608,0.010153742499915661
2155,35.916667,0,118.26,803.24,3.7100258764722702,0.0,-9.731106633293997,-0.03649524312425271,1.3605257995039857,0.009912191636090318
2156,35.933333,0,119.84,804.09,3.709825479361259,0.0,-9.73030989083474,-0.03655145187582579,1.3605010004959797,0.00984400086381444
2157,35.95,0,121.55,805.55,3.6856702537378996,0.0,-9.687091499846998,-0.03662160799995101,1.360501,0.009819558000017069
2158,35.966667,0,123.27,806.54,3.661446852392227,0.0,-9.668496941445692,-0.03669594147696562,1.360518300601986,0.009842257812577804
2159,35.983333,0,125.49,807.41,3.6614479187823123,0.0,-9.667918648341766,-0.03676978852298281,1.360548399397993,0.009932885187358907
2160,36.0,0,127.08,808.51,3.670022106703756,0.0,-9.71135499417111,-0.036846053,1.3605858,0.01006368
2161,36.016667,0,130.21,808.73,3.669246839061406,0.0,-9.731849866281104,-0.036992547664999376,1.3607309018920222,0.009923735496277411
2162,36.033333,0,129.39,807.52,3.6696868877383513,0.0,-9.733415394134143,-0.03707579333505876,1.360825498108044,0.009998545503774832
2163,36.05,0,125.67,808.36,3.6672633008532394,0.0,-9.690596437795039,-0.03715095300005182,1.3608972000000426,0.0101230740000821
2164,36.066667,0,121.95,807.54,3.6770395074286415,0.0,-9.68215557123784,-0.0372251615783357,1.3609583012239501,0.01024064655403595
2165,36.083333,0,116.66,803.76,3.6776500034113475,2.220446049250313e-16,-9.685474552868074,-0.037304078421554046,1.3610194987759645,0.010368348445785634
2166,36.1,0,112.52,804.14,3.6885420162929954,0.0,-9.687380512612629,-0.03737407999997556,1.3610875999999763,0.010515966999948457
2167,36.116667,0,108.97,804.2,3.6902642397903858,0.0,-9.67590272402936,-0.03740678726105848,1.361308902575985,0.01034522347893139
2168,36.133333,0,105.28,804.11,3.6902167999291344,0.0,-9.676856180914408,-0.03741983973894152,1.361437697424015,0.01041916752106861
2169,36.15,0,103.75,804.43,3.705579324859528,0.0,-9.735359930950686,-0.03742689000000445,1.3615456000000374,0.010594379000081958
2170,36.166667,0,101.88,806.8,3.7155527206645074,0.0,-9.75670128215889,-0.037439640117963434,1.3616529019740573,0.01082911626348404
2171,36.183333,0,94.45,808.31,3.7145277232307103,0.0,-9.756087606919264,-0.037445537882044806,1.3617515980260804,0.011042275736813678
2172,36.2,0,86.92,807.0,3.7122208088849016,0.0,-9.743053455261395,-0.0374300670000108,1.3618443999999352,0.011249908999855009
2173,36.216667,0,82.45,806.4,3.6899357463015496,0.0,-9.694244066362314,-0.03694568580123775,1.362108802657938,0.010445968331122131
2174,36.233333,0,78.56,806.11,3.690160096937927,0.0,-9.69559847833531,-0.03673575119890886,1.362241697341969,0.010312526668971056
2175,36.25,0,76.83,805.41,3.6659696286202554,0.0,-9.656471897199786,-0.03660506,1.3623246,0.010382663
2176,36.266667,0,76.19,806.05,3.636837657368499,0.0,-9.613490306297708,-0.036482469139326776,1.3623805007300085,0.010510983766292132
2177,36.283333,0,74.68,807.09,3.6366107514463777,0.0,-9.612828708251168,-0.036339442860573404,1.362416999270017,0.010649291233804398
2178,36.3,0,74.32,805.58,3.6081031861911836,0.0,-9.521507733122865,-0.03616402699991032,1.3624351000001114,0.010766595999473324
2179,36.316667,0,74.13,805.02,3.597821286691268,0.0,-9.496982540958694,-0.036035601449944624,1.3625946005079792,0.010012390681495195
2180,36.333333,0,74.59,807.81,3.59732648466984,0.0,-9.49522422343816,-0.03585809855030336,1.3626199994919852,0.009846465318736624
2181,36.35,0,74.75,813.11,3.582615240114048,0.0,-9.472780323371818,-0.03567689300006327,1.3626076000000042,0.009893409999983607
2182,36.366667,0,75.29,813.88,3.5621789028029385,0.0,-9.441475096193425,-0.03549610825446181,1.3625851995840024,0.010018160037982313
2183,36.383333,0,75.35,814.78,3.562066982269133,0.0,-9.440510174121743,-0.03530883774553819,1.3625644004159976,0.010170053962017686
2184,36.4,0,75.68,818.76,3.574198392500767,0.0,-9.4709179118582,-0.03511424000005138,1.362550600000124,0.010351242499947382
2185,36.416667,0,75.43,826.02,3.5687313867356503,0.0,-9.447543652246436,-0.03526139790493905,1.3629057017100497,0.010200544010849409
2186,36.433333,0,75.32,825.71,3.569136841176817,0.0,-9.448318158279845,-0.03515665209491465,1.3629911982900695,0.010251082989221179
2187,36.45,0,74.68,825.73,3.5591742070048644,0.0,-9.40794235605842,-0.034969060000131,1.3629847000000044,0.010363634999921403
2188,36.466667,0,74.38,825.36,3.5400751252660267,0.0,-9.324371977765669,-0.03475606556210332,1.3629518992120184,0.010508302311482908
2189,36.483333,0,73.52,830.03,3.5388236498600505,0.0,-9.320561934121264,-0.034534174438051644,1.3629125007880092,0.010673873688401465
2190,36.5,0,73.06,832.1,3.5326162513692405,0.0,-9.298757854295246,-0.034310088,1.3628824,0.010873819
2191,36.516667,0,72.72,834.19,3.5466506677025262,0.0,-9.33799640964546,-0.034446506533822974,1.3627534991799903,0.010827569129156346
2192,36.533333,0,71.04,835.98,3.545943794641658,0.0,-9.3362770644188,-0.034373201466125866,1.362712500819981,0.010984018870952844
2193,36.55,0,71.08,838.6,3.5805165224688307,0.0,-9.441481170703959,-0.03424282999989783,1.3627064000000042,0.011233374500194676
2194,36.566667,0,70.52,840.44,3.5879648645112088,0.0,-9.465839432425918,-0.03409651410249804,1.3627123001439942,0.01151215673622631
2195,36.583333,0,69.43,841.85,3.5876132801504377,0.0,-9.46456332929993,-0.03395163889770437,1.362719499855996,0.01179896826337298
2196,36.6,0,67.34,843.69,3.606906731876448,0.0,-9.512434904270622,-0.03380535500005108,1.362731099999996,0.012075472999903457
2197,36.616667,0,65.68,843.86,3.6361113089758734,0.0,-9.561272399982364,-0.034433912272686766,1.3629444013919918,0.011958575648676225
2198,36.633333,0,63.74,843.11,3.636187357610828,0.0,-9.562323943999278,-0.03454754272731323,1.363013998608008,0.011991008351323777
2199,36.65,0,62.73,843.91,3.620371788558745,0.0,-9.505877134445248,-0.03449255999996549,1.3630359000000027,0.012039041000014183
2200,36.666667,0,60.58,844.05,3.615506969412897,0.0,-9.49596862043903,-0.034393728095224584,1.3630434001120033,0.0120796632098952
2201,36.683333,0,59.23,844.02,3.615478060583905,0.0,-9.49598662065439,-0.03429849590464241,1.3630489998880044,0.012140153790189286
2202,36.7,0,56.98,843.63,3.6165772571855603,0.0,-9.504232592566352,-0.034200836000068194,1.363053199999997,0.012199792999958353
2203,36.716667,0,55.15,842.42,3.580363417864974,0.0,-9.438084643840641,-0.03494756418740252,1.3630905998240042,0.011053810943727552
2204,36.733333,0,53.85,840.64,3.580487934160338,0.0,-9.439763643273148,-0.035156930812451276,1.3630818001760021,0.010651004056553748
2205,36.75,0,51.55,842.35,3.573049940296059,0.0,-9.433750182683692,-0.035202343,1.3630561,0.01047973
2206,36.766667,0,49.14,842.76,3.5707236017298443,0.0,-9.432190042469395,-0.035198911372152704,1.3630202990039886,0.010368326702763319
2207,36.783333,0,47.06,841.11,3.57085759142474,0.0,-9.433207591132845,-0.03516752062782538,1.362970500995977,0.010253470797156522
2208,36.8,0,43.87,840.56,3.5483833549603934,0.0,-9.358820881612123,-0.035116926000185573,1.362909699999884,0.010117200999922672
2209,36.816667,0,40.94,840.6,3.5395780125696685,0.0,-9.331602865447973,-0.03538267135564477,1.362743597962083,0.010006466683474375
2210,36.833333,0,36.92,835.72,3.540145950892573,0.0,-9.334610064663647,-0.03545045364426053,1.3626417020380592,0.00989064031668745
2211,36.85,0,34.12,834.61,3.5390241015998103,0.0,-9.329267700387042,-0.03544922000000043,1.3625685000000256,0.009791512000034612
2212,36.866667,0,31.68,838.02,3.555504568652949,0.0,-9.367980619451114,-0.035421791109885185,1.362511299120005,0.009710949493428772
2213,36.883333,0,27.91,837.0,3.5553058028120366,0.0,-9.368540312789866,-0.035377286890114816,1.362467300879995,0.009635623506571229
2214,36.9,0,24.87,837.0,3.5505998127584677,0.0,-9.354516964513635,-0.035317774999999135,1.3624350000000658,0.009556262000028206
2215,36.916667,0,23.22,835.7,3.5466899002899437,0.0,-9.347676650828195,-0.03531528517885611,1.3626235011500334,0.009637047925913298
2216,36.933333,0,20.55,836.4,3.5464006410766213,0.0,-9.347618497492865,-0.03527423082108655,1.3626809988500468,0.009608345574046615
2217,36.95,0,20.03,836.69,3.547114924332042,0.0,-9.352027227854835,-0.035228680000031806,1.3627054999999828,0.009555422000036956
2218,36.966667,0,23.65,838.86,3.5478629396533776,0.0,-9.369712479344058,-0.035186334301156266,1.3627273005359875,0.009514262867603082
2219,36.983333,0,22.94,839.03,3.547844565448927,0.0,-9.369786899637278,-0.03515139269886813,1.362754099463994,0.00950764313240154
2220,37.0,0,20.98,838.99,3.5547652689545255,0.0,-9.40170301153215,-0.035122216,1.3628011,0.009532517
2221,37.016667,0,20.59,841.77,3.601377274495099,0.0,-9.558628036123745,-0.03499206929619183,1.3629878029120337,0.0100855108043458
2222,37.033333,0,19.13,843.49,3.6011498293986177,0.0,-9.558118403388205,-0.03495688070378362,1.3631333970880677,0.010325715695821842
2223,37.05,0,17.55,845.06,3.6457066628475743,0.0,-9.698579981126557,-0.03495395000000132,1.3632745000001008,0.010451848000042301
2224,37.066667,0,17.06,841.9,3.6664809860326537,0.0,-9.758021757128253,-0.034955849954601846,1.3634187027658873,0.010512423300767747
2225,37.083333,0,16.99,842.82,3.666578795320379,0.0,-9.758270521903592,-0.03495358004540132,1.3635569972339194,0.010527461699211243
2226,37.1,0,16.78,841.04,3.678410849958731,0.0,-9.795108261690565,-0.034945376000002866,1.3636774999999581,0.010504715000007941
2227,37.116667,0,16.96,841.48,3.675389534061675,0.0,-9.781267198990017,-0.034971939585542414,1.3638515015939907,0.010786390821715217
2229,37.15,0,15.98,845.53,3.6680090056225843,0.0,-9.734947301716737,-0.034898409999975274,1.3639432999999865,0.010769614999959076
2372,39.533333,0,18.61,708.54,3.286803400489164,0.0,-8.965146176411999,-0.0327820201333169,1.3633616008459803,0.013716603807627759
2374,39.566667,0,26.97,948.4,3.1931394314071784,0.0,-8.759044771036523,-0.032843225908183,1.3632256987660503,0.013605309700643305
2375,39.583333,0,31.07,939.11,3.1955080965093914,0.0,-8.764598157286926,-0.032888635091753556,1.363164001234036,0.013515341799482392
2376,39.6,0,31.8,918.69,3.189563366104764,0.0,-8.763935157510307,-0.03294454499998048,1.3631027000000213,0.013399865500040319
2377,39.616667,0,36.02,931.71,3.196746714648482,0.0,-8.768404343531142,-0.0329552712196529,1.3632969005819966,0.013737730161653238
2378,39.633333,0,41.0,947.36,3.193601299986147,0.0,-8.758438115004692,-0.0330162517803471,1.3633259994180034,0.013795810838346762
2379,39.65,0,44.42,954.79,3.2022308777686237,0.0,-8.766666248148047,-0.033100672000031646,1.363293299999982,0.013789752499994212
2380,39.666667,0,46.71,952.84,3.2059919389514966,0.0,-8.768059654100279,-0.03319130646134251,1.3632417989479693,0.01377317011905437
2381,39.683333,0,46.18,954.66,3.205317068805819,0.0,-8.76660991641128,-0.03326436853875953,1.3631892010519573,0.013729125880884114
2382,39.7,0,47.21,955.56,3.204281670793376,0.0,-8.762973860506973,-0.033322939999959104,1.363139300000035,0.013668533000042313
2383,39.716667,0,48.0,955.51,3.1968538866050804,0.0,-8.755780696754819,-0.032990808404937136,1.3632541006559848,0.013738784271646955
2384,39.733333,0,48.22,954.88,3.197179331793851,0.0,-8.75642615574356,-0.03291105659511856,1.3632868993439924,0.013702367228378476
2385,39.75,0,48.69,953.96,3.193938703637774,0.0,-8.757385565873768,-0.032901186,1.363307,0.013617558
2386,39.766667,0,48.61,953.42,3.172822438605774,2.220446049250313e-16,-8.705940636054878,-0.03289299449535414,1.3633235003140036,0.013490604771102496
2387,39.783333,0,46.51,938.84,3.176029093457036,0.0,-8.715449460807525,-0.03286776350462825,1.3633391996860074,0.013329168228784834
2388,39.8,0,45.56,941.25,3.1617353221749056,0.0,-8.638199574604926,-0.032813929999717,1.363345100000254,0.013139367000018267
2389,39.816667,0,48.45,953.2,3.1426100909263326,0.0,-8.563337581388689,-0.03240867545098532,1.3637090018779237,0.013165521061689705
2390,39.833333,0,42.26,939.31,3.145576390601816,0.0,-8.572688492718418,-0.032181224549332456,1.3638028981219454,0.013018605438515555
2391,39.85,0,41.95,942.28,3.1244445025454124,0.0,-8.51388178658549,-0.032014146000058336,1.3638023000000001,0.012837736000063152
2392,39.866667,0,43.65,943.2,3.101400332990447,0.0,-8.471788095945179,-0.03188559212477092,1.363773299326004,0.012665658015277376
2393,39.883333,0,48.55,952.07,3.099941739279962,0.0,-8.466333556798128,-0.03179183387522908,1.363739600673996,0.012516426984722624
2394,39.9,0,51.71,949.4,3.0926218265743315,0.0,-8.464443065035807,-0.031708869999776394,1.3637022999999733,0.012365127000026756
2395,39.916667,0,52.5,949.29,3.0880118222316697,0.0,-8.451850938289427,-0.031068461424417784,1.3636257990879737,0.012441758444234736
2396,39.933333,0,54.04,948.08,3.08859354813946,0.0,-8.452336651295418,-0.030789701575192868,1.3635802009119629,0.012363975555656624
2397,39.95,0,53.72,948.26,3.0913805757785218,0.0,-8.455467770981373,-0.030631399000110544,1.3635514000000202,0.012252975000077512
2398,39.966667,0,58.2,948.8,3.1050719234597683,0.0,-8.479348972809083,-0.030512563888169166,1.3635297996520082,0.012147492172782538
2399,39.983333,0,61.56,950.23,3.1051408363824007,0.0,-8.4784103740408,-0.030406974111904576,1.3635124003480041,0.012056132827281262
2400,40.0,0,60.0,950.99,3.112001483598945,0.0,-8.493089623252656,-0.030302517,1.3634996,0.011966398
2401,40.016667,0,72.9,952.14,3.1263146880952686,0.0,-8.510507859401311,-0.02977980015810376,1.3634438999259992,0.011990523909367333
2402,40.033333,0,77.22,949.91,3.1274504578434663,0.0,-8.511802819663432,-0.029537717841727283,1.3634402000739985,0.011935995090594611
2403,40.05,0,81.17,944.07,3.151251758758796,0.0,-8.55588318665673,-0.029370560999886167,1.3634579000000129,0.011848978999921407
2404,40.066667,0,84.69,951.74,3.151816637354126,0.0,-8.555332287826573,-0.029207546683875096,1.3634765004359821,0.011736429640016144
2405,40.083333,0,92.83,952.31,3.1526785641669246,0.0,-8.555078454114147,-0.029041740316356555,1.3634982995639873,0.011618430360148715
2406,40.1,0,102.68,953.02,3.155483114262059,-2.220446049250313e-16,-8.566713424318987,-0.02887832400005706,1.3635110999999955,0.011509815000037922
2407,40.116667,0,115.59,953.43,3.1557198385146528,0.0,-8.572951558549825,-0.028667209224976155,1.3635671003939978,0.011619068335293869
2408,40.133333,0,107.73,953.77,3.1550809815088092,0.0,-8.573058361835958,-0.028528462775023845,1.3635867996060023,0.01158583416470613
2409,40.15,0,119.02,953.85,3.1446267945095596,0.0,-8.546714455754813,-0.028418734999969036,1.3635999000000045,0.011505871999969556
2410,40.166667,0,138.48,952.52,3.1424067544245755,0.0,-8.53165000337895,-0.0283300485116367,1.363612700204006,0.011418676405413608
2411,40.183333,0,152.38,950.99,3.144161026783407,0.0,-8.532443285386604,-0.02825563548825937,1.3636228997960083,0.011338952594475041
2412,40.2,0,155.98,951.01,3.143377872461478,2.220446049250313e-16,-8.519393707919816,-0.028190486000045496,1.3636362999999907,0.011271268000047263
2413,40.216667,0,155.94,950.34,3.1603697443755854,0.0,-8.523236103780661,-0.028236076221274848,1.3634159988120276,0.011276315732306232
2414,40.233333,0,155.39,948.63,3.160550941461004,0.0,-8.523925020986562,-0.028247139778717425,1.3633566011880138,0.011262931267703115
2415,40.25,0,160.06,949.26,3.1652381727098433,0.0,-8.51874809045479,-0.028253168,1.3633516,0.011252474
2416,40.266667,0,164.14,950.9,3.167594455309599,0.0,-8.524583752492225,-0.028269738713168284,1.3633641003680044,0.011258865748568695
2417,40.283333,0,163.76,951.22,3.167494020939766,0.0,-8.524475033086322,-0.0283053952868566,1.3633824996320085,0.011296292251457427
2418,40.3,0,163.9,951.66,3.1889024467055433,0.0,-8.599207293055558,-0.028366288000056743,1.3634017999998649,0.011374023000285522
2419,40.316667,0,161.47,951.91,3.187569642025157,0.0,-8.605319384132436,-0.02844754812939325,1.36320819853006,0.011782895978937901
2420,40.333333,0,151.95,951.62,3.186448169076492,0.0,-8.605030633859318,-0.028554017870458,1.3631347014700428,0.011981843020784146
2421,40.35,0,163.46,951.07,3.174275868336809,0.0,-8.580181033712927,-0.028659013999963342,1.3630930000000148,0.0121004209999586
2422,40.366667,0,161.81,953.36,3.155559699813308,0.0,-8.528905117473625,-0.028761268352426306,1.3630628996180023,0.012183360800129519
2423,40.383333,0,164.5,953.75,3.155563612483644,0.0,-8.528402099049448,-0.028878885647573693,1.3630438003819978,0.012273364199870481
2424,40.4,0,161.18,954.97,3.16777836308947,0.0,-8.546317454145703,-0.029024518999983036,1.3630320999999304,0.012388545999947629
2425,40.416667,0,173.24,950.56,3.168702478948364,0.0,-8.54442097585823,-0.028975942322447566,1.362832698725963,0.012238556023469776
2426,40.433333,0,178.47,949.65,3.1691356921000673,0.0,-8.544412097135961,-0.029092056677714608,1.362769001273948,0.012289725976601693
2427,40.45,0,181.95,947.34,3.173365199392974,2.220446049250313e-16,-8.5572577407634,-0.029277970999870173,1.3627597000000065,0.012422136999907536
2428,40.466667,0,190.38,948.77,3.186138607547563,0.0,-8.597101081144451,-0.029493724467136006,1.36277340042999,0.012585581722674976
2429,40.483333,0,200.3,946.14,3.1875078908199344,-2.220446049250313e-16,-8.598482824168308,-0.029717077532708015,1.362794899569995,0.0127467127772125
2430,40.5,0,210.46,946.59,3.184347842899872,0.0,-8.587017801534941,-0.02993504,1.3628241,0.012882888
2431,40.516667,0,218.97,945.31,3.1917209954546544,0.0,-8.575710858410508,-0.02990668579549247,1.3627659007280086,0.012695403977899743
2432,40.533333,0,228.6,946.47,3.1923138665931514,0.0,-8.575019063912524,-0.030046453204605077,1.362802299272017,0.012694299022099485
2433,40.55,0,238.4,947.52,3.1907431170913276,0.0,-8.558075430166786,-0.03025788800017392,1.3628713000000576,0.012761520000076387
2434,40.566667,0,251.08,947.39,3.1887051629927994,0.0,-8.55602047278527,-0.030506949368821278,1.3629539015599363,0.012870908921021
2435,40.583333,0,264.94,949.02,3.189560127245395,0.0,-8.5550692701298,-0.030775390630803676,1.3630318984399545,0.013016960078774948
2436,40.6,0,277.12,949.54,3.194311415364165,0.0,-8.570037951263734,-0.031056202999901954,1.363100799999976,0.013185038999941315
2437,40.616667,0,284.22,949.49,3.204965295536736,-2.220446049250313e-16,-8.584132826150077,-0.030664926552016785,1.3630032994180032,0.0129332192229987
2438,40.633333,0,290.97,949.17,3.2055831640628836,0.0,-8.583990909211472,-0.030692526447983214,1.3629742005819967,0.0129443687770013
2439,40.65,0,297.51,947.1,3.2076405874969565,0.0,-8.556139540814447,-0.03085715300007865,1.362962799999998,0.01304009900005141
2440,40.666667,0,302.33,948.07,3.2119022611758137,0.0,-8.549965070472728,-0.03108242112962924,1.3629568001840053,0.013187343059353556
2441,40.683333,0,308.78,948.09,3.2122747963363847,0.0,-8.549697482688856,-0.031338884870728966,1.3629659998160073,0.013365298440894997
2442,40.7,0,319.12,947.12,3.2110490314108557,2.220446049250313e-16,-8.530793792283898,-0.031616687999806006,1.3629825999999885,0.013562896999862016
2443,40.716667,0,325.77,948.7,3.2101102740093146,-2.220446049250313e-16,-8.524966121909523,-0.03116995872776306,1.3626939985620334,0.013365844132350358
2444,40.733333,0,338.88,951.98,3.2103942031852473,0.0,-8.522143525412899,-0.03120634627221153,1.3626221014380169,0.013472459867575186
2445,40.75,0,351.89,951.51,3.226665375727339,0.0,-8.571184638583373,-0.03139912,1.362636,0.013705334
2446,40.766667,0,359.74,952.01,3.2498798178541777,0.0,-8.648536450822926,-0.03163969302635838,1.3626832010820125,0.013981144427593042
2447,40.783333,0,363.82,950.54,3.25049522410897,0.0,-8.649441846573621,-0.03189099797381701,1.3627372989180253,0.014252510072596352
2448,40.8,0,368.89,950.83,3.242030317755815,0.0,-8.631013147282552,-0.03214419599985843,1.3627863999999452,0.014501552999994439
2449,40.816667,0,374.14,951.05,3.2453024825618675,2.220446049250313e-16,-8.628118903598928,-0.03194146789780269,1.3627080000379985,0.014493590240648717
2450,40.833333,0,379.32,950.77,3.245773304929353,-2.220446049250313e-16,-8.628083176133925,-0.03203635810206474,1.3627098999619989,0.01460562275919476
2451,40.85,0,379.79,949.64,3.2479517991072564,0.0,-8.623866924852573,-0.03223820799992952,1.3627405999999893,0.014777764999939895
2452,40.866667,0,378.55,948.86,3.258727050238313,0.0,-8.625356089524875,-0.03247806921828962,1.3627815010199942,0.014982187178382764
2453,40.883333,0,377.53,948.24,3.258637274020338,0.0,-8.625853137228017,-0.03273897478171038,1.3628324989800058,0.015216098321617235
2454,40.9,0,376.13,948.34,3.293813965579463,0.0,-8.67805452812676,-0.033011750000220885,1.362872500000014,0.015465928000188436
2455,40.916667,0,373.35,949.84,3.314619042692516,0.0,-8.715165137512313,-0.033644373913661145,1.3629128000760022,0.016005616671945017
2456,40.933333,0,372.53,950.44,3.3140581951064716,0.0,-8.714541367437207,-0.033990033086821636,1.362916599924003,0.016289194328451054
2457,40.95,0,374.12,950.88,3.3131189910118333,0.0,-8.700968171295811,-0.03422268499983754,1.3628933000000163,0.016441369999893738
2458,40.966667,0,375.59,948.21,3.2831792611467665,0.0,-8.61495293131096,-0.03439521283205407,1.3628513989380249,0.016514702922398525
2459,40.983333,0,380.96,946.49,3.283831949298685,0.0,-8.61553168070169,-0.03453681316784704,1.3627983010620122,0.016560822077569266
2460,41.0,0,385.13,944.68,3.280396144673711,-2.220446049250313e-16,-8.601990007825624,-0.034667782,1.3627433,0.016612653
2461,41.016667,0,391.72,944.46,3.2638462397367225,0.0,-8.524935989385005,-0.03399724669056156,1.362541197847975,0.015948635574088592
2462,41.033333,0,392.12,939.81,3.2648726722823755,0.0,-8.527310420698122,-0.03383178330932296,1.3624336021519499,0.015727351425756965
2463,41.05,0,397.74,937.26,3.257747648915433,0.0,-8.483755750625928,-0.03383331000004417,1.3623623999999617,0.01565530699998839
2464,41.066667,0,406.29,935.41,3.2593725004315477,0.0,-8.47959504858773,-0.03389657180868631,1.3623074990520385,0.015638685360685304
2465,41.083333,0,416.32,939.19,3.259246055771242,2.220446049250313e-16,-8.476806521925488,-0.03398700619118734,1.3622601009480277,0.015656719639289496
2466,41.1,0,423.17,940.34,3.265650842506813,2.220446049250313e-16,-8.483945584220956,-0.034085187999965724,1.3622134000000161,0.015682633999990953
2467,41.116667,0,432.16,941.97,3.2623958913391835,0.0,-8.448388367903528,-0.033419445987823364,1.3621205982520102,0.015182026890403925
2468,41.133333,0,444.27,940.87,3.263786192666624,0.0,-8.448475271439388,-0.03321884401217664,1.3620332017479897,0.014976554109596075
2469,41.15,0,453.4,933.8,3.2387406759661013,0.0,-8.369354481368116,-0.03315835399999309,1.3619477999999727,0.014854276999968701
2470,41.166667,0,460.73,925.58,3.2352533961756156,2.220446049250313e-16,-8.353567914381147,-0.03313855491139742,1.3618695986039593,0.01476463176398404
2471,41.183333,0,467.54,925.15,3.235825432616826,0.0,-8.353321203102452,-0.03313412508859639,1.3617998013959431,0.014702835235929648
2472,41.2,0,473.1,939.78,3.233748148198784,0.0,-8.34492362619368,-0.033141016999995186,1.361729900000049,0.014671320000022007
2473,41.216667,0,478.56,937.72,3.203651163444657,0.0,-8.275448958690902,-0.032132663108080446,1.3615710975240576,0.014172461039312205
2474,41.233333,0,482.92,936.37,3.204406692228879,0.0,-8.275588133330777,-0.031788072892160193,1.3614473024760287,0.013974429960826089
2475,41.25,0,489.53,937.39,3.191699695755059,0.0,-8.237945858421625,-0.03163915,1.3613327,0.013872463
2476,41.266667,0,495.3,922.07,3.193804362473953,0.0,-8.219508474976454,-0.03154387832264052,1.3612154976579727,0.013807247340032334
2477,41.283333,0,502.04,930.17,3.192447540608265,-2.220446049250313e-16,-8.214095541625845,-0.03146001467730095,1.3610984023419455,0.013774250659944637
2478,41.3,0,515.77,936.08,3.172246453192847,0.0,-8.137726138403572,-0.03137938000007296,1.3609780000000105,0.013774447000086901
2479,41.316667,0,528.64,932.16,3.1684411023416463,-2.220446049250313e-16,-8.117091794202697,-0.03148385969169256,1.360992799116036,0.013898891095374635
2480,41.333333,0,535.33,934.62,3.168430693223184,-2.220446049250313e-16,-8.115228387073477,-0.03146844430832898,1.3609486008840257,0.01400365990447899
2481,41.35,0,542.88,935.44,3.173792119347981,0.0,-8.116857875242403,-0.03140552700002197,1.3609060000000148,0.014117357999960303
2482,41.366667,0,547.94,936.79,3.1772425787464824,2.220446049250313e-16,-8.109096841523371,-0.031315733784672894,1.3608847001159994,0.014230858943288686
2483,41.383333,0,551.73,936.51,3.17777296579969,0.0,-8.109117182891769,-0.0312049712153271,1.3608904998840006,0.014328020056711313
2484,41.4,0,553.93,937.2,3.182978990479972,0.0,-8.11743699796521,-0.03108129700004257,1.3609303000000224,0.014420971000097722
2485,41.416667,0,556.97,937.55,3.188415964364024,0.0,-8.131244307116152,-0.031203217186936347,1.3609948019080556,0.014700854112995114
2486,41.433333,0,558.27,937.42,3.1888291921479675,0.0,-8.131681669702452,-0.031162566813006876,1.3610901980920778,0.014881491387257181
2487,41.45,0,559.04,937.25,3.1943926909389018,2.220446049250313e-16,-8.14459188394837,-0.031075180000061025,1.3611897999999305,0.015035831999892224
2488,41.466667,0,558.16,936.95,3.2046502227477562,0.0,-8.170052123065519,-0.03097924621096165,1.361290001885956,0.015186048097707886
2489,41.483333,0,558.54,937.39,3.2049017440028122,0.0,-8.170208840459667,-0.03088979578910082,1.361384298113978,0.015340930902183953
2490,41.5,0,557.52,937.97,3.217751166588969,0.0,-8.198433319491382,-0.030807555,1.3614676,0.015488271
2491,41.516667,0,557.26,937.23,3.230037856185187,0.0,-8.222550212117913,-0.031024880788009152,1.3617662027400317,0.01545773469992813
2492,41.533333,0,560.55,936.02,3.2309005066235548,0.0,-8.223969860757238,-0.031064279212018344,1.3619031972600637,0.015492729300096294
2493,41.55,0,563.02,937.35,3.222617308905882,0.0,-8.19812709979509,-0.031039297999963546,1.3619741000000303,0.015520599000005521
2494,41.566667,0,566.52,937.08,3.2179400281055592,0.0,-8.183292870178928,-0.03098709553587965,1.36201740049198,0.015528505624135311
2495,41.583333,0,571.08,933.95,3.2191839492004197,0.0,-8.18513920801112,-0.030913889464222633,1.3620419995079855,0.015509712375890944
2496,41.6,0,577.09,932.66,3.2092323340061712,0.0,-8.159916926340776,-0.03081917000003307,1.362055699999995,0.015469180000014153
2497,41.616667,0,582.55,931.82,3.179906294943194,0.0,-8.094720810779561,-0.031099131422897535,1.361831898634008,0.015286233073631215
2498,41.633333,0,589.61,928.93,3.1809906076830834,0.0,-8.095869307339845,-0.031120275577102462,1.361763601365992,0.015189917926368784
2499,41.65,0,599.09,929.88,3.184927195966015,0.0,-8.102738763129286,-0.03106026399997093,1.361754200000005,0.015139402999991345
2500,41.666667,0,605.39,929.22,3.190704647247047,0.0,-8.114954043413938,-0.030977008161006497,1.3617679004600134,0.015114616656590009
2501,41.683333,0,613.81,930.61,3.1913135420724106,0.0,-8.114167221008957,-0.030885064838865085,1.3617908995400188,0.01509744734338601
2502,41.7,0,624.71,929.51,3.1923955356710088,2.220446049250313e-16,-8.119696465287358,-0.030795826000062313,1.3618209999999789,0.015090264000005018
2503,41.716667,0,637.69,930.89,3.186576971616763,0.0,-8.117951696681628,-0.031035818507968174,1.3615865989260252,0.015253262045055671
2504,41.733333,0,646.09,929.36,3.1875204710567737,2.220446049250313e-16,-8.118259263547175,-0.03106121649201409,1.3615329010740125,0.01530551395490784
2505,41.75,0,654.42,928.85,3.1931198985620575,0.0,-8.134065283129749,-0.031006373,1.3615323,0.015333325
2506,41.766667,0,662.95,930.04,3.194586931087505,0.0,-8.133921358201734,-0.030909772813374602,1.3615501005820068,0.01534273318160211
2507,41.783333,0,671.22,931.69,3.1951546598917626,2.220446049250313e-16,-8.13299177235709,-0.030800447186549097,1.3615791994180135,0.015351812818404227
2508,41.8,0,678.27,932.86,3.208820148952536,0.0,-8.17115002813057,-0.030694179999907468,1.3616171999998339,0.015382823000030386
2509,41.816667,0,684.88,932.32,3.2174440770733104,0.0,-8.194248359017413,-0.03056166675423149,1.3613794988100485,0.015426334510819189
2510,41.833333,0,693.26,932.33,3.2181776937935216,0.0,-8.193680676679364,-0.03044937824592539,1.3613200011900348,0.015451875489145126
2511,41.85,0,699.77,931.93,3.220611149256149,0.0,-8.20119684993148,-0.030333437000040483,1.3613064000000046,0.015439114000004457
2512,41.866667,0,707.96,932.4,3.2064840334472655,-2.220446049250313e-16,-8.153699868607449,-0.03021413757313413,1.3612926993460037,0.015375349119623858
2513,41.883333,0,716.65,932.56,3.2072824555258395,0.0,-8.15335041459424,-0.030092798426865873,1.361260000653996,0.015256334380376142
2514,41.9,0,721.69,932.13,3.2015801183042836,0.0,-8.097768447563995,-0.029971540000051127,1.361207699999943,0.015101620999931488
2515,41.916667,0,727.22,931.84,3.1917338911869515,-2.220446049250313e-16,-8.057746117197462,-0.030117959620388955,1.3610443977799354,0.014905393325003081
2516,41.933333,0,731.61,928.97,3.1925072698316215,-2.220446049250313e-16,-8.05875581975999,-0.03009898037958454,1.3609334022199095,0.014721656174740293
2517,41.95,0,735.52,928.27,3.1743752444892603,0.0,-8.00585219534905,-0.030029977000048187,1.3608282000000735,0.014549732000120054
2518,41.966667,0,739.24,925.55,3.160827528908001,0.0,-7.968559089988951,-0.029955502496415005,1.3607215978820493,0.014418246130433524
2519,41.983333,0,740.87,925.74,3.1607594465655002,-2.220446049250313e-16,-7.96789630462535,-0.029880324503637496,1.3606157021180247,0.014324769369631755
2520,42.0,0,741.47,925.12,3.1637120084003274,0.0,-7.968134788514222,-0.029800579,1.36051,0.014246192
2521,42.016667,0,742.08,924.96,3.15236757520069,-2.220446049250313e-16,-7.924089003657377,-0.030370475024075125,1.3603573977239736,0.014107731871315275
2522,42.033333,0,742.14,924.87,3.1519744406980803,2.220446049250313e-16,-7.923578072601201,-0.030521670976030396,1.360243602275947,0.014001303128610447
2523,42.05,0,742.94,924.0,3.1360330656515143,0.0,-7.879683048090498,-0.030538042999986886,1.3601512999999448,0.013894380999918791
2524,42.066667,0,743.74,923.64,3.125448265946401,0.0,-7.856440510533952,-0.030519261630175064,1.3600719986580547,0.013778086789970036
2525,42.083333,0,744.36,923.05,3.125487959638181,0.0,-7.856458959473684,-0.030500770369850768,1.3600049013420392,0.01366758521018435
2526,42.1,0,744.63,923.37,3.118004943267666,0.0,-7.843001260956317,-0.03048885400000416,1.359941100000022,0.013582330000029768
2527,42.116667,0,744.86,922.69,3.1133911645046735,0.0,-7.840670404811935,-0.030162668408709264,1.3600314995560026,0.013722535816955244
2528,42.133333,0,745.64,921.87,3.1136568526057737,0.0,-7.84091271167965,-0.030083106591290733,1.3600093004439975,0.013763382183044756
2529,42.15,0,750.32,920.93,3.106126352189813,0.0,-7.812494061074417,-0.030095525000016533,1.3599475999999753,0.013758472999988017
2530,42.166667,0,752.58,921.73,3.1084081056402644,0.0,-7.810304472091293,-0.030142875258136605,1.3598770988739672,0.013724149008791162
2531,42.183333,0,755.45,923.05,3.1081950740184823,0.0,-7.809288996967611,-0.03020577774195125,1.3598208011259543,0.013674591991139622
2532,42.2,0,759.17,921.57,3.112620435945351,0.0,-7.815396128809144,-0.03028609599994391,1.3597829000000263,0.013612594000043294
2533,42.216667,0,764.44,922.02,3.10993750101751,0.0,-7.812004737780862,-0.03055978745697952,1.3599358011479732,0.01365729336601476
2534,42.233333,0,769.85,917.96,3.111203749602075,0.0,-7.814357959997446,-0.030732633542899773,1.3599931988519864,0.013625594634007377
2535,42.25,0,776.15,912.0,3.1045271668478485,0.0,-7.803626584430176,-0.030869752,1.3600214,0.0135791
2536,42.266667,0,783.48,911.04,3.106862182590463,0.0,-7.811235653296394,-0.030999335655070837,1.3600484005480062,0.013553276855478321
2537,42.283333,0,790.42,907.43,3.108139076428883,2.220446049250313e-16,-7.813125794325193,-0.031132082345021808,1.3600757994520127,0.013546051144516635
2538,42.3,0,795.92,909.49,3.123766993021659,0.0,-7.850595019349873,-0.0312738269998766,1.3600960000000013,0.01356162100018287
2539,42.316667,0,802.23,910.91,3.131961897238224,0.0,-7.868144702494289,-0.031097123836645917,1.3600979999620015,0.013823495915181977
2540,42.333333,0,812.91,911.3,3.132773140841531,0.0,-7.867612599135016,-0.031138956163295636,1.3600961000380012,0.013919255084684237
2541,42.35,0,818.91,911.88,3.138769937111926,-2.220446049250313e-16,-7.88286556875096,-0.031255739999959224,1.3600891000000024,0.01395262399998835
2542,42.366667,0,829.34,908.25,3.1329875509409746,0.0,-7.886525870861393,-0.03140025503542233,1.3600830999180005,0.013953044523722773
2543,42.383333,0,839.5,911.76,3.132987678177803,0.0,-7.884465195566364,-0.03155202096457767,1.3600790000819996,0.013929231476277228
2544,42.4,0,848.66,908.96,3.137492606579858,0.0,-7.912580118387531,-0.031701654000003174,1.3600813999999428,0.013891426999979447
2545,42.416667,0,857.33,908.95,3.1433514439610617,0.0,-7.928624534437024,-0.03171073179465221,1.3599172988059653,0.013832561088573484
2546,42.433333,0,864.73,918.42,3.141782235849551,0.0,-7.923126072988419,-0.03180045820547311,1.3598576011939514,0.013786992911362872
2547,42.45,0,871.4,917.77,3.1451334716871724,0.0,-7.936259676927333,-0.03190948999992386,1.3598200000000262,0.013754001000023039
2548,42.466667,0,877.49,916.8,3.1354861638954223,0.0,-7.935658252142183,-0.032027455438683225,1.3597712987040302,0.013737216665167794
2549,42.483333,0,883.3,917.69,3.1355392878172794,2.220446049250313e-16,-7.934698049498251,-0.032149387561231625,1.359706501296015,0.013720475334843895
2550,42.5,0,888.37,913.49,3.1235610192431995,0.0,-7.909945122413102,-0.03226991,1.3596301,0.013678677
2551,42.516667,0,891.59,913.69,3.1127082512236344,0.0,-7.877354584082028,-0.03190514854588311,1.3596964996259957,0.013889339208652424
2552,42.533333,0,895.85,914.29,3.112986733497416,0.0,-7.8768298173518,-0.03183244645406615,1.3596778003739913,0.013899771291354857
2553,42.55,0,899.54,913.73,3.086745475176878,0.0,-7.804851887470414,-0.03184740000002438,1.3596382999999763,0.013823339999924302
2554,42.566667,0,905.68,912.07,3.072655399689205,-2.220446049250313e-16,-7.7708142129806586,-0.03188231673964987,1.359604399804008,0.013714937443763401
2555,42.583333,0,911.85,913.72,3.0727953974009585,2.220446049250313e-16,-7.76985953489296,-0.03191929926029846,1.3595946001960058,0.013637125556345314
2556,42.6,0,917.5,915.97,3.0685943338619452,0.0,-7.76378235648399,-0.03195342399998809,1.3596214999999907,0.013622887000004972
2557,42.616667,0,922.0,914.78,3.0679626075061117,0.0,-7.769219417619008,-0.03190029966692194,1.359759302241987,0.013626238929094592
2558,42.633333,0,924.91,916.19,3.0682016866484645,0.0,-7.769031253631763,-0.03188364633307806,1.359871397758013,0.013672692070905408
2559,42.65,0,929.51,915.46,3.078210243087478,0.0,-7.773850654597949,-0.03187094299999508,1.3599893000000414,0.013730410500021054
2560,42.666667,0,931.97,915.26,3.0889584535573755,0.0,-7.778312054436963,-0.0318568537009113,1.3601079021560627,0.013790709186614524
2561,42.683333,0,931.21,916.44,3.088914974379225,0.0,-7.778280966657445,-0.03184190029906782,1.3602156978440878,0.01385003581346834
2562,42.7,0,927.02,915.5,3.092233508117675,0.0,-7.762853751991422,-0.031826570000010705,1.360311699999933,0.013894751999968775
2563,42.716667,0,926.03,914.53,3.093080254340228,0.0,-7.724583873889588,-0.03211468131636935,1.3604062014779654,0.01396517234278874
2564,42.733333,0,925.1,914.47,3.0931163238601633,0.0,-7.72498739154176,-0.032180498683584684,1.3604800985219827,0.014032310657164374
2565,42.75,0,926.4,914.71,3.090115835434047,0.0,-7.710153474466101,-0.032178257,1.3605416,0.01411109
2566,42.766667,0,928.74,914.3,3.082707956098579,0.0,-7.703646752467924,-0.0321629229657396,1.360603601388016,0.014215229644580716
2567,42.783333,0,930.72,913.25,3.0832495830947675,2.220446049250313e-16,-7.704394676504943,-0.0321612100342592,1.3606729986120323,0.014347451855511565
2568,42.8,0,932.12,914.57,3.0817233080971054,-2.220446049250313e-16,-7.714804580800231,-0.032189980000425854,1.3607489000001352,0.014501026000067207
2569,42.816667,0,932.85,915.29,3.0963113884607973,0.0,-7.745587012950202,-0.0327998075312554,1.3609426027698872,0.01459726940506202
2570,42.833333,0,932.47,916.59,3.0961063941785625,0.0,-7.74560310811523,-0.03302637046842806,1.3610810972299194,0.014717522594769973
2571,42.85,0,935.01,916.34,3.111406561978494,0.0,-7.7758601502137985,-0.033130239999963736,1.3612048999999566,0.014843131999956143
2572,42.866667,0,940.47,916.73,3.1160935584035983,0.0,-7.781792485569845,-0.033193294933174564,1.3613179021859871,0.014967473771983862
2573,42.883333,0,945.42,917.32,3.1166063062039013,0.0,-7.781867243262655,-0.03323995206682544,1.361427197814013,0.015106068228016137
2574,42.9,0,948.68,918.7,3.1363053455128576,2.220446049250313e-16,-7.827021764934803,-0.0332736300000554,1.3615327000000836,0.015266522999980471
2575,42.916667,0,954.49,919.12,3.139546957748684,0.0,-7.83207797725161,-0.03343230630365793,1.3617723024560713,0.015210591918546724
2576,42.933333,0,960.68,917.85,3.1405722476431004,0.0,-7.8332660976830235,-0.03349748469643311,1.3618950975441,0.015256516081517419
2577,42.95,0,968.93,918.6,3.1374171538947695,0.0,-7.823295376639465,-0.03354485999996692,1.3619786999999417,0.015324940999952219
2578,42.966667,0,975.56,918.75,3.1378297315267902,0.0,-7.821801842198419,-0.03359484396997742,1.3620504013679682,0.015395285709490203
2579,42.983333,0,983.72,917.27,3.1389580727938005,0.0,-7.822698458384505,-0.03364334202998871,1.362118798631984,0.015480758790450107
2580,43.0,0,993.18,917.47,3.1402843902493616,0.0,-7.828603411762443,-0.033683788,1.3621823,0.015592564
2581,43.016667,0,1005.59,917.7,3.144321443880334,-2.220446049250313e-16,-7.860900384605291,-0.033823994495957375,1.3620770992519913,0.01546333557904834
2582,43.033333,0,1018.12,905.69,3.1477677239647024,0.0,-7.866615125442676,-0.03389878850409482,1.3620397007479825,0.01554228392100676
2583,43.05,0,1028.98,921.39,3.141490279545173,0.0,-7.879624067075748,-0.03395261000003419,1.362011799999986,0.015690362000116517
2584,43.066667,0,1039.14,921.67,3.145495077523098,0.0,-7.8921450498620365,-0.03400157097300036,1.361991599682013,0.01585721894675995
2585,43.083333,0,1045.81,917.03,3.1469680592412157,0.0,-7.894202885446911,-0.034050221026931664,1.361975700318009,0.0160045570530342
2586,43.1,0,1048.24,920.71,3.1493290344609055,0.0,-7.891173622897325,-0.034094374999984585,1.3619628000000044,0.01609841399996723
2587,43.116667,0,1053.22,919.36,3.150945884903589,0.0,-7.860655546821838,-0.03377303773581318,1.3617193982360103,0.01590041588569231
2588,43.133333,0,1055.19,921.96,3.1504795622503345,-2.220446049250313e-16,-7.858845439128482,-0.03365983226418682,1.3616312017639896,0.01579470411430769
2589,43.15,0,1060.05,920.09,3.1207449193483883,0.0,-7.785702415771184,-0.03361000499999046,1.361589399999992,0.01571512599998258
2590,43.166667,0,1067.22,916.71,3.1146941218319744,0.0,-7.775869828354484,-0.03358267184131539,1.3615663996999914,0.01566523700588017
2591,43.183333,0,1075.97,917.88,3.1151835861537966,0.0,-7.774991673027382,-0.03357473815867353,1.3615514002999878,0.015665530994120238
2592,43.2,0,1082.81,921.2,3.1178556696616204,0.0,-7.782154652766238,-0.033590465999989015,1.3615355000000111,0.01571729399996385
2593,43.216667,0,1090.91,920.15,3.117967421445023,0.0,-7.764773204921761,-0.03330268846343577,1.3613886983540384,0.015246679281563286
2594,43.233333,0,1094.68,919.37,3.1183397050908472,0.0,-7.764756379498786,-0.033225861536617884,1.361306401646019,0.015110759718531635
2595,43.25,0,1094.82,921.12,3.1260930729919223,0.0,-7.76829598903889,-0.033222303,1.3612579,0.015080059
2596,43.266667,0,1097.33,919.84,3.146258078637317,0.0,-7.794901890421608,-0.03324166762726729,1.361234399994,0.015078573483805618
2597,43.283333,0,1099.57,918.03,3.1467967006367896,0.0,-7.7957603722612845,-0.03327302937275461,1.3612341000059998,0.015102762516211263
2598,43.3,0,1101.91,921.76,3.156657711561191,0.0,-7.824089698902704,-0.03330680699989981,1.3612477000001886,0.015150111000093693
2599,43.316667,0,1102.67,922.0,3.162795820797232,0.0,-7.846051037197764,-0.03316333428852899,1.361517502525897,0.015284281802245838
2600,43.333333,0,1102.21,922.41,3.163001514244747,0.0,-7.846436264569891,-0.033127760711520716,1.3616437974739264,0.015424394197558406
2601,43.35,0,1103.3,922.93,3.167131603527704,0.0,-7.855616001095736,-0.0331174400000036,1.3617118999999762,0.015566581999950355
2602,43.366667,0,1103.08,923.99,3.1852332271421337,0.0,-7.86485943533571,-0.033116907428397506,1.3617642010799937,0.015710506211021307
2603,43.383333,0,1099.42,922.65,3.1853030325630773,0.0,-7.86579567678786,-0.0331383265716025,1.3618181989200064,0.015871051788978692
2604,43.4,0,1092.54,927.92,3.223487088904195,0.0,-7.919649905173394,-0.033191203999993715,1.3618801000000635,0.016035922000046134
2605,43.416667,0,1091.84,924.73,3.2423226850019122,0.0,-7.961404235132829,-0.0331732043853803,1.362062002198064,0.016168050521542455
2606,43.433333,0,1096.64,929.79,3.241837595216731,0.0,-7.959043121855911,-0.03324246861471644,1.3621718978020896,0.016344115478703455
2607,43.45,0,1102.48,925.71,3.2580729047102777,0.0,-8.001485079813861,-0.033334769999935544,1.3622487999999462,0.016523930999874432
2608,43.466667,0,1108.86,923.05,3.27178790562419,0.0,-8.046880589335663,-0.03341436095849768,1.3623002007559823,0.016679496072671746
2609,43.483333,0,1114.75,924.57,3.272021212712323,0.0,-8.046033693557991,-0.03346228504146885,1.3623379992439912,0.01678312792725588
2610,43.5,0,1121.48,927.15,3.27554198140951,2.220446049250313e-16,-8.056871636449397,-0.03347594,1.3623646,0.01682332
2611,43.516667,0,1126.35,928.52,3.254328997783357,-2.220446049250313e-16,-8.002922581210726,-0.03320129374385379,1.3623638993219922,0.016474467444067085
2612,43.533333,0,1130.66,930.66,3.2542722750135895,0.0,-8.00169097053814,-0.03308849225606748,1.3623300006779842,0.016246682555773943
2613,43.55,0,1135.93,925.86,3.228871580102342,0.0,-7.933064658969248,-0.033045449999998026,1.3622705999999483,0.01606164299989242
2614,43.566667,0,1141.24,926.27,3.221759506297057,0.0,-7.910265982415826,-0.03304263261593491,1.362196398060079,0.015907584618357028
2615,43.583333,0,1147.69,914.13,3.2246904276995783,0.0,-7.91613359293254,-0.033073429384022066,1.3620994019400565,0.015788502381809347
2616,43.6,0,1156.0,916.38,3.2183007313339687,-2.220446049250313e-16,-7.897710810722074,-0.03312965499998037,1.3619914000000377,0.015711040000027043
2617,43.616667,0,1162.05,913.2,3.215929625667117,2.220446049250313e-16,-7.891694608065322,-0.03299975419161889,1.3620115988540067,0.0156768444500632
2618,43.633333,0,1167.75,914.85,3.215931292629717,0.0,-7.890392979652228,-0.03300933480838111,1.3619543011459934,0.015649348549936798
2619,43.65,0,1175.7,915.36,3.2253902196089066,0.0,-7.9154975539919255,-0.03305625000001354,1.3618812999999736,0.015620728999977934
2620,43.666667,0,1182.56,910.94,3.221240698977254,-2.220446049250313e-16,-7.9053330596263915,-0.03309502532736953,1.3618057985519578,0.01555753286861799
2621,43.683333,0,1191.26,912.2,3.2215476790594417,0.0,-7.904159705915213,-0.03311139267265334,1.3617334014479412,0.015450971131233174
2622,43.7,0,1198.56,905.29,3.215647514149547,0.0,-7.891312029637147,-0.03310168500000678,1.3616652000000475,0.015307484000100199
2623,43.716667,0,1204.09,913.64,3.194670501771821,2.220446049250313e-16,-7.844033138314126,-0.03300357479496805,1.3618821004699893,0.015560550159059577
2624,43.733333,0,1208.67,911.38,3.1956677237009647,0.0,-7.845292048146671,-0.032943324205074016,1.3619055995299947,0.015518503840969785
2625,43.75,0,1213.42,914.82,3.189481500767932,2.220446049250313e-16,-7.830783290535052,-0.03290386,1.3618537,0.015382934
2626,43.766667,0,1217.61,916.21,3.167433906224607,0.0,-7.776899836517288,-0.032884217947099385,1.3617667981539787,0.015211733376437912
2627,43.783333,0,1221.4,913.16,3.168185941544957,0.0,-7.778038345304856,-0.032881573052898766,1.3616745018459568,0.015030564623435645
2628,43.8,0,1223.68,913.31,3.1576188775895813,0.0,-7.759670452950787,-0.03289056000000304,1.3615990999999954,0.014867527000349587
2629,43.816667,0,1229.52,915.08,3.173894368702375,2.220446049250313e-16,-7.797038217481427,-0.03289491278684868,1.3615922994960206,0.015368138906641585
2630,43.833333,0,1233.12,919.47,3.173237223086371,2.220446049250313e-16,-7.794401266021858,-0.03288425521316621,1.3615671005040146,0.015513471093155366
2631,43.85,0,1234.52,921.93,3.1893970637944964,-2.220446049250313e-16,-7.8277278479448205,-0.03283493200001722,1.3615307000000128,0.01553375099999292
2632,43.866667,0,1235.52,923.2,3.196659453871336,0.0,-7.82058621158169,-0.03273876743661493,1.3614732985580085,0.015478533201990467
2633,43.883333,0,1234.65,923.03,3.19657675086655,0.0,-7.820368766930338,-0.03261060256338507,1.3614012014419916,0.015388635798009533
2634,43.9,0,1231.43,917.63,3.215983677414533,2.220446049250313e-16,-7.827492547256301,-0.032462349999956966,1.361312399999997,0.015281640000118082
2635,43.916667,0,1230.65,915.35,3.2146804226488075,0.0,-7.8057081813339675,-0.032339101022633376,1.3613037985979592,0.015619824079342308
2636,43.933333,0,1225.8,918.27,3.213616382806311,0.0,-7.803892147649677,-0.032190242977158716,1.3612337014019429,0.015623790920663232
2637,43.95,0,1223.69,913.21,3.2046333352940053,0.0,-7.767668032521201,-0.03203770000010652,1.3611456000000615,0.015500823000085871
2638,43.966667,0,1222.19,913.98,3.1957944142518375,0.0,-7.720531345426037,-0.0318870592382243,1.3610566983900374,0.015328476689157077
2639,43.983333,0,1221.59,915.21,3.1954317563104526,0.0,-7.719627378155967,-0.03174897276187214,1.3609762016100189,0.015162937310958526
2640,44.0,0,1222.12,913.0,3.2004219312090267,0.0,-7.724768487933248,-0.031628866,1.3609124,0.0150238685
2641,44.016667,0,1224.11,910.55,3.2106819616321762,0.0,-7.727445930651398,-0.03171659277699741,1.3611298013980162,0.015377321286894946
2642,44.033333,0,1225.27,909.65,3.2111499011180005,0.0,-7.7282121933461525,-0.03170544322299481,1.3611996986020325,0.01544166271314996
2643,44.05,0,1227.33,908.49,3.2321188808924974,2.220446049250313e-16,-7.732619733260796,-0.03166000999996415,1.3612294000000174,0.015398676999951193
2644,44.066667,0,1227.32,907.89,3.2391649863870366,0.0,-7.728421356530561,-0.031608661921663936,1.3612542005059796,0.015328785701412903
2645,44.083333,0,1229.28,908.64,3.239289758986347,0.0,-7.728204676577226,-0.0315547450784114,1.3612794994939852,0.015263856298677811
2646,44.1,0,1231.43,908.71,3.245783646679229,0.0,-7.725178071644383,-0.031500650000018886,1.361313999999988,0.015210757000018539
2647,44.116667,0,1233.58,907.99,3.2633525122752443,0.0,-7.740842190979611,-0.03165974064359625,1.36140730170199,0.015659766252606885
2648,44.133333,0,1236.81,906.68,3.264088966563178,2.220446049250313e-16,-7.741814234950265,-0.031691919356403746,1.3614923982980098,0.015772392747393116
2649,44.15,0,1242.08,904.73,3.2693488887464124,0.0,-7.740598347365642,-0.031689863999999145,1.3615752000000272,0.01576639299998585
2650,44.166667,0,1247.6,905.38,3.277657019872464,0.0,-7.752645646622319,-0.031687424189985526,1.3616529014560423,0.01572587206575282
2651,44.183333,0,1251.78,907.27,3.277778277672534,2.220446049250313e-16,-7.752042393725254,-0.03169692281002774,1.3617256985440593,0.015679162934181944
2652,44.2,0,1257.22,907.58,3.282320124709316,0.0,-7.753207610723281,-0.031721069999983136,1.3617853999999583,0.01562712300003634
2653,44.216667,0,1265.57,908.03,3.2799553280678393,-2.220446049250313e-16,-7.732247132269726,-0.031908002222748255,1.361590299440013,0.01590152901509637
2654,44.233333,0,1269.99,909.51,3.2798386772848227,0.0,-7.731179488847207,-0.032019137777174134,1.3615623005600064,0.01595228298486819
2655,44.25,0,1274.61,912.38,3.281344011944607,0.0,-7.726930652154468,-0.032110527,1.3615888,0.01592501
2656,44.266667,0,1277.61,914.13,3.272415225371361,0.0,-7.703221319802952,-0.0322036021182246,1.361635700960011,0.01587198366618451
2657,44.283333,0,1280.86,916.95,3.2720991445590495,2.220446049250313e-16,-7.702053466124028,-0.03230950788184931,1.3616836990400223,0.01580529633376895
2658,44.3,0,1284.19,917.68,3.256484282909655,0.0,-7.674688816445763,-0.032432202000134115,1.3617274999999034,0.015734943000032593
2659,44.316667,0,1287.61,923.49,3.2469877273007106,0.0,-7.65335323856693,-0.03262426309759381,1.3615891993340272,0.01578161196732207
2660,44.333333,0,1290.58,925.27,3.2466288145666775,0.0,-7.65225628114104,-0.032779142902189806,1.3615559006660194,0.01572997803275007
2661,44.35,0,1293.89,925.62,3.238981906864921,0.0,-7.6348064087637475,-0.03293707599994486,1.361542100000005,0.015661826000023797
2662,44.366667,0,1296.49,925.15,3.2288294863813274,0.0,-7.609519707781575,-0.033102203525499474,1.3615196992720044,0.015594035897586418
2663,44.383333,0,1300.14,925.67,3.2287668421132136,0.0,-7.609028387615715,-0.033278472474500526,1.3614833007279956,0.015538917102413582
2664,44.4,0,1304.26,926.24,3.2114773924562936,0.0,-7.57364157080122,-0.03346663700007916,1.361437699999932,0.015491256500086259
2665,44.416667,0,1307.02,925.56,3.199273843863093,-2.220446049250313e-16,-7.550294611792152,-0.0336933439629953,1.3612433980159422,0.01573830373632142
2666,44.433333,0,1311.22,926.97,3.198902608538126,-2.220446049250313e-16,-7.548920727855674,-0.033891480037281436,1.3611442019839193,0.015775117263729998
2667,44.45,0,1313.23,927.13,3.184531374565765,0.0,-7.52173790441405,-0.03407781599986988,1.3610821000000433,0.015726153000034195
2668,44.466667,0,1315.43,927.11,3.150269672813441,0.0,-7.447153513541226,-0.03425794859309635,1.361038599524011,0.015635745079584706
2669,44.483333,0,1319.05,926.41,3.150475493684785,0.0,-7.447368634588067,-0.034437600406778186,1.3610148004760054,0.015539725920482347
2670,44.5,0,1321.41,927.85,3.137284425947177,0.0,-7.41538317776594,-0.034618475,1.3610001,0.015450444
2671,44.516667,0,1323.89,927.43,3.1157249639463944,2.220446049250313e-16,-7.370782589399704,-0.03481445091324545,1.3608091986839848,0.015592489465565407
2672,44.533333,0,1325.1,926.45,3.115669221348926,0.0,-7.370831274873724,-0.0350101030868911,1.3607434013159694,0.015615766534450837
2673,44.55,0,1326.39,926.05,3.1089516705724813,0.0,-7.3499902314494605,-0.03521217800014509,1.3607190999999894,0.015598469999975257
2674,44.566667,0,1327.68,925.81,3.1051709078722998,0.0,-7.3371833195278935,-0.03541995445925833,1.3607037997280111,0.015563038302328424
2675,44.583333,0,1328.98,925.8,3.105024810006609,0.0,-7.337119619942173,-0.03564291754043016,1.360690200272008,0.015528154697720314
2676,44.6,0,1330.78,925.84,3.096355823440152,0.0,-7.319305157654592,-0.03588094599991689,1.3606751000000052,0.015504170000008373
2677,44.616667,0,1332.8,925.93,3.076454813514884,0.0,-7.288727843680477,-0.036075785852537574,1.3606392999240005,0.01565974710931354
2678,44.633333,0,1335.98,925.96,3.0765055526481477,0.0,-7.288565103869778,-0.03626840614746243,1.3606355000759998,0.01571521089068646
2679,44.65,0,1336.98,925.42,3.061668816262352,0.0,-7.278509850302423,-0.03645910300006669,1.3606504000000106,0.015723358999991145
2680,44.666667,0,1338.11,924.81,3.0580214410766344,0.0,-7.2781056097444425,-0.03665010684081175,1.3606812009040263,0.01569799830501978
2681,44.683333,0,1338.47,924.73,3.05797656099911,-2.220446049250313e-16,-7.278410605721052,-0.03684213415945647,1.3607263990960368,0.015663251694931688
2682,44.7,0,1339.04,925.12,3.058977128750698,0.0,-7.281450539942541,-0.03702173799987458,1.3607882999999568,0.015625365000026457
2683,44.716667,0,1339.96,926.26,3.078396997992066,0.0,-7.306159575962938,-0.03716646202195293,1.3608572016959606,0.015603483247974228
2684,44.733333,0,1338.9,924.5,3.07874414807481,0.0,-7.307434865238637,-0.03726755797797647,1.3609419983039803,0.015615881752017113
2685,44.75,0,1337.16,926.37,3.089154147301468,-2.220446049250313e-16,-7.318698539472325,-0.037360672,1.3610394,0.015656939
2686,44.766667,0,1337.02,926.42,3.1168419326566124,2.220446049250313e-16,-7.366917606225968,-0.03746022907656412,1.3611476023660274,0.015746590566869813
2687,44.783333,0,1335.42,927.5,3.116668486689754,-2.220446049250313e-16,-7.366965681567292,-0.03756405192350834,1.361265897634055,0.015874927433219756
2688,44.8,0,1334.77,929.16,3.1539707982617924,0.0,-7.435257252332776,-0.037665970000152836,1.361386500000019,0.01602130400012694
2689,44.816667,0,1333.06,930.81,3.172116565758012,0.0,-7.45902100805682,-0.03788483633188574,1.3614135013879436,0.01620308370602976
2690,44.833333,0,1333.05,929.87,3.172403557695786,0.0,-7.459715739323961,-0.03795143066802122,1.3614828986119596,0.016338385293781208
2691,44.85,0,1333.81,929.45,3.185940546568077,0.0,-7.468023534710951,-0.03795077000000023,1.3615424999999792,0.016429792999968086
2692,44.866667,0,1334.38,929.66,3.1988347045991157,0.0,-7.4595518853204394,-0.037917695109965184,1.3615876007799954,0.016496019390551907
2693,44.883333,0,1334.39,931.55,3.1985858132272784,2.220446049250313e-16,-7.4587928864339785,-0.037873194890034816,1.3616265992200045,0.016565544609448094
2694,44.9,0,1335.78,930.01,3.213260368200283,2.220446049250313e-16,-7.477203931679726,-0.037831339999814965,1.361669999999954,0.016657547999949025
2695,44.916667,0,1339.08,934.2,3.218522580983611,2.220446049250313e-16,-7.478652920412145,-0.03730139514161865,1.3615384995019855,0.016511552193005614
2696,44.933333,0,1342.15,938.97,3.217979817031777,-2.220446049250313e-16,-7.476146234292884,-0.03705849285804209,1.3615136004979798,0.016521201807007863
2697,44.95,0,1344.48,944.14,3.207539819380012,0.0,-7.449276451754326,-0.036902912000108645,1.3615299999999884,0.016577563999960642
2698,44.966667,0,1347.87,947.36,3.202483194486939,2.220446049250313e-16,-7.430507268334439,-0.03676365434660177,1.361572001373968,0.016635613501125055
2699,44.983333,0,1350.68,958.72,3.200696377308901,0.0,-7.425355748810066,-0.03663098665349088,1.361640698625984,0.016710668498822533
2700,45.0,0,1354.66,962.94,3.210063560134322,2.220446049250313e-16,-7.4421473624327925,-0.03650043,1.3617245,0.016805934
2701,45.016667,0,1361.01,972.37,3.2055542620295334,-2.220446049250313e-16,-7.4315427448128535,-0.03636544712336659,1.3617061007360085,0.016607814857498345
2702,45.033333,0,1364.99,978.76,3.204812386764973,0.0,-7.428628773373307,-0.036221622876533036,1.3617428992640173,0.016600690142496682
2703,45.05,0,1368.5,980.66,3.198452991505996,0.0,-7.425169811545595,-0.03607734299990418,1.361796300000039,0.01666784500007028
2704,45.066667,0,1371.72,984.02,3.195205946837294,0.0,-7.421402207557547,-0.03594012748604242,1.36185240122595,0.01676848936208377
2705,45.083333,0,1373.96,987.63,3.1949294488075455,-2.220446049250313e-16,-7.419859626213036,-0.0358144295141332,1.3619136987739642,0.016886593637751225
2706,45.1,0,1374.85,987.76,3.1914934020049412,0.0,-7.410263753938007,-0.03569140300004295,1.3619816999999763,0.016999987999960407
2707,45.116667,0,1374.62,989.71,3.19012490257669,0.0,-7.412931677295599,-0.035713888775607126,1.362113502033988,0.017004696943548687
2708,45.133333,0,1374.51,994.16,3.189515522748519,0.0,-7.4112901580779855,-0.03565267122439287,1.362215197966012,0.017101871056451314
2709,45.15,0,1373.46,993.9,3.1957888128781278,0.0,-7.432608278561916,-0.035570162999969936,1.3623135000000355,0.01723479300004702
2710,45.166667,0,1373.22,994.35,3.1922999641281318,-2.220446049250313e-16,-7.430153335954458,-0.035484051212408,1.3624150019860577,0.017369452526093496
2711,45.183333,0,1373.86,995.73,3.1923974256342067,0.0,-7.429900983315232,-0.03539467778746718,1.362514298014081,0.017495748474082903
2712,45.2,0,1374.21,995.79,3.1894339925043385,0.0,-7.431191153900075,-0.03530125700006524,1.3626048999999367,0.017616636999915582
2713,45.216667,0,1375.32,994.09,3.1800924932750725,2.220446049250313e-16,-7.424883648096535,-0.03557662099877675,1.362766301339969,0.01749157545618938
2714,45.233333,0,1376.15,993.98,3.1802919750907845,-2.220446049250313e-16,-7.425260109755778,-0.03562655900118838,1.3628332986599843,0.01751438454379469
2715,45.25,0,1379.46,994.81,3.178692331141754,0.0,-7.4285957676290595,-0.035610035,1.3628618,0.017590988
2716,45.266667,0,1381.46,994.87,3.171442440032222,-2.220446049250313e-16,-7.433767836891074,-0.03557965946759382,1.362871299655996,0.01768395191834228
2717,45.283333,0,1385.61,994.0,3.171949362209189,-2.220446049250313e-16,-7.433896002957472,-0.03555304053238761,1.362854100343992,0.017779864081724658
2718,45.3,0,1389.37,993.63,3.151365066608275,0.0,-7.404623287190052,-0.035533633000318726,1.362810499999797,0.017870351999568004
2719,45.316667,0,1394.95,991.0,3.141784139296025,0.0,-7.390877247087578,-0.03599005544217977,1.3625198969021262,0.017251730565119937
2720,45.333333,0,1398.83,990.71,3.141629014746564,0.0,-7.3902550112457845,-0.03616216455757978,1.3623650030980903,0.017079986435120015
2721,45.35,0,1404.56,987.41,3.1338926624316787,0.0,-7.382487874103375,-0.036245549999970886,1.3622661000000347,0.017055882000008415
2722,45.366667,0,1409.5,992.02,3.116700349204344,2.220446049250313e-16,-7.376425149439658,-0.03630583819085307,1.362192298822007,0.017078810767135535
2723,45.383333,0,1421.55,990.97,3.117702876399932,0.0,-7.376283111560537,-0.036365378809146934,1.362133401177993,0.017117166232864463
2724,45.4,0,1426.07,991.48,3.096376769385595,0.0,-7.363909977237544,-0.03642558000008878,1.362086199999918,0.017163210000006587
2725,45.416667,0,1435.23,989.96,3.0958454258458037,0.0,-7.373125571220062,-0.03667985564509695,1.3618512982539492,0.017182068334738832
2726,45.433333,0,1441.93,990.59,3.0959396155218735,0.0,-7.3721394837342675,-0.03681210135508775,1.361764001745929,0.017248800665354374
2727,45.45,0,1448.9,992.08,3.1001921120993887,0.0,-7.384890283901861,-0.036900679999938145,1.3617245000000275,0.0173408779999357
2728,45.466667,0,1454.05,994.01,3.1101300748784197,0.0,-7.391140432874253,-0.036967115148033275,1.3616914991900189,0.01743921813627027
2729,45.483333,0,1459.18,992.2,3.1107586279981696,0.0,-7.3915455240689685,-0.03702451585192664,1.3616510008100093,0.01754602986365514
2730,45.5,0,1463.11,992.43,3.114847616355021,0.0,-7.392467843212845,-0.037089266,1.3616055,0.017682426
2731,45.516667,0,1468.58,993.2,3.129281008980243,0.0,-7.42416089290841,-0.03715875125185454,1.3616744001220016,0.017967942424151385
2732,45.533333,0,1470.68,994.64,3.1291206319671256,-2.220446049250313e-16,-7.4232459665470225,-0.03722134074818914,1.361680499878003,0.018189138576002992
2733,45.55,0,1476.77,994.21,3.133043172899098,0.0,-7.452359111997922,-0.037268095000010965,1.3616728999999868,0.01837637500009982
2734,45.566667,0,1480.64,992.0,3.1336405672740306,0.0,-7.464476688033319,-0.03728379673857065,1.3616536994940205,0.018519320246668473
2735,45.583333,0,1484.86,995.8,3.1331859005421703,0.0,-7.462316858909707,-0.03727072526144761,1.3616284005060149,0.018631653753174583
2736,45.6,0,1489.86,998.64,3.1337942198938915,0.0,-7.469392488948085,-0.03722817500001486,1.361596700000011,0.01870743199997354
2737,45.616667,0,1494.08,1000.39,3.11873578209864,0.0,-7.431128125607068,-0.03710191130344988,1.3617327000659996,0.01874822616863902
2738,45.633333,0,1497.5,1005.05,3.118187813321254,0.0,-7.428856451906219,-0.03701708669655012,1.3617359999340004,0.01875665783136098
2739,45.65,0,1500.5,1014.61,3.120187495738622,0.0,-7.4170857534975125,-0.0369581729999866,1.3616986999999827,0.0187802430000163
2740,45.666667,0,1501.64,1020.25,3.121768010334597,2.220446049250313e-16,-7.413809765275822,-0.03691979440648273,1.3616492990119713,0.0188269362476763
2741,45.683333,0,1505.07,1025.42,3.1209431753343764,0.0,-7.410965445653183,-0.03689012059347582,1.3615999009879598,0.018889315752410825
2742,45.7,0,1508.6,1032.56,3.11802536248385,0.0,-7.400244589113188,-0.0368551720000244,1.3615568000000302,0.01895706499995269
2743,45.716667,0,1511.64,1037.88,3.1157072477260086,0.0,-7.397255991190643,-0.036520786659877756,1.361640499956001,0.018962529447649576
2744,45.733333,0,1514.18,1043.47,3.1149764441005883,0.0,-7.394542611220644,-0.03635378334023887,1.3616383000440007,0.01898491155233479
2745,45.75,0,1516.77,1048.56,3.1068985863919334,0.0,-7.375698217712442,-0.036218468,1.3616,0.0189901
2746,45.766667,0,1518.32,1050.52,3.096028454527501,0.0,-7.342334398919501,-0.03608265715390695,1.361555999067989,0.018984851922259096
2747,45.783333,0,1520.01,1050.69,3.0961692023789107,-2.220446049250313e-16,-7.341970260929864,-0.035940359845993745,1.3615094009319784,0.01898096507773819
2748,45.8,0,1521.68,1057.33,3.101425426182096,0.0,-7.338211845823151,-0.03579491399971545,1.3614646000000747,0.01899032700017551
2749,45.816667,0,1524.2,1059.82,3.107019204507478,0.0,-7.340429082608217,-0.03538743572497416,1.3615719001979918,0.019241658326345966
2750,45.833333,0,1526.78,1060.79,3.1072780681411016,0.0,-7.339910056026035,-0.035173684275324475,1.3615817998019941,0.019307975673561382
2751,45.85,0,1530.23,1062.43,3.1010746764044206,0.0,-7.318886848312873,-0.035019893000053696,1.3615582000000082,0.01930758200000014
2752,45.866667,0,1533.24,1065.18,3.0931792726660423,0.0,-7.302957336375047,-0.03488326951817445,1.3615295995700023,0.019296790255798512
2753,45.883333,0,1530.96,1067.5,3.092618831996253,0.0,-7.301817372696688,-0.03475918248182555,1.3615081004299976,0.01930957974420149
2754,45.9,0,1529.78,1069.55,3.0919995565199994,0.0,-7.300478126153992,-0.03464675299998266,1.3614923000000398,0.019346682000061177
2755,45.916667,0,1527.5,1070.5,3.091268523577109,0.0,-7.29344693824003,-0.03459709354315762,1.3616062008480248,0.019521895230315795
2756,45.933333,0,1527.16,1069.82,3.091542432526611,0.0,-7.2939316008340676,-0.03452425645674065,1.3616485991520346,0.01958340676977012
2757,45.95,0,1525.1,1070.58,3.1017099000641775,0.0,-7.3090848725941475,-0.034440305000058624,1.3616746999999818,0.019622621999972615
2758,45.966667,0,1525.32,1070.88,3.1251029358701485,0.0,-7.339341178804158,-0.03435602850137489,1.361712101071975,0.01965187327749354
2759,45.983333,0,1524.59,1070.91,3.125236511494416,0.0,-7.339619771339402,-0.03428109849867744,1.3617656989279876,0.01966574772249677
2760,46.0,0,1524.22,1071.24,3.132539029856429,0.0,-7.349445968217574,-0.03421257,1.3618346,0.019666834
2761,46.016667,0,1525.96,1071.49,3.1434867856546607,0.0,-7.377329249671246,-0.03442935117867369,1.3622315039380457,0.019458791489722457
2762,46.033333,0,1527.44,1071.91,3.1439252274499263,0.0,-7.378242738769866,-0.03448828182136744,1.3624283960620918,0.01938328151022484
2763,46.05,0,1527.11,1072.88,3.1654797031566613,0.0,-7.438110804438583,-0.03449684400000195,1.3625628000000787,0.01935361999998513
2764,46.066667,0,1527.89,1073.58,3.1652748367466637,0.0,-7.442709093073965,-0.03449963829114814,1.3626753018899231,0.019332326021599858
2765,46.083333,0,1531.05,1073.4,3.1657798709164013,0.0,-7.443285329594644,-0.03451419570883152,1.362769798109945,0.019283405978468487
2766,46.1,0,1531.55,1073.3,3.165923778814239,2.220446049250313e-16,-7.441113028977257,-0.03454538399998911,1.3628503999999717,0.019200169000029063
2767,46.116667,0,1532.62,1073.62,3.1844157021114707,0.0,-7.450656530487603,-0.03469921229154666,1.3628141005499967,0.019562874638056286
2768,46.133333,0,1533.3,1074.08,3.184328873958016,0.0,-7.45053986345327,-0.03481378570845334,1.3628415994500034,0.019594776361943716
2769,46.15,0,1535.24,1074.09,3.1878808302615202,2.220446049250313e-16,-7.443459268360647,-0.03494174000005675,1.362886200000016,0.019526404999970378
2770,46.166667,0,1538.09,1074.85,3.186241527467962,0.0,-7.4472748271113565,-0.03510428600467651,1.3629317008420245,0.019441569649020697
2771,46.183333,0,1541.28,1076.22,3.1861266793010574,0.0,-7.446844861334555,-0.035304505995603135,1.3629737991580344,0.019374025350884966
2772,46.2,0,1545.9,1077.54,3.1898615941471373,0.0,-7.46758170378441,-0.03553435999983949,1.3630142999999717,0.019326646000033084
2773,46.216667,0,1549.27,1076.79,3.1973294569328803,0.0,-7.5028818669874076,-0.03570184098696718,1.362985400255994,0.019682688517084684
2774,46.233333,0,1553.36,1078.67,3.197116911058058,0.0,-7.501873920693446,-0.035901186012893604,1.362998199743997,0.019758541482862345
2775,46.25,0,1556.13,1078.5,3.2017500525706017,0.0,-7.5155329937824,-0.03610517,1.3630188,0.019730529
2776,46.266667,0,1559.23,1078.26,3.204920228632078,2.220446049250313e-16,-7.522168845439845,-0.036318060658934115,1.3630316001980023,0.01964245862635243
2777,46.283333,0,1562.54,1078.05,3.2050322601373433,0.0,-7.522367237591118,-0.03655099534122846,1.3630414998020046,0.019523782373564745
2778,46.3,0,1565.64,1082.17,3.186563382620274,0.0,-7.499460211843833,-0.03679783300004682,1.3630465999998826,0.01939252399999823
2779,46.316667,0,1569.72,1090.36,3.178926800640271,0.0,-7.500425032409606,-0.036864876813424645,1.3628783988820456,0.019389981872985913
2780,46.333333,0,1576.17,1096.47,3.17789632650243,0.0,-7.497077631731225,-0.03705554818630896,1.3628225011180326,0.019333631127092816
2781,46.35,0,1583.66,1110.09,3.168935880674521,-2.220446049250313e-16,-7.497192575338836,-0.03730425999991316,1.3628107000000043,0.019280633000018504
2782,46.366667,0,1592.84,1123.32,3.1766314140040532,0.0,-7.543303349276599,-0.037591946388642807,1.362816900331998,0.019245851482403015
2783,46.383333,0,1602.25,1134.16,3.174917966188793,0.0,-7.537921783301277,-0.03791136761135719,1.362833499668002,0.019219972517596984
2784,46.4,0,1612.51,1141.72,3.1988474073438766,-2.220446049250313e-16,-7.584521636469558,-0.03825358300007678,1.3628503999999773,0.019171327000041483
2785,46.416667,0,1619.07,1149.6,3.199720360786952,0.0,-7.575558969437358,-0.038473486103977585,1.3627852994639844,0.019290141240237896
2786,46.433333,0,1623.85,1157.84,3.1980451037512996,-2.220446049250313e-16,-7.571287673210218,-0.038778663896448656,1.3627585005359781,0.01925215575970905
2787,46.45,0,1629.81,1160.67,3.1985410497471514,0.0,-7.568357974342331,-0.03912210499976017,1.3627406000000124,0.019177444000052172
2788,46.466667,0,1633.98,1164.56,3.2071949293919184,0.0,-7.595654642656099,-0.039477246974177635,1.3627246996060092,0.019092466839290303
2789,46.483333,0,1635.73,1172.5,3.2052924009361012,0.0,-7.591692350970985,-0.03982595002557884,1.3627050003940047,0.018984433160785144
2790,46.5,0,1636.55,1176.82,3.201068480470027,0.0,-7.589120773244134,-0.040163405,1.3626771,0.018843917
2791,46.516667,0,1636.36,1184.03,3.177074993767249,0.0,-7.549598258296703,-0.04023750414154811,1.3626800991699903,0.018776146151146908
2792,46.533333,0,1636.18,1188.43,3.17585144806927,0.0,-7.547368838815247,-0.040444570858596415,1.3626386008299807,0.01863371084875368
2793,46.55,0,1635.28,1192.41,3.16534410264867,0.0,-7.5075601010647794,-0.0407010540001947,1.3625785999999485,0.018483694999908387
2794,46.566667,0,1633.35,1194.59,3.167667070539123,2.220446049250313e-16,-7.498043692111947,-0.04097986783092245,1.3625047984120646,0.018352502775270636
2795,46.583333,0,1631.5,1196.25,3.1666959949266253,-2.220446049250313e-16,-7.4969601602938685,-0.04127141416867022,1.3624254015880461,0.018241266224884777
2796,46.6,0,1630.57,1197.15,3.1693553897663143,0.0,-7.4888412984781905,-0.04157566999989377,1.3623413000000293,0.01815302000003081
2797,46.616667,0,1628.55,1197.63,3.1711438441865725,0.0,-7.4710055528023585,-0.04132868530266659,1.3622090985160087,0.018474259516191173
2798,46.633333,0,1628.76,1196.95,3.1710094576452024,2.220446049250313e-16,-7.470842649535,-0.04144381469733341,1.3621349014839914,0.018550066483808827
2799,46.65,0,1629.52,1196.56,3.162091467375571,0.0,-7.43872091989576,-0.04167894300009486,1.3620879999999902,0.01854283699998467
2800,46.666667,0,1633.23,1195.83,3.1605541704553595,0.0,-7.429716003777864,-0.04195060566688487,1.3620599995559872,0.018498933913148382
2801,46.683333,0,1638.08,1195.26,3.160736804876162,0.0,-7.429809297522277,-0.04223393033351085,1.362037800443982,0.018444595086775727
2802,46.7,0,1646.01,1195.25,3.16181532872222,0.0,-7.425940895817709,-0.042528849999794054,1.3620074000000213,0.01839410100003526
2803,46.716667,0,1653.9,1194.45,3.1676143002341313,0.0,-7.427471396902143,-0.041770438987703565,1.3619372989420246,0.018387086898882354
2804,46.733333,0,1663.45,1194.55,3.168312804749756,2.220446049250313e-16,-7.426920484760358,-0.041719825012331783,1.3618844010580125,0.018382031101121177
2805,46.75,0,1672.19,1194.69,3.174558596769223,2.220446049250313e-16,-7.433842508199268,-0.04191704,1.361836,0.018389573
2806,46.766667,0,1683.05,1195.31,3.18426294941261,0.0,-7.448660788231067,-0.0422173371379429,1.3617971995799951,0.01840882437458435
2807,46.783333,0,1693.37,1196.09,3.184556601356969,0.0,-7.447916860715755,-0.04257421586230617,1.3617762004199903,0.01842755262542872
2808,46.8,0,1704.86,1197.11,3.2168937005611737,0.0,-7.515674608883664,-0.042964603999434386,1.3617791999999362,0.018448254000313784
2809,46.816667,0,1717.77,1198.41,3.22904724475204,0.0,-7.5393729196156265,-0.04215463510211658,1.361687800099996,0.01889759786552326
2810,46.833333,0,1732.04,1199.91,3.229991382004466,0.0,-7.538187872188251,-0.04210974089794614,1.361692799899997,0.019040874134276565
2811,46.85,0,1742.65,1200.67,3.236139353406931,0.0,-7.557076784547449,-0.04231118799992966,1.3617304999999869,0.019102293999978554
2812,46.866667,0,1746.85,1201.96,3.261235902560393,-2.220446049250313e-16,-7.642521927139959,-0.042600094614501496,1.3617803011359932,0.01917953623688698
2813,46.883333,0,1756.08,1204.85,3.2612116026607887,0.0,-7.64106183440675,-0.0429308083854985,1.3618370988640067,0.019291376763113023
2814,46.9,0,1757.65,1204.86,3.2737536893178447,-2.220446049250313e-16,-7.669923825916563,-0.043276305999561074,1.3618885999999335,0.01939039900022308
2815,46.916667,0,1757.69,1205.72,3.288800197511895,0.0,-7.6842929008055805,-0.042019217266362284,1.3616986991479751,0.02002931299804541
2816,46.933333,0,1756.15,1206.41,3.2886507714587307,2.220446049250313e-16,-7.683488993041451,-0.04178255173330717,1.3616561008519654,0.020279198002303604
2817,46.95,0,1755.04,1214.91,3.3084759368183145,0.0,-7.710429799612533,-0.04187180999993767,1.3616593999999977,0.02040182399991437
2818,46.966667,0,1755.01,1227.46,3.335134241259326,0.0,-7.758157172582887,-0.042055074230041525,1.3616720003159926,0.0204815213703481
2819,46.983333,0,1755.07,1246.63,3.330716313824787,-2.220446049250313e-16,-7.748287567791553,-0.04226657276981077,1.3616877996839962,0.020550037629604053
2820,47.0,0,1755.2,1264.15,3.3368672586138954,0.0,-7.762770765349719,-0.04248517,1.3616968,0.020606317
2821,47.016667,0,1755.86,1274.8,3.3379895863652487,0.0,-7.77188764105818,-0.041341377043270816,1.3617356999719998,0.02086550912396467
2822,47.033333,0,1757.6,1291.48,3.3347283428974714,0.0,-7.763097491050121,-0.04104355595652133,1.3617343000279993,0.020971701876109444
2823,47.05,0,1759.07,1304.73,3.342188130274636,2.220446049250313e-16,-7.784428029757786,-0.04100582400002199,1.3617140999999806,0.021021828000018894
2824,47.066667,0,1759.67,1314.36,3.3465899438023783,0.0,-7.786140663666925,-0.04103731083502598,1.3616862993480265,0.021048887077296848
2825,47.083333,0,1760.65,1328.61,3.343373164326064,0.0,-7.778523636726171,-0.041079062164915685,1.3616537006520189,0.02105275192269775
2826,47.1,0,1762.04,1335.52,3.3397396381583286,0.0,-7.760424445975085,-0.041122652999984785,1.3616190000000121,0.021047475000001842
2827,47.116667,0,1763.34,1334.98,3.337354785499967,0.0,-7.747678418169088,-0.04129930133547222,1.360991495696025,0.02158397825445523
2828,47.133333,0,1764.71,1339.28,3.335919682046179,0.0,-7.7439900052608275,-0.04136607266452778,1.360776304303975,0.021796693745544767
2829,47.15,0,1766.4,1343.09,3.3652606598117143,-2.220446049250313e-16,-7.8135966163252055,-0.04139784000000684,1.360708399999994,0.021933570000042705
2830,47.166667,0,1767.93,1354.8,3.37851818691826,0.0,-7.845928719969045,-0.04141743527370797,1.3606914000820025,0.02205587817094316
2831,47.183333,0,1769.68,1365.65,3.3762047577381518,0.0,-7.840073809735633,-0.04143111972631115,1.3606954999180034,0.022164417829208437
2832,47.2,0,1772.28,1369.76,3.384188389569539,0.0,-7.854970029920458,-0.04143237699999912,1.3607102999999896,0.022237269999949127
2833,47.216667,0,1774.05,1373.77,3.397780994304242,0.0,-7.864172016839282,-0.04088196559158262,1.3609080012759702,0.02263680384241383
2834,47.233333,0,1776.12,1374.92,3.3980824410818564,0.0,-7.863741282678852,-0.0406615484085713,1.360971798723985,0.022778922157486923
2835,47.25,0,1778.53,1375.75,3.4087490296820175,0.0,-7.880672503389208,-0.04053638,1.360993,0.022857387
2836,47.266667,0,1781.58,1376.48,3.4296233606693547,0.0,-7.932868412358904,-0.040436493044417286,1.3609942998099978,0.022919319076052498
2837,47.283333,0,1784.82,1377.75,3.429690106688662,0.0,-7.93199780650264,-0.040338718955514476,1.3609848001899956,0.02297311892398505
2838,47.3,0,1789.21,1379.03,3.4338458163135925,0.0,-7.960572917886483,-0.040229589999473785,1.3609666000001057,0.02301195600005208
2839,47.316667,0,1793.09,1377.76,3.434915377121844,0.0,-7.965402951049365,-0.039476036847151404,1.3611178005839761,0.023086533033458638
2840,47.333333,0,1798.76,1377.0,3.4360331332113563,0.0,-7.965852587962667,-0.039118394153348265,1.361146999415983,0.023088205966539026
2841,47.35,0,1801.9,1377.04,3.4371140056564995,0.0,-7.966969048966401,-0.038873420000085535,1.361141000000002,0.023047302000014282
2842,47.366667,0,1807.03,1377.23,3.4366295319525983,0.0,-7.952352929232374,-0.03865903999168333,1.3611279995140027,0.022978391711407503
2843,47.383333,0,1811.95,1377.75,3.4370855319946796,2.220446049250313e-16,-7.951876052000352,-0.03845863100831667,1.3611037004859972,0.022913964288592496
2844,47.4,0,1816.13,1379.29,3.444083155929089,0.0,-7.9400216860456885,-0.03826409600015991,1.3610645999999385,0.022857707000135858
2845,47.416667,0,1822.06,1380.12,3.445942428406825,0.0,-7.9357805193604065,-0.038722098938727315,1.3608886978639378,0.02324680802601894
2846,47.433333,0,1826.01,1378.12,3.4464438327249427,0.0,-7.936044087565171,-0.03876903206133824,1.360781902135913,0.023348101974122536
2847,47.45,0,1831.05,1377.95,3.4469843464484318,0.0,-7.935563641987715,-0.038697700000049816,1.3606986000000583,0.023358159999992977
2848,47.466667,0,1836.55,1376.78,3.4481686784525407,0.0,-7.939211137574159,-0.03858434114478647,1.360634099266017,0.02332530378614826
2849,47.483333,0,1839.76,1375.75,3.4487458931794985,0.0,-7.939539121652626,-0.038441582855313225,1.3605974007340087,0.023264612213894125
2850,47.5,0,1842.63,1377.5,3.4598673175161503,0.0,-7.959044693628401,-0.03827722,1.3605806,0.02318674
2851,47.516667,0,1844.61,1379.02,3.5151848985284193,0.0,-8.071119628095884,-0.03897415782021276,1.3604465992959918,0.02353619922835427
2852,47.533333,0,1847.0,1379.63,3.515020208718196,0.0,-8.070449210299254,-0.03911516117988565,1.3604114007039836,0.023597613771688595
2853,47.55,0,1849.38,1380.75,3.548526460443117,0.0,-8.132569498245463,-0.03908033699993234,1.3604008999999946,0.02356434199994994
2854,47.566667,0,1850.22,1383.63,3.560968122809317,0.0,-8.156591935839867,-0.038983443602977653,1.3603933997660096,0.023492657356166968
2855,47.583333,0,1853.01,1385.37,3.5608794378347155,0.0,-8.155541134344293,-0.0388635923971898,1.3603817002340068,0.023410465643947862
2856,47.6,0,1853.72,1386.3,3.5967785859785435,0.0,-8.237064766629329,-0.03874125300004272,1.360379000000001,0.023358533000018132
2857,47.616667,0,1855.44,1386.41,3.618701338034068,0.0,-8.281235415498026,-0.039180130997594195,1.3604767003079983,0.023626394804101142
2858,47.633333,0,1858.99,1386.16,3.6190872684654276,0.0,-8.281397282703605,-0.03923000900240581,1.3604920996920018,0.02361660019589886
2859,47.65,0,1861.8,1386.38,3.627112454186443,0.0,-8.30681359507958,-0.039144389999956085,1.3604692999999803,0.02350640299994294
2860,47.666667,0,1865.09,1386.95,3.6214820034782957,0.0,-8.29363936751276,-0.03901860227352068,1.3604129984439548,0.023342983894820563
2861,47.683333,0,1866.91,1388.0,3.6213079670454857,-2.220446049250313e-16,-8.292703201068749,-0.03888228772628893,1.3603352015559367,0.02313773910489277
2862,47.7,0,1869.98,1386.2,3.6183097306505863,0.0,-8.28556777635416,-0.03873695000010149,1.360239300000067,0.022902347000164375
2863,47.716667,0,1870.82,1387.42,3.5965086515636098,0.0,-8.245786243058165,-0.03887042683306716,1.360089197558057,0.02325379633797869
2864,47.733333,0,1872.59,1385.49,3.5968955000164207,0.0,-8.246210170331764,-0.03881208116697358,1.3599671024420283,0.02317069666207934
2865,47.75,0,1875.34,1382.56,3.5783452239647144,0.0,-8.207412742924262,-0.038681824,1.3598708,0.022966135
2866,47.766667,0,1875.28,1382.71,3.5701878526346627,0.0,-8.186972800467155,-0.038529921869003635,1.3598044989959883,0.02275469491227252
2867,47.783333,0,1874.82,1384.04,3.569835500837793,0.0,-8.186119544253934,-0.03837338013088711,1.3597543010039768,0.02255031908758484
2868,47.8,0,1875.92,1382.73,3.581952448176193,0.0,-8.20380355433802,-0.038218223000088626,1.3597192000000446,0.02237084500044536
2869,47.816667,0,1876.5,1384.27,3.5965039886789723,0.0,-8.229310164167106,-0.03834513175063015,1.359783200365985,0.023008607541775708
2870,47.833333,0,1877.84,1385.44,3.596393584217792,0.0,-8.228532473056044,-0.038332663249387264,1.3598014996339896,0.023185696457976874
2871,47.85,0,1873.86,1387.62,3.613748576775611,2.220446049250313e-16,-8.267561338610363,-0.038273080000020804,1.3598148999999953,0.023255884999975496
2872,47.866667,0,1874.31,1389.29,3.6728094966945783,2.220446049250313e-16,-8.401641692648003,-0.038191391122690925,1.3598218999500002,0.02329497444297742
2873,47.883333,0,1872.95,1390.89,3.672344331526355,0.0,-8.400666065574448,-0.03809752887730907,1.3598194000499997,0.023317122557022577
2874,47.9,0,1872.76,1396.46,3.7304571638355815,0.0,-8.525305628304421,-0.0379971750001152,1.359806800000044,0.023333360000240833
2875,47.916667,0,1872.77,1398.66,3.7645742407912466,0.0,-8.595129784749917,-0.03832711747579384,1.3599328005980174,0.02402311040060803
2876,47.933333,0,1872.69,1400.11,3.764225091098967,0.0,-8.594182516304267,-0.03835090552423938,1.3599626994020244,0.024243125599699267
2877,47.95,0,1872.65,1382.9,3.7977873814553678,-2.220446049250313e-16,-8.65764959112419,-0.03824804400007183,1.3599449000000123,0.024267928999982685
2878,47.966667,0,1872.33,1388.54,3.773936552736656,0.0,-8.593123328907494,-0.03808872007041148,1.3598939985640333,0.024197927491658396
