PosX,PosY,PosZ,QuatX,QuatY,QuatZ,QuatW,EulerZ,EulerY,EulerX,TimeSeconds,FOV,LensZoom

-0.031220576,1.3896041,0.034797914,-0.010023162,0.0351969,0.012519939,0.9992517,1.4778298,4.019165,358.79874,0.0,1.1413158,1495.5668

-0.031295642,1.3896266,0.034785625,-0.009642105,0.03452244,0.012616325,0.9992778,1.4865078,3.942293,358.84314,0.016666666662786156,1.1413158,1495.5668

-0.031324,1.3895773,0.03508963,-0.009511426,0.034160417,0.0127398,0.99928993,1.4997146,3.9008436,358.85825,0.03333333332557231,1.1413158,1495.5668

-0.03138402,1.3895797,0.035157517,-0.009298514,0.034124304,0.01278756,0.99929255,1.5043207,3.8969696,358.88254,0.04999999998835847,1.1413158,1495.5668

-0.03145486,1.3896002,0.035176154,-0.008842758,0.034239136,0.012846517,0.99929196,1.5094439,3.9107563,358.93445,0.06666666668024845,1.1413158,1495.5668

-0.03151625,1.3896166,0.035169464,-0.008599037,0.034436814,0.012792152,0.999288,1.5024738,3.9338431,358.9623,0.08333333334303461,1.1413158,1495.5668

-0.03157181,1.3896126,0.035109963,-0.008787298,0.03466462,0.0127134975,0.99927956,1.4944519,3.9597604,358.94067,0.10000000000582077,1.1413158,1495.5668

-0.03163107,1.3894094,0.035497025,-0.009019359,0.034839947,0.012670471,0.9992719,1.4906423,3.9795606,358.91394,0.11666666666860692,1.1413158,1495.5668

-0.03169456,1.3893307,0.035537623,-0.008930546,0.03490421,0.012609224,0.9992712,1.4833326,3.9871264,358.92426,0.13333333333139308,1.1413158,1495.5668

-0.031754155,1.3892751,0.03547379,-0.008551218,0.034837402,0.012574808,0.9992773,1.47779,3.9800653,358.96805,0.14999999999417923,1.1413158,1495.5668

-0.031803407,1.3892038,0.03535003,-0.0083455425,0.03472984,0.012570261,0.99928284,1.4763279,3.9680424,358.99185,0.1666666666569654,1.1413158,1495.5668

-0.031831667,1.3891141,0.035210222,-0.008210151,0.034710374,0.012547159,0.9992849,1.4731159,3.966033,359.0075,0.18333333331975155,1.1413158,1495.5668

-0.0318471,1.3890197,0.035027478,-0.00829721,0.034620985,0.012561023,0.9992871,1.4749545,3.9556432,358.99762,0.20000000001164153,1.1413158,1495.5668

-0.031708717,1.3888805,0.03512611,-0.008516438,0.034607917,0.012584557,0.99928546,1.4785104,3.953797,358.97238,0.2166666666744277,1.1413158,1495.5668

-0.03164942,1.3887913,0.034990873,-0.008718494,0.034659762,0.012561487,0.9992822,1.4767222,3.9594662,358.9492,0.23333333333721384,1.1413158,1495.5668

-0.03162039,1.3887333,0.034772795,-0.008981298,0.03475984,0.0124854045,0.99927735,1.4691492,3.9706335,358.91916,0.25,1.1413158,1495.5668

-0.03161405,1.3887005,0.034516614,-0.009184875,0.034921963,0.012351651,0.9992715,1.4548,3.9890683,358.89606,0.26666666666278616,1.1413158,1495.5668

-0.031616867,1.3886913,0.034253713,-0.009211569,0.035153266,0.0122020235,0.99926496,1.4380089,4.0157137,358.89325,0.2833333333255723,1.1413158,1495.5668

-0.03161543,1.3887012,0.033987936,-0.009342284,0.035431575,0.012132404,0.99925476,1.4308835,4.0475106,358.8781,0.29999999998835847,1.1413158,1495.5668

-0.031582877,1.3886578,0.034054037,-0.0095578525,0.035591304,0.012198099,0.99924624,1.4395002,4.0654397,358.85284,0.31666666668024845,1.1413158,1495.5668

-0.031539693,1.3886542,0.03396263,-0.009597819,0.035648122,0.012246451,0.99924326,1.4452859,4.0718403,358.848,0.3333333333430346,1.1413158,1495.5668

-0.031484224,1.388673,0.03383218,-0.009630054,0.035566963,0.012230335,0.99924606,1.4434645,4.0625076,358.84445,0.35000000000582077,1.1413158,1495.5668

-0.03143151,1.3887119,0.0336919,-0.009647728,0.035415895,0.012175002,0.9992519,1.436993,4.0452266,358.8429,0.3666666666686069,1.1413158,1495.5668

-0.031395942,1.3887684,0.033574123,-0.0093860775,0.03526236,0.012104619,0.9992607,1.4276627,4.02808,358.87344,0.3833333333313931,1.1413158,1495.5668

-0.0313861,1.3888365,0.033486955,-0.009105292,0.035217363,0.012012225,0.99926597,1.4158679,4.0234227,358.90613,0.39999999999417923,1.1413158,1495.5668

-0.031297468,1.3890724,0.033812396,-0.008895027,0.035264082,0.011884044,0.9992678,1.4003587,4.0292144,358.9307,0.4166666666569654,1.1413158,1495.5668

-0.03130019,1.3892063,0.033879343,-0.008821315,0.035355676,0.011838859,0.99926573,1.39498,4.039866,358.93924,0.43333333331975155,1.1413158,1495.5668

-0.031332288,1.3893068,0.03386531,-0.00864563,0.035389885,0.01185451,0.99926585,1.3961048,4.044018,358.9593,0.45000000001164153,1.1413158,1495.5668

-0.031363294,1.3893963,0.033812363,-0.008368736,0.03535417,0.011917279,0.9992688,1.4021494,4.040246,358.99088,0.4666666666744277,1.1413158,1495.5668

-0.031388044,1.3894776,0.03370639,-0.008188281,0.035269015,0.012022712,0.999272,1.4134305,4.030632,359.01126,0.48333333333721384,1.1413158,1495.5668

-0.031403705,1.3895564,0.0335797,-0.007984806,0.035288397,0.012154702,0.9992714,1.4277829,4.033015,359.03406,0.5,1.1413158,1495.5668

-0.03154227,1.389373,0.033912547,-0.007851178,0.035507686,0.012389345,0.9992618,1.4544142,4.058123,359.04813,0.5166666666627862,1.1413158,1495.5668

-0.031589907,1.3893507,0.033931322,-0.008080046,0.035760272,0.012564232,0.99924874,1.4756987,4.0865774,359.02075,0.5333333333255723,1.1413158,1495.5668

-0.03161332,1.3893721,0.033872493,-0.0083706835,0.035999097,0.012727636,0.99923575,1.4959184,4.113364,358.98633,0.5499999999883585,1.1413158,1495.5668

-0.03163909,1.3894135,0.033815738,-0.008395796,0.036066625,0.012816147,0.99923193,1.5062609,4.1209784,358.983,0.5666666666802485,1.1413158,1495.5668

-0.03167169,1.3894547,0.03376911,-0.008048588,0.035860647,0.012820265,0.9992421,1.5050756,4.097882,359.02316,0.5833333333430346,1.1413158,1495.5668

-0.031702667,1.3894885,0.03372226,-0.007569126,0.035576176,0.012778934,0.99925655,1.4980676,4.0660267,359.07883,0.6000000000058208,1.1413158,1495.5668

-0.03178779,1.3891248,0.033925496,-0.0071470593,0.035471056,0.012639167,0.9992652,1.4801974,4.0547285,359.12802,0.6166666666686069,1.1413158,1495.5668

-0.03180263,1.3890216,0.033951312,-0.0070247645,0.035426006,0.012522633,0.9992692,1.4662774,4.049845,359.14258,0.6333333333313931,1.1413158,1495.5668

-0.031783395,1.3889978,0.033918433,-0.0071682534,0.035472583,0.012389925,0.9992682,1.4516687,4.0550904,359.12656,0.6499999999941792,1.1413158,1495.5668

-0.03175195,1.388994,0.033883967,-0.007364416,0.03566045,0.012298058,0.99926114,1.4421064,4.076427,359.10416,0.6666666666569654,1.1413158,1495.5668

-0.031719666,1.3889941,0.03386153,-0.0074643544,0.035908896,0.012257045,0.999252,1.4380577,4.1048055,359.09247,0.6833333333197515,1.1413158,1495.5668

-0.031686828,1.3889905,0.033856627,-0.0072460817,0.03599886,0.012239992,0.9992506,1.4352906,4.1154485,359.11746,0.7000000000116415,1.1413158,1495.5668

-0.031783007,1.3886617,0.033929292,-0.006930074,0.035748065,0.012193137,0.9992624,1.4283688,4.0871873,359.15433,0.7166666666744277,1.1413158,1495.5668

-0.031779204,1.388545,0.033926632,-0.0068190293,0.035360884,0.0121692605,0.9992773,1.4248099,4.042976,359.16776,0.7333333333372138,1.1413158,1495.5668

-0.0317466,1.3884958,0.0338829,-0.0066274926,0.034825083,0.012170513,0.9992973,1.4236889,3.9818177,359.19052,0.75,1.1413158,1495.5668

-0.031715468,1.3884697,0.03383628,-0.00632069,0.034330986,0.012207843,0.999316,1.4263182,3.9255786,359.22632,0.7666666666627862,1.1413158,1495.5668

-0.03168316,1.3884653,0.033786356,-0.006164362,0.034144256,0.01222234,0.9993232,1.4272076,3.904383,359.24448,0.7833333333255723,1.1413158,1495.5668

-0.031646237,1.3884778,0.03371529,-0.006133597,0.03410137,0.01220896,0.999325,1.4255148,3.8995202,359.2481,0.7999999999883585,1.1413158,1495.5668

-0.03179974,1.3881747,0.033889778,-0.0061178263,0.034000028,0.012129796,0.9993295,1.4162792,3.8879836,359.2504,0.8166666666802485,1.1413158,1495.5668

-0.031807736,1.3880682,0.033889562,-0.0062932945,0.034027908,0.012060834,0.9993283,1.4090705,3.8909843,359.2305,0.8333333333430346,1.1413158,1495.5668

-0.031776503,1.3880169,0.03380754,-0.0066265264,0.034039475,0.012037237,0.99932605,1.4076712,3.8918593,359.1923,0.8500000000058208,1.1413158,1495.5668

-0.031730995,1.3879946,0.03367643,-0.006782631,0.033902373,0.012002282,0.99933004,1.4041406,3.87595,359.17474,0.8666666666686069,1.1413158,1495.5668

-0.031682685,1.3879846,0.033508837,-0.006850758,0.033761904,0.011942791,0.9993351,1.3974456,3.8597996,359.16736,0.8833333333313931,1.1413158,1495.5668

-0.031646643,1.3879809,0.03332372,-0.006919984,0.033682965,0.011893371,0.99933785,1.3919662,3.8506947,359.1597,0.8999999999941792,1.1413158,1495.5668

-0.03186217,1.387949,0.033321496,-0.00694767,0.03374313,0.011932433,0.9993351,1.3966136,3.8575206,359.15628,0.9166666666569654,1.1413158,1495.5668

-0.03194113,1.3879329,0.033211283,-0.007059238,0.033887938,0.011895094,0.9993299,1.3928967,3.8739984,359.14343,0.9333333333197515,1.1413158,1495.5668

-0.031978086,1.3879149,0.03304599,-0.007303572,0.03405333,0.011844315,0.9993231,1.388178,3.892664,359.11533,0.9500000000116415,1.1413158,1495.5668

-0.03200465,1.3878875,0.032853287,-0.0075815246,0.03418145,0.011836442,0.9993168,1.3884884,3.9069734,359.08325,0.9666666666744277,1.1413158,1495.5668

-0.032029852,1.3878487,0.032656133,-0.007748952,0.034252685,0.011910063,0.9993122,1.3976687,3.9148386,359.06366,0.9833333333372138,1.1413158,1495.5668

-0.032062173,1.3877836,0.03246637,-0.007853449,0.034275007,0.01208491,0.9993085,1.4181738,3.9170854,359.05093,1.0,1.1413158,1495.5668

-0.03246389,1.3875811,0.031832937,-0.008117055,0.034145884,0.012196749,0.9993094,1.4319079,3.901798,359.02042,1.0166666666627862,1.1413158,1495.5668

-0.032650232,1.3874513,0.031525966,-0.008340033,0.033971135,0.0124111455,0.999311,1.4571975,3.8812294,358.9943,1.0333333333255723,1.1413158,1495.5668

-0.03277946,1.3873382,0.03133124,-0.008593885,0.03381245,0.012637124,0.9993114,1.4839445,3.8624327,358.9645,1.0499999999883585,1.1413158,1495.5668

-0.032892175,1.3872269,0.031164289,-0.008878262,0.033634987,0.012836152,0.99931234,1.5076834,3.841453,358.93137,1.0666666666802485,1.1413158,1495.5668

-0.03298983,1.387129,0.031029642,-0.00886842,0.03350433,0.012966433,0.9993151,1.5224471,3.8263502,358.93222,1.0833333333430346,1.1413158,1495.5668

-0.033072025,1.3870435,0.030919053,-0.00895508,0.03357888,0.013047532,0.9993108,1.5321769,3.834678,358.9218,1.1000000000058208,1.1413158,1495.5668

-0.033387307,1.3868909,0.031284835,-0.00915206,0.03375913,0.013065035,0.9993027,1.5351605,3.8550198,358.89886,1.116666666668607,1.1413158,1495.5668

-0.03354618,1.3868253,0.031402986,-0.009353673,0.03396606,0.013045486,0.99929404,1.5339499,3.8784547,358.87546,1.133333333331393,1.1413158,1495.5668

-0.033655185,1.3868041,0.03146978,-0.009386423,0.03421857,0.0129545955,0.9992863,1.5239553,3.9074547,358.87167,1.1499999999941792,1.1413158,1495.5668

-0.033733442,1.3868036,0.03154572,-0.009176789,0.034446485,0.012849729,0.9992818,1.5113721,3.934019,358.89575,1.1666666666569654,1.1413158,1495.5668

-0.03377722,1.3868188,0.031647187,-0.008980642,0.03467379,0.012727871,0.99927723,1.4968802,3.9605074,358.91843,1.1833333333197515,1.1413158,1495.5668

-0.033791654,1.386832,0.031741027,-0.0090954965,0.03492221,0.01262026,0.99926895,1.4852805,3.988933,358.90527,1.2000000000116415,1.1413158,1495.5668

-0.03379609,1.3868605,0.032071695,-0.009235375,0.035037562,0.0125582535,0.9992644,1.4788612,4.002019,358.88925,1.2166666666744277,1.1413158,1495.5668

-0.033786394,1.3868814,0.03222731,-0.009256792,0.034893956,0.012530334,0.9992696,1.4755666,3.9855547,358.88715,1.2333333333372138,1.1413158,1495.5668

-0.03377975,1.386904,0.032294884,-0.00923807,0.034600757,0.012531927,0.9992799,1.4753182,3.9519663,358.88974,1.25,1.1413158,1495.5668

-0.03378232,1.3869387,0.032327138,-0.009113369,0.034297485,0.012544232,0.99929136,1.4758731,3.9173684,358.90448,1.2666666666627862,1.1413158,1495.5668

-0.033787046,1.3869971,0.032386344,-0.008836951,0.034161083,0.012464146,0.9992995,1.4654353,3.902224,358.93674,1.2833333333255723,1.1413158,1495.5668

-0.033796877,1.3870672,0.032469857,-0.008800692,0.034224357,0.012331492,0.99929935,1.4501389,3.909672,358.94135,1.2999999999883585,1.1413158,1495.5668

-0.033870354,1.3869771,0.03241577,-0.008828864,0.034408927,0.0121464515,0.999295,1.4292219,3.9309874,358.93854,1.3166666666802485,1.1413158,1495.5668

-0.033907894,1.3870124,0.032532483,-0.008775022,0.034585707,0.012025192,0.9992909,1.4152938,3.9514596,358.94495,1.3333333333430346,1.1413158,1495.5668

-0.033928227,1.3870854,0.03271362,-0.008592089,0.034682397,0.011979569,0.99928963,1.4094418,3.9628506,358.96597,1.3500000000058208,1.1413158,1495.5668

-0.033937376,1.3871704,0.032916863,-0.00851071,0.034701876,0.011975602,0.99928975,1.408685,3.9652033,358.97528,1.366666666668607,1.1413158,1495.5668

-0.03394803,1.3872643,0.03311561,-0.008601853,0.03461921,0.011989855,0.9992916,1.4105897,3.955582,358.96487,1.383333333331393,1.1413158,1495.5668

-0.033971902,1.3873707,0.033319056,-0.008614396,0.03452513,0.012032927,0.9992942,1.4154769,3.9447339,358.96344,1.3999999999941792,1.1413158,1495.5668

-0.034165412,1.3873061,0.03323206,-0.008357131,0.034565303,0.012086292,0.9992944,1.4206308,3.94965,358.9927,1.4166666666569654,1.1413158,1495.5668

-0.034254614,1.3873613,0.033386435,-0.008160732,0.034691475,0.012093441,0.9992916,1.4208113,3.9643874,359.015,1.4333333333197515,1.1413158,1495.5668

-0.034306757,1.3874559,0.033634495,-0.00799471,0.03483953,0.0120597305,0.9992882,1.4164397,3.9816298,359.03397,1.4500000000116415,1.1413158,1495.5668

-0.03434031,1.3875588,0.033913378,-0.007881798,0.034932163,0.012003833,0.9992865,1.4096695,3.9924634,359.04703,1.4666666666744277,1.1413158,1495.5668

-0.034357175,1.3876646,0.03419153,-0.007868037,0.034959763,0.011922116,0.99928665,1.400262,3.9957252,359.0489,1.4833333333372138,1.1413158,1495.5668

-0.034356862,1.3877716,0.0344739,-0.0076927845,0.0349182,0.011806777,0.9992908,1.386276,3.991313,359.06955,1.5,1.1413158,1495.5668

-0.034375846,1.3876147,0.034360755,-0.0074476404,0.03492245,0.011687537,0.9992939,1.3716104,3.9922478,359.09814,1.5166666666627862,1.1413158,1495.5668

-0.03435854,1.3875984,0.03448509,-0.007382171,0.034944717,0.011608725,0.9992946,1.3623228,3.994961,359.10596,1.5333333333255723,1.1413158,1495.5668

-0.034334607,1.387615,0.034673344,-0.007368603,0.03491506,0.011594428,0.9992959,1.3605975,3.9915922,359.1076,1.5499999999883585,1.1413158,1495.5668

-0.0343111,1.3876289,0.034866255,-0.007390869,0.034846667,0.01162781,0.99929774,1.3644512,3.9836907,359.105,1.5666666666802485,1.1413158,1495.5668

-0.03429462,1.38763,0.035022825,-0.007606397,0.034742203,0.011705883,0.9992988,1.3741682,3.9713478,359.08014,1.5833333333430346,1.1413158,1495.5668

-0.034289945,1.3876305,0.03515054,-0.007985568,0.03465972,0.011808676,0.9992975,1.3873901,3.9612708,359.03632,1.6000000000058208,1.1413158,1495.5668

-0.03452486,1.3873858,0.035448592,-0.008358213,0.03461833,0.011977655,0.9992939,1.4082222,3.9558372,358.99292,1.616666666668607,1.1413158,1495.5668

-0.034609392,1.3873128,0.035609137,-0.008529077,0.034511257,0.012136219,0.9992942,1.4269819,3.9431584,358.97284,1.633333333331393,1.1413158,1495.5668

-0.03463635,1.3872998,0.035747614,-0.0086258985,0.034413893,0.01227,0.9992951,1.4426113,3.9317186,358.96133,1.6499999999941792,1.1413158,1495.5668

-0.034638345,1.3873031,0.03590804,-0.008734243,0.034413625,0.012365279,0.999293,1.4539754,3.9314313,358.94852,1.6666666666569654,1.1413158,1495.5668

-0.03462211,1.387317,0.03611258,-0.008822303,0.034512464,0.012422317,0.99928814,1.4609854,3.942574,358.93805,1.6833333333197515,1.1413158,1495.5668

-0.034588657,1.3873391,0.036353834,-0.008919646,0.0345587,0.012458918,0.9992852,1.4656261,3.9476926,358.92667,1.7000000000116415,1.1413158,1495.5668

-0.034957774,1.3871251,0.03682471,-0.008968706,0.034563217,0.012478292,0.9992844,1.4680496,3.948118,358.92093,1.7166666666744277,1.1413158,1495.5668

-0.03503552,1.38707,0.037143476,-0.008950586,0.03452277,0.012522748,0.99928534,1.4730338,3.9434597,358.92288,1.7333333333372138,1.1413158,1495.5668

-0.035023853,1.3870728,0.037388343,-0.008980438,0.034402777,0.0126093915,0.99928814,1.4829562,3.9295654,358.9193,1.75,1.1413158,1495.5668

-0.0349844,1.3871096,0.03757648,-0.009116981,0.034194004,0.012716987,0.99929273,1.4955943,3.9053102,358.90356,1.7666666666627862,1.1413158,1495.5668

-0.034934916,1.3871722,0.03773825,-0.009210652,0.033931274,0.012800644,0.9992997,1.5052458,3.874957,358.89288,1.7833333333255723,1.1413158,1495.5668

-0.03488554,1.3872544,0.03789848,-0.009233627,0.033682473,0.012845557,0.9993074,1.5101882,3.8463507,358.89047,1.7999999999883585,1.1413158,1495.5668

-0.035362795,1.3874232,0.03826284,-0.009472591,0.033495396,0.012952,0.9993101,1.523095,3.824422,358.8629,1.8166666666802485,1.1413158,1495.5668

-0.0354989,1.3875382,0.03844109,-0.0095802555,0.033340316,0.013029378,0.9993132,1.532195,3.8063903,358.85052,1.8333333333430346,1.1413158,1495.5668

-0.035519138,1.387631,0.038575396,-0.009492817,0.033194434,0.013082018,0.99931824,1.5377221,3.7897408,358.8606,1.8500000000058208,1.1413158,1495.5668

-0.035492122,1.3877144,0.03869532,-0.009459954,0.03303863,0.013138686,0.99932295,1.5439087,3.771866,358.86444,1.866666666668607,1.1413158,1495.5668

-0.035439923,1.3877761,0.038825717,-0.009527406,0.03298651,0.013216461,0.999323,1.5530257,3.7656977,358.85648,1.883333333331393,1.1413158,1495.5668

-0.03536974,1.387819,0.038976267,-0.009708594,0.033109352,0.013287637,0.9993163,1.5620351,3.7794156,358.8352,1.8999999999941792,1.1413158,1495.5668

-0.03538621,1.387784,0.038336378,-0.010123175,0.033303335,0.013301663,0.9993055,1.5654706,3.800988,358.78723,1.9166666666569654,1.1413158,1495.5668

-0.035342887,1.3877777,0.038178343,-0.010362457,0.033409707,0.013284039,0.99929976,1.5645019,3.812829,358.75967,1.9333333333197515,1.1413158,1495.5668

-0.035289068,1.3877891,0.038180277,-0.010451641,0.033436686,0.013251,0.99929833,1.5610869,3.815823,358.7495,1.9500000000116415,1.1413158,1495.5668

-0.035229746,1.3878148,0.038231254,-0.010543332,0.033327203,0.013180716,0.99930197,1.55322,3.803218,358.73944,1.9666666666744277,1.1413158,1495.5668

-0.03515973,1.3878514,0.038323496,-0.010621117,0.033154458,0.013066314,0.9993084,1.5401474,3.7834399,358.73123,1.9833333333372138,1.1413158,1495.5668

-0.035080787,1.3878902,0.038459327,-0.010604009,0.032973476,0.012966484,0.99931586,1.5283757,3.7628453,358.73386,2.0,1.1413158,1495.5668

-0.03485841,1.3880582,0.03821022,-0.010694697,0.032936636,0.012819539,0.99931806,1.5118004,3.7586715,358.7241,2.016666666662786,1.1413158,1495.5668

-0.03471245,1.388134,0.038255922,-0.010704804,0.032962475,0.012702355,0.99931854,1.4984239,3.7617676,358.72333,2.0333333333255723,1.1413158,1495.5668

-0.0345819,1.3881773,0.038418602,-0.010654552,0.03302317,0.012628346,0.999318,1.4898232,3.768895,358.72928,2.0499999999883585,1.1413158,1495.5668

-0.034460798,1.3882129,0.038612485,-0.010564199,0.03296637,0.012579639,0.99932146,1.4838142,3.7625802,358.7399,2.0666666666802485,1.1413158,1495.5668

-0.034356717,1.388249,0.038787466,-0.0105077885,0.032749936,0.012576137,0.9993292,1.4829065,3.7378569,358.74673,2.0833333333430346,1.1413158,1495.5668

-0.03427419,1.3882823,0.03892611,-0.010388329,0.032415845,0.012649687,0.9993404,1.4904534,3.699644,358.76068,2.1000000000058208,1.1413158,1495.5668

-0.034223218,1.3884788,0.037914574,-0.010295809,0.03199672,0.012790645,0.9993531,1.5057318,3.651563,358.77145,2.116666666668607,1.1413158,1495.5668

-0.034166336,1.3885602,0.037638653,-0.010040179,0.031649213,0.012890962,0.9993655,1.5158587,3.6119924,358.801,2.133333333331393,1.1413158,1495.5668

-0.034091994,1.3886061,0.037606824,-0.009871875,0.031393647,0.012928159,0.9993747,1.5191922,3.5829072,358.8206,2.1499999999941792,1.1413158,1495.5668

-0.03399177,1.3886344,0.037658386,-0.009749542,0.031224117,0.012912743,0.9993815,1.5167696,3.5636783,358.83493,2.1666666666569654,1.1413158,1495.5668

-0.033856034,1.3886563,0.037750896,-0.009584973,0.031191468,0.012854303,0.9993848,1.5094353,3.5602522,358.85406,2.1833333333197515,1.1413158,1495.5668

-0.03368649,1.3886702,0.0378548,-0.009565714,0.031265836,0.012780831,0.9993836,1.5010271,3.56889,358.8564,2.2000000000116415,1.1413158,1495.5668

-0.033933416,1.3888509,0.038016632,-0.009837875,0.031227559,0.012805143,0.99938184,1.5047413,3.5640647,358.82516,2.2166666666744277,1.1413158,1495.5668

-0.033902362,1.388902,0.03811695,-0.009984288,0.031217543,0.0127296215,0.99938166,1.496584,3.5627866,358.80865,2.233333333337214,1.1413158,1495.5668

-0.03380087,1.388916,0.038186546,-0.009937772,0.031172518,0.012602963,0.9993852,1.4818249,3.557845,358.8145,2.25,1.1413158,1495.5668

-0.033716694,1.3889136,0.038213518,-0.009849889,0.031029165,0.012510015,0.9993917,1.470663,3.5416522,358.82513,2.266666666662786,1.1413158,1495.5668

-0.03367666,1.388911,0.03819393,-0.009641931,0.030798078,0.012447729,0.99940157,1.4624902,3.5155401,358.84958,2.2833333333255723,1.1413158,1495.5668

-0.033676967,1.388908,0.03811904,-0.009518847,0.03058099,0.012426226,0.99940974,1.4593225,3.49086,358.86414,2.2999999999883585,1.1413158,1495.5668

-0.033951018,1.3887329,0.03798112,-0.009711082,0.03055174,0.012382307,0.9994093,1.454918,3.4872773,358.84225,2.3166666666802485,1.1413158,1495.5668

-0.034076776,1.3886827,0.03785526,-0.009883504,0.030764699,0.012321299,0.9994018,1.4487896,3.5115092,358.8224,2.3333333333430346,1.1413158,1495.5668

-0.034155264,1.3886893,0.037748568,-0.009949123,0.031156119,0.012264857,0.99938977,1.4430434,3.55635,358.81442,2.3500000000058208,1.1413158,1495.5668

-0.03421381,1.3887312,0.037658393,-0.010057381,0.03164438,0.012210246,0.99937403,1.4377921,3.6122293,358.80148,2.366666666668607,1.1413158,1495.5668

-0.034266576,1.388801,0.037592333,-0.01015472,0.032149095,0.012188296,0.99935716,1.4362836,3.6699724,358.7896,2.383333333331393,1.1413158,1495.5668

-0.034319095,1.3888785,0.03755458,-0.010184687,0.0326265,0.012261302,0.9993405,1.4453987,3.7245684,358.78516,2.3999999999941792,1.1413158,1495.5668

-0.034644213,1.3889861,0.037429515,-0.010155412,0.03289245,0.012485307,0.99932927,1.4713486,3.754827,358.7873,2.4166666666569654,1.1413158,1495.5668

-0.034798965,1.3890527,0.03733918,-0.010078851,0.032795087,0.012758553,0.99932986,1.5022964,3.7434492,358.7952,2.4333333333197515,1.1413158,1495.5668

-0.03488551,1.389087,0.037252143,-0.010071449,0.03236586,0.013023315,0.9993405,1.5320966,3.6939363,358.79575,2.4500000000116415,1.1413158,1495.5668

-0.034941018,1.3891029,0.037170038,-0.010058369,0.031766977,0.013259216,0.99935675,1.5583414,3.6250215,358.79736,2.4666666666744277,1.1413158,1495.5668

-0.034972817,1.3891077,0.03712293,-0.009880593,0.03127009,0.013447579,0.9993717,1.5786753,3.5681171,358.8179,2.483333333337214,1.1413158,1495.5668

-0.034973785,1.3891001,0.03712286,-0.009627062,0.031134529,0.013502748,0.99937767,1.5839306,3.5529146,358.84702,2.5,1.1413158,1495.5668

-0.034979627,1.3890879,0.038001664,-0.0096886875,0.03133261,0.013459008,0.99937147,1.57938,3.5755734,358.83978,2.516666666662786,1.1413158,1495.5668

-0.034937896,1.3890606,0.038281236,-0.009847982,0.031843584,0.013296322,0.9993559,1.561934,3.634087,358.82126,2.5333333333255723,1.1413158,1495.5668

-0.034878574,1.3890289,0.03832698,-0.009981811,0.03244652,0.013071619,0.99933815,1.5374136,3.7032623,358.80576,2.5499999999883585,1.1413158,1495.5668

-0.034804933,1.3889887,0.03824058,-0.0101521285,0.032926694,0.012813801,0.9993241,1.5090857,3.7583585,358.78638,2.5666666666802485,1.1413158,1495.5668

-0.034720212,1.3889438,0.03805862,-0.010332233,0.03308729,0.01256481,0.9993201,1.4813989,3.7768044,358.7664,2.5833333333430346,1.1413158,1495.5668

-0.03463472,1.3888959,0.03780789,-0.0104143545,0.03291651,0.012371071,0.99932724,1.4592432,3.7573457,358.75797,2.6000000000058208,1.1413158,1495.5668

-0.034515478,1.3889098,0.0382611,-0.010466328,0.03269646,0.012240328,0.9993356,1.4441363,3.7322075,358.7528,2.616666666668607,1.1413158,1495.5668

-0.034416262,1.3888775,0.038191073,-0.010578324,0.032518044,0.012097141,0.99934196,1.4278789,3.7117734,358.74078,2.633333333331393,1.1413158,1495.5668

-0.034321968,1.3888354,0.037976153,-0.010794864,0.032553762,0.011922855,0.9993406,1.4087297,3.7157822,358.71652,2.6499999999941792,1.1413158,1495.5668

-0.034230724,1.3887898,0.037736062,-0.011105202,0.032804307,0.01178264,0.99933064,1.3941458,3.7442513,358.68106,2.6666666666569654,1.1413158,1495.5668

-0.034142897,1.3887501,0.037513662,-0.011394901,0.033246804,0.0116431685,0.99931437,1.3798649,3.794762,358.64767,2.6833333333197515,1.1413158,1495.5668

-0.034067556,1.3887193,0.03730238,-0.011630663,0.03373618,0.011484702,0.9992971,1.363294,3.8507557,358.6205,2.7000000000116415,1.1413158,1495.5668

-0.034077976,1.3887339,0.037593473,-0.011743821,0.03408401,0.01137698,0.9992852,1.3518829,3.890627,358.60742,2.7166666666744277,1.1413158,1495.5668

-0.03407844,1.3887362,0.037532862,-0.011768351,0.034350757,0.011308391,0.9992766,1.344503,3.9212692,358.6045,2.733333333337214,1.1413158,1495.5668

-0.034097597,1.3887447,0.037347104,-0.011791461,0.034456525,0.011302038,0.99927276,1.3440229,3.9333732,358.6017,2.75,1.1413158,1495.5668

-0.034143507,1.3887619,0.037130233,-0.011909221,0.034437064,0.011340077,0.99927163,1.348824,3.9309297,358.58807,2.766666666662786,1.1413158,1495.5668

-0.034212276,1.3887814,0.03693655,-0.012120859,0.034400467,0.011389811,0.9992697,1.3553106,3.9263766,358.56363,2.7833333333255723,1.1413158,1495.5668

-0.0342982,1.3888092,0.03679899,-0.01201134,0.03436245,0.011460412,0.9992716,1.3629264,3.9220672,358.576,2.7999999999883585,1.1413158,1495.5668

-0.034230843,1.3889221,0.037022475,-0.011498334,0.03437278,0.011518397,0.9992766,1.3675816,3.9238708,358.63464,2.8166666666802485,1.1413158,1495.5668

-0.034272555,1.3889934,0.03711233,-0.011117253,0.034640986,0.0115334075,0.99927145,1.3681872,3.9551196,358.67795,2.8333333333430346,1.141672,1494.981

-0.034342237,1.3890545,0.03715142,-0.010996996,0.035050258,0.011520366,0.99925864,1.3667895,4.0022225,358.6912,2.8500000000058208,1.141672,1494.981

-0.03441979,1.3891112,0.03714302,-0.01099166,0.035430867,0.011490809,0.99924564,1.3639108,4.045904,358.69135,2.866666666668607,1.141672,1494.981

-0.03450264,1.3891727,0.037099138,-0.010858073,0.03574209,0.011430607,0.9992367,1.3568916,4.081845,358.70648,2.883333333331393,1.141672,1494.981

-0.034591366,1.3892331,0.03702995,-0.010558479,0.035953723,0.011387822,0.9992328,1.3510414,4.1065693,358.74075,2.8999999999941792,1.141672,1494.981

-0.034387175,1.3891414,0.03723801,-0.010277532,0.036123186,0.011332365,0.99923027,1.343743,4.1264462,358.77298,2.9166666666569654,1.141672,1494.981

-0.034371275,1.3891225,0.037203643,-0.010326447,0.03632549,0.011301326,0.99922276,1.3406513,4.149613,358.7672,2.9333333333197515,1.141672,1494.981

-0.034418315,1.3891177,0.037066918,-0.010461795,0.036542524,0.011300149,0.99921346,1.3413724,4.1743164,358.75137,2.9500000000116415,1.141672,1494.981

-0.034487724,1.389111,0.036886036,-0.010453766,0.036760744,0.011328465,0.9992052,1.3448846,4.199311,358.75186,2.9666666666744277,1.1413158,1495.5668

-0.034563825,1.3890898,0.03668234,-0.01040549,0.036991578,0.011348013,0.999197,1.3472368,4.2258177,358.757,2.983333333337214,1.1413158,1495.5668

-0.034634024,1.3890525,0.036457475,-0.010669803,0.037252147,0.011351588,0.9991844,1.3491259,4.2553315,358.72623,3.0,1.1413158,1495.5668

-0.034594093,1.3888088,0.03643542,-0.011027566,0.03757309,0.011341253,0.9991687,1.3499211,4.2916603,358.68475,3.016666666662786,1.1413158,1495.5668

-0.034639556,1.3886932,0.036305655,-0.011253299,0.03789333,0.0113583915,0.99915385,1.3533238,4.328049,358.65826,3.0333333333255723,1.1413158,1495.5668

-0.03471932,1.3886263,0.03614619,-0.011401856,0.03821565,0.011386743,0.9991396,1.3576971,4.364766,358.64062,3.0499999999883585,1.1413158,1495.5668

-0.03481126,1.3885838,0.03596438,-0.011566266,0.038436104,0.011433721,0.9991287,1.3641396,4.3897543,358.62122,3.0666666666802485,1.1413158,1495.5668

-0.03491226,1.3885611,0.03578263,-0.011742692,0.038528267,0.011504943,0.9991223,1.3732346,4.399982,358.6005,3.0833333333430346,1.1413158,1495.5668

-0.035020277,1.3885572,0.03562153,-0.011789673,0.038529377,0.011585647,0.9991208,1.3827119,4.39993,358.59476,3.1000000000058208,1.1413158,1495.5668

-0.03490886,1.3884656,0.035669457,-0.011741646,0.03852477,0.011663247,0.9991206,1.3914051,4.39936,358.59995,3.116666666668607,1.1413158,1495.5668

-0.034926098,1.3884683,0.035660766,-0.011933135,0.038656037,0.011742563,0.9991123,1.4015604,4.414031,358.5774,3.133333333331393,1.1413158,1495.5668

-0.034981195,1.3885214,0.03567914,-0.012079022,0.038870383,0.011813197,0.99910146,1.4106511,4.4383016,358.56,3.1499999999941792,1.1413158,1495.5668

-0.035044406,1.3886116,0.035740554,-0.01204652,0.039108787,0.011797265,0.9990927,1.4090466,4.4657054,358.56345,3.1666666666569654,1.141672,1494.981

-0.035113487,1.3887355,0.03584009,-0.011917487,0.039440457,0.011683331,0.99908257,1.395893,4.5040793,358.57828,3.1833333333197515,1.141672,1494.981

-0.035195462,1.388886,0.035956606,-0.011676049,0.039767064,0.01153334,0.9990742,1.3780676,4.5420756,358.6062,3.2000000000116415,1.141672,1494.981

-0.035088934,1.3888913,0.03553987,-0.01123352,0.04004643,0.0113677345,0.99907,1.3574369,4.5749416,358.65735,3.2166666666744277,1.141672,1494.981

-0.035127327,1.3890078,0.035497855,-0.010861583,0.040144462,0.0112018725,0.9990721,1.336817,4.586903,358.70068,3.233333333337214,1.141672,1494.981

-0.035216793,1.3891488,0.035579536,-0.010530942,0.040152736,0.011048021,0.99907696,1.3176348,4.5884886,358.73938,3.25,1.141672,1494.981

-0.035322078,1.3892759,0.03571149,-0.010263677,0.04016466,0.010985278,0.99907994,1.3092139,4.590285,358.77032,3.266666666662786,1.141672,1494.981

-0.035416752,1.3893757,0.035876393,-0.0100645535,0.040247545,0.010964819,0.99907887,1.3060563,4.6000752,358.7932,3.2833333333255723,1.141672,1494.981

-0.035492335,1.3894452,0.036046848,-0.010012906,0.040336683,0.010964389,0.99907583,1.3058854,4.610365,358.79898,3.2999999999883585,1.141672,1494.981

-0.035399154,1.3892916,0.035926748,-0.009872826,0.040369757,0.010961605,0.99907595,1.3049608,4.6143436,358.81506,3.3166666666802485,1.141672,1494.981

-0.03539875,1.3892661,0.036013536,-0.0097398,0.040450685,0.010913888,0.99907446,1.2989674,4.623853,358.83044,3.3333333333430346,1.141672,1494.981

-0.035440847,1.3892794,0.036141373,-0.009675551,0.04041362,0.01084497,0.9990773,1.2907057,4.6197667,358.8382,3.3500000000058208,1.141672,1494.981

-0.035513062,1.3892912,0.036273673,-0.009560052,0.040275555,0.010782861,0.9990847,1.2828624,4.604155,358.85193,3.366666666668607,1.141672,1494.981

-0.03561139,1.3892937,0.03640909,-0.009337607,0.040109165,0.010713001,0.99909425,1.2736057,4.585439,358.87802,3.383333333331393,1.141672,1494.981

-0.035732213,1.3892806,0.03653491,-0.009228356,0.039924394,0.010675929,0.99910307,1.2686205,4.5644317,358.89102,3.3999999999941792,1.141672,1494.981

-0.035636004,1.3891355,0.03631983,-0.009216432,0.039649352,0.010589268,0.999115,1.2582784,4.5330043,358.89313,3.4166666666569654,1.141672,1494.981

-0.035682276,1.3890501,0.036302943,-0.009183511,0.039368846,0.0105204135,0.9991272,1.2498816,4.5009565,358.8976,3.4333333333197515,1.141672,1494.981

-0.035767764,1.3889807,0.036347043,-0.009215999,0.039245363,0.010468111,0.9991323,1.2438718,4.4868145,358.8943,3.4500000000116415,1.141672,1494.981

-0.035860386,1.388918,0.03641641,-0.009201363,0.03930255,0.010433342,0.9991305,1.2398815,4.493428,358.89606,3.4666666666744277,1.141672,1494.981

-0.035948817,1.3888625,0.03650178,-0.00919727,0.039472178,0.010404742,0.99912417,1.2367826,4.512916,358.89642,3.483333333337214,1.141672,1494.981

-0.036040805,1.3888153,0.036585677,-0.009337287,0.03959602,0.010405907,0.999118,1.2377013,4.5269423,358.88016,3.5,1.141672,1494.981

-0.035799608,1.3884486,0.03637985,-0.009509165,0.03966709,0.010343721,0.99911416,1.2314268,4.534949,358.86063,3.516666666662786,1.141672,1494.981

-0.035763744,1.3883023,0.03630754,-0.0096240705,0.0395492,0.010379405,0.9991174,1.2359002,4.5212483,358.8474,3.5333333333255723,1.141672,1494.981

-0.03578575,1.3882365,0.036266856,-0.009649196,0.039306194,0.010506045,0.9991254,1.250254,4.493206,358.8443,3.5499999999883585,1.141672,1494.981

-0.03581682,1.3882066,0.036230505,-0.009637416,0.038977265,0.010663085,0.99913675,1.267824,4.4553227,358.8454,3.5666666666802485,1.141672,1494.981

-0.035843622,1.3881829,0.036195263,-0.009834347,0.03872632,0.010828765,0.99914277,1.2874109,4.4261026,358.8224,3.5833333333430346,1.141672,1494.981

-0.03586498,1.3881605,0.03616119,-0.010188318,0.038552184,0.010941008,0.99914473,1.3016418,4.4055424,358.78146,3.6000000000058208,1.141672,1494.981

-0.035739705,1.3882952,0.03594608,-0.010349524,0.03837901,0.01104055,0.99914867,1.3135535,4.385353,358.76276,3.616666666668607,1.141672,1494.981

-0.035706878,1.3883398,0.035875615,-0.010339317,0.03821941,0.011106637,0.99915415,1.3208842,4.3669853,358.76385,3.633333333331393,1.141672,1494.981

-0.035706982,1.3883541,0.035840932,-0.010459357,0.038031388,0.01112798,0.9991599,1.3236059,4.3452415,358.75024,3.6499999999941792,1.141672,1494.981

-0.035722688,1.3883575,0.035827603,-0.010496845,0.03785217,0.011106606,0.9991665,1.321071,4.32467,358.74628,3.6666666666569654,1.141672,1494.981

-0.03574825,1.3883543,0.035810567,-0.010415721,0.037647538,0.011042447,0.9991758,1.3130758,4.301394,358.7562,3.6833333333197515,1.141672,1494.981

-0.035781696,1.3883489,0.03576835,-0.010509771,0.0375701,0.010938592,0.9991788,1.3014503,4.2925215,358.74594,3.7000000000116415,1.141672,1494.981

-0.035812706,1.3884811,0.035544343,-0.010590433,0.03772389,0.0107028745,0.9991747,1.2749388,4.3103476,358.73746,3.7166666666744277,1.141672,1494.981

-0.035828903,1.3885059,0.03543222,-0.010716907,0.038106546,0.010545923,0.9991606,1.2579885,4.3542624,358.72308,3.733333333337214,1.141672,1494.981

-0.035847172,1.3884832,0.035350863,-0.0110806115,0.03865574,0.010413706,0.9991369,1.2451715,4.416949,358.68118,3.75,1.141672,1494.981

-0.03587734,1.3884307,0.035268728,-0.011593283,0.039153576,0.010304638,0.9991128,1.2356521,4.4735427,358.62213,3.766666666662786,1.141672,1494.981

-0.035922725,1.388366,0.035180386,-0.012121986,0.039425977,0.010213518,0.99909675,1.2279779,4.5042543,358.56143,3.7833333333255723,1.141672,1494.981

-0.03598361,1.3882976,0.03509543,-0.012323208,0.03939248,0.010132186,0.99909645,1.2194929,4.500285,358.53873,3.7999999999883585,1.141672,1494.981

-0.036195196,1.3884735,0.03534721,-0.012363681,0.03923014,0.010004929,0.9991036,1.2048056,4.4818077,358.53485,3.8166666666802485,1.141672,1494.981

-0.036319613,1.3884873,0.035370976,-0.012486189,0.038964875,0.009966012,0.99911284,1.2004678,4.4513016,358.52133,3.8333333333430346,1.141672,1494.981

-0.03640773,1.3884553,0.0353376,-0.0125483265,0.038770646,0.009943172,0.9991199,1.1978142,4.42899,358.51453,3.8500000000058208,1.141672,1494.981

-0.036478676,1.3884099,0.035291966,-0.012661521,0.038689315,0.009922039,0.99912184,1.1957599,4.4195614,358.50174,3.866666666668607,1.141672,1494.981

-0.03654544,1.388356,0.03525438,-0.012781113,0.03876697,0.009884447,0.9991176,1.1920978,4.4283786,358.4881,3.883333333331393,1.141672,1494.981

-0.03661537,1.3883036,0.03521567,-0.012981842,0.038956746,0.009835067,0.99910814,1.1876281,4.4499745,358.465,3.8999999999941792,1.141672,1494.981

-0.036817987,1.3883383,0.035524245,-0.013335324,0.039268386,0.009710577,0.9990925,1.1754293,4.4854836,358.42453,3.9166666666569654,1.141672,1494.981

-0.03693895,1.3883406,0.03560991,-0.013685085,0.039575938,0.009657976,0.9990761,1.1714885,4.520421,358.38422,3.9333333333197515,1.141672,1494.981

-0.037034962,1.3883538,0.03563139,-0.013884189,0.039784644,0.009672294,0.99906504,1.1743982,4.5440955,358.361,3.9500000000116415,1.141672,1494.981

-0.037115067,1.3883908,0.035646345,-0.013960129,0.039856225,0.009709914,0.99906075,1.1791903,4.5521517,358.352,3.9666666666744277,1.141672,1494.981

-0.037185326,1.38845,0.035672043,-0.0140077835,0.039763235,0.009809148,0.99906284,1.1906422,4.541269,358.34622,3.983333333337214,1.141672,1494.981

-0.03724905,1.3885361,0.035728015,-0.013958468,0.039567184,0.009933451,0.99907005,1.2043514,4.518643,358.35156,4.0,1.141672,1494.981

-0.037364304,1.3886914,0.03623869,-0.013663732,0.039328285,0.0101053715,0.9990818,1.2223513,4.4913273,358.38498,4.016666666662786,1.141672,1494.981

-0.03743426,1.3888396,0.036531407,-0.013386375,0.039193746,0.010235965,0.99908954,1.2358739,4.476033,358.4164,4.033333333325572,1.141672,1494.981

-0.037490517,1.388991,0.03678231,-0.013143719,0.039218098,0.010355861,0.99909055,1.2485954,4.478939,358.44373,4.0499999999883585,1.141672,1494.981

-0.037545856,1.3891457,0.037036456,-0.012921346,0.03932472,0.010464571,0.99908817,1.2602564,4.4912753,358.46863,4.0666666666802485,1.141672,1494.981

-0.037603967,1.3893089,0.037291944,-0.012737723,0.039466307,0.010528219,0.99908423,1.2669686,4.5076447,358.48923,4.083333333343035,1.141672,1494.981

-0.037671313,1.3894737,0.037529577,-0.012567912,0.039530285,0.010576334,0.99908334,1.2718294,4.515125,358.50842,4.100000000005821,1.141672,1494.981

-0.037818614,1.3896236,0.037989087,-0.012436384,0.039399676,0.010637636,0.99908954,1.278068,4.500226,358.52344,4.116666666668607,1.141672,1494.981

-0.03792195,1.3897711,0.038268566,-0.012162312,0.039155766,0.0107620815,0.99910116,1.2907455,4.4724283,358.5547,4.133333333331393,1.141672,1494.981

-0.03799434,1.3899047,0.038502898,-0.011810776,0.038887855,0.010937184,0.9991139,1.3088748,4.4419165,358.59467,4.149999999994179,1.141672,1494.981

-0.038039297,1.3900237,0.038722854,-0.011572315,0.038650572,0.011127349,0.9991238,1.3293002,4.4147596,358.62155,4.166666666656965,1.141672,1494.981

-0.038068198,1.3901173,0.038923968,-0.011456178,0.03835109,0.011338544,0.9991343,1.3525994,4.380287,358.6344,4.1833333333197515,1.141672,1494.981

-0.038088564,1.3901939,0.039126478,-0.011362926,0.0381051,0.011544354,0.99914247,1.3754652,4.35193,358.64456,4.2000000000116415,1.141672,1494.981

-0.038191296,1.3899211,0.039550103,-0.011295611,0.03790146,0.011712338,0.999149,1.3941654,4.328448,358.6519,4.216666666674428,1.141672,1494.981

-0.038211334,1.3898693,0.039812393,-0.011215529,0.037753362,0.011834395,0.9991541,1.40762,4.311415,358.66074,4.233333333337214,1.141672,1494.981

-0.038192146,1.389897,0.040035438,-0.011142876,0.037655663,0.011842275,0.9991585,1.40807,4.300305,358.66922,4.25,1.141672,1494.981

-0.03815803,1.38995,0.04023432,-0.011074032,0.0375364,0.011771048,0.9991646,1.3994231,4.2868223,358.6776,4.266666666662786,1.141672,1494.981

-0.038123243,1.3900126,0.040410314,-0.010957197,0.037379824,0.011637309,0.9991733,1.3833416,4.269209,358.69183,4.283333333325572,1.141672,1494.981

-0.038098365,1.3900771,0.040566057,-0.010825288,0.037151057,0.011490672,0.99918497,1.3656187,4.2433515,358.70795,4.2999999999883585,1.141672,1494.981

-0.038153082,1.3895969,0.040903594,-0.010595415,0.037012618,0.01123164,0.9991955,1.3347074,4.2281213,358.73563,4.3166666666802485,1.141672,1494.981

-0.038128823,1.3894718,0.04113065,-0.010242385,0.03714875,0.011038135,0.9991963,1.3111718,4.2444377,358.7768,4.333333333343035,1.141672,1494.981

-0.038069367,1.3894626,0.041327007,-0.010068979,0.03752814,0.010857462,0.9991858,1.2901822,4.288382,358.79697,4.350000000005821,1.141672,1494.981

-0.037995357,1.3894918,0.04148206,-0.010100652,0.037881754,0.01068338,0.99917406,1.2707897,4.329096,358.79358,4.366666666668607,1.141672,1494.981

-0.03792902,1.389543,0.041585512,-0.010157651,0.03803473,0.010546259,0.9991691,1.2554913,4.3467307,358.78745,4.383333333331393,1.141672,1494.981

-0.03787964,1.3896087,0.04164235,-0.010166216,0.03800249,0.010485157,0.9991709,1.2484694,4.343097,358.78674,4.399999999994179,1.141672,1494.981

-0.038100965,1.3894118,0.041749205,-0.009980627,0.037871134,0.010429975,0.99917835,1.2411547,4.3283334,358.80847,4.416666666656965,1.141672,1494.981

-0.038153186,1.3893998,0.04178332,-0.00957144,0.037775993,0.010468837,0.99918556,1.2437238,4.3178883,358.85544,4.4333333333197515,1.141672,1494.981

-0.03815268,1.3894347,0.041802518,-0.009380834,0.03774784,0.010569089,0.99918735,1.254377,4.3147845,358.87692,4.4500000000116415,1.141672,1494.981

-0.03812075,1.3894703,0.041819,-0.009291788,0.037733234,0.01072753,0.99918705,1.2721691,4.313045,358.88647,4.466666666674428,1.141672,1494.981

-0.038061667,1.3895018,0.04184159,-0.009080749,0.0376924,0.01089387,0.9991887,1.2903098,4.30845,358.91006,4.483333333337214,1.141672,1494.981

-0.037977763,1.3895197,0.041872233,-0.008957769,0.037650533,0.0110559575,0.9991896,1.308343,4.303634,358.92355,4.5,1.141672,1494.981

-0.037969716,1.3891318,0.041645806,-0.0091621885,0.037664227,0.011210472,0.99918556,1.3269851,4.3047667,358.89938,4.516666666662786,1.141672,1494.981

-0.03792055,1.3889796,0.041530438,-0.00929986,0.037497997,0.011328226,0.9991892,1.3408986,4.2853923,358.8833,4.533333333325572,1.141672,1494.981

-0.037872765,1.3888946,0.04142264,-0.009237659,0.0372041,0.011457024,0.99919933,1.3550646,4.2516356,358.8903,4.5499999999883585,1.141672,1494.981

-0.037826367,1.388829,0.041301902,-0.009131096,0.036914304,0.011517319,0.99921036,1.3611859,4.218487,358.9027,4.5666666666802485,1.141672,1494.981

-0.037772752,1.3887647,0.04118248,-0.009104095,0.036789365,0.011476992,0.99921566,1.3562915,4.2042427,358.90616,4.583333333343035,1.141672,1494.981

-0.03770584,1.3887006,0.04107757,-0.009185162,0.036869347,0.011346454,0.99921346,1.3417404,4.213447,358.8973,4.600000000005821,1.141672,1494.981

-0.03778148,1.3887604,0.041000232,-0.009553892,0.037085403,0.011087178,0.99920493,1.3137949,4.2380204,358.85574,4.616666666668607,1.141672,1494.981

-0.037749708,1.3887287,0.040899884,-0.009738033,0.037419565,0.010825868,0.99919355,1.2849939,4.2763968,358.83524,4.633333333331393,1.141672,1494.981

-0.037677385,1.3886763,0.04080021,-0.009771756,0.037826985,0.0105853705,0.99918044,1.2580378,4.3233495,358.83185,4.649999999994179,1.141672,1494.981

-0.037581082,1.3886187,0.040691588,-0.009765994,0.038218383,0.010387646,0.9991677,1.2358018,4.3684654,358.83286,4.666666666656965,1.141672,1494.981

-0.037464246,1.3885587,0.04055941,-0.009847615,0.038476996,0.010206383,0.99915886,1.215672,4.398231,358.82394,4.6833333333197515,1.141672,1494.981

-0.03733771,1.3885044,0.040400192,-0.009943439,0.038521864,0.010048837,0.9991578,1.1980587,4.4034467,358.81357,4.7000000000116415,1.141672,1494.981

-0.037524555,1.3885999,0.041104965,-0.009930811,0.03835846,0.009951216,0.9991652,1.1865824,4.384841,358.81567,4.716666666674428,1.141672,1494.981

-0.037498623,1.3886043,0.041224822,-0.009697186,0.03807251,0.00990655,0.9991788,1.1800678,4.3523827,358.84305,4.733333333337214,1.141672,1494.981

-0.03739684,1.3885769,0.041160155,-0.009530817,0.037807886,0.009857139,0.999191,1.1733418,4.3222923,358.8627,4.75,1.141672,1494.981

-0.03726395,1.3885362,0.041032106,-0.009598926,0.037641104,0.0098014735,0.9991972,1.1670382,4.303153,358.85532,4.766666666662786,1.1413158,1495.5668

-0.037114073,1.3884902,0.040889636,-0.009734197,0.037589587,0.009739035,0.99919844,1.1603872,4.2971606,358.84015,4.783333333325572,1.1413158,1495.5668

-0.03695755,1.388447,0.040743183,-0.009773838,0.037564863,0.009658695,0.99919975,1.1513013,4.294373,358.83597,4.7999999999883585,1.1413158,1495.5668

-0.03706242,1.3884802,0.041197635,-0.009529854,0.03757991,0.009494504,0.999203,1.1314148,4.2965655,358.8647,4.8166666666802485,1.1413158,1495.5668

-0.03699414,1.3884747,0.041245826,-0.009228031,0.037519842,0.009341569,0.99920964,1.1124811,4.2901893,358.90005,4.833333333343035,1.141672,1494.981

-0.036866818,1.3884509,0.04114914,-0.009129208,0.037469067,0.009181176,0.99921393,1.0935785,4.2846518,358.91217,4.850000000005821,1.141672,1494.981

-0.03670612,1.3884146,0.040999047,-0.009141365,0.037446298,0.00902312,0.9992161,1.075454,4.282199,358.91147,4.866666666668607,1.141672,1494.981

-0.036525883,1.3883756,0.040820956,-0.009187242,0.03743516,0.008867417,0.99921745,1.0577583,4.281043,358.9069,4.883333333331393,1.141672,1494.981

-0.036332652,1.3883325,0.040634524,-0.009224866,0.03749667,0.00876004,0.9992158,1.0456619,4.2881746,358.90295,4.899999999994179,1.141672,1494.981

-0.036466736,1.3883561,0.04078482,-0.00929494,0.03755229,0.008704771,0.9992135,1.0396826,4.2945395,358.89508,4.916666666656965,1.141672,1494.981

-0.03638804,1.3883556,0.040697776,-0.009422751,0.037567057,0.0085934345,0.9992127,1.0274656,4.296224,358.88086,4.9333333333197515,1.141672,1494.981

-0.036236048,1.3883548,0.04053176,-0.00946002,0.037511878,0.008475001,0.9992155,1.0139596,4.2899923,358.87717,4.9500000000116415,1.141672,1494.981

-0.03605713,1.3883557,0.040338203,-0.009401956,0.037378654,0.008361145,0.9992219,1.0004767,4.274903,358.88446,4.966666666674428,1.141672,1494.981

-0.03586854,1.3883512,0.040147386,-0.0092600845,0.03722463,0.0082665505,0.99922985,0.98882496,4.2574887,358.9013,4.983333333337214,1.141672,1494.981

-0.035676643,1.3883233,0.039989926,-0.00907498,0.03717982,0.008258793,0.99923325,0.98709244,4.252542,358.92264,5.0,1.141672,1494.981

-0.036166776,1.3883419,0.040161267,-0.009085402,0.03724923,0.0083539495,0.9992298,0.9981438,4.2603874,358.921,5.016666666662786,1.141672,1494.981

-0.036234546,1.3883178,0.040148053,-0.009302014,0.0373863,0.0083956355,0.99922234,1.0040178,4.2758417,358.89575,5.033333333325572,1.1413158,1495.5668

-0.03618566,1.3882868,0.040075492,-0.009389959,0.037512016,0.0084259445,0.99921656,1.0080253,4.290134,358.8854,5.0499999999883585,1.1413158,1495.5668

-0.036128685,1.3882713,0.039969385,-0.009282297,0.037533328,0.008435298,0.9992167,1.0086614,4.292676,358.8977,5.0666666666802485,1.1413158,1495.5668

-0.03609281,1.3882737,0.03982513,-0.009164901,0.03747702,0.008416255,0.99922,1.0059037,4.2863584,358.91135,5.083333333343035,1.1413158,1495.5668

-0.036077365,1.3882939,0.039649554,-0.008992252,0.037360393,0.008379379,0.9992263,1.0007936,4.273199,358.93146,5.100000000005821,1.141672,1494.981

-0.03664122,1.3884549,0.04018512,-0.008752006,0.03725287,0.0084874,0.9992315,1.0120479,4.2609982,358.95868,5.116666666668607,1.141672,1494.981

-0.036861733,1.3885368,0.04029083,-0.008671598,0.037322797,0.008552605,0.9992291,1.0192697,4.2690306,358.96756,5.133333333331393,1.141672,1494.981

-0.036958735,1.3885819,0.040275298,-0.008796606,0.03750275,0.008651231,0.9992203,1.031333,4.2894335,358.9526,5.149999999994179,1.141672,1494.981

-0.037000738,1.3886075,0.040247127,-0.008907126,0.037711516,0.008785281,0.99921036,1.0474402,4.313114,358.9391,5.166666666656965,1.1413158,1495.5668

-0.037004158,1.3886241,0.040244646,-0.008887398,0.037943676,0.008934249,0.9992004,1.0647272,4.3395977,358.94043,5.1833333333197515,1.1413158,1495.5668

-0.03698322,1.3886392,0.04024729,-0.008747917,0.038043294,0.0090677645,0.9991967,1.0795655,4.35103,358.95575,5.2000000000116415,1.1413158,1495.5668

-0.03713593,1.3882881,0.040893193,-0.008399691,0.037967592,0.009370527,0.99919975,1.112733,4.342421,358.99454,5.216666666674428,1.1413158,1495.5668

-0.037190475,1.3881825,0.04111553,-0.008194304,0.03768312,0.009627166,0.99920976,1.1410061,4.3097787,359.01733,5.233333333337214,1.1413158,1495.5668

-0.037216347,1.3881559,0.041175365,-0.0080237165,0.037306003,0.009868597,0.99922293,1.1675965,4.2664995,359.03635,5.25,1.1413158,1495.5668

-0.0372263,1.3881527,0.041180786,-0.00796218,0.03704524,0.010121884,0.9992306,1.1961449,4.2364297,359.04266,5.266666666662786,1.1413158,1495.5668

-0.037225593,1.3881643,0.041186605,-0.007998713,0.03702597,0.010296707,0.99922925,1.2163546,4.2340083,359.03775,5.283333333325572,1.1413158,1495.5668

-0.037222035,1.3881801,0.04121509,-0.007967916,0.037110496,0.01041668,0.99922514,1.2300891,4.2436223,359.04068,5.2999999999883585,1.141672,1494.981

-0.037126318,1.38785,0.04107337,-0.00785521,0.037219957,0.010495527,0.9992211,1.238778,4.2562366,359.05313,5.3166666666802485,1.141672,1494.981

-0.03708476,1.3877537,0.04109188,-0.007900985,0.037396986,0.010542848,0.99921364,1.2445929,4.2764335,359.04745,5.333333333343035,1.141672,1494.981

-0.037060462,1.3877399,0.041165028,-0.007923515,0.03746383,0.010612524,0.99921024,1.252761,4.2840033,359.04446,5.350000000005821,1.141672,1494.981

-0.037040453,1.3877659,0.041256182,-0.0077046575,0.037310984,0.010656794,0.99921715,1.2567477,4.2667103,359.0696,5.366666666668607,1.141672,1494.981

-0.037021488,1.3878094,0.04134314,-0.007473343,0.036984842,0.010714692,0.99923044,1.2620804,4.2295537,359.09634,5.383333333331393,1.141672,1494.981

-0.037007213,1.3878626,0.041427195,-0.0072836326,0.036590192,0.01076166,0.9992459,1.2662834,4.184502,359.11847,5.399999999994179,1.141672,1494.981

-0.036901984,1.3876936,0.040952466,-0.007073327,0.036299195,0.010897796,0.9992565,1.2807556,4.1512866,359.14246,5.416666666656965,1.141672,1494.981

-0.036874045,1.3876811,0.040870305,-0.006996711,0.03614407,0.010972558,0.9992618,1.2888746,4.1335354,359.15112,5.4333333333197515,1.141672,1494.981

-0.036865775,1.3877146,0.04090604,-0.006978151,0.036094014,0.01100889,0.9992634,1.292922,4.127789,359.15317,5.4500000000116415,1.141672,1494.981

-0.036856264,1.3877693,0.040985387,-0.006839813,0.036100663,0.010982113,0.9992644,1.2892812,4.1287527,359.16916,5.466666666674428,1.141672,1494.981

-0.036848336,1.3878335,0.041099314,-0.006654618,0.036226414,0.010927579,0.9992617,1.2823673,4.143454,359.19046,5.483333333337214,1.141672,1494.981

-0.036850803,1.3878953,0.041219547,-0.0065856082,0.036371745,0.010901471,0.99925715,1.2792133,4.1602263,359.1983,5.5,1.141672,1494.981

-0.036943704,1.3877332,0.041044053,-0.0066754445,0.0364203,0.010885097,0.99925494,1.277752,4.1656923,359.18802,5.516666666662786,1.141672,1494.981

-0.03700015,1.3876998,0.041035425,-0.0065837656,0.036265627,0.010898347,0.9992611,1.2787517,4.1480646,359.1987,5.533333333325572,1.141672,1494.981

-0.037054352,1.3877017,0.041071083,-0.006190952,0.03589529,0.010978479,0.9992761,1.2860041,4.1060452,359.24393,5.5499999999883585,1.141672,1494.981

-0.037125655,1.3877138,0.041079804,-0.005996454,0.03543944,0.011147117,0.99929166,1.3041883,4.0539055,359.2662,5.5666666666802485,1.141672,1494.981

-0.03721068,1.3877325,0.04106675,-0.0058849254,0.034997355,0.011362123,0.9993055,1.328059,4.00321,359.27875,5.583333333343035,1.141672,1494.981

-0.037309974,1.387767,0.04106003,-0.0055897557,0.03460057,0.011580602,0.9993185,1.3516468,3.9579601,359.31232,5.600000000005821,1.141672,1494.981

-0.037382636,1.3876185,0.040656123,-0.005232069,0.03431186,0.011848633,0.99932724,1.3807838,3.9251707,359.35272,5.616666666668607,1.141672,1494.981

-0.03747293,1.3875948,0.04051976,-0.00513469,0.034218222,0.01204861,0.99932855,1.4032893,3.914442,359.36325,5.633333333331393,1.141672,1494.981

-0.037570417,1.3876088,0.040468704,-0.005248541,0.034326583,0.012214734,0.99932224,1.422888,3.9265974,359.34937,5.649999999994179,1.141672,1494.981

-0.03767793,1.3876315,0.040439084,-0.005268451,0.03459744,0.012371874,0.99931085,1.4412107,3.9575198,359.34607,5.666666666656965,1.141672,1494.981

-0.037797567,1.3876481,0.040403593,-0.0052272915,0.03497669,0.0125519065,0.9992956,1.462002,4.000942,359.34952,5.6833333333197515,1.141672,1494.981

-0.037929013,1.3876437,0.040337387,-0.0053574587,0.035309356,0.0127652865,0.9992806,1.4872787,4.03875,359.3332,5.7000000000116415,1.141672,1494.981

-0.038052216,1.3874655,0.040319227,-0.0055347728,0.035420556,0.012895391,0.99927396,1.5030227,4.0511456,359.31213,5.716666666674428,1.141672,1494.981

-0.038193658,1.3873554,0.040196,-0.005762846,0.035431225,0.013029304,0.99927056,1.5193325,4.05193,359.2854,5.733333333337214,1.141672,1494.981

-0.038352445,1.3872622,0.04001419,-0.006047337,0.03545108,0.013125862,0.99926686,1.5315907,4.0537014,359.2523,5.75,1.141672,1494.981

-0.03851873,1.3871696,0.03980999,-0.0063646813,0.035654206,0.013157311,0.99925727,1.5366725,4.0764785,359.21542,5.766666666662786,1.1413158,1495.5668

-0.03868665,1.3870772,0.039614543,-0.0067456607,0.036175687,0.013099037,0.9992368,1.5320288,4.13573,359.1711,5.783333333325572,1.1413158,1495.5668

-0.038858637,1.3869954,0.039435815,-0.0072345445,0.03693697,0.01293416,0.9992077,1.5158837,4.2224097,359.11444,5.7999999999883585,1.1413158,1495.5668

-0.038977697,1.3868365,0.039325032,-0.0076789507,0.037786838,0.012718256,0.99917537,1.493865,4.3193808,359.063,5.8166666666802485,1.1413158,1495.5668

-0.039122738,1.3867471,0.039237604,-0.008078659,0.0385641,0.012516767,0.9991451,1.4733101,4.4081025,359.01675,5.833333333343035,1.1413158,1495.5668

-0.03927822,1.3866808,0.0391661,-0.0084556425,0.039083537,0.012370123,0.9991236,1.4587278,4.4672565,358.97333,5.850000000005821,1.1413158,1495.5668

-0.039440617,1.386617,0.03909177,-0.008667717,0.039253727,0.012304875,0.9991159,1.4523824,4.486531,358.94897,5.866666666668607,1.1413158,1495.5668

-0.039613057,1.3865523,0.038984988,-0.008820213,0.039084125,0.012307975,0.99912125,1.4532232,4.4668593,358.93173,5.883333333331393,1.1413158,1495.5668

-0.039790884,1.3864977,0.038870778,-0.009017649,0.038872298,0.01235038,0.99912715,1.4587218,4.442236,358.90918,5.899999999994179,1.1413158,1495.5668

-0.04010371,1.3864352,0.039125122,-0.009248001,0.038740333,0.01237934,0.99912983,1.4629108,4.4267364,358.8828,5.916666666656965,1.1413158,1495.5668

-0.04030003,1.3864186,0.039217774,-0.009414354,0.03879715,0.012333885,0.9991267,1.4584996,4.433059,358.86383,5.9333333333197515,1.1413158,1495.5668

-0.040452838,1.3864295,0.03929383,-0.009614432,0.039055668,0.012270929,0.9991154,1.4524884,4.462482,358.8407,5.9500000000116415,1.1413158,1495.5668

-0.040585924,1.3864603,0.0393837,-0.009712832,0.039376874,0.0122192,0.99910253,1.4474009,4.4992304,358.82916,5.966666666674428,1.141672,1494.981

-0.040706903,1.3865004,0.039469216,-0.009733602,0.039541926,0.012201777,0.999096,1.4457067,4.5181465,358.8266,5.983333333337214,1.141672,1494.981

-0.040824063,1.3865453,0.039544933,-0.009665311,0.03948137,0.012214889,0.9990989,1.4468256,4.5112863,358.83444,6.0,1.141672,1494.981

-0.04052934,1.386618,0.03972134,-0.009477434,0.039401118,0.012144596,0.99910474,1.4378008,4.5024366,358.85648,6.016666666662786,1.141672,1494.981

-0.04050672,1.3866751,0.039816484,-0.009312825,0.039119698,0.012237667,0.9991162,1.4473981,4.4702997,358.8754,6.033333333325572,1.141672,1494.981

-0.04057975,1.3867182,0.039885484,-0.009272762,0.038845196,0.0124094235,0.9991252,1.4666055,4.4386897,358.87967,6.0499999999883585,1.141672,1494.981

-0.040682748,1.3867552,0.039944056,-0.009376001,0.038584806,0.012587448,0.9991321,1.4871857,4.40848,358.86743,6.0666666666802485,1.141672,1494.981

-0.04079806,1.3868003,0.040002193,-0.009471873,0.038307436,0.012713399,0.99914026,1.5017245,4.37639,358.85632,6.083333333343035,1.141672,1494.981

-0.04091181,1.3868555,0.040051084,-0.009577859,0.037966974,0.012820109,0.9991509,1.5140102,4.337071,358.8442,6.100000000005821,1.141672,1494.981

-0.04034877,1.3870265,0.040313706,-0.0096097365,0.03753648,0.012782552,0.9991673,1.509286,4.287707,358.8414,6.116666666668607,1.141672,1494.981

-0.040156562,1.3871546,0.04046315,-0.009559158,0.03714315,0.012739595,0.99918306,1.5036367,4.2427354,358.84802,6.133333333331393,1.141672,1494.981

-0.04006359,1.3872662,0.04061069,-0.009502788,0.03683047,0.012636298,0.99919647,1.4911417,4.2070894,358.85544,6.149999999994179,1.141672,1494.981

-0.04000099,1.3873885,0.040812045,-0.009452428,0.03679677,0.012393318,0.9992012,1.4629865,4.203577,358.8623,6.166666666656965,1.141672,1494.981

-0.03996703,1.3875248,0.04108215,-0.0093019325,0.037101764,0.012068098,0.99919534,1.4253831,4.2391305,358.8805,6.1833333333197515,1.141672,1494.981

-0.03997257,1.3876716,0.04139742,-0.009073963,0.037663344,0.011719657,0.99918056,1.3850766,4.304226,358.90732,6.2000000000116415,1.141672,1494.981

-0.040067673,1.387751,0.041840144,-0.008996267,0.03845875,0.011296082,0.9991558,1.3370445,4.395994,358.91693,6.216666666674428,1.141672,1494.981

-0.040170446,1.3878632,0.042202085,-0.009002297,0.03935574,0.011003306,0.99912417,1.3045126,4.499157,358.9163,6.233333333337214,1.141672,1494.981

-0.040312614,1.3879787,0.042501837,-0.0089443205,0.040155347,0.010817605,0.99909484,1.2838678,4.591123,358.92267,6.25,1.141672,1494.981

-0.040486425,1.3880823,0.042711094,-0.008896922,0.040725254,0.010734366,0.9990731,1.2747601,4.6566257,358.92773,6.266666666662786,1.141672,1494.981

-0.04067211,1.3881667,0.042838633,-0.008865868,0.04108032,0.010714739,0.9990591,1.2727784,4.6974034,358.9309,6.283333333325572,1.141672,1494.981

-0.040856257,1.3882406,0.042919796,-0.008880887,0.04131313,0.010802482,0.9990484,1.2832046,4.7239876,358.92844,6.2999999999883585,1.1413158,1495.5668

-0.04101757,1.3881378,0.042586125,-0.008958187,0.041466057,0.010930775,0.99903995,1.2984926,4.741287,358.91873,6.3166666666802485,1.1413158,1495.5668

-0.041151933,1.388129,0.042487912,-0.00892918,0.041468047,0.011167979,0.9990375,1.3256087,4.741297,358.92093,6.333333333343035,1.1413158,1495.5668

-0.041280363,1.3881462,0.042471893,-0.008970568,0.041355073,0.011470081,0.9990384,1.3603779,4.7279587,358.91492,6.350000000005821,1.1413158,1495.5668

-0.041412096,1.3881707,0.042505253,-0.009023849,0.04116594,0.011786019,0.99904203,1.3966988,4.705852,358.90756,6.366666666668607,1.1413158,1495.5668

-0.041551877,1.3881954,0.042573173,-0.008946026,0.040871684,0.012063309,0.9990515,1.4278327,4.671917,358.91565,6.383333333331393,1.1413158,1495.5668

-0.041700497,1.3882052,0.042642582,-0.008803074,0.04040116,0.012336235,0.9990686,1.4579563,4.6178737,358.93152,6.399999999994179,1.1413158,1495.5668

-0.041901752,1.3882387,0.04253884,-0.00866928,0.039861493,0.012523885,0.9990891,1.478258,4.555988,358.94687,6.416666666656965,1.1413158,1495.5668

-0.042038403,1.3882045,0.042519692,-0.008587119,0.039381266,0.012790778,0.9991055,1.5079794,4.5007653,358.95587,6.4333333333197515,1.1413158,1495.5668

-0.04214288,1.3881464,0.042508967,-0.008699791,0.03898745,0.013040543,0.9991167,1.5367107,4.4551744,358.9424,6.4500000000116415,1.1413158,1495.5668

-0.042206876,1.3880907,0.04250476,-0.008839243,0.03874454,0.013174089,0.9991232,1.552381,4.426964,358.92624,6.466666666674428,1.1413158,1495.5668

-0.042225022,1.3880602,0.04251606,-0.008901345,0.038652256,0.01315258,0.99912655,1.5500749,4.4163094,358.91934,6.483333333337214,1.1413158,1495.5668

-0.042191222,1.3880596,0.04256366,-0.0089777745,0.03882079,0.013004758,0.99912125,1.5336399,4.435676,358.91092,6.5,1.141672,1494.981

-0.041950762,1.3880601,0.042644788,-0.009143023,0.039129436,0.012752544,0.99911094,1.5057864,4.471092,358.8926,6.516666666662786,1.141672,1494.981

-0.041765146,1.3880794,0.04273827,-0.009213913,0.039341256,0.012519848,0.9991049,1.4796388,4.495533,358.88516,6.533333333325572,1.141672,1494.981

-0.041589215,1.3881197,0.042857245,-0.009085417,0.039377905,0.01230672,0.9991073,1.4546243,4.50016,358.90082,6.5499999999883585,1.141672,1494.981

-0.04141718,1.3881731,0.042987943,-0.008858784,0.039244976,0.012157117,0.99911636,1.4362601,4.485408,358.92773,6.5666666666802485,1.141672,1494.981

-0.04125227,1.3882511,0.04313756,-0.008578599,0.03910231,0.011996821,0.9991264,1.4164237,4.469619,358.96085,6.583333333343035,1.141672,1494.981

-0.04110736,1.3883488,0.0433189,-0.008318851,0.039071105,0.011815141,0.999132,1.3943574,4.4665923,358.99152,6.600000000005821,1.141672,1494.981

-0.041262373,1.3886006,0.04398659,-0.008073461,0.0392628,0.011481278,0.99913037,1.3551207,4.489243,359.02094,6.616666666668607,1.141672,1494.981

-0.041270226,1.3887632,0.04438109,-0.0076095755,0.03962761,0.011257607,0.99912214,1.3277187,4.531911,359.0747,6.633333333331393,1.141672,1494.981

-0.04125594,1.3888849,0.044668723,-0.007316781,0.040141024,0.0111307595,0.9991052,1.3123313,4.591286,359.10822,6.649999999994179,1.141672,1494.981

-0.041256167,1.3889675,0.04488428,-0.0071346355,0.040625148,0.011137901,0.9990869,1.3127878,4.6470356,359.12842,6.666666666656965,1.141672,1494.981

-0.041284144,1.3890109,0.04504112,-0.0067776428,0.04095248,0.011307962,0.9990741,1.3309696,4.6849003,359.16818,6.6833333333197515,1.141672,1494.981

-0.041344777,1.389014,0.045137372,-0.0066990806,0.04111271,0.01166805,0.99906397,1.3721195,4.7030826,359.1753,6.7000000000116415,1.141672,1494.981

-0.041820586,1.3890077,0.04542458,-0.006796082,0.041098107,0.012133834,0.99905837,1.4260757,4.7008843,359.16196,6.716666666674428,1.141672,1494.981

-0.04206084,1.388967,0.045515075,-0.006686328,0.0409103,0.012597668,0.99906105,1.478668,4.6791205,359.17267,6.733333333337214,1.141672,1494.981

-0.04222314,1.3889182,0.045533083,-0.0066467593,0.040655512,0.013047086,0.99906594,1.529871,4.649591,359.1755,6.75,1.141672,1494.981

-0.042347655,1.3888664,0.045522504,-0.0066369176,0.040394153,0.013464757,0.999071,1.5775584,4.6192913,359.1751,6.766666666662786,1.141672,1494.981

-0.042441364,1.3888175,0.045512058,-0.0064967275,0.04020497,0.013803708,0.999075,1.6156688,4.597544,359.18997,6.783333333325572,1.141672,1494.981

-0.042503674,1.3887733,0.04551263,-0.0063425684,0.0401452,0.014068924,0.9990747,1.6453699,4.5907297,359.20657,6.7999999999883585,1.141672,1494.981

-0.042827025,1.3887472,0.045884095,-0.0064947647,0.040063173,0.014287201,0.99907386,1.6710676,4.5808954,359.18823,6.8166666666802485,1.141672,1494.981

-0.04292632,1.3887172,0.04596857,-0.0066199023,0.039984144,0.01433732,0.99907553,1.6773235,4.571583,359.17377,6.833333333343035,1.1413158,1495.5668

-0.042946294,1.388703,0.045976322,-0.0065378943,0.03994048,0.014244798,0.9990791,1.6662778,4.566789,359.18365,6.850000000005821,1.1413158,1495.5668

-0.042937644,1.3887136,0.0459723,-0.006339385,0.040021338,0.014025983,0.9990803,1.6403075,4.5765657,359.20734,6.866666666668607,1.1413158,1495.5668

-0.042917807,1.3887482,0.045973953,-0.006237387,0.040282376,0.013685854,0.9990752,1.601005,4.6069317,359.22018,6.883333333331393,1.1413158,1495.5668

-0.042900756,1.388804,0.045983925,-0.0062142243,0.04073305,0.013282251,0.9990625,1.5549406,4.6589622,359.22397,6.899999999994179,1.1413158,1495.5668

-0.04269062,1.3890283,0.046006482,-0.006131279,0.041225716,0.012887148,0.99904794,1.5096021,4.71589,359.23456,6.916666666656965,1.1413158,1495.5668

-0.042603437,1.3891397,0.04603055,-0.0058397227,0.041703027,0.012666202,0.99903274,1.4832478,4.7712293,359.26837,6.9333333333197515,1.1409599,1496.1525

-0.04255873,1.3891982,0.04603178,-0.005746422,0.04202209,0.0126201445,0.99902046,1.47778,4.807991,359.2788,6.9500000000116415,1.1409599,1496.1525

-0.042535886,1.3892317,0.046009444,-0.0057647745,0.042028088,0.01273439,0.99901867,1.4910007,4.808569,359.27615,6.966666666674428,1.1413158,1495.5668

-0.042532414,1.3892512,0.045972403,-0.0057128225,0.04175402,0.01296684,0.99902743,1.5172262,4.7770486,359.28143,6.983333333337214,1.1409599,1496.1525

-0.042534404,1.3892616,0.045923445,-0.0055141854,0.041305225,0.013269402,0.9990432,1.5506666,4.725673,359.30353,7.0,1.1409599,1496.1525

-0.042872492,1.389182,0.04654043,-0.005159447,0.040787227,0.013520772,0.9990631,1.5774573,4.6666574,359.34393,7.016666666662786,1.1409599,1496.1525

-0.042966254,1.3891519,0.04674919,-0.0049291854,0.040454913,0.013698577,0.9990753,1.5965538,4.6288004,359.37012,7.033333333325572,1.1409599,1496.1525

-0.0429817,1.3891226,0.046843212,-0.0048172367,0.040385157,0.013805538,0.9990772,1.6082698,4.6209145,359.38257,7.0499999999883585,1.1409599,1496.1525

-0.042977627,1.3890806,0.046911247,-0.004448841,0.040491194,0.0138246715,0.99907434,1.6088357,4.6336555,359.42462,7.0666666666802485,1.1409599,1496.1525

-0.04297848,1.389017,0.046903986,-0.0044274535,0.040569074,0.013860682,0.99907076,1.6129284,4.6426,359.42676,7.083333333343035,1.1409599,1496.1525

-0.04297242,1.3889248,0.046859026,-0.004511035,0.040725593,0.013885816,0.99906373,1.616317,4.660399,359.4168,7.100000000005821,1.1409599,1496.1525

-0.043016616,1.3888217,0.04717163,-0.004648125,0.04078061,0.013883301,0.9990609,1.6167091,4.666488,359.40097,7.116666666668607,1.1409599,1496.1525

-0.043002985,1.388696,0.04713379,-0.004926873,0.040635172,0.0138734095,0.9990656,1.6167657,4.649365,359.36926,7.133333333331393,1.1409599,1496.1525

-0.042962283,1.3885536,0.046943862,-0.005319162,0.040353704,0.013869686,0.99907506,1.6179388,4.616456,359.32468,7.149999999994179,1.1409599,1496.1525

-0.042908125,1.3884121,0.04669968,-0.005609555,0.04007859,0.013865708,0.9990846,1.6185945,4.584441,359.2918,7.166666666656965,1.1409599,1496.1525

-0.04284133,1.3882791,0.04644578,-0.005709973,0.039867517,0.013879766,0.9990923,1.620491,4.5600653,359.28055,7.1833333333197515,1.1413158,1495.5668

-0.042759165,1.3881605,0.046179246,-0.0059257895,0.039672628,0.013924457,0.9990981,1.6264409,4.5373335,359.25592,7.2000000000116415,1.1413158,1495.5668

-0.04280527,1.388108,0.04630638,-0.0062505053,0.039552376,0.013991753,0.99909997,1.635538,4.5229635,359.2185,7.216666666674428,1.1413158,1495.5668

-0.042741645,1.388043,0.046190415,-0.0064856713,0.03941603,0.014052431,0.99910307,1.643446,4.5068955,359.19147,7.233333333337214,1.1413158,1495.5668

-0.042635456,1.3879789,0.045997635,-0.006611654,0.039173175,0.014139688,0.9991105,1.653806,4.47877,359.177,7.25,1.1413158,1495.5668

-0.042505533,1.3879172,0.045778185,-0.006842796,0.03886737,0.01425385,0.9991193,1.6676562,4.443225,359.15048,7.266666666662786,1.1413158,1495.5668

-0.042361602,1.3878626,0.04555973,-0.0071201664,0.038531836,0.014414689,0.99912804,1.6870242,4.4041476,359.1185,7.283333333325572,1.1413158,1495.5668

-0.04219812,1.3878237,0.045373578,-0.007243938,0.03819063,0.014547479,0.99913836,1.702471,4.3646975,359.1043,7.2999999999883585,1.1413158,1495.5668

-0.042263452,1.3878887,0.045740128,-0.007298219,0.037836697,0.014586288,0.9991508,1.7067994,4.323989,359.09854,7.3166666666802485,1.1413158,1495.5668

-0.042168885,1.3879291,0.045780223,-0.00733227,0.037550505,0.014572635,0.9991616,1.7050822,4.29113,359.0952,7.333333333343035,1.1413158,1495.5668

-0.042032287,1.3879579,0.04572515,-0.0072536846,0.037360154,0.014579289,0.9991692,1.7053128,4.269433,359.10452,7.350000000005821,1.1413158,1495.5668

-0.04188331,1.3879812,0.04563719,-0.007204382,0.037274517,0.014583884,0.9991727,1.7055423,4.2596946,359.11032,7.366666666668607,1.141672,1494.981

-0.041730627,1.3879948,0.0455281,-0.007324003,0.03729547,0.0145579865,0.9991714,1.7031006,4.2619157,359.09665,7.383333333331393,1.141672,1494.981

-0.04157854,1.3880025,0.04541842,-0.007530549,0.03743677,0.014491794,0.99916553,1.6965307,4.277826,359.07297,7.399999999994179,1.141672,1494.981

-0.041768797,1.3881912,0.04582446,-0.007636691,0.037482526,0.014440756,0.9991638,1.6911734,4.2829404,359.0609,7.416666666656965,1.141672,1494.981

-0.041753292,1.3882912,0.0458851,-0.00764401,0.037509885,0.01432581,0.99916434,1.6780337,4.2861724,359.06055,7.4333333333197515,1.141672,1494.981

-0.04167658,1.3883605,0.045831606,-0.007698574,0.037516564,0.014216853,0.99916524,1.6657627,4.2869496,359.05472,7.4500000000116415,1.141672,1494.981

-0.041584417,1.3884214,0.045744564,-0.007826822,0.037526574,0.01409137,0.99916565,1.6519139,4.288004,359.0405,7.466666666674428,1.141672,1494.981

-0.041494016,1.3884814,0.04565586,-0.00795674,0.037558164,0.013959941,0.9991653,1.637414,4.291539,359.02612,7.483333333337214,1.141672,1494.981

-0.04141334,1.3885413,0.045576338,-0.008095797,0.037619453,0.013848634,0.9991634,1.6252979,4.298449,359.0105,7.5,1.141672,1494.981

-0.041652188,1.3885388,0.04601562,-0.00822786,0.037591126,0.013780084,0.99916434,1.6179625,4.295056,358.9957,7.516666666662786,1.141672,1494.981

-0.041724686,1.3885899,0.04611708,-0.008289985,0.03748571,0.013697371,0.9991689,1.6086116,4.282952,358.9891,7.533333333325572,1.141672,1494.981

-0.04174954,1.3886731,0.046093147,-0.008337689,0.037333813,0.013580216,0.9991757,1.5951897,4.265578,358.9844,7.5499999999883585,1.141672,1494.981

-0.041757386,1.3887782,0.04602166,-0.008360635,0.03720087,0.013426172,0.9991826,1.5774465,4.250456,358.9826,7.5666666666802485,1.141672,1494.981

-0.041754633,1.3888952,0.045946892,-0.008350581,0.03717156,0.0132324705,0.9991864,1.5551268,4.2473083,358.98468,7.583333333343035,1.141672,1494.981

-0.041746143,1.3890078,0.045890167,-0.008408849,0.037272472,0.013073187,0.99918425,1.5371988,4.25895,358.9785,7.600000000005821,1.141672,1494.981

-0.042262748,1.3889313,0.04627082,-0.0085612275,0.037414685,0.013044893,0.999178,1.5347645,4.275051,358.96088,7.616666666668607,1.141672,1494.981

-0.04245785,1.3889757,0.04640065,-0.008667262,0.037677072,0.012997124,0.9991678,1.5300403,4.3050222,358.94846,7.633333333331393,1.141672,1494.981

-0.042549163,1.3890607,0.046458524,-0.008702251,0.037923727,0.012977041,0.9991585,1.5281746,4.333271,358.94415,7.649999999994179,1.141672,1494.981

-0.0426089,1.3891491,0.04647784,-0.008850049,0.037977427,0.013014681,0.9991546,1.5332035,4.3391614,358.92694,7.666666666656965,1.141672,1494.981

-0.042663142,1.3892318,0.046467952,-0.008992392,0.03772023,0.013112473,0.99916184,1.5447421,4.309347,358.91058,7.6833333333197515,1.141672,1494.981

-0.042717658,1.3893219,0.046448,-0.008886556,0.03723874,0.013225473,0.99917936,1.5566851,4.2541833,358.92303,7.7000000000116415,1.141672,1494.981

-0.042755187,1.3893014,0.0459611,-0.008630886,0.036665753,0.013321819,0.99920154,1.56599,4.188786,358.9529,7.716666666674428,1.141672,1494.981

-0.04279746,1.3893802,0.04578585,-0.008498011,0.036257952,0.0133403335,0.9992173,1.5670894,4.1422195,358.96875,7.733333333337214,1.141672,1494.981

-0.04283455,1.3894964,0.045753162,-0.008413714,0.03617219,0.013256485,0.9992222,1.5570142,4.132605,358.97894,7.75,1.141672,1494.981

-0.04286078,1.3896216,0.04578246,-0.008311912,0.036331646,0.013119987,0.9992191,1.5410991,4.151183,358.99094,7.766666666662786,1.141672,1494.981

-0.04287759,1.38974,0.04582391,-0.00832873,0.03660755,0.012994384,0.99921054,1.5270575,4.182917,358.9891,7.783333333325572,1.141672,1494.981

-0.04289528,1.3898481,0.045853272,-0.008480094,0.036869135,0.012904995,0.9992008,1.5177268,4.21277,358.97165,7.7999999999883585,1.141672,1494.981

-0.042800758,1.3897717,0.045330677,-0.008644483,0.03700479,0.012850233,0.9991951,1.5122902,4.228131,358.95282,7.8166666666802485,1.141672,1494.981

-0.042810485,1.3897911,0.04511393,-0.008736982,0.036850374,0.012853069,0.9992,1.5128267,4.2102833,358.9424,7.833333333343035,1.141672,1494.981

-0.042864524,1.3898412,0.044977855,-0.008769194,0.036615565,0.012870936,0.9992081,1.5147381,4.183294,358.93903,7.850000000005821,1.141672,1494.981

-0.042939536,1.3899002,0.04486847,-0.00892631,0.036471244,0.01288768,0.9992117,1.5171474,4.166491,358.92114,7.866666666668607,1.141672,1494.981

-0.043026246,1.3899561,0.04479186,-0.009080621,0.036483154,0.012903328,0.9992097,1.519603,4.167605,358.90332,7.883333333331393,1.141672,1494.981

-0.043116365,1.3900034,0.044744324,-0.009230887,0.036652382,0.012881163,0.99920243,1.5178931,4.1868033,358.8859,7.899999999994179,1.141672,1494.981

-0.043341152,1.3895029,0.044843376,-0.009306911,0.03688325,0.012785918,0.99919444,1.5075614,4.2132645,358.87723,7.916666666656965,1.141672,1494.981

-0.043480802,1.3893473,0.04488949,-0.00939185,0.037255988,0.012632082,0.9991818,1.4907199,4.2560463,358.86752,7.9333333333197515,1.141672,1494.981

-0.043599673,1.3892993,0.044915125,-0.009562134,0.037699822,0.012515051,0.999165,1.4785697,4.3068156,358.84775,7.9500000000116415,1.141672,1494.981

-0.043713823,1.3892804,0.044939596,-0.00972475,0.03806969,0.012455698,0.99915016,1.4729316,4.3490524,358.82877,7.966666666674428,1.141672,1494.981

-0.0438263,1.3892603,0.044977862,-0.0098344255,0.038298234,0.012488217,0.9991399,1.4774419,4.3750567,358.81567,7.983333333337214,1.141672,1494.981

-0.04393314,1.389227,0.04501734,-0.009915766,0.03836426,0.012580909,0.99913543,1.4885303,4.382396,358.80582,8.0,1.141672,1494.981

-0.044059068,1.3889779,0.04489908,-0.010138081,0.038237914,0.012704301,0.9991365,1.5035088,4.367428,358.77994,8.016666666662786,1.141672,1494.981

-0.044140875,1.3888658,0.044881936,-0.0103052845,0.03804071,0.0128188105,0.9991408,1.5171237,4.3444223,358.76056,8.033333333325572,1.141672,1494.981

-0.044189077,1.3888023,0.044907235,-0.010428916,0.037874162,0.012908447,0.99914473,1.527727,4.3250275,358.74625,8.049999999988358,1.141672,1494.981

-0.04420521,1.388752,0.044946875,-0.010575814,0.037787255,0.012969796,0.9991457,1.5352883,4.31476,358.72925,8.066666666680248,1.141672,1494.981

-0.044202324,1.388707,0.04499489,-0.0107034175,0.0377753,0.012986222,0.99914455,1.5377097,4.3131723,358.71454,8.083333333343035,1.141672,1494.981

-0.044195488,1.3886789,0.045065768,-0.0107843885,0.037826538,0.012957403,0.9991421,1.534823,4.3189597,358.7053,8.10000000000582,1.141672,1494.981

-0.044109702,1.3884941,0.045334112,-0.010817867,0.037969194,0.012914482,0.99913687,1.5302413,4.3353205,358.70142,8.116666666668607,1.141672,1494.981

-0.044066712,1.3884417,0.045532335,-0.010828368,0.038202945,0.012845066,0.99912876,1.5226471,4.362195,358.70013,8.133333333331393,1.141672,1494.981

-0.04403735,1.3884339,0.045724444,-0.010851052,0.038411114,0.012762562,0.9991216,1.5135676,4.3861365,358.69754,8.14999999999418,1.141672,1494.981

-0.044011634,1.3884542,0.045925435,-0.010735959,0.038546298,0.012657293,0.9991189,1.5011623,4.401946,358.711,8.166666666656965,1.141672,1494.981

-0.043984562,1.3884932,0.046149373,-0.010453338,0.038718224,0.012575701,0.99911636,1.4907808,4.4221864,358.74353,8.183333333319752,1.141672,1494.981

-0.043947134,1.3885338,0.04637034,-0.010242767,0.038912777,0.012560494,0.9991112,1.4883639,4.444827,358.7675,8.200000000011642,1.141672,1494.981

-0.04387112,1.3887218,0.04641484,-0.010271215,0.039054774,0.01259759,0.99910486,1.4929439,4.46102,358.76382,8.216666666674428,1.141672,1494.981

-0.0437812,1.3888142,0.0465374,-0.010237553,0.039060608,0.012710748,0.99910355,1.5057981,4.4615993,358.76715,8.233333333337214,1.141672,1494.981

-0.043673772,1.3888774,0.046681385,-0.010095005,0.038983453,0.012851778,0.9991062,1.521255,4.4527965,358.78305,8.25,1.141672,1494.981

-0.043556582,1.3889393,0.0468169,-0.009994975,0.03881835,0.012992204,0.9991118,1.5367175,4.4338474,358.7942,8.266666666662786,1.141672,1494.981

-0.043434788,1.3890171,0.04695086,-0.009825453,0.038631618,0.013082509,0.9991196,1.546091,4.412591,358.81357,8.283333333325572,1.141672,1494.981

-0.043307878,1.3891103,0.04709216,-0.009566164,0.03849584,0.0130948,0.99912715,1.5461818,4.397409,358.8435,8.299999999988358,1.141672,1494.981

-0.043524876,1.3894225,0.047269497,-0.009429639,0.038301717,0.013002028,0.99913716,1.53468,4.375469,358.8599,8.316666666680248,1.141672,1494.981

-0.04349011,1.3895915,0.04741257,-0.0093264785,0.03822415,0.0128893135,0.9991425,1.5211858,4.3668604,358.87238,8.333333333343035,1.141672,1494.981

-0.043373358,1.3897115,0.047542877,-0.009252669,0.038240675,0.012748127,0.9991443,1.5046686,4.369025,358.8814,8.35000000000582,1.141672,1494.981

-0.043222025,1.3898044,0.047675163,-0.009216731,0.038346328,0.012601951,0.9991425,1.4878535,4.381357,358.88605,8.366666666668607,1.141672,1494.981

-0.043047607,1.3898784,0.047817767,-0.009224494,0.038511977,0.012460653,0.9991379,1.4718641,4.400496,358.8855,8.383333333331393,1.141672,1494.981

-0.042864226,1.3899364,0.047960468,-0.009267202,0.038690466,0.012306638,0.9991325,1.4545845,4.4210715,358.881,8.39999999999418,1.141672,1494.981

-0.042920344,1.3895844,0.04779857,-0.00924996,0.03884153,0.012177491,0.99912834,1.4398617,4.4385624,358.88333,8.416666666656965,1.141672,1494.981

-0.042823426,1.3894708,0.04780025,-0.009196099,0.038886786,0.012054986,0.99912864,1.425607,4.443966,358.88998,8.433333333319752,1.141672,1494.981

-0.04268613,1.3894317,0.04784015,-0.009222391,0.03889287,0.011916241,0.9991298,1.4097964,4.44478,358.88757,8.450000000011642,1.141672,1494.981

-0.042542204,1.3894138,0.04789314,-0.009388773,0.03892599,0.0117928935,0.9991284,1.3964121,4.4484825,358.86896,8.466666666674428,1.141672,1494.981

-0.042395957,1.3894101,0.04796892,-0.009459436,0.038998846,0.0116569465,0.9991265,1.3812046,4.4568925,358.86133,8.483333333337214,1.141672,1494.981

-0.04224897,1.3894119,0.048046563,-0.009437868,0.039073072,0.0115627535,0.9991249,1.3703823,4.46554,358.86414,8.5,1.141672,1494.981

-0.042651072,1.3895152,0.04759189,-0.009557842,0.03918862,0.011487512,0.9991201,1.3624231,4.4787116,358.85052,8.516666666662786,1.141672,1494.981

-0.042703718,1.389539,0.047472037,-0.009583356,0.03922504,0.011452734,0.9991188,1.3585892,4.482893,358.84772,8.533333333325572,1.141672,1494.981

-0.04264509,1.3895371,0.047452077,-0.00956023,0.039106183,0.01144732,0.99912375,1.3577138,4.469302,358.85056,8.549999999988358,1.141672,1494.981

-0.04254731,1.389517,0.047459457,-0.009510065,0.03893944,0.011505253,0.9991301,1.3639336,4.4501843,358.85632,8.566666666680248,1.141672,1494.981

-0.042433713,1.3894796,0.047468882,-0.009462285,0.038803123,0.0116117485,0.9991346,1.3757813,4.434498,358.8615,8.583333333343035,1.141672,1494.981

-0.04231261,1.3894343,0.04748105,-0.00946084,0.038744718,0.011704812,0.99913585,1.3863902,4.4276967,358.86133,8.60000000000582,1.141672,1494.981

-0.04253631,1.3896145,0.047376893,-0.009647791,0.038826592,0.0118370345,0.9991293,1.4025104,4.4366717,358.83917,8.616666666668607,1.141672,1494.981

-0.042539872,1.3896471,0.047346536,-0.009798911,0.03900556,0.011888932,0.99912024,1.4093745,4.456919,358.82132,8.633333333331393,1.1413158,1495.5668

-0.04247194,1.3896507,0.04734408,-0.0099081425,0.03920289,0.011882462,0.9991115,1.4093773,4.4793997,358.8085,8.64999999999418,1.1413158,1495.5668

-0.042377293,1.3896652,0.04735209,-0.009901764,0.03935843,0.011797423,0.99910647,1.3997841,4.497345,358.8094,8.666666666656965,1.1413158,1495.5668

-0.042272393,1.3896906,0.0473731,-0.009753954,0.03941938,0.011716847,0.99910647,1.3899415,4.5046353,358.82663,8.683333333319752,1.1413158,1495.5668

-0.04215216,1.3897238,0.047420282,-0.009502704,0.039364506,0.01166608,0.9991116,1.3829064,4.4987497,358.8558,8.700000000011642,1.1413158,1495.5668

-0.04231043,1.3899881,0.04745645,-0.009277297,0.039252963,0.011623088,0.9991186,1.3768142,4.48632,358.88205,8.716666666674428,1.1413158,1495.5668

-0.042259775,1.3900912,0.04750715,-0.00916018,0.039114434,0.011575695,0.9991257,1.3706756,4.4706497,358.8959,8.733333333337214,1.1413158,1495.5668

-0.04214349,1.3901362,0.04756237,-0.009034632,0.039042603,0.011557199,0.9991299,1.3679022,4.4626055,358.91052,8.75,1.1413158,1495.5668

-0.042008277,1.3901638,0.04760435,-0.008889124,0.03899068,0.0115813445,0.9991329,1.3699628,4.4568243,358.92722,8.766666666662786,1.1413158,1495.5668

-0.041866332,1.3901887,0.04760804,-0.008778804,0.038873743,0.011619067,0.999138,1.3736656,4.443527,358.93985,8.783333333325572,1.1413158,1495.5668

-0.041717768,1.390221,0.047578443,-0.0086616855,0.038740948,0.011603366,0.9991444,1.3711869,4.4284782,358.95358,8.799999999988358,1.1413158,1495.5668

-0.042039216,1.3904864,0.047508303,-0.008617339,0.038629547,0.011619905,0.9991489,1.3727611,4.4157486,358.95877,8.816666666680248,1.1413158,1495.5668

-0.042073242,1.3906043,0.04743159,-0.008574723,0.038644712,0.011528578,0.99914974,1.3621008,4.4176407,358.96405,8.833333333343035,1.1413158,1495.5668

-0.042020228,1.3906705,0.04736808,-0.00853351,0.038798943,0.011375148,0.9991458,1.3444726,4.4355392,358.96924,8.85000000000582,1.1413158,1495.5668

-0.04195206,1.3907108,0.04730338,-0.008494545,0.039025392,0.011244313,0.99913883,1.3295292,4.4616923,358.97397,8.866666666668607,1.1413158,1495.5668

-0.04188559,1.3907373,0.047220103,-0.008434424,0.03919495,0.01115609,0.9991337,1.3193182,4.4813046,358.98102,8.883333333331393,1.1413158,1495.5668

-0.041821383,1.3907487,0.047098484,-0.008353122,0.039153893,0.011119251,0.9991364,1.3146758,4.4767413,358.9906,8.89999999999418,1.1413158,1495.5668

-0.04205261,1.3907586,0.04717984,-0.008277568,0.038954,0.011174696,0.99914426,1.3204834,4.4538646,358.9993,8.916666666656965,1.1413158,1495.5668

-0.04210253,1.3907472,0.047108997,-0.008156087,0.038723305,0.011241582,0.99915344,1.327371,4.427506,359.01328,8.933333333319752,1.1413158,1495.5668

-0.04208325,1.3907127,0.046983078,-0.008194665,0.03861494,0.011324428,0.9991564,1.336938,4.414947,359.00864,8.950000000011642,1.1413158,1495.5668

-0.04204014,1.3906698,0.046843145,-0.008400493,0.03865723,0.011386079,0.9991523,1.3449774,4.419458,358.98468,8.966666666674428,1.1413158,1495.5668

-0.04199118,1.390621,0.0467051,-0.0085902605,0.038735874,0.011450909,0.99914694,1.353354,4.428153,358.9625,8.983333333337214,1.1413158,1495.5668

-0.041943282,1.3905773,0.046561964,-0.008768841,0.038788486,0.011500579,0.99914277,1.359913,4.433891,358.94165,9.0,1.1413158,1495.5668

-0.042067543,1.3903111,0.046879448,-0.008956585,0.038742393,0.011604084,0.9991417,1.3725803,4.4282384,358.91974,9.016666666662786,1.1413158,1495.5668

-0.042106975,1.3902209,0.046904754,-0.0090416,0.038711853,0.011579797,0.9991424,1.3701316,4.424646,358.9101,9.033333333325572,1.1413158,1495.5668

-0.042121574,1.3901979,0.04683714,-0.008936447,0.038685355,0.011500375,0.99914527,1.3605121,4.4218373,358.92258,9.049999999988358,1.1413158,1495.5668

-0.04212732,1.3902025,0.04672995,-0.008891026,0.038642965,0.011413776,0.99914837,1.3503147,4.417132,358.92822,9.066666666680248,1.1413158,1495.5668

-0.042123407,1.390212,0.046606883,-0.008978899,0.038584232,0.011332492,0.9991507,1.3412986,4.4103665,358.91858,9.083333333343035,1.1413158,1495.5668

-0.042113606,1.3902177,0.046490017,-0.008952057,0.038475733,0.01129907,0.9991556,1.3372127,4.3979983,358.92197,9.10000000000582,1.1413158,1495.5668

-0.042346314,1.3899052,0.04666701,-0.008722484,0.03842819,0.011371384,0.9991586,1.3444505,4.392778,358.9481,9.116666666668607,1.1413158,1495.5668

-0.04242827,1.3897942,0.046685822,-0.008779082,0.038408253,0.011383859,0.9991587,1.3461093,4.3904023,358.94156,9.133333333331393,1.1413158,1495.5668

-0.04246355,1.3897475,0.046664204,-0.008975438,0.03848242,0.011341945,0.9991546,1.3422478,4.3986874,358.9191,9.14999999999418,1.1413158,1495.5668

-0.042494163,1.389733,0.046639435,-0.00908647,0.038633887,0.011246246,0.99914885,1.3319285,4.4160104,358.90652,9.166666666656965,1.1413158,1495.5668

-0.042530473,1.3897359,0.04661377,-0.009085675,0.038837414,0.011169147,0.9991418,1.3233144,4.4394326,358.90668,9.183333333319752,1.1413158,1495.5668

-0.042565405,1.3897436,0.04657964,-0.009009462,0.039001334,0.0111105265,0.9991368,1.3164376,4.458393,358.91547,9.200000000011642,1.1413158,1495.5668

-0.042674936,1.3895084,0.046692282,-0.008905381,0.038942877,0.011151649,0.99913955,1.3206266,4.451783,358.9273,9.216666666674428,1.1413158,1495.5668

-0.04274529,1.3894428,0.046696667,-0.008908232,0.038854435,0.011194769,0.9991424,1.3254875,4.4415913,358.92694,9.233333333337214,1.1413158,1495.5668

-0.04282163,1.3894325,0.04666272,-0.008893161,0.03868268,0.011240819,0.9991487,1.3305068,4.4218683,358.92868,9.25,1.1413158,1495.5668

-0.042909134,1.3894383,0.04661357,-0.0088765565,0.038438108,0.01128419,0.99915785,1.3351268,4.3938007,358.93076,9.266666666662786,1.1413158,1495.5668

-0.04299417,1.3894544,0.046570595,-0.008860284,0.03828176,0.011261041,0.9991643,1.332213,4.3759203,358.93295,9.283333333325572,1.1413158,1495.5668

-0.043072704,1.3894755,0.046558227,-0.008752778,0.03836134,0.011161197,0.99916327,1.320367,4.3852935,358.94562,9.299999999988358,1.1413158,1495.5668

-0.043108687,1.3894082,0.046897836,-0.008719152,0.038638208,0.01111435,0.9991534,1.315159,4.417134,358.9493,9.316666666680248,1.1413158,1495.5668

-0.043175966,1.3893946,0.04701764,-0.008816798,0.03898022,0.010964635,0.9991409,1.2987956,4.456381,358.93826,9.333333333343035,1.1413158,1495.5668

-0.04325775,1.3893883,0.047030713,-0.008979394,0.03926275,0.0108060725,0.99913013,1.2816452,4.488737,358.91992,9.35000000000582,1.1413158,1495.5668

-0.043355145,1.3893747,0.04698009,-0.009113397,0.039358858,0.010715403,0.99912614,1.2719495,4.4996853,358.90482,9.366666666668607,1.1413158,1495.5668

-0.04346917,1.3893627,0.046907235,-0.008962797,0.03928756,0.010628727,0.99913126,1.2612303,4.491795,358.9226,9.383333333331393,1.1413158,1495.5668

-0.043590683,1.3893367,0.046828188,-0.008848641,0.039104667,0.010663682,0.9991391,1.2645174,4.4709306,358.9358,9.39999999999418,1.1413158,1495.5668

-0.04360788,1.3890668,0.046899922,-0.008843794,0.038949613,0.010678268,0.999145,1.2659903,4.4531407,358.9365,9.416666666656965,1.1413158,1495.5668

-0.04369084,1.3889515,0.046901274,-0.008937346,0.038913272,0.010703537,0.99914527,1.2692673,4.448828,358.9257,9.433333333319752,1.1413158,1495.5668

-0.04379277,1.3888923,0.046895105,-0.009043225,0.038959287,0.010709388,0.99914247,1.2704663,4.4539638,358.91345,9.450000000011642,1.1413158,1495.5668

-0.043907717,1.3888543,0.046888437,-0.009133959,0.039032545,0.010722676,0.99913865,1.2724856,4.462234,358.90286,9.466666666674428,1.1413158,1495.5668

-0.04404004,1.3888297,0.04687919,-0.009172999,0.03910852,0.010708306,0.9991355,1.2711014,4.470911,358.89835,9.483333333337214,1.1413158,1495.5668

-0.04419194,1.3888075,0.04685515,-0.009179188,0.039141405,0.010703342,0.9991342,1.2705985,4.4746804,358.89758,9.5,1.1413158,1495.5668

-0.044455394,1.3886151,0.047046628,-0.009187222,0.03902063,0.010780144,0.99913806,1.2793099,4.4607368,358.8965,9.516666666662786,1.1413158,1495.5668

-0.044648483,1.3885398,0.047074694,-0.00934875,0.038898714,0.010852788,0.9991405,1.2882262,4.4464684,358.87778,9.533333333325572,1.1413158,1495.5668

-0.04482965,1.3884996,0.047027204,-0.009567163,0.038717948,0.0109593235,0.99914426,1.3012091,4.4253373,358.85248,9.549999999988358,1.1413158,1495.5668

-0.045013636,1.3884835,0.04694884,-0.0096675875,0.03847529,0.011048541,0.9991517,1.3115944,4.3972793,358.8409,9.566666666680248,1.1413158,1495.5668

-0.04520066,1.3884835,0.046862107,-0.009778705,0.03825029,0.011097953,0.99915874,1.3174716,4.3712764,358.82822,9.583333333343035,1.1413158,1495.5668

-0.04538627,1.3885038,0.046792857,-0.009931687,0.038174335,0.011083855,0.9991603,1.3164246,4.362382,358.81085,9.60000000000582,1.1413158,1495.5668

-0.045258537,1.3885055,0.04722159,-0.009900976,0.03834953,0.010926951,0.99915564,1.2984967,4.3826976,358.81482,9.616666666668607,1.1413158,1495.5668

-0.04529496,1.3885516,0.047386263,-0.009904624,0.03863272,0.010809625,0.9991459,1.2854036,4.4153028,358.8145,9.633333333331393,1.1413158,1495.5668

-0.045390785,1.3886049,0.04745406,-0.010096179,0.0388837,0.010740857,0.999135,1.2786828,4.4439173,358.79245,9.64999999999418,1.1413158,1495.5668

-0.045515165,1.3886591,0.04747883,-0.010281146,0.038982123,0.010723258,0.9991295,1.277617,4.454988,358.77118,9.666666666656965,1.1413158,1495.5668

-0.045658264,1.3887165,0.047486912,-0.010270296,0.03891503,0.010748833,0.999132,1.2804163,4.447277,358.77237,9.683333333319752,1.1413158,1495.5668

-0.04581435,1.3887745,0.04749761,-0.010140303,0.03872951,0.010802111,0.9991399,1.2857115,4.4261065,358.78735,9.700000000011642,1.1413158,1495.5668

-0.045135558,1.388766,0.047881447,-0.010113774,0.03864292,0.010630095,0.9991454,1.2657243,4.4164205,358.79126,9.716666666674428,1.1413158,1495.5668

-0.044993255,1.3888166,0.048045922,-0.0101543125,0.03853945,0.010515796,0.99915016,1.252641,4.4046435,358.78726,9.733333333337214,1.1413158,1495.5668

-0.04503593,1.3888959,0.04817799,-0.0100238845,0.038575687,0.010429424,0.99915093,1.2421926,4.4090657,358.80258,9.75,1.1413158,1495.5668

-0.0451503,1.3889945,0.04832298,-0.009843538,0.038758107,0.010398869,0.99914604,1.2381191,4.4302425,358.82318,9.766666666662786,1.141672,1494.981

-0.045301266,1.389107,0.048468366,-0.009798901,0.03895721,0.010409735,0.99913865,1.2394221,4.453115,358.82797,9.783333333325572,1.141672,1494.981

-0.045469362,1.389243,0.048612785,-0.009755063,0.03909279,0.010469489,0.9991331,1.2462614,4.468646,358.83258,9.799999999988358,1.141672,1494.981

-0.045278817,1.3894948,0.048708763,-0.009618561,0.039078414,0.010484751,0.99913484,1.2473845,4.46715,358.8482,9.816666666680248,1.141672,1494.981

-0.04529938,1.3897,0.048809793,-0.009490078,0.03888415,0.010569717,0.99914277,1.2563269,4.4449387,358.86285,9.833333333343035,1.141672,1494.981

-0.045377314,1.3898929,0.048925523,-0.00936014,0.038669206,0.010665739,0.9991513,1.2665129,4.420347,358.87762,9.85000000000582,1.141672,1494.981

-0.04547066,1.3900832,0.049080446,-0.009153963,0.038543746,0.010737133,0.9991573,1.2736479,4.4061446,358.90118,9.866666666668607,1.141672,1494.981

-0.045577727,1.3902738,0.04928605,-0.008903732,0.03854827,0.0108198505,0.9991585,1.2820476,4.4068937,358.92953,9.883333333331393,1.141672,1494.981

-0.045693893,1.3904605,0.049526934,-0.008754451,0.03861353,0.010883712,0.99915665,1.2887979,4.414501,358.94632,9.89999999999418,1.141672,1494.981

-0.045940436,1.3909204,0.050064918,-0.008719692,0.038644828,0.010817744,0.9991564,1.2811038,4.4182034,358.95053,9.916666666656965,1.141672,1494.981

-0.046080872,1.3911587,0.050376154,-0.0085835075,0.038464822,0.0107774455,0.999165,1.2756679,4.3977795,358.9666,9.933333333319752,1.141672,1494.981

-0.04619244,1.3913174,0.050601527,-0.008384527,0.038214423,0.010708351,0.99917704,1.266577,4.369392,358.9901,9.950000000011642,1.141672,1494.981

-0.046289816,1.3914356,0.050799534,-0.00799102,0.03797256,0.010609563,0.9991905,1.2532508,4.3422527,359.03604,9.966666666674428,1.141672,1494.981

-0.046375725,1.3915247,0.050973233,-0.0078088264,0.037800513,0.010474084,0.9991999,1.2367203,4.322882,359.05777,9.983333333337214,1.141672,1494.981

-0.046449333,1.391584,0.05112405,-0.007908012,0.037761644,0.010323477,0.99920213,1.2198137,4.318445,359.0471,10.0,1.141672,1494.981

-0.04639271,1.391674,0.052050322,-0.008079402,0.037854157,0.010102565,0.99919957,1.1952852,4.3290596,359.02823,10.016666666662786,1.141672,1494.981

-0.046415463,1.3917105,0.052425127,-0.008123495,0.03806756,0.009911413,0.999193,1.173753,4.353663,359.02377,10.033333333325572,1.141672,1494.981

-0.046468005,1.3917356,0.05261801,-0.008091564,0.03833359,0.009735592,0.9991848,1.1537051,4.384375,359.02786,10.049999999988358,1.141672,1494.981

-0.046536583,1.391754,0.052731466,-0.008192763,0.03853396,0.009608367,0.9991775,1.1397542,4.407359,359.01654,10.066666666680248,1.141672,1494.981

-0.046621352,1.3917603,0.052801255,-0.008358483,0.03856563,0.009594367,0.9991751,1.1389132,4.4108157,358.99753,10.083333333343035,1.141672,1494.981

-0.04671692,1.39175,0.05282636,-0.00857242,0.03833477,0.009702812,0.9991811,1.1520551,4.3839884,358.97278,10.10000000000582,1.141672,1494.981

-0.0462187,1.3912873,0.052041836,-0.008894126,0.037837442,0.0098218825,0.99919605,1.166568,4.3264656,358.9359,10.116666666668607,1.141672,1494.981

-0.046097636,1.3910906,0.051719945,-0.009091583,0.03728472,0.010046597,0.9992128,1.1925776,4.262615,358.913,10.133333333331393,1.141672,1494.981

-0.04608196,1.3909764,0.051558036,-0.009347002,0.03680885,0.010306929,0.99922544,1.2229863,4.207457,358.88318,10.14999999999418,1.141672,1494.981

-0.046089306,1.3908975,0.05146177,-0.009705432,0.036453523,0.01050516,0.999233,1.2468143,4.1660485,358.84167,10.166666666656965,1.141672,1494.981

-0.04610403,1.3908397,0.05141525,-0.009919763,0.036240634,0.010618978,0.9992375,1.2605053,4.141238,358.81686,10.183333333319752,1.141672,1494.981

-0.046123784,1.3907993,0.05139482,-0.00997559,0.0361053,0.010663273,0.9992413,1.265649,4.1255984,358.81046,10.200000000011642,1.141672,1494.981

-0.045889996,1.3906987,0.051634207,-0.010038612,0.03593682,0.010563364,0.9992478,1.2542212,4.1063223,358.80386,10.216666666674428,1.141672,1494.981

-0.045805216,1.3906336,0.051650323,-0.010075832,0.035806417,0.01051306,0.9992526,1.24843,4.091384,358.79996,10.233333333337214,1.141672,1494.981

-0.045759633,1.3905722,0.051580407,-0.010194966,0.035718877,0.010473348,0.999255,1.2442448,4.081248,358.78656,10.25,1.141672,1494.981

-0.045717947,1.3905065,0.051471043,-0.010323692,0.03563862,0.010430666,0.99925697,1.2397649,4.071938,358.77206,10.266666666662786,1.141672,1494.981

-0.045672365,1.3904412,0.051330045,-0.010448273,0.03549912,0.010375259,0.9992612,1.2337263,4.0558586,358.75818,10.283333333325572,1.141672,1494.981

-0.0456192,1.3903774,0.051165074,-0.010546627,0.035336804,0.01029521,0.99926674,1.2247179,4.037228,358.7474,10.299999999988358,1.1413158,1495.5668

-0.0458869,1.3905816,0.051781233,-0.010711251,0.035289083,0.010151343,0.9992682,1.2088025,4.0317383,358.72916,10.316666666680248,1.1413158,1495.5668

-0.045928586,1.3906121,0.051874608,-0.010888605,0.035401065,0.010035488,0.99926347,1.1963729,4.0445113,358.70914,10.333333333343035,1.1413158,1495.5668

-0.045897923,1.3905882,0.051808182,-0.010953621,0.035584357,0.009930953,0.9992573,1.1848894,4.065584,358.70184,10.35000000000582,1.1413158,1495.5668

-0.045845896,1.3905468,0.0516972,-0.011046326,0.035783764,0.009835267,0.9992501,1.1745603,4.088462,358.69135,10.366666666668607,1.1413158,1495.5668

-0.045787677,1.390497,0.051556606,-0.011230193,0.03592275,0.009755857,0.99924386,1.1663935,4.1042857,358.6704,10.383333333331393,1.1413158,1495.5668

-0.045732386,1.3904433,0.05138995,-0.011420263,0.03599695,0.009700238,0.99923956,1.1608968,4.1126466,358.6487,10.39999999999418,1.1413158,1495.5668

-0.04658811,1.3907514,0.05274115,-0.011537228,0.035873663,0.009563779,0.999244,1.145533,4.098562,358.636,10.416666666656965,1.1413158,1495.5668

-0.046847045,1.390827,0.053051893,-0.011617491,0.03582843,0.009413382,0.9992461,1.1285298,4.0934906,358.62744,10.433333333319752,1.1413158,1495.5668

-0.046928804,1.3908248,0.053042818,-0.011718515,0.035854913,0.009284643,0.9992451,1.1142029,4.0965905,358.61633,10.450000000011642,1.1413158,1495.5668

-0.046965435,1.3908038,0.05294475,-0.011807197,0.035952166,0.00916903,0.9992417,1.1014373,4.1078033,358.6065,10.466666666674428,1.1413158,1495.5668

-0.046992585,1.3907759,0.052836105,-0.011847344,0.03614024,0.009070279,0.99923533,1.0905437,4.1294603,358.60208,10.483333333337214,1.1413158,1495.5668

-0.047018394,1.3907431,0.05273631,-0.011868886,0.036432493,0.008982048,0.99922526,1.0809364,4.163068,358.59964,10.5,1.1413158,1495.5668

-0.047850464,1.3910596,0.054084864,-0.011888383,0.036658555,0.008928265,0.9992173,1.0751785,4.189041,358.59735,10.516666666662786,1.1413158,1495.5668

-0.048140276,1.3911382,0.05444652,-0.011950172,0.03675495,0.008897903,0.9992133,1.0720959,4.2000694,358.59027,10.533333333325572,1.1413158,1495.5668

-0.048262015,1.3911481,0.054481927,-0.012017628,0.03676718,0.008865275,0.99921227,1.068652,4.2014456,358.58264,10.549999999988358,1.1413158,1495.5668

-0.04833883,1.3911428,0.054404125,-0.012008324,0.03671491,0.008828847,0.99921465,1.0643517,4.1955147,358.58392,10.566666666680248,1.1413158,1495.5668

-0.048401296,1.3911419,0.05429591,-0.0119489655,0.036704987,0.008750845,0.99921644,1.0551313,4.19455,358.5911,10.583333333343035,1.1413158,1495.5668

-0.048456386,1.3911428,0.054191053,-0.011888844,0.036855936,0.008659088,0.9992124,1.0445669,4.212049,358.5982,10.60000000000582,1.1413158,1495.5668

-0.048897013,1.3911963,0.055012282,-0.011810073,0.037185762,0.008633883,0.99920124,1.0418268,4.2499824,358.607,10.616666666668607,1.1413158,1495.5668

-0.049093798,1.3912054,0.05523917,-0.01179239,0.037495464,0.008611602,0.9991901,1.0396494,4.2855415,358.60873,10.633333333331393,1.1413158,1495.5668

-0.049210355,1.391196,0.05526432,-0.011849611,0.037743732,0.00861175,0.9991801,1.0402799,4.313948,358.6019,10.64999999999418,1.1413158,1495.5668

-0.049295787,1.3911804,0.055205848,-0.01194137,0.037834294,0.008620682,0.9991755,1.0418376,4.324224,358.59122,10.666666666656965,1.1413158,1495.5668

-0.049366355,1.3911694,0.055113655,-0.012039733,0.037847165,0.008598939,0.999174,1.0397866,4.325628,358.58,10.683333333319752,1.1413158,1495.5668

-0.049437698,1.3911636,0.054999903,-0.012119014,0.037791066,0.008580046,0.9991753,1.0378761,4.31914,358.571,10.700000000011642,1.1413158,1495.5668

-0.049377486,1.3908294,0.055306654,-0.012050924,0.037782267,0.008555223,0.9991767,1.0347177,4.3182373,358.57898,10.716666666674428,1.1413158,1495.5668

-0.04941681,1.3907288,0.05534256,-0.012023949,0.037942275,0.008488033,0.99917156,1.0271252,4.336707,358.58218,10.733333333337214,1.1413158,1495.5668

-0.04948695,1.3907125,0.055286292,-0.011961611,0.03813561,0.008411793,0.99916553,1.018388,4.3590465,358.58945,10.75,1.1413158,1495.5668

-0.049556665,1.3907244,0.05519529,-0.011905958,0.038355604,0.00833891,0.99915844,1.010102,4.3844304,358.59592,10.766666666662786,1.1413158,1495.5668

-0.04961799,1.3907403,0.055074744,-0.011927039,0.038573343,0.008319243,0.99915,1.0082605,4.4094033,358.59332,10.783333333325572,1.1413158,1495.5668

-0.049671397,1.3907434,0.05494686,-0.011945606,0.038710956,0.008384921,0.99914384,1.0160906,4.425071,358.59076,10.799999999988358,1.1413158,1495.5668

-0.04938917,1.390767,0.0547962,-0.0120058255,0.03878966,0.008474014,0.9991393,1.026708,4.433908,358.58334,10.816666666680248,1.1413158,1495.5668

-0.04930882,1.3907685,0.054698665,-0.012092274,0.038713958,0.008571264,0.99914044,1.0381463,4.4250007,358.5731,10.833333333343035,1.1413158,1495.5668

-0.049296603,1.390768,0.054647394,-0.012093507,0.038590603,0.008696744,0.9991441,1.0523756,4.4106755,358.57254,10.85000000000582,1.1413158,1495.5668

-0.049308613,1.3907826,0.05464004,-0.011833429,0.038445447,0.008833229,0.9991516,1.066684,4.394114,358.60196,10.866666666668607,1.1413158,1495.5668

-0.04932946,1.3908178,0.054653388,-0.011443802,0.038301826,0.008962969,0.99916047,1.0796598,4.377886,358.6463,10.883333333331393,1.1413158,1495.5668

-0.049346343,1.3908631,0.05466037,-0.011235685,0.038220245,0.009063109,0.9991651,1.0901306,4.3686237,358.66986,10.89999999999418,1.1413158,1495.5668

-0.049119722,1.390981,0.055300876,-0.011199783,0.038194735,0.009115634,0.99916595,1.0959691,4.3656683,358.6738,10.916666666656965,1.1413158,1495.5668

-0.049040012,1.3910637,0.055517167,-0.011070198,0.038221717,0.009153018,0.9991661,1.0997329,4.368855,358.68848,10.933333333319752,1.1413158,1495.5668

-0.049011245,1.3911275,0.055589624,-0.010809549,0.03825673,0.0091591915,0.9991675,1.0993482,4.3731484,358.71835,10.950000000011642,1.1413158,1495.5668

-0.048998848,1.3911691,0.055615,-0.0107256165,0.038325522,0.009152115,0.99916583,1.0982611,4.3811374,358.72794,10.966666666674428,1.1413158,1495.5668

-0.048988968,1.3911881,0.05562084,-0.010794878,0.038428873,0.009124569,0.99916136,1.0955434,4.3929467,358.71997,10.983333333337214,1.1413158,1495.5668

-0.048978306,1.3911982,0.055609334,-0.010744107,0.038511276,0.0090702195,0.9991592,1.0891905,4.4025207,358.72595,11.0,1.1413158,1495.5668

-0.04882222,1.390966,0.056121618,-0.010571502,0.038574383,0.0089511825,0.99915975,1.0748423,4.4100943,358.74622,11.016666666662786,1.1413158,1495.5668

-0.04875453,1.3908706,0.056252185,-0.010623603,0.038567357,0.008883153,0.99916005,1.0672506,4.409318,358.74054,11.033333333325572,1.1413158,1495.5668

-0.048703924,1.3908151,0.05625913,-0.010788731,0.03853415,0.00883072,0.99916005,1.0619136,4.4054017,358.72183,11.049999999988358,1.1413158,1495.5668

-0.04864821,1.3907733,0.056237213,-0.0107635725,0.038510207,0.008794564,0.99916154,1.0576175,4.402729,358.7249,11.066666666680248,1.1413158,1495.5668

-0.048577096,1.3907367,0.05620863,-0.010643636,0.03852499,0.008763079,0.9991625,1.0534923,4.4045906,358.73883,11.083333333343035,1.1413158,1495.5668

-0.048488826,1.3906987,0.056164853,-0.010687646,0.03853029,0.008737994,0.9991621,1.050813,4.4051833,358.7339,11.10000000000582,1.1413158,1495.5668

-0.04843143,1.3905721,0.056242198,-0.010757478,0.03856475,0.008614265,0.99916106,1.0369588,4.4092193,358.72638,11.116666666668607,1.1413158,1495.5668

-0.04834798,1.390506,0.056220222,-0.010745488,0.038644973,0.00854078,0.99915874,1.0285753,4.418524,358.728,11.133333333331393,1.1413158,1495.5668

-0.04825397,1.3904582,0.05615172,-0.01073931,0.038744375,0.0084717255,0.9991555,1.0207521,4.4300165,358.72888,11.14999999999418,1.1413158,1495.5668

-0.048157156,1.3904188,0.05604401,-0.010907326,0.03882115,0.008381308,0.99915147,1.0112197,4.438764,358.7099,11.166666666656965,1.1413158,1495.5668

-0.048067763,1.3903826,0.055915214,-0.011060793,0.038872197,0.008309846,0.99914837,1.0037665,4.444556,358.69254,11.183333333319752,1.1413158,1495.5668

-0.047984004,1.3903464,0.05577417,-0.01109004,0.03894126,0.008234989,0.99914604,0.9953959,4.452544,358.68942,11.200000000011642,1.1413158,1495.5668

-0.048159502,1.3902788,0.05562782,-0.011161109,0.03888242,0.008223128,0.9991476,0.9942686,4.4457417,358.68137,11.216666666674428,1.1413158,1495.5668

-0.048149727,1.3902099,0.05546647,-0.011370823,0.038818024,0.008185314,0.9991481,0.9907689,4.4382,358.65753,11.233333333337214,1.1413158,1495.5668

-0.048067547,1.3901286,0.055278864,-0.011628774,0.03866547,0.0081848055,0.999151,0.99163663,4.4204526,358.62808,11.25,1.1413158,1495.5668

-0.047953572,1.3900442,0.055079445,-0.011882873,0.03850447,0.008209592,0.99915403,0.9953706,4.4017043,358.59897,11.266666666662786,1.1413158,1495.5668

-0.047820702,1.3899666,0.054877132,-0.012164749,0.03840323,0.008216162,0.9991545,0.9972156,4.3898063,358.56668,11.283333333325572,1.1413158,1495.5668

-0.047671422,1.3898983,0.054672763,-0.012486895,0.038368393,0.008173653,0.9991522,0.99369776,4.3855524,358.5299,11.299999999988358,1.1413158,1495.5668

-0.047677416,1.3898507,0.05437409,-0.012826832,0.03847071,0.008070274,0.9991448,0.98348343,4.397102,358.4912,11.316666666680248,1.1413158,1495.5668

-0.04758329,1.3898176,0.054171726,-0.012968726,0.038582932,0.007969953,0.9991395,0.97276837,4.4099827,358.47522,11.333333333343035,1.1413158,1495.5668

-0.04744817,1.3897796,0.053996366,-0.013058123,0.038644917,0.007888174,0.9991365,0.96387213,4.417128,358.46524,11.35000000000582,1.1413158,1495.5668

-0.047287896,1.389726,0.05379884,-0.013434333,0.03859739,0.007830233,0.9991338,0.95880586,4.411407,358.42236,11.366666666668607,1.1413158,1495.5668

-0.047110386,1.3896554,0.053593468,-0.013838842,0.038510058,0.007772706,0.99913216,0.9538399,4.401099,358.37622,11.383333333331393,1.1413158,1495.5668

-0.046932697,1.3895798,0.053391274,-0.014057322,0.038414884,0.0077001825,0.99913335,0.9463112,4.3900967,358.35156,11.39999999999418,1.1413158,1495.5668

-0.047094375,1.3896999,0.05294274,-0.014166881,0.038309794,0.007646248,0.9991362,0.9404172,4.378033,358.33936,11.416666666656965,1.1413158,1495.5668

-0.04707703,1.3897141,0.05268019,-0.014360481,0.03833051,0.007616981,0.99913293,0.9379425,4.3802757,358.31723,11.433333333319752,1.1413158,1495.5668

-0.047016777,1.3896947,0.052479167,-0.014602797,0.038332134,0.007631766,0.9991292,0.94070756,4.3802085,358.28934,11.450000000011642,1.1413158,1495.5668

-0.04695222,1.3896801,0.05231196,-0.01475004,0.038295876,0.007634795,0.99912846,0.94163656,4.3759084,358.27243,11.466666666674428,1.1413158,1495.5668

-0.04688953,1.389675,0.052167304,-0.014841677,0.03829312,0.0076493463,0.9991271,0.94370455,4.37548,358.26184,11.483333333337214,1.1413158,1495.5668

-0.046819128,1.38968,0.052044816,-0.0149303945,0.038361724,0.007681971,0.99912286,0.9479656,4.3832054,358.25143,11.5,1.1413158,1495.5668

-0.046964895,1.3896656,0.05179972,-0.014989837,0.03838966,0.007749832,0.99912035,0.9560708,4.3862324,358.24426,11.516666666662786,1.1413158,1495.5668

-0.046949267,1.3896874,0.051673543,-0.015111083,0.03838147,0.00777602,0.9991186,0.9595962,4.385131,358.23026,11.533333333325572,1.1413158,1495.5668

-0.046876386,1.3897297,0.051568884,-0.015255796,0.038290337,0.007774954,0.99912,0.95993996,4.374545,358.2137,11.549999999988358,1.1413158,1495.5668

-0.046788633,1.3897951,0.051483992,-0.015181035,0.038181096,0.007786812,0.9991252,0.9607707,4.3620706,358.22238,11.566666666680248,1.1413158,1495.5668

-0.04669124,1.3898743,0.051411673,-0.014996475,0.038084187,0.007805771,0.99913156,0.9619627,4.3511033,358.24362,11.583333333343035,1.1413158,1495.5668

-0.046580598,1.3899543,0.051325724,-0.0150223235,0.038035017,0.0077786986,0.9991332,0.9588763,4.345488,358.2408,11.60000000000582,1.1413158,1495.5668

-0.04681479,1.3899695,0.051321033,-0.01487802,0.03808566,0.0077847433,0.9991334,0.959034,4.351423,358.2573,11.616666666668607,1.1413158,1495.5668

-0.04683332,1.3900224,0.051295795,-0.014767678,0.038228482,0.0077825007,0.9991296,0.95855355,4.367908,358.2698,11.633333333331393,1.1413158,1495.5668

-0.046787053,1.3900865,0.05126303,-0.014737897,0.03842972,0.0077175456,0.9991228,0.95132744,4.3911223,358.27332,11.64999999999418,1.1413158,1495.5668

-0.046729475,1.3901558,0.051224615,-0.014765018,0.038573362,0.0075914636,0.99911785,0.9372279,4.407785,358.2706,11.666666666656965,1.1413158,1495.5668

-0.046684463,1.3902339,0.05118494,-0.014672822,0.038622204,0.0074272975,0.99911857,0.9180559,4.4137535,358.28186,11.683333333319752,1.1413158,1495.5668

-0.0466508,1.3903172,0.051148362,-0.0143946335,0.038655657,0.007296679,0.9991223,0.9018837,4.418065,358.31436,11.700000000011642,1.1413158,1495.5668

-0.04696071,1.3901064,0.051355544,-0.01408793,0.03873049,0.0072312066,0.9991242,0.8931352,4.4270306,358.3498,11.716666666674428,1.1413158,1495.5668

-0.047053605,1.3900865,0.051418193,-0.013984574,0.038885657,0.007182975,0.99912,0.8874033,4.444993,358.36172,11.733333333337214,1.1413158,1495.5668

-0.04706563,1.3901341,0.05144751,-0.013979039,0.039193988,0.0071333796,0.9991084,0.8822111,4.4804335,358.36227,11.75,1.1413158,1495.5668

-0.047042027,1.3902051,0.051452596,-0.014087392,0.039527558,0.0071234102,0.9990938,0.88212866,4.518603,358.34955,11.766666666662786,1.1413158,1495.5668

-0.046996955,1.3902845,0.05143704,-0.014199918,0.03976775,0.0071310103,0.99908257,0.88392955,4.5460324,358.3363,11.783333333325572,1.1413158,1495.5668

-0.04695034,1.390369,0.051405404,-0.014216204,0.039784197,0.0071276086,0.99908173,0.8836417,4.5479097,358.33447,11.799999999988358,1.1413158,1495.5668

-0.046713382,1.3901975,0.050953727,-0.014107504,0.039596714,0.0071241045,0.9990908,0.8824191,4.526514,358.34714,11.816666666680248,1.1413158,1495.5668

-0.04664472,1.3901832,0.05079627,-0.014046898,0.039359625,0.007110724,0.9991011,0.8801991,4.4994044,358.3544,11.833333333343035,1.1413158,1495.5668

-0.04663109,1.3902143,0.050764248,-0.013914464,0.039244596,0.0071090306,0.9991074,0.8792109,4.4863334,358.36975,11.85000000000582,1.1413158,1495.5668

-0.046631366,1.390259,0.050789364,-0.013881015,0.03927412,0.0070957122,0.9991069,0.877581,4.4897695,358.3736,11.866666666668607,1.1413158,1495.5668

-0.04663347,1.3902977,0.050843097,-0.0138468,0.039412037,0.0070802574,0.99910206,0.8758861,4.5056396,358.3775,11.883333333331393,1.1413158,1495.5668

-0.046635237,1.3903311,0.05089869,-0.013807145,0.039615545,0.0070419516,0.9990948,0.8716521,4.5290713,358.382,11.89999999999418,1.1413158,1495.5668

-0.04635407,1.3900819,0.05063442,-0.01385068,0.039917406,0.007160727,0.9990813,0.8860048,4.5634537,358.37616,11.916666666656965,1.1413158,1495.5668

-0.046267122,1.3900043,0.050535366,-0.013944147,0.040178623,0.007164542,0.9990695,0.8873181,4.593317,358.36514,11.933333333319752,1.1413158,1495.5668

-0.046238884,1.3899815,0.05045652,-0.014011527,0.04034617,0.0071343505,0.99906206,0.8844488,4.6125197,358.35736,11.950000000011642,1.1413158,1495.5668

-0.046232775,1.389974,0.05037164,-0.0141184535,0.04048056,0.0071367137,0.9990551,0.885448,4.627832,358.3449,11.966666666674428,1.1413158,1495.5668

-0.04624094,1.3899713,0.05027212,-0.014273079,0.040476058,0.007158162,0.9990529,0.8886215,4.6271415,358.3271,11.983333333337214,1.1413158,1495.5668

-0.046253134,1.3899635,0.050178006,-0.014410475,0.04040462,0.007205987,0.9990535,0.8946261,4.618747,358.31113,12.0,1.1413158,1495.5668

-0.046064213,1.3898351,0.049845155,-0.014644615,0.040301066,0.0072330507,0.9990541,0.89863336,4.606617,358.2842,12.016666666662786,1.1413158,1495.5668

-0.04599403,1.3897914,0.049705558,-0.01479856,0.040239006,0.0072666155,0.9990541,0.90308744,4.599304,358.26645,12.033333333325572,1.141672,1494.981

-0.045954797,1.3897834,0.049649738,-0.014811675,0.04012444,0.007263962,0.9990585,0.9026352,4.5861597,358.26508,12.049999999988358,1.141672,1494.981

-0.04591874,1.3897902,0.0496364,-0.014794419,0.040020682,0.00721344,0.9990633,0.896565,4.5743656,358.2674,12.066666666680248,1.141672,1494.981

-0.045882136,1.3898059,0.04965312,-0.014767273,0.04004652,0.0071079363,0.99906343,0.88436943,4.5775356,358.27097,12.083333333343035,1.141672,1494.981

-0.04585186,1.3898273,0.04968845,-0.014753175,0.040257003,0.007000328,0.9990559,0.872325,4.6018696,358.2729,12.10000000000582,1.141672,1494.981

-0.045799375,1.3897359,0.049873613,-0.014758945,0.040524747,0.006946325,0.9990454,0.86663204,4.632659,358.2722,12.116666666668607,1.141672,1494.981

-0.04578431,1.3897257,0.049911287,-0.014816968,0.040692225,0.006940241,0.99903774,0.86650634,4.6518235,358.26538,12.133333333331393,1.141672,1494.981

-0.04578629,1.3897436,0.049875267,-0.014883069,0.04071537,0.0069945753,0.9990355,0.87309796,4.654326,358.25754,12.14999999999418,1.141672,1494.981

-0.045790114,1.3897663,0.049802206,-0.014884014,0.040598795,0.0070890007,0.99903953,0.88373613,4.640793,358.25708,12.166666666656965,1.141672,1494.981

-0.04578239,1.389785,0.04971516,-0.014935596,0.040425915,0.0071661207,0.9990452,0.8925185,4.620788,358.25098,12.183333333319752,1.141672,1494.981

-0.045761067,1.38979,0.0496405,-0.015026408,0.040257398,0.0072611626,0.99904996,0.903546,4.6012163,358.2403,12.200000000011642,1.141672,1494.981

-0.045804862,1.3896111,0.049630966,-0.015132539,0.04007726,0.007361147,0.9990549,0.9151859,4.580288,358.2278,12.216666666674428,1.141672,1494.981

-0.04577835,1.3895236,0.049644135,-0.015374998,0.040051933,0.007471166,0.99905133,0.92888844,4.576963,358.1995,12.233333333337214,1.141672,1494.981

-0.045729548,1.3894615,0.049676202,-0.015599779,0.040051218,0.00756192,0.9990472,0.9403425,4.576506,358.17325,12.25,1.141672,1494.981

-0.045683578,1.3894198,0.049712315,-0.015679384,0.03999518,0.007601437,0.99904794,0.94513905,4.569933,358.16397,12.266666666662786,1.141672,1494.981

-0.04564753,1.3893913,0.049713306,-0.015790857,0.039804995,0.0076169097,0.99905366,0.94705963,4.5479913,358.15134,12.283333333325572,1.141672,1494.981

-0.04560717,1.3893619,0.049672376,-0.016004737,0.039544977,0.0076173823,0.9990606,0.947581,4.517974,358.12704,12.299999999988358,1.141672,1494.981

-0.04547,1.3893287,0.04941651,-0.01616536,0.03931034,0.0075523066,0.9990678,0.9403721,4.4910417,358.10913,12.316666666680248,1.141672,1494.981

-0.04539007,1.3893129,0.04931807,-0.016311238,0.03923111,0.0074510174,0.9990692,0.9292393,4.4820127,358.09293,12.333333333343035,1.141672,1494.981

-0.04532956,1.389308,0.049287442,-0.016352348,0.039251946,0.0073343697,0.9990686,0.91606945,4.4845862,358.0887,12.35000000000582,1.141672,1494.981

-0.045278274,1.3893118,0.049289618,-0.016373321,0.039293837,0.0072618113,0.9990672,0.90791446,4.48951,358.08658,12.366666666668607,1.141672,1494.981

-0.045234762,1.3893306,0.049312837,-0.016479883,0.03931447,0.0072395583,0.99906474,0.9058801,4.4918213,358.07443,12.383333333331393,1.141672,1494.981

-0.04519527,1.389371,0.049365707,-0.016550938,0.039322704,0.0072141374,0.99906343,0.90329725,4.49275,358.06635,12.39999999999418,1.141672,1494.981

-0.04496413,1.3895073,0.049038466,-0.01651982,0.03929999,0.007203589,0.9990649,0.9019001,4.4901943,358.07,12.416666666656965,1.141672,1494.981

-0.044877797,1.3896067,0.049043383,-0.016343111,0.039319266,0.0071710465,0.9990673,0.8974053,4.492626,358.09042,12.433333333319752,1.141672,1494.981

-0.044839464,1.389705,0.049164034,-0.016145837,0.03932006,0.007131393,0.99907076,0.8919641,4.492969,358.11328,12.450000000011642,1.141672,1494.981

-0.044820886,1.3898062,0.049322143,-0.016035168,0.03927374,0.0071034417,0.9990746,0.88816506,4.487809,358.12613,12.466666666674428,1.141672,1494.981

-0.044813298,1.38991,0.049492702,-0.015997626,0.039190482,0.0070893476,0.9990785,0.88621545,4.4783225,358.1306,12.483333333337214,1.141672,1494.981

-0.044817,1.3900201,0.049671445,-0.015885724,0.039089024,0.00708338,0.99908435,0.8848315,4.4667993,358.1436,12.5,1.141672,1494.981

-0.044866413,1.3900945,0.04954973,-0.0155908335,0.038926672,0.0070437067,0.9990956,0.87864614,4.4485183,358.1778,12.516666666662786,1.141672,1494.981

-0.044919148,1.3902011,0.049645584,-0.015397559,0.03890417,0.006997568,0.9990998,0.87244326,4.446191,358.20023,12.533333333325572,1.141672,1494.981

-0.044982407,1.390316,0.049807962,-0.015304803,0.038908105,0.006962824,0.99910134,0.868047,4.446785,358.21106,12.549999999988358,1.141672,1494.981

-0.045048576,1.3904299,0.049981285,-0.01523324,0.038854454,0.006935496,0.9991047,0.8644901,4.4407444,358.21945,12.566666666680248,1.141672,1494.981

-0.04511258,1.3905424,0.050150655,-0.01518139,0.038813602,0.0068940055,0.99910736,0.859419,4.4361787,358.22562,12.583333333343035,1.141672,1494.981

-0.045179456,1.3906591,0.05032922,-0.015185454,0.03891952,0.0068264194,0.9991036,0.85187125,4.4484396,358.22534,12.60000000000582,1.141672,1494.981

-0.0450563,1.3906143,0.049824465,-0.01527705,0.0392427,0.0068447352,0.9990895,0.854984,4.485385,358.21442,12.616666666668607,1.141672,1494.981

-0.045083717,1.3906399,0.049790487,-0.015373205,0.03951666,0.006842446,0.9990772,0.8556662,4.51672,358.2031,12.633333333331393,1.141672,1494.981

-0.045157988,1.390674,0.04990937,-0.015536094,0.03969037,0.0068678693,0.99906766,0.8596522,4.536453,358.1841,12.64999999999418,1.141672,1494.981

-0.04524905,1.3907074,0.05009564,-0.015615705,0.03978491,0.0069044195,0.9990624,0.864392,4.5471573,358.1747,12.666666666656965,1.141672,1494.981

-0.04535224,1.3907342,0.050326385,-0.015577198,0.039806336,0.006972565,0.9990617,0.8720836,4.5495234,358.17877,12.683333333319752,1.141672,1494.981

-0.045468107,1.3907531,0.050584707,-0.015530064,0.039752923,0.0070637884,0.99906385,0.8822446,4.543274,358.18384,12.700000000011642,1.141672,1494.981

-0.045370575,1.3906835,0.050382826,-0.015584081,0.039702814,0.0071693496,0.99906427,0.8945192,4.5372877,358.17722,12.716666666674428,1.141672,1494.981

-0.04544194,1.3906515,0.05049079,-0.015576511,0.039580274,0.0072661615,0.99906856,0.9053707,4.523068,358.17776,12.733333333337214,1.141672,1494.981

-0.045568485,1.3906268,0.050696794,-0.015606591,0.039549373,0.0073475875,0.99906874,0.9147999,4.519348,358.17398,12.75,1.141672,1494.981

-0.045722727,1.3906051,0.05093239,-0.015816735,0.0396743,0.0073943012,0.99906015,0.92135847,4.533394,358.1495,12.766666666662786,1.141672,1494.981

-0.04589568,1.3905851,0.05119333,-0.015963439,0.039923944,0.00745608,0.99904734,0.92960745,4.561767,358.13208,12.783333333325572,1.141672,1494.981

-0.04607407,1.3905697,0.05149023,-0.015923966,0.04024803,0.0075224643,0.9990345,0.9376818,4.5988417,358.136,12.799999999988358,1.141672,1494.981

-0.045993183,1.3903831,0.051214118,-0.016014723,0.040559657,0.0076221037,0.9990197,0.95015544,4.6343017,358.12476,12.816666666680248,1.141672,1494.981

-0.046082497,1.3902911,0.051330745,-0.016077826,0.040793087,0.0077346666,0.99900836,0.96383756,4.660796,358.1167,12.833333333343035,1.141672,1494.981

-0.04623513,1.3902347,0.051588267,-0.016092759,0.0409274,0.007839395,0.99900174,0.9762019,4.6759853,358.11435,12.85000000000582,1.141672,1494.981

-0.046420585,1.3901904,0.051882163,-0.016165042,0.040893953,0.007941658,0.99900115,0.9882212,4.6718855,358.1056,12.866666666668607,1.141672,1494.981

-0.046618793,1.390155,0.052209713,-0.01620522,0.04082852,0.008019826,0.9990026,0.99725825,4.664194,358.1007,12.883333333331393,1.141672,1494.981

-0.046817865,1.3901402,0.052569974,-0.01612771,0.040785316,0.0080210995,0.99900556,0.9969563,4.6593156,358.10965,12.89999999999418,1.141672,1494.981

-0.04652171,1.390131,0.052697726,-0.016007625,0.040891055,0.007894939,0.9990042,0.9821114,4.6717963,358.12393,12.916666666656965,1.141672,1494.981

-0.046504684,1.3901259,0.052995913,-0.015926521,0.041128624,0.007785379,0.9989966,0.9696106,4.6993227,358.13348,12.933333333319752,1.141672,1494.981

-0.046568766,1.3901198,0.053345058,-0.015971689,0.04146788,0.0076581365,0.9989828,0.95587176,4.738419,358.1285,12.950000000011642,1.141672,1494.981

-0.0466529,1.3901091,0.053691182,-0.016022962,0.041795515,0.0075391545,0.99896926,0.94309074,4.7761636,358.12283,12.966666666674428,1.141672,1494.981

-0.046743162,1.3900912,0.05401181,-0.015971681,0.041993953,0.0074216756,0.99896264,0.9297376,4.799187,358.12906,12.983333333337214,1.141672,1494.981

-0.04683621,1.390061,0.054282807,-0.016039852,0.041975483,0.007290961,0.99896324,0.9150129,4.7972517,358.1219,13.0,1.141672,1494.981

-0.04679448,1.3900933,0.05452526,-0.016273377,0.041853964,0.0071309586,0.9989658,0.8975141,4.7834077,358.09595,13.016666666662786,1.141672,1494.981

-0.046809405,1.3900647,0.054733314,-0.016297795,0.04182794,0.0069461,0.99896777,0.87634313,4.780754,358.09406,13.033333333325572,1.141672,1494.981

-0.04683644,1.3900119,0.054944985,-0.016273879,0.041939102,0.006769704,0.9989647,0.8561847,4.793859,358.09753,13.049999999988358,1.141672,1494.981

-0.04685866,1.3899485,0.05516281,-0.016422939,0.04214825,0.006598786,0.9989546,0.8376845,4.8180423,358.081,13.066666666680248,1.141672,1494.981

-0.046870276,1.3898833,0.055391125,-0.01665865,0.042379603,0.006446966,0.9989419,0.8218506,4.8446703,358.0544,13.083333333343035,1.141672,1494.981

-0.04686805,1.389815,0.055627074,-0.016810503,0.042498004,0.00633513,0.998935,0.80998206,4.858342,358.0374,13.10000000000582,1.141672,1494.981

-0.046757415,1.3901237,0.055620883,-0.017105464,0.042428236,0.0061829034,0.998934,0.7937866,4.850407,358.0043,13.116666666668607,1.141672,1494.981

-0.046678413,1.3901678,0.055723205,-0.017242307,0.04223584,0.006132121,0.99894005,0.78821695,4.8283377,357.98904,13.133333333331393,1.141672,1494.981

-0.04661645,1.3901347,0.055858552,-0.01733405,0.041907612,0.006143672,0.9989522,0.7893002,4.790603,357.97873,13.14999999999418,1.141672,1494.981

-0.046567827,1.3900912,0.055990547,-0.017368235,0.041468274,0.0061426796,0.99897,0.78842807,4.7401996,357.97525,13.166666666656965,1.141672,1494.981

-0.04653283,1.3900576,0.056097597,-0.017378485,0.04100331,0.006139198,0.998989,0.7871008,4.6868825,357.97455,13.183333333319752,1.141672,1494.981

-0.04650853,1.3900412,0.056187198,-0.017223809,0.04060886,0.0061194263,0.99900794,0.7832821,4.6418147,357.9928,13.200000000011642,1.141672,1494.981

-0.04633628,1.3903743,0.055700764,-0.01715793,0.04043007,0.006013659,0.99901694,0.7704571,4.6215763,358.001,13.216666666674428,1.141672,1494.981

-0.04626459,1.3904874,0.05558148,-0.01714607,0.04031898,0.005916591,0.99902225,0.75902355,4.609042,358.00293,13.233333333337214,1.141672,1494.981

-0.04622169,1.3905257,0.05559617,-0.01715704,0.040267035,0.0058309506,0.9990246,0.7491308,4.603248,358.0021,13.25,1.141672,1494.981

-0.04617595,1.3905319,0.055663023,-0.017108843,0.04026428,0.0057467916,0.99902606,0.73923653,4.603136,358.00803,13.266666666662786,1.141672,1494.981

-0.046121873,1.3905246,0.055745658,-0.016967714,0.040237416,0.0056447196,0.9990301,0.7268067,4.6003623,358.02472,13.283333333325572,1.141672,1494.981

-0.046067968,1.3905082,0.055825733,-0.016791364,0.040128328,0.005527269,0.99903816,0.7122829,4.5882115,358.04562,13.299999999988358,1.141672,1494.981

-0.046220392,1.390774,0.056094542,-0.016743716,0.039942797,0.005383025,0.99904716,0.69512355,4.567253,358.05194,13.316666666680248,1.141672,1494.981

-0.04626964,1.3908504,0.056209728,-0.016666526,0.03975877,0.0052261683,0.9990567,0.67638683,4.54651,358.06168,13.333333333343035,1.141672,1494.981

-0.04629688,1.3908632,0.05627184,-0.01658422,0.039644904,0.005076682,0.9990633,0.65861696,4.5337987,358.0719,13.35000000000582,1.141672,1494.981

-0.046323676,1.3908522,0.056308333,-0.016460078,0.03961554,0.0049338224,0.99906725,0.64158756,4.530787,358.08682,13.366666666668607,1.141672,1494.981

-0.046356406,1.3908361,0.056321952,-0.016360633,0.039684534,0.004786151,0.9990669,0.6243112,4.539043,358.09888,13.383333333331393,1.141672,1494.981

-0.046394773,1.3908104,0.056293342,-0.016313614,0.039751437,0.0046418207,0.99906564,0.6076517,4.547017,358.1049,13.39999999999418,1.141672,1494.981

-0.046450026,1.3908854,0.055347957,-0.016447911,0.039767064,0.00441799,0.99906385,0.5825884,4.549155,358.09045,13.416666666656965,1.141672,1494.981

-0.04650995,1.3908774,0.05491666,-0.016609581,0.039720904,0.0042458647,0.99906373,0.5634664,4.5441,358.0727,13.433333333319752,1.141672,1494.981

-0.04658778,1.3908417,0.054640975,-0.016720675,0.03965993,0.0041138227,0.99906486,0.54868674,4.5373015,358.0606,13.450000000011642,1.141672,1494.981

-0.046690315,1.3907926,0.054421097,-0.016804695,0.039650492,0.0040144604,0.99906427,0.53763884,4.5363674,358.0514,13.466666666674428,1.141672,1494.981

-0.046818525,1.3907359,0.05424162,-0.016891738,0.039731394,0.003957474,0.9990598,0.5316528,4.5457087,358.0416,13.483333333337214,1.141672,1494.981

-0.046967313,1.3906828,0.05409632,-0.016951503,0.039885353,0.0039411997,0.9990527,0.5303665,4.5633626,358.0347,13.5,1.141672,1494.981

-0.047128294,1.390831,0.054364912,-0.016942693,0.040134847,0.0038864482,0.99904305,0.5245405,4.5920825,358.0358,13.516666666662786,1.141672,1494.981

-0.047284946,1.3908491,0.054386918,-0.016844869,0.04032269,0.0039075413,0.9990371,0.5268887,4.613632,358.04678,13.533333333325572,1.141672,1494.981

-0.047444925,1.3908173,0.05432306,-0.016774625,0.040425524,0.003978689,0.99903387,0.53494066,4.625323,358.05447,13.549999999988358,1.141672,1494.981

-0.047615603,1.3907667,0.054215096,-0.01672184,0.040393963,0.004070194,0.99903566,0.5451428,4.621554,358.06012,13.566666666680248,1.141672,1494.981

-0.047803678,1.3906997,0.054081082,-0.01667752,0.04029958,0.004210111,0.9990396,0.56082016,4.6104846,358.06464,13.583333333343035,1.141672,1494.981

-0.04800307,1.3906307,0.05392757,-0.016666822,0.040240835,0.004344098,0.99904156,0.57604295,4.6034956,358.0653,13.60000000000582,1.141672,1494.981

-0.048240706,1.3905717,0.054586962,-0.016688045,0.040320624,0.004449253,0.9990375,0.5883774,4.6124277,358.06232,13.616666666668607,1.141672,1494.981

-0.04846111,1.3905064,0.0547092,-0.016657606,0.04050824,0.0044723214,0.99903035,0.5912594,4.6339145,358.06558,13.633333333331393,1.141672,1494.981

-0.048682336,1.3904376,0.054646693,-0.016684283,0.040791094,0.0044123563,0.99901867,0.58505964,4.6664495,358.06256,13.64999999999418,1.141672,1494.981

-0.04890649,1.3903592,0.05450805,-0.016817464,0.041143432,0.0043222453,0.9990024,0.57604015,4.7069497,358.04742,13.666666666656965,1.141672,1494.981

-0.049132198,1.3902721,0.05433116,-0.016924828,0.041462064,0.0042580985,0.9989876,0.56982267,4.7435517,358.03516,13.683333333319752,1.141672,1494.981

-0.04935348,1.3901808,0.054141,-0.016945442,0.04169194,0.0042170547,0.9989779,0.56567085,4.769981,358.0328,13.700000000011642,1.141672,1494.981

-0.049204495,1.3902445,0.054310676,-0.016889233,0.041803017,0.0041868067,0.9989743,0.5621511,4.782809,358.03934,13.716666666674428,1.1413158,1495.5668

-0.04928772,1.3902185,0.05424044,-0.016819872,0.041831944,0.0041922797,0.99897426,0.56250507,4.786155,358.04727,13.733333333337214,1.1413158,1495.5668

-0.04944277,1.390168,0.0540903,-0.016726732,0.04186196,0.0042445017,0.9989744,0.5681169,4.789548,358.0577,13.75,1.1413158,1495.5668

-0.049612,1.3901156,0.053913034,-0.016728407,0.041903976,0.004301309,0.99897236,0.5747348,4.794255,358.05722,13.766666666662786,1.1413158,1495.5668

-0.049771547,1.3900656,0.053729244,-0.016814832,0.041957207,0.0043335496,0.9989685,0.5789612,4.800246,358.04706,13.783333333325572,1.141672,1494.981

-0.049915943,1.3900259,0.053552493,-0.016855218,0.042021535,0.0043413346,0.9989651,0.5801797,4.807584,358.04236,13.799999999988358,1.141672,1494.981

-0.050269067,1.3897133,0.054386962,-0.01676563,0.042047456,0.0043934747,0.9989653,0.5857893,4.8105073,358.05237,13.816666666680248,1.141672,1494.981

-0.050449256,1.3896127,0.054576892,-0.01676844,0.042107195,0.0044257627,0.9989626,0.58963203,4.817293,358.05185,13.833333333343035,1.141672,1494.981

-0.05057867,1.3895824,0.054553054,-0.016681107,0.04209877,0.004442028,0.9989643,0.5910616,4.8163466,358.0618,13.85000000000582,1.141672,1494.981

-0.05069928,1.3895799,0.05446704,-0.016513236,0.042077214,0.004423522,0.9989681,0.5880818,4.81401,358.0812,13.866666666668607,1.141672,1494.981

-0.05081848,1.3895798,0.05436237,-0.016363177,0.04208042,0.0044184504,0.99897045,0.58678067,4.814475,358.09845,13.883333333331393,1.1413158,1495.5668

-0.05092802,1.3895811,0.054250505,-0.016281543,0.042127803,0.004396762,0.9989699,0.58398706,4.819998,358.1079,13.89999999999418,1.1413158,1495.5668

-0.050644968,1.3894174,0.055545144,-0.016209146,0.0421766,0.0043030316,0.99896944,0.5729637,4.825813,358.11667,13.916666666656965,1.1413158,1495.5668

-0.05057522,1.3893882,0.05592066,-0.01613723,0.042245883,0.00421291,0.99896806,0.56239575,4.833968,358.1253,13.933333333319752,1.1413158,1495.5668

-0.05057317,1.3894045,0.055992596,-0.016046181,0.042254154,0.0041465494,0.99896944,0.5543462,4.8350916,358.13608,13.950000000011642,1.1413158,1495.5668

-0.05058897,1.3894402,0.055960163,-0.015989173,0.042209454,0.004090659,0.9989725,0.5475634,4.8301015,358.14294,13.966666666674428,1.1413158,1495.5668

-0.05061291,1.3894866,0.055905443,-0.015875971,0.042158354,0.004040761,0.99897665,0.54118526,4.8243957,358.15622,13.983333333337214,1.1413158,1495.5668

-0.05064207,1.3895397,0.055870783,-0.015596084,0.042125184,0.004017087,0.9989825,0.53704894,4.8207855,358.18854,14.0,1.1413158,1495.5668

-0.050116308,1.3895776,0.05722518,-0.015276693,0.04206093,0.0038076441,0.998991,0.5113251,4.813961,358.22626,14.016666666662786,1.1413158,1495.5668

-0.04991728,1.389645,0.057687055,-0.015124788,0.041961584,0.0036859799,0.998998,0.4964349,4.80286,358.2444,14.033333333325572,1.1413158,1495.5668

-0.049829513,1.3897129,0.057858232,-0.014972934,0.041838434,0.0036191978,0.9990057,0.4878111,4.7889285,358.26224,14.049999999988358,1.1413158,1495.5668

-0.049782827,1.3897847,0.05793981,-0.014746797,0.041714095,0.0035872625,0.9990143,0.48283708,4.7748346,358.28845,14.066666666680248,1.1413158,1495.5668

-0.049754217,1.3898538,0.057992805,-0.014459674,0.04153973,0.0035585687,0.9990259,0.4778644,4.7550254,358.3217,14.083333333343035,1.1413158,1495.5668

-0.049735755,1.3899143,0.05804443,-0.014225662,0.041398373,0.003527445,0.9990352,0.47293276,4.7389784,358.34882,14.10000000000582,1.1413158,1495.5668

-0.049725328,1.3899689,0.05809978,-0.0141200125,0.041368008,0.0034877942,0.9990381,0.46782443,4.735611,358.36115,14.116666666668607,1.1413158,1495.5668

-0.04990205,1.3895001,0.058569897,-0.013953284,0.041471664,0.0033259063,0.9990367,0.4486078,4.7478385,358.381,14.133333333331393,1.1413158,1495.5668

-0.04995936,1.3893639,0.05876531,-0.013812412,0.041648507,0.0032480992,0.9990316,0.4392896,4.7683067,358.3975,14.14999999999418,1.1413158,1495.5668

-0.049985737,1.389331,0.058866266,-0.01357906,0.041775256,0.0031870857,0.9990297,0.4313692,4.783041,358.4245,14.166666666656965,1.1413158,1495.5668

-0.05000817,1.3893417,0.05891784,-0.01315612,0.041739244,0.0031063806,0.9990371,0.42001155,4.779217,358.4735,14.183333333319752,1.1413158,1495.5668

-0.05002756,1.3893621,0.058937427,-0.013036416,0.041691862,0.003125962,0.99904054,0.4216135,4.773803,358.4872,14.200000000011642,1.1413158,1495.5668

-0.050535515,1.3889656,0.05931371,-0.012998813,0.04161063,0.003161207,0.99904436,0.42535645,4.76445,358.4914,14.216666666674428,1.1413158,1495.5668

-0.05071113,1.3888427,0.059443045,-0.012962752,0.04152297,0.003264901,0.9990481,0.4369608,4.7542567,358.49512,14.233333333337214,1.1413158,1495.5668

-0.050784305,1.3888029,0.059489477,-0.0129251955,0.041347757,0.0034055375,0.99905545,0.452667,4.7339687,358.49884,14.25,1.1413158,1495.5668

-0.050829086,1.3887901,0.059517328,-0.0128356,0.041179348,0.0035554399,0.999063,0.469203,4.7144732,358.5085,14.266666666662786,1.1413158,1495.5668

-0.050863072,1.3887875,0.059553843,-0.012710833,0.04115815,0.003670515,0.9990651,0.48179984,4.7119308,358.5223,14.283333333325572,1.1413158,1495.5668

-0.05089622,1.388794,0.05959687,-0.012575026,0.04125803,0.0036932293,0.9990626,0.48391783,4.7234163,358.53775,14.299999999988358,1.1413158,1495.5668

-0.051316407,1.3882443,0.060492996,-0.012471535,0.041471023,0.0036475444,0.9990552,0.47849804,4.7479587,358.54974,14.316666666680248,1.1413158,1495.5668

-0.051489625,1.3880591,0.060776394,-0.012459332,0.04165452,0.003597447,0.99904794,0.47295895,4.7690806,358.55127,14.333333333343035,1.1413158,1495.5668

-0.05158171,1.3879862,0.060839858,-0.012444127,0.041772664,0.003521903,0.9990434,0.4643838,4.782746,358.55328,14.35000000000582,1.1413158,1495.5668

-0.05164531,1.3879461,0.060827937,-0.012459381,0.041910447,0.003451415,0.99903774,0.45656484,4.7986426,358.55182,14.366666666668607,1.1413158,1495.5668

-0.05169866,1.3879185,0.060789492,-0.012490625,0.04207476,0.0033720715,0.9990307,0.44784552,4.817587,358.54852,14.383333333331393,1.1413158,1495.5668

-0.05175176,1.3878897,0.060734827,-0.012548202,0.042223256,0.0033142045,0.9990239,0.44169864,4.834676,358.54208,14.39999999999418,1.1413158,1495.5668

-0.05210408,1.3877412,0.061228555,-0.012726347,0.042359952,0.0033424434,0.9990158,0.44601527,4.850232,358.52142,14.416666666656965,1.1413158,1495.5668

-0.052256525,1.3876449,0.061309222,-0.01283168,0.042394374,0.003393781,0.99901277,0.45247906,4.8540554,358.50903,14.433333333319752,1.1413158,1495.5668

-0.052337155,1.387559,0.06124947,-0.013022,0.042424303,0.003489942,0.9990087,0.46450073,4.8572564,358.4867,14.450000000011642,1.1413158,1495.5668

-0.052386403,1.3874713,0.061136607,-0.013144047,0.04243401,0.0036240292,0.9990063,0.4805163,4.858108,358.472,14.466666666674428,1.1413158,1495.5668

-0.052417684,1.3873754,0.06099608,-0.013293188,0.042426713,0.003789817,0.99900395,0.50027925,4.8569427,358.45404,14.483333333337214,1.1413158,1495.5668

-0.052439563,1.387272,0.06084409,-0.013547304,0.042446963,0.0039683618,0.998999,0.52206373,4.858856,358.42395,14.5,1.1413158,1495.5668

-0.05224155,1.3870324,0.0610685,-0.013869241,0.0424901,0.0040718,0.9989923,0.53558934,4.863467,358.38644,14.516666666662786,1.1413158,1495.5668

-0.05217032,1.3868903,0.061052326,-0.01410104,0.04252308,0.0041697593,0.99898726,0.548031,4.8669643,358.35928,14.533333333325572,1.1413158,1495.5668

-0.052138977,1.3867848,0.060965072,-0.014277382,0.042557202,0.004249385,0.99898297,0.55809903,4.8706484,358.33865,14.549999999988358,1.1413158,1495.5668

-0.052111924,1.3866944,0.060866345,-0.014353631,0.042642284,0.0042919856,0.9989781,0.5635129,4.880292,358.3296,14.566666666680248,1.1413158,1495.5668

-0.0520698,1.3866143,0.06077085,-0.014401147,0.04277917,0.004283327,0.9989716,0.56298786,4.895978,358.32407,14.583333333343035,1.1413158,1495.5668

-0.052004427,1.3865398,0.060678553,-0.014454783,0.042914677,0.0042547886,0.9989651,0.56020796,4.911536,358.31796,14.60000000000582,1.1413158,1495.5668

-0.05204696,1.3863994,0.061233502,-0.014532074,0.042997673,0.0042272196,0.99896055,0.5575662,4.9210577,358.30917,14.616666666668607,1.1413158,1495.5668

-0.051966757,1.3863336,0.061342765,-0.014645914,0.042995065,0.0041814623,0.9989592,0.55286634,4.920773,358.2963,14.633333333331393,1.1413158,1495.5668

-0.051845282,1.3862975,0.06129271,-0.014641982,0.042921573,0.0041125077,0.9989627,0.54479504,4.9124646,358.29715,14.64999999999418,1.1413158,1495.5668

-0.051710743,1.3862727,0.061190274,-0.01461414,0.042917617,0.004022525,0.99896365,0.5343121,4.912179,358.3008,14.666666666656965,1.1413158,1495.5668

-0.051568594,1.3862419,0.061060373,-0.014694455,0.042968504,0.0039547356,0.9989605,0.5270089,4.918087,358.29187,14.683333333319752,1.1413158,1495.5668

-0.051415898,1.3862044,0.060911667,-0.014926635,0.043036442,0.0038768745,0.9989545,0.5193302,4.925892,358.26553,14.700000000011642,1.1413158,1495.5668

-0.051339064,1.3862695,0.061179515,-0.015147435,0.04303334,0.0038769473,0.9989513,0.52042437,4.925421,358.24014,14.716666666674428,1.1413158,1495.5668

-0.051213685,1.3862754,0.061195534,-0.015292411,0.043025903,0.0038375293,0.9989496,0.5165982,4.9245625,358.22366,14.733333333337214,1.1413158,1495.5668

-0.051078476,1.3862557,0.061135028,-0.0152916815,0.04286003,0.0038047004,0.9989568,0.51251954,4.9055986,358.22406,14.75,1.1413158,1495.5668

-0.05093476,1.3862131,0.061039817,-0.015290457,0.042577177,0.0037976264,0.99896896,0.51118374,4.873174,358.2244,14.766666666662786,1.1413158,1495.5668

-0.050780967,1.3861585,0.06092449,-0.015428188,0.04231977,0.0038066125,0.9989778,0.51241523,4.8435683,358.2087,14.783333333325572,1.1413158,1495.5668

-0.05062823,1.3861004,0.060809825,-0.015535823,0.042209808,0.0038224505,0.9989807,0.5145539,4.830874,358.19632,14.799999999988358,1.1413158,1495.5668

-0.05065593,1.3861189,0.061106037,-0.015600181,0.042217296,0.0038141836,0.9989794,0.5139301,4.8317146,358.18896,14.816666666680248,1.1413158,1495.5668

-0.050586022,1.3861234,0.06109071,-0.015787946,0.042318117,0.003802074,0.99897224,0.51363903,4.843202,358.1674,14.833333333343035,1.1413158,1495.5668

-0.05048366,1.3861362,0.06094935,-0.015995637,0.04235979,0.0037877706,0.9989672,0.51308465,4.847901,358.14355,14.85000000000582,1.1413158,1495.5668

-0.05037167,1.386166,0.060758453,-0.016107662,0.042329907,0.0037569408,0.9989668,0.51003027,4.844474,358.13086,14.866666666668607,1.1413158,1495.5668

-0.050258882,1.3862065,0.060553376,-0.01619762,0.042283747,0.0037176113,0.9989674,0.50586003,4.8392086,358.12076,14.883333333331393,1.1413158,1495.5668

-0.050145134,1.3862609,0.06036791,-0.016306592,0.042274803,0.003635577,0.99896634,0.49694738,4.8382826,358.1086,14.89999999999418,1.141672,1494.981

-0.0504798,1.3865665,0.060540285,-0.016475124,0.042186122,0.0035693818,0.9989676,0.48998696,4.828156,358.08963,14.916666666656965,1.141672,1494.981

-0.050539,1.3867522,0.060546454,-0.016515195,0.04214183,0.0034964026,0.998969,0.48171008,4.823197,358.08542,14.933333333319752,1.141672,1494.981

-0.050502077,1.386909,0.06051935,-0.01631349,0.042017125,0.0034229194,0.99897784,0.47205022,4.8091326,358.10904,14.950000000011642,1.141672,1494.981

-0.050430372,1.3870578,0.060484994,-0.016024707,0.041833166,0.00338515,0.99899036,0.46596742,4.7882433,358.14252,14.966666666674428,1.1413158,1495.5668

-0.05034776,1.3872099,0.06043982,-0.015818957,0.041601557,0.003384277,0.99900335,0.46444306,4.761781,358.1663,14.983333333337214,1.1413158,1495.5668

-0.05026883,1.3873732,0.06038029,-0.015597227,0.041311625,0.003377081,0.99901885,0.46201962,4.7286496,358.192,15.0,1.1413158,1495.5668

-0.05067724,1.3874649,0.061071914,-0.015345242,0.04104661,0.003391964,0.99903363,0.46205023,4.6983485,358.221,15.016666666662786,1.1413158,1495.5668

-0.050790075,1.3876182,0.061277878,-0.0150716305,0.040868603,0.0033941339,0.9990451,0.46069077,4.6780586,358.25256,15.033333333325572,1.1413158,1495.5668

-0.050800428,1.3877918,0.06135012,-0.014804609,0.04093488,0.0034109748,0.9990463,0.46148887,4.6857533,358.2831,15.049999999988358,1.1413158,1495.5668

-0.0507814,1.3879727,0.06139722,-0.014729462,0.041175116,0.0034128127,0.99903756,0.46176803,4.7133336,358.29163,15.066666666680248,1.1413158,1495.5668

-0.050758325,1.3881575,0.06143797,-0.014721071,0.041436236,0.0033790183,0.999027,0.4583039,4.7433395,358.29257,15.083333333343035,1.1413158,1495.5668

-0.050740995,1.3883522,0.061467346,-0.0145691605,0.041607074,0.0033165682,0.9990223,0.45070344,4.763105,358.3102,15.10000000000582,1.1413158,1495.5668

-0.050884336,1.3882018,0.06153832,-0.014293184,0.041623462,0.0032062775,0.999026,0.43674248,4.765292,358.34247,15.116666666668607,1.1413158,1495.5668

-0.0509428,1.3882574,0.06153995,-0.014054014,0.041605283,0.0031527244,0.9990303,0.42941657,4.763399,358.3702,15.133333333331393,1.1413158,1495.5668

-0.05097963,1.3883622,0.061517928,-0.0138605395,0.04157008,0.0031596788,0.9990344,0.42923275,4.7594337,358.3924,15.14999999999418,1.1413158,1495.5668

-0.05101987,1.3884777,0.06149062,-0.013757211,0.041502144,0.0031893537,0.9990386,0.43203712,4.7516403,358.40417,15.166666666656965,1.1413158,1495.5668

-0.051062018,1.3885883,0.061464254,-0.013683613,0.041444115,0.0032137476,0.999042,0.43439394,4.7449784,358.41257,15.183333333319752,1.1413158,1495.5668

-0.051103294,1.3886924,0.06142624,-0.013614782,0.04137888,0.0032038854,0.9990456,0.43282753,4.7375436,358.42053,15.200000000011642,1.1413158,1495.5668

-0.051374607,1.3882986,0.06156968,-0.013671363,0.041362856,0.003189692,0.99904555,0.4314399,4.7357035,358.41412,15.216666666674428,1.1413158,1495.5668

-0.051504534,1.3882198,0.061574783,-0.01371021,0.041407738,0.003095885,0.99904346,0.42092153,4.740983,358.4101,15.233333333337214,1.1413158,1495.5668

-0.05159431,1.3882436,0.061524626,-0.013645634,0.04152478,0.0029780108,0.9990398,0.4072634,4.754619,358.418,15.25,1.1413158,1495.5668

-0.05167725,1.3882961,0.06144846,-0.013555892,0.04170525,0.0028639587,0.99903387,0.39402395,4.775531,358.42877,15.266666666662786,1.1413158,1495.5668

-0.051761582,1.3883477,0.061345067,-0.013587106,0.04187785,0.0028054256,0.9990264,0.38772774,4.7954044,358.42535,15.283333333325572,1.1413158,1495.5668

-0.051849708,1.3883893,0.06121671,-0.013683092,0.041980088,0.0027908264,0.9990208,0.38667852,4.8071156,358.41434,15.299999999988358,1.1413158,1495.5668

-0.051899463,1.3879433,0.06110308,-0.013689494,0.04204794,0.0028976593,0.9990176,0.39909324,4.814724,358.41306,15.316666666680248,1.1413158,1495.5668

-0.051993217,1.3878027,0.06097072,-0.013726562,0.042041324,0.002923924,0.9990173,0.40227887,4.813909,358.4087,15.333333333343035,1.1413158,1495.5668

-0.052097805,1.3877494,0.060834724,-0.013790303,0.041983936,0.0029582488,0.9990187,0.40643603,4.807247,358.40125,15.35000000000582,1.1413158,1495.5668

-0.05219844,1.387722,0.060705815,-0.013834544,0.041901052,0.0030078762,0.9990215,0.41221443,4.797645,358.39597,15.366666666668607,1.1413158,1495.5668

-0.052292913,1.3877099,0.060582098,-0.01381186,0.04179457,0.003084421,0.999026,0.42072383,4.78532,358.39825,15.383333333331393,1.1413158,1495.5668

-0.052377403,1.3877044,0.060461547,-0.013844693,0.041737244,0.0031398428,0.9990278,0.4271539,4.7786427,358.39423,15.39999999999418,1.1413158,1495.5668

-0.05228661,1.3874968,0.060365606,-0.013768732,0.041652583,0.003211216,0.99903214,0.4348502,4.768852,358.40268,15.416666666656965,1.1413158,1495.5668

-0.052310478,1.3874215,0.0602643,-0.013797824,0.041568905,0.003212091,0.9990352,0.43495244,4.759242,358.39938,15.433333333319752,1.1413158,1495.5668

-0.052381188,1.3873817,0.060131725,-0.013870445,0.041422084,0.0032108342,0.9990403,0.4349122,4.7423754,358.3911,15.450000000011642,1.1413158,1495.5668

-0.05247791,1.3873492,0.05996606,-0.013971636,0.041265957,0.0032371136,0.99904525,0.4381528,4.724385,358.37946,15.466666666674428,1.1413158,1495.5668

-0.05258691,1.3873143,0.059784617,-0.01403809,0.04117623,0.0032623028,0.99904794,0.4412113,4.714025,358.37177,15.483333333337214,1.1413158,1495.5668

-0.052703537,1.3872759,0.05960672,-0.014046811,0.04115201,0.0032369292,0.9990489,0.43829733,4.711285,358.37088,15.5,1.1413158,1495.5668

-0.052786957,1.3870659,0.05944557,-0.013993011,0.041131273,0.0032568974,0.99905044,0.44030228,4.708898,358.37698,15.516666666662786,1.1413158,1495.5668

-0.052897613,1.3869417,0.05929934,-0.014063878,0.041245155,0.003264719,0.9990447,0.44172624,4.7219133,358.36874,15.533333333325572,1.1413158,1495.5668

-0.053014055,1.3868263,0.059152056,-0.014264558,0.04139644,0.0033198763,0.9990354,0.4492699,4.739082,358.34534,15.549999999988358,1.1413158,1495.5668

-0.053131483,1.3867065,0.058995027,-0.014533235,0.04144175,0.0034277055,0.99902934,0.4630126,4.743975,358.3139,15.566666666680248,1.1413158,1495.5668

-0.05325635,1.386586,0.058822285,-0.01476283,0.04127624,0.0035676365,0.9990323,0.4798885,4.724649,358.287,15.583333333343035,1.1413158,1495.5668

-0.05339159,1.3864678,0.058644775,-0.014954299,0.041016832,0.0037074108,0.99903965,0.49638945,4.6945667,358.2645,15.60000000000582,1.1413158,1495.5668

-0.05345891,1.3863466,0.058746878,-0.015047501,0.040715817,0.003880985,0.9990499,0.51622576,4.6596994,358.25314,15.616666666668607,1.1413158,1495.5668

-0.053569756,1.3862425,0.058701415,-0.015075811,0.04051176,0.003955102,0.99905753,0.5245041,4.636155,358.2497,15.633333333331393,1.1413158,1495.5668

-0.05368252,1.3861542,0.058601182,-0.015131362,0.040383603,0.003962453,0.9990618,0.52537525,4.6214175,358.24338,15.64999999999418,1.1413158,1495.5668

-0.053775836,1.3860765,0.058494855,-0.0152320415,0.04043836,0.0039324057,0.99905825,0.52249026,4.627697,358.2319,15.666666666656965,1.1413158,1495.5668

-0.05384973,1.386008,0.05839241,-0.015387075,0.04061238,0.0038793392,0.99904895,0.5174341,4.6476655,358.21423,15.683333333319752,1.1413158,1495.5668

-0.053912938,1.3859448,0.05829226,-0.015557962,0.040770072,0.003834264,0.99904007,0.51334584,4.6657405,358.19467,15.700000000011642,1.1413158,1495.5668

-0.054206386,1.3860481,0.058111753,-0.015592901,0.040866982,0.0037770541,0.9990358,0.50711805,4.676939,358.1909,15.716666666674428,1.1413158,1495.5668

-0.054331295,1.3860304,0.058004174,-0.015592496,0.040862944,0.003761773,0.999036,0.5053534,4.6765037,358.191,15.733333333337214,1.1413158,1495.5668

-0.054406747,1.3859742,0.05790372,-0.015683267,0.04073004,0.003758451,0.99904007,0.5051493,4.6612244,358.18066,15.75,1.1413158,1495.5668

-0.054474615,1.385915,0.057801697,-0.015788438,0.040539175,0.003770826,0.9990461,0.50670373,4.6392612,358.16867,15.766666666662786,1.141672,1494.981

-0.054545537,1.3858638,0.057720955,-0.01581256,0.040339235,0.0037924328,0.9990537,0.5089213,4.6162825,358.16592,15.783333333325572,1.141672,1494.981

-0.05461818,1.3858268,0.057678755,-0.01575979,0.0401665,0.0037900105,0.9990615,0.5080746,4.5965066,358.17212,15.799999999988358,1.141672,1494.981

-0.054702565,1.3856728,0.057997774,-0.015524824,0.040130332,0.0036382785,0.99906725,0.48949718,4.5927525,358.19983,15.816666666680248,1.1413158,1495.5668

-0.054746464,1.3856223,0.058178935,-0.015351874,0.040156603,0.003558225,0.99906915,0.47955382,4.595992,358.22003,15.833333333343035,1.1413158,1495.5668

-0.054774225,1.3856087,0.058341037,-0.0152489,0.04027769,0.0034900224,0.99906605,0.47146523,4.6100464,358.23212,15.85000000000582,1.1413158,1495.5668

-0.054797634,1.385602,0.05850609,-0.015149175,0.04046345,0.0034029179,0.9990604,0.46133393,4.6315484,358.24387,15.866666666668607,1.1413158,1495.5668

-0.05483011,1.3855958,0.05865502,-0.015017195,0.040588014,0.0033016177,0.9990577,0.44930756,4.64607,358.25943,15.883333333331393,1.1413158,1495.5668

-0.054880396,1.3855904,0.058767367,-0.014891405,0.040550396,0.003204905,0.9990614,0.43754613,4.641979,358.27435,15.89999999999418,1.1413158,1495.5668

-0.054700904,1.385059,0.05932078,-0.0146683855,0.040471848,0.0030269965,0.99906844,0.41593608,4.633372,358.30084,15.916666666656965,1.1413158,1495.5668

-0.054671794,1.3848706,0.059576225,-0.014590997,0.040350188,0.0029935264,0.9990746,0.4115215,4.6195097,358.30997,15.933333333319752,1.1413158,1495.5668

-0.054696135,1.3847787,0.059750635,-0.014535584,0.040275794,0.0030303728,0.9990783,0.4153686,4.61094,358.3162,15.950000000011642,1.1413158,1495.5668

-0.054746322,1.3847091,0.059909437,-0.014547202,0.040284988,0.0030884058,0.99907756,0.4221038,4.6118913,358.31458,15.966666666674428,1.1413158,1495.5668

-0.05481214,1.3846518,0.060074557,-0.014631779,0.040373217,0.0031232978,0.9990727,0.42665592,4.6219144,358.30466,15.983333333337214,1.1413158,1495.5668

-0.05488865,1.3846017,0.060260806,-0.014672232,0.040501233,0.0031327584,0.9990668,0.42815307,4.63656,358.2999,16.0,1.1413158,1495.5668

-0.054029908,1.3843486,0.060773183,-0.014634038,0.040794987,0.0030205778,0.9990558,0.41560018,4.670452,358.30463,16.016666666662786,1.1413158,1495.5668

-0.053796478,1.38425,0.061048765,-0.014560951,0.040926095,0.002974428,0.99905163,0.4101832,4.685595,358.31317,16.033333333325572,1.1413158,1495.5668

-0.05376944,1.3841953,0.061221454,-0.014571772,0.04089776,0.002980135,0.99905264,0.4108406,4.6823325,358.31192,16.04999999998836,1.1413158,1495.5668

-0.05381994,1.3841505,0.061358992,-0.01449565,0.040780913,0.0030255786,0.9990584,0.41550198,4.668888,358.32053,16.06666666668025,1.1413158,1495.5668

-0.053906098,1.3841122,0.061488967,-0.014445395,0.040667906,0.003060362,0.9990636,0.41906828,4.6558914,358.32617,16.083333333343035,1.1413158,1495.5668

-0.05401233,1.3840632,0.061628047,-0.014373842,0.040594466,0.0031276683,0.9990674,0.42633978,4.647388,358.33414,16.10000000000582,1.1413158,1495.5668

-0.05431039,1.3832376,0.061894972,-0.014320213,0.040604547,0.003043176,0.999068,0.41640183,4.648707,358.3407,16.116666666668607,1.1413158,1495.5668

-0.0544737,1.382907,0.062083315,-0.0145193115,0.040769596,0.0030534572,0.99905837,0.41879562,4.6675334,358.3177,16.133333333331393,1.1413158,1495.5668

-0.054597143,1.3827317,0.06224257,-0.014728939,0.040956777,0.0030784155,0.99904764,0.4229712,4.688867,358.29337,16.14999999999418,1.1413158,1495.5668

-0.054713547,1.3826125,0.062407415,-0.014823205,0.041177172,0.0031011964,0.9990371,0.42641926,4.714062,358.28232,16.166666666656965,1.1413158,1495.5668

-0.054833323,1.3825232,0.062566325,-0.014885878,0.041340113,0.0030791897,0.9990295,0.42447564,4.732758,358.27512,16.18333333331975,1.1413158,1495.5668

-0.05495866,1.3824478,0.06272814,-0.014869834,0.041464373,0.0030637768,0.9990246,0.4228483,4.7470417,358.27698,16.20000000001164,1.1413158,1495.5668

-0.05531986,1.3820012,0.06360361,-0.014794893,0.041482653,0.003138717,0.9990248,0.4311323,4.749041,358.2852,16.216666666674428,1.1413158,1495.5668

-0.055525213,1.3818158,0.06398314,-0.014725042,0.041507933,0.0032243629,0.9990245,0.44068238,4.751824,358.29282,16.233333333337214,1.1413158,1495.5668

-0.055682406,1.3817096,0.064204134,-0.014468008,0.041429665,0.003309316,0.9990312,0.4490813,4.742819,358.32196,16.25,1.1413158,1495.5668

-0.055808946,1.3816149,0.0643677,-0.014433204,0.041314643,0.0035207914,0.9990358,0.47301093,4.7292895,358.32507,16.266666666662786,1.1413158,1495.5668

-0.055913717,1.3815163,0.06449517,-0.014603052,0.041176714,0.0037069826,0.9990383,0.49496472,4.7130766,358.30475,16.283333333325572,1.1413158,1495.5668

-0.05600223,1.3814236,0.06462176,-0.014829068,0.041079532,0.0038870142,0.9990383,0.51654154,4.7015095,358.27798,16.29999999998836,1.1413158,1495.5668

-0.05600494,1.3816112,0.065110065,-0.014991078,0.041028436,0.0039123166,0.99903786,0.52012056,4.6955223,358.2593,16.31666666668025,1.1413158,1495.5668

-0.056038536,1.3816464,0.06535031,-0.015036965,0.041030265,0.0039628395,0.9990369,0.52614343,4.69562,358.25378,16.333333333343035,1.1413158,1495.5668

-0.056081187,1.3816383,0.06552434,-0.015032128,0.04102658,0.0039826543,0.999037,0.5283902,4.695165,358.25424,16.35000000000582,1.1413158,1495.5668

-0.056123227,1.3816221,0.06570461,-0.014955583,0.041028097,0.0039740438,0.99903816,0.5270432,4.695395,358.26306,16.366666666668607,1.1413158,1495.5668

-0.05616072,1.3816087,0.06591008,-0.014890665,0.041111566,0.003983262,0.99903566,0.527945,4.7049847,358.27042,16.383333333331393,1.1413158,1495.5668

-0.056187548,1.3816137,0.0661289,-0.014851761,0.041196104,0.003956326,0.99903286,0.52481735,4.714746,358.275,16.39999999999418,1.1413158,1495.5668

-0.056263033,1.381938,0.06640117,-0.014817341,0.041180942,0.0037701176,0.9990347,0.5032377,4.713346,358.27982,16.416666666656965,1.1413158,1495.5668

-0.056266643,1.3820994,0.066636324,-0.01471523,0.04115858,0.0036185875,0.99903774,0.4853092,4.7110925,358.29227,16.43333333331975,1.141672,1494.981

-0.056249052,1.3822193,0.06687739,-0.014537932,0.041177385,0.0034515532,0.9990401,0.46531647,4.7136164,358.31342,16.45000000001164,1.141672,1494.981

-0.056226734,1.3823277,0.06714009,-0.014242485,0.041299116,0.003269465,0.99903995,0.443209,4.7280145,358.34818,16.466666666674428,1.141672,1494.981

-0.056198835,1.3824211,0.067401804,-0.014041436,0.04149291,0.0031246915,0.99903524,0.42594835,4.750563,358.37183,16.483333333337214,1.141672,1494.981

-0.056155622,1.3824906,0.067651816,-0.013910959,0.041666843,0.0030500311,0.99903005,0.41703752,4.770686,358.3871,16.5,1.141672,1494.981

-0.056064624,1.3828069,0.06695049,-0.013788614,0.04170552,0.0030170653,0.99903023,0.41272828,4.775225,358.40128,16.516666666662786,1.141672,1494.981

-0.05600269,1.3829216,0.06684056,-0.013689346,0.04161944,0.0030759803,0.999035,0.4188806,4.7653008,358.41245,16.533333333325572,1.141672,1494.981

-0.05595917,1.3829641,0.06689714,-0.013631598,0.04140831,0.0031581065,0.9990443,0.42769632,4.7409835,358.41882,16.54999999998836,1.141672,1494.981

-0.055926133,1.3829782,0.066997774,-0.013555313,0.04115399,0.00321313,0.99905574,0.4332436,4.711765,358.42746,16.56666666668025,1.141672,1494.981

-0.055901766,1.3829819,0.0671172,-0.013497144,0.040953748,0.0032286984,0.9990647,0.43443504,4.6888027,358.43417,16.583333333343035,1.141672,1494.981

-0.05587954,1.382983,0.06726376,-0.013461376,0.04091289,0.003213224,0.9990669,0.43242368,4.6841564,358.4384,16.60000000000582,1.141672,1494.981

-0.05596499,1.3828787,0.067504145,-0.013652984,0.04109636,0.0032069546,0.99905676,0.4329022,4.705123,358.41632,16.616666666668607,1.141672,1494.981

-0.05595191,1.3828272,0.06769133,-0.013837867,0.04128404,0.0032398452,0.9990464,0.43786234,4.726513,358.3948,16.633333333331393,1.1413158,1495.5668

-0.05590417,1.3827969,0.067857526,-0.013974752,0.04140259,0.003291253,0.9990394,0.4446142,4.739964,358.37878,16.64999999999418,1.1413158,1495.5668

-0.055855155,1.382781,0.067989655,-0.0140844835,0.041370437,0.0033551082,0.999039,0.45241737,4.7361236,358.36588,16.666666666656965,1.1413158,1495.5668

-0.055821326,1.3827796,0.068105005,-0.014074456,0.041264445,0.0034199571,0.9990432,0.45964143,4.723867,358.3668,16.68333333331975,1.1413158,1495.5668

-0.055801958,1.3827975,0.06819933,-0.014121167,0.041068606,0.003468795,0.9990505,0.46514314,4.701308,358.3613,16.70000000001164,1.1413158,1495.5668

-0.05622439,1.3826644,0.068104655,-0.014280827,0.040868524,0.0035290367,0.9990562,0.47247535,4.6781893,358.3428,16.716666666674428,1.1413158,1495.5668

-0.05636862,1.3826649,0.06812656,-0.014188156,0.04069395,0.0035488757,0.9990646,0.47402388,4.658181,358.35345,16.733333333337214,1.1413158,1495.5668

-0.05642304,1.3827145,0.068215914,-0.014087219,0.040694874,0.0035305107,0.9990661,0.47144425,4.658365,358.36514,16.75,1.1413158,1495.5668

-0.05644605,1.3827791,0.068358384,-0.013994435,0.04087296,0.0034826254,0.9990603,0.46580753,4.678909,358.37592,16.766666666662786,1.1413158,1495.5668

-0.056453444,1.3828373,0.06851261,-0.013946766,0.041027028,0.0034580028,0.99905473,0.46301174,4.6966386,358.3814,16.783333333325572,1.1413158,1495.5668

-0.056447312,1.3828793,0.0686565,-0.013977728,0.041119453,0.0034806395,0.9990504,0.465912,4.7071857,358.3777,16.79999999998836,1.1413158,1495.5668

-0.056343198,1.3830274,0.06782142,-0.014230917,0.041192,0.0035332434,0.99904364,0.47327343,4.7153,358.3483,16.81666666668025,1.1413158,1495.5668

-0.056308653,1.3830951,0.06756963,-0.0144448215,0.04123103,0.0035341224,0.99903893,0.47445345,4.7196727,358.3237,16.833333333343035,1.1413158,1495.5668

-0.056296498,1.3831425,0.06748612,-0.014446277,0.041277662,0.0034779317,0.9990372,0.46808589,4.7251143,358.3238,16.85000000000582,1.1413158,1495.5668

-0.05629025,1.3831799,0.06742252,-0.014445749,0.041280504,0.0034007824,0.9990373,0.4592259,4.7255697,358.3242,16.866666666668607,1.1413158,1495.5668

-0.056285694,1.383204,0.06735898,-0.014447969,0.041302495,0.00332766,0.99903667,0.45087445,4.7282133,358.32428,16.883333333331393,1.1413158,1495.5668

-0.056278232,1.3832022,0.06730529,-0.014432562,0.041378703,0.0033116394,0.9990338,0.449092,4.7369866,358.32608,16.89999999999418,1.1413158,1495.5668

-0.0563789,1.38296,0.06762088,-0.014639218,0.04148579,0.003335332,0.9990263,0.45298237,4.749134,358.30215,16.916666666656965,1.1413158,1495.5668

-0.056388006,1.3828323,0.0676937,-0.014851049,0.04154032,0.0034587143,0.99902046,0.46826166,4.755078,358.2772,16.93333333331975,1.1413158,1495.5668

-0.056355253,1.382734,0.067710996,-0.014994318,0.04149415,0.0036653786,0.9990195,0.49260318,4.7493563,358.2598,16.95000000001164,1.1413158,1495.5668

-0.056296404,1.3826404,0.06770823,-0.015121965,0.041279275,0.003918003,0.9990255,0.5218434,4.724209,358.24405,16.966666666674428,1.1413158,1495.5668

-0.056222115,1.3825569,0.06769503,-0.015246185,0.040998533,0.0041496614,0.9990343,0.548531,4.6915402,358.22888,16.983333333337214,1.1413158,1495.5668

-0.056148104,1.3824894,0.06767172,-0.015376476,0.04070209,0.0043416354,0.9990436,0.57065004,4.6571317,358.2132,17.0,1.1413158,1495.5668

-0.05602932,1.3823453,0.06793728,-0.015468148,0.040462755,0.0044217603,0.9990515,0.5798384,4.6294904,358.2025,17.016666666662786,1.1413158,1495.5668

-0.055965215,1.382289,0.06796893,-0.015391312,0.04026331,0.0044557173,0.99906063,0.5830143,4.606604,358.2113,17.033333333325572,1.1413158,1495.5668

-0.055920303,1.3822685,0.067935996,-0.015318676,0.04020717,0.004453709,0.999064,0.58234495,4.6002126,358.21973,17.04999999998836,1.1413158,1495.5668

-0.055861592,1.3822674,0.067908004,-0.015271912,0.040311947,0.004388506,0.99906075,0.57483184,4.61237,358.22528,17.06666666668025,1.1413158,1495.5668

-0.05576317,1.3822705,0.06791379,-0.015242983,0.040561117,0.004249721,0.9990517,0.5592118,4.641205,358.2291,17.083333333343035,1.1413158,1495.5668

-0.055620275,1.3822736,0.067947924,-0.015261285,0.04083951,0.0040656067,0.9990409,0.5386569,4.6734457,358.22766,17.10000000000582,1.1413158,1495.5668

-0.05568458,1.3822665,0.06845381,-0.015267508,0.041023646,0.00392352,0.9990338,0.52270085,4.694809,358.22748,17.116666666668607,1.1413158,1495.5668

-0.055575535,1.3822751,0.06863929,-0.015219884,0.041034866,0.0038054525,0.9990345,0.50893474,4.6963296,358.23352,17.133333333331393,1.1413158,1495.5668

-0.055416495,1.3822894,0.06869938,-0.015174936,0.040897436,0.0037246675,0.99904114,0.49919483,4.680735,358.23914,17.14999999999418,1.1413158,1495.5668

-0.05525665,1.3823084,0.068699375,-0.015052822,0.040673904,0.003676976,0.9990523,0.49274218,4.6552467,358.25354,17.166666666656965,1.1413158,1495.5668

-0.055113465,1.3823283,0.06867681,-0.014890703,0.040468827,0.0036518984,0.9990632,0.48874065,4.6318536,358.2724,17.18333333331975,1.1413158,1495.5668

-0.054989755,1.3823491,0.06865058,-0.014796895,0.040367033,0.003610935,0.99906886,0.4834203,4.620297,358.28342,17.20000000001164,1.1413158,1495.5668

-0.05525036,1.3823955,0.06867729,-0.014646307,0.040402904,0.0036532332,0.99906945,0.4876434,4.6244116,358.3005,17.216666666674428,1.1413158,1495.5668

-0.055298295,1.3824207,0.06867764,-0.0144729335,0.04059135,0.0035789208,0.9990646,0.47862867,4.6462307,358.32065,17.233333333337214,1.1413158,1495.5668

-0.055283014,1.3824235,0.06865484,-0.014461316,0.040799145,0.0035322232,0.99905646,0.47356877,4.670142,358.32208,17.25,1.1413158,1495.5668

-0.055253107,1.382412,0.06861027,-0.014429269,0.0409221,0.0035399527,0.99905187,0.47451806,4.684245,358.32565,17.266666666662786,1.1413158,1495.5668

-0.055224825,1.3823955,0.06853219,-0.014343906,0.04088846,0.0036040628,0.99905425,0.48142353,4.6803207,358.33517,17.283333333325572,1.1413158,1495.5668

-0.05520072,1.3823792,0.06843157,-0.014229192,0.04073261,0.003722737,0.9990618,0.4942519,4.662308,358.3479,17.29999999998836,1.1413158,1495.5668

-0.055168167,1.3823596,0.06833098,-0.014098589,0.040595017,0.0038746141,0.99906874,0.5108546,4.6463456,358.36227,17.31666666668025,1.1413158,1495.5668

-0.055301443,1.3824,0.068221696,-0.014084848,0.04060834,0.003991864,0.9990679,0.52428085,4.6476874,358.3633,17.333333333343035,1.1413158,1495.5668

-0.055293113,1.3823959,0.0681124,-0.014199255,0.040737815,0.0040732347,0.99906063,0.534381,4.662341,358.3497,17.35000000000582,1.1413158,1495.5668

-0.05522915,1.382377,0.06800556,-0.0143062845,0.0409224,0.0041074036,0.99905145,0.5391227,4.6833935,358.3371,17.366666666668607,1.1413158,1495.5668

-0.05513848,1.3823519,0.067900755,-0.014336883,0.041142583,0.0041073216,0.999042,0.53963524,4.7086267,358.33344,17.383333333331393,1.1413158,1495.5668

-0.055034593,1.3823231,0.06776227,-0.014473973,0.04125399,0.0040888484,0.9990355,0.53835386,4.7213593,358.31772,17.39999999999418,1.1413158,1495.5668

-0.055251464,1.3822439,0.0678267,-0.014639363,0.04115061,0.0041135135,0.9990372,0.54178935,4.709373,358.29868,17.416666666656965,1.1413158,1495.5668

-0.055292368,1.3822026,0.06771193,-0.014666325,0.041055482,0.0040634284,0.99904096,0.53599644,4.698535,358.29587,17.43333333331975,1.1413158,1495.5668

-0.055291414,1.3821732,0.06753331,-0.014589711,0.04095231,0.003965478,0.9990467,0.5242038,4.686911,358.3052,17.45000000001164,1.1413158,1495.5668

-0.05527492,1.3821359,0.067332044,-0.014564978,0.040971547,0.0038714977,0.9990466,0.5133256,4.689289,358.30847,17.466666666674428,1.1413158,1495.5668

-0.055240944,1.3820801,0.06712796,-0.014706292,0.04122948,0.0038013633,0.9990342,0.5063871,4.718914,358.2924,17.483333333337214,1.1413158,1495.5668

-0.055194765,1.3820127,0.06691365,-0.015000931,0.041612443,0.0037386904,0.9990142,0.5012682,4.76279,358.25858,17.5,1.1413158,1495.5668

-0.055176172,1.3819027,0.06695024,-0.015410699,0.041962426,0.0036525119,0.9989937,0.49396938,4.8028736,358.2117,17.516666666662786,1.1413158,1495.5668

-0.055159226,1.3818238,0.066796884,-0.015783755,0.042222243,0.0036352337,0.99897695,0.49427074,4.8325157,358.16873,17.533333333325572,1.1413158,1495.5668

-0.055153355,1.3817627,0.06658954,-0.015985465,0.042418472,0.0036507044,0.9989654,0.4974,4.85489,358.1454,17.54999999998836,1.1413158,1495.5668

-0.055156246,1.3817105,0.0663675,-0.016064111,0.04252525,0.0036822173,0.9989595,0.50160795,4.8670373,358.1361,17.56666666668025,1.1413158,1495.5668

-0.055168256,1.381659,0.06613699,-0.016198544,0.042536974,0.0037468325,0.99895656,0.50971067,4.8681927,358.12033,17.583333333343035,1.1413158,1495.5668

-0.0551819,1.3816237,0.06591105,-0.016306955,0.04245226,0.0037925595,0.99895823,0.51532894,4.858336,358.1077,17.60000000000582,1.1413158,1495.5668

-0.055153355,1.3816524,0.06611739,-0.016304128,0.042384386,0.0038769948,0.99896085,0.5248836,4.850394,358.10767,17.616666666668607,1.1413158,1495.5668

-0.05512311,1.3816636,0.066108726,-0.016264709,0.042396713,0.0039253333,0.99896073,0.5302691,4.8517365,358.11197,17.633333333331393,1.1413158,1495.5668

-0.05507028,1.3816789,0.0660512,-0.016299846,0.04251875,0.0039341482,0.99895495,0.53169036,4.865696,358.1078,17.64999999999418,1.1413158,1495.5668

-0.05499593,1.3817049,0.06598169,-0.016336232,0.04266311,0.003910951,0.9989483,0.5294844,4.8822756,358.10364,17.666666666656965,1.1413158,1495.5668

-0.05491516,1.3817408,0.06589244,-0.016392604,0.042743146,0.0038619954,0.99894416,0.52429265,4.8915176,358.09732,17.68333333331975,1.141672,1494.981

-0.054837994,1.3817734,0.06576905,-0.016464297,0.0427387,0.003806421,0.9989434,0.5182508,4.891076,358.08936,17.70000000001164,1.141672,1494.981

-0.05453533,1.3817781,0.06571682,-0.016326325,0.0427588,0.0038017014,0.99894476,0.5170706,4.8934617,358.10522,17.716666666674428,1.141672,1494.981

-0.054394245,1.3817859,0.06559111,-0.016246442,0.042760674,0.0037904314,0.9989461,0.51538706,4.8937387,358.11444,17.733333333337214,1.1413158,1495.5668

-0.054299537,1.3817812,0.06541594,-0.016282106,0.042680506,0.003801756,0.9989489,0.5167076,4.884506,358.11035,17.75,1.141672,1494.981

-0.054212697,1.3817586,0.06520847,-0.01651645,0.04252074,0.003885733,0.9989515,0.52718943,4.8659015,358.08313,17.766666666662786,1.141672,1494.981

-0.0541222,1.3817325,0.06497755,-0.016800845,0.042296525,0.003991761,0.99895585,0.5403097,4.8398323,358.05008,17.783333333325572,1.141672,1494.981

-0.05403904,1.3817223,0.0647467,-0.016942473,0.042057626,0.004094013,0.9989631,0.5522615,4.812159,358.0335,17.79999999998836,1.141672,1494.981

-0.053673312,1.3817459,0.064402446,-0.01704358,0.041866012,0.004213165,0.99896896,0.56604785,4.789894,358.02145,17.81666666668025,1.141672,1494.981

-0.05353375,1.3818325,0.06419917,-0.017091563,0.041701443,0.0042718146,0.9989748,0.57268006,4.7708793,358.01575,17.833333333343035,1.141672,1494.981

-0.05347444,1.3819845,0.06405729,-0.016883554,0.04147295,0.0042875647,0.99898773,0.573033,4.7447653,358.03976,17.85000000000582,1.141672,1494.981

-0.053439125,1.3821993,0.0639344,-0.016481692,0.041175235,0.004269992,0.99900687,0.56851506,4.7108893,358.0862,17.866666666668607,1.141672,1494.981

-0.053407207,1.3824513,0.063801326,-0.016290976,0.040830873,0.0042827036,0.9990241,0.56840366,4.6714864,358.10834,17.883333333331393,1.141672,1494.981

-0.053371605,1.3827229,0.06368271,-0.01611215,0.040441614,0.0042930576,0.99904275,0.5680057,4.6269326,358.12912,17.89999999999418,1.1413158,1495.5668

-0.053359225,1.3828998,0.06358085,-0.01562894,0.04000692,0.0043747225,0.9990676,0.5743303,4.577213,358.18457,17.916666666656965,1.1413158,1495.5668

-0.05330786,1.3831046,0.063549936,-0.015192426,0.03964443,0.0045072865,0.9990882,0.5868922,4.535664,358.23434,17.93333333331975,1.1413158,1495.5668

-0.053214565,1.3832824,0.06353418,-0.014975331,0.039384168,0.004722257,0.99910074,0.61012626,4.5055733,358.25854,17.95000000001164,1.1413158,1495.5668

-0.05308483,1.3834238,0.063513935,-0.014894062,0.039211623,0.0049507697,0.9991076,0.63569397,4.4854417,358.26694,17.966666666674428,1.1413158,1495.5668

-0.05294304,1.3835466,0.063461065,-0.014746899,0.039015513,0.005076547,0.9991169,0.6491288,4.462833,358.28345,17.983333333337214,1.1413158,1495.5668

-0.05281312,1.3836557,0.06335759,-0.014589254,0.03877549,0.005105541,0.9991284,0.6513316,4.435364,358.3016,18.0,1.1413158,1495.5668

-0.05223815,1.3836689,0.062403094,-0.0143922195,0.03857361,0.00503077,0.9991394,0.6415192,4.4124694,358.32474,18.016666666662786,1.1413158,1495.5668

-0.05197661,1.3837053,0.061971042,-0.014318754,0.03849382,0.0048783785,0.9991443,0.62355673,4.403622,358.33392,18.033333333325572,1.1413158,1495.5668

-0.05181651,1.3837438,0.061709862,-0.014507662,0.038543697,0.0046344567,0.99914086,0.5964669,4.4096355,358.31326,18.04999999998836,1.1413158,1495.5668

-0.051692292,1.3837773,0.061532494,-0.01468906,0.03871748,0.004361278,0.99913275,0.5662038,4.4299197,358.29352,18.06666666668025,1.1413158,1495.5668

-0.05158225,1.3838185,0.061402176,-0.014680574,0.038887803,0.004066489,0.9991275,0.5326117,4.4499574,358.29565,18.083333333343035,1.1413158,1495.5668

-0.0514852,1.3838608,0.061306197,-0.014525303,0.039020795,0.0037642466,0.9991258,0.4974394,4.4658,358.3148,18.10000000000582,1.1413158,1495.5668

-0.051481068,1.3836094,0.061041247,-0.0142709855,0.039027803,0.0035513819,0.99912995,0.47186655,4.467082,358.3449,18.116666666668607,1.1413158,1495.5668

-0.0514725,1.383552,0.060945865,-0.014048594,0.039089255,0.0033486544,0.9991314,0.4476911,4.474564,358.37134,18.133333333331393,1.1413158,1495.5668

-0.051476005,1.3835554,0.06090152,-0.013877183,0.03911712,0.003244342,0.999133,0.43498826,4.4780035,358.3915,18.14999999999418,1.1413158,1495.5668

-0.051492386,1.3835742,0.06087495,-0.0137603255,0.039159894,0.0032285633,0.999133,0.43272132,4.4829845,358.40497,18.166666666656965,1.1413158,1495.5668

-0.051529743,1.3835837,0.06084155,-0.013776861,0.03924418,0.003305308,0.99912924,0.44174743,4.4925194,358.40268,18.18333333331975,1.1413158,1495.5668

-0.051590294,1.3835925,0.06077457,-0.0138409,0.03930958,0.0033959716,0.9991254,0.45255595,4.499845,358.39487,18.20000000001164,1.1413158,1495.5668

-0.0518246,1.3833332,0.06064746,-0.013767274,0.039278384,0.003527035,0.99912727,0.46722475,4.4960914,358.40277,18.216666666674428,1.1413158,1495.5668

-0.051989317,1.3832624,0.060546454,-0.0137599455,0.039268464,0.003644738,0.99912727,0.4806932,4.494769,358.40308,18.233333333337214,1.1413158,1495.5668

-0.052144445,1.383253,0.060473796,-0.013733615,0.039367948,0.0037336398,0.99912345,0.4909476,4.506048,358.40564,18.25,1.1413158,1495.5668

-0.05230736,1.3832599,0.060432654,-0.013745556,0.039577287,0.003823339,0.99911463,0.50164706,4.5299034,358.40372,18.266666666662786,1.1413158,1495.5668

-0.052481145,1.3832676,0.060428303,-0.013790328,0.03986719,0.003942807,0.99910206,0.51604956,4.562932,358.39786,18.283333333325572,1.1413158,1495.5668

-0.052663602,1.3832614,0.060458485,-0.0138329305,0.04012325,0.004130003,0.99909043,0.5381692,4.591972,358.39194,18.29999999998836,1.1413158,1495.5668

-0.053074628,1.3828905,0.060855243,-0.0137343835,0.04029204,0.004373021,0.999084,0.5659064,4.610992,358.402,18.31666666668025,1.1413158,1495.5668

-0.05334027,1.382745,0.06105989,-0.013601301,0.040390447,0.0046247467,0.9990807,0.5943655,4.621953,358.41608,18.333333333343035,1.1413158,1495.5668

-0.053562116,1.3826687,0.061187584,-0.013580035,0.04044386,0.0048808386,0.99907756,0.6237698,4.6276846,358.4173,18.35000000000582,1.1413158,1495.5668

-0.053774,1.382617,0.061270233,-0.013635936,0.04045446,0.005097305,0.99907535,0.64891064,4.628521,358.40985,18.366666666668607,1.1413158,1495.5668

-0.05398991,1.3825785,0.061315883,-0.013656187,0.040420316,0.005261182,0.9990756,0.6677717,4.6243315,358.40677,18.383333333331393,1.1413158,1495.5668

-0.054210592,1.3825544,0.061353233,-0.013604571,0.040508192,0.0053509814,0.99907225,0.6779918,4.6342998,358.41223,18.39999999999418,1.1413158,1495.5668

-0.05406293,1.3824757,0.06113014,-0.013685027,0.040801894,0.0054302937,0.9990588,0.6879634,4.6677985,358.40237,18.416666666656965,1.1413158,1495.5668

-0.05414755,1.3824302,0.06109028,-0.013830943,0.04122107,0.0054647834,0.9990394,0.693312,4.7157106,358.3851,18.43333333331975,1.1413158,1495.5668

-0.054296106,1.3823812,0.061122883,-0.013855171,0.041635677,0.005524558,0.99902153,0.700991,4.763142,358.38168,18.45000000001164,1.1413158,1495.5668

-0.054455347,1.3823105,0.06117281,-0.013955796,0.041952386,0.0056458996,0.99900615,0.71594906,4.7991924,358.3693,18.466666666674428,1.1413158,1495.5668

-0.05461606,1.3822222,0.06120846,-0.0141950855,0.042063672,0.0057817795,0.99899733,0.7329039,4.8115573,358.34103,18.483333333337214,1.1413158,1495.5668

-0.054782677,1.382124,0.0612449,-0.014416203,0.041997883,0.0059190174,0.9989962,0.7496223,4.8036194,358.31503,18.5,1.1413158,1495.5668

-0.05487648,1.3820287,0.0609687,-0.014488591,0.041813876,0.006105672,0.99900174,0.77108973,4.7821474,358.30597,18.516666666662786,1.1413158,1495.5668

-0.055018604,1.38194,0.060947534,-0.014505042,0.041711256,0.0062509906,0.9990049,0.78768146,4.77012,358.30347,18.533333333325572,1.1413158,1495.5668

-0.05517968,1.3818681,0.061024982,-0.014421014,0.041743107,0.006338138,0.9990042,0.797347,4.773691,358.31268,18.54999999998836,1.1413158,1495.5668

-0.055348054,1.3818159,0.061140593,-0.014350454,0.04190047,0.0063932855,0.9989983,0.80362046,4.791701,358.32037,18.56666666668025,1.1413158,1495.5668

-0.055517957,1.3817799,0.061256412,-0.014391229,0.04211878,0.0064370683,0.9989882,0.8092306,4.8166294,358.31528,18.583333333343035,1.1413158,1495.5668

-0.055683717,1.3817492,0.061359975,-0.014480767,0.042346437,0.006506101,0.9989768,0.81799763,4.8425465,358.30444,18.60000000000582,1.1413158,1495.5668

-0.055738684,1.3816528,0.061448958,-0.01458433,0.042438433,0.0065487316,0.99897116,0.82356274,4.852939,358.29224,18.616666666668607,1.1413158,1495.5668

-0.0558286,1.3815922,0.061518457,-0.014672011,0.042415354,0.006676765,0.99897003,0.838658,4.85,358.28156,18.633333333331393,1.1413158,1495.5668

-0.05592626,1.3815444,0.061579738,-0.014754264,0.042298187,0.006850084,0.9989726,0.85875887,4.8361945,358.2714,18.64999999999418,1.1413158,1495.5668

-0.056027368,1.3815035,0.061643314,-0.014779104,0.042147804,0.0070326617,0.9989773,0.8795826,4.8186116,358.2678,18.666666666656965,1.1413158,1495.5668

-0.05612974,1.3814766,0.061715227,-0.014806671,0.042002622,0.0071751825,0.998982,0.89582545,4.8016906,358.2641,18.68333333331975,1.1413158,1495.5668

-0.056224145,1.3814604,0.061794054,-0.014888499,0.041942537,0.0072292793,0.9989829,0.90232456,4.7946324,358.2545,18.70000000001164,1.1413158,1495.5668

-0.056352448,1.3814322,0.06187034,-0.0149680115,0.041976232,0.0070875366,0.9989813,0.8864852,4.798673,358.24603,18.716666666674428,1.1413158,1495.5668

-0.056405574,1.3814281,0.06199966,-0.015005209,0.042218454,0.006944108,0.9989716,0.87063205,4.8266697,358.24216,18.733333333337214,1.1413158,1495.5668

-0.056422338,1.3814371,0.062171657,-0.014939839,0.042546257,0.006790429,0.99895966,0.8532597,4.8645873,358.25012,18.75,1.1413158,1495.5668

-0.056424066,1.3814524,0.062338967,-0.014824127,0.042671323,0.006695926,0.99895674,0.84206444,4.879193,358.26376,18.766666666662786,1.1413158,1495.5668

-0.05642198,1.3814645,0.06246193,-0.014983202,0.042532165,0.006695519,0.9989603,0.8425412,4.8631005,358.2456,18.783333333325572,1.1413158,1495.5668

-0.0564143,1.3814796,0.062574744,-0.015026456,0.042210072,0.006713202,0.9989732,0.8441916,4.826097,358.24084,18.79999999998836,1.1413158,1495.5668

-0.056172512,1.3815285,0.062650464,-0.014952179,0.041842636,0.006603577,0.9989905,0.83056605,4.7842155,358.25027,18.81666666668025,1.1413158,1495.5668

-0.056047138,1.3815666,0.06274601,-0.014906493,0.04152891,0.006541534,0.99900466,0.8226481,4.748386,358.25616,18.833333333343035,1.1413158,1495.5668

-0.055956446,1.381608,0.06286169,-0.014961171,0.04139951,0.0064660273,0.9990097,0.81399846,4.733634,358.25034,18.85000000000582,1.1413158,1495.5668

-0.055882275,1.381655,0.063001476,-0.015055904,0.041454747,0.006368042,0.9990066,0.80329365,4.7400637,358.23987,18.866666666668607,1.1413158,1495.5668

-0.05582674,1.3817105,0.06315913,-0.015104779,0.04162783,0.0062146294,0.9989997,0.78622085,4.7601438,358.23483,18.883333333331393,1.1413158,1495.5668

-0.05579041,1.3817729,0.063326776,-0.015144218,0.041821342,0.006031489,0.9989921,0.7657267,4.782628,358.231,18.89999999999418,1.1413158,1495.5668

-0.05527644,1.3819903,0.06315982,-0.015178127,0.042104326,0.0058437297,0.9989809,0.744841,4.815387,358.22775,18.916666666656965,1.1413158,1495.5668

-0.055093557,1.3821043,0.063215114,-0.015009466,0.042038087,0.0057556448,0.99898666,0.7337859,4.8080697,358.24762,18.93333333331975,1.1413158,1495.5668

-0.055021033,1.3821806,0.06332799,-0.014840145,0.0416738,0.005755919,0.9990045,0.7323442,4.7664194,358.2674,18.95000000001164,1.1413158,1495.5668

-0.05498696,1.3822397,0.06345658,-0.014654331,0.04115553,0.005815749,0.9990284,0.7374064,4.7070208,358.2889,18.966666666674428,1.1413158,1495.5668

-0.054969206,1.3822829,0.063590586,-0.01437887,0.040572178,0.0059553785,0.9990554,0.75112534,4.640095,358.3204,18.983333333337214,1.1413158,1495.5668

-0.054952323,1.3823215,0.06374144,-0.014157899,0.040123593,0.006106427,0.9990757,0.766674,4.588572,358.3455,19.0,1.1413158,1495.5668

-0.055305842,1.3820217,0.06413907,-0.014143244,0.039944667,0.006150332,0.99908286,0.7713413,4.5679936,358.34714,19.016666666662786,1.1413158,1495.5668

-0.05538585,1.3819531,0.0643727,-0.014275785,0.03992827,0.006157292,0.9990816,0.77271944,4.5659995,358.33188,19.033333333325572,1.1413158,1495.5668

-0.055382073,1.3819631,0.06456426,-0.01433765,0.040054593,0.006085932,0.99907607,0.76502687,4.5805564,358.325,19.04999999998836,1.1413158,1495.5668

-0.055360846,1.3819975,0.064734645,-0.014338616,0.040234838,0.005980392,0.99906945,0.75322336,4.6014013,358.32523,19.06666666668025,1.1413158,1495.5668

-0.05534218,1.3820242,0.06488754,-0.01434139,0.040394243,0.005919897,0.9990633,0.7465654,4.6197786,358.32504,19.083333333343035,1.1413158,1495.5668

-0.05523967,1.3817335,0.06488242,-0.01445313,0.040399715,0.005924051,0.9990615,0.7475699,4.620316,358.3122,19.10000000000582,1.1413158,1495.5668

-0.05521904,1.381607,0.064938,-0.014681551,0.040206905,0.0059913113,0.9990656,0.75601035,4.597921,358.2858,19.116666666668607,1.1413158,1495.5668

-0.055230156,1.3815279,0.065013975,-0.014821272,0.03986278,0.006055564,0.9990769,0.7634158,4.5582438,358.26978,19.133333333331393,1.1413158,1495.5668

-0.05525377,1.3814645,0.06512005,-0.01483254,0.039606813,0.0061120605,0.99908656,0.7694954,4.528786,358.26846,19.14999999999418,1.1413158,1495.5668

-0.05527407,1.3814173,0.06525531,-0.014869743,0.039543122,0.0061314055,0.9990884,0.7717713,4.5214214,358.26413,19.166666666656965,1.1413158,1495.5668

-0.055279,1.3813856,0.06543676,-0.014828059,0.03972985,0.0061162803,0.9990817,0.7701811,4.5428905,358.26883,19.18333333331975,1.1413158,1495.5668

-0.05527232,1.3813696,0.065636724,-0.01489097,0.040035766,0.0060577965,0.9990689,0.7643033,4.578022,358.2616,19.20000000001164,1.1413158,1495.5668

-0.0553164,1.381102,0.06574028,-0.015044993,0.040268093,0.0059759817,0.99905777,0.75603735,4.604688,358.24405,19.216666666674428,1.1413158,1495.5668

-0.055362348,1.3810278,0.06582015,-0.01504534,0.040319707,0.005912873,0.9990561,0.74888444,4.610718,358.24426,19.233333333337214,1.1413158,1495.5668

-0.05542046,1.3810263,0.06585198,-0.015037984,0.040187713,0.005887138,0.99906164,0.74565405,4.595632,358.24533,19.25,1.1413158,1495.5668

-0.05548109,1.3810554,0.06585679,-0.0150282625,0.039988462,0.005859461,0.9990699,0.74206775,4.5728407,358.24677,19.266666666662786,1.1413158,1495.5668

-0.055534497,1.3811045,0.065889165,-0.01489291,0.03988428,0.005817976,0.9990764,0.7364943,4.5610676,358.2626,19.283333333325572,1.1413158,1495.5668

-0.055564985,1.381154,0.065992385,-0.014729216,0.04001409,0.0058147004,0.9990736,0.7356009,4.576079,358.2813,19.29999999998836,1.1413158,1495.5668

-0.055623963,1.3812016,0.06581638,-0.014809343,0.04022577,0.0058432496,0.9990638,0.7396275,4.600243,358.2718,19.31666666668025,1.1413158,1495.5668

-0.055608496,1.381236,0.06587879,-0.014757103,0.040468577,0.0059082163,0.9990544,0.74728304,4.628012,358.27728,19.333333333343035,1.1413158,1495.5668

-0.055555582,1.3812497,0.065991394,-0.014649957,0.040543903,0.006012545,0.9990523,0.7589031,4.636551,358.28903,19.35000000000582,1.1413158,1495.5668

-0.055491917,1.3812468,0.06604438,-0.014700117,0.040421568,0.0061736978,0.9990555,0.77742815,4.622208,358.28262,19.366666666668607,1.1413158,1495.5668

-0.055431724,1.3812394,0.06601987,-0.014819442,0.04020652,0.006326834,0.99906147,0.795183,4.597191,358.26843,19.383333333331393,1.1413158,1495.5668

-0.05537656,1.3812327,0.06595196,-0.014917638,0.0400169,0.006457559,0.99906677,0.8103063,4.5751414,358.2567,19.39999999999418,1.1413158,1495.5668

-0.0554381,1.3812729,0.06504432,-0.01500079,0.039898433,0.006482067,0.9990701,0.8132866,4.5614467,358.24716,19.416666666656965,1.1413158,1495.5668

-0.0554038,1.3812572,0.06469675,-0.015006575,0.039864823,0.006504951,0.99907124,0.81588006,4.557548,358.24643,19.43333333331975,1.1413158,1495.5668

-0.05532966,1.3811951,0.06454743,-0.015166741,0.039914615,0.0064811064,0.99906695,0.8139654,4.563169,358.2281,19.45000000001164,1.1413158,1495.5668

-0.05523698,1.381096,0.064473085,-0.015435219,0.040005982,0.006410817,0.9990597,0.8072923,4.5735536,358.19748,19.466666666674428,1.1413158,1495.5668

-0.055142313,1.3809776,0.06440926,-0.015727043,0.039997198,0.0063163247,0.9990561,0.7977614,4.572484,358.1644,19.483333333337214,1.141672,1494.981

-0.055060178,1.3808515,0.06432369,-0.016030177,0.039847393,0.0062374966,0.9990577,0.78980726,4.555212,358.13007,19.5,1.141672,1494.981

-0.055318553,1.3806685,0.06448472,-0.01637799,0.03970738,0.0061888075,0.999058,0.78552717,4.5389752,358.09048,19.516666666662786,1.141672,1494.981

-0.05539591,1.3805395,0.064433224,-0.01656865,0.039644048,0.006132628,0.99905765,0.7798163,4.531672,358.06888,19.533333333325572,1.141672,1494.981

-0.05542204,1.3804351,0.06431578,-0.01666513,0.03974179,0.006083984,0.99905246,0.7748648,4.5428987,358.05795,19.54999999998836,1.141672,1494.981

-0.055429414,1.3803406,0.06418714,-0.016730279,0.039975293,0.0060204007,0.99904245,0.7683305,4.569746,358.0505,19.56666666668025,1.141672,1494.981

-0.055416286,1.3802606,0.06407246,-0.016878279,0.040289752,0.0059339106,0.99902785,0.7597153,4.6058598,358.03363,19.583333333343035,1.141672,1494.981

-0.05538425,1.380195,0.063992865,-0.017082456,0.040669676,0.005849024,0.99900955,0.751691,4.649437,358.01022,19.60000000000582,1.141672,1494.981

-0.055380296,1.3802593,0.06442801,-0.017282214,0.04108763,0.0058546676,0.99898887,0.7541415,4.6972003,357.98685,19.616666666668607,1.141672,1494.981

-0.05534475,1.3802747,0.064586736,-0.017405406,0.04132243,0.005887794,0.9989769,0.75901985,4.7239637,357.97232,19.633333333331393,1.141672,1494.981

-0.055308625,1.3802849,0.06468188,-0.017456397,0.041379984,0.0059610074,0.9989732,0.76779264,4.730376,357.96606,19.64999999999418,1.141672,1494.981

-0.055287376,1.3803029,0.064746805,-0.017295701,0.04119198,0.0060280603,0.9989833,0.77433974,4.708806,357.9844,19.666666666656965,1.141672,1494.981

-0.055291016,1.3803357,0.06479555,-0.01681878,0.040867157,0.0061016926,0.9990044,0.7798842,4.671784,358.03915,19.68333333331975,1.141672,1494.981

-0.055313792,1.3803773,0.06482867,-0.016406177,0.040558714,0.006149068,0.9990235,0.78278005,4.6366467,358.0866,19.70000000001164,1.141672,1494.981

-0.055163994,1.3803518,0.06519843,-0.016167635,0.04032936,0.006087057,0.9990371,0.77409935,4.6106515,358.11453,19.716666666674428,1.141672,1494.981

-0.055115826,1.3803535,0.065319195,-0.015996855,0.0402939,0.0060349326,0.99904156,0.7672542,4.6068144,358.13443,19.733333333337214,1.141672,1494.981

-0.055088386,1.3803586,0.065369226,-0.015862618,0.04048254,0.0060054115,0.9990363,0.76360506,4.6286035,358.1498,19.75,1.1413158,1495.5668

-0.055062085,1.3803499,0.065394685,-0.015754754,0.040776998,0.006023815,0.99902594,0.76578,4.662417,358.16183,19.766666666662786,1.1413158,1495.5668

-0.05503861,1.3803194,0.06538787,-0.015868692,0.04104418,0.0060981903,0.9990127,0.7753696,4.6928287,358.14816,19.783333333325572,1.1413158,1495.5668

-0.05502959,1.3802775,0.06534731,-0.016083645,0.041176304,0.006167714,0.9990034,0.78462505,4.707682,358.123,19.79999999998836,1.141672,1494.981

-0.05526805,1.3802861,0.06545543,-0.016092902,0.041116733,0.0061440975,0.99900585,0.7818397,4.700888,358.12213,19.81666666668025,1.141672,1494.981

-0.05538605,1.3802545,0.06543998,-0.01597113,0.0410944,0.0061397776,0.9990088,0.78072613,4.698431,358.13614,19.833333333343035,1.141672,1494.981

-0.05547255,1.3802013,0.065376244,-0.015906995,0.041098457,0.006172519,0.9990094,0.7841926,4.698885,358.14334,19.85000000000582,1.1413158,1495.5668

-0.055541925,1.380144,0.06531987,-0.01584824,0.04122811,0.0061896895,0.9990049,0.7861372,4.713767,358.1499,19.866666666668607,1.1413158,1495.5668

-0.05559753,1.3800851,0.065271035,-0.015807675,0.041467916,0.0062170853,0.9989955,0.7895525,4.741247,358.1542,19.883333333331393,1.1413158,1495.5668

-0.055644155,1.3800296,0.06522085,-0.015846955,0.041787893,0.006282387,0.99898106,0.79785687,4.7777867,358.14908,19.89999999999418,1.1413158,1495.5668

-0.055765565,1.3800724,0.06543849,-0.015953043,0.042114705,0.0064506335,0.99896455,0.81832755,4.8148656,358.13574,19.916666666656965,1.141672,1494.981

-0.055835187,1.3800665,0.06545002,-0.016078504,0.042285502,0.006538285,0.9989548,0.82933766,4.8341837,358.12076,19.93333333331975,1.141672,1494.981

-0.055887192,1.3800478,0.06538078,-0.01620281,0.042272028,0.006622715,0.99895275,0.8396137,4.832375,358.10605,19.95000000001164,1.141672,1494.981

-0.05593264,1.3800251,0.06528445,-0.016236063,0.042141054,0.0067226063,0.99895716,0.85099167,4.8171387,358.1019,19.966666666674428,1.141672,1494.981

-0.05597468,1.3800001,0.06518075,-0.016201591,0.041947465,0.0068724146,0.99896485,0.86765295,4.7946844,358.10535,19.983333333337214,1.141672,1494.981

-0.056012005,1.3799849,0.06508582,-0.01610224,0.041752513,0.007010758,0.99897367,0.88268465,4.772155,358.11627,20.0,1.141672,1494.981

-0.056044042,1.379971,0.0650002,-0.016038135,0.041644078,0.0071390313,0.99897826,0.8969012,4.7595353,358.12317,20.016666666662786,1.141672,1494.981

-0.056092996,1.380171,0.065107815,-0.01614383,0.041642226,0.0071561956,0.99897647,0.89937395,4.759196,358.11093,20.033333333325572,1.141672,1494.981

-0.05611999,1.3802481,0.06509505,-0.016267443,0.041813597,0.007192667,0.99896705,0.9044944,4.7786665,358.09634,20.04999999998836,1.141672,1494.981

-0.056138903,1.3802831,0.06505499,-0.016424203,0.042097412,0.007220421,0.9989524,0.90900373,4.8110166,358.0779,20.06666666668025,1.141672,1494.981

-0.05615421,1.3803053,0.06500912,-0.0165229,0.04230747,0.007248654,0.9989417,0.91314775,4.83496,358.06622,20.083333333343035,1.141672,1494.981

-0.05617817,1.3803297,0.06496235,-0.01658187,0.042395238,0.0072504273,0.998937,0.9138154,4.8449674,358.05933,20.10000000000582,1.141672,1494.981

-0.056189004,1.3805022,0.0651058,-0.016540948,0.04239388,0.0072926763,0.9989374,0.9184675,4.844767,358.06384,20.116666666668607,1.141672,1494.981

-0.056206547,1.3806015,0.065172635,-0.016358549,0.042422827,0.0072816415,0.9989393,0.9163709,4.8482757,358.08484,20.133333333331393,1.141672,1494.981

-0.056213174,1.380677,0.06522044,-0.016201949,0.042499714,0.007230955,0.998939,0.9099384,4.857332,358.10297,20.14999999999418,1.141672,1494.981

-0.056206383,1.3807293,0.065240905,-0.016338198,0.0425832,0.0072113695,0.99893326,0.9085192,4.8668194,358.0873,20.166666666656965,1.141672,1494.981

-0.056190807,1.3807744,0.06525097,-0.016490458,0.04266322,0.00722501,0.9989273,0.9109913,4.875831,358.06967,20.18333333331975,1.141672,1494.981

-0.056177422,1.3808215,0.06524517,-0.016605567,0.04272984,0.0072815553,0.9989221,0.9181862,4.883255,358.0561,20.20000000001164,1.141672,1494.981

-0.05600983,1.3807712,0.065337755,-0.016645677,0.04284943,0.0072998363,0.9989162,0.9207265,4.8968964,358.05127,20.216666666674428,1.141672,1494.981

-0.055945873,1.3807954,0.06535736,-0.016695384,0.042927533,0.007318038,0.9989119,0.9232215,4.9057717,358.04538,20.233333333337214,1.141672,1494.981

-0.055921055,1.3808511,0.06535639,-0.01682704,0.04298716,0.007309717,0.99890715,0.92303634,4.9125037,358.0302,20.25,1.141672,1494.981

-0.05591932,1.3809345,0.06535451,-0.016912965,0.043032292,0.007213251,0.99890447,0.91246986,4.917792,358.02078,20.266666666662786,1.141672,1494.981

-0.055930804,1.3810389,0.06537861,-0.016751401,0.04312678,0.0070670093,0.9989041,0.8950634,4.929061,358.03998,20.283333333325572,1.141672,1494.981

-0.05594213,1.381151,0.065434046,-0.016486812,0.043298025,0.0069525368,0.9989019,0.8809472,4.949157,358.07077,20.29999999998836,1.141672,1494.981

-0.055895373,1.3811718,0.06551014,-0.016351027,0.04345872,0.0069585885,0.9988972,0.8812893,4.9676933,358.08618,20.31666666668025,1.141672,1494.981

-0.055865467,1.3812271,0.06558192,-0.016300978,0.043501575,0.0070370934,0.9988956,0.8901457,4.972502,358.09146,20.333333333343035,1.141672,1494.981

-0.05583383,1.3812944,0.06562121,-0.016236825,0.043329164,0.007166931,0.99890316,0.90440136,4.9525414,358.0984,20.35000000000582,1.141672,1494.981

-0.055801213,1.3813652,0.06562155,-0.016129091,0.04300812,0.007360754,0.9989174,0.9255011,4.915455,358.11017,20.366666666668607,1.141672,1494.981

-0.055772934,1.3814397,0.06557078,-0.01602281,0.042498033,0.0075718914,0.9989394,0.948232,4.8566623,358.12192,20.383333333331393,1.141672,1494.981

-0.055750925,1.3815151,0.06549192,-0.015957922,0.041964766,0.007768116,0.99896145,0.96941376,4.7952046,358.129,20.39999999999418,1.141672,1494.981

-0.055729598,1.3813046,0.0653985,-0.01596257,0.041486055,0.007954135,0.99897987,0.98986655,4.7399573,358.12814,20.416666666656965,1.141672,1494.981

-0.05571325,1.3812629,0.06530485,-0.016034564,0.041213855,0.0080944775,0.99898887,1.0057939,4.7084093,358.1195,20.43333333331975,1.141672,1494.981

-0.055692405,1.3812715,0.06523622,-0.01592812,0.041124765,0.0081334775,0.998994,1.0095966,4.698228,358.13165,20.45000000001164,1.141672,1494.981

-0.055660084,1.3812847,0.06518423,-0.01585129,0.04120733,0.008087114,0.99899215,1.0040697,4.7078595,358.14062,20.466666666674428,1.141672,1494.981

-0.055620268,1.3812839,0.06512029,-0.015868325,0.04135444,0.008048307,0.9989861,0.9999795,4.7247834,358.13864,20.483333333337214,1.141672,1494.981

-0.055575445,1.3812718,0.065015614,-0.015938794,0.041446313,0.008023618,0.99898136,0.9976575,4.7352943,358.13055,20.5,1.141672,1494.981

-0.055716474,1.3811885,0.06472193,-0.0159949,0.04137006,0.0080492655,0.99898344,1.0007204,4.726446,358.12408,20.516666666662786,1.141672,1494.981

-0.05573834,1.3811373,0.06447735,-0.016130242,0.041246217,0.008046629,0.99898636,1.0008136,4.7121143,358.1087,20.533333333325572,1.141672,1494.981

-0.05572596,1.3810972,0.06422751,-0.016297597,0.041077018,0.008025947,0.99899083,0.9988905,4.6925845,358.08978,20.54999999998836,1.141672,1494.981

-0.055709902,1.381057,0.063978694,-0.016426003,0.04098839,0.00804646,0.9989922,1.0016725,4.682254,358.075,20.56666666668025,1.141672,1494.981

-0.055700548,1.3810136,0.063720584,-0.016640764,0.04093425,0.008110237,0.99899036,1.0098965,4.6757064,358.0501,20.583333333343035,1.141672,1494.981

-0.055694092,1.380969,0.06347559,-0.016845686,0.040937457,0.008160051,0.99898636,1.0165862,4.6757684,358.02634,20.60000000000582,1.141672,1494.981

-0.055922426,1.38087,0.06348554,-0.01695057,0.0409701,0.008148974,0.9989833,1.0158736,4.679426,358.01428,20.616666666668607,1.141672,1494.981

-0.0559932,1.3808165,0.06337765,-0.017050482,0.041113652,0.008112259,0.99897605,1.012425,4.695859,358.0028,20.633333333331393,1.141672,1494.981

-0.05600488,1.380775,0.06324159,-0.017117895,0.041309636,0.008034063,0.99896747,1.0041711,4.71842,357.9952,20.64999999999418,1.141672,1494.981

-0.055993937,1.3807232,0.06309189,-0.017295467,0.04155,0.007963118,0.998955,0.9973708,4.7459474,357.97485,20.666666666656965,1.141672,1494.981

-0.055980638,1.3806549,0.06291815,-0.01754548,0.041735373,0.007949044,0.99894303,0.9973422,4.7669826,357.94598,20.68333333331975,1.141672,1494.981

-0.055967346,1.3805758,0.06271525,-0.017800909,0.04182541,0.007964555,0.99893457,1.0005416,4.7770185,357.91644,20.70000000001164,1.141672,1494.981

-0.056157134,1.3804913,0.06272086,-0.018063901,0.041914202,0.007935047,0.9989264,0.99860805,4.7869997,357.8863,20.716666666674428,1.1413158,1495.5668

-0.056209803,1.3804104,0.062582105,-0.018412855,0.04199791,0.0079247225,0.9989166,0.9992858,4.796271,357.84613,20.733333333337214,1.1413158,1495.5668

-0.056219526,1.3803403,0.062424984,-0.018617516,0.042109087,0.007905209,0.9989083,0.9982816,4.808857,357.82257,20.75,1.1413158,1495.5668

-0.05621916,1.3802807,0.062296446,-0.018660614,0.042291056,0.007873103,0.99890006,0.99521536,4.8297496,357.81754,20.766666666662786,1.1413158,1495.5668

-0.05622215,1.3802282,0.062192667,-0.018774053,0.042504273,0.007836899,0.99888915,0.99209404,4.8541656,357.80444,20.783333333325572,1.1413158,1495.5668

-0.056223724,1.3801761,0.062113646,-0.018855978,0.04269025,0.007831386,0.99887973,0.99228746,4.875422,357.79486,20.79999999998836,1.1413158,1495.5668

-0.056245334,1.3801593,0.06234956,-0.018916983,0.042897973,0.007828827,0.99886966,0.9927711,4.899186,357.7876,20.81666666668025,1.1413158,1495.5668

-0.05621812,1.3801241,0.062411156,-0.019132841,0.043090913,0.007840324,0.9988572,0.9956032,4.9210706,357.7625,20.833333333343035,1.1413158,1495.5668

-0.05615879,1.3800861,0.06243751,-0.01934441,0.043312237,0.007826407,0.99884367,0.9955711,4.9462705,357.738,20.85000000000582,1.1413158,1495.5668

-0.05608567,1.3800558,0.062475678,-0.019371917,0.043515455,0.007769838,0.9988347,0.98968804,4.969674,357.73486,20.866666666668607,1.1413158,1495.5668

-0.056012254,1.3800274,0.06251505,-0.019158488,0.043570183,0.007705077,0.99883693,0.9813106,4.9763064,357.75964,20.883333333331393,1.1413158,1495.5668

-0.055939622,1.3799995,0.06253557,-0.018921075,0.043466408,0.00767852,0.9988462,0.9768341,4.9646983,357.7872,20.89999999999418,1.1413158,1495.5668

-0.05583908,1.3800927,0.062139947,-0.018740553,0.0432124,0.0076732067,0.99886066,0.97474337,4.9357586,357.80826,20.916666666656965,1.1413158,1495.5668

-0.05575428,1.3801172,0.061947655,-0.018677825,0.042962216,0.007716261,0.9988723,0.97880924,4.9070363,357.81555,20.93333333331975,1.1413158,1495.5668

-0.055674374,1.3801224,0.061798077,-0.018749436,0.042732634,0.007768825,0.9988804,0.9846758,4.880525,357.80734,20.95000000001164,1.1413158,1495.5668

-0.055596683,1.3801147,0.061669577,-0.018821437,0.04253699,0.007836132,0.9988869,0.9923118,4.8578715,357.79898,20.966666666674428,1.1413158,1495.5668

-0.05551286,1.3800943,0.061585184,-0.018773282,0.04240997,0.007923074,0.9988925,1.0017743,4.8431635,357.80423,20.983333333337214,1.1413158,1495.5668

-0.055493407,1.3801954,0.061618615,-0.01866184,0.04227497,0.007962576,0.9989,1.0054634,4.8277082,357.81702,21.0,1.1413158,1495.5668

-0.055431157,1.3801994,0.06164966,-0.01862015,0.042133283,0.00806682,0.9989059,1.0169148,4.8112764,357.82147,21.016666666662786,1.1413158,1495.5668

-0.05536801,1.3801743,0.061697226,-0.018503966,0.041905083,0.008163532,0.99891686,1.0269481,4.785018,357.83463,21.033333333325572,1.1413158,1495.5668

-0.055317003,1.3801417,0.061736826,-0.018363178,0.041500185,0.00820251,0.99893606,1.0298411,4.7386513,357.8511,21.04999999998836,1.1413158,1495.5668

-0.055289567,1.3801092,0.061753612,-0.018393151,0.040946882,0.00819716,0.99895835,1.0281265,4.675189,357.84836,21.06666666668025,1.1413158,1495.5668

-0.055283576,1.3800951,0.061802212,-0.01830396,0.040531393,0.008130403,0.99897754,1.0191127,4.627784,357.8594,21.083333333343035,1.1413158,1495.5668

-0.055290647,1.3800995,0.061902035,-0.01805146,0.040353075,0.008011472,0.9989903,1.0038882,4.6078463,357.8892,21.10000000000582,1.1413158,1495.5668

-0.055459782,1.3802176,0.061660256,-0.017978264,0.040390212,0.008011053,0.9989901,1.0035831,4.6121793,357.89755,21.116666666668607,1.1413158,1495.5668

-0.055536382,1.3802825,0.061681148,-0.018051384,0.04063234,0.007953346,0.99897945,0.9978261,4.63999,357.88913,21.133333333331393,1.1413158,1495.5668

-0.05558631,1.3803451,0.061784256,-0.018089244,0.040910635,0.00789607,0.9989678,0.9920374,4.671983,357.88474,21.14999999999418,1.1413158,1495.5668

-0.055638064,1.3804209,0.061902497,-0.018002477,0.04107471,0.007834558,0.9989632,0.98492545,4.691012,357.89478,21.166666666656965,1.1413158,1495.5668

-0.055711687,1.3805046,0.062007237,-0.017850937,0.04108261,0.007833172,0.9989656,0.98407006,4.69207,357.9122,21.18333333331975,1.1413158,1495.5668

-0.055812478,1.38059,0.062112596,-0.017693905,0.041018777,0.00787517,0.9989706,0.98801726,4.6848183,357.9301,21.20000000001164,1.1413158,1495.5668

-0.03951168,1.3872256,0.042111136,-0.017499987,0.040311832,0.007909884,0.9990026,0.9895832,4.603879,357.95306,21.216666666674428,1.141672,1494.981

-0.03448224,1.3893582,0.03592846,-0.017369982,0.040117495,0.007975684,0.9990122,0.996128,4.581591,357.96793,21.233333333337214,1.141672,1494.981

-0.0330081,1.3900664,0.034110725,-0.01735116,0.040164977,0.00800813,0.9990103,0.99986887,4.5869884,357.96985,21.25,1.141672,1494.981

-0.032657757,1.3903261,0.0336861,-0.017239662,0.04034295,0.008046684,0.9990048,1.0041587,4.6074286,357.9823,21.266666666662786,1.141672,1494.981

-0.032656793,1.3904495,0.03369921,-0.017060084,0.040502872,0.008114404,0.99900085,1.0114409,4.6258106,358.00244,21.283333333325572,1.141672,1494.981

-0.032751728,1.390522,0.03381809,-0.016949303,0.040488806,0.008225031,0.9990024,1.0236042,4.6240897,358.01468,21.29999999998836,1.141672,1494.981

-0.032866567,1.3905593,0.03393779,-0.01686039,0.04028995,0.008425046,0.99901026,1.045754,4.6009846,358.02417,21.31666666668025,1.141672,1494.981

-0.03296769,1.3903279,0.033399515,-0.016788049,0.039702527,0.008664978,0.9990329,1.0717667,4.533233,358.03214,21.333333333343035,1.141672,1494.981

-0.03307067,1.3902366,0.033251572,-0.01682443,0.039277136,0.0089709405,0.99904644,1.1061918,4.4838166,358.02707,21.35000000000582,1.141672,1494.981

-0.0331669,1.3901953,0.033215433,-0.016991094,0.03899187,0.009242535,0.9990523,1.1375356,4.4503827,358.0071,21.366666666668607,1.141672,1494.981

-0.03325662,1.3901781,0.033214003,-0.017185763,0.03883244,0.00947758,0.999053,1.1650596,4.4314075,357.98392,21.383333333331393,1.141672,1494.981

-0.033340517,1.3901839,0.033228017,-0.017345073,0.03870039,0.009627324,0.9990539,1.1826818,4.415777,357.96512,21.39999999999418,1.141672,1494.981

-0.032623917,1.3898821,0.03300208,-0.01741781,0.03920271,0.009709798,0.99903226,1.1935518,4.4731145,357.95572,21.416666666656965,1.141672,1494.981

-0.03245022,1.3897963,0.032978803,-0.017428854,0.039375562,0.009726969,0.99902517,1.1959443,4.4928846,357.95413,21.43333333331975,1.141672,1494.981

-0.032450095,1.3897686,0.03306352,-0.017311169,0.039508305,0.009730741,0.9990219,1.1961308,4.508238,357.96744,21.45000000001164,1.141672,1494.981

-0.032501757,1.3897501,0.033191316,-0.017171443,0.03951271,0.009731551,0.99902415,1.1956011,4.5089083,357.9835,21.466666666674428,1.141672,1494.981

-0.03256228,1.3897213,0.033328217,-0.017069422,0.039402377,0.009771359,0.9990298,1.1994795,4.4962993,357.99515,21.483333333337214,1.141672,1494.981

-0.03262256,1.3896818,0.03343655,-0.01704326,0.03919736,0.009834848,0.99903774,1.2062212,4.4726977,357.99817,21.5,1.141672,1494.981

-0.032546148,1.3895375,0.033079028,-0.017184976,0.038998824,0.009895518,0.99904245,1.2134035,4.4496417,357.98187,21.516666666662786,1.141672,1494.981

-0.03256108,1.3894646,0.03294664,-0.017346129,0.038876545,0.009990192,0.99904346,1.224733,4.435233,357.96313,21.533333333325572,1.141672,1494.981

-0.03260617,1.3894186,0.032863595,-0.017405244,0.038803346,0.010100193,0.9990442,1.237471,4.426543,357.95596,21.54999999998836,1.141672,1494.981

-0.032659207,1.38939,0.03279238,-0.017458633,0.03884999,0.010199452,0.9990405,1.2492068,4.4316216,357.9493,21.56666666668025,1.141672,1494.981

-0.032711416,1.389351,0.032723494,-0.017707497,0.039021056,0.01034279,0.99902797,1.2671471,4.4506245,357.91986,21.583333333343035,1.1413158,1495.5668

-0.032758787,1.3892957,0.032646455,-0.018030839,0.03911553,0.010513174,0.9990167,1.288367,4.460685,357.8818,21.60000000000582,1.1413158,1495.5668

-0.032663688,1.3892105,0.032613594,-0.018250143,0.03909311,0.010700726,0.9990116,1.3108356,4.4574294,357.85583,21.616666666668607,1.1413158,1495.5668

-0.03264916,1.3891115,0.032543432,-0.01848164,0.03884637,0.010947809,0.99901426,1.3396813,4.4283004,357.8285,21.633333333331393,1.1413158,1495.5668

-0.032657146,1.389,0.03246134,-0.018796416,0.03848273,0.011201439,0.9990197,1.36936,4.3856273,357.79178,21.64999999999418,1.1413158,1495.5668

-0.032665554,1.3888897,0.032396723,-0.01905937,0.03814356,0.011413417,0.99902534,1.3940592,4.3459086,357.7612,21.666666666656965,1.1413158,1495.5668

-0.03266631,1.3887978,0.032366402,-0.01923537,0.037951294,0.011539822,0.9990278,1.4088838,4.3233356,357.74072,21.68333333331975,1.1413158,1495.5668

-0.032663208,1.3887275,0.03236706,-0.01938655,0.03809921,0.01159377,0.9990186,1.4160874,4.3399563,357.72287,21.70000000001164,1.1413158,1495.5668

-0.0326307,1.3887229,0.032638304,-0.019749803,0.03850699,0.011656343,0.9989952,1.4258463,4.3860445,357.68024,21.716666666674428,1.1413158,1495.5668

-0.032605704,1.3887047,0.03270701,-0.02004864,0.038772594,0.011681959,0.9989786,1.4307586,4.4160066,357.6454,21.733333333337214,1.1413158,1495.5668

-0.032570004,1.3886976,0.032712862,-0.020229261,0.038888138,0.011677802,0.9989705,1.4313693,4.4290037,357.62445,21.75,1.1413158,1495.5668

-0.032518536,1.3887095,0.032688826,-0.020352734,0.03892053,0.011654978,0.99896705,1.429378,4.4325953,357.61032,21.766666666662786,1.1413158,1495.5668

-0.03245063,1.3887438,0.032664914,-0.020233456,0.038928926,0.011596484,0.9989698,1.4221519,4.4338675,357.6243,21.783333333325572,1.1413158,1495.5668

-0.03237011,1.3887872,0.032652557,-0.020031305,0.03899741,0.011519936,0.99897206,1.4126321,4.4421864,357.64774,21.79999999998836,1.1413158,1495.5668

-0.032460183,1.3888997,0.032937564,-0.019978462,0.039011855,0.011398791,0.99897397,1.3985208,4.4442015,357.6543,21.81666666668025,1.1413158,1495.5668

-0.032408915,1.3889585,0.03301642,-0.01993729,0.03897418,0.011273333,0.99897766,1.3838378,4.4402337,357.65967,21.833333333343035,1.1413158,1495.5668

-0.03230988,1.3889941,0.033036962,-0.01988062,0.038889788,0.0111397635,0.9989836,1.3680407,4.4309497,357.6669,21.85000000000582,1.1413158,1495.5668

-0.03219907,1.389007,0.03305172,-0.019887585,0.038824737,0.011026001,0.99898726,1.3548489,4.4237475,357.6667,21.866666666668607,1.1413158,1495.5668

-0.032090396,1.3890007,0.03307112,-0.020005405,0.038797468,0.010913764,0.9989872,1.342416,4.4207253,357.65372,21.883333333331393,1.1413158,1495.5668

-0.031991124,1.3889854,0.033095464,-0.020142457,0.038822126,0.010779121,0.99898493,1.3276236,4.423686,357.63852,21.89999999999418,1.1413158,1495.5668

-0.032239582,1.3890017,0.033318106,-0.020221097,0.03886886,0.010600328,0.99898344,1.3075576,4.4293633,357.63022,21.916666666656965,1.1413158,1495.5668

-0.032268364,1.3890011,0.033424836,-0.020301035,0.03900562,0.010458747,0.998978,1.2919948,4.4452744,357.62143,21.93333333331975,1.1413158,1495.5668

-0.03222873,1.3889909,0.033480097,-0.020448817,0.03914709,0.0103861485,0.9989702,1.2846713,4.461476,357.60458,21.95000000001164,1.1413158,1495.5668

-0.03217691,1.3889899,0.033513974,-0.020570414,0.03921652,0.010369536,0.9989652,1.2834824,4.46932,357.5906,21.966666666674428,1.1413158,1495.5668

-0.032132264,1.3890045,0.03354166,-0.020522183,0.039133873,0.0103885885,0.9989692,1.2852466,4.459861,357.59616,21.983333333337214,1.1413158,1495.5668

-0.032096803,1.389031,0.03356752,-0.020402737,0.03894905,0.010429841,0.99897844,1.2889874,4.438727,357.61,22.0,1.1413158,1495.5668

-0.03196884,1.3890809,0.03345952,-0.020348415,0.03905804,0.010442798,0.99897516,1.2905053,4.451261,357.616,22.016666666662786,1.1413158,1495.5668

-0.031903133,1.3891305,0.03349243,-0.020318564,0.03908962,0.010511717,0.99897385,1.2983649,4.4547567,357.61908,22.033333333325572,1.1413158,1495.5668

-0.031847477,1.3891839,0.033582624,-0.02026773,0.03905458,0.010618267,0.9989751,1.3102862,4.4505515,357.6245,22.04999999998836,1.1413158,1495.5668

-0.03179139,1.3892412,0.03369637,-0.020168934,0.038920876,0.010738947,0.998981,1.3233724,4.435067,357.6355,22.06666666668025,1.1413158,1495.5668

-0.031742893,1.3893043,0.033809513,-0.020040013,0.03869877,0.010858674,0.99899095,1.3360004,4.4094934,357.65012,22.083333333343035,1.1413158,1495.5668

-0.031706765,1.3893704,0.033920363,-0.019907081,0.038475774,0.010959701,0.99900115,1.3464679,4.38387,357.66528,22.10000000000582,1.1413158,1495.5668

-0.03168889,1.3894446,0.034035537,-0.019761126,0.038320236,0.010992836,0.9990096,1.3492532,4.3661585,357.68216,22.116666666668607,1.1413158,1495.5668

-0.031905532,1.3895432,0.03438462,-0.019553374,0.038300842,0.010953581,0.99901485,1.3437896,4.364305,357.7062,22.133333333331393,1.1413158,1495.5668

-0.031993046,1.3896267,0.034598652,-0.019366506,0.038396608,0.0108345365,0.9990161,1.3295307,4.3758063,357.72806,22.14999999999418,1.1413158,1495.5668

-0.032048065,1.3896977,0.03477027,-0.019274384,0.03865202,0.010674975,0.99900985,1.3114098,4.405572,357.73895,22.166666666656965,1.1413158,1495.5668

-0.03210228,1.3897496,0.0349305,-0.019256145,0.039030995,0.010527225,0.998997,1.2952602,4.449378,357.74112,22.18333333331975,1.1413158,1495.5668

-0.032163404,1.389784,0.035081327,-0.019197248,0.03939846,0.0104429815,0.9989846,1.2861909,4.4917736,357.74774,22.20000000001164,1.1413158,1495.5668

-0.032452397,1.3897579,0.035233185,-0.01916328,0.03968635,0.010437581,0.9989739,1.2860967,4.5248356,357.75125,22.216666666674428,1.1413158,1495.5668

-0.032598794,1.3897513,0.03534538,-0.019202594,0.039806288,0.010483294,0.9989679,1.2918086,4.5384326,357.74634,22.233333333337214,1.1413158,1495.5668

-0.03270498,1.3897464,0.035431188,-0.01923143,0.03973812,0.010605813,0.9989688,1.3058492,4.5303035,357.74258,22.25,1.1413158,1495.5668

-0.032804858,1.3897526,0.035512198,-0.019234395,0.039600473,0.010715412,0.99897295,1.3181231,4.514271,357.7419,22.266666666662786,1.1413158,1495.5668

-0.03290225,1.3897617,0.035612777,-0.019235846,0.039491735,0.010804247,0.9989763,1.3280739,4.501601,357.74155,22.283333333325572,1.1413158,1495.5668

-0.03299642,1.3897771,0.035742294,-0.019220063,0.039449625,0.010846671,0.99897784,1.3327746,4.496699,357.74323,22.29999999998836,1.1413158,1495.5668

-0.033312336,1.3894827,0.036183633,-0.019121284,0.039583657,0.010827807,0.9989746,1.3304793,4.51224,357.75443,22.31666666668025,1.1413158,1495.5668

-0.033450924,1.3893983,0.03645257,-0.019094484,0.039862677,0.01078281,0.99896455,1.3258479,4.544366,357.7573,22.333333333343035,1.1413158,1495.5668

-0.03353411,1.3893737,0.036653683,-0.019216659,0.04016208,0.010767957,0.99895036,1.325409,4.578564,357.7429,22.35000000000582,1.1413158,1495.5668

-0.033598214,1.3893585,0.03680158,-0.019383827,0.040372293,0.010780514,0.9989385,1.3281217,4.6024156,357.72333,22.366666666668607,1.1413158,1495.5668

-0.03365229,1.389347,0.036898233,-0.019579606,0.040463068,0.010784946,0.99893093,1.3297536,4.6125517,357.70068,22.383333333331393,1.1413158,1495.5668

-0.03370195,1.3893414,0.03696922,-0.019665783,0.0404822,0.010798824,0.9989283,1.3317928,4.6145988,357.69067,22.39999999999418,1.1413158,1495.5668

-0.033790447,1.3890649,0.036748063,-0.019726079,0.04046112,0.010776803,0.99892825,1.3294913,4.612152,357.68387,22.416666666656965,1.1413158,1495.5668

-0.033841647,1.3889709,0.036677863,-0.019775901,0.040445484,0.0108022345,0.9989276,1.3326045,4.6102347,357.67804,22.43333333331975,1.1413158,1495.5668

-0.033878893,1.3889343,0.03665696,-0.019891173,0.040427066,0.0108140595,0.9989259,1.3344505,4.607941,357.66476,22.45000000001164,1.1413158,1495.5668

-0.03390353,1.3889086,0.036671452,-0.019953266,0.040474363,0.010835371,0.9989225,1.3373014,4.6132317,357.65747,22.466666666674428,1.1413158,1495.5668

-0.033911474,1.3888785,0.036701847,-0.020087617,0.040618792,0.010852275,0.9989138,1.340222,4.6295705,357.64175,22.483333333337214,1.1413158,1495.5668

-0.033899248,1.3888397,0.036730938,-0.020315135,0.040801447,0.0108813895,0.9989015,1.3450798,4.650137,357.61517,22.5,1.1413158,1495.5668

-0.0337949,1.3886462,0.036903057,-0.020696294,0.04088975,0.010926474,0.99888957,1.3522608,4.659639,357.57108,22.516666666662786,1.1413158,1495.5668

-0.0337243,1.3885792,0.03696145,-0.020970203,0.040919524,0.010917556,0.9988828,1.3525934,4.662703,357.53955,22.533333333325572,1.1413158,1495.5668

-0.033669997,1.388577,0.037004154,-0.021101473,0.040939115,0.010860492,0.99887973,1.3467041,4.6649127,357.52472,22.54999999998836,1.1413158,1495.5668

-0.03364042,1.3886276,0.037049916,-0.021105208,0.04093764,0.010810199,0.99888027,1.3409414,4.664863,357.52454,22.56666666668025,1.1413158,1495.5668

-0.03362611,1.3887218,0.037102543,-0.02100663,0.040929634,0.010727357,0.9988836,1.3309443,4.6642814,357.53625,22.583333333343035,1.1413158,1495.5668

-0.033622548,1.388849,0.037158765,-0.021027934,0.040936116,0.010654608,0.99888366,1.3227051,4.6651764,357.53415,22.60000000000582,1.1413158,1495.5668

-0.03354481,1.3890741,0.03755416,-0.021117967,0.040947344,0.010710446,0.9988807,1.3295689,4.666206,357.52353,22.616666666668607,1.1413158,1495.5668

-0.033521265,1.389288,0.03774408,-0.020931628,0.04095129,0.010743044,0.99888414,1.3324509,4.6668262,357.54477,22.633333333331393,1.1413158,1495.5668

-0.03350699,1.389502,0.037873607,-0.020735746,0.040943008,0.01078782,0.9988881,1.3366555,4.666029,357.56708,22.64999999999418,1.1413158,1495.5668

-0.033490352,1.3897076,0.037992753,-0.020580003,0.040921025,0.010853269,0.9988915,1.3433884,4.6635585,357.5847,22.666666666656965,1.1413158,1495.5668

-0.033472676,1.389893,0.038115602,-0.020344978,0.040829822,0.010971633,0.99889874,1.3556553,4.653135,357.6113,22.68333333331975,1.1413158,1495.5668

-0.033457905,1.390056,0.038232315,-0.020008586,0.04063527,0.011121701,0.99891174,1.3708409,4.6309314,357.64957,22.70000000001164,1.1413158,1495.5668

-0.033289157,1.3900526,0.03816444,-0.019825477,0.04046321,0.011221524,0.9989213,1.381034,4.611223,357.6704,22.716666666674428,1.1413158,1495.5668

-0.03322987,1.3900925,0.038127467,-0.019824127,0.0400472,0.011357414,0.9989366,1.3956155,4.5632133,357.6706,22.733333333337214,1.1413158,1495.5668

-0.033217028,1.3901271,0.038086865,-0.019788982,0.03954923,0.011497006,0.9989555,1.4102682,4.505846,357.67477,22.75,1.1413158,1495.5668

-0.033217955,1.3901478,0.038063522,-0.01975486,0.039218616,0.011592191,0.9989681,1.4202379,4.4677696,357.6788,22.766666666662786,1.1413158,1495.5668

-0.033219967,1.3901504,0.038057156,-0.01987652,0.039079137,0.011651969,0.9989705,1.4273052,4.451466,357.66476,22.783333333325572,1.1413158,1495.5668

-0.03322572,1.390144,0.038082566,-0.02000294,0.03915028,0.011625986,0.9989655,1.4250612,4.4595027,357.65027,22.79999999998836,1.1413158,1495.5668

-0.032975692,1.3897891,0.038700953,-0.020090079,0.0395603,0.011523465,0.99894875,1.4146948,4.506627,357.64005,22.81666666668025,1.1413158,1495.5668

-0.032928336,1.3896474,0.038961865,-0.020169266,0.04005612,0.011345817,0.99892944,1.3958852,4.563781,357.63098,22.833333333343035,1.1413158,1495.5668

-0.03295963,1.3895824,0.039107997,-0.020164272,0.040464606,0.0111436015,0.9989154,1.3736545,4.6111,357.63184,22.85000000000582,1.1413158,1495.5668

-0.033021808,1.3895453,0.03920168,-0.020097332,0.040715117,0.010981759,0.9989083,1.355378,4.640295,357.6399,22.866666666668607,1.1413158,1495.5668

-0.033094853,1.3895227,0.03923931,-0.01997895,0.04075932,0.010862368,0.9989102,1.3412229,4.6458044,357.65396,22.883333333331393,1.1413158,1495.5668

-0.033180714,1.3895061,0.039226253,-0.019881494,0.040690143,0.010795335,0.9989157,1.3329,4.63816,357.6656,22.89999999999418,1.1413158,1495.5668

-0.03308391,1.3893083,0.039621264,-0.019893104,0.040693607,0.010781461,0.99891543,1.3313692,4.638575,357.6643,22.916666666656965,1.1413158,1495.5668

-0.03313552,1.3892384,0.039759822,-0.019813482,0.040824063,0.010762783,0.9989119,1.3291721,4.6536818,357.67334,22.93333333331975,1.1413158,1495.5668

-0.0332139,1.389214,0.039872985,-0.019716637,0.041130368,0.0107640335,0.99890125,1.3296094,4.6889267,357.68402,22.95000000001164,1.1413158,1495.5668

-0.033273943,1.3892038,0.040027283,-0.019630222,0.041539438,0.010755433,0.9988861,1.3292073,4.735964,357.69336,22.966666666674428,1.1413158,1495.5668

-0.03332065,1.3891888,0.04021717,-0.01954618,0.04189529,0.010752713,0.99887294,1.3293558,4.7768836,357.70248,22.983333333337214,1.1413158,1495.5668

-0.03337957,1.3891685,0.040400982,-0.019470626,0.042057566,0.010780124,0.9988672,1.332534,4.7955275,357.7108,23.0,1.1413158,1495.5668

-0.033072572,1.3891073,0.04072875,-0.01934541,0.042084266,0.010799621,0.99886835,1.3342353,4.798712,357.725,23.016666666662786,1.1413158,1495.5668

-0.03303878,1.3890803,0.040923923,-0.019100487,0.041975677,0.010859026,0.998877,1.3396232,4.786454,357.75305,23.033333333325572,1.1413158,1495.5668

-0.033111826,1.3890595,0.04107152,-0.018880494,0.041881256,0.01093807,0.9988843,1.3474257,4.7757473,357.7781,23.04999999998836,1.1413158,1495.5668

-0.03323767,1.3890332,0.041220307,-0.018638957,0.04197848,0.01103498,0.9988837,1.3576267,4.787008,357.80524,23.06666666668025,1.1413158,1495.5668

-0.033393696,1.3890007,0.04136496,-0.018596258,0.042212673,0.011133379,0.99887353,1.369268,4.813703,357.8093,23.083333333343035,1.1413158,1495.5668

-0.033560984,1.3889645,0.041513715,-0.018689813,0.042552732,0.011223351,0.99885637,1.3808476,4.852369,357.79758,23.10000000000582,1.1413158,1495.5668

-0.033565737,1.3889652,0.04167544,-0.018691616,0.042852797,0.011297241,0.99884266,1.3900449,4.88661,357.79654,23.116666666668607,1.1413158,1495.5668

-0.033653397,1.3889391,0.041843217,-0.01865551,0.04310283,0.011407771,0.99883133,1.4031497,4.915087,357.79974,23.133333333331393,1.1413158,1495.5668

-0.033757143,1.3889045,0.04201923,-0.018679611,0.043230087,0.0115326075,0.99882394,1.4179089,4.92937,357.79617,23.14999999999418,1.1413158,1495.5668

-0.033863,1.3888648,0.042197056,-0.018506385,0.0431791,0.011702094,0.9988274,1.4364073,4.923399,357.8153,23.166666666656965,1.1413158,1495.5668

-0.033960287,1.3888277,0.042362556,-0.018289598,0.04301361,0.011883132,0.9988364,1.4557573,4.904343,357.8396,23.18333333331975,1.1413158,1495.5668

-0.03404151,1.3887925,0.04249722,-0.018235946,0.042830613,0.0120341815,0.99884343,1.4724289,4.8831124,357.84534,23.20000000001164,1.1413158,1495.5668

-0.03388664,1.388818,0.042735834,-0.018376311,0.042740684,0.012081077,0.99884415,1.4782971,4.872492,357.8291,23.216666666674428,1.1413158,1495.5668

-0.033849522,1.3888227,0.042861175,-0.018329004,0.04280391,0.012108292,0.998842,1.4813381,4.8797517,357.83432,23.233333333337214,1.1413158,1495.5668

-0.033842206,1.3888344,0.042951897,-0.018255997,0.042976975,0.012069145,0.9988364,1.47688,4.8997893,357.8426,23.25,1.1413158,1495.5668

-0.033840556,1.3888503,0.043022033,-0.018289272,0.043152645,0.011989491,0.99882907,1.4682953,4.9200554,357.8389,23.266666666662786,1.1413158,1495.5668

-0.03383875,1.3888646,0.04308072,-0.018336687,0.043264132,0.011897236,0.99882454,1.4581861,4.93297,357.8337,23.283333333325572,1.1413158,1495.5668

-0.033843353,1.3888838,0.04312756,-0.018249525,0.043233227,0.011802027,0.9988286,1.4467446,4.9297585,357.84424,23.29999999998836,1.1413158,1495.5668

-0.03365699,1.3889772,0.04317353,-0.018194787,0.043079685,0.011707517,0.99883735,1.4352642,4.9124355,357.85126,23.31666666668025,1.1413158,1495.5668

-0.033607602,1.3890121,0.04317671,-0.018172486,0.042908687,0.0116511425,0.99884576,1.4282875,4.8929806,357.85437,23.333333333343035,1.1413158,1495.5668

-0.03361475,1.389019,0.04316785,-0.01816577,0.04280991,0.01164387,0.99885017,1.4271942,4.8816795,357.85535,23.35000000000582,1.1413158,1495.5668

-0.033648685,1.389009,0.043143127,-0.018267192,0.04276896,0.011678546,0.9988497,1.4315813,4.8767643,357.8436,23.366666666668607,1.1413158,1495.5668

-0.033689972,1.3889852,0.043104477,-0.018388383,0.04279798,0.011755517,0.99884534,1.441084,4.879751,357.82922,23.383333333331393,1.1413158,1495.5668

-0.033728823,1.3889503,0.043041833,-0.018508408,0.04281974,0.011869965,0.9988408,1.4548714,4.881822,357.81485,23.39999999999418,1.1413158,1495.5668

-0.03383531,1.3888385,0.043200675,-0.018717667,0.042795718,0.011963527,0.9988369,1.4665892,4.8785563,357.79037,23.416666666656965,1.1413158,1495.5668

-0.033902153,1.3887719,0.043151625,-0.018981762,0.04278375,0.012124019,0.9988305,1.4862922,4.8764367,357.75928,23.43333333331975,1.1413158,1495.5668

-0.033963248,1.3887252,0.04302261,-0.0192692,0.04265995,0.012300077,0.99882805,1.507627,4.8614125,357.7256,23.45000000001164,1.1413158,1495.5668

-0.034017485,1.3886895,0.04286645,-0.019381864,0.042426195,0.012474021,0.99883366,1.5275931,4.8340416,357.7122,23.466666666674428,1.1413158,1495.5668

-0.034060404,1.3886681,0.042720187,-0.019443601,0.042248704,0.012595566,0.99883854,1.5414234,4.813318,357.70483,23.483333333337214,1.1413158,1495.5668

-0.034097847,1.3886576,0.042585913,-0.019664345,0.042190984,0.012665972,0.9988357,1.5504358,4.806195,357.67923,23.5,1.1413158,1495.5668

-0.034136623,1.3886651,0.042468417,-0.019801885,0.04221608,0.012673719,0.99883187,1.5520508,4.8088408,357.66333,23.516666666662786,1.1413158,1495.5668

-0.034330856,1.3886974,0.042669933,-0.019773187,0.042130798,0.012632421,0.9988365,1.5469573,4.799204,357.667,23.533333333325572,1.1413158,1495.5668

-0.03441879,1.3887367,0.042662174,-0.019803785,0.04213798,0.012617942,0.9988358,1.5454589,4.8000135,357.6635,23.54999999998836,1.1413158,1495.5668

-0.03447569,1.388777,0.04258015,-0.019857707,0.042071495,0.012643984,0.99883723,1.548545,4.792246,357.65732,23.56666666668025,1.1413158,1495.5668

-0.034527153,1.3888011,0.042469382,-0.019932324,0.041948,0.01272995,0.99883986,1.5584716,4.777769,357.64853,23.583333333343035,1.1413158,1495.5668

-0.03458616,1.3888055,0.042330675,-0.020141166,0.041732572,0.012882931,0.9988427,1.576504,4.75238,357.6242,23.60000000000582,1.1413158,1495.5668

-0.032624193,1.3897406,0.034589466,-0.02035655,0.04081349,0.013000736,0.9988748,1.5887276,4.6463833,357.60056,23.616666666668607,1.1413158,1495.5668

-0.032032155,1.3900216,0.032075167,-0.020477917,0.040292267,0.013164715,0.99889135,1.6067967,4.586038,357.58676,23.633333333331393,1.1413158,1495.5668

-0.031866893,1.3901008,0.031228028,-0.020597184,0.040008046,0.013310414,0.9988984,1.6233492,4.552908,357.5729,23.64999999999418,1.1413158,1495.5668

-0.03183095,1.3901237,0.030916777,-0.020683309,0.039900098,0.013414047,0.9988995,1.6353667,4.5401397,357.56274,23.666666666656965,1.1413158,1495.5668

-0.03183025,1.3901286,0.030771792,-0.020770587,0.039899748,0.013477025,0.9988969,1.6429955,4.539802,357.55243,23.68333333331975,1.1413158,1495.5668

-0.03183937,1.3901254,0.030662596,-0.020959154,0.03992671,0.013528594,0.9988912,1.6498468,4.542456,357.5305,23.70000000001164,1.1413158,1495.5668

-0.03185247,1.3901215,0.030533534,-0.021200476,0.039858155,0.013567863,0.99888825,1.6552752,4.5340996,357.50272,23.716666666674428,1.1413158,1495.5668

-0.032359913,1.3894957,0.031283032,-0.021339716,0.039538063,0.013504869,0.9988989,1.6478245,4.4973326,357.4876,23.733333333337214,1.1413158,1495.5668

-0.032490075,1.3892872,0.0314256,-0.021465626,0.039302528,0.013504369,0.9989055,1.6477072,4.4701247,357.47357,23.75,1.1413158,1495.5668

-0.032478932,1.3892032,0.031384937,-0.021630034,0.03912482,0.013518295,0.9989087,1.6495665,4.4494457,357.45496,23.766666666662786,1.1413158,1495.5668

-0.032402977,1.3891672,0.03131108,-0.02187849,0.039090943,0.013492786,0.998905,1.6476536,4.445217,357.4266,23.783333333325572,1.1413158,1495.5668

-0.032301366,1.3891593,0.031228475,-0.022153754,0.039052237,0.013430435,0.9989013,1.6416146,4.440489,357.39532,23.79999999998836,1.1413158,1495.5668

-0.033108268,1.3898224,0.031468388,-0.022313552,0.037498783,0.0132659115,0.9989594,1.6191558,4.262584,357.38055,23.81666666668025,1.1413158,1495.5668

-0.033268683,1.3900625,0.031533986,-0.022363497,0.036954284,0.013118956,0.9989806,1.6009988,4.2004747,357.37643,23.833333333343035,1.1413158,1495.5668

-0.03322317,1.3901765,0.031552397,-0.022407854,0.036804914,0.012973232,0.99898696,1.584045,4.183665,357.3722,23.85000000000582,1.1413158,1495.5668

-0.03311765,1.3902524,0.031558312,-0.022430643,0.036785413,0.012818559,0.99898916,1.5663304,4.1818,357.37027,23.866666666668607,1.1413158,1495.5668

-0.032999463,1.3903136,0.03156376,-0.02241062,0.036841523,0.012718678,0.99898887,1.5549344,4.188526,357.37286,23.883333333331393,1.1413158,1495.5668

-0.032882787,1.3903681,0.031561486,-0.022443404,0.03691299,0.01266292,0.9989862,1.5488677,4.1968136,357.3692,23.89999999999418,1.1413158,1495.5668

-0.032985866,1.390166,0.03191409,-0.022369878,0.037008338,0.012621439,0.9989848,1.544058,4.207966,357.3777,23.916666666656965,1.1413158,1495.5668

-0.032972157,1.3901377,0.032038238,-0.022308068,0.036973435,0.0126009025,0.99898773,1.5413442,4.2041144,357.38492,23.93333333331975,1.1413158,1495.5668

-0.03293313,1.3901628,0.032074764,-0.022247994,0.036830448,0.012578145,0.9989947,1.5380878,4.187876,357.39215,23.95000000001164,1.1413158,1495.5668

-0.03289564,1.3902022,0.032075264,-0.022210833,0.03663976,0.012554925,0.9990028,1.5347468,4.1661363,357.39685,23.966666666674428,1.1413158,1495.5668

-0.032864034,1.390241,0.032062247,-0.02213603,0.036467046,0.012538007,0.999011,1.5320235,4.1464972,357.40582,23.983333333337214,1.1413158,1495.5668

-0.03283876,1.3902744,0.032051448,-0.022173775,0.03641001,0.012550719,0.99901205,1.5334846,4.1398687,357.40155,24.0,1.1413158,1495.5668

-0.032856274,1.3899634,0.032315593,-0.02221142,0.03641616,0.01258616,0.99901056,1.5377259,4.140424,357.39706,24.016666666662786,1.1413158,1495.5668

-0.032859184,1.3898635,0.032410465,-0.02214514,0.036442816,0.012614289,0.99901074,1.5407524,4.1435084,357.4045,24.033333333325572,1.1413158,1495.5668

-0.03284649,1.3898422,0.03244125,-0.02197996,0.03654916,0.0125933755,0.9990107,1.5379524,4.1560063,357.42337,24.04999999998836,1.1413158,1495.5668

-0.03281425,1.3898472,0.032437947,-0.021859152,0.03666936,0.012550972,0.9990095,1.5329038,4.1700788,357.43723,24.06666666668025,1.1413158,1495.5668

-0.03275712,1.3898628,0.032433905,-0.021853996,0.036805753,0.012469217,0.9990056,1.5238624,4.185931,357.43793,24.083333333343035,1.1413158,1495.5668

-0.032685563,1.3898747,0.032415513,-0.021949865,0.036837008,0.012402186,0.99900323,1.5166537,4.1895404,357.42712,24.10000000000582,1.1413158,1495.5668

-0.032388493,1.3895118,0.032333527,-0.021875374,0.036937043,0.012377041,0.9990015,1.5137225,4.2011847,357.43564,24.116666666668607,1.1413158,1495.5668

-0.03224592,1.3893934,0.032263864,-0.021749282,0.036767747,0.012397303,0.9990102,1.5150659,4.1819177,357.45032,24.133333333331393,1.1413158,1495.5668

-0.03215948,1.3893459,0.032186966,-0.02161242,0.036583796,0.012435361,0.99901944,1.5183729,4.1609426,357.4662,24.14999999999418,1.1413158,1495.5668

-0.03209451,1.3893176,0.03211634,-0.021486709,0.036537603,0.012441899,0.9990238,1.5184774,4.1558223,357.48065,24.166666666656965,1.1413158,1495.5668

-0.032036856,1.3892918,0.032051954,-0.021484395,0.03670628,0.012426029,0.99901783,1.517091,4.175201,357.4807,24.18333333331975,1.1413158,1495.5668

-0.031976745,1.3892639,0.031978853,-0.021553703,0.03699647,0.012387094,0.99900615,1.5136791,4.2084584,357.47244,24.20000000001164,1.1413158,1495.5668

-0.03234593,1.3891245,0.032522336,-0.021621577,0.036980357,0.012326751,0.99900603,1.5069951,4.2066617,357.46494,24.216666666674428,1.1413158,1495.5668

-0.032412294,1.3890522,0.032647386,-0.021646867,0.037095614,0.012284309,0.99900174,1.5025355,4.2199435,357.462,24.233333333337214,1.1413158,1495.5668

-0.032382175,1.3889999,0.03263758,-0.021617193,0.037166454,0.012246469,0.9990002,1.4982538,4.2282043,357.46545,24.25,1.1413158,1495.5668

-0.03232205,1.3889437,0.03257841,-0.021517254,0.03712994,0.012284953,0.9990033,1.5021517,4.224071,357.4768,24.266666666662786,1.1413158,1495.5668

-0.032243483,1.3888772,0.032487456,-0.021450303,0.03699948,0.012388513,0.99900824,1.5134139,4.2089562,357.48428,24.283333333325572,1.1413158,1495.5668

-0.03214457,1.3887987,0.032370076,-0.02147653,0.03685164,0.012524934,0.99901146,1.5287961,4.191626,357.48096,24.29999999998836,1.1413158,1495.5668

-0.03236688,1.3887591,0.032201335,-0.02170326,0.036733724,0.012616538,0.9990097,1.5399508,4.177529,357.45474,24.31666666668025,1.1413158,1495.5668

-0.032347728,1.3887093,0.032029226,-0.021955002,0.03685771,0.012636881,0.9989994,1.5436745,4.191301,357.42554,24.333333333343035,1.1413158,1495.5668

-0.032244764,1.3886747,0.03186769,-0.02214821,0.037200715,0.012585852,0.9989831,1.5395606,4.230453,357.40295,24.35000000000582,1.1413158,1495.5668

-0.03211058,1.3886517,0.031715155,-0.022322038,0.037570372,0.01249241,0.9989666,1.5305828,4.2728033,357.38275,24.366666666668607,1.1413158,1495.5668

-0.031965468,1.3886302,0.031568255,-0.022397574,0.03781307,0.012406479,0.9989568,1.5217079,4.3007336,357.37402,24.383333333331393,1.1413158,1495.5668

-0.03182092,1.3886026,0.03141874,-0.022361115,0.037875917,0.012371379,0.9989556,1.5176934,4.3080854,357.37827,24.39999999999418,1.1413158,1495.5668

-0.03186462,1.3889205,0.03126558,-0.022374028,0.03779973,0.012381027,0.9989581,1.5186476,4.2993073,357.37686,24.416666666656965,1.1413158,1495.5668

-0.03177904,1.3890114,0.031092644,-0.022436157,0.037678834,0.012421568,0.99896073,1.5232371,4.2852473,357.36975,24.43333333331975,1.1413158,1495.5668

-0.031646106,1.3890259,0.030921677,-0.022596782,0.037597425,0.012503342,0.9989592,1.5330898,4.2754545,357.3511,24.45000000001164,1.1413158,1495.5668

-0.03149362,1.3890164,0.030766327,-0.022659656,0.037586298,0.012597847,0.99895704,1.5441785,4.2738314,357.34348,24.466666666674428,1.1413158,1495.5668

-0.03133001,1.3890036,0.03061498,-0.02258103,0.037583955,0.012674703,0.9989579,1.5526589,4.27348,357.3522,24.483333333337214,1.1413158,1495.5668

-0.031152561,1.388993,0.030458178,-0.022545688,0.037596364,0.012701982,0.9989579,1.5556737,4.274885,357.35614,24.5,1.1413158,1495.5668

-0.03008765,1.3892066,0.030017827,-0.022624634,0.038179696,0.012736351,0.99893355,1.56158,4.3415384,357.3459,24.516666666662786,1.1413158,1495.5668

-0.029657481,1.3893019,0.02976365,-0.02270957,0.03839421,0.012729996,0.9989235,1.5618192,4.3660126,357.3358,24.533333333325572,1.1413158,1495.5668

-0.02943288,1.3893751,0.029554183,-0.022700451,0.03843904,0.012678225,0.99892265,1.5559599,4.3713036,357.33694,24.54999999998836,1.1413158,1495.5668

-0.029272497,1.389444,0.029356014,-0.022546086,0.03838563,0.0126216505,0.9989289,1.5486393,4.3655715,357.35504,24.56666666668025,1.1413158,1495.5668

-0.029119892,1.3895042,0.029178586,-0.022458736,0.038377866,0.012588942,0.9989315,1.5444802,4.3649035,357.36523,24.583333333343035,1.1413158,1495.5668

-0.028957462,1.3895539,0.029009223,-0.022460045,0.038348086,0.012550273,0.99893314,1.5399636,4.361589,357.3653,24.60000000000582,1.1413158,1495.5668

-0.028782442,1.3895993,0.028850336,-0.02242714,0.03836312,0.012497805,0.998934,1.5338368,4.3635015,357.36926,24.616666666668607,1.1413158,1495.5668

-0.028860375,1.3896441,0.028928157,-0.022444338,0.038237877,0.012574376,0.9989374,1.5423583,4.348916,357.3672,24.633333333331393,1.1413158,1495.5668

-0.028787611,1.3896891,0.028827451,-0.022381173,0.038137894,0.01257778,0.9989426,1.5421983,4.3375435,357.3746,24.64999999999418,1.1413158,1495.5668

-0.028677942,1.3897394,0.028656403,-0.022279695,0.038073,0.012549314,0.99894774,1.5383106,4.330336,357.38647,24.666666666656965,1.1413158,1495.5668

-0.02856353,1.3897927,0.028437268,-0.02233735,0.038044155,0.012536441,0.99894774,1.5370039,4.3269744,357.37997,24.68333333331975,1.1413158,1495.5668

-0.028445467,1.3898575,0.0281923,-0.02247642,0.03803315,0.0125332875,0.99894506,1.5372146,4.325507,357.364,24.70000000001164,1.1413158,1495.5668

-0.029847117,1.3899564,0.028892694,-0.022365957,0.037397917,0.012587137,0.99897087,1.5411727,4.252719,357.3776,24.716666666674428,1.1413158,1495.5668

-0.03022045,1.3900466,0.028997498,-0.02210632,0.037156027,0.012631011,0.9989851,1.544446,4.225278,357.40765,24.733333333337214,1.1413158,1495.5668

-0.030262783,1.3901254,0.028908912,-0.0220594,0.0370235,0.01265879,0.99899065,1.5470773,4.2100873,357.41315,24.75,1.1413158,1495.5668

-0.030192912,1.3901862,0.028767955,-0.02204349,0.03697711,0.012646691,0.9989929,1.5454956,4.204825,357.41513,24.766666666662786,1.1413158,1495.5668

-0.030092305,1.3902328,0.028613053,-0.021973802,0.037063,0.01260679,0.9989917,1.5408529,4.2148814,357.42316,24.783333333325572,1.1413158,1495.5668

-0.029997883,1.3902643,0.028418727,-0.022017125,0.037173156,0.012587906,0.9989869,1.539166,4.22749,357.41803,24.79999999998836,1.1413158,1495.5668

-0.03042093,1.3901068,0.028934743,-0.022016397,0.03727834,0.012600067,0.9989829,1.5408436,4.239517,357.4179,24.81666666668025,1.1413158,1495.5668

-0.030536354,1.3900406,0.028930143,-0.022049034,0.037326768,0.0126073975,0.9989803,1.541955,4.2449994,357.41403,24.833333333343035,1.1413158,1495.5668

-0.03055501,1.3899944,0.028724033,-0.022219097,0.037268057,0.012678299,0.99897784,1.5506583,4.237822,357.3943,24.85000000000582,1.1413158,1495.5668

-0.030543415,1.3899472,0.028439377,-0.022427937,0.037064943,0.012803916,0.9989791,1.5654076,4.213885,357.37015,24.866666666668607,1.1413158,1495.5668

-0.03052178,1.3899128,0.02815114,-0.022476323,0.03680892,0.012913463,0.99898607,1.5774816,4.1841726,357.36456,24.883333333331393,1.1413158,1495.5668

-0.030490115,1.3898908,0.027895503,-0.022394348,0.036630657,0.012990042,0.99899346,1.5854388,4.1636677,357.374,24.89999999999418,1.1413158,1495.5668

-0.030755028,1.3896961,0.028214466,-0.022312807,0.036637597,0.0131416265,0.99899304,1.6025192,4.164196,357.38272,24.916666666656965,1.1413158,1495.5668

-0.030812863,1.3896205,0.028250273,-0.022446146,0.03678599,0.013178856,0.9989841,1.6077592,4.180893,357.36697,24.93333333331975,1.1413158,1495.5668

-0.030799642,1.3895915,0.028207436,-0.022652337,0.037039652,0.013180405,0.9989701,1.6095072,4.2096334,357.34283,24.95000000001164,1.1413158,1495.5668

-0.030769527,1.389584,0.028129838,-0.022831446,0.037250154,0.013216147,0.9989577,1.6149571,4.233378,357.32175,24.966666666674428,1.1413158,1495.5668

-0.030739844,1.3895966,0.028035097,-0.022792675,0.037326314,0.013241019,0.9989554,1.6178615,4.2421036,357.32593,24.983333333337214,1.1413158,1495.5668

-0.03071618,1.389624,0.027917411,-0.022747042,0.03728298,0.013224481,0.9989583,1.6156474,4.237254,357.33133,25.0,1.1413158,1495.5668

-0.030687109,1.3896407,0.028029047,-0.022593128,0.03717746,0.013284128,0.9989649,1.6215483,4.2252493,357.34894,25.016666666662786,1.1413158,1495.5668

-0.0307125,1.3896878,0.028003529,-0.02245075,0.03707034,0.013260276,0.9989725,1.6179107,4.2132654,357.36557,25.033333333325572,1.1413158,1495.5668

-0.030764043,1.3897475,0.027944077,-0.022284986,0.037100524,0.013204224,0.9989758,1.6108583,4.2171397,357.38483,25.04999999998836,1.1413158,1495.5668

-0.030824197,1.3898057,0.027877003,-0.022203201,0.037239663,0.01317648,0.9989728,1.6077079,4.233293,357.39407,25.06666666668025,1.1413158,1495.5668

-0.030882448,1.3898582,0.027816512,-0.022182211,0.037456885,0.013175198,0.99896514,1.6080651,4.2582297,357.3961,25.083333333343035,1.1413158,1495.5668

-0.030935397,1.3899051,0.027749352,-0.022221154,0.037626848,0.01321701,0.99895734,1.6134971,4.2775407,357.3911,25.10000000000582,1.1413158,1495.5668

-0.031196192,1.3898482,0.028377704,-0.022172635,0.037720326,0.013293288,0.9989538,1.6223024,4.2881355,357.3962,25.116666666668607,1.1413158,1495.5668

-0.031302273,1.3898597,0.02854804,-0.022174353,0.03772473,0.013422121,0.998952,1.6371136,4.288302,357.39545,25.133333333331393,1.1413158,1495.5668

-0.031357143,1.3899021,0.028576078,-0.022121588,0.03765604,0.013549656,0.998954,1.6513417,4.280183,357.4011,25.14999999999418,1.1413158,1495.5668

-0.03140363,1.3899602,0.02855426,-0.022043357,0.03749394,0.013661957,0.99896026,1.6634582,4.26144,357.4099,25.166666666656965,1.1413158,1495.5668

-0.031456072,1.3900268,0.02852737,-0.021935062,0.037369747,0.013756381,0.99896604,1.6734998,4.2471404,357.42215,25.18333333331975,1.1413158,1495.5668

-0.031518206,1.3900965,0.028495196,-0.021810094,0.037280414,0.013823894,0.99897116,1.6804777,4.2369366,357.4364,25.20000000001164,1.1413158,1495.5668

-0.031445906,1.3900075,0.028404724,-0.021659775,0.037213646,0.013914079,0.9989757,1.6900145,4.2293067,357.4534,25.216666666674428,1.1413158,1495.5668

-0.03146115,1.3900049,0.0283648,-0.021611383,0.037225243,0.013936711,0.998976,1.6924386,4.23066,357.45883,25.233333333337214,1.1413158,1495.5668

-0.031500153,1.3900223,0.028344773,-0.021560622,0.037309654,0.01393693,0.9989739,1.6924741,4.240421,357.4645,25.25,1.1413158,1495.5668

-0.031544566,1.390043,0.028329462,-0.021518731,0.037442386,0.013900069,0.9989704,1.6884176,4.2558007,357.4692,25.266666666662786,1.1413158,1495.5668

-0.031596437,1.3900609,0.028316505,-0.0215239,0.037625596,0.01385437,0.998964,1.6836812,4.276909,357.46848,25.283333333325572,1.1413158,1495.5668

-0.031663336,1.3900783,0.028306924,-0.021620797,0.03781966,0.013804466,0.99895525,1.6788867,4.299118,357.45718,25.29999999998836,1.1413158,1495.5668

-0.03182164,1.3898735,0.028494343,-0.021647766,0.037795782,0.013752873,0.9989563,1.6730151,4.296467,357.45438,25.31666666668025,1.1413158,1495.5668

-0.031927157,1.3898181,0.02857191,-0.021715557,0.037803557,0.013695389,0.99895537,1.6667279,4.297391,357.4468,25.333333333343035,1.1413158,1495.5668

-0.032017156,1.3898089,0.028608982,-0.021742973,0.037814893,0.013663026,0.9989548,1.6631607,4.298728,357.4438,25.35000000000582,1.1413158,1495.5668

-0.03209925,1.3898096,0.028635176,-0.0217804,0.037864193,0.013623397,0.9989526,1.6589048,4.304418,357.43958,25.366666666668607,1.1413158,1495.5668

-0.03217326,1.3897989,0.028658628,-0.02188229,0.037929147,0.013606779,0.99894816,1.6576122,4.311738,357.42783,25.383333333331393,1.1413158,1495.5668

-0.032233313,1.3897759,0.02866919,-0.02212702,0.03798429,0.013600374,0.99894077,1.6580856,4.317669,357.39963,25.39999999999418,1.1413158,1495.5668

-0.032702167,1.3898468,0.028080845,-0.02251226,0.037715662,0.013599413,0.9989424,1.6588961,4.28624,357.3559,25.416666666656965,1.1413158,1495.5668

-0.032902688,1.389863,0.027920227,-0.022733979,0.0376951,0.013546309,0.9989388,1.6536944,4.283656,357.3307,25.43333333331975,1.1413158,1495.5668

-0.033048853,1.3898664,0.027923029,-0.022768058,0.037841596,0.013442081,0.99893385,1.6422852,4.300671,357.32697,25.45000000001164,1.1413158,1495.5668

-0.033192985,1.3898665,0.027973287,-0.022791957,0.038019806,0.013329563,0.9989281,1.6299701,4.321361,357.32437,25.466666666674428,1.1413158,1495.5668

-0.033337206,1.3898671,0.028044607,-0.022899847,0.03818135,0.013272955,0.9989202,1.6243937,4.3398542,357.31192,25.483333333337214,1.1413158,1495.5668

-0.033468574,1.3898675,0.028140321,-0.023047822,0.038303584,0.013259565,0.99891233,1.6238471,4.353662,357.29477,25.5,1.1413158,1495.5668

-0.03286286,1.3897389,0.027713062,-0.02311986,0.038688995,0.013306803,0.99889517,1.6306833,4.397596,357.28558,25.516666666662786,1.1413158,1495.5668

-0.032725926,1.3897066,0.027666718,-0.023200601,0.03872018,0.013333938,0.9988917,1.634244,4.400965,357.27612,25.533333333325572,1.1413158,1495.5668

-0.032729357,1.3897058,0.027763657,-0.023258539,0.038666222,0.013379497,0.9988919,1.6395763,4.394561,357.26935,25.54999999998836,1.1413158,1495.5668

-0.032767266,1.389722,0.02792741,-0.023353796,0.038603302,0.013429269,0.9988914,1.64553,4.3870554,357.25833,25.56666666668025,1.1413158,1495.5668

-0.032807518,1.3897636,0.028134117,-0.023431687,0.038571417,0.0134161925,0.998891,1.644279,4.383308,357.2495,25.583333333343035,1.1413158,1495.5668

-0.032850027,1.3898264,0.028362226,-0.023480583,0.03854967,0.013347621,0.9988916,1.6365575,4.3809237,357.24423,25.60000000000582,1.1413158,1495.5668

-0.035227165,1.3897107,0.031233687,-0.023530807,0.036998782,0.01322151,0.9989507,1.6178147,4.203418,357.24185,25.616666666668607,1.1413158,1495.5668

-0.036018625,1.3897415,0.032263834,-0.023467943,0.036436196,0.013073528,0.99897486,1.5989435,4.1394424,357.2507,25.633333333331393,1.1413158,1495.5668

-0.0363093,1.3898196,0.032731403,-0.023362393,0.036258366,0.012936123,0.9989855,1.582224,4.1196046,357.2637,25.64999999999418,1.1413158,1495.5668

-0.0364412,1.3899041,0.03302909,-0.023315312,0.036205623,0.012846749,0.99898976,1.5716197,4.1138783,357.2696,25.666666666656965,1.1413158,1495.5668

-0.036523152,1.3899803,0.033270642,-0.023414794,0.036150448,0.012795512,0.99899006,1.5659903,4.1075377,357.25845,25.68333333331975,1.1413158,1495.5668

-0.03659436,1.3900479,0.033497587,-0.023510473,0.036057208,0.012766618,0.99899155,1.5627998,4.09678,357.24777,25.70000000001164,1.1413158,1495.5668

-0.034399986,1.3900717,0.03338787,-0.02347535,0.038171116,0.012738863,0.99891424,1.5655462,4.339217,357.24817,25.716666666674428,1.1413158,1495.5668

-0.033757508,1.3901243,0.033498954,-0.023546722,0.038811576,0.012740038,0.99888784,1.567843,4.4125175,357.2388,25.733333333337214,1.1413158,1495.5668

-0.033607665,1.3901798,0.033676956,-0.023670735,0.038925424,0.01277075,0.99888,1.5722492,4.4252877,357.2242,25.75,1.1413158,1495.5668

-0.03362281,1.3902369,0.033875618,-0.023833858,0.038844462,0.012792296,0.9988791,1.57521,4.4156904,357.20554,25.766666666662786,1.1413158,1495.5668

-0.03370577,1.3902996,0.034080673,-0.023992576,0.03869686,0.01277483,0.99888116,1.5734727,4.398569,357.18768,25.783333333325572,1.1413158,1495.5668

-0.033826217,1.3903729,0.034293033,-0.024124406,0.03855916,0.012691896,0.99888444,1.5641245,4.382812,357.17313,25.79999999998836,1.1413158,1495.5668

-0.034942873,1.3900746,0.03513592,-0.024152858,0.038181182,0.012574857,0.99889976,1.5496932,4.339772,357.17102,25.81666666668025,1.1413158,1495.5668

-0.03538786,1.3900459,0.035563875,-0.024176545,0.038130824,0.012429145,0.9989029,1.532918,4.3343763,357.16904,25.833333333343035,1.1413158,1495.5668

-0.03560862,1.3900998,0.035880957,-0.024286024,0.038273633,0.012252315,0.99889696,1.5135155,4.3510804,357.15698,25.85000000000582,1.1413158,1495.5668

-0.035755,1.3901781,0.036165535,-0.024387535,0.038444024,0.012086302,0.99889,1.4954054,4.3709326,357.14575,25.866666666668607,1.1413158,1495.5668

-0.035878617,1.3902617,0.03645088,-0.02445777,0.03860327,0.011954738,0.9988838,1.4810832,4.389458,357.138,25.883333333331393,1.1413158,1495.5668

-0.0360044,1.3903495,0.036734063,-0.024595186,0.03865514,0.011852663,0.99887955,1.4701239,4.3954945,357.12256,25.89999999999418,1.1413158,1495.5668

-0.03598243,1.3904052,0.036457278,-0.024865266,0.03830324,0.011793617,0.9988871,1.4634683,4.3549314,357.0924,25.916666666656965,1.1413158,1495.5668

-0.036071032,1.3904907,0.036523443,-0.024927221,0.038033284,0.011759617,0.9988963,1.459016,4.3239956,357.0859,25.93333333331975,1.1413158,1495.5668

-0.03619823,1.3906014,0.036716018,-0.024717377,0.03777227,0.011726135,0.99891186,1.4534764,4.294481,357.11057,25.95000000001164,1.1413158,1495.5668

-0.03633365,1.3907279,0.036966607,-0.0244998,0.03760138,0.011690416,0.998924,1.4479294,4.275311,357.13602,25.966666666674428,1.1413158,1495.5668

-0.036467105,1.390855,0.03725831,-0.024420599,0.037617855,0.011675532,0.9989255,1.4459299,4.2773566,357.14514,25.983333333337214,1.1413158,1495.5668

-0.036595576,1.3909794,0.037574753,-0.024424326,0.03780658,0.011640154,0.9989188,1.4424454,4.299085,357.14456,26.0,1.1413158,1495.5668

-0.03625188,1.3909775,0.037342876,-0.024560012,0.038095087,0.0115292715,0.9989057,1.4311627,4.3322783,357.12897,26.016666666662786,1.1413158,1495.5668

-0.03622593,1.391054,0.037420113,-0.024551796,0.038351413,0.011431428,0.99889725,1.4206595,4.361953,357.1299,26.033333333325572,1.1413158,1495.5668

-0.0363086,1.3911557,0.03757333,-0.024558203,0.038559347,0.011324976,0.99889034,1.4090871,4.3860846,357.1293,26.04999999998836,1.1413158,1495.5668

-0.036438327,1.3912667,0.03773341,-0.024598917,0.038735352,0.011213058,0.9988838,1.396943,4.406525,357.12485,26.06666666668025,1.1413158,1495.5668

-0.036593184,1.3913761,0.03789496,-0.02459082,0.038873944,0.0110952305,0.99887985,1.3837932,4.422762,357.12607,26.083333333343035,1.1413158,1495.5668

-0.036759753,1.391477,0.038063053,-0.024563873,0.038972605,0.010991173,0.9988778,1.3720207,4.434407,357.12946,26.10000000000582,1.1413158,1495.5668

-0.036038063,1.3904842,0.03570045,-0.024682939,0.0389036,0.010940446,0.9988782,1.3665186,4.426481,357.11612,26.116666666668607,1.1413158,1495.5668

-0.035906777,1.3902099,0.035059128,-0.024679843,0.03896749,0.010965815,0.99887544,1.3696096,4.4337354,357.11624,26.133333333331393,1.1413158,1495.5668

-0.03595805,1.3901563,0.034978416,-0.024676364,0.03900269,0.011054921,0.9988732,1.3799309,4.4375176,357.1162,26.14999999999418,1.1413158,1495.5668

-0.036058918,1.3901664,0.035088267,-0.024771903,0.03897415,0.01117688,0.9988706,1.3942734,4.4337616,357.10474,26.166666666656965,1.1413158,1495.5668

-0.036173925,1.3902061,0.035271455,-0.024822395,0.038853604,0.011280868,0.9988729,1.4060736,4.4195704,357.09866,26.18333333331975,1.1413158,1495.5668

-0.036296234,1.3902605,0.035491407,-0.02475678,0.038643867,0.01136459,0.9988817,1.4147635,4.395378,357.10617,26.20000000001164,1.1413158,1495.5668

-0.036426544,1.3899596,0.03448207,-0.024781322,0.03817516,0.011347303,0.9988993,1.4114739,4.3416667,357.10422,26.216666666674428,1.1413158,1495.5668

-0.03655751,1.3898841,0.03428912,-0.024814054,0.038014844,0.011362327,0.9989044,1.4128577,4.3232,357.10065,26.233333333337214,1.1413158,1495.5668

-0.036706764,1.3899008,0.03436615,-0.024810215,0.03801882,0.01140962,0.9989038,1.4182825,4.3235245,357.10086,26.25,1.1413158,1495.5668

-0.036860652,1.3899591,0.03454546,-0.024691267,0.038168438,0.011454089,0.99890053,1.4233217,4.3407145,357.1141,26.266666666662786,1.1413158,1495.5668

-0.03700824,1.3900429,0.034781214,-0.024584439,0.038436625,0.011511121,0.99889225,1.4302073,4.3714447,357.12567,26.283333333325572,1.1413158,1495.5668

-0.03714714,1.3901494,0.035051342,-0.024438102,0.038702432,0.011583052,0.99888474,1.4386163,4.401918,357.14172,26.29999999998836,1.1413158,1495.5668

-0.036629494,1.390225,0.03518934,-0.024453837,0.038865127,0.0116658285,0.99887705,1.4486754,4.4203076,357.13928,26.31666666668025,1.1413158,1495.5668

-0.036535274,1.3903241,0.035366584,-0.024387453,0.03876491,0.0117944265,0.9988811,1.4628483,4.408549,357.14648,26.333333333343035,1.1413158,1495.5668

-0.036586456,1.3904366,0.035562173,-0.024048844,0.03844633,0.01192619,0.99890006,1.4755443,4.3721547,357.18536,26.35000000000582,1.1413158,1495.5668

-0.036687136,1.3905576,0.03576727,-0.023655167,0.038107187,0.011961018,0.998922,1.4768363,4.333763,357.231,26.366666666668607,1.1413158,1495.5668

-0.03679901,1.3906707,0.035988692,-0.02330295,0.037902974,0.011929202,0.99893844,1.4710711,4.3109617,357.27194,26.383333333331393,1.1413158,1495.5668

-0.03690751,1.3907716,0.036229126,-0.023056332,0.037882704,0.0118934885,0.99894536,1.4658475,4.309098,357.30045,26.39999999999418,1.1413158,1495.5668

-0.035551786,1.3902051,0.033558268,-0.022826225,0.037348043,0.011817567,0.9989717,1.4546446,4.2483506,357.3281,26.416666666656965,1.1413158,1495.5668

-0.035130654,1.3900509,0.032859232,-0.02268182,0.037326556,0.011822164,0.99897575,1.4544978,4.246085,357.3447,26.43333333331975,1.1413158,1495.5668

-0.034993812,1.3900111,0.032774717,-0.022770844,0.037425417,0.011917572,0.99896884,1.4661053,4.257034,357.33392,26.45000000001164,1.1413158,1495.5668

-0.034945976,1.39,0.032888927,-0.022864932,0.03747427,0.012075525,0.99896294,1.4847775,4.2620716,357.32233,26.466666666674428,1.1413158,1495.5668

-0.034950435,1.3900033,0.033051882,-0.022889428,0.037377387,0.0122501915,0.9989639,1.5046637,4.2504616,357.31894,26.483333333337214,1.1413158,1495.5668

-0.035001725,1.390019,0.033217512,-0.022807918,0.037129622,0.012451859,0.99897254,1.5267764,4.2216444,357.32788,26.5,1.1413158,1495.5668

-0.035122782,1.3897848,0.033926383,-0.022596592,0.036793225,0.012536722,0.99898875,1.5346929,4.1831827,357.3524,26.516666666662786,1.1413158,1495.5668

-0.035212923,1.3897108,0.03422479,-0.02225907,0.036489006,0.012584737,0.99900687,1.5379591,4.148704,357.39145,26.533333333325572,1.1413158,1495.5668

-0.035301942,1.3896828,0.034414247,-0.022049803,0.03641847,0.012602207,0.99901384,1.5389037,4.1408954,357.41556,26.54999999998836,1.1413158,1495.5668

-0.03539194,1.3896673,0.034578662,-0.021980735,0.036527343,0.012592742,0.9990115,1.5378239,4.1535063,357.42334,26.56666666668025,1.1413158,1495.5668

-0.03547377,1.3896563,0.03475057,-0.021892153,0.036776986,0.012583299,0.9990044,1.5370419,4.1822824,357.4331,26.583333333343035,1.1413158,1495.5668

-0.035541028,1.389646,0.03493564,-0.021635754,0.037050378,0.01259234,0.99899983,1.5377319,4.2139926,357.46207,26.60000000000582,1.1413158,1495.5668

-0.035592258,1.3896222,0.035113975,-0.021448761,0.037246928,0.01261219,0.9989963,1.5397397,4.2367606,357.4831,26.616666666668607,1.1413158,1495.5668

-0.034888268,1.3891602,0.033881873,-0.021408586,0.03769608,0.012583345,0.99898064,1.5374415,4.288382,357.48706,26.633333333331393,1.1413158,1495.5668

-0.03469609,1.3889515,0.03353451,-0.021428972,0.03772431,0.012636671,0.9989785,1.543726,4.291453,357.48444,26.64999999999418,1.1413158,1495.5668

-0.03466505,1.3888184,0.03345327,-0.021484965,0.037569053,0.012702622,0.9989823,1.551128,4.2734027,357.47797,26.666666666656965,1.1413158,1495.5668

-0.03468375,1.3887079,0.03346125,-0.021467378,0.037452366,0.012732265,0.99898666,1.5541475,4.259979,357.48007,26.68333333331975,1.1413158,1495.5668

-0.034725234,1.3886145,0.0335124,-0.021454137,0.037522867,0.012679338,0.99898493,1.5482008,4.268214,357.4817,26.70000000001164,1.1413158,1495.5668

-0.0332233,1.3891448,0.031072475,-0.021595934,0.03838606,0.0124263065,0.9989523,1.522051,4.3675876,357.46503,26.716666666674428,1.1413158,1495.5668

-0.03276974,1.3892984,0.030356266,-0.021573137,0.039013192,0.012166571,0.9989317,1.4937935,4.440172,357.4677,26.733333333337214,1.1413158,1495.5668

-0.032656148,1.3893566,0.030188203,-0.021396704,0.039549537,0.011874425,0.99891794,1.4608737,4.5026574,357.4884,26.75,1.1413158,1495.5668

-0.03265211,1.3893901,0.030196398,-0.021108976,0.039974924,0.011589918,0.9989105,1.4280083,4.552552,357.52203,26.766666666662786,1.1413158,1495.5668

-0.032681774,1.3894051,0.030263677,-0.020918092,0.040275197,0.011390557,0.99890465,1.4050152,4.5877395,357.5444,26.783333333325572,1.1413158,1495.5668

-0.032715887,1.3894097,0.030340154,-0.020758333,0.040356033,0.011266748,0.9989062,1.3902676,4.5975347,357.5632,26.79999999998836,1.1413158,1495.5668

-0.033149946,1.3893293,0.031717878,-0.02052216,0.04029847,0.011180494,0.99891436,1.3791265,4.5914707,357.59082,26.81666666668025,1.1413158,1495.5668

-0.033302605,1.3892783,0.032172866,-0.020290688,0.040142637,0.011207043,0.9989251,1.3807197,4.573861,357.6175,26.833333333343035,1.1413158,1495.5668

-0.033360742,1.3892251,0.0323327,-0.020095045,0.040116943,0.011269292,0.9989293,1.3869077,4.5710382,357.63974,26.85000000000582,1.1413158,1495.5668

-0.03339285,1.3891723,0.032373488,-0.020009229,0.040149584,0.011311044,0.99892926,1.3913902,4.5748014,357.64935,26.866666666668607,1.1413158,1495.5668

-0.033428837,1.3891263,0.032358967,-0.02005087,0.040233836,0.011314954,0.99892503,1.3922389,4.584394,357.6444,26.883333333331393,1.1413158,1495.5668

-0.033479974,1.3890862,0.03232518,-0.020037279,0.040334143,0.011317543,0.9989212,1.3927219,4.595907,357.6458,26.89999999999418,1.1413158,1495.5668

-0.033664092,1.3889186,0.032547187,-0.01991821,0.040389,0.011300164,0.9989216,1.3903121,4.6024036,357.6595,26.916666666656965,1.1413158,1495.5668

-0.03375705,1.3888383,0.032582827,-0.01972392,0.040488992,0.011256193,0.9989219,1.3846089,4.614239,357.68185,26.93333333331975,1.1413158,1495.5668

-0.033807203,1.3887808,0.03255733,-0.019637456,0.04060913,0.011204116,0.9989193,1.3785193,4.6282535,357.69183,26.95000000001164,1.1413158,1495.5668

-0.033832654,1.388726,0.032511912,-0.019526927,0.04070498,0.011156856,0.99891806,1.3728098,4.6395044,357.70462,26.966666666674428,1.1413158,1495.5668

-0.03384114,1.388675,0.03245476,-0.019291677,0.04072211,0.011102214,0.9989225,1.3654801,4.6419153,357.73187,26.983333333337214,1.1413158,1495.5668

-0.033842415,1.3886238,0.03237874,-0.019026352,0.040666018,0.011066842,0.9989303,1.3600497,4.6359262,357.7626,27.0,1.1413158,1495.5668

-0.03368758,1.3886317,0.032139868,-0.018932812,0.040679853,0.010951203,0.99893284,1.3463647,4.6378975,357.77386,27.016666666662786,1.1413158,1495.5668

-0.033626594,1.388607,0.032013815,-0.018844213,0.040727638,0.010822205,0.998934,1.3312474,4.643781,357.78458,27.033333333325572,1.1413158,1495.5668

-0.03359316,1.3885728,0.031934284,-0.018727312,0.0408138,0.010705047,0.99893385,1.3174461,4.6540737,357.79843,27.04999999998836,1.1413158,1495.5668

-0.03356704,1.3885385,0.031867027,-0.018507984,0.040883753,0.010626397,0.998936,1.3075486,4.6625557,357.82388,27.06666666668025,1.1413158,1495.5668

-0.03354357,1.3885076,0.031810094,-0.018177005,0.04093859,0.010596641,0.99894017,1.3027062,4.6693397,357.86197,27.083333333343035,1.1413158,1495.5668

-0.033521432,1.388479,0.03174607,-0.01792561,0.040927857,0.010570877,0.9989454,1.2985456,4.6684914,357.891,27.10000000000582,1.1413158,1495.5668

-0.03332691,1.3888083,0.031523068,-0.017784493,0.040791906,0.010554862,0.9989536,1.2957454,4.6531196,357.90747,27.116666666668607,1.1413158,1495.5668

-0.033266697,1.3889071,0.03138115,-0.017655872,0.040695623,0.01055944,0.9989598,1.2954597,4.642237,357.92236,27.133333333331393,1.1413158,1495.5668

-0.033251844,1.3889358,0.031257693,-0.017412998,0.04062735,0.010550756,0.99896693,1.2931837,4.6347423,357.9504,27.14999999999418,1.1413158,1495.5668

-0.033252776,1.3889413,0.031136964,-0.017160432,0.040598392,0.010545436,0.99897254,1.2913368,4.6317596,357.9795,27.166666666656965,1.141672,1494.981

-0.03325537,1.3889315,0.031001374,-0.017094987,0.040594865,0.010564185,0.9989736,1.2931787,4.6314015,357.98694,27.18333333331975,1.141672,1494.981

-0.033253193,1.3889133,0.030851986,-0.017109336,0.040553182,0.010625152,0.9989744,1.3001595,4.6264806,357.98505,27.20000000001164,1.141672,1494.981

-0.033266302,1.3890289,0.031093545,-0.017030101,0.04044936,0.0107239885,0.99897885,1.3109242,4.6144805,357.99387,27.216666666674428,1.141672,1494.981

-0.033271104,1.3890518,0.031045139,-0.016894415,0.040143136,0.010849514,0.99899215,1.3240694,4.579298,358.0093,27.233333333337214,1.141672,1494.981

-0.033267323,1.3890387,0.030890768,-0.016838184,0.03981639,0.010986519,0.9990047,1.338861,4.541637,358.01566,27.25,1.141672,1494.981

-0.033247355,1.3890132,0.03070237,-0.016757796,0.03954153,0.011114883,0.99901557,1.3526633,4.509977,358.0247,27.266666666662786,1.141672,1494.981

-0.03321536,1.3889794,0.030491568,-0.016655015,0.0392932,0.011221463,0.9990259,1.3639227,4.4814343,358.0364,27.283333333325572,1.141672,1494.981

-0.033176463,1.3889402,0.030258302,-0.01661488,0.03914851,0.011269191,0.99903166,1.3689238,4.4648066,358.04105,27.29999999998836,1.141672,1494.981

-0.033296153,1.3887908,0.0303847,-0.016521031,0.039057095,0.011351511,0.9990359,1.3777688,4.4542933,358.05157,27.31666666668025,1.141672,1494.981

-0.033355873,1.3886884,0.030238166,-0.016437763,0.039103586,0.011368831,0.99903524,1.3794814,4.459705,358.061,27.333333333343035,1.141672,1494.981

-0.03341766,1.3885944,0.029978791,-0.016448056,0.03920782,0.0113813635,0.9990309,1.381181,4.471617,358.05957,27.35000000000582,1.141672,1494.981

-0.033494443,1.3885032,0.029651891,-0.016589325,0.039264996,0.011388238,0.99902624,1.3827224,4.477964,358.04324,27.366666666668607,1.141672,1494.981

-0.033583775,1.388409,0.029280394,-0.016781883,0.039212197,0.011415973,0.99902475,1.3866618,4.471589,358.0211,27.383333333331393,1.141672,1494.981

-0.033684153,1.3883107,0.028886838,-0.016942162,0.039043628,0.011470744,0.999028,1.3933141,4.45193,358.00272,27.39999999999418,1.141672,1494.981

-0.033812884,1.3883991,0.029374674,-0.016963582,0.03885778,0.011493662,0.99903464,1.3956482,4.4305468,358.00043,27.416666666656965,1.141672,1494.981

-0.033917874,1.3883761,0.029334433,-0.017072994,0.038778532,0.011572369,0.99903494,1.4050044,4.4211497,357.9876,27.43333333331975,1.141672,1494.981

-0.03400715,1.3883182,0.029140273,-0.017272644,0.03877962,0.011648451,0.9990306,1.4146287,4.420839,357.9644,27.45000000001164,1.141672,1494.981

-0.034086753,1.3882598,0.028922988,-0.017473258,0.038937554,0.0117003005,0.99902034,1.4218161,4.4385543,357.94086,27.466666666674428,1.1413158,1495.5668

-0.03416851,1.3882141,0.028696377,-0.017537437,0.039145947,0.011712387,0.999011,1.4239451,4.4623303,357.93307,27.483333333337214,1.1413158,1495.5668

-0.034259565,1.3881835,0.028450873,-0.01749249,0.039326146,0.01170046,0.9990048,1.4227673,4.483079,357.93802,27.5,1.1413158,1495.5668

-0.034564123,1.3880004,0.02909432,-0.017491797,0.039407663,0.011648507,0.9990022,1.4169754,4.492533,357.9382,27.516666666662786,1.1413158,1495.5668

-0.034704268,1.3879412,0.029088873,-0.017587077,0.039446466,0.011653532,0.99899894,1.418067,4.4968367,357.92715,27.533333333325572,1.1413158,1495.5668

-0.034788843,1.387919,0.028854523,-0.017736712,0.039442383,0.011682481,0.99899614,1.4220572,4.4960957,357.90988,27.54999999998836,1.1413158,1495.5668

-0.034846038,1.3879099,0.028535347,-0.017803458,0.039396323,0.011700007,0.99899656,1.4242687,4.490683,357.9022,27.56666666668025,1.1413158,1495.5668

-0.034880087,1.387908,0.028210975,-0.01780887,0.039444175,0.011660569,0.99899507,1.4198701,4.4962444,357.90167,27.583333333343035,1.1413158,1495.5668

-0.0348873,1.3879085,0.027922258,-0.017950017,0.039682176,0.011565929,0.99898416,1.4101692,4.5235305,357.8855,27.60000000000582,1.1413158,1495.5668

-0.035180524,1.3877712,0.028860368,-0.018202359,0.04002293,0.011426199,0.99896765,1.396037,4.5625424,357.85663,27.616666666668607,1.1413158,1495.5668

-0.035241723,1.3877573,0.029065754,-0.018338285,0.040310062,0.01129352,0.9989551,1.3820748,4.5955596,357.84116,27.633333333331393,1.1413158,1495.5668

-0.035235494,1.3877861,0.029031646,-0.018395346,0.04039678,0.011227485,0.9989513,1.3749514,4.6055665,357.83475,27.64999999999418,1.1413158,1495.5668

-0.03522114,1.38783,0.028891508,-0.018319886,0.04019725,0.011241169,0.99896055,1.3757204,4.5827637,357.8437,27.666666666656965,1.1413158,1495.5668

-0.03521949,1.387886,0.028693229,-0.018127877,0.039811436,0.011310734,0.99897873,1.3819585,4.538645,357.86603,27.68333333331975,1.1413158,1495.5668

-0.03523149,1.387955,0.028447919,-0.018050727,0.039353713,0.011410569,0.9989971,1.3920465,4.4860606,357.87515,27.70000000001164,1.1413158,1495.5668

-0.035260186,1.3878284,0.029467374,-0.017903278,0.038978465,0.011381719,0.99901485,1.3872353,4.443305,357.8928,27.716666666674428,1.1413158,1495.5668

-0.03524743,1.3878667,0.02968711,-0.017807174,0.0387748,0.0113641,0.9990247,1.3843334,4.4201255,357.90424,27.733333333337214,1.1413158,1495.5668

-0.03521254,1.3879426,0.029684309,-0.017751835,0.03884593,0.011348248,0.9990231,1.3824246,4.42839,357.91055,27.75,1.1413158,1495.5668

-0.035157878,1.3880135,0.029635409,-0.01779965,0.03913851,0.011323536,0.9990111,1.3804457,4.46192,357.9047,27.766666666662786,1.1413158,1495.5668

-0.035093546,1.3880721,0.029587049,-0.017824097,0.039473247,0.011296574,0.99899775,1.3782,4.50032,357.90152,27.783333333325572,1.1413158,1495.5668

-0.03503231,1.3881241,0.029526997,-0.017878894,0.039680775,0.011267225,0.99898887,1.3755379,4.5241003,357.89502,27.79999999998836,1.1413158,1495.5668

-0.03522411,1.387568,0.031047568,-0.017819762,0.039616127,0.011220764,0.99899304,1.3697904,4.5168667,357.90213,27.81666666668025,1.1413158,1495.5668

-0.035241194,1.3874407,0.031492725,-0.017726097,0.039316464,0.011191564,0.99900687,1.3653525,4.4827,357.91348,27.833333333343035,1.1413158,1495.5668

-0.035211056,1.3874618,0.031583514,-0.017483277,0.038891505,0.011171149,0.999028,1.3609934,4.4343514,357.9421,27.85000000000582,1.1413158,1495.5668

-0.03516826,1.3875347,0.031575527,-0.017288988,0.038564738,0.011141308,0.9990444,1.3560008,4.397213,357.96506,27.866666666668607,1.1413158,1495.5668

-0.035115816,1.3876258,0.03155244,-0.017209364,0.038444724,0.011062308,0.9990513,1.3463217,4.383722,357.97473,27.883333333331393,1.1413158,1495.5668

-0.035054114,1.3877175,0.031532582,-0.017217884,0.03844322,0.010965432,0.9990522,1.3352312,4.3837337,357.97418,27.89999999999418,1.1413158,1495.5668

-0.03526384,1.3873646,0.032301355,-0.01711129,0.038562264,0.010859816,0.9990506,1.3228875,4.3977375,357.98672,27.916666666656965,1.1413158,1495.5668

-0.0352851,1.3872881,0.03255474,-0.017040867,0.038693924,0.010774818,0.9990477,1.3130943,4.413097,357.99496,27.93333333331975,1.1413158,1495.5668

-0.035257325,1.3872979,0.032634653,-0.017065652,0.038781736,0.010678085,0.9990449,1.3022813,4.4233255,357.99243,27.95000000001164,1.1413158,1495.5668

-0.035232216,1.3873379,0.032654203,-0.017090565,0.038807023,0.010548752,0.9990449,1.287593,4.426453,357.9901,27.966666666674428,1.1413158,1495.5668

-0.03523165,1.3873916,0.032655198,-0.017081028,0.038844872,0.010425071,0.99904484,1.2734276,4.4310527,357.9917,27.983333333337214,1.1413158,1495.5668

-0.035260744,1.3874539,0.03264858,-0.016876834,0.038835455,0.010345754,0.9990495,1.2633921,4.430391,358.0155,28.0,1.1413158,1495.5668

-0.035310276,1.387515,0.032649253,-0.0166693,0.038858496,0.010320878,0.99905235,1.2596608,4.433344,358.03943,28.016666666662786,1.1413158,1495.5668

-0.035798416,1.3873411,0.03282147,-0.016691772,0.038879562,0.0103239715,0.99905115,1.2601596,4.435725,358.0368,28.033333333325572,1.1413158,1495.5668

-0.03598845,1.3873047,0.032885633,-0.016855482,0.039012186,0.010405626,0.9990424,1.270542,4.4505625,358.01746,28.04999999998836,1.1413158,1495.5668

-0.03606956,1.3873149,0.03293593,-0.01702541,0.03922372,0.0105533255,0.9990297,1.2887086,4.4743032,357.99698,28.06666666668025,1.1413158,1495.5668

-0.036108732,1.3873531,0.03299831,-0.017092874,0.039406937,0.01073199,0.9990194,1.3099184,4.4948626,357.98813,28.083333333343035,1.1413158,1495.5668

-0.03613638,1.3874125,0.03308102,-0.017037824,0.039530307,0.0108776875,0.9990139,1.3266644,4.508787,357.99362,28.10000000000582,1.1413158,1495.5668

-0.03641376,1.3871007,0.033430524,-0.016814578,0.039626896,0.011006821,0.9990125,1.3406881,4.5199018,358.01855,28.116666666668607,1.1413158,1495.5668

-0.036543086,1.3870292,0.03362165,-0.016675195,0.03967314,0.011062527,0.9990123,1.3465505,4.5252814,358.03424,28.133333333331393,1.1413158,1495.5668

-0.036627427,1.3870388,0.033754896,-0.016555568,0.039729945,0.011045628,0.99901223,1.3441842,4.531989,358.04797,28.14999999999418,1.1413158,1495.5668

-0.0366908,1.3870758,0.03387885,-0.016332218,0.039896935,0.010986062,0.9990099,1.3366684,4.5515504,358.07367,28.166666666656965,1.141672,1494.981

-0.036735836,1.3871113,0.033984207,-0.016260602,0.04010301,0.010911443,0.99900365,1.3281897,4.5754175,358.0819,28.18333333331975,1.141672,1494.981

-0.03676386,1.3871384,0.034085497,-0.016313884,0.040335607,0.010842461,0.9989942,1.3209853,4.6021485,358.07574,28.20000000001164,1.141672,1494.981

-0.036741436,1.387167,0.033960212,-0.016326122,0.040584367,0.010773571,0.99898463,1.3136364,4.630788,358.0743,28.216666666674428,1.141672,1494.981

-0.036748573,1.3871752,0.03398384,-0.016342822,0.04069338,0.010733676,0.99898034,1.309354,4.643343,358.0724,28.233333333337214,1.1413158,1495.5668

-0.036764383,1.3871733,0.034053683,-0.016259074,0.040652927,0.010744097,0.99898326,1.3100789,4.6387944,358.08203,28.25,1.141672,1494.981

-0.03677698,1.3871576,0.034139574,-0.016065655,0.040546965,0.010852351,0.9989895,1.3214004,4.6266923,358.1039,28.266666666662786,1.141672,1494.981

-0.03677471,1.3871278,0.034223933,-0.015949536,0.04041089,0.011001861,0.9989953,1.3377627,4.610962,358.11676,28.283333333325572,1.141672,1494.981

-0.036761753,1.3870878,0.034298465,-0.01593447,0.040306166,0.011155806,0.99899805,1.3551661,4.598684,358.11795,28.29999999998836,1.141672,1494.981

-0.036783263,1.3869431,0.033989515,-0.016026745,0.040332902,0.011230492,0.99899465,1.364224,4.6014833,358.10696,28.31666666668025,1.141672,1494.981

-0.036779813,1.3868688,0.033910193,-0.016147248,0.040430076,0.011324712,0.9989877,1.3757993,4.6122804,358.09253,28.333333333343035,1.141672,1494.981

-0.036769092,1.3868194,0.033903066,-0.016240435,0.040561814,0.01138597,0.9989801,1.383535,4.6271396,358.08133,28.35000000000582,1.141672,1494.981

-0.036747947,1.3867775,0.03392166,-0.016317267,0.040692165,0.011404501,0.99897337,1.3862869,4.641944,358.07224,28.366666666668607,1.1413158,1495.5668

-0.036713436,1.3867414,0.033942755,-0.0164079,0.04073739,0.0114045,0.9989701,1.3868017,4.6470037,358.06174,28.383333333331393,1.1413158,1495.5668

-0.036667444,1.3867115,0.033952963,-0.016476288,0.040688004,0.011406119,0.9989709,1.3872046,4.6412425,358.05396,28.39999999999418,1.1413158,1495.5668

-0.03679152,1.3865318,0.033630017,-0.01654174,0.04053109,0.0114846835,0.99897534,1.3962078,4.6230073,358.0463,28.416666666656965,1.1413158,1495.5668

-0.036791027,1.3864477,0.033504788,-0.016641844,0.04040638,0.011520882,0.9989783,1.4005696,4.6084967,358.03482,28.43333333331975,1.1413158,1495.5668

-0.036747754,1.3863891,0.033449955,-0.016674435,0.04036403,0.01151792,0.9989795,1.4002914,4.6036015,358.03116,28.45000000001164,1.1413158,1495.5668

-0.03668496,1.3863305,0.033413302,-0.01668668,0.040413275,0.011470654,0.99897784,1.3950219,4.6093235,358.0299,28.466666666674428,1.1413158,1495.5668

-0.036614675,1.386258,0.033356372,-0.016862597,0.040516146,0.011408593,0.9989714,1.388924,4.620996,358.00983,28.483333333337214,1.1413158,1495.5668

-0.036540717,1.3861732,0.033285074,-0.017152527,0.040708426,0.011324676,0.99895966,1.381041,4.6428094,357.97662,28.5,1.1413158,1495.5668

-0.03564229,1.3875843,0.033838287,-0.017615903,0.041036375,0.011325601,0.9989382,1.3840257,4.6797686,357.92288,28.516666666662786,1.1413158,1495.5668

-0.03532903,1.3879815,0.033936247,-0.017918365,0.041180875,0.01126345,0.99892753,1.3786291,4.6960487,357.88818,28.533333333325572,1.1413158,1495.5668

-0.035202757,1.3880591,0.03389783,-0.018108936,0.041328575,0.011178478,0.99891895,1.3700991,4.712902,357.86646,28.54999999998836,1.1413158,1495.5668

-0.03514418,1.388031,0.03381359,-0.01837071,0.041498356,0.011088933,0.9989081,1.3614386,4.732204,357.83655,28.56666666668025,1.1413158,1495.5668

-0.03511086,1.3879594,0.033729337,-0.018627023,0.041733403,0.01103175,0.9988942,1.3566307,4.7589307,357.807,28.583333333343035,1.1413158,1495.5668

-0.035083406,1.3878739,0.03364322,-0.018864326,0.041933186,0.01099472,0.9988818,1.3539778,4.781597,357.7796,28.60000000000582,1.1413158,1495.5668

-0.035063893,1.387874,0.033992782,-0.019135587,0.042251978,0.010973266,0.99886346,1.3535717,4.8178306,357.74805,28.616666666668607,1.1413158,1495.5668

-0.035026327,1.3878331,0.034060694,-0.019479068,0.042451758,0.010947478,0.9988486,1.3527519,4.840331,357.70837,28.633333333331393,1.1413158,1495.5668

-0.03497994,1.3877875,0.03403532,-0.019831479,0.042603508,0.010898194,0.9988358,1.3491741,4.857369,357.66788,28.64999999999418,1.1413158,1495.5668

-0.034927525,1.3877375,0.033981953,-0.020068863,0.042701162,0.010858267,0.9988273,1.3459866,4.8683395,357.64066,28.666666666656965,1.1413158,1495.5668

-0.034861263,1.3876777,0.03390592,-0.020392999,0.042695634,0.010865499,0.99882084,1.3483868,4.867251,357.6034,28.68333333331975,1.1413158,1495.5668

-0.034773845,1.3876133,0.033823073,-0.020785375,0.042608097,0.010916442,0.99881595,1.3559303,4.8565593,357.55817,28.70000000001164,1.1413158,1495.5668

-0.034713857,1.387399,0.03393101,-0.020951774,0.04254473,0.010922266,0.9988151,1.3572463,4.8490534,357.53912,28.716666666674428,1.1413158,1495.5668

-0.03460378,1.3873065,0.033975422,-0.021043533,0.042520393,0.010927626,0.9988142,1.3582451,4.846126,357.5286,28.733333333337214,1.1413158,1495.5668

-0.03447584,1.3872614,0.03400225,-0.02125261,0.042518616,0.010905209,0.9988101,1.3566817,4.845693,357.50467,28.75,1.1413158,1495.5668

-0.034343682,1.3872397,0.034024265,-0.021475833,0.042524572,0.010830662,0.9988059,1.349219,4.8462615,357.47937,28.766666666662786,1.1413158,1495.5668

-0.034222092,1.387239,0.034030396,-0.021677678,0.042461272,0.01071917,0.9988054,1.3372235,4.8390145,357.45685,28.783333333325572,1.1413158,1495.5668

-0.03411691,1.3872495,0.03403335,-0.021633498,0.042327132,0.010593983,0.9988134,1.322271,4.8240113,357.4627,28.79999999998836,1.1413158,1495.5668

-0.034163564,1.3872736,0.03417039,-0.021632522,0.04218397,0.0104507785,0.99882096,1.3054351,4.807962,357.46375,28.81666666668025,1.1413158,1495.5668

-0.034123912,1.3872883,0.034217335,-0.021794625,0.042187396,0.010391535,0.9988179,1.299421,4.808294,357.44537,28.833333333343035,1.1413158,1495.5668

-0.03404934,1.3872952,0.03426111,-0.022042386,0.04226787,0.010381007,0.9988092,1.2996242,4.817226,357.41684,28.85000000000582,1.1413158,1495.5668

-0.03396021,1.387296,0.034326132,-0.022199512,0.042327087,0.010376205,0.9988032,1.2999933,4.8238235,357.3987,28.866666666668607,1.1413158,1495.5668

-0.03386289,1.3872963,0.034411766,-0.022359548,0.042344783,0.01037718,0.9987989,1.3009284,4.825641,357.3803,28.883333333331393,1.1413158,1495.5668

-0.033756524,1.3873162,0.03452634,-0.022479983,0.042393122,0.010317378,0.9987948,1.2947748,4.8311844,357.36667,28.89999999999418,1.1413158,1495.5668

-0.033410817,1.3882,0.032634318,-0.022614032,0.042491272,0.010196274,0.99878883,1.2817845,4.8425846,357.3517,28.916666666656965,1.1413158,1495.5668

-0.033263028,1.3885363,0.032120407,-0.022701563,0.042513363,0.010083883,0.99878705,1.2693607,4.8453045,357.34216,28.93333333331975,1.1413158,1495.5668

-0.03318405,1.3887075,0.032038767,-0.022704389,0.04249173,0.009997569,0.9987888,1.2593989,4.84305,357.3423,28.95000000001164,1.1413158,1495.5668

-0.033130843,1.388829,0.032103013,-0.022778593,0.042498253,0.009953516,0.9987873,1.254717,4.8438215,357.33398,28.966666666674428,1.1413158,1495.5668

-0.03308578,1.388938,0.03223477,-0.022912474,0.042569797,0.009932298,0.9987814,1.2531307,4.851914,357.31857,28.983333333337214,1.1413158,1495.5668

-0.03304535,1.3890549,0.032419767,-0.022905512,0.04267451,0.009914127,0.9987772,1.2513026,4.863977,357.3193,29.0,1.1413158,1495.5668

-0.033411406,1.3894851,0.031993918,-0.022754008,0.04279373,0.0099252,0.9987755,1.2521667,4.8778067,357.3365,29.016666666662786,1.1413158,1495.5668

-0.033537548,1.3897212,0.0320203,-0.02265972,0.04282945,0.009910247,0.9987762,1.2500867,4.8820596,357.34732,29.033333333325572,1.1413158,1495.5668

-0.033595726,1.3899066,0.03221051,-0.022621188,0.042840183,0.00987868,0.9987769,1.2463012,4.883422,357.35193,29.04999999998836,1.1413158,1495.5668

-0.033646233,1.3900771,0.032460798,-0.022512883,0.042797744,0.009875566,0.99878126,1.2452958,4.8787,357.36444,29.06666666668025,1.1413158,1495.5668

-0.033709664,1.3902445,0.03273559,-0.022313388,0.042743728,0.009919667,0.99878764,1.2492378,4.8726397,357.3872,29.083333333343035,1.1413158,1495.5668

-0.033791095,1.3904052,0.033024948,-0.022016218,0.0427041,0.0100271925,0.99879485,1.2600306,4.8681903,357.4209,29.10000000000582,1.1413158,1495.5668

-0.03410839,1.39049,0.03323449,-0.021856379,0.042850934,0.010220692,0.9987901,1.2818727,4.8847313,357.4381,29.116666666668607,1.1413158,1495.5668

-0.034285996,1.3906014,0.033510733,-0.021774877,0.042992175,0.010384095,0.9987841,1.3006235,4.9006124,357.44647,29.133333333331393,1.1413158,1495.5668

-0.034411028,1.3907226,0.033824395,-0.021626502,0.043148857,0.0104833925,0.9987796,1.3117186,4.918519,357.4628,29.14999999999418,1.1413158,1495.5668

-0.034514412,1.3908422,0.03414326,-0.021491734,0.04334659,0.010575154,0.9987729,1.3221195,4.9411364,357.4775,29.166666666656965,1.1413158,1495.5668

-0.034615844,1.3909602,0.03445778,-0.021486256,0.043564405,0.010665543,0.9987626,1.3330542,4.9658914,357.47736,29.18333333331975,1.1413158,1495.5668

-0.03472313,1.3910781,0.034774773,-0.021512557,0.0436921,0.010759506,0.99875546,1.3443202,4.98026,357.47366,29.20000000001164,1.1413158,1495.5668

-0.034569204,1.3907729,0.03542545,-0.021495238,0.043653592,0.010855873,0.99875647,1.3552036,4.975624,357.47525,29.216666666674428,1.1413158,1495.5668

-0.03460241,1.3907349,0.03584687,-0.021347938,0.043676108,0.010987597,0.99875724,1.3696618,4.9780755,357.4915,29.233333333337214,1.1413158,1495.5668

-0.034688815,1.3907824,0.036218602,-0.02120025,0.04376961,0.011086127,0.99875516,1.3804903,4.9887533,357.5078,29.25,1.1413158,1495.5668

-0.034790415,1.3908625,0.036594093,-0.021140981,0.043934863,0.01110462,0.99874896,1.3827512,5.0077376,357.51425,29.266666666662786,1.1413158,1495.5668

-0.03488845,1.3909575,0.036977407,-0.02109988,0.044126183,0.011064471,0.99874187,1.3784316,5.0298314,357.5189,29.283333333325572,1.1413158,1495.5668

-0.0349724,1.3910642,0.037364885,-0.020992,0.04429715,0.010982159,0.99873745,1.3688737,5.0497885,357.53143,29.29999999998836,1.1413158,1495.5668

-0.035491318,1.391554,0.03526279,-0.020998186,0.04426411,0.010914144,0.99873954,1.3610039,5.0461597,357.53113,29.31666666668025,1.1413158,1495.5668

-0.03569013,1.3917663,0.034841143,-0.020983687,0.04430316,0.01084256,0.9987389,1.3528063,5.050833,357.53308,29.333333333343035,1.1413158,1495.5668

-0.035789065,1.3919009,0.034952123,-0.02092286,0.04432006,0.010794379,0.9987399,1.3470056,5.0529723,357.5403,29.35000000000582,1.1413158,1495.5668

-0.035853013,1.3920152,0.035237286,-0.020760402,0.044312876,0.01076843,0.99874395,1.3431815,5.052431,357.55908,29.366666666668607,1.1413158,1495.5668

-0.035897315,1.3921207,0.03559397,-0.02054665,0.044345066,0.010734622,0.9987473,1.3382947,5.0564914,357.5838,29.383333333331393,1.1413158,1495.5668

-0.035932887,1.3922235,0.03597733,-0.020464227,0.04440997,0.010686326,0.99874663,1.3324915,5.064161,357.5934,29.39999999999418,1.1413158,1495.5668

-0.035784498,1.3922306,0.036132786,-0.020409996,0.04453713,0.010698374,0.9987419,1.3339221,5.0787854,357.5994,29.416666666656965,1.1413158,1495.5668

-0.035753913,1.392283,0.03644857,-0.020234225,0.04461754,0.010654447,0.9987424,1.3281803,5.0883455,357.6197,29.43333333331975,1.1413158,1495.5668

-0.035764515,1.392337,0.036799993,-0.020117244,0.044602375,0.0106240455,0.99874574,1.3240516,5.086834,357.63333,29.45000000001164,1.1413158,1495.5668

-0.035801537,1.3923854,0.03715233,-0.020077676,0.044570427,0.010599524,0.99874824,1.320952,5.083281,357.63806,29.466666666674428,1.1413158,1495.5668

-0.035856828,1.3924197,0.037497092,-0.020017093,0.044513788,0.010612122,0.9987518,1.32195,5.076836,357.64502,29.483333333337214,1.1413158,1495.5668

-0.035916764,1.3924316,0.037824955,-0.020031247,0.04441269,0.010677487,0.9987554,1.3292818,5.0650706,357.64322,29.5,1.1413158,1495.5668

-0.03562861,1.3923911,0.03806337,-0.020166513,0.044352014,0.0108152535,0.99875385,1.3456483,5.0576057,357.62708,29.516666666662786,1.1413158,1495.5668

-0.035550296,1.3923576,0.038315173,-0.020262409,0.044273082,0.010890109,0.9987546,1.3545383,5.048247,357.61578,29.533333333325572,1.1413158,1495.5668

-0.035535127,1.3923289,0.03858295,-0.020353155,0.044241916,0.010925465,0.9987537,1.358982,5.044465,357.60526,29.54999999998836,1.1413158,1495.5668

-0.035540223,1.3923116,0.03885909,-0.020445742,0.04419076,0.01091172,0.99875426,1.3577414,5.0385065,357.59476,29.56666666668025,1.1413158,1495.5668

-0.035547093,1.3923099,0.039152637,-0.020484298,0.044199526,0.010846309,0.9987538,1.3504425,5.0396166,357.59064,29.583333333343035,1.1413158,1495.5668

-0.03555587,1.392329,0.039458632,-0.020484662,0.04424042,0.010725169,0.9987533,1.3366284,5.0445976,357.59116,29.60000000000582,1.1413158,1495.5668

-0.035403028,1.3918113,0.038684875,-0.020553906,0.044331595,0.010612932,0.998749,1.3243141,5.055231,357.5836,29.616666666668607,1.1413158,1495.5668

-0.035370223,1.3916513,0.03856651,-0.020451302,0.044342257,0.010501413,0.9987518,1.3110062,5.056858,357.59595,29.633333333331393,1.1413158,1495.5668

-0.035371274,1.3915901,0.03865961,-0.02047679,0.04431021,0.010486569,0.9987529,1.3093487,5.053186,357.59314,29.64999999999418,1.1413158,1495.5668

-0.035372976,1.3915501,0.03884661,-0.020476919,0.04429476,0.010533425,0.9987531,1.3146943,5.0513015,357.59293,29.666666666656965,1.1413158,1495.5668

-0.03536862,1.3915095,0.039077897,-0.020442514,0.04422648,0.010640929,0.9987557,1.3266999,5.0432587,357.5964,29.68333333331975,1.1413158,1495.5668

-0.03535965,1.3914666,0.039330706,-0.020372389,0.044108804,0.010748737,0.9987611,1.3384356,5.029599,357.60413,29.70000000001164,1.1413158,1495.5668

-0.03520003,1.3911678,0.03711258,-0.020470578,0.04396094,0.010803281,0.99876505,1.3448236,5.012381,357.59277,29.716666666674428,1.1413158,1495.5668

-0.03517717,1.3910507,0.03651344,-0.020402456,0.043792862,0.010846642,0.9987734,1.349038,4.993096,357.60068,29.733333333337214,1.1413158,1495.5668

-0.035219304,1.3910117,0.036437873,-0.020289617,0.043679543,0.01087587,0.99878037,1.3515456,4.9801846,357.61368,29.75,1.1413158,1495.5668

-0.03529106,1.3910182,0.03654807,-0.019981628,0.043636516,0.010888635,0.9987883,1.3513665,4.975637,357.64905,29.766666666662786,1.1413158,1495.5668

-0.035364304,1.3910538,0.03674367,-0.019495202,0.04368966,0.010878193,0.9987957,1.3478669,4.9824123,357.70493,29.783333333325572,1.1413158,1495.5668

-0.035428688,1.3910962,0.036969885,-0.01912593,0.043756705,0.010911345,0.9987995,1.3499894,4.990523,357.74713,29.79999999998836,1.1413158,1495.5668

-0.035209753,1.3910525,0.035741854,-0.018994132,0.043857675,0.011010634,0.9987965,1.360977,5.0020576,357.7616,29.81666666668025,1.1413158,1495.5668

-0.035143755,1.3910633,0.035490774,-0.01866146,0.043991238,0.011089799,0.99879605,1.368715,5.0176516,357.79926,29.833333333343035,1.1413158,1495.5668

-0.035115182,1.3910927,0.03555702,-0.018349612,0.044126276,0.0111447815,0.9987953,1.373773,5.033445,357.8346,29.85000000000582,1.1413158,1495.5668

-0.035104405,1.3911378,0.035704944,-0.018123062,0.044242676,0.011157478,0.99879414,1.374352,5.047077,357.86038,29.866666666668607,1.1413158,1495.5668

-0.035116628,1.391182,0.03584825,-0.017811356,0.044273708,0.011144529,0.99879843,1.3713547,5.0510917,357.89624,29.883333333331393,1.1413158,1495.5668

-0.03514898,1.3912195,0.0359273,-0.01754694,0.044136994,0.011123698,0.99880946,1.367319,5.03582,357.92694,29.89999999999418,1.1413158,1495.5668

-0.034840927,1.3911928,0.03469879,-0.017482892,0.043985933,0.01093577,0.9988193,1.3450688,5.018973,357.93546,29.916666666656965,1.1413158,1495.5668

-0.034742504,1.391177,0.034181856,-0.017441178,0.043790314,0.010810961,0.99883,1.3300893,4.996855,357.9412,29.93333333331975,1.141672,1494.981

-0.03470189,1.3911594,0.03389867,-0.017569901,0.04370689,0.010678202,0.9988328,1.3152964,4.9873915,357.9272,29.95000000001164,1.1413158,1495.5668

-0.034667432,1.3911303,0.03373404,-0.01774085,0.043774877,0.010526796,0.9988284,1.2989053,4.9952803,357.9082,29.966666666674428,1.1413158,1495.5668

-0.03462468,1.391083,0.033656273,-0.017849142,0.04399299,0.010363732,0.99881864,1.2811966,5.0204945,357.89627,29.983333333337214,1.1413158,1495.5668

-0.03457907,1.3910083,0.033635348,-0.01792788,0.044363737,0.0102337515,0.9988021,1.2674857,5.0631833,357.88733,30.0,1.1413158,1495.5668

-0.034352437,1.3907441,0.03292381,-0.018127227,0.044839036,0.010151887,0.99877816,1.2601646,5.1176114,357.86414,30.016666666662786,1.1413158,1495.5668

-0.034273297,1.3905655,0.03264348,-0.018318502,0.045333117,0.010081695,0.9987531,1.254208,5.174182,357.8418,30.033333333325572,1.1413158,1495.5668

-0.034262564,1.3904159,0.03243994,-0.0184346,0.045611188,0.010054899,0.9987386,1.2523699,5.205984,357.8282,30.04999999998836,1.1413158,1495.5668

-0.034292556,1.3902754,0.032199427,-0.01853603,0.04565235,0.010091701,0.9987345,1.2572247,5.2104964,357.81625,30.06666666668025,1.1413158,1495.5668

-0.03435065,1.390142,0.031898193,-0.01865109,0.045503873,0.01015201,0.99873847,1.2644129,5.193192,357.80295,30.083333333343035,1.1413158,1495.5668

-0.03442514,1.3900161,0.031577785,-0.018646203,0.045304064,0.0102336025,0.9987468,1.2733008,5.170105,357.80338,30.10000000000582,1.1413158,1495.5668

-0.034564864,1.3899958,0.03199154,-0.018688131,0.04513039,0.010324179,0.9987529,1.2835236,5.149935,357.79834,30.116666666668607,1.1413158,1495.5668

-0.034653142,1.3899188,0.031950135,-0.018839244,0.045076497,0.010384213,0.9987519,1.2910774,5.143427,357.78076,30.133333333331393,1.1413158,1495.5668

-0.034712642,1.3898399,0.031771667,-0.019011842,0.045153268,0.010345528,0.99874556,1.2877043,5.1520944,357.76096,30.14999999999418,1.1413158,1495.5668

-0.034761805,1.3897808,0.031537276,-0.019056039,0.045199398,0.010242163,0.9987437,1.2761632,5.1575594,357.75635,30.166666666656965,1.1413158,1495.5668

-0.034814633,1.3897485,0.03127078,-0.018950135,0.04517067,0.010115068,0.9987483,1.2609409,5.1546845,357.76926,30.18333333331975,1.1413158,1495.5668

-0.03487647,1.3897399,0.03098316,-0.018791271,0.045116626,0.0099659255,0.9987553,1.2428523,5.1490173,357.78833,30.20000000001164,1.1413158,1495.5668

-0.03492637,1.3899281,0.03162212,-0.018616313,0.045130473,0.009814982,0.9987594,1.2246332,5.1511536,357.8092,30.216666666674428,1.1413158,1495.5668

-0.034994565,1.3899928,0.031652357,-0.01842387,0.04516686,0.009686082,0.9987626,1.2089074,5.1558423,357.83194,30.233333333337214,1.1413158,1495.5668

-0.035073403,1.3899935,0.031496283,-0.018330794,0.04525825,0.009609262,0.99876094,1.1998055,5.1666017,357.84293,30.25,1.1413158,1495.5668

-0.03515546,1.3899505,0.0312985,-0.018314186,0.045409665,0.009581892,0.99875456,1.1969181,5.184045,357.84476,30.266666666662786,1.1413158,1495.5668

-0.03524198,1.3898846,0.031103546,-0.018209467,0.04557178,0.009573062,0.9987492,1.1957253,5.202781,357.85663,30.283333333325572,1.1413158,1495.5668

-0.035338007,1.3898159,0.030903045,-0.018156078,0.045761738,0.009556982,0.9987417,1.194027,5.2246647,357.86258,30.29999999998836,1.1413158,1495.5668

-0.035335377,1.3900157,0.03178338,-0.018172259,0.045972124,0.009599171,0.99873126,1.1994367,5.248682,357.8602,30.31666666668025,1.1413158,1495.5668

-0.035420015,1.3900836,0.031931702,-0.017995074,0.046111804,0.009567103,0.9987284,1.1951301,5.2649827,357.88055,30.333333333343035,1.1413158,1495.5668

-0.035549577,1.3901134,0.031814545,-0.0178319,0.04616518,0.00953277,0.99872917,1.1904399,5.271371,357.8994,30.35000000000582,1.1413158,1495.5668

-0.035702407,1.3901263,0.03161163,-0.017715055,0.046210013,0.009529228,0.99872917,1.1895136,5.2766595,357.9128,30.366666666668607,1.141672,1494.981

-0.03585872,1.3901265,0.03138842,-0.017512942,0.046226017,0.009588822,0.9987315,1.1953278,5.2786126,357.9357,30.383333333331393,1.141672,1494.981

-0.036001176,1.3901142,0.03114942,-0.01745255,0.046211552,0.009663729,0.9987325,1.2035863,5.276872,357.94226,30.39999999999418,1.141672,1494.981

-0.035732005,1.3900973,0.031789042,-0.017495377,0.046288982,0.009624032,0.9987285,1.1994195,5.2857823,357.93747,30.416666666656965,1.141672,1494.981

-0.035695046,1.3900836,0.031839196,-0.017488386,0.04636542,0.00961644,0.9987252,1.1986766,5.2945733,357.9382,30.43333333331975,1.141672,1494.981

-0.035739012,1.3900765,0.031701814,-0.017420461,0.046512,0.009597696,0.9987197,1.1964802,5.3115044,357.9459,30.45000000001164,1.141672,1494.981

-0.03580693,1.3900795,0.031508643,-0.017332543,0.046756435,0.009551262,0.9987103,1.1912031,5.339739,357.9559,30.466666666674428,1.141672,1494.981

-0.03587678,1.3900862,0.031298976,-0.017310869,0.047052093,0.009529634,0.998697,1.1892407,5.373718,357.95813,30.483333333337214,1.141672,1494.981

-0.035949335,1.3900957,0.031094119,-0.017266667,0.047341563,0.009533134,0.998684,1.1900301,5.4069633,357.96277,30.5,1.141672,1494.981

-0.035521965,1.3899157,0.031530607,-0.01709417,0.047528874,0.009496272,0.99867845,1.1852568,5.4287276,357.98254,30.516666666662786,1.141672,1494.981

-0.03543609,1.3898747,0.031534314,-0.016908916,0.047425896,0.009597562,0.99868554,1.1956733,5.4169335,358.00345,30.533333333325572,1.141672,1494.981

-0.03545606,1.3898735,0.03138527,-0.01675586,0.047174077,0.009761114,0.9986985,1.2131135,5.387911,358.02048,30.54999999998836,1.141672,1494.981

-0.035498247,1.3898897,0.031192113,-0.016525067,0.046916965,0.00990499,0.998713,1.2278701,5.3584204,358.04663,30.56666666668025,1.141672,1494.981

-0.03554853,1.3899165,0.030998223,-0.01637304,0.04684571,0.010015498,0.9987177,1.2396091,5.35022,358.0636,30.583333333343035,1.141672,1494.981

-0.03560877,1.3899481,0.030806918,-0.016298845,0.046964247,0.010093141,0.9987126,1.2483801,5.363758,358.07156,30.60000000000582,1.141672,1494.981

-0.03506413,1.3896933,0.03151951,-0.016105238,0.04721612,0.0100767845,0.998704,1.2459694,5.3929195,358.09354,30.616666666668607,1.141672,1494.981

-0.034911606,1.3896354,0.031629045,-0.016076494,0.04749654,0.010050116,0.9986915,1.2433176,5.4251695,358.09662,30.633333333331393,1.141672,1494.981

-0.034881786,1.389639,0.031511758,-0.016128995,0.04767131,0.010020525,0.99868256,1.2405579,5.4452057,358.09045,30.64999999999418,1.141672,1494.981

-0.03489746,1.389661,0.031305183,-0.016041057,0.047692712,0.010004573,0.99868315,1.2382863,5.4478,358.10065,30.666666666656965,1.141672,1494.981

-0.03494075,1.3896909,0.031047747,-0.015836917,0.047615934,0.009981171,0.9986903,1.2343253,5.439291,358.12433,30.68333333331975,1.141672,1494.981

-0.035005175,1.3897167,0.030756023,-0.015745552,0.047533102,0.009969243,0.9986958,1.2322897,5.4299254,358.13504,30.70000000001164,1.141672,1494.981

-0.034748733,1.3895607,0.030779686,-0.015653996,0.047478657,0.010043364,0.99869907,1.2402045,5.423656,358.14523,30.716666666674428,1.141672,1494.981

-0.034721166,1.389522,0.030637398,-0.015734302,0.04756958,0.010067709,0.9986933,1.2436217,5.43394,358.13574,30.733333333337214,1.141672,1494.981

-0.034767512,1.389519,0.030453207,-0.015680138,0.04771151,0.010081854,0.9986872,1.2452344,5.450259,358.1417,30.75,1.141672,1494.981

-0.03483486,1.3895278,0.030254107,-0.015593227,0.047884494,0.010090806,0.9986802,1.2461303,5.4701924,358.1514,30.766666666662786,1.141672,1494.981

-0.034901977,1.389537,0.030037768,-0.015537854,0.048092112,0.010075853,0.99867123,1.2445165,5.494103,358.15753,30.783333333325572,1.141672,1494.981

-0.034969315,1.3895507,0.029800694,-0.015498228,0.048236463,0.010054629,0.9986651,1.2421416,5.510749,358.16202,30.79999999998836,1.141672,1494.981

-0.03467308,1.3891978,0.029849797,-0.015353579,0.048371665,0.010026616,0.99866104,1.2383842,5.5264874,358.1786,30.81666666668025,1.141672,1494.981

-0.034633365,1.3891069,0.02971889,-0.01535168,0.048499368,0.009990869,0.99865526,1.2345124,5.541203,358.17883,30.833333333343035,1.141672,1494.981

-0.034684613,1.3891082,0.029527001,-0.015247559,0.048640877,0.009956969,0.9986503,1.2303094,5.557625,358.1908,30.85000000000582,1.141672,1494.981

-0.03477189,1.38914,0.029310819,-0.015175242,0.04880199,0.009925858,0.9986439,1.2266395,5.5762506,358.19907,30.866666666668607,1.1413158,1495.5668

-0.03486799,1.3891737,0.029079573,-0.015184923,0.048982512,0.009913723,0.998635,1.2256472,5.596967,358.19778,30.883333333331393,1.1413158,1495.5668

-0.0349496,1.389205,0.028842129,-0.015225405,0.049248274,0.009882614,0.99862164,1.2228124,5.627459,358.1929,30.89999999999418,1.141672,1494.981

-0.034684006,1.3891689,0.029405879,-0.015153545,0.04955547,0.0097777685,0.9986086,1.2109419,5.662974,358.20132,30.916666666656965,1.141672,1494.981

-0.03460709,1.3891561,0.029470138,-0.015284692,0.04994467,0.009692881,0.99858797,1.2026824,5.7076144,358.1862,30.93333333331975,1.141672,1494.981

-0.034590557,1.3891468,0.029363409,-0.015490064,0.050249506,0.009644526,0.99857,1.1988988,5.7424245,358.1624,30.95000000001164,1.141672,1494.981

-0.034594756,1.3891343,0.029192913,-0.015668489,0.050366245,0.009630352,0.9985615,1.1985301,5.7556286,358.1418,30.966666666674428,1.141672,1494.981

-0.03460379,1.3891193,0.028983377,-0.015837215,0.050325695,0.009639354,0.9985608,1.2004596,5.7507567,358.12244,30.983333333337214,1.141672,1494.981

-0.034610808,1.3891091,0.028744046,-0.016059237,0.050163426,0.009665467,0.99856514,1.2044151,5.7318263,358.09695,31.0,1.141672,1494.981

-0.034502547,1.3889278,0.02884059,-0.016005807,0.050068267,0.009649756,0.99857086,1.2021074,5.721004,358.10333,31.016666666662786,1.141672,1494.981

-0.03443675,1.3888862,0.028786952,-0.01594692,0.049935225,0.009604768,0.9985789,1.196326,5.705899,358.11053,31.033333333325572,1.141672,1494.981

-0.034363866,1.3889059,0.028693952,-0.015864644,0.049828645,0.009522263,0.99858636,1.1861513,5.693927,358.1206,31.04999999998836,1.141672,1494.981

-0.03426657,1.3889595,0.028601702,-0.015830541,0.04982812,0.009390993,0.9985882,1.1708583,5.6941533,358.1253,31.06666666668025,1.141672,1494.981

-0.034149673,1.3890313,0.028511297,-0.01594046,0.04992202,0.009262718,0.99858296,1.1569234,5.705038,358.11328,31.083333333343035,1.141672,1494.981

-0.034028508,1.389118,0.02842544,-0.01600303,0.050042693,0.009172682,0.99857676,1.1471709,5.7189794,358.1064,31.10000000000582,1.141672,1494.981

-0.03391796,1.3891817,0.028880592,-0.015787411,0.05018763,0.009102036,0.99857354,1.1380963,5.7359853,358.13144,31.116666666668607,1.141672,1494.981

-0.033819586,1.3892974,0.029025413,-0.015608941,0.050118912,0.009087639,0.99858,1.1352764,5.7283325,358.15216,31.133333333331393,1.141672,1494.981

-0.03374494,1.389421,0.029063437,-0.015460414,0.04981128,0.00910589,0.99859744,1.1359192,5.6931777,358.16953,31.14999999999418,1.141672,1494.981

-0.033692453,1.3895303,0.029071754,-0.015326045,0.04935927,0.009183208,0.9986213,1.143166,5.6413403,358.18515,31.166666666656965,1.141672,1494.981

-0.033647336,1.3896306,0.02909799,-0.015029523,0.048874285,0.0092795845,0.99864876,1.1516451,5.585875,358.21936,31.18333333331975,1.141672,1494.981

-0.033601843,1.3897148,0.029140893,-0.014732768,0.048370216,0.009394459,0.99867666,1.1622472,5.5281963,358.2535,31.20000000001164,1.141672,1494.981

-0.033675283,1.389654,0.029218536,-0.014422275,0.04796721,0.009505434,0.9986996,1.1725447,5.4821415,358.28912,31.216666666674428,1.141672,1494.981

-0.03369467,1.3896677,0.029328302,-0.014198649,0.047734655,0.009534018,0.9987137,1.1741799,5.455681,358.315,31.233333333337214,1.1413158,1495.5668

-0.033700034,1.389704,0.029433459,-0.014166055,0.047659483,0.009516604,0.99871784,1.1718634,5.4471254,358.31894,31.25,1.1413158,1495.5668

-0.03370776,1.3897413,0.029508326,-0.01425655,0.047598094,0.009444398,0.99872017,1.1639454,5.4401007,358.30902,31.266666666662786,1.1413158,1495.5668

-0.033727184,1.3897789,0.029559612,-0.014307436,0.047517687,0.00932535,0.9987244,1.1503901,5.4310203,358.30396,31.283333333325572,1.1413158,1495.5668

-0.033772945,1.3898085,0.029580232,-0.014253046,0.047340345,0.009239845,0.9987344,1.1399425,5.4108863,358.31088,31.29999999998836,1.1413158,1495.5668

-0.034031406,1.3893304,0.029300366,-0.0140223,0.047247585,0.009251788,0.9987419,1.1398968,5.4004903,358.33746,31.31666666668025,1.1413158,1495.5668

-0.034204528,1.3891457,0.029268581,-0.013938692,0.04716174,0.009264751,0.99874705,1.140782,5.390718,358.34714,31.333333333343035,1.1413158,1495.5668

-0.03435999,1.3890435,0.029341828,-0.013930574,0.047154646,0.009301151,0.99874717,1.1449102,5.3898535,358.34787,31.35000000000582,1.1413158,1495.5668

-0.034513816,1.3889694,0.029480245,-0.013840649,0.04726465,0.009341622,0.9987428,1.1492698,5.4025073,358.35785,31.366666666668607,1.1413158,1495.5668

-0.034667164,1.3889004,0.029648557,-0.013737376,0.04747093,0.009383191,0.9987341,1.1538497,5.426219,358.3692,31.383333333331393,1.1413158,1495.5668

-0.034826204,1.3888278,0.029812586,-0.013786461,0.047657385,0.009460594,0.9987238,1.1633439,5.4474216,358.3629,31.39999999999418,1.1413158,1495.5668

-0.035017926,1.3886616,0.029374903,-0.013771126,0.047761023,0.009478983,0.9987189,1.1655562,5.459297,358.36444,31.416666666656965,1.1413158,1495.5668

-0.035191312,1.3885617,0.029313937,-0.013835192,0.047799073,0.009563804,0.99871534,1.1757272,5.463447,358.35657,31.43333333331975,1.1413158,1495.5668

-0.035364196,1.3884909,0.029378913,-0.013856307,0.047876187,0.0096462285,0.9987106,1.1854563,5.472132,358.35355,31.45000000001164,1.1413158,1495.5668

-0.035543274,1.3884372,0.029508669,-0.01385703,0.048088294,0.009720372,0.99869967,1.194361,5.496338,358.35278,31.466666666674428,1.1413158,1495.5668

-0.03572875,1.3883959,0.029679079,-0.01401819,0.048468683,0.009774656,0.9986785,1.2021738,5.539687,358.33344,31.483333333337214,1.141672,1494.981

-0.03591232,1.3883612,0.029891342,-0.0140996175,0.048968025,0.009781403,0.99865294,1.2043033,5.5968566,358.32333,31.5,1.141672,1494.981

-0.03600101,1.3883579,0.029714338,-0.014040373,0.049511723,0.009783049,0.99862695,1.2051378,5.6592927,358.3294,31.516666666662786,1.141672,1494.981

-0.036140822,1.38833,0.029793292,-0.014036176,0.049767297,0.0098541435,0.9986136,1.2137507,5.6884966,358.32913,31.533333333325572,1.141672,1494.981

-0.036294114,1.388297,0.029917095,-0.014048771,0.049694434,0.0099812085,0.99861574,1.228305,5.6799097,358.32706,31.54999999998836,1.141672,1494.981

-0.03644784,1.3882673,0.03001712,-0.014071501,0.049370605,0.010117643,0.99863017,1.2435395,5.642507,358.32413,31.56666666668025,1.141672,1494.981

-0.036604136,1.3882502,0.030095417,-0.014081379,0.049063705,0.010222348,0.99864405,1.2550812,5.6071143,358.3228,31.583333333343035,1.141672,1494.981

-0.036765847,1.3882495,0.030165674,-0.014159587,0.048891343,0.010243483,0.9986512,1.2576382,5.5872083,358.31396,31.60000000000582,1.141672,1494.981

-0.03659475,1.3882937,0.030082345,-0.014247224,0.048919104,0.01012626,0.9986498,1.2447008,5.5904818,358.3045,31.616666666668607,1.141672,1494.981

-0.036602706,1.3883094,0.030115142,-0.01425039,0.04913539,0.010022913,0.9986402,1.2332292,5.615463,358.3044,31.633333333331393,1.141672,1494.981

-0.03664905,1.3882991,0.030204937,-0.014263898,0.04938752,0.009952274,0.99862826,1.225643,5.6444874,358.30292,31.64999999999418,1.141672,1494.981

-0.036689233,1.3882596,0.030327443,-0.014349162,0.04954962,0.009922283,0.99861926,1.2229755,5.6630297,358.29303,31.666666666656965,1.141672,1494.981

-0.036719143,1.3881937,0.030446708,-0.014553467,0.049486693,0.009937391,0.9986193,1.2257576,5.6555347,358.26953,31.68333333331975,1.141672,1494.981

-0.036749177,1.3881068,0.030537285,-0.014795747,0.04919129,0.01000154,0.9986297,1.2339525,5.621238,358.24173,31.70000000001164,1.141672,1494.981

-0.03635612,1.3880898,0.030440547,-0.014920736,0.048796352,0.010121215,0.998646,1.247668,5.5755696,358.22726,31.716666666674428,1.141672,1494.981

-0.03626312,1.3880053,0.030410733,-0.014949065,0.048358463,0.010249373,0.9986656,1.2617275,5.525079,358.22388,31.733333333337214,1.141672,1494.981

-0.036296297,1.3879021,0.03038825,-0.015133192,0.048032463,0.010320608,0.9986778,1.2703106,5.4873247,358.2028,31.75,1.141672,1494.981

-0.036383733,1.387811,0.030382246,-0.015284451,0.047933273,0.010273668,0.9986808,1.265554,5.47584,358.18582,31.766666666662786,1.141672,1494.981

-0.036497533,1.3877332,0.030401777,-0.015389675,0.048040416,0.010178159,0.998675,1.2553608,5.4881716,358.17407,31.783333333325572,1.141672,1494.981

-0.03661145,1.3876617,0.030461773,-0.0154109625,0.048296206,0.010091579,0.9986632,1.2460243,5.5176425,358.17175,31.79999999998836,1.141672,1494.981

-0.036508158,1.3876559,0.03041419,-0.015539044,0.048444517,0.010067925,0.99865425,1.2443072,5.534538,358.15692,31.81666666668025,1.141672,1494.981

-0.036531165,1.3876115,0.03042715,-0.015675014,0.048329707,0.010145211,0.9986569,1.2537208,5.5210557,358.14102,31.833333333343035,1.141672,1494.981

-0.036588136,1.3875567,0.03044976,-0.015626937,0.04796524,0.010326409,0.9986734,1.2735645,5.478975,358.14612,31.85000000000582,1.141672,1494.981

-0.03664087,1.3874971,0.030472307,-0.015464397,0.04753121,0.010569899,0.9986941,1.2998105,5.4289517,358.1641,31.866666666668607,1.141672,1494.981

-0.03668523,1.3874332,0.030492518,-0.015522159,0.04717531,0.010839167,0.9987072,1.3303787,5.3875594,358.15652,31.883333333331393,1.141672,1494.981

-0.03672801,1.3873761,0.03051959,-0.015684545,0.047019295,0.011061284,0.9987096,1.3564801,5.3690352,358.1369,31.89999999999418,1.141672,1494.981

-0.036728635,1.3873831,0.031103894,-0.01591604,0.04718154,0.011157287,0.9986972,1.369094,5.3871474,358.1095,31.916666666656965,1.141672,1494.981

-0.03677751,1.3873626,0.031321768,-0.016139217,0.047476303,0.011252243,0.99867857,1.3818244,5.420466,358.08286,31.93333333331975,1.1413158,1495.5668

-0.03685464,1.3873364,0.03141842,-0.016405305,0.047851477,0.011281733,0.99865603,1.3874475,5.4630713,358.0515,31.95000000001164,1.1413158,1495.5668

-0.036946837,1.3873062,0.03147329,-0.016655955,0.048142344,0.011228059,0.9986385,1.3832682,5.4961905,358.02255,31.966666666674428,1.1413158,1495.5668

-0.037054643,1.3872715,0.031515125,-0.016819373,0.048219986,0.011163224,0.9986327,1.3768817,5.5049987,358.00397,31.983333333337214,1.1413158,1495.5668

-0.037174255,1.3872347,0.031557478,-0.01691099,0.048153926,0.011127381,0.99863476,1.373125,5.4973674,357.99374,32.0,1.1413158,1495.5668

-0.037034396,1.3871658,0.03195353,-0.01711934,0.04821921,0.011018551,0.9986293,1.361904,5.504791,357.97028,32.016666666662786,1.1413158,1495.5668

-0.037065536,1.387119,0.03214811,-0.01729304,0.04831242,0.011000385,0.998622,1.3609798,5.5152807,357.95026,32.03333333332557,1.1413158,1495.5668

-0.03715063,1.3870897,0.032322608,-0.01732822,0.04852933,0.011015821,0.9986107,1.3634262,5.5400805,357.9458,32.04999999998836,1.1413158,1495.5668

-0.037250623,1.3870786,0.03250677,-0.01733399,0.048789937,0.011033273,0.99859774,1.3660383,5.5699286,357.9446,32.06666666668025,1.1413158,1495.5668

-0.03735009,1.3870867,0.03269991,-0.0173911,0.04902198,0.011056317,0.9985851,1.3695202,5.596418,357.93753,32.083333333343035,1.1413158,1495.5668

-0.037447736,1.3871083,0.032891884,-0.017380947,0.049121223,0.011097936,0.9985799,1.3744681,5.6077294,357.93832,32.10000000000582,1.1413158,1495.5668

-0.03708047,1.3872714,0.032684114,-0.01729389,0.049083997,0.0111422585,0.9985828,1.3789927,5.6034875,357.94815,32.11666666666861,1.1413158,1495.5668

-0.037024513,1.3873382,0.03269338,-0.017153976,0.048921894,0.011243536,0.998592,1.3894974,5.584881,357.96393,32.13333333333139,1.1413158,1495.5668

-0.03707315,1.3873603,0.032764345,-0.01713167,0.048813775,0.0114106005,0.9985958,1.4083468,5.5721707,357.96573,32.14999999999418,1.1413158,1495.5668

-0.03715025,1.3873682,0.032863494,-0.017244251,0.048893604,0.011551862,0.9985883,1.425396,5.5808787,357.95187,32.166666666656965,1.1413158,1495.5668

-0.0372229,1.3873671,0.0329948,-0.017378243,0.049173854,0.011663964,0.9985709,1.4396592,5.6126,357.93536,32.18333333331975,1.1413158,1495.5668

-0.037284464,1.387365,0.033149075,-0.017475724,0.049592286,0.0117146745,0.9985479,1.446974,5.6603484,357.9232,32.20000000001164,1.1413158,1495.5668

-0.037276525,1.3872528,0.033414416,-0.01761273,0.050107602,0.011757046,0.9985193,1.4537858,5.71917,357.9063,32.21666666667443,1.1413158,1495.5668

-0.037304476,1.3872159,0.03359744,-0.017752856,0.05047924,0.011819092,0.99849737,1.4625707,5.761464,357.88922,32.233333333337214,1.1413158,1495.5668

-0.037346866,1.3872067,0.033738796,-0.01774721,0.050577547,0.0118989935,0.9984915,1.4719515,5.772579,357.88925,32.25,1.1413158,1495.5668

-0.03739185,1.3872068,0.033849508,-0.017596956,0.05042809,0.0120102735,0.9985004,1.4835418,5.7554235,357.90613,32.266666666662786,1.1413158,1495.5668

-0.03743215,1.3872075,0.033932716,-0.017501941,0.050125375,0.012134114,0.99851584,1.496556,5.7205834,357.91687,32.28333333332557,1.1413158,1495.5668

-0.037458077,1.3872087,0.034009665,-0.017434517,0.049856696,0.012233786,0.99852926,1.5070302,5.6896596,357.9245,32.29999999998836,1.1413158,1495.5668

-0.03717576,1.387124,0.033907358,-0.017375689,0.04970776,0.012238603,0.99853766,1.5069157,5.672655,357.93152,32.31666666668025,1.1413158,1495.5668

-0.03704917,1.3870853,0.033908844,-0.017343013,0.049703553,0.01227259,0.998538,1.5106289,5.672151,357.9351,32.333333333343035,1.1413158,1495.5668

-0.036958627,1.3870466,0.03392991,-0.017548788,0.049833465,0.01234023,0.9985271,1.5198725,5.6865997,357.9108,32.35000000000582,1.1413158,1495.5668

-0.036885753,1.3869939,0.033941645,-0.017897172,0.049968436,0.012476444,0.9985125,1.5378379,5.70126,357.86972,32.36666666666861,1.1413158,1495.5668

-0.0368284,1.3869414,0.033949554,-0.018114947,0.049964726,0.012632113,0.9985068,1.5569795,5.700163,357.84378,32.38333333333139,1.1413158,1495.5668

-0.036784887,1.3868946,0.03395529,-0.018200016,0.049812842,0.012804113,0.99851066,1.5768926,5.6822357,357.83328,32.39999999999418,1.1413158,1495.5668

-0.03635007,1.3869048,0.033383463,-0.018166663,0.049649734,0.012888737,0.9985183,1.5860535,5.663397,357.8369,32.416666666656965,1.1413158,1495.5668

-0.03618072,1.3868805,0.033199664,-0.017892214,0.049501993,0.012985479,0.9985293,1.5952778,5.64668,357.8682,32.43333333331975,1.1413158,1495.5668

-0.036097165,1.3868456,0.033152424,-0.017739048,0.049432468,0.013066735,0.99853444,1.6035947,5.6387787,357.8855,32.45000000001164,1.1413158,1495.5668

-0.03603445,1.3868015,0.033165634,-0.017804727,0.049461856,0.013196755,0.99853015,1.6189862,5.6417675,357.87714,32.46666666667443,1.1413158,1495.5668

-0.03596341,1.3867532,0.033226155,-0.017816465,0.0495096,0.013367262,0.99852526,1.6387709,5.646862,357.87473,32.483333333337214,1.1413158,1495.5668

-0.035869587,1.3866973,0.033322476,-0.017846229,0.04954428,0.013591304,0.99852,1.6647848,5.6503134,357.86996,32.5,1.1413158,1495.5668

-0.035941966,1.3865716,0.03359309,-0.018046742,0.04954008,0.0138062965,0.99851364,1.6906374,5.6490335,357.8457,32.516666666662786,1.1413158,1495.5668

-0.03587305,1.3865061,0.033736594,-0.01822653,0.049377143,0.014017138,0.99851555,1.7155199,5.6295815,357.82416,32.53333333332557,1.1413158,1495.5668

-0.03575896,1.3864665,0.0338223,-0.01828164,0.049067315,0.014167084,0.99852765,1.732342,5.593624,357.81757,32.54999999998836,1.1413158,1495.5668

-0.035638176,1.3864477,0.03387118,-0.018220033,0.048726026,0.014225104,0.9985447,1.7378628,5.5544615,357.825,32.56666666668025,1.1413158,1495.5668

-0.03552593,1.3864373,0.033893317,-0.018183075,0.04848179,0.014238446,0.99855703,1.7386163,5.526485,357.82965,32.583333333343035,1.1413158,1495.5668

-0.035424247,1.3864365,0.033909176,-0.018228889,0.0484218,0.014244011,0.99855906,1.739369,5.519513,357.8245,32.60000000000582,1.1413158,1495.5668

-0.035330757,1.386445,0.033928696,-0.018281776,0.04852026,0.014245187,0.9985533,1.74003,5.5307107,357.8182,32.61666666666861,1.1413158,1495.5668

-0.035611354,1.3863966,0.03413037,-0.018400336,0.048635542,0.014224353,0.99854577,1.7385671,5.5437717,357.80447,32.63333333333139,1.1413158,1495.5668

-0.03565529,1.3863971,0.034211263,-0.018543623,0.048699465,0.014208408,0.9985403,1.737684,5.5508895,357.78793,32.64999999999418,1.1413158,1495.5668

-0.03561531,1.3864043,0.03425051,-0.018823981,0.048680615,0.01422186,0.99853575,1.7407478,5.5482087,357.75568,32.666666666656965,1.1413158,1495.5668

-0.035541683,1.3864115,0.0342804,-0.019220274,0.048642535,0.014263684,0.99852943,1.7476705,5.543054,357.70993,32.68333333331975,1.1413158,1495.5668

-0.035460323,1.3864243,0.03431943,-0.019606855,0.048640784,0.014277188,0.9985218,1.7513703,5.542145,357.6654,32.70000000001164,1.1413158,1495.5668

-0.03539329,1.3864431,0.03436221,-0.019825103,0.048626725,0.0142613165,0.9985184,1.7507242,5.5401874,357.6404,32.71666666667443,1.1413158,1495.5668

-0.035647962,1.386273,0.034464862,-0.019884786,0.04866006,0.014211843,0.9985163,1.7454526,5.5440226,357.63376,32.733333333337214,1.1413158,1495.5668

-0.035722725,1.3862468,0.03453329,-0.019820407,0.04872584,0.014219116,0.99851424,1.7460979,5.551662,357.641,32.75,1.1413158,1495.5668

-0.03574059,1.3862673,0.034593426,-0.019889168,0.04879107,0.014247548,0.9985093,1.7499168,5.558955,357.63278,32.766666666662786,1.1413158,1495.5668

-0.035734564,1.3862984,0.034659717,-0.020055756,0.048793178,0.014278089,0.9985055,1.7543638,5.558832,357.61346,32.78333333332557,1.1413158,1495.5668

-0.035713915,1.3863342,0.034745816,-0.019989083,0.04866025,0.014318358,0.9985127,1.7582811,5.543608,357.62115,32.79999999998836,1.1413158,1495.5668

-0.036016844,1.386305,0.034950174,-0.019924367,0.048498604,0.014368626,0.99852115,1.7632875,5.525065,357.62866,32.81666666668025,1.1413158,1495.5668

-0.03607903,1.3863184,0.035083193,-0.019892316,0.048416913,0.014416357,0.998525,1.7683892,5.5156393,357.63223,32.833333333343035,1.1413158,1495.5668

-0.03606302,1.386343,0.03520631,-0.01985439,0.048398912,0.014488021,0.9985257,1.7763733,5.5134726,357.63626,32.85000000000582,1.1413158,1495.5668

-0.036036655,1.38639,0.03534231,-0.019773997,0.048502795,0.0145275155,0.9985216,1.7807331,5.525436,357.64505,32.86666666666861,1.1413158,1495.5668

-0.036017127,1.3864524,0.035486404,-0.019661825,0.048648186,0.014552803,0.9985164,1.783386,5.542251,357.65753,32.88333333333139,1.1413158,1495.5668

-0.036008507,1.3865349,0.035628594,-0.019574774,0.048818287,0.014537018,0.99851,1.7815151,5.5619516,357.6673,32.89999999999418,1.1413158,1495.5668

-0.0364787,1.3864322,0.035617616,-0.019637667,0.049015097,0.0145789385,0.99849856,1.7871844,5.5843134,357.65942,32.916666666656965,1.1413158,1495.5668

-0.03665599,1.3864672,0.03567863,-0.019591425,0.04905228,0.014653865,0.99849653,1.7956347,5.5884852,357.6642,32.93333333331975,1.1413158,1495.5668

-0.03673068,1.3865476,0.03574868,-0.019383974,0.048876416,0.01479084,0.9985072,1.8097812,5.5683713,357.68768,32.95000000001164,1.1413158,1495.5668

-0.036756217,1.38664,0.035821605,-0.019208452,0.048618536,0.014994175,0.9985202,1.83154,5.5386477,357.70724,32.96666666667443,1.1413158,1495.5668

-0.03674653,1.3867342,0.035917725,-0.019015329,0.048464682,0.015208169,0.99852806,1.854693,5.52087,357.7286,32.983333333337214,1.1413158,1495.5668

-0.036717996,1.3868272,0.036037423,-0.018818974,0.048491593,0.0153716495,0.998528,1.8724678,5.5239525,357.75024,33.0,1.1413158,1495.5668

-0.036641438,1.386698,0.036121834,-0.018906193,0.048731517,0.0155094825,0.9985125,1.8893896,5.550993,357.73892,33.016666666662786,1.1413158,1495.5668

-0.03660934,1.386706,0.036185216,-0.0190004,0.04894599,0.015552572,0.9984996,1.8953993,5.5753136,357.7274,33.03333333332557,1.1413158,1495.5668

-0.036599115,1.3867611,0.03623362,-0.019112337,0.04916435,0.015540429,0.99848694,1.8951724,5.6001725,357.7141,33.04999999998836,1.1413158,1495.5668

-0.036602188,1.3868296,0.036265984,-0.01916575,0.04931947,0.015547316,0.9984781,1.8966511,5.6178455,357.7076,33.06666666668025,1.1413158,1495.5668

-0.036607765,1.3869034,0.036290087,-0.019278841,0.049393196,0.015558552,0.9984721,1.8987662,5.6260605,357.6944,33.083333333343035,1.1413158,1495.5668

-0.03659916,1.3869765,0.036321085,-0.019324332,0.04937356,0.015590696,0.9984717,1.9026705,5.623647,357.689,33.10000000000582,1.1413158,1495.5668

-0.03651501,1.386733,0.03619209,-0.019158889,0.049244367,0.01565608,0.99848026,1.9089327,5.608996,357.70795,33.11666666666861,1.1413158,1495.5668

-0.036422625,1.3866678,0.03618022,-0.018969746,0.04909994,0.015715025,0.99849004,1.9142892,5.592659,357.72968,33.13333333333139,1.1413158,1495.5668

-0.036299713,1.3866378,0.036205016,-0.019066498,0.049026415,0.015741834,0.9984914,1.9177325,5.5839796,357.71857,33.14999999999418,1.1413158,1495.5668

-0.036147863,1.3866107,0.036244195,-0.019287616,0.04905977,0.015728759,0.9984857,1.9175526,5.587411,357.69315,33.166666666656965,1.1413158,1495.5668

-0.035973296,1.3865927,0.03628428,-0.019395517,0.04916645,0.015651142,0.99847966,1.9095013,5.599619,357.6809,33.18333333331975,1.1413158,1495.5668

-0.03578083,1.3865744,0.036305077,-0.019566456,0.049312975,0.015574313,0.9984702,1.9019998,5.6162753,357.66138,33.20000000001164,1.1413158,1495.5668

-0.035535917,1.3861549,0.036162104,-0.019867014,0.049285304,0.015493956,0.9984669,1.8943831,5.612721,357.62735,33.21666666667443,1.1413158,1495.5668

-0.035308942,1.3859854,0.03605664,-0.020168308,0.04917013,0.015391397,0.99846816,1.8839871,5.5991874,357.5935,33.233333333337214,1.1413158,1495.5668

-0.035087492,1.3858998,0.035933375,-0.020387677,0.04889794,0.0152880335,0.99847865,1.8726189,5.567809,357.56943,33.25,1.1413158,1495.5668

-0.0348591,1.3858502,0.035806622,-0.02050415,0.048622634,0.01518584,0.9984913,1.8607931,5.5362678,357.5572,33.266666666662786,1.1413158,1495.5668

-0.034617573,1.3858202,0.035679344,-0.020685628,0.048422355,0.01505861,0.9984992,1.846641,5.5132747,357.53745,33.28333333332557,1.1413158,1495.5668

-0.034365784,1.3858056,0.035582744,-0.020958688,0.048383303,0.014925737,0.99849737,1.8327703,5.5086226,357.50687,33.29999999998836,1.1413158,1495.5668

-0.034298558,1.3858788,0.035540495,-0.021255696,0.04837989,0.014827275,0.9984927,1.8230832,5.5079355,357.47327,33.31666666668025,1.1413158,1495.5668

-0.03414007,1.3859264,0.03550627,-0.02139156,0.048449337,0.014632665,0.9984893,1.801649,5.5161467,357.45856,33.333333333343035,1.1413158,1495.5668

-0.03395878,1.3859676,0.03548012,-0.021460546,0.048514303,0.014417499,0.99848783,1.7774701,5.5240216,357.4517,33.35000000000582,1.1413158,1495.5668

-0.033773024,1.386005,0.03545699,-0.021454725,0.048478607,0.0141926985,0.9984929,1.7514937,5.520511,357.45367,33.36666666666861,1.1413158,1495.5668

-0.03358497,1.3860348,0.035426892,-0.021499509,0.048331384,0.014042343,0.99850124,1.7340524,5.503933,357.44965,33.38333333333139,1.1413158,1495.5668

-0.033390228,1.386056,0.03538433,-0.021565832,0.048024066,0.013995947,0.9985153,1.7282432,5.4686937,357.4429,33.39999999999418,1.1413158,1495.5668

-0.03333184,1.386193,0.03581816,-0.021677691,0.047515847,0.014064647,0.9985362,1.735358,5.410043,357.43066,33.416666666656965,1.1413158,1495.5668

-0.0332038,1.3862467,0.035917457,-0.021864213,0.046989005,0.014117663,0.9985563,1.741007,5.349166,357.40997,33.43333333331975,1.1413158,1495.5668

-0.033056162,1.3862724,0.035918586,-0.022336442,0.046566747,0.014136747,0.9985654,1.7445452,5.299872,357.35645,33.45000000001164,1.1413158,1495.5668

-0.03290897,1.3862991,0.035920564,-0.022790527,0.04633706,0.014084158,0.9985665,1.740257,5.272882,357.30496,33.46666666667443,1.1413158,1495.5668

-0.03276947,1.3863447,0.035959765,-0.022866338,0.04624625,0.013945707,0.998571,1.7244838,5.262712,357.29715,33.483333333337214,1.1413158,1495.5668

-0.032635733,1.386396,0.03601554,-0.022751546,0.046182178,0.013776931,0.9985789,1.7042959,5.2560177,357.31134,33.5,1.1413158,1495.5668

-0.032796755,1.3866732,0.03631214,-0.022702929,0.04595328,0.013690676,0.9985917,1.6934732,5.230085,357.31784,33.516666666662786,1.1413158,1495.5668

-0.03278177,1.3867806,0.036420353,-0.022633802,0.0456822,0.013619812,0.99860674,1.6841953,5.199309,357.3267,33.53333333332557,1.1413158,1495.5668

-0.03270348,1.3868301,0.03646953,-0.022573872,0.04536683,0.013570253,0.99862313,1.6772939,5.1633806,357.33447,33.54999999998836,1.1413158,1495.5668

-0.032612316,1.3868618,0.036514685,-0.022402842,0.045037027,0.013523218,0.99864256,1.6700758,5.1259766,357.35498,33.56666666668025,1.1413158,1495.5668

-0.03253836,1.3868864,0.03655897,-0.02219554,0.04470468,0.013495803,0.9986625,1.6649339,5.0882874,357.3796,33.583333333343035,1.1413158,1495.5668

-0.032492094,1.3869083,0.036599543,-0.021989862,0.044443782,0.013465772,0.99867904,1.6597136,5.0587935,357.4039,33.60000000000582,1.1413158,1495.5668

-0.03307705,1.386918,0.036855042,-0.021802844,0.044298094,0.013522682,0.9986889,1.6649052,5.0422525,357.42535,33.61666666666861,1.1413158,1495.5668

-0.033344563,1.3869398,0.03699665,-0.021731539,0.04443579,0.0134604415,0.9986851,1.6577678,5.05832,357.43362,33.63333333333139,1.1413158,1495.5668

-0.033550695,1.3869779,0.037113056,-0.02157006,0.044714835,0.013356482,0.9986776,1.6457573,5.090849,357.45218,33.64999999999418,1.1413158,1495.5668

-0.033759043,1.3870255,0.037206966,-0.02135823,0.044970945,0.013247696,0.99867207,1.6328609,5.1208386,357.47662,33.666666666656965,1.1413158,1495.5668

-0.033976573,1.3870677,0.037273373,-0.021142652,0.045112107,0.013197368,0.998671,1.6263442,5.1375036,357.5014,33.68333333331975,1.1413158,1495.5668

-0.034194753,1.3871067,0.037324764,-0.02093236,0.045157023,0.01320785,0.99867326,1.6265829,5.1429706,357.52545,33.70000000001164,1.1413158,1495.5668

-0.034867212,1.3871992,0.037378285,-0.020679696,0.0450932,0.013347273,0.9986795,1.6411353,5.135722,357.55386,33.71666666667443,1.1413158,1495.5668

-0.03524135,1.3872367,0.03746414,-0.02049282,0.044996683,0.013492428,0.9986858,1.6566039,5.124609,357.57477,33.733333333337214,1.1413158,1495.5668

-0.035519198,1.3872544,0.0375929,-0.020375865,0.04494253,0.013640671,0.9986886,1.6728994,5.118236,357.58755,33.75,1.1413158,1495.5668

-0.035772715,1.3872716,0.03777026,-0.020168658,0.044962276,0.013775796,0.9986901,1.687414,5.120524,357.61066,33.766666666662786,1.1413158,1495.5668

-0.036031492,1.3873043,0.03798495,-0.019837504,0.04503027,0.013855991,0.9986925,1.6950998,5.1286907,357.6482,33.78333333332557,1.1413158,1495.5668

-0.036305413,1.3873528,0.03819879,-0.019497123,0.04509092,0.013878063,0.9986962,1.6960344,5.1361723,357.68707,33.79999999998836,1.1413158,1495.5668

-0.0365227,1.3873318,0.038414694,-0.019291537,0.045095585,0.013952267,0.99869895,1.7035143,5.1368856,357.71033,33.81666666668025,1.1413158,1495.5668

-0.036801986,1.3873498,0.038568493,-0.019145986,0.045170378,0.013949732,0.99869835,1.7026551,5.145716,357.7269,33.833333333343035,1.1413158,1495.5668

-0.037113547,1.3873715,0.038691644,-0.018941931,0.04529902,0.013925354,0.9986968,1.6991099,5.16087,357.75024,33.85000000000582,1.1413158,1495.5668

-0.037442636,1.3873801,0.0387904,-0.018708734,0.045439217,0.013913176,0.998695,1.6968373,5.1773705,357.77686,33.86666666666861,1.1413158,1495.5668

-0.037779972,1.3873681,0.03887365,-0.018590229,0.045624662,0.01396019,0.9986881,1.7020657,5.198734,357.7899,33.88333333333139,1.1413158,1495.5668

-0.038122524,1.3873402,0.0389569,-0.018558329,0.04591632,0.014043511,0.99867415,1.7121687,5.232049,357.79254,33.89999999999418,1.1413158,1495.5668

-0.03835692,1.3871343,0.03897071,-0.01849107,0.046127707,0.014204798,0.9986634,1.7308551,5.256051,357.79904,33.916666666656965,1.1413158,1495.5668

-0.038663346,1.3870064,0.038998645,-0.018419582,0.04624474,0.0144195445,0.9986562,1.7554392,5.2691245,357.80588,33.93333333331975,1.1413158,1495.5668

-0.039000288,1.3868897,0.03900336,-0.018434852,0.046212506,0.014665348,0.9986538,1.7836978,5.2648606,357.8029,33.95000000001164,1.1413158,1495.5668

-0.03934858,1.3867668,0.038962718,-0.018528165,0.04600562,0.01490846,0.99865806,1.8116419,5.2404313,357.7913,33.96666666667443,1.1413158,1495.5668

-0.03970027,1.386636,0.038892332,-0.018653492,0.04574774,0.015104999,0.9986646,1.834272,5.210194,357.77637,33.983333333337214,1.1413158,1495.5668

-0.040057573,1.3865076,0.038809083,-0.018675186,0.045546427,0.0152255045,0.9986716,1.8477519,5.186802,357.77368,34.0,1.1413158,1495.5668

-0.040172383,1.3860809,0.038988046,-0.01858191,0.04577163,0.015310733,0.9986617,1.8576021,5.212609,357.78348,34.016666666662786,1.1413158,1495.5668

-0.040432137,1.3858553,0.039014317,-0.01854142,0.04607032,0.015316927,0.99864864,1.8588172,5.2469225,357.7875,34.03333333332557,1.1413158,1495.5668

-0.040728204,1.3856966,0.038993124,-0.018555615,0.046475917,0.015273129,0.9986303,1.8548301,5.293505,357.78525,34.04999999998836,1.1413158,1495.5668

-0.04102523,1.3855686,0.038946874,-0.018627178,0.04686158,0.015213378,0.9986118,1.8492703,5.337732,357.77655,34.06666666668025,1.1413158,1495.5668

-0.041303545,1.3854551,0.038884927,-0.018763514,0.047143348,0.015192378,0.9985963,1.8482702,5.369838,357.7604,34.083333333343035,1.1413158,1495.5668

-0.041551314,1.3853441,0.038797535,-0.01885295,0.0471763,0.015219528,0.9985927,1.8519537,5.3733916,357.7499,34.10000000000582,1.1413158,1495.5668

-0.040998787,1.3852127,0.038925458,-0.018868173,0.0470684,0.015228339,0.9985973,1.8527853,5.3609686,357.74832,34.11666666666861,1.1413158,1495.5668

-0.040912304,1.3851106,0.038892582,-0.01879277,0.046744715,0.015312724,0.9986127,1.861294,5.3238006,357.75723,34.13333333333139,1.1413158,1495.5668

-0.040961284,1.38502,0.0388262,-0.018711576,0.046357963,0.015407929,0.99863076,1.8708689,5.2793875,357.76685,34.14999999999418,1.1413158,1495.5668

-0.041049458,1.3849368,0.038771193,-0.018652027,0.046027653,0.015490209,0.9986459,1.8792148,5.241438,357.77396,34.166666666656965,1.1413158,1495.5668

-0.0411451,1.3848543,0.03874429,-0.018519927,0.045853857,0.015556828,0.9986553,1.885761,5.2216096,357.78912,34.18333333331975,1.1413158,1495.5668

-0.04124233,1.3847845,0.03873492,-0.018248588,0.045791697,0.015553216,0.99866325,1.8837769,5.2150016,357.8205,34.20000000001164,1.1413158,1495.5668

-0.04028637,1.384558,0.03881765,-0.018033696,0.045853995,0.015413865,0.9986664,1.8667806,5.222851,357.8458,34.21666666667443,1.1413158,1495.5668

-0.0400088,1.3844374,0.038833756,-0.018075315,0.04589998,0.015338306,0.9986647,1.8584213,5.2282095,357.8413,34.233333333337214,1.1413158,1495.5668

-0.03996539,1.384348,0.03880655,-0.018235471,0.045868065,0.015294505,0.99866396,1.8541516,5.224347,357.8232,34.25,1.1413158,1495.5668

-0.04001601,1.3842642,0.038743813,-0.018367752,0.045719534,0.015265532,0.9986688,1.8511626,5.2071323,357.80844,34.266666666662786,1.1413158,1495.5668

-0.04010968,1.3841728,0.038665965,-0.018370213,0.04554127,0.015291865,0.9986765,1.8537793,5.1866283,357.8084,34.28333333332557,1.1413158,1495.5668

-0.040229578,1.3840735,0.038587533,-0.01834921,0.045391202,0.015367208,0.9986825,1.8619742,5.169294,357.81073,34.29999999998836,1.1413158,1495.5668

-0.040201426,1.3839909,0.03910302,-0.018495131,0.045272224,0.015299305,0.9986863,1.8546429,5.155529,357.79456,34.31666666668025,1.1413158,1495.5668

-0.04025586,1.3839059,0.03924944,-0.018623097,0.045250695,0.015356225,0.998684,1.8617952,5.152696,357.7796,34.333333333343035,1.1413158,1495.5668

-0.040322617,1.3838229,0.039314676,-0.018616578,0.045332443,0.0154230865,0.9986794,1.8696424,5.161933,357.77982,34.35000000000582,1.1413158,1495.5668

-0.040379904,1.3837323,0.039380997,-0.018691763,0.045498844,0.015499228,0.99866927,1.879184,5.1807036,357.77045,34.36666666666861,1.1413158,1495.5668

-0.040423796,1.3836298,0.039459765,-0.01893065,0.04563821,0.015582409,0.99865705,1.8903269,5.196048,357.74225,34.38333333333139,1.1413158,1495.5668

-0.040458396,1.3835162,0.03953049,-0.019219408,0.045604333,0.015707608,0.99865115,1.9061385,5.191329,357.7085,34.39999999999418,1.1413158,1495.5668

-0.039817996,1.3833733,0.03972932,-0.019405007,0.045375925,0.015784584,0.9986568,1.9153819,5.164605,357.68723,34.416666666656965,1.1413158,1495.5668

-0.03960285,1.3832635,0.03983839,-0.019564195,0.045124173,0.015891612,0.9986634,1.9278741,5.135183,357.6689,34.43333333331975,1.1413158,1495.5668

-0.039513662,1.3831742,0.039930154,-0.019559808,0.044956002,0.015895622,0.998671,1.9278892,5.1158986,357.66977,34.45000000001164,1.1413158,1495.5668

-0.039475366,1.383116,0.040026616,-0.01947933,0.044894606,0.015792357,0.99867696,1.9154549,5.1092544,357.6797,34.46666666667443,1.1413158,1495.5668

-0.03947054,1.3830918,0.040139623,-0.019331131,0.04497317,0.015570494,0.99867976,1.8893924,5.1190577,357.6977,34.483333333337214,1.1413158,1495.5668

-0.039490283,1.3830872,0.04026657,-0.01914266,0.04524145,0.015280779,0.99867576,1.8557879,5.150839,357.72028,34.5,1.1413158,1495.5668

-0.038896948,1.3827055,0.04034387,-0.018948901,0.04569598,0.014941826,0.9986639,1.8169358,5.2040854,357.74338,34.516666666662786,1.1413158,1495.5668

-0.0387059,1.3825884,0.04047317,-0.018937858,0.04609272,0.014733598,0.99864894,1.7939091,5.25007,357.74493,34.53333333332557,1.1413158,1495.5668

-0.038643494,1.3825383,0.04059092,-0.01888725,0.046258394,0.014690322,0.9986429,1.7890702,5.269258,357.75064,34.54999999998836,1.1413158,1495.5668

-0.038623273,1.3824986,0.040673535,-0.018825356,0.04619466,0.014789309,0.99864554,1.7999668,5.261838,357.75735,34.56666666668025,1.1413158,1495.5668

-0.03863404,1.3824687,0.0407045,-0.018909669,0.04594823,0.014987955,0.9986524,1.822646,5.2329793,357.74713,34.583333333343035,1.1413158,1495.5668

-0.03868696,1.3825027,0.040676013,-0.01892428,0.04546287,0.01518609,0.99867135,1.8443146,5.1768475,357.74542,34.60000000000582,1.1413158,1495.5668

-0.038235888,1.3818773,0.04111903,-0.01893024,0.0450445,0.015336366,0.99868786,1.860599,5.128524,357.7448,34.61666666666861,1.1413158,1495.5668

-0.03823289,1.3818794,0.0411837,-0.01894825,0.044632643,0.015411458,0.9987048,1.8683187,5.081094,357.74323,34.63333333333139,1.1413158,1495.5668

-0.038373627,1.3821497,0.041170094,-0.018526405,0.0444471,0.015462842,0.9987202,1.8716304,5.060494,357.7918,34.64999999999418,1.1413158,1495.5668

-0.038542777,1.3825238,0.04116912,-0.018091926,0.044480972,0.015596822,0.99872464,1.8849005,5.0649023,357.84103,34.666666666656965,1.1413158,1495.5668

-0.038690135,1.3829137,0.041226853,-0.017788623,0.04478511,0.015794616,0.9987134,1.9067912,5.099928,357.8742,34.68333333331975,1.1413158,1495.5668

-0.038798735,1.3832743,0.041343715,-0.017408848,0.045193885,0.016013034,0.9986981,1.9308774,5.147071,357.91586,34.70000000001164,1.1413158,1495.5668

-0.038971007,1.3829697,0.04228522,-0.016982099,0.045455817,0.016163092,0.9986912,1.9465026,5.177626,357.9636,34.71666666667443,1.1413158,1495.5668

-0.039108682,1.3829751,0.042623237,-0.016736446,0.04557358,0.016220955,0.99868906,1.9521356,5.191493,357.99127,34.733333333337214,1.1413158,1495.5668

-0.03927827,1.3830317,0.042728253,-0.016708149,0.04553594,0.016182965,0.9986919,1.9475386,5.1873083,357.9948,34.75,1.1413158,1495.5668

-0.039500147,1.3830867,0.04276997,-0.016549354,0.045478765,0.016043482,0.99869937,1.9305556,5.1813383,358.01392,34.766666666662786,1.1413158,1495.5668

-0.039770976,1.383144,0.04280519,-0.016255563,0.04549052,0.015852517,0.9987067,1.9071031,5.1836267,358.04865,34.78333333332557,1.141672,1494.981

-0.04044802,1.3824722,0.04306105,-0.01601138,0.045536388,0.015635801,0.99871194,1.8810194,5.1897697,358.07776,34.79999999998836,1.141672,1494.981

-0.04089298,1.3823271,0.043233167,-0.01576041,0.045825504,0.01534303,0.9987073,1.8466591,5.223953,358.10754,34.81666666668025,1.141672,1494.981

-0.041257896,1.3823775,0.043376204,-0.015687225,0.046099637,0.015061286,0.99870014,1.8144541,5.2560573,358.11688,34.833333333343035,1.141672,1494.981

-0.041573443,1.3824914,0.04351575,-0.015682517,0.046490125,0.014888218,0.99868464,1.7953383,5.301173,358.11755,34.85000000000582,1.141672,1494.981

-0.041842755,1.3826113,0.043673396,-0.0155639835,0.047104787,0.014889905,0.9986577,1.7961601,5.371876,358.12997,34.86666666666861,1.141672,1494.981

-0.042075068,1.3826957,0.04382696,-0.015472305,0.047751572,0.015057066,0.99862593,1.8162059,5.4459085,358.1383,34.88333333333139,1.141672,1494.981

-0.04228665,1.3827219,0.04396066,-0.01536828,0.04821014,0.01529509,0.99860185,1.8439398,5.4982505,358.148,34.89999999999418,1.141672,1494.981

-0.04304205,1.381578,0.044533815,-0.015397447,0.048291598,0.015540594,0.9985937,1.8724974,5.5070825,358.14316,34.916666666656965,1.141672,1494.981

-0.043455116,1.3810885,0.044674292,-0.015660552,0.0482529,0.015851509,0.9985866,1.9096231,5.5015635,358.11127,34.93333333331975,1.141672,1494.981

-0.043771207,1.3807919,0.044662353,-0.015841179,0.04830925,0.01613212,0.9985765,1.9430064,5.507144,358.0888,34.95000000001164,1.141672,1494.981

-0.044058282,1.3805523,0.044635415,-0.015899727,0.048575163,0.01635149,0.9985591,1.9691194,5.5371065,358.0803,34.96666666667443,1.141672,1494.981

-0.044330094,1.3803244,0.044622976,-0.016181495,0.048856273,0.016515497,0.9985382,1.9901524,5.5684705,358.0464,34.983333333337214,1.141672,1494.981

-0.044587374,1.3801024,0.044614438,-0.016449315,0.048842486,0.016655715,0.9985321,2.007744,5.5660763,358.01483,35.0,1.141672,1494.981

-0.045412973,1.3789229,0.044764645,-0.016621023,0.04844838,0.016799817,0.99854606,2.0244024,5.5202427,357.99515,35.016666666662786,1.1413158,1495.5668

-0.04579842,1.3783747,0.044754032,-0.016766958,0.048032813,0.016983092,0.99856067,2.0453587,5.4719167,357.9783,35.03333333332557,1.1413158,1495.5668

-0.04601366,1.3780131,0.044689868,-0.016985558,0.04770698,0.01716509,0.9985694,2.0667508,5.433728,357.9529,35.04999999998836,1.1413158,1495.5668

-0.046151165,1.3777045,0.04460572,-0.017365407,0.047395565,0.017327478,0.9985749,2.0867767,5.3968887,357.90906,35.06666666668025,1.1413158,1495.5668

-0.046247985,1.3774107,0.044533648,-0.017784653,0.047154646,0.01748263,0.9985762,2.1063197,5.368052,357.86057,35.083333333343035,1.1413158,1495.5668

-0.046325568,1.377124,0.044495758,-0.018150374,0.046997827,0.017614331,0.99857473,2.1230555,5.3490095,357.81818,35.10000000000582,1.1413158,1495.5668

-0.04666993,1.376637,0.045136325,-0.018572032,0.046844337,0.017568773,0.99857503,2.1197069,5.3306136,357.77032,35.11666666666861,1.1413158,1495.5668

-0.04678443,1.3763305,0.045402568,-0.018925093,0.046847004,0.017464938,0.9985701,2.1096656,5.3304057,357.73026,35.13333333333139,1.1413158,1495.5668

-0.046830833,1.3761038,0.04559159,-0.019172003,0.04687108,0.017275987,0.9985675,2.0893252,5.33308,357.70282,35.14999999999418,1.1413158,1495.5668

-0.046860754,1.3759412,0.045797374,-0.01928733,0.046883,0.017081479,0.99856806,2.067612,5.3346543,357.69058,35.166666666656965,1.1413158,1495.5668

-0.046877656,1.3758261,0.046033956,-0.019128207,0.046797454,0.01692307,0.9985779,2.048336,5.325537,357.70993,35.18333333331975,1.1413158,1495.5668

-0.046879333,1.3757437,0.046284962,-0.018909028,0.046589345,0.016805733,0.9985937,2.0331626,5.302388,357.7362,35.20000000001164,1.1413158,1495.5668

-0.037250534,1.3834201,0.038577683,-0.01883321,0.045930903,0.016602052,0.9986291,2.0077314,5.227498,357.7475,35.21666666667443,1.1413158,1495.5668

-0.034182996,1.3858225,0.036299445,-0.018814545,0.045441933,0.016497498,0.99865353,1.994421,5.171702,357.75128,35.233333333337214,1.1413158,1495.5668

-0.033175662,1.3865522,0.03571786,-0.01870439,0.045093425,0.01637567,0.99867344,1.9790014,5.132232,357.76532,35.25,1.1413158,1495.5668

-0.03280221,1.3867378,0.03565875,-0.018597158,0.044887993,0.016185349,0.9986878,1.956081,5.1093125,357.77908,35.266666666662786,1.1413158,1495.5668

-0.03262741,1.3867416,0.03576055,-0.018672435,0.044914644,0.015950184,0.99868894,1.9295044,5.112745,357.77158,35.28333333332557,1.1413158,1495.5668

-0.032544542,1.3866833,0.035923716,-0.018751554,0.045052458,0.015730131,0.99868476,1.9049535,5.1288877,357.7633,35.29999999998836,1.1413158,1495.5668

-0.031721488,1.3872246,0.03481509,-0.018811855,0.04502318,0.015463994,0.99868906,1.8746063,5.126013,357.7578,35.31666666668025,1.1413158,1495.5668

-0.03146936,1.3873421,0.03459428,-0.018909415,0.04505955,0.015283052,0.9986884,1.8544011,5.130409,357.74744,35.333333333343035,1.1413158,1495.5668

-0.031405315,1.3873237,0.034637187,-0.019127516,0.045079228,0.015235214,0.9986841,1.8500744,5.1323695,357.7226,35.35000000000582,1.1413158,1495.5668

-0.03139563,1.3872693,0.03476381,-0.019373294,0.045060694,0.015304116,0.9986791,1.8592128,5.129629,357.69403,35.36666666666861,1.1413158,1495.5668

-0.031402983,1.3872168,0.03490061,-0.019576896,0.044860262,0.015456283,0.99868184,1.8772457,5.105913,357.67026,35.38333333333139,1.1413158,1495.5668

-0.031416774,1.3871818,0.03503592,-0.01949869,0.04443132,0.015606194,0.9987002,1.8930004,5.0565276,357.67938,35.39999999999418,1.1413158,1495.5668

-0.03130227,1.3882549,0.034522846,-0.019146744,0.045106046,0.015651777,0.998676,1.8981143,5.134457,357.71817,35.416666666656965,1.1413158,1495.5668

-0.031274695,1.388565,0.034439065,-0.018932385,0.044937354,0.0156224435,0.9986882,1.8932271,5.1155877,357.74332,35.43333333331975,1.1413158,1495.5668

-0.03127186,1.3886193,0.03447949,-0.01893086,0.04453121,0.015515889,0.99870807,1.8799846,5.069261,357.7449,35.45000000001164,1.1413158,1495.5668

-0.031280175,1.3885992,0.0345708,-0.018849552,0.044137694,0.015361474,0.99872947,1.8608731,5.0246387,357.75583,35.46666666667443,1.1413158,1495.5668

-0.031289168,1.3885754,0.034696013,-0.018897085,0.04393287,0.015175897,0.9987405,1.8392912,5.001482,357.75174,35.483333333337214,1.1413158,1495.5668

-0.031304244,1.3885671,0.034846596,-0.01903046,0.043952186,0.01493454,0.99874073,1.8122734,5.0039983,357.73758,35.5,1.1413158,1495.5668

-0.03195253,1.3888357,0.034538183,-0.019030357,0.04319075,0.014564338,0.9987794,1.7678868,4.9175286,357.74094,35.516666666662786,1.1413158,1495.5668

-0.032216817,1.3889692,0.034547523,-0.018855693,0.04316854,0.0143009,0.99878746,1.736703,4.915881,357.76236,35.53333333332557,1.1413158,1495.5668

-0.032372177,1.3890682,0.034653567,-0.018734852,0.04344737,0.014199515,0.99877906,1.7251226,4.9482875,357.7762,35.54999999998836,1.1413158,1495.5668

-0.032497488,1.3891497,0.03478507,-0.018641591,0.043731764,0.014282354,0.99876726,1.7348535,4.9808755,357.78598,35.56666666668025,1.1413158,1495.5668

-0.03261626,1.3892123,0.034917567,-0.018504217,0.043846928,0.014525118,0.99876124,1.7623348,4.9937844,357.80032,35.583333333343035,1.1413158,1495.5668

-0.032728374,1.3892511,0.035029404,-0.018313553,0.043722384,0.014853329,0.9987654,1.798802,4.979124,357.82083,35.60000000000582,1.1413158,1495.5668

-0.03214525,1.3895388,0.035231363,-0.018269245,0.043729566,0.015258958,0.9987598,1.8452078,4.9791446,357.82388,35.61666666666861,1.1413158,1495.5668

-0.03198604,1.3896096,0.035305772,-0.018315377,0.04344635,0.015588783,0.9987662,1.882671,4.945865,357.81754,35.63333333333139,1.1409599,1496.1525

-0.03194599,1.3895979,0.03531511,-0.018389035,0.043116592,0.015792113,0.99877596,1.90562,4.9074707,357.80875,35.64999999999418,1.1409599,1496.1525

-0.031943455,1.3895555,0.03528313,-0.01861769,0.042867735,0.015878817,0.9987811,1.9161127,4.878309,357.7826,35.666666666656965,1.1409599,1496.1525

-0.031948343,1.3894894,0.035207987,-0.019054566,0.042662084,0.015887527,0.99878144,1.918749,4.8538713,357.7328,35.68333333331975,1.1409599,1496.1525

-0.031931847,1.3893992,0.035095923,-0.019656552,0.04253013,0.015791187,0.998777,1.9102799,4.8378105,357.66434,35.70000000001164,1.1409599,1496.1525

-0.03246829,1.3883951,0.03527393,-0.020528622,0.042493727,0.0155797005,0.99876434,1.890119,4.8324833,357.56525,35.71666666667443,1.1409599,1496.1525

-0.032581434,1.3879976,0.03524261,-0.021446917,0.04264836,0.015372672,0.9987416,1.8712044,4.8489985,357.4604,35.733333333337214,1.1409599,1496.1525

-0.032552972,1.3878074,0.035170116,-0.021981219,0.042709295,0.015072794,0.998732,1.8395207,4.855763,357.40033,35.75,1.1409599,1496.1525

-0.03248751,1.3876888,0.03510488,-0.022415875,0.04277702,0.014740191,0.9987244,1.803618,4.863609,357.35187,35.766666666662786,1.1409599,1496.1525

-0.032420084,1.3875777,0.035058167,-0.022870066,0.042872038,0.014456567,0.99871415,1.7735224,4.874448,357.30087,35.78333333332557,1.1409599,1496.1525

-0.03236606,1.387469,0.035045523,-0.023371564,0.043065127,0.01421415,0.9986977,1.7486888,4.896363,357.24402,35.79999999998836,1.1409599,1496.1525

-0.032407764,1.3873793,0.03531105,-0.023812832,0.04338396,0.014083307,0.99867535,1.7367712,4.932511,357.19333,35.81666666668025,1.1409599,1496.1525

-0.03240064,1.3872807,0.03548335,-0.023936292,0.043767717,0.013988875,0.998657,1.7276782,4.9765606,357.17883,35.833333333343035,1.1409599,1496.1525

-0.032367572,1.3871703,0.0356171,-0.023999806,0.044005558,0.013977693,0.9986452,1.7274224,5.0037503,357.1711,35.85000000000582,1.1409599,1496.1525

-0.03232784,1.3870465,0.035675842,-0.024441982,0.044021584,0.014098882,0.998632,1.7436154,5.004473,357.11966,35.86666666666861,1.1409599,1496.1525

-0.032293964,1.3869282,0.035669584,-0.025074322,0.043817107,0.01428343,0.9986227,1.7673553,4.9793806,357.04648,35.88333333333139,1.1413158,1495.5668

-0.032272097,1.3868363,0.03564623,-0.025389306,0.043520242,0.014481276,0.99862486,1.7907215,4.944196,357.0099,35.89999999999418,1.1413158,1495.5668

-0.03358569,1.3882635,0.033883642,-0.025397511,0.04135381,0.0146372905,0.99871445,1.8018502,4.6953597,357.01266,35.916666666656965,1.1413158,1495.5668

-0.033985797,1.3887166,0.033350796,-0.02532585,0.040744055,0.014723465,0.9987401,1.8094962,4.625335,357.02173,35.93333333331975,1.1413158,1495.5668

-0.03407953,1.3888669,0.03321778,-0.02543187,0.040691588,0.0147606805,0.998739,1.8140968,4.619018,357.0095,35.95000000001164,1.1413158,1495.5668

-0.034059852,1.3889335,0.033236757,-0.025484776,0.040806048,0.014756491,0.99873304,1.8142222,4.632055,357.0032,35.96666666667443,1.1413158,1495.5668

-0.033991843,1.3889778,0.033321254,-0.025451109,0.040894307,0.014751325,0.99873036,1.8137507,4.642248,357.00693,35.983333333337214,1.1413158,1495.5668

-0.03390408,1.3890088,0.03342533,-0.025538292,0.040831227,0.014755506,0.99873066,1.8144373,4.634846,356.997,36.0,1.1413158,1495.5668

-0.03327453,1.3893334,0.033175085,-0.025688885,0.040590893,0.014665054,0.99873793,1.8039851,4.6072974,356.98062,36.016666666662786,1.1413158,1495.5668

-0.033048276,1.3894738,0.033157848,-0.02560928,0.040101744,0.014671336,0.9987596,1.8027903,4.551352,356.99075,36.03333333332557,1.1413158,1495.5668

-0.03296797,1.3895564,0.033209037,-0.025440821,0.03947575,0.014739347,0.9987879,1.8078631,4.4796977,357.01108,36.04999999998836,1.1413158,1495.5668

-0.032926418,1.3896209,0.033282954,-0.025236014,0.038839955,0.014815083,0.99881685,1.8136578,4.406966,357.03555,36.06666666668025,1.1413158,1495.5668

-0.03288532,1.3896791,0.03337199,-0.02500687,0.03836239,0.014879149,0.99884015,1.8185264,4.3524547,357.06256,36.083333333343035,1.1413158,1495.5668

-0.032842856,1.3897262,0.033451922,-0.024845324,0.038085017,0.014965673,0.99885345,1.8269051,4.320703,357.0813,36.10000000000582,1.1413158,1495.5668

-0.032735154,1.3896364,0.033317007,-0.025044724,0.038072877,0.015140762,0.99884635,1.8478332,4.318432,357.05768,36.11666666666861,1.1413158,1495.5668

-0.032700054,1.3896389,0.033282515,-0.025266204,0.038076803,0.015305755,0.9988381,1.8677471,4.317982,357.03152,36.13333333333139,1.1413158,1495.5668

-0.03268689,1.3896818,0.033282943,-0.02533958,0.038029574,0.015447682,0.99883586,1.8842119,4.3120084,357.02258,36.14999999999418,1.1413158,1495.5668

-0.032679293,1.3897538,0.033288337,-0.02538834,0.037866056,0.015522617,0.9988397,1.8925129,4.2929516,357.017,36.166666666656965,1.1413158,1495.5668

-0.032684647,1.3898437,0.033296645,-0.025358694,0.037606414,0.0155170495,0.9988503,1.8909332,4.2632656,357.021,36.18333333331975,1.1409599,1496.1525

-0.032709263,1.3899515,0.033318236,-0.025160557,0.037364442,0.015429236,0.9988657,1.8792536,4.2361655,357.04462,36.20000000001164,1.1409599,1496.1525

-0.033209965,1.3899473,0.033461887,-0.024934867,0.03705441,0.015269241,0.99888545,1.8589736,4.2015257,357.07187,36.21666666667443,1.1409599,1496.1525

-0.033402562,1.3900325,0.033537228,-0.024666894,0.036907453,0.015141939,0.99889946,1.8427838,4.1855493,357.1035,36.233333333337214,1.1409599,1496.1525

-0.03349223,1.3901372,0.033605717,-0.024396172,0.03683312,0.0150143895,0.9989108,1.8267817,4.177895,357.13525,36.25,1.1409599,1496.1525

-0.03354632,1.390233,0.03366129,-0.024203226,0.036760695,0.014923939,0.9989195,1.815374,4.1702037,357.15796,36.266666666662786,1.1409599,1496.1525

-0.03359453,1.390307,0.033667758,-0.024086816,0.03661799,0.014911261,0.9989277,1.8130082,4.154094,357.17166,36.28333333332557,1.1409599,1496.1525

-0.03364508,1.3903651,0.033615675,-0.024114532,0.03642674,0.014964669,0.99893326,1.8186862,4.131973,357.16864,36.29999999998836,1.1409599,1496.1525

-0.033514623,1.3904647,0.033333845,-0.024341002,0.036365505,0.015035017,0.99892896,1.827516,4.1243405,357.14246,36.31666666668025,1.1409599,1496.1525

-0.033496924,1.3905205,0.033151492,-0.024588281,0.03623248,0.0150798615,0.99892706,1.833283,4.108512,357.11414,36.333333333343035,1.1409599,1496.1525

-0.033512473,1.3905654,0.033026762,-0.024730897,0.03625755,0.015088173,0.99892247,1.8349006,4.1110997,357.09772,36.35000000000582,1.1409599,1496.1525

-0.033538505,1.3906103,0.032939725,-0.024831874,0.036468737,0.015035594,0.9989131,1.8299264,4.1352725,357.08588,36.36666666666861,1.1409599,1496.1525

-0.033571668,1.3906642,0.03289002,-0.024831349,0.03683281,0.0149069335,0.99890167,1.8162677,4.1773763,357.08572,36.38333333333139,1.1409599,1496.1525

-0.033606082,1.3907325,0.032863647,-0.024697747,0.037230868,0.014712493,0.99889314,1.7945973,4.2238073,357.1011,36.39999999999418,1.1409599,1496.1525

-0.03354851,1.3906171,0.032736894,-0.02455728,0.03748938,0.0144615425,0.9988906,1.7659744,4.2544136,357.1178,36.416666666656965,1.1409599,1496.1525

-0.03354737,1.390643,0.032648463,-0.024385722,0.03764428,0.01416288,0.9988932,1.7314197,4.2733264,357.13843,36.43333333331975,1.1413158,1495.5668

-0.033570252,1.3907095,0.03256127,-0.02422818,0.037802953,0.013844376,0.9988955,1.6946511,4.2926927,357.1576,36.45000000001164,1.1413158,1495.5668

-0.03361236,1.3907828,0.032470077,-0.024150208,0.037993886,0.013522725,0.9988946,1.6579534,4.3156223,357.1676,36.46666666667443,1.1413158,1495.5668

-0.03366691,1.3908496,0.032395866,-0.024071634,0.03828631,0.013251408,0.99888897,1.6273276,4.3500385,357.17725,36.483333333337214,1.1413158,1495.5668

-0.033721972,1.3909167,0.03232388,-0.024051687,0.038584057,0.013034649,0.99888074,1.6032327,4.384812,357.17993,36.5,1.1413158,1495.5668

-0.033659436,1.3906882,0.032319922,-0.023877593,0.038808465,0.012943847,0.99887747,1.5926996,4.4110703,357.19992,36.516666666662786,1.1413158,1495.5668

-0.03366202,1.3906358,0.032265604,-0.023621256,0.038859934,0.012928336,0.9988818,1.589934,4.417422,357.22934,36.53333333332557,1.1413158,1495.5668

-0.033679318,1.390624,0.03218114,-0.023354933,0.038796753,0.013023136,0.99888927,1.5994581,4.4103427,357.25964,36.54999999998836,1.1413158,1495.5668

-0.033699606,1.3906147,0.03207939,-0.023164794,0.038672622,0.013175135,0.99889654,1.6157161,4.3960047,357.28104,36.56666666668025,1.1413158,1495.5668

-0.033719942,1.3906,0.031972438,-0.023097469,0.03850493,0.013383169,0.9989018,1.6388289,4.376326,357.28815,36.583333333343035,1.1413158,1495.5668

-0.03373593,1.3905861,0.031867765,-0.023049125,0.03830543,0.013583493,0.99890786,1.661051,4.3529944,357.2932,36.60000000000582,1.1413158,1495.5668

-0.03366047,1.3906397,0.031741433,-0.023061534,0.038064357,0.013632092,0.99891615,1.6659993,4.325208,357.29202,36.61666666666861,1.1413158,1495.5668

-0.033631966,1.390661,0.031637583,-0.022997893,0.038042072,0.013621328,0.9989186,1.6644243,4.3227887,357.2994,36.63333333333139,1.1413158,1495.5668

-0.033610806,1.3906664,0.031554572,-0.022818154,0.038178585,0.013544189,0.99891853,1.655173,4.3389435,357.32016,36.64999999999418,1.1413158,1495.5668

-0.033588164,1.3906488,0.031460356,-0.022708083,0.038300194,0.013491353,0.99891716,1.6489682,4.3532066,357.33276,36.666666666656965,1.1413158,1495.5668

-0.033549845,1.3906069,0.03133252,-0.022667333,0.038264547,0.013486211,0.9989195,1.6481003,4.349201,357.33755,36.68333333331975,1.1413158,1495.5668

-0.03348808,1.3905498,0.031175349,-0.022600088,0.038182825,0.013497626,0.99892396,1.64889,4.3399143,357.34537,36.70000000001164,1.1413158,1495.5668

-0.033394422,1.3904887,0.031156633,-0.022615544,0.03799185,0.013620447,0.99892926,1.6625258,4.3176713,357.3434,36.71666666667443,1.1413158,1495.5668

-0.033306353,1.3904225,0.030988295,-0.022876907,0.03783256,0.0137227615,0.9989279,1.6749548,4.298702,357.31326,36.733333333337214,1.1413158,1495.5668

-0.03321323,1.3903719,0.03077952,-0.023016691,0.03772005,0.013811065,0.9989278,1.685376,4.285332,357.29703,36.75,1.1413158,1495.5668

-0.033109948,1.3903496,0.03057219,-0.022896413,0.037644822,0.013884115,0.9989323,1.693034,4.276715,357.3107,36.766666666662786,1.1409599,1496.1525

-0.03299414,1.3903488,0.030372182,-0.022803314,0.037567347,0.013963372,0.9989363,1.7015162,4.26778,357.3212,36.78333333332557,1.1409599,1496.1525

-0.032870412,1.3903564,0.030182745,-0.02270917,0.037414763,0.0140693225,0.9989427,1.7128495,4.2501674,357.33185,36.79999999998836,1.1409599,1496.1525

-0.032727003,1.3905438,0.030218646,-0.022423461,0.03723911,0.014227488,0.99895346,1.7293038,4.2301054,357.36432,36.81666666668025,1.1409599,1496.1525

-0.032608546,1.390599,0.030140378,-0.02219045,0.036952678,0.014401849,0.9989668,1.747547,4.197221,357.39087,36.833333333343035,1.1409599,1496.1525

-0.032513622,1.3905853,0.030018834,-0.022030804,0.03653052,0.014643574,0.99898237,1.7734743,4.1484847,357.40906,36.85000000000582,1.1409599,1496.1525

-0.032431882,1.3905355,0.029870756,-0.0217932,0.03604938,0.014856226,0.9990019,1.7955989,4.093212,357.4364,36.86666666666861,1.1409599,1496.1525

-0.032355867,1.39046,0.02968121,-0.021682752,0.035611115,0.015024121,0.9990175,1.8132412,4.0427475,357.44928,36.88333333333139,1.1409599,1496.1525

-0.032276213,1.3903625,0.029441252,-0.021836895,0.035312742,0.015119825,0.9990233,1.8240443,4.0080237,357.4318,36.89999999999418,1.1409599,1496.1525

-0.032613784,1.3902062,0.029536955,-0.022069255,0.035093125,0.015150846,0.9990255,1.8279386,3.982347,357.40543,36.916666666656965,1.1409599,1496.1525

-0.032703385,1.3900785,0.029366821,-0.022237126,0.03499619,0.015141349,0.9990253,1.8272521,3.9709542,357.38638,36.93333333331975,1.1409599,1496.1525

-0.032722294,1.3899552,0.029127177,-0.022244819,0.03502282,0.015120217,0.9990245,1.8249303,3.9740484,357.38553,36.95000000001164,1.1409599,1496.1525

-0.032718763,1.3898308,0.0288723,-0.022322599,0.035121445,0.015115829,0.9990194,1.8250084,3.9852211,357.37643,36.96666666667443,1.1409599,1496.1525

-0.03268999,1.3896981,0.028639242,-0.022487435,0.035279356,0.015205226,0.9990087,1.836367,4.0027823,357.3568,36.983333333337214,1.1409599,1496.1525

-0.032632746,1.3895656,0.028428022,-0.022686996,0.035376724,0.0153717585,0.9989983,1.8565556,4.013131,357.33304,37.0,1.1409599,1496.1525

-0.03284409,1.3892819,0.02861096,-0.022811115,0.0353432,0.015602177,0.99899304,1.8834087,4.00844,357.31793,37.016666666662786,1.1409599,1496.1525

-0.03286008,1.3891256,0.028572988,-0.022821479,0.035182517,0.01588077,0.99899405,1.9149745,3.9892561,357.31598,37.03333333332557,1.1409599,1496.1525

-0.032818586,1.3890394,0.028460566,-0.022716524,0.034939166,0.016118258,0.99900126,1.9411293,3.9609313,357.32758,37.04999999998836,1.1409599,1496.1525

-0.032765258,1.3889935,0.028309936,-0.022596871,0.03459871,0.016322548,0.9990125,1.9631492,3.9216,357.34125,37.06666666668025,1.1409599,1496.1525

-0.032710638,1.3889775,0.028151944,-0.022352837,0.034252383,0.01645635,0.99902767,1.9765874,3.882035,357.36948,37.083333333343035,1.1409599,1496.1525

-0.032653213,1.3889916,0.028000645,-0.022107473,0.033988386,0.016486116,0.9990416,1.9783248,3.8521862,357.3981,37.10000000000582,1.1409599,1496.1525

-0.032904692,1.3892158,0.028064001,-0.021807047,0.03388826,0.016404934,0.999053,1.9675769,3.8415143,357.4331,37.11666666666861,1.1409599,1496.1525

-0.03291747,1.3893251,0.02804492,-0.021637233,0.033938486,0.016242415,0.99905765,1.9484054,3.8480194,357.45316,37.13333333333139,1.1409599,1496.1525

-0.032837223,1.3893974,0.027974073,-0.02166446,0.034030966,0.016055213,0.999057,1.9272734,3.8590434,357.45053,37.14999999999418,1.1409599,1496.1525

-0.03271748,1.389458,0.027856756,-0.021622067,0.034064014,0.015873821,0.9990597,1.9063789,3.863374,357.45605,37.166666666656965,1.1409599,1496.1525

-0.032583307,1.3895067,0.027670432,-0.021595683,0.03396436,0.01572642,0.99906594,1.8890927,3.8523774,357.45984,37.18333333331975,1.1409599,1496.1525

-0.03244934,1.3895375,0.027402313,-0.021774266,0.033735756,0.015665876,0.99907076,1.8822174,3.8259945,357.44003,37.20000000001164,1.1409599,1496.1525

-0.032660022,1.3895603,0.027481172,-0.021936273,0.033394538,0.015646923,0.999079,1.8797383,3.786632,357.4222,37.21666666667443,1.1409599,1496.1525

-0.032639474,1.3895972,0.02729534,-0.022089943,0.033107314,0.015569388,0.9990863,1.8706403,3.753626,357.40546,37.233333333337214,1.1409599,1496.1525

-0.032531526,1.3896409,0.027066626,-0.022259146,0.03303353,0.015405089,0.9990876,1.8522192,3.7452826,357.3868,37.25,1.1409599,1496.1525

-0.032387942,1.3896781,0.02688177,-0.0224089,0.03318093,0.015152196,0.9990832,1.8241657,3.7625635,357.37027,37.266666666662786,1.1409599,1496.1525

-0.03222987,1.3896943,0.026770655,-0.02246642,0.03351045,0.0148684215,0.9990752,1.7927266,3.8009725,357.36407,37.28333333332557,1.1409599,1496.1525

-0.03206549,1.3896767,0.026723243,-0.022517454,0.03397059,0.01460834,0.99906236,1.7643464,3.8543053,357.3583,37.29999999998836,1.1409599,1496.1525

-0.032420237,1.389416,0.02721432,-0.022627681,0.034290418,0.014438381,0.9990514,1.7461553,3.8912177,357.3457,37.31666666668025,1.1409599,1496.1525

-0.032429997,1.3892757,0.027416335,-0.022916045,0.034633175,0.01433315,0.9990345,1.7361667,3.930281,357.31235,37.333333333343035,1.1409599,1496.1525

-0.032339737,1.3891779,0.027522776,-0.023105485,0.034801934,0.014290667,0.9990249,1.7325155,3.9494092,357.29044,37.35000000000582,1.1409599,1496.1525

-0.032232203,1.3891045,0.027574584,-0.023052003,0.034688428,0.014319304,0.99902964,1.7352693,3.9364145,357.2967,37.36666666666861,1.1409599,1496.1525

-0.032129474,1.3890357,0.027567107,-0.023081524,0.03433852,0.0144358,0.9990394,1.7477648,3.895944,357.29352,37.38333333333139,1.1409599,1496.1525

-0.032029353,1.3889585,0.02750834,-0.023351355,0.033868194,0.014660035,0.9990459,1.7732058,3.8409543,357.26257,37.39999999999418,1.1409599,1496.1525

-0.03294903,1.389041,0.027980443,-0.023402916,0.03300085,0.014985193,0.9990689,1.8082303,3.7405672,357.25714,37.416666666656965,1.1409599,1496.1525

-0.03317289,1.3890373,0.028139938,-0.023383198,0.032482952,0.01529173,0.9990817,1.8418478,3.6804104,357.2593,37.43333333331975,1.1409599,1496.1525

-0.03315197,1.3890034,0.028233394,-0.023421686,0.03224401,0.015584864,0.999084,1.87494,3.6521513,357.2543,37.45000000001164,1.1409599,1496.1525

-0.033027917,1.388948,0.028336681,-0.023561241,0.03213934,0.015807845,0.9990806,1.9007345,3.6392777,357.2377,37.46666666667443,1.1409599,1496.1525

-0.032855473,1.388869,0.028461553,-0.023778763,0.032067828,0.015976653,0.99907506,1.9206889,3.6301978,357.21225,37.483333333337214,1.1409599,1496.1525

-0.03266542,1.3887701,0.028596384,-0.023983931,0.031977993,0.01608886,0.99907124,1.9340458,3.6191936,357.18848,37.5,1.1413158,1495.5668

-0.03288871,1.3885826,0.028344236,-0.024190774,0.031630173,0.016171183,0.999076,1.9432104,3.578701,357.1652,37.516666666662786,1.1413158,1495.5668

-0.032853786,1.3884389,0.02828834,-0.024506819,0.031245044,0.016154679,0.99908066,1.9412949,3.5340002,357.1298,37.53333333332557,1.1413158,1495.5668

-0.03275733,1.388319,0.028271401,-0.024766134,0.030871227,0.015995638,0.99908847,1.9228354,3.491122,357.10138,37.54999999998836,1.1413158,1495.5668

-0.03266024,1.3882163,0.02825138,-0.024960982,0.030641971,0.015724713,0.99909496,1.8917364,3.465268,357.08044,37.56666666668025,1.1413158,1495.5668

-0.03256575,1.3881253,0.02822541,-0.02514488,0.03066073,0.015361062,0.99909544,1.850712,3.4681387,357.06058,37.583333333343035,1.1413158,1495.5668

-0.032454822,1.3880548,0.028203817,-0.025446072,0.030970795,0.014896882,0.9990853,1.7994635,3.5044925,357.027,37.60000000000582,1.1413158,1495.5668

-0.031167284,1.3879623,0.030099705,-0.0258251,0.032790136,0.014604414,0.99902177,1.7729471,3.7131765,356.98093,37.61666666666861,1.1413158,1495.5668

-0.03068395,1.387879,0.030674942,-0.02640242,0.033750713,0.01431082,0.998979,1.7444886,3.823137,356.91388,37.63333333333139,1.1413158,1495.5668

-0.030457305,1.3878058,0.030858608,-0.026961606,0.034400776,0.014051797,0.99894553,1.719036,3.8974729,356.84943,37.64999999999418,1.1413158,1495.5668

-0.030329451,1.3877395,0.030942287,-0.027352478,0.034798406,0.013886978,0.9989235,1.7029691,3.9428954,356.8044,37.666666666656965,1.1413158,1495.5668

-0.030259253,1.3876714,0.031005843,-0.027653629,0.034877565,0.013864594,0.99891275,1.7018559,3.9515257,356.76978,37.68333333331975,1.1413158,1495.5668

-0.030229868,1.3875991,0.031063354,-0.0278813,0.034609783,0.013958001,0.9989144,1.7125708,3.9201462,356.74377,37.70000000001164,1.1413158,1495.5668

-0.03155203,1.3883505,0.028858375,-0.028091127,0.033605874,0.014181183,0.99893963,1.7355869,3.8040106,356.7208,37.71666666667443,1.1413158,1495.5668

-0.03202797,1.3885574,0.028182361,-0.028246164,0.033059765,0.014398034,0.99895036,1.7591916,3.7404468,356.70322,37.733333333337214,1.1413158,1495.5668

-0.032236323,1.3886073,0.027991686,-0.028513094,0.032824557,0.014576003,0.998948,1.7797997,3.712432,356.6724,37.75,1.1413158,1495.5668

-0.032361813,1.3886285,0.02797078,-0.028840452,0.03286772,0.014686165,0.9989355,1.7938075,3.7164233,356.6343,37.766666666662786,1.1413158,1495.5668

-0.032456115,1.3886628,0.02802401,-0.029151727,0.033175822,0.014672592,0.99891657,1.7944963,3.751215,356.598,37.78333333332557,1.1413158,1495.5668

-0.03255676,1.388721,0.028107839,-0.029488496,0.033625625,0.014604185,0.99889266,1.789518,3.8023872,356.5587,37.79999999998836,1.1413158,1495.5668

-0.03279095,1.3887745,0.029260468,-0.029751278,0.034238096,0.014579983,0.99886435,1.7899485,3.8721817,356.52734,37.81666666668025,1.1409599,1496.1525

-0.03300503,1.3888768,0.029708631,-0.029981345,0.034560293,0.0145631945,0.99884665,1.7900846,3.9087481,356.50037,37.833333333343035,1.1409599,1496.1525

-0.03322445,1.3890032,0.029945888,-0.030148437,0.0346224,0.014555156,0.99883956,1.7900435,3.9155934,356.48108,37.85000000000582,1.1409599,1496.1525

-0.033437457,1.3891429,0.030178804,-0.030093169,0.034653362,0.014515063,0.99884075,1.7853389,3.9193811,356.48752,37.86666666666861,1.1409599,1496.1525

-0.033631757,1.3892779,0.030481465,-0.02997555,0.03483106,0.0144424625,0.9988392,1.7771908,3.9402084,356.50095,37.88333333333139,1.1409599,1496.1525

-0.033805832,1.3893933,0.030846253,-0.0299912,0.03518278,0.01435478,0.99882764,1.7684689,3.9807918,356.49878,37.89999999999418,1.1413158,1495.5668

-0.033714533,1.3897367,0.033520527,-0.030066848,0.035744876,0.014246361,0.99880695,1.7583773,4.04545,356.4894,37.916666666656965,1.1413158,1495.5668

-0.033782404,1.3898878,0.034618992,-0.030100733,0.036170486,0.014197941,0.9987913,1.7545115,4.0943336,356.48483,37.93333333331975,1.1413158,1495.5668

-0.033926073,1.3899868,0.035197042,-0.029986378,0.036510188,0.014126805,0.9987834,1.7471138,4.1337123,356.4976,37.95000000001164,1.1413158,1495.5668

-0.03411965,1.3900735,0.035601206,-0.029894726,0.036874004,0.014001021,0.9987745,1.7336179,4.176005,356.5079,37.96666666667443,1.1413158,1495.5668

-0.03435196,1.390161,0.03593762,-0.030114364,0.037291013,0.013870322,0.99875426,1.7210604,4.2238727,356.48242,37.983333333337214,1.1413158,1495.5668

-0.034608178,1.3902555,0.036256988,-0.030383764,0.03770942,0.01378418,0.9987317,1.7138567,4.2716637,356.451,38.0,1.1413158,1495.5668

-0.034477264,1.3904598,0.036046453,-0.0304411,0.037829358,0.013815521,0.9987249,1.7181432,4.2851987,356.44403,38.016666666662786,1.1413158,1495.5668

-0.03459023,1.390594,0.036257382,-0.030305484,0.03810185,0.013898802,0.99871755,1.7281237,4.316365,356.45874,38.03333333332557,1.1413158,1495.5668

-0.034766458,1.390705,0.036651514,-0.030276477,0.038348727,0.014006226,0.9987074,1.7412391,4.344328,356.46106,38.04999999998836,1.1413158,1495.5668

-0.03495261,1.3908244,0.037150048,-0.030103661,0.038482394,0.014085262,0.9987064,1.7500492,4.35967,356.48032,38.06666666668025,1.1413158,1495.5668

-0.03513956,1.3909599,0.037702978,-0.02968197,0.038412992,0.014153171,0.99872077,1.7557505,4.3522186,356.52863,38.083333333343035,1.1413158,1495.5668

-0.03532943,1.3911088,0.03828285,-0.029200107,0.038222503,0.014238537,0.99874103,1.7627686,4.3309417,356.58395,38.10000000000582,1.141672,1494.981

-0.034808367,1.3906937,0.03718826,-0.02889162,0.037270725,0.014382486,0.99878395,1.7745992,4.22192,356.62073,38.11666666666861,1.141672,1494.981

-0.034780193,1.390671,0.037206985,-0.028449783,0.036686406,0.01451637,0.9988163,1.7860694,4.155293,356.6721,38.13333333333139,1.141672,1494.981

-0.03492128,1.3907748,0.037591852,-0.027830858,0.036281608,0.014670547,0.99884623,1.7998127,4.1095047,356.74338,38.14999999999418,1.141672,1494.981

-0.035123996,1.3909186,0.038097348,-0.027221562,0.0360012,0.014849906,0.99887055,1.8169565,4.077894,356.81317,38.166666666656965,1.141672,1494.981

-0.035347342,1.391074,0.03864947,-0.02664245,0.0358601,0.015031447,0.99888855,1.834966,4.0622087,356.87924,38.18333333331975,1.1413158,1495.5668

-0.035577454,1.391238,0.039207656,-0.026110902,0.03575449,0.015176255,0.99890417,1.8490851,4.0506372,356.9399,38.20000000001164,1.1413158,1495.5668

-0.035724733,1.3911188,0.03983328,-0.025773767,0.035693865,0.015312997,0.99891305,1.8632193,4.0439,356.97818,38.21666666667443,1.1413158,1495.5668

-0.03590378,1.391195,0.04040657,-0.025539119,0.035745967,0.015361311,0.99891645,1.8679771,4.050164,357.00485,38.233333333337214,1.1413158,1495.5668

-0.03609328,1.3913406,0.040987533,-0.025265709,0.035890922,0.015373446,0.998918,1.8687105,4.067252,357.0359,38.25,1.1413158,1495.5668

-0.0362865,1.3915075,0.041595753,-0.024922483,0.036109615,0.0154054295,0.99891824,1.8716534,4.092864,357.0747,38.266666666662786,1.1413158,1495.5668

-0.036484916,1.3916788,0.042221513,-0.024554072,0.036282808,0.015464096,0.9989202,1.8774006,4.1132345,357.1164,38.28333333332557,1.1413158,1495.5668

-0.036691055,1.3918357,0.04283919,-0.024219317,0.036322992,0.015584749,0.99892503,1.8899907,4.1181264,357.15427,38.29999999998836,1.1413158,1495.5668

-0.036376234,1.3908217,0.04044354,-0.024049535,0.03626739,0.01570507,0.9989292,1.9029365,4.1117334,357.17337,38.31666666668025,1.1413158,1495.5668

-0.03641503,1.3905748,0.04007992,-0.023717213,0.03624029,0.015809499,0.99893653,1.9134756,4.108969,357.21115,38.333333333343035,1.1413158,1495.5668

-0.036559418,1.3905696,0.040358406,-0.023339607,0.036227964,0.015879614,0.99894476,1.9199336,4.1080866,357.25424,38.35000000000582,1.1413158,1495.5668

-0.0367257,1.3906288,0.040838704,-0.023071788,0.036271073,0.015956517,0.9989482,1.927782,4.113333,357.2846,38.36666666666861,1.1413158,1495.5668

-0.036885336,1.390703,0.0413763,-0.022938745,0.036366217,0.016009621,0.99894696,1.9336008,4.1243515,357.29947,38.38333333333139,1.1413158,1495.5668

-0.03703891,1.3907783,0.041926954,-0.022837922,0.036477994,0.016031051,0.9989449,1.9359612,4.1373005,357.31073,38.39999999999418,1.1413158,1495.5668

-0.037125394,1.3907857,0.04144519,-0.022907285,0.036168594,0.016007861,0.9989549,1.9327065,4.1017666,357.3035,38.416666666656965,1.1413158,1495.5668

-0.03723693,1.3907979,0.04154584,-0.022857357,0.035950866,0.016062886,0.99896294,1.9382,4.07676,357.30948,38.43333333331975,1.1413158,1495.5668

-0.03735142,1.3908124,0.041801635,-0.022886336,0.0356757,0.016171861,0.99897045,1.9500462,4.0448723,357.3063,38.45000000001164,1.1413158,1495.5668

-0.037461776,1.390825,0.042084083,-0.02288467,0.035243824,0.016325045,0.9989833,1.9663966,3.9949644,357.3068,38.46666666667443,1.1413158,1495.5668

-0.03757307,1.3908411,0.0423814,-0.022735022,0.034809094,0.016480649,0.9989994,1.9824317,3.9450173,357.3243,38.483333333337214,1.1413158,1495.5668

-0.037691984,1.3908658,0.042695444,-0.022660203,0.03450692,0.016636183,0.999009,1.9991384,3.910119,357.33295,38.5,1.1413158,1495.5668

-0.03552772,1.3898436,0.03735476,-0.022908973,0.035122354,0.016716035,0.9989806,2.0110276,3.9799397,357.3027,38.516666666662786,1.1413158,1495.5668

-0.034899436,1.3895367,0.035856638,-0.0229627,0.035283558,0.016746303,0.9989732,2.015176,3.998226,357.29608,38.53333333332557,1.1413158,1495.5668

-0.034747854,1.3894681,0.035588767,-0.022878684,0.035374027,0.016707681,0.99897254,2.0106637,4.0088677,357.30566,38.54999999998836,1.1413158,1495.5668

-0.034743074,1.3894773,0.035706397,-0.022812888,0.035461787,0.016610371,0.99897254,1.9994781,4.0193195,357.31342,38.56666666668025,1.1413158,1495.5668

-0.03478869,1.3895123,0.035935592,-0.022752024,0.03551305,0.01647556,0.9989743,1.9839034,4.025678,357.32083,38.583333333343035,1.1413158,1495.5668

-0.034853473,1.3895509,0.036189258,-0.022699717,0.035586596,0.016342878,0.9989751,1.968669,4.0345664,357.3272,38.60000000000582,1.1413158,1495.5668

-0.033397615,1.3898361,0.035731785,-0.022960605,0.036405265,0.016152693,0.99894273,1.9502267,4.128398,357.29626,38.61666666666861,1.1413158,1495.5668

-0.032954276,1.389926,0.035643965,-0.02305833,0.036596157,0.016123585,0.998934,1.9478368,4.150165,357.28476,38.63333333333139,1.1413158,1495.5668

-0.032835227,1.3899432,0.035665274,-0.023155402,0.036590375,0.01619267,0.9989308,1.956155,4.1491246,357.27335,38.64999999999418,1.1413158,1495.5668

-0.032824412,1.3899336,0.035702437,-0.023273304,0.036481977,0.016302714,0.9989303,1.9689645,4.136168,357.25958,38.666666666656965,1.1413158,1495.5668

-0.032858834,1.3899162,0.035752196,-0.02339844,0.036346763,0.016417703,0.99893034,1.9822906,4.120107,357.24506,38.68333333331975,1.1413158,1495.5668

-0.032911956,1.3899003,0.03584318,-0.023492169,0.036332168,0.016494935,0.9989274,1.9915011,4.1180344,357.23398,38.70000000001164,1.1413158,1495.5668

-0.03220466,1.3901702,0.02996965,-0.023817299,0.034443934,0.016443571,0.9989875,1.981378,3.9011223,357.201,38.71666666667443,1.1413158,1495.5668

-0.032000333,1.390236,0.028174639,-0.02382356,0.033884924,0.01643053,0.9990066,1.9782615,3.8370812,357.20154,38.733333333337214,1.1413158,1495.5668

-0.03195648,1.3902259,0.02765796,-0.023875719,0.033736035,0.016454047,0.9990101,1.9807224,3.8198495,357.19577,38.75,1.1413158,1495.5668

-0.031966537,1.3901747,0.027504675,-0.02407751,0.033620503,0.016535461,0.99900776,1.9904952,3.8059788,357.17258,38.766666666662786,1.1413158,1495.5668

-0.031990215,1.3901054,0.027438559,-0.024260692,0.033515394,0.016610064,0.9990056,1.999441,3.7933557,357.15146,38.78333333332557,1.1413158,1495.5668

-0.032017928,1.3900387,0.027371284,-0.024472151,0.033456884,0.016636353,0.999002,2.0030851,3.786152,357.12723,38.79999999998836,1.1413158,1495.5668

-0.0331797,1.3904734,0.031436805,-0.024726713,0.033428416,0.016571049,0.99899775,1.9964699,3.7825682,357.09833,38.81666666668025,1.1413158,1495.5668

-0.033533614,1.3906004,0.0326369,-0.024893243,0.033599827,0.016425632,0.99899024,1.9809378,3.802304,357.07938,38.833333333343035,1.1413158,1495.5668

-0.03362604,1.3906431,0.032952573,-0.025033992,0.033919297,0.016222153,0.99897933,1.9591055,3.8392344,357.0633,38.85000000000582,1.1413158,1495.5668

-0.03362122,1.390663,0.032991562,-0.025220169,0.0342628,0.015987968,0.9989667,1.9340099,3.8789272,357.0421,38.86666666666861,1.1413158,1495.5668

-0.033571113,1.390675,0.032948177,-0.025371483,0.03457614,0.015739702,0.99895597,1.9070815,3.9152827,357.02502,38.88333333333139,1.1413158,1495.5668

-0.033502184,1.3906852,0.032867204,-0.0254986,0.03478621,0.015499244,0.9989492,1.8806401,3.9398336,357.01093,38.89999999999418,1.1413158,1495.5668

-0.033028767,1.3907017,0.032943737,-0.025557728,0.034847595,0.015379074,0.99894744,1.867274,3.9471178,357.0045,38.916666666656965,1.1413158,1495.5668

-0.032806225,1.3907036,0.03291167,-0.02560604,0.03482815,0.015322803,0.99894774,1.8609459,3.944968,356.9992,38.93333333331975,1.1413158,1495.5668

-0.032662734,1.3907006,0.0328409,-0.025607394,0.03475663,0.015299952,0.99895054,1.8581043,3.936838,356.9993,38.95000000001164,1.1413158,1495.5668

-0.03255084,1.3907009,0.032751333,-0.025693553,0.034677282,0.015247187,0.9989519,1.8521385,3.927743,356.98975,38.96666666667443,1.1413158,1495.5668

-0.03246048,1.3907098,0.032657713,-0.025781922,0.03468336,0.015153518,0.99895084,1.8417556,3.9285588,356.97998,38.983333333337214,1.1413158,1495.5668

-0.032386754,1.3907295,0.032567553,-0.025790734,0.03481286,0.015035749,0.99894786,1.828683,3.9437394,356.97916,39.0,1.1413158,1495.5668

-0.032823253,1.3898075,0.031964764,-0.025793184,0.035041604,0.01494354,0.9989412,1.818832,3.9702284,356.9788,39.016666666662786,1.1413158,1495.5668

-0.032943875,1.3895384,0.031743784,-0.025821416,0.035323925,0.014785646,0.99893284,1.8017145,4.0030103,356.97562,39.03333333332557,1.1413158,1495.5668

-0.032967374,1.389482,0.031635225,-0.025820386,0.03558267,0.014622687,0.9989261,1.7838241,4.0331593,356.97586,39.04999999998836,1.1413158,1495.5668

-0.032969765,1.3894849,0.03153723,-0.025904283,0.03574543,0.014537426,0.99891937,1.7748929,4.051922,356.96625,39.06666666668025,1.1413158,1495.5668

-0.03296909,1.3895029,0.03143316,-0.02591633,0.035810005,0.014540239,0.99891675,1.7754693,4.059293,356.9647,39.083333333343035,1.1413158,1495.5668

-0.0329692,1.3895156,0.03132512,-0.025843076,0.035737097,0.014648601,0.9989196,1.7873785,4.050739,356.9728,39.10000000000582,1.1413158,1495.5668

-0.034760907,1.3896251,0.030774783,-0.025720771,0.03524633,0.014866243,0.998937,1.8103169,3.9940565,356.987,39.11666666666861,1.1413158,1495.5668

-0.035336286,1.3896579,0.030539852,-0.025607878,0.03488189,0.015006744,0.9989506,1.8248479,3.9520721,357.00015,39.13333333333139,1.1413158,1495.5668

-0.035522044,1.3896626,0.030417677,-0.025525369,0.034722112,0.015094927,0.9989569,1.8341426,3.9336476,357.00958,39.14999999999418,1.1413158,1495.5668

-0.035577428,1.389656,0.030338027,-0.025549207,0.034779385,0.015084182,0.99895453,1.8331822,3.9402,357.00677,39.166666666656965,1.1413158,1495.5668

-0.03557952,1.3896354,0.03025897,-0.025607226,0.034960102,0.014993714,0.9989481,1.823595,3.961076,357.00012,39.18333333331975,1.1413158,1495.5668

-0.035556838,1.3895926,0.030151602,-0.025730541,0.03515664,0.014878402,0.99893975,1.8114688,3.983723,356.986,39.20000000001164,1.1413158,1495.5668

-0.035559304,1.3896846,0.030057207,-0.025875185,0.035357483,0.014738226,0.998931,1.7965938,4.006903,356.96954,39.21666666667443,1.1413158,1495.5668

-0.03552814,1.3896456,0.029909018,-0.026067752,0.03555853,0.014656749,0.99892,1.7886564,4.029846,356.94736,39.233333333337214,1.1413158,1495.5668

-0.035482228,1.3895531,0.029715158,-0.02638016,0.03573776,0.014625661,0.99890596,1.7869279,4.0499244,356.91122,39.25,1.1413158,1495.5668

-0.035439163,1.3894458,0.029496204,-0.026768481,0.035888977,0.014631298,0.99889004,1.7896457,4.0665417,356.86633,39.266666666662786,1.1413158,1495.5668

-0.03541012,1.3893538,0.029285036,-0.027163077,0.036041085,0.014638021,0.99887383,1.7925301,4.0832453,356.82068,39.28333333332557,1.1413158,1495.5668

-0.03539493,1.3892887,0.02912167,-0.027330467,0.03619634,0.014656762,0.9988634,1.795884,4.100678,356.80106,39.29999999998836,1.1413158,1495.5668

-0.03512504,1.3892931,0.029834758,-0.02711785,0.03640161,0.014784989,0.9988599,1.8104087,4.1241775,356.82455,39.31666666668025,1.1413158,1495.5668

-0.035056785,1.3892903,0.030087598,-0.026951209,0.03654061,0.014883871,0.9988578,1.8215284,4.140097,356.843,39.333333333343035,1.1413158,1495.5668

-0.035058618,1.3892881,0.03019825,-0.026919277,0.03652458,0.0149471415,0.99885833,1.8286055,4.138119,356.8464,39.35000000000582,1.1413158,1495.5668

-0.035092562,1.3892896,0.030264154,-0.026826814,0.036388125,0.014980135,0.9988653,1.831561,4.122546,356.85718,39.36666666666861,1.1413158,1495.5668

-0.035150167,1.3893057,0.030299358,-0.026552083,0.036204387,0.014979303,0.99887925,1.8297325,4.1019945,356.8891,39.38333333333139,1.1413158,1495.5668

-0.035220936,1.3893415,0.030303504,-0.026217688,0.036090445,0.014950531,0.99889266,1.8246891,4.0896363,356.9279,39.39999999999418,1.1413158,1495.5668

-0.0347436,1.3890727,0.03008832,-0.025866881,0.035957277,0.014778094,0.99890924,1.8030357,4.075538,356.96912,39.416666666656965,1.1413158,1495.5668

-0.034641642,1.3890443,0.029991707,-0.025521228,0.03603313,0.014634398,0.9989175,1.7853669,4.0852857,357.00928,39.43333333331975,1.1409599,1496.1525

-0.03465514,1.3890876,0.029915173,-0.025151405,0.03622201,0.014518823,0.9989217,1.7711692,4.107934,357.05182,39.45000000001164,1.1409599,1496.1525

-0.034701232,1.3891388,0.02981965,-0.024942601,0.0364311,0.014457175,0.99892026,1.7638727,4.132449,357.07562,39.46666666667443,1.1409599,1496.1525

-0.034756258,1.3891776,0.02968764,-0.024991475,0.036498882,0.01441983,0.9989171,1.7599963,4.1402407,357.07007,39.483333333337214,1.1409599,1496.1525

-0.03481625,1.3891953,0.029540371,-0.025168631,0.036442917,0.01440188,0.99891496,1.7584984,4.133568,357.0499,39.5,1.1409599,1496.1525

-0.035329685,1.3891555,0.030013915,-0.025294075,0.03597946,0.014350164,0.9989293,1.7516452,4.080383,357.03662,39.516666666662786,1.1409599,1496.1525

-0.035537962,1.3891466,0.030102769,-0.025224946,0.03578726,0.014268417,0.99893916,1.7413858,4.0587173,357.04526,39.53333333332557,1.1409599,1496.1525

-0.03565389,1.3891566,0.030108258,-0.025101326,0.035843402,0.014132369,0.9989422,1.7254397,4.0657673,357.0599,39.54999999998836,1.1409599,1496.1525

-0.035742197,1.3891826,0.03013155,-0.02496615,0.03619378,0.013944294,0.9989355,1.7043717,4.106709,357.07553,39.56666666668025,1.1409599,1496.1525

-0.035830162,1.3892195,0.030175071,-0.024864152,0.036699895,0.013725588,0.9989227,1.6803875,4.1655293,357.08716,39.583333333343035,1.1409599,1496.1525

-0.035928737,1.3892399,0.030216098,-0.024856955,0.037164055,0.013583159,0.9989076,1.6654204,4.2191567,357.0877,39.60000000000582,1.1409599,1496.1525

-0.035953835,1.3891029,0.03043373,-0.025009394,0.037458353,0.013598207,0.99889266,1.6686943,4.252591,357.06958,39.61666666666861,1.1409599,1496.1525

-0.036064018,1.3890166,0.030491967,-0.025252111,0.037492614,0.013717612,0.9988836,1.6835428,4.2557583,357.0411,39.63333333333139,1.1409599,1496.1525

-0.036210716,1.388943,0.030502826,-0.025231462,0.037335597,0.013915922,0.9988873,1.7057352,4.2372093,357.04294,39.64999999999418,1.1409599,1496.1525

-0.036366567,1.3888605,0.030513257,-0.024837498,0.03712742,0.014176386,0.99890125,1.7333281,4.213262,357.08752,39.666666666656965,1.1409599,1496.1525

-0.036506295,1.388786,0.030525077,-0.024631439,0.03709566,0.014391893,0.9989044,1.7571018,4.209356,357.11032,39.68333333331975,1.1409599,1496.1525

-0.036628336,1.3887153,0.03053324,-0.024681374,0.037272546,0.0145601425,0.99889416,1.7771647,4.229055,357.10352,39.70000000001164,1.1409599,1496.1525

-0.03632722,1.3885702,0.030550692,-0.024664344,0.037621424,0.0146909105,0.9988796,1.7931648,4.268694,357.10422,39.71666666667443,1.1409599,1496.1525

-0.036270827,1.3884676,0.030564018,-0.024826966,0.037992325,0.01478167,0.99886024,1.8054156,4.3106494,357.0844,39.733333333337214,1.1409599,1496.1525

-0.036293626,1.3883779,0.030546874,-0.02528484,0.03829049,0.014888361,0.99883574,1.8205731,4.3436804,357.03073,39.75,1.1409599,1496.1525

-0.036351144,1.3882987,0.03051008,-0.025608158,0.038418055,0.015055551,0.9988201,1.8415791,4.3572087,356.9926,39.766666666662786,1.1413158,1495.5668

-0.036426604,1.388236,0.030474983,-0.025703374,0.038398087,0.015240748,0.9988156,1.8631952,4.354185,356.9809,39.78333333332557,1.1413158,1495.5668

-0.036510706,1.3881775,0.030435078,-0.025662627,0.03816129,0.015468678,0.9988222,1.8884361,4.326432,356.9851,39.79999999998836,1.1413158,1495.5668

-0.03635965,1.3882312,0.030536875,-0.02544056,0.037746187,0.015715405,0.99883986,1.9144948,4.278537,357.01044,39.81666666668025,1.1413158,1495.5668

-0.03632428,1.3882324,0.030577483,-0.025259202,0.037397902,0.01588945,0.9988548,1.9326106,4.238449,357.03128,39.833333333343035,1.1413158,1495.5668

-0.036321312,1.3882325,0.030620795,-0.02509891,0.037227545,0.015973862,0.9988639,1.9410915,4.2189846,357.0497,39.85000000000582,1.1413158,1495.5668

-0.03632848,1.3882456,0.030685615,-0.024827138,0.037249405,0.015965924,0.99886996,1.939098,4.222041,357.0809,39.86666666666861,1.1413158,1495.5668

-0.036334127,1.3882781,0.030758578,-0.024524527,0.037423734,0.01587916,0.9988723,1.9283857,4.242859,357.11563,39.88333333333139,1.1413158,1495.5668

-0.036331266,1.3883226,0.030814737,-0.024174646,0.037619308,0.015768837,0.99887526,1.9148177,4.266265,357.15588,39.89999999999418,1.1413158,1495.5668

-0.036161125,1.388441,0.03033987,-0.024012266,0.037682947,0.015658332,0.9988785,1.9016256,4.2741823,357.17487,39.916666666656965,1.1413158,1495.5668

-0.03609158,1.3884978,0.030180354,-0.024060864,0.037699252,0.015635516,0.99887705,1.8992633,4.276024,357.16934,39.93333333331975,1.1413158,1495.5668

-0.036063317,1.3885291,0.030111557,-0.024088485,0.037521567,0.015701499,0.99888206,1.9064262,4.255418,357.16626,39.95000000001164,1.1413158,1495.5668

-0.036048282,1.3885508,0.03008117,-0.02407542,0.037236962,0.015845016,0.99889076,1.9219978,4.2224154,357.16776,39.96666666667443,1.1413158,1495.5668

-0.036024988,1.3885678,0.030080594,-0.023916217,0.03699005,0.015993765,0.99890137,1.937669,4.1940026,357.18594,39.983333333337214,1.1413158,1495.5668

-0.035985947,1.3885882,0.030095559,-0.023685966,0.036884174,0.01609374,0.9989092,1.9478669,4.1820354,357.21222,40.0,1.1413158,1495.5668

-0.03609773,1.3883913,0.029479638,-0.02342536,0.03707352,0.01601795,0.99890953,1.9386246,4.2044544,357.24203,40.016666666662786,1.1413158,1495.5668

-0.0361232,1.3883696,0.029274106,-0.023331998,0.03734107,0.015910981,0.99890345,1.9267262,4.2355957,357.25262,40.03333333332557,1.1413158,1495.5668

-0.036128134,1.3884127,0.029178176,-0.023416566,0.037654422,0.01574685,0.9988923,1.9091531,4.271802,357.24295,40.04999999998836,1.1413158,1495.5668

-0.036130764,1.3884795,0.029104818,-0.02361573,0.037978813,0.015560174,0.99887824,1.8895242,4.309122,357.22018,40.06666666668025,1.1413158,1495.5668

-0.03613602,1.388559,0.029038547,-0.023783935,0.038248386,0.015378004,0.9988668,1.8701304,4.3402133,357.2011,40.083333333343035,1.1413158,1495.5668

-0.036134962,1.3886371,0.028986884,-0.023909116,0.03844041,0.015231454,0.9988587,1.8544176,4.362402,357.18695,40.10000000000582,1.1413158,1495.5668

-0.03620045,1.3883079,0.0289778,-0.023849271,0.03857628,0.015076392,0.99885726,1.8367534,4.3785224,357.1942,40.11666666666861,1.1413158,1495.5668

-0.036204696,1.3882451,0.02896439,-0.023730043,0.038551155,0.014951817,0.9988629,1.8218522,4.3762097,357.20853,40.13333333333139,1.1413158,1495.5668

-0.036177814,1.3882637,0.028964225,-0.023511935,0.038458984,0.014864848,0.99887294,1.8106407,4.3662825,357.23413,40.14999999999418,1.1413158,1495.5668

-0.036134712,1.3883017,0.028988674,-0.023367178,0.038400743,0.014799313,0.99887955,1.8023132,4.3600497,357.25116,40.166666666656965,1.1413158,1495.5668

-0.036091316,1.3883333,0.029026648,-0.023405682,0.038372047,0.014762384,0.99888027,1.7981583,4.3567924,357.24698,40.18333333331975,1.1413158,1495.5668

-0.03605564,1.3883677,0.029076431,-0.023529211,0.038332112,0.0146814585,0.9988801,1.7892898,4.3522167,357.23322,40.20000000001164,1.1413158,1495.5668

-0.036197312,1.3879347,0.029307354,-0.023309158,0.03823941,0.014572885,0.9988904,1.7755958,4.3422823,357.25916,40.21666666667443,1.1413158,1495.5668

-0.036250677,1.3878171,0.029421624,-0.02311225,0.038183037,0.014399836,0.99889964,1.7547079,4.3366413,357.28262,40.233333333337214,1.1413158,1495.5668

-0.036287777,1.3877974,0.029484276,-0.023131486,0.038168516,0.014175988,0.998903,1.7290484,4.3355517,357.28143,40.25,1.1413158,1495.5668

-0.03633082,1.3878028,0.029529732,-0.02312953,0.03816216,0.01393835,0.9989066,1.7017367,4.335473,357.28268,40.266666666662786,1.1413158,1495.5668

-0.036393583,1.3878151,0.029551905,-0.023129327,0.038108442,0.013710642,0.9989118,1.6754379,4.329935,357.2838,40.28333333332557,1.1413158,1495.5668

-0.03647439,1.3878322,0.029565103,-0.02311115,0.03798974,0.013496465,0.99891967,1.65043,4.3169403,357.28705,40.29999999998836,1.1413158,1495.5668

-0.03646462,1.3887923,0.03214982,-0.023147829,0.037449073,0.013208353,0.9989431,1.6159706,4.255688,357.28506,40.31666666668025,1.1413158,1495.5668

-0.03651929,1.3891199,0.03303504,-0.023193413,0.037271965,0.012993385,0.9989515,1.5909811,4.235899,357.28107,40.333333333343035,1.1413158,1495.5668

-0.036586538,1.3892541,0.03342356,-0.022926433,0.03724244,0.012781137,0.99896145,1.5653973,4.233509,357.31268,40.35000000000582,1.1413158,1495.5668

-0.03665966,1.3893236,0.033658486,-0.022676729,0.037212346,0.01260916,0.9989705,1.5445099,4.230909,357.34213,40.36666666666861,1.1413158,1495.5668

-0.036736943,1.3893706,0.033824872,-0.02274887,0.0371085,0.012479577,0.9989743,1.5296499,4.219239,357.33456,40.38333333333139,1.1413158,1495.5668

-0.036813248,1.3894246,0.033954784,-0.022825174,0.036887374,0.012369589,0.99898213,1.5167276,4.19407,357.32666,40.39999999999418,1.1413158,1495.5668

-0.034924723,1.3888617,0.033227105,-0.022770474,0.03869432,0.012341132,0.9989154,1.5182756,4.4013586,357.32996,40.416666666656965,1.1413158,1495.5668

-0.034360554,1.388758,0.033075687,-0.022678608,0.03911063,0.012234655,0.99890256,1.506804,4.449506,357.34027,40.43333333331975,1.1413158,1495.5668

-0.034220725,1.388802,0.033147287,-0.022538574,0.039208937,0.012102688,0.99890345,1.4912976,4.461335,357.35675,40.45000000001164,1.1413158,1495.5668

-0.034221128,1.3888842,0.033312872,-0.0223976,0.039229304,0.011972643,0.99890745,1.47579,4.464223,357.3735,40.46666666667443,1.1413158,1495.5668

-0.034266643,1.3889655,0.03352385,-0.022244304,0.03925474,0.011868533,0.99891114,1.4632179,4.4676366,357.39154,40.483333333337214,1.1413158,1495.5668

-0.034333598,1.3890308,0.03373663,-0.02202697,0.039182596,0.011754377,0.9989201,1.4489403,4.459979,357.41714,40.5,1.1413158,1495.5668

-0.033924866,1.3892823,0.033865392,-0.021904482,0.038731344,0.011710547,0.99894094,1.4421456,4.4085393,357.43213,40.516666666662786,1.1413158,1495.5668

-0.03387665,1.3893611,0.03398944,-0.021789053,0.038458794,0.011598911,0.99895525,1.4280882,4.377746,357.44635,40.53333333332557,1.1413158,1495.5668

-0.03395833,1.3893747,0.0340894,-0.021774441,0.038283378,0.011487631,0.9989636,1.4147784,4.357942,357.4488,40.54999999998836,1.1413158,1495.5668

-0.034094054,1.3893574,0.0341785,-0.021910492,0.03825549,0.011418917,0.9989625,1.4074085,4.3547297,357.4335,40.56666666668025,1.1413158,1495.5668

-0.03425993,1.389334,0.034261692,-0.022248713,0.03828125,0.011347851,0.99895483,1.4007955,4.3573914,357.39493,40.583333333343035,1.1413158,1495.5668

-0.034453735,1.3893131,0.03435152,-0.022571133,0.038246363,0.011307963,0.9989494,1.397528,4.353045,357.35812,40.60000000000582,1.1413158,1495.5668

-0.03497611,1.3891299,0.034449995,-0.02281937,0.038109552,0.011264416,0.99894947,1.3932307,4.337131,357.33005,40.61666666666861,1.1413158,1495.5668

-0.035298675,1.3890766,0.034607556,-0.02279518,0.038068198,0.011258757,0.9989517,1.3923606,4.332439,357.33292,40.63333333333139,1.1413158,1495.5668

-0.035558328,1.3890693,0.03482354,-0.022638183,0.038088605,0.011266494,0.9989544,1.3926233,4.334977,357.35086,40.64999999999418,1.1413158,1495.5668

-0.035800237,1.3890725,0.035069104,-0.022556702,0.038093932,0.011286554,0.9989558,1.3945869,4.335648,357.3601,40.666666666656965,1.1413158,1495.5668

-0.036043286,1.3890798,0.0353099,-0.022568852,0.037998483,0.01133499,0.9989586,1.3999379,4.3245606,357.35867,40.68333333331975,1.1413158,1495.5668

-0.036292896,1.3890984,0.03553411,-0.022514563,0.03785895,0.011374808,0.99896467,1.4038905,4.308537,357.36496,40.70000000001164,1.1413158,1495.5668

-0.035955954,1.3893286,0.034711454,-0.022663182,0.03759165,0.0113296965,0.9989719,1.3986137,4.277807,357.3485,40.71666666667443,1.1413158,1495.5668

-0.036017824,1.3894175,0.034509692,-0.022802254,0.037498735,0.011318261,0.9989724,1.3976387,4.266992,357.33273,40.733333333337214,1.1413158,1495.5668

-0.036221445,1.3894652,0.034495514,-0.022872703,0.03754781,0.011278919,0.9989694,1.3935602,4.272624,357.32474,40.75,1.1413158,1495.5668

-0.03647347,1.3895105,0.034545656,-0.02279171,0.03777423,0.011189882,0.99896365,1.3836205,4.2989297,357.33405,40.766666666662786,1.1413158,1495.5668

-0.036736086,1.3895615,0.034633562,-0.02263841,0.038126178,0.011073974,0.9989551,1.370624,4.3397937,357.35162,40.78333333332557,1.1413158,1495.5668

-0.036996428,1.389602,0.034753498,-0.022527967,0.038508087,0.010984889,0.998944,1.3609648,4.3839607,357.36407,40.79999999998836,1.1413158,1495.5668

-0.036708415,1.3895118,0.034901593,-0.02256751,0.03906305,0.010909029,0.9989223,1.3539575,4.4477262,357.359,40.81666666668025,1.1413158,1495.5668

-0.036760867,1.3894663,0.035005227,-0.022675987,0.03933116,0.010985229,0.9989085,1.3639338,4.478112,357.34576,40.833333333343035,1.1413158,1495.5668

-0.03692424,1.3894302,0.03508465,-0.022856949,0.03943255,0.011133904,0.9988987,1.3821023,4.4890904,357.32416,40.85000000000582,1.1413158,1495.5668

-0.037124753,1.3893976,0.0351523,-0.022961907,0.03943197,0.011310117,0.9988944,1.4028078,4.488405,357.3113,40.86666666666861,1.1413158,1495.5668

-0.03733507,1.389375,0.03523182,-0.022884645,0.039440114,0.011471243,0.998894,1.4209852,4.4890146,357.31946,40.88333333333139,1.1413158,1495.5668

-0.037547663,1.3893595,0.035323005,-0.02269998,0.039538775,0.011567693,0.9988932,1.431504,4.500331,357.34006,40.89999999999418,1.1413158,1495.5668

-0.038135767,1.3894131,0.03588681,-0.02273687,0.0396406,0.011524242,0.99888885,1.4269648,4.5120673,357.33585,40.916666666656965,1.1413158,1495.5668

-0.038462814,1.3894219,0.036108196,-0.02281363,0.0399105,0.011461687,0.998877,1.4208833,4.543066,357.3269,40.93333333331975,1.1413158,1495.5668

-0.038696278,1.389421,0.036221758,-0.022825303,0.040253546,0.011397639,0.99886376,1.4145409,4.5825477,357.3253,40.95000000001164,1.1413158,1495.5668

-0.03887733,1.3894117,0.03630316,-0.022744024,0.040583313,0.01138623,0.9988524,1.4137772,4.620499,357.33414,40.96666666667443,1.1413158,1495.5668

-0.0390225,1.3893855,0.036384486,-0.02271952,0.04090142,0.011425574,0.9988395,1.4190696,4.6568975,357.33624,40.983333333337214,1.1413158,1495.5668

-0.03916841,1.3892618,0.036464147,-0.022849582,0.041188408,0.011794821,0.9988204,1.462893,4.6886244,357.3191,41.0,1.1413158,1495.5668

-0.03875175,1.3891466,0.036664978,-0.022868931,0.041349497,0.012287034,0.99880743,1.5199723,4.7057424,357.31427,41.016666666662786,1.1413158,1495.5668

-0.03866826,1.3889822,0.036724787,-0.022972299,0.041299094,0.0128314765,0.9988002,1.5828514,4.698335,357.29993,41.03333333332557,1.1413158,1495.5668

-0.03867421,1.3888712,0.03675227,-0.022649093,0.04112089,0.013195639,0.9988103,1.622655,4.6774473,357.33566,41.04999999998836,1.1413158,1495.5668

-0.03869654,1.3888062,0.036780875,-0.021949653,0.040949833,0.013384399,0.9988304,1.6405874,4.6584826,357.41547,41.06666666668025,1.1413158,1495.5668

-0.038711045,1.3887717,0.03679583,-0.021556314,0.04085682,0.013428454,0.9988422,1.6435599,4.648353,357.46063,41.083333333343035,1.1413158,1495.5668

-0.038715187,1.3887498,0.036800247,-0.021378683,0.040815692,0.013375459,0.9988484,1.6365354,4.6440635,357.48135,41.10000000000582,1.1413158,1495.5668

-0.037001356,1.3888633,0.036065195,-0.021251447,0.040782105,0.013122559,0.9988558,1.6068064,4.641055,357.49722,41.11666666666861,1.1413158,1495.5668

-0.036369517,1.3888651,0.03577286,-0.021187868,0.040755108,0.012994495,0.99885994,1.5917305,4.638382,357.50516,41.13333333333139,1.1413158,1495.5668

-0.03608181,1.3888388,0.03559751,-0.02132284,0.040750064,0.01287269,0.99885887,1.578355,4.6378946,357.49023,41.14999999999418,1.1413158,1495.5668

-0.03591305,1.3888227,0.035445843,-0.02146471,0.040701136,0.012698126,0.9988601,1.5588349,4.6325026,357.47485,41.166666666656965,1.1413158,1495.5668

-0.035801847,1.3888164,0.03527412,-0.02158502,0.040533774,0.012504073,0.9988667,1.536659,4.61362,357.4622,41.18333333331975,1.1413158,1495.5668

-0.035720885,1.3888052,0.035081882,-0.021642646,0.04026779,0.012334247,0.99887836,1.516709,4.583471,357.45685,41.20000000001164,1.1413158,1495.5668

-0.038546864,1.3894871,0.03204581,-0.021674344,0.037606128,0.011998086,0.99898547,1.4711491,4.27915,357.4592,41.21666666667443,1.1413158,1495.5668

-0.039369464,1.3897219,0.030998532,-0.021537494,0.036657542,0.011763214,0.99902654,1.4410931,4.171208,357.47745,41.233333333337214,1.1413158,1495.5668

-0.039542235,1.3897994,0.030607104,-0.021485353,0.03631319,0.011621527,0.99904186,1.4237046,4.132167,357.4846,41.25,1.1413158,1495.5668

-0.039487056,1.3898191,0.030442227,-0.02148517,0.03619336,0.011529364,0.9990473,1.4128093,4.118663,357.4852,41.266666666662786,1.1413158,1495.5668

-0.03934732,1.3898257,0.030359581,-0.021437773,0.036119163,0.011449577,0.9990519,1.4032604,4.1104255,357.4911,41.28333333332557,1.1413158,1495.5668

-0.039176825,1.3898274,0.030286985,-0.021354923,0.036030088,0.01136644,0.9990579,1.3931432,4.100539,357.5011,41.29999999998836,1.1413158,1495.5668

-0.037537646,1.3892312,0.032825988,-0.021176742,0.03717371,0.011277731,0.99902076,1.3851874,4.232102,357.5201,41.31666666668025,1.1413158,1495.5668

-0.036939107,1.3890378,0.033544432,-0.021026993,0.03745683,0.01117825,0.9990145,1.3738594,4.26501,357.5373,41.333333333343035,1.1413158,1495.5668

-0.03668273,1.3889654,0.033666868,-0.021020511,0.037533406,0.011065997,0.999013,1.3611408,4.2740736,357.5384,41.35000000000582,1.1413158,1495.5668

-0.03654681,1.3889233,0.033586428,-0.021043971,0.0375308,0.010959256,0.9990137,1.3489796,4.2740064,357.53616,41.36666666666861,1.1409599,1496.1525

-0.03645907,1.388877,0.033435192,-0.02095839,0.037496846,0.010892204,0.9990176,1.3408273,4.2703943,357.54633,41.38333333333139,1.1409599,1496.1525

-0.036397185,1.3888152,0.03326149,-0.021001931,0.03751752,0.010883199,0.999016,1.340033,4.272728,357.54135,41.39999999999418,1.1409599,1496.1525

-0.03658187,1.3891482,0.03122913,-0.021121925,0.037110064,0.011005405,0.9990274,1.3535256,4.2255564,357.52765,41.416666666656965,1.1409599,1496.1525

-0.036652822,1.3891885,0.030473439,-0.021194987,0.037037943,0.011041817,0.9990281,1.3578286,4.217099,357.51923,41.43333333331975,1.1409599,1496.1525

-0.036688283,1.3891363,0.03010615,-0.021255467,0.037072208,0.011020282,0.99902576,1.3557011,4.2209983,357.51233,41.45000000001164,1.1409599,1496.1525

-0.03671913,1.3890543,0.02984757,-0.02143824,0.03713208,0.011006537,0.99901974,1.3550531,4.2276483,357.49127,41.46666666667443,1.1409599,1496.1525

-0.036754504,1.3889773,0.029621169,-0.021568859,0.03718432,0.010981943,0.9990153,1.3529207,4.233521,357.47632,41.483333333337214,1.1409599,1496.1525

-0.036793556,1.3889145,0.02941161,-0.021619098,0.037256368,0.010938222,0.99901193,1.3483045,4.2418227,357.47064,41.5,1.1409599,1496.1525

-0.035570618,1.388845,0.0294687,-0.021610742,0.03793364,0.010894184,0.99898714,1.3450001,4.3195844,357.47073,41.516666666662786,1.1409599,1496.1525

-0.03520377,1.3888073,0.029393595,-0.021560183,0.03833268,0.010826712,0.9989737,1.3380853,4.3655677,357.4762,41.53333333332557,1.1409599,1496.1525

-0.035107687,1.3887835,0.029289357,-0.021469222,0.038632993,0.010780228,0.99896467,1.3331381,4.400234,357.4864,41.54999999998836,1.1409599,1496.1525

-0.03509863,1.3887587,0.029166592,-0.021434102,0.038830545,0.01076515,0.9989579,1.3317698,4.422966,357.4902,41.56666666668025,1.1409599,1496.1525

-0.035116952,1.3887271,0.02902605,-0.02150735,0.038957044,0.010759767,0.99895144,1.3318094,4.437384,357.48163,41.583333333343035,1.1409599,1496.1525

-0.035144333,1.3886877,0.02886529,-0.021567916,0.03894944,0.010773128,0.9989503,1.3335931,4.436398,357.4746,41.60000000000582,1.1409599,1496.1525

-0.035305932,1.3889163,0.029271662,-0.0213619,0.039617915,0.010855897,0.99892753,1.3439305,4.513101,357.4969,41.61666666666861,1.1409599,1496.1525

-0.0353878,1.3889763,0.029338613,-0.021246344,0.039801147,0.010941226,0.9989218,1.353684,4.534051,357.5095,41.63333333333139,1.1409599,1496.1525

-0.035451327,1.3889931,0.029320003,-0.021183364,0.03991591,0.010984901,0.99891806,1.358712,4.5471845,357.51633,41.64999999999418,1.1409599,1496.1525

-0.03551222,1.3890069,0.029317755,-0.021006271,0.04008935,0.010970095,0.998915,1.3566518,4.567346,357.53647,41.666666666656965,1.1409599,1496.1525

-0.03556855,1.389015,0.029341798,-0.020873377,0.040293835,0.010936674,0.99890995,1.3527293,4.591052,357.55157,41.68333333331975,1.1409599,1496.1525

-0.035612985,1.3890171,0.029379182,-0.020733805,0.040441982,0.010897051,0.9989073,1.3479139,4.608322,357.56757,41.70000000001164,1.1409599,1496.1525

-0.03635852,1.3888379,0.029766869,-0.020579876,0.03854466,0.010846236,0.99898607,1.3365703,4.391133,357.5884,41.71666666667443,1.1409599,1496.1525

-0.036601428,1.3887701,0.02991463,-0.020534797,0.037874423,0.010907643,0.99901193,1.3417357,4.314209,357.59433,41.733333333337214,1.1409599,1496.1525

-0.036689434,1.388733,0.029960865,-0.020476323,0.03741165,0.011048832,0.99902904,1.3565325,4.260898,357.60114,41.75,1.1409599,1496.1525

-0.036730707,1.3887024,0.029962365,-0.020562984,0.036992997,0.011237691,0.9990407,1.3775312,4.2123327,357.59106,41.766666666662786,1.1409599,1496.1525

-0.03675379,1.3886788,0.029954892,-0.0206204,0.03662959,0.011404971,0.99905103,1.39606,4.170191,357.58432,41.78333333332557,1.1409599,1496.1525

-0.03677276,1.3886638,0.029965257,-0.020481935,0.03637089,0.011520332,0.99906206,1.4080756,4.140452,357.60016,41.79999999998836,1.1409599,1496.1525

-0.034988366,1.3893683,0.031631526,-0.02029639,0.038886014,0.011706003,0.99896896,1.4349005,4.428598,357.61664,41.81666666668025,1.1409599,1496.1525

-0.034449022,1.3895969,0.03222009,-0.020246899,0.03975204,0.011749862,0.9989353,1.4418828,4.5278487,357.6207,41.833333333343035,1.1409599,1496.1525

-0.034301713,1.3896737,0.03247658,-0.020131934,0.04009596,0.011770476,0.99892366,1.4445847,4.5673947,357.63324,41.85000000000582,1.1409599,1496.1525

-0.034268692,1.3896976,0.032638684,-0.019916562,0.040316336,0.011794867,0.99891883,1.4469434,4.592915,357.65753,41.86666666666861,1.1409599,1496.1525

-0.0342601,1.3896863,0.032740045,-0.019879427,0.040407825,0.011873858,0.99891496,1.4560701,4.6032734,357.6613,41.88333333333139,1.1409599,1496.1525

-0.034250766,1.3896563,0.03280088,-0.020033916,0.040360484,0.01201323,0.9989121,1.472673,4.5972915,357.64297,41.89999999999418,1.1409599,1496.1525

-0.03509206,1.3896052,0.03408247,-0.02013452,0.03896535,0.012154943,0.9989638,1.4859325,4.436862,357.63312,41.916666666656965,1.1409599,1496.1525

-0.035336748,1.3895586,0.034492895,-0.020249564,0.038269505,0.012344372,0.998986,1.5064539,4.3564677,357.6202,41.93333333331975,1.1409599,1496.1525

-0.035383627,1.3895208,0.034630135,-0.020323735,0.037802573,0.012510749,0.99900025,1.5247084,4.3024306,357.61176,41.95000000001164,1.1409599,1496.1525

-0.035359398,1.3894978,0.034708407,-0.020241555,0.037512235,0.012630075,0.99901134,1.5373282,4.268989,357.6212,41.96666666667443,1.1409599,1496.1525

-0.03530817,1.3894858,0.034795977,-0.020181745,0.03741328,0.012697524,0.9990154,1.5445696,4.257577,357.62793,41.983333333337214,1.1409599,1496.1525

-0.03524922,1.389483,0.03490232,-0.020182498,0.037470616,0.0126975365,0.99901325,1.5447173,4.264149,357.62775,42.0,1.1409599,1496.1525

-0.035245128,1.3891035,0.034458205,-0.020107895,0.03765672,0.012591666,0.9990091,1.5327054,4.285848,357.63647,42.016666666662786,1.1409599,1496.1525

-0.035214573,1.3890052,0.03437973,-0.020084022,0.03787295,0.012425241,0.99900347,1.5140313,4.311066,357.63956,42.03333333332557,1.1409599,1496.1525

-0.035171736,1.3889927,0.0343976,-0.020111606,0.03802897,0.012241096,0.99899924,1.4933946,4.329345,357.6369,42.04999999998836,1.1409599,1496.1525

-0.035118032,1.3890101,0.03443556,-0.020179676,0.03810923,0.0120565435,0.9989971,1.4726995,4.3388824,357.62976,42.06666666668025,1.1409599,1496.1525

-0.035060972,1.389035,0.034463137,-0.020312507,0.038044088,0.011906784,0.99899864,1.4559186,4.3315763,357.61526,42.083333333343035,1.1409599,1496.1525

-0.03499721,1.3890511,0.034480263,-0.020499986,0.037895694,0.011792559,0.9990018,1.4432428,4.314566,357.59448,42.10000000000582,1.1409599,1496.1525

-0.036089595,1.3888041,0.03183562,-0.020620083,0.0364919,0.0116846915,0.9990528,1.4278231,4.153731,357.5834,42.11666666666861,1.1409599,1496.1525

-0.036396526,1.3887054,0.031040598,-0.02064357,0.0359509,0.0116628,0.99907225,1.4240392,4.0917354,357.58167,42.13333333333139,1.1409599,1496.1525

-0.03645757,1.3886601,0.030853227,-0.020517547,0.035770636,0.0116265835,0.99908173,1.418912,4.0713387,357.5966,42.14999999999418,1.1409599,1496.1525

-0.036437843,1.3886344,0.030863186,-0.020398289,0.035761632,0.011550251,0.9990854,1.4096404,4.070658,357.6106,42.166666666656965,1.1409599,1496.1525

-0.03638925,1.3886144,0.030926978,-0.02045796,0.03579745,0.011455842,0.999084,1.3991363,4.074907,357.60406,42.18333333331975,1.1409599,1496.1525

-0.03632899,1.3885993,0.03101235,-0.020548472,0.035871543,0.011348281,0.9990807,1.3873451,4.083532,357.59402,42.20000000001164,1.1409599,1496.1525

-0.03361683,1.389079,0.03408801,-0.020625465,0.038601484,0.011215414,0.99897885,1.3793061,4.3966937,357.58145,42.21666666667443,1.1409599,1496.1525

-0.03271825,1.3892097,0.035139322,-0.020826256,0.03961338,0.011101437,0.99893636,1.3696917,4.5127015,357.5573,42.233333333337214,1.1409599,1496.1525

-0.03239809,1.3892295,0.035543077,-0.021021094,0.04001099,0.010967541,0.9989179,1.3562237,4.558348,357.5349,42.25,1.1409599,1496.1525

-0.032265365,1.3892215,0.035761096,-0.020960165,0.040219855,0.010825135,0.99891233,1.3401284,4.5827274,357.54224,42.266666666662786,1.1409599,1496.1525

-0.03218823,1.3892065,0.035928298,-0.020807581,0.040379886,0.010660326,0.99891084,1.3209081,4.6016817,357.5603,42.28333333332557,1.1409599,1496.1525

-0.032124124,1.3891824,0.036076177,-0.020837251,0.040512543,0.010520327,0.9989063,1.3053056,4.6171937,357.5573,42.29999999998836,1.1409599,1496.1525

-0.035195805,1.3891543,0.033169895,-0.020883434,0.038190138,0.010369655,0.99899846,1.2822789,4.3512506,357.55615,42.31666666668025,1.1409599,1496.1525

-0.036125615,1.3891127,0.03234351,-0.020900238,0.03736943,0.010298671,0.9990298,1.2721097,4.257318,357.55573,42.333333333343035,1.1409599,1496.1525

-0.036376465,1.3890713,0.03216591,-0.02095191,0.0369719,0.010267148,0.9990439,1.2676966,4.2117586,357.5505,42.35000000000582,1.1409599,1496.1525

-0.036417816,1.3890359,0.032178752,-0.021148413,0.036666494,0.010253334,0.99905115,1.2661545,4.1765337,357.52844,42.36666666666861,1.1409599,1496.1525

-0.03639412,1.3890095,0.03226913,-0.021292336,0.03648221,0.010237742,0.99905497,1.2644904,4.155265,357.51224,42.38333333333139,1.1409599,1496.1525

-0.03635025,1.3889962,0.03239901,-0.021361757,0.03641086,0.010193838,0.9990566,1.259554,4.1471076,357.50458,42.39999999999418,1.1409599,1496.1525

-0.036009192,1.3891249,0.032034144,-0.021434799,0.03681609,0.010280653,0.9990393,1.2708795,4.193251,357.4952,42.416666666656965,1.1409599,1496.1525

-0.03587717,1.3891551,0.032005485,-0.021539534,0.037087947,0.010321678,0.99902654,1.2767415,4.2241774,357.48264,42.43333333331975,1.1409599,1496.1525

-0.035819583,1.3891499,0.032077752,-0.021762788,0.037316047,0.010385243,0.99901253,1.2855886,4.2498784,357.45636,42.45000000001164,1.1409599,1496.1525

-0.03579544,1.3891387,0.03218645,-0.021950424,0.03744508,0.010481779,0.9990026,1.2978154,4.2641807,357.43423,42.46666666667443,1.1409599,1496.1525

-0.035797194,1.3891407,0.032317087,-0.021962116,0.037399948,0.010582349,0.999003,1.3092909,4.2587337,357.43253,42.483333333337214,1.1409599,1496.1525

-0.035820276,1.3891646,0.032455485,-0.021922823,0.03718823,0.01065281,0.999011,1.3166475,4.2343345,357.43704,42.5,1.1409599,1496.1525

-0.03562293,1.3895724,0.03239068,-0.022006007,0.036410984,0.010784034,0.9990364,1.3299837,4.1447906,357.42813,42.516666666662786,1.1409599,1496.1525

-0.0356002,1.389759,0.03247166,-0.021983998,0.03605878,0.010799754,0.9990495,1.3307554,4.104408,357.43112,42.53333333332557,1.1409599,1496.1525

-0.035627194,1.3898833,0.032637656,-0.021836055,0.035964753,0.010789772,0.9990562,1.328751,4.093852,357.4483,42.54999999998836,1.1409599,1496.1525

-0.03565682,1.3899827,0.032860346,-0.021561809,0.03605532,0.010798769,0.99905884,1.3288958,4.1045747,357.4796,42.56666666668025,1.1409599,1496.1525

-0.03567511,1.390059,0.033110246,-0.021440197,0.03630337,0.010851517,0.99905187,1.3350985,4.133038,357.49298,42.583333333343035,1.1409599,1496.1525

-0.03568542,1.3901186,0.033346888,-0.021487163,0.03654705,0.0109175695,0.99904126,1.3435135,4.1607423,357.48694,42.60000000000582,1.1409599,1496.1525

-0.03453511,1.3905739,0.0320414,-0.021553587,0.038767118,0.011006174,0.9989552,1.3598083,4.4149265,357.47552,42.61666666666861,1.1409599,1496.1525

-0.03419987,1.39075,0.031676542,-0.021593459,0.0394546,0.011074218,0.99892664,1.3696175,4.493514,357.46954,42.63333333333139,1.1409599,1496.1525

-0.0341302,1.3908349,0.031591106,-0.021680111,0.03962102,0.011129246,0.9989176,1.3767694,4.5123343,357.45908,42.64999999999418,1.1409599,1496.1525

-0.03415847,1.390885,0.03159464,-0.021758514,0.039660342,0.011182529,0.9989137,1.3833482,4.5165977,357.4498,42.666666666656965,1.1409599,1496.1525

-0.03423017,1.3909311,0.031635117,-0.021836808,0.03972093,0.011215489,0.9989092,1.3876501,4.5233507,357.44052,42.68333333331975,1.1409599,1496.1525

-0.034310166,1.3909844,0.031706143,-0.021815035,0.039854474,0.011204468,0.99890447,1.3866434,4.538719,357.44287,42.70000000001164,1.1409599,1496.1525

-0.03432112,1.3906664,0.03414003,-0.021893317,0.03923833,0.011122618,0.99892807,1.3759464,4.468185,357.4352,42.71666666667443,1.1409599,1496.1525

-0.034347907,1.3905915,0.03496643,-0.021901602,0.039275352,0.011024625,0.99892753,1.3648301,4.472669,357.43466,42.733333333337214,1.1409599,1496.1525

-0.034362555,1.390593,0.03529767,-0.021882646,0.03957328,0.010923846,0.9989173,1.3539704,4.507108,357.4368,42.75,1.1409599,1496.1525

-0.03436084,1.3906252,0.03546869,-0.021988058,0.03991613,0.010812872,0.99890256,1.342626,4.5465574,357.42468,42.766666666662786,1.1409599,1496.1525

-0.03434562,1.3906721,0.03559479,-0.022200366,0.040256277,0.010720316,0.9988852,1.3338889,4.5855083,357.40018,42.78333333332557,1.1409599,1496.1525

-0.03432384,1.3907354,0.035705872,-0.022299418,0.040464908,0.010640827,0.99887544,1.3257847,4.6095023,357.38885,42.79999999998836,1.1409599,1496.1525

-0.036501385,1.39053,0.032609735,-0.022390371,0.039120384,0.0105814235,0.9989276,1.3157058,4.4553976,357.3807,42.81666666668025,1.1409599,1496.1525

-0.03717055,1.3905071,0.03168122,-0.022434248,0.038697496,0.010508259,0.99894387,1.3063438,4.4070535,357.37665,42.833333333343035,1.1413158,1495.5668

-0.03737084,1.390546,0.031460162,-0.022383574,0.03858439,0.010427792,0.99895024,1.296572,4.3943634,357.38303,42.85000000000582,1.1413158,1495.5668

-0.037426118,1.3906057,0.031472396,-0.022240644,0.03858226,0.010354043,0.99895424,1.2874686,4.3944974,357.39975,42.86666666666861,1.1413158,1495.5668

-0.03743181,1.390668,0.031565998,-0.021929557,0.038617026,0.010316141,0.9989602,1.2818385,4.3989806,357.4356,42.88333333333139,1.1413158,1495.5668

-0.03741467,1.3907145,0.031678416,-0.021681525,0.03865666,0.010362315,0.9989636,1.286151,4.4037247,357.46384,42.89999999999418,1.1413158,1495.5668

-0.037392944,1.3906624,0.03154935,-0.021655735,0.038656253,0.01051822,0.9989625,1.3039378,4.4033165,357.4661,42.916666666656965,1.1413158,1495.5668

-0.037382737,1.3906586,0.03155024,-0.02161378,0.038630944,0.010670643,0.9989628,1.3211874,4.4000845,357.47028,42.93333333331975,1.1413158,1495.5668

-0.037389576,1.3906745,0.03157951,-0.021547263,0.038542714,0.010823074,0.99896604,1.3381643,4.3896728,357.4774,42.95000000001164,1.1413158,1495.5668

-0.037410438,1.3907,0.031624258,-0.021433696,0.038484123,0.010949552,0.9989693,1.3520333,4.38279,357.48996,42.96666666667443,1.1413158,1495.5668

-0.037446,1.3907384,0.031675298,-0.021349246,0.03848016,0.011031471,0.9989704,1.3610581,4.382245,357.49933,42.983333333337214,1.1413158,1495.5668

-0.037492264,1.390785,0.031719454,-0.021214252,0.038428627,0.011120139,0.9989742,1.3705122,4.3763003,357.5145,43.0,1.1413158,1495.5668

-0.03770872,1.3907853,0.031792104,-0.020997586,0.038214535,0.011246315,0.9989856,1.383498,4.351743,357.53918,43.016666666662786,1.1413158,1495.5668

-0.037811875,1.3907882,0.031823285,-0.020649288,0.038046107,0.011352245,0.9989981,1.393714,4.3326607,357.57898,43.03333333332557,1.1413158,1495.5668

-0.037865266,1.3907756,0.031830277,-0.020433098,0.03789044,0.01142701,0.99900764,1.4009686,4.314938,357.60373,43.04999999998836,1.1413158,1495.5668

-0.037897065,1.3907431,0.03182464,-0.020426124,0.0378488,0.011471572,0.99900883,1.4059505,4.310067,357.60443,43.06666666668025,1.1413158,1495.5668

-0.037925035,1.3907008,0.03181327,-0.020496476,0.037936747,0.0114767365,0.999004,1.4070688,4.3200374,357.59616,43.083333333343035,1.1413158,1495.5668

-0.03795873,1.3906617,0.031791255,-0.020542992,0.03805801,0.011432887,0.99899894,1.4025416,4.333979,357.59085,43.10000000000582,1.1413158,1495.5668

-0.03738328,1.3900653,0.03151015,-0.020476347,0.03873294,0.011470708,0.9989739,1.4082947,4.4113555,357.59723,43.11666666666861,1.1413158,1495.5668

-0.03724821,1.3898417,0.031401295,-0.020457074,0.039037105,0.011443025,0.9989628,1.4057966,4.4463196,357.5991,43.13333333333139,1.1413158,1495.5668

-0.037256017,1.389739,0.03134159,-0.020431207,0.039172567,0.011421343,0.9989583,1.4035325,4.461938,357.60193,43.14999999999418,1.1413158,1495.5668

-0.037303764,1.3896698,0.031306535,-0.020227658,0.03922564,0.011452217,0.99895996,1.4062994,4.468235,357.6251,43.166666666656965,1.1413158,1495.5668

-0.037354607,1.389598,0.03127238,-0.019984903,0.039157785,0.011545285,0.99896646,1.4157319,4.460579,357.65268,43.18333333331975,1.1413158,1495.5668

-0.0373932,1.3895038,0.03122898,-0.01990831,0.03898051,0.011685915,0.9989733,1.4311026,4.4400344,357.66113,43.20000000001164,1.1413158,1495.5668

-0.036976013,1.3896492,0.030817406,-0.020001786,0.039463367,0.01183394,0.9989507,1.4497113,4.4949093,357.64896,43.21666666667443,1.1413158,1495.5668

-0.036839325,1.389622,0.030662818,-0.019969016,0.039519124,0.011962725,0.9989477,1.4644911,4.501047,357.65204,43.233333333337214,1.1409599,1496.1525

-0.036786504,1.3895419,0.03058524,-0.019996203,0.03950141,0.012048288,0.9989468,1.4743961,4.4987745,357.64856,43.25,1.1409599,1496.1525

-0.036758646,1.3894503,0.030513603,-0.020120557,0.03949405,0.012071588,0.9989443,1.4776146,4.4976916,357.6342,43.266666666662786,1.1409599,1496.1525

-0.036745906,1.3893576,0.030434508,-0.020173665,0.039519425,0.012058841,0.9989424,1.4764535,4.5005527,357.6281,43.28333333332557,1.1409599,1496.1525

-0.036745377,1.3892694,0.03034044,-0.02019151,0.039592627,0.011997222,0.9989398,1.4696409,4.509065,357.6262,43.29999999998836,1.1409599,1496.1525

-0.035658564,1.3894544,0.03082234,-0.020220106,0.040243622,0.011947404,0.9989138,1.4656786,4.5837755,357.62207,43.31666666668025,1.1409599,1496.1525

-0.03532212,1.3894534,0.030849846,-0.020272264,0.04040622,0.011874465,0.9989071,1.4579495,4.6025147,357.61615,43.333333333343035,1.1409599,1496.1525

-0.035211973,1.3893872,0.030717585,-0.020173635,0.040364735,0.01182536,0.9989113,1.4517508,4.598019,357.62778,43.35000000000582,1.1409599,1496.1525

-0.03516066,1.3892975,0.030526973,-0.020189062,0.040255252,0.011822399,0.9989155,1.4512079,4.5854516,357.6262,43.36666666666861,1.1409599,1496.1525

-0.03512363,1.3892025,0.030313693,-0.020320946,0.040122893,0.011836155,0.998918,1.4530613,4.570052,357.6112,43.38333333333139,1.1409599,1496.1525

-0.035089552,1.38912,0.030109752,-0.020317333,0.04001313,0.011843343,0.99892235,1.4535944,4.5574565,357.61176,43.39999999999418,1.1409599,1496.1525

-0.0354394,1.3890926,0.029847547,-0.020123934,0.039667096,0.011772158,0.9989409,1.4436737,4.5182343,357.63486,43.416666666656965,1.1409599,1496.1525

-0.03550464,1.3890442,0.029660229,-0.02000968,0.039552215,0.0117284125,0.9989483,1.4378477,4.5053325,357.64838,43.43333333331975,1.1409599,1496.1525

-0.035474878,1.3889893,0.0294864,-0.020053247,0.03949221,0.011680234,0.99895036,1.4323632,4.4985037,357.64368,43.45000000001164,1.1409599,1496.1525

-0.035418376,1.3889244,0.029301394,-0.02018348,0.039412178,0.0116238445,0.99895155,1.4262754,4.4892755,357.62912,43.46666666667443,1.1409599,1496.1525

-0.035366252,1.388846,0.0290851,-0.020220373,0.039205134,0.011556267,0.9989597,1.4181644,4.4656467,357.62552,43.483333333337214,1.1409599,1496.1525

-0.03532442,1.3887405,0.028825153,-0.020263499,0.038928073,0.011515107,0.99897015,1.4129387,4.4339204,357.6212,43.5,1.1409599,1496.1525

-0.035280257,1.3885008,0.028983332,-0.020416565,0.03873801,0.011482958,0.9989748,1.4094496,4.4119916,357.60403,43.516666666662786,1.1409599,1496.1525

-0.035254396,1.3883319,0.028856825,-0.020710606,0.038693864,0.011374609,0.9989717,1.3981965,4.4067793,357.57083,43.53333333332557,1.1409599,1496.1525

-0.03525952,1.3881904,0.028649973,-0.020925727,0.038784195,0.011193394,0.9989658,1.3785704,4.417279,357.54678,43.54999999998836,1.1409599,1496.1525

-0.035294514,1.3880593,0.028410345,-0.0211334,0.038950033,0.010983122,0.9989573,1.355775,4.436525,357.5236,43.56666666668025,1.1409599,1496.1525

-0.03534867,1.3879416,0.028152503,-0.021384738,0.039185267,0.010730038,0.9989455,1.3284475,4.463786,357.49548,43.583333333343035,1.1409599,1496.1525

-0.03541403,1.3878314,0.027882205,-0.021556243,0.03941982,0.010500365,0.998935,1.3034593,4.491027,357.47644,43.60000000000582,1.1409599,1496.1525

-0.035862587,1.3888553,0.028082393,-0.021688152,0.039653193,0.0103455,0.99892455,1.286888,4.518004,357.46164,43.61666666666861,1.1409599,1496.1525

-0.03605169,1.389126,0.027968451,-0.02195746,0.039748304,0.0103247315,0.9989151,1.2859781,4.5286136,357.43066,43.63333333333139,1.1409599,1496.1525

-0.036153205,1.3891424,0.027750995,-0.02221999,0.039749324,0.01040217,0.99890846,1.296066,4.5281916,357.40018,43.64999999999418,1.1409599,1496.1525

-0.03621781,1.389067,0.027505223,-0.022558723,0.03974076,0.0105423555,0.99889964,1.3136793,4.526399,357.3606,43.666666666656965,1.1409599,1496.1525

-0.036270067,1.3889632,0.027267031,-0.022941105,0.0397515,0.0106773665,0.99888915,1.3309491,4.5267653,357.31604,43.68333333331975,1.1409599,1496.1525

-0.036332726,1.3888571,0.027046382,-0.023267167,0.039733987,0.010792543,0.99888104,1.3456057,4.5240088,357.2781,43.70000000001164,1.1409599,1496.1525

-0.03448702,1.3898194,0.021929374,-0.023402361,0.038355876,0.010824131,0.9989314,1.3459169,4.3657594,357.2646,43.71666666667443,1.1409599,1496.1525

-0.033977434,1.3900979,0.020251717,-0.023568008,0.03800404,0.010828912,0.99894094,1.3461823,4.3251915,357.2461,43.733333333337214,1.1409599,1496.1525

-0.033913974,1.3901641,0.019658748,-0.023803802,0.038005028,0.01081011,0.99893546,1.3450493,4.325039,357.2191,43.75,1.1409599,1496.1525

-0.03400554,1.3901691,0.019405538,-0.023995304,0.038044084,0.010793993,0.9989296,1.3441432,4.3293037,357.19708,43.766666666662786,1.1413158,1495.5668

-0.034146503,1.3901634,0.019263007,-0.024083884,0.038039777,0.0107820565,0.9989278,1.3431447,4.328724,357.18698,43.78333333332557,1.1413158,1495.5668

-0.034292124,1.3901539,0.019155582,-0.024196714,0.038024943,0.010786944,0.99892557,1.3441517,4.326858,357.17404,43.79999999998836,1.1413158,1495.5668

-0.033866733,1.3902758,0.018940989,-0.024176383,0.038128916,0.010724927,0.9989227,1.3372488,4.3389783,357.17648,43.81666666668025,1.1413158,1495.5668

-0.033762816,1.3903184,0.018882627,-0.024282746,0.038247094,0.010739463,0.99891555,1.3397286,4.3523417,357.164,43.833333333343035,1.1413158,1495.5668

-0.03375353,1.3903345,0.01888838,-0.024465786,0.038383693,0.0107931355,0.99890524,1.3470954,4.3676014,357.14255,43.85000000000582,1.1413158,1495.5668

-0.03377542,1.3903524,0.018946912,-0.024675848,0.03862069,0.010842517,0.9988904,1.3543949,4.394343,357.1178,43.86666666666861,1.1413158,1495.5668

-0.03381694,1.3903784,0.01904417,-0.024854288,0.03890712,0.010914728,0.99887407,1.3643371,4.4267244,357.09653,43.88333333333139,1.1413158,1495.5668

-0.033877056,1.3904185,0.019160906,-0.0248942,0.039088413,0.010998394,0.99886507,1.3746692,4.4472075,357.09128,43.89999999999418,1.1413158,1495.5668

-0.033245385,1.3902152,0.029382654,-0.024772163,0.041720837,0.01113639,0.9987601,1.397923,4.74875,357.1004,43.916666666656965,1.1413158,1495.5668

-0.033083662,1.3901916,0.032709848,-0.02479826,0.0423425,0.011299286,0.9987314,1.4186442,4.8195105,357.0956,43.93333333331975,1.1413158,1495.5668

-0.033072572,1.390224,0.033849757,-0.024721164,0.04221235,0.011475381,0.99873686,1.4381045,4.8041887,357.10382,43.95000000001164,1.1413158,1495.5668

-0.033109542,1.3902783,0.03428824,-0.024567796,0.041894138,0.011660757,0.9987519,1.4576994,4.767394,357.1211,43.96666666667443,1.1413158,1495.5668

-0.033163834,1.3903481,0.034492623,-0.024578108,0.04168431,0.01179048,0.9987589,1.4720162,4.74295,357.11963,43.983333333337214,1.1413158,1495.5668

-0.033226147,1.3904301,0.034637146,-0.024661452,0.041696455,0.011846855,0.9987557,1.4789246,4.7440567,357.10977,44.0,1.1413158,1495.5668

-0.02608326,1.3926756,0.012672191,-0.024708685,0.040645126,0.011789165,0.99879855,1.4693407,4.623629,357.1064,44.016666666662786,1.1413158,1495.5668

-0.023880273,1.3934515,0.0058544306,-0.024729256,0.040459488,0.011791288,0.9988055,1.4691182,4.6023116,357.10437,44.03333333332557,1.1413158,1495.5668

-0.02322337,1.3937745,0.0038171792,-0.024658237,0.04041087,0.011798549,0.99880916,1.4694775,4.5968213,357.11258,44.04999999998836,1.1413158,1495.5668

-0.02303519,1.3939513,0.0032884176,-0.02458737,0.04025083,0.011844464,0.9988168,1.4739423,4.5784473,357.1208,44.06666666668025,1.1413158,1495.5668

-0.022975042,1.3940811,0.0032615997,-0.024428314,0.040032145,0.011913918,0.9988287,1.4805335,4.5534134,357.13913,44.083333333343035,1.1413158,1495.5668

-0.022940084,1.394201,0.003401937,-0.024244074,0.03976584,0.011975546,0.9988431,1.4859786,4.5229836,357.16046,44.10000000000582,1.1413158,1495.5668

-0.029518506,1.3912325,0.024161046,-0.024053043,0.040887628,0.012015517,0.99880195,1.4930111,4.6517544,357.1803,44.11666666666861,1.1413158,1495.5668

-0.031572066,1.3903879,0.030818429,-0.023918886,0.04106632,0.012045536,0.9987975,1.4963579,4.672356,357.19525,44.13333333333139,1.1413158,1495.5668

-0.032209016,1.3902224,0.033029135,-0.023807492,0.041072316,0.012015238,0.9988002,1.4923736,4.6732945,357.2082,44.14999999999418,1.1413158,1495.5668

-0.032410294,1.3902743,0.033825397,-0.023667235,0.04105523,0.011963498,0.9988049,1.4857237,4.671689,357.22458,44.166666666656965,1.1413158,1495.5668

-0.03248073,1.3903965,0.034149535,-0.023571117,0.041024204,0.011930848,0.99880886,1.4814336,4.668366,357.23584,44.18333333331975,1.1413158,1495.5668

-0.032512374,1.3905337,0.034296323,-0.023574177,0.040928323,0.011955831,0.99881244,1.4840394,4.6573005,357.23553,44.20000000001164,1.1413158,1495.5668

-0.01613549,1.3933172,0.019088537,-0.023618562,0.04111907,0.0119343735,0.9988038,1.482336,4.679161,357.2302,44.21666666667443,1.1413158,1495.5668

-0.010998427,1.3942919,0.01433506,-0.023756795,0.041061427,0.011964146,0.9988025,1.4862361,4.6722646,357.2143,44.233333333337214,1.1413158,1495.5668

-0.009400061,1.394705,0.012891999,-0.023812842,0.040986676,0.011997338,0.9988038,1.4900923,4.6635184,357.2078,44.25,1.1413158,1495.5668

-0.008913733,1.3949572,0.01250906,-0.023696933,0.040965296,0.012007749,0.9988074,1.4906833,4.661212,357.2211,44.266666666662786,1.1413158,1495.5668

-0.0087743625,1.3951743,0.012475307,-0.023523299,0.041028526,0.0120117,0.99880886,1.4905081,4.668709,357.24094,44.28333333332557,1.1413158,1495.5668

-0.008744836,1.3953917,0.012549403,-0.023311358,0.041102745,0.012004125,0.9988108,1.4888585,4.677554,357.2652,44.29999999998836,1.1413158,1495.5668

-0.008796667,1.3954349,0.012539947,-0.02311475,0.041098733,0.011938849,0.9988163,1.4804273,4.6775646,357.28812,44.31666666668025,1.1413158,1495.5668

-0.008815899,1.3955923,0.01259371,-0.02290919,0.04117887,0.0118371695,0.998819,1.4680104,4.6873302,357.31207,44.333333333343035,1.1413158,1495.5668

-0.008820131,1.3957849,0.01265799,-0.022729345,0.041279003,0.01169144,0.99882066,1.450707,4.6994624,357.33322,44.35000000000582,1.1413158,1495.5668

-0.008814926,1.3959693,0.012727348,-0.022638584,0.04150762,0.011542659,0.998815,1.4338269,4.7262006,357.344,44.36666666666861,1.1413158,1495.5668

-0.008810706,1.3961289,0.01279091,-0.02273867,0.04184173,0.011391544,0.9988005,1.4178784,4.764766,357.33267,44.38333333333139,1.1413158,1495.5668

-0.008817657,1.3962598,0.012832456,-0.022956233,0.04212453,0.01123021,0.9987855,1.4011846,4.797314,357.30795,44.39999999999418,1.1413158,1495.5668

-0.008837886,1.3956151,0.012653149,-0.02317559,0.04249481,0.011048793,0.9987668,1.3824546,4.8399534,357.28302,44.416666666656965,1.1413158,1495.5668

-0.008851859,1.3954493,0.012589537,-0.023242492,0.042725522,0.010794313,0.99875814,1.3542043,4.8670053,357.2762,44.43333333331975,1.1413158,1495.5668

-0.008860263,1.3954308,0.012563365,-0.023193555,0.042900473,0.010525063,0.9987547,1.3235321,4.887863,357.2829,44.45000000001164,1.1413158,1495.5668

-0.008863962,1.3954418,0.012558046,-0.023162328,0.043118134,0.010313066,0.9987482,1.2996424,4.9134364,357.28717,44.46666666667443,1.1413158,1495.5668

-0.008862369,1.3954521,0.012564487,-0.023327589,0.04335743,0.010185825,0.9987353,1.2865225,4.9410057,357.26843,44.483333333337214,1.1413158,1495.5668

-0.008851111,1.3954624,0.012589191,-0.02350624,0.043552928,0.010148284,0.998723,1.283658,4.963294,357.24777,44.5,1.1413158,1495.5668

-0.007855414,1.3956621,0.008392549,-0.023667628,0.044135436,0.010286578,0.9986922,1.3020383,5.029493,357.22763,44.516666666662786,1.1413158,1495.5668

-0.007496603,1.3957245,0.0071059195,-0.023711536,0.044310525,0.010438994,0.9986818,1.3202813,5.0490866,357.22156,44.53333333332557,1.1413158,1495.5668

-0.007325262,1.3957565,0.0067330124,-0.023703152,0.04422902,0.010593422,0.998684,1.3377453,5.0393233,357.22186,44.54999999998836,1.1413158,1495.5668

-0.007218875,1.3957883,0.00664567,-0.02364799,0.0439846,0.010732191,0.99869466,1.3527004,5.0109878,357.22787,44.56666666668025,1.1413158,1495.5668

-0.007149315,1.3958226,0.006630664,-0.023630405,0.04365049,0.010841238,0.99870855,1.3641711,4.9724007,357.22992,44.583333333343035,1.1413158,1495.5668

-0.006832591,1.3944571,0.007876638,-0.023668718,0.04337745,0.010938632,0.99871844,1.3747581,4.9407725,357.22546,44.60000000000582,1.1413158,1495.5668

-0.0067147417,1.3940331,0.008267508,-0.023472985,0.04314542,0.0109946905,0.9987325,1.3795588,4.914284,357.24805,44.61666666666861,1.1413158,1495.5668

-0.0066566663,1.3939099,0.008421371,-0.023304736,0.04304951,0.011003207,0.9987405,1.3794327,4.9034967,357.2675,44.63333333333139,1.1413158,1495.5668

-0.006606683,1.3938872,0.008536716,-0.023208069,0.043133378,0.010947348,0.9987398,1.3727791,4.913398,357.27875,44.64999999999418,1.1413158,1495.5668

-0.006547831,1.3939089,0.008664708,-0.023125231,0.04329393,0.010817963,0.9987361,1.3579626,4.932271,357.28867,44.666666666656965,1.1413158,1495.5668

-0.006479083,1.3939484,0.008805861,-0.0229376,0.04339464,0.010666292,0.9987377,1.339893,4.9444814,357.31082,44.68333333331975,1.1413158,1495.5668

-0.006396912,1.3940018,0.008977978,-0.022590961,0.043482266,0.0104659675,0.99874395,1.3154012,4.955525,357.3515,44.70000000001164,1.1413158,1495.5668

-0.0059165703,1.3935984,0.011335725,-0.022218516,0.043695007,0.010250545,0.9987452,1.2893796,4.9809694,357.39505,44.71666666667443,1.1413158,1495.5668

-0.0057002082,1.3934884,0.012204056,-0.021982094,0.04372402,0.010145697,0.99875027,1.2762297,4.984872,357.42273,44.733333333337214,1.1413158,1495.5668

-0.005571595,1.3934425,0.012588614,-0.021885311,0.04363156,0.0101620825,0.9987563,1.2773794,4.974352,357.4339,44.75,1.1413158,1495.5668

-0.0054887533,1.3933982,0.01279828,-0.021887494,0.04340143,0.010281462,0.998765,1.290487,4.9476557,357.4334,44.766666666662786,1.1413158,1495.5668

-0.0054402007,1.3933583,0.012942068,-0.021927584,0.043111026,0.010387239,0.9987756,1.3020558,4.914033,357.4287,44.78333333332557,1.1413158,1495.5668

-0.005425878,1.3933269,0.013063096,-0.021861909,0.042798936,0.010436978,0.99878997,1.3066076,4.8782067,357.4365,44.79999999998836,1.1413158,1495.5668

-0.004738352,1.3929552,0.013153969,-0.021735502,0.042751,0.010332366,0.99879587,1.2938429,4.873143,357.45163,44.81666666668025,1.1413158,1495.5668

-0.00453811,1.3928227,0.013295145,-0.021537768,0.04286305,0.010213506,0.9987966,1.2795177,4.8865476,357.47476,44.833333333343035,1.1413158,1495.5668

-0.0044949204,1.3927559,0.013475302,-0.021402098,0.043120798,0.010101705,0.99878955,1.2666861,4.9165554,357.4905,44.85000000000582,1.1413158,1495.5668

-0.004490557,1.3927077,0.013673408,-0.021412127,0.043405063,0.010010719,0.99877787,1.2570302,4.9493656,357.48938,44.86666666666861,1.1413158,1495.5668

-0.0044855997,1.3926729,0.013882221,-0.02143393,0.043624125,0.009952556,0.9987685,1.2510332,4.974603,357.48685,44.88333333333139,1.1413158,1495.5668

-0.004476689,1.3926592,0.014102326,-0.021329729,0.043781232,0.009944991,0.99876386,1.2500557,4.9927664,357.49863,44.89999999999418,1.1413158,1495.5668

-0.004367143,1.3921905,0.013859649,-0.021126416,0.04388164,0.009998113,0.9987633,1.2554015,5.004403,357.52158,44.916666666656965,1.1413158,1495.5668

-0.0043613166,1.3920691,0.013932853,-0.020845065,0.043981228,0.010076946,0.99876404,1.2633022,5.0159826,357.55338,44.93333333331975,1.1413158,1495.5668

-0.004387744,1.3920584,0.014135557,-0.020537514,0.044085592,0.0101962825,0.9987646,1.2757307,5.0280504,357.58798,44.95000000001164,1.1413158,1495.5668

-0.0044186995,1.3920819,0.014419724,-0.020230612,0.044185776,0.010355419,0.9987648,1.2927183,5.0395517,357.62228,44.96666666667443,1.1413158,1495.5668

-0.0044353353,1.3921138,0.014776757,-0.019784862,0.044267774,0.010503346,0.99876857,1.307663,5.049186,357.67264,44.983333333337214,1.1413158,1495.5668

-0.0044331355,1.392151,0.015159963,-0.019300146,0.044261876,0.010665045,0.99877656,1.3237734,5.0487766,357.72757,45.0,1.1413158,1495.5668

-0.004326254,1.3919252,0.014931343,-0.018969867,0.044097118,0.010838643,0.9987883,1.3416587,5.0299325,357.7649,45.016666666662786,1.1413158,1495.5668

-0.004285723,1.391876,0.015000827,-0.018693812,0.043869812,0.0109214485,0.9988026,1.34925,5.0040545,357.79657,45.03333333332557,1.1413158,1495.5668

-0.0042804093,1.391886,0.01509427,-0.01850136,0.04359477,0.0109847225,0.99881756,1.3549187,4.972637,357.8188,45.04999999998836,1.1413158,1495.5668

-0.004292312,1.3919214,0.015154805,-0.018390274,0.043385796,0.011001331,0.99882853,1.3557931,4.948789,357.8318,45.06666666668025,1.1413158,1495.5668

-0.004301219,1.391967,0.015191196,-0.018163458,0.043239113,0.01097415,0.9988394,1.3512108,4.9323354,357.85825,45.083333333343035,1.1413158,1495.5668

-0.0042853653,1.3920043,0.015238273,-0.017889045,0.04323624,0.010930275,0.9988449,1.344805,4.9324694,357.88998,45.10000000000582,1.1413158,1495.5668

-0.0040462064,1.3919036,0.014610423,-0.017933147,0.043313097,0.010956592,0.9988405,1.3482193,4.9411674,357.88464,45.11666666666861,1.1413158,1495.5668

-0.003924778,1.3918318,0.014413805,-0.017900094,0.043197654,0.011001668,0.9988456,1.3529764,4.927879,357.88843,45.13333333333139,1.1413158,1495.5668

-0.0038263276,1.3917465,0.014350138,-0.017858343,0.042904504,0.011100973,0.99885786,1.3635249,4.8941107,357.8932,45.14999999999418,1.1413158,1495.5668

-0.0037272559,1.391639,0.014296434,-0.017883271,0.042382076,0.011253623,0.998878,1.3800172,4.8338494,357.89038,45.166666666656965,1.1413158,1495.5668

-0.003616738,1.3915243,0.014230613,-0.017921122,0.0417715,0.011389981,0.99890155,1.3944982,4.763499,357.88635,45.18333333331975,1.1413158,1495.5668

-0.0034979235,1.3914195,0.014155058,-0.017954798,0.041241888,0.011463106,0.9989221,1.4018716,4.7025714,357.88297,45.20000000001164,1.1413158,1495.5668

-0.0032497197,1.391242,0.0135338465,-0.01792908,0.040893983,0.011473011,0.9989368,1.4021096,4.6626964,357.8864,45.21666666667443,1.1413158,1495.5668

-0.0030998215,1.3911552,0.013236155,-0.01793663,0.040729772,0.011384811,0.99894434,1.3916466,4.6440444,357.8862,45.233333333337214,1.1413158,1495.5668

-0.0029831305,1.3911093,0.013028857,-0.018086124,0.04079041,0.0112183085,0.99894106,1.3733546,4.6511436,357.86972,45.25,1.1413158,1495.5668

-0.0028861489,1.3910804,0.0128365345,-0.018278629,0.040911734,0.011011225,0.99893486,1.3507421,4.6652355,357.8484,45.266666666662786,1.1413158,1495.5668

-0.0028023396,1.3910534,0.012647452,-0.01841945,0.040974986,0.010815543,0.9989318,1.3290688,4.6727214,357.83304,45.28333333332557,1.1413158,1495.5668

-0.0027240515,1.3910259,0.012455541,-0.0184289,0.040923536,0.010598845,0.9989361,1.3041048,4.6672807,357.83304,45.29999999998836,1.1413158,1495.5668

-0.0024368986,1.3909743,0.012338434,-0.01845226,0.040901873,0.010443815,0.9989382,1.2863575,4.6651025,357.83112,45.31666666668025,1.1413158,1495.5668

-0.002328284,1.3909117,0.012173516,-0.018624488,0.040793672,0.010303288,0.9989409,1.270773,4.652782,357.81213,45.333333333343035,1.1413158,1495.5668

-0.0022914172,1.3908367,0.01201585,-0.018833315,0.040688526,0.010171438,0.9989426,1.2563591,4.640753,357.7889,45.35000000000582,1.1413158,1495.5668

-0.0023054555,1.3907568,0.011856166,-0.018992247,0.04054688,0.010071533,0.99894637,1.2452927,4.624535,357.77133,45.36666666666861,1.1413158,1495.5668

-0.0023571327,1.3906788,0.011689658,-0.019072471,0.040413678,0.009997389,0.998951,1.2368366,4.6093287,357.76263,45.38333333333139,1.1413158,1495.5668

-0.002434589,1.3905983,0.011518461,-0.019090476,0.040330183,0.009960295,0.99895436,1.2324632,4.599817,357.76086,45.39999999999418,1.1413158,1495.5668

-0.0022071276,1.3903375,0.011481052,-0.019233033,0.04032174,0.010026128,0.9989513,1.2406621,4.598524,357.7442,45.416666666656965,1.1413158,1495.5668

-0.0022271897,1.3901999,0.011372091,-0.01937393,0.04036794,0.010047571,0.99894655,1.2438846,4.6035976,357.7278,45.43333333331975,1.1413158,1495.5668

-0.0023417398,1.3900865,0.011246498,-0.019605378,0.040470913,0.010077597,0.99893755,1.2486497,4.615046,357.70096,45.45000000001164,1.1413158,1495.5668

-0.0025032596,1.3899757,0.011102189,-0.019956965,0.04054335,0.0101019805,0.99892735,1.2532554,4.622854,357.66034,45.46666666667443,1.1413158,1495.5668

-0.002690284,1.389869,0.010951092,-0.020289302,0.040630754,0.010104412,0.9989171,1.255293,4.6324525,357.622,45.483333333337214,1.1413158,1495.5668

-0.0028900455,1.3897758,0.010795638,-0.020575417,0.040706605,0.0100337155,0.99890894,1.2486938,4.6409597,357.58936,45.5,1.1413158,1495.5668

-0.0028378095,1.3895357,0.011081427,-0.020683225,0.04086401,0.0098717045,0.99890184,1.2309868,4.6592646,357.5775,45.516666666662786,1.1413158,1495.5668

-0.0029675872,1.3894308,0.011122118,-0.02071427,0.041140873,0.009646413,0.99889207,1.2059572,4.691517,357.57462,45.53333333332557,1.1413158,1495.5668

-0.0031585246,1.3893607,0.01110503,-0.020819712,0.04155523,0.009426715,0.9988748,1.1822736,4.7394333,357.56296,45.54999999998836,1.1413158,1495.5668

-0.0033623353,1.3892982,0.011078189,-0.020879535,0.041968536,0.00926128,0.99885786,1.1646094,4.787156,357.5563,45.56666666668025,1.1413158,1495.5668

-0.0035609354,1.3892305,0.011052221,-0.020910216,0.04230053,0.009202495,0.9988437,1.1588527,4.8253307,357.55258,45.583333333343035,1.1413158,1495.5668

-0.003750153,1.3891577,0.011017921,-0.02088331,0.042467255,0.009200379,0.99883723,1.1589049,4.844484,357.55545,45.60000000000582,1.1413158,1495.5668

-0.0037680776,1.3887935,0.011677689,-0.020817803,0.042465527,0.009207941,0.9988386,1.1594508,4.844343,357.563,45.61666666666861,1.1413158,1495.5668

-0.0038771108,1.3886213,0.01184371,-0.020853642,0.042375587,0.009247507,0.9988413,1.163941,4.833892,357.55878,45.63333333333139,1.1413158,1495.5668

-0.0040199608,1.3885076,0.011837003,-0.02096603,0.04223752,0.009285243,0.99884444,1.168467,4.8178377,357.54587,45.64999999999418,1.1413158,1495.5668

-0.004181251,1.3884038,0.011756261,-0.021164669,0.042088337,0.00935102,0.99884593,1.1765975,4.8003373,357.52292,45.666666666656965,1.1413158,1495.5668

-0.004353583,1.3883014,0.011643569,-0.021288468,0.042001326,0.009395255,0.99884653,1.1820487,4.7901044,357.5086,45.68333333331975,1.1413158,1495.5668

-0.0045370683,1.3881899,0.011502312,-0.021413306,0.04200055,0.009422672,0.99884367,1.1857959,4.789799,357.49414,45.70000000001164,1.1413158,1495.5668

-0.00432643,1.3878347,0.012388829,-0.021510983,0.042246163,0.009359074,0.9988318,1.179605,4.8180046,357.48288,45.71666666667443,1.1413158,1495.5668

-0.0043593124,1.3876574,0.012578354,-0.021680236,0.042547118,0.009274251,0.99881613,1.1714758,4.8525267,357.4634,45.733333333337214,1.1413158,1495.5668

-0.0044606104,1.3875296,0.012536843,-0.022008818,0.042916983,0.009177507,0.998794,1.162955,4.894799,357.4256,45.75,1.1413158,1495.5668

-0.004565832,1.3874139,0.012414971,-0.02235032,0.043283187,0.009074141,0.9987716,1.1537553,4.9366612,357.38638,45.766666666662786,1.1413158,1495.5668

-0.004656209,1.3872855,0.012257538,-0.022701686,0.043524414,0.0090444125,0.9987534,1.1527479,4.963993,357.3458,45.78333333332557,1.1413158,1495.5668

-0.0047336593,1.3871534,0.012090162,-0.023084428,0.043643247,0.009082795,0.9987392,1.1593983,4.9770727,357.30145,45.79999999998836,1.1413158,1495.5668

-0.004146482,1.3867186,0.013114223,-0.023384338,0.043800063,0.009101614,0.9987251,1.1635051,4.994653,357.26666,45.81666666668025,1.1413158,1495.5668

-0.0039643897,1.3865297,0.01336284,-0.023660531,0.043714996,0.0091909915,0.99872154,1.1749129,4.98433,357.2346,45.833333333343035,1.1413158,1495.5668

-0.0039175125,1.3864324,0.0133643765,-0.023806408,0.043496676,0.009311306,0.9987264,1.1888325,4.958791,357.21753,45.85000000000582,1.1413158,1495.5668

-0.003912203,1.3863808,0.013300472,-0.023880146,0.043272775,0.0094132945,0.9987335,1.2002652,4.932747,357.20886,45.86666666666861,1.1413158,1495.5668

-0.00391265,1.386363,0.013232741,-0.023925193,0.043104615,0.009453323,0.9987393,1.2045968,4.9133,357.20374,45.88333333333139,1.1413158,1495.5668

-0.0039029345,1.3863653,0.013189326,-0.023893768,0.0430671,0.009430519,0.9987419,1.2017131,4.9091005,357.20752,45.89999999999418,1.1413158,1495.5668

-0.0034982066,1.3861749,0.0143550765,-0.023775304,0.043367047,0.00935109,0.9987325,1.1928728,4.943855,357.22107,45.916666666656965,1.1413158,1495.5668

-0.0033341125,1.3861411,0.014731263,-0.023713917,0.04356911,0.00926523,0.99872595,1.1832879,4.9673343,357.2283,45.93333333331975,1.1413158,1495.5668

-0.0032478943,1.3861392,0.014834837,-0.023737788,0.0436989,0.009189595,0.9987204,1.1750925,4.982397,357.22574,45.95000000001164,1.1413158,1495.5668

-0.0031874552,1.3861289,0.014825839,-0.023916611,0.043772195,0.009143962,0.9987134,1.1709571,4.9907184,357.20532,45.96666666667443,1.1413158,1495.5668

-0.0031355992,1.3861072,0.014774674,-0.024228672,0.043823574,0.009135547,0.99870366,1.1717048,4.9962673,357.1694,45.983333333337214,1.1413158,1495.5668

-0.0030908808,1.3860836,0.014711765,-0.024577567,0.043827597,0.009159632,0.9986948,1.1762333,4.9962497,357.12918,46.0,1.1413158,1495.5668

-0.0026146944,1.3861455,0.0157119,-0.024770709,0.043891113,0.0090887165,0.99868786,1.1692455,5.00351,357.10724,46.016666666662786,1.1413158,1495.5668

-0.0024326579,1.3861849,0.016015435,-0.024854608,0.043880913,0.009047914,0.9986866,1.1649483,5.0023613,357.0978,46.03333333332557,1.1413158,1495.5668

-0.0023434237,1.3862245,0.016106863,-0.024848204,0.043853644,0.008989449,0.99868846,1.158117,4.9994116,357.09888,46.04999999998836,1.1413158,1495.5668

-0.0022833298,1.386271,0.016150676,-0.024832213,0.043895196,0.008935656,0.99868757,1.1519818,5.0043507,357.10092,46.06666666668025,1.1413158,1495.5668

-0.0022350699,1.386331,0.016190004,-0.024898432,0.044003613,0.008905345,0.99868137,1.1491596,5.0167933,357.0933,46.083333333343035,1.1413158,1495.5668

-0.0021901056,1.3864124,0.016242597,-0.024862505,0.044101417,0.008873617,0.9986782,1.1456288,5.0281405,357.09744,46.10000000000582,1.1413158,1495.5668

-0.0023095857,1.3859918,0.01672133,-0.024702301,0.044220638,0.008821594,0.9986774,1.1392007,5.042144,357.11597,46.11666666666861,1.1413158,1495.5668

-0.0023312569,1.3859448,0.016909465,-0.024643913,0.044205725,0.008759088,0.99868006,1.131679,5.040681,357.12302,46.13333333333139,1.1413158,1495.5668

-0.0023314655,1.3860295,0.017008614,-0.024549907,0.04415174,0.008660329,0.9986856,1.1196957,5.0348806,357.13443,46.14999999999418,1.1413158,1495.5668

-0.0023326427,1.3861647,0.01707622,-0.024461644,0.04407976,0.008563493,0.9986918,1.1079105,5.0270033,357.14514,46.166666666656965,1.1413158,1495.5668

-0.0023304522,1.386316,0.017144345,-0.024275884,0.044038553,0.008475989,0.9986989,1.0967984,5.0227323,357.167,46.18333333331975,1.1413158,1495.5668

-0.0023200363,1.3864677,0.017222967,-0.02402274,0.044073462,0.008394926,0.99870414,1.0863104,5.0272408,357.19644,46.20000000001164,1.1413158,1495.5668

-0.0023098316,1.3858899,0.017712131,-0.023762789,0.044303197,0.008252124,0.9987014,1.0692536,5.054262,357.22675,46.21666666667443,1.1413158,1495.5668

-0.0023006003,1.3857927,0.017932551,-0.023596192,0.044494163,0.00817286,0.9986975,1.0598475,5.0765553,357.24606,46.233333333337214,1.1413158,1495.5668

-0.0023023263,1.3858467,0.018043783,-0.023436125,0.04454901,0.008138185,0.9986991,1.0552036,5.0831094,357.26456,46.25,1.1413158,1495.5668

-0.002309999,1.3859508,0.018096581,-0.023269685,0.04446892,0.008116616,0.99870676,1.0516498,5.07416,357.28394,46.266666666662786,1.1413158,1495.5668

-0.002326034,1.386077,0.018105961,-0.02313341,0.044249594,0.00810683,0.99871975,1.0492158,5.0491805,357.2999,46.28333333332557,1.1413158,1495.5668

-0.00234963,1.3862205,0.01810506,-0.023032209,0.04402295,0.008048145,0.9987326,1.0413271,5.0234575,357.3121,46.29999999998836,1.1413158,1495.5668

-0.0023452665,1.3856407,0.018628286,-0.02290426,0.044024453,0.007904402,0.9987366,1.0241708,5.024147,357.32755,46.31666666668025,1.1413158,1495.5668

-0.002372543,1.385544,0.01881701,-0.022719547,0.044021394,0.007781042,0.9987419,1.0090574,5.024313,357.3494,46.333333333343035,1.1413158,1495.5668

-0.0023984746,1.3855885,0.018896854,-0.022614308,0.04411587,0.0076926467,0.9987408,0.99862915,5.0354857,357.36185,46.35000000000582,1.1413158,1495.5668

-0.0024181206,1.3856621,0.018931916,-0.022550514,0.044285744,0.007661625,0.99873495,0.9952065,5.0551095,357.36914,46.36666666666861,1.1413158,1495.5668

-0.0024460207,1.38574,0.018931182,-0.02256568,0.04438308,0.0076701045,0.99873024,0.99652386,5.066234,357.36722,46.38333333333139,1.1413158,1495.5668

-0.0024910555,1.3858204,0.018906625,-0.022545507,0.044373002,0.007698974,0.9987309,0.9997108,5.0650225,357.36942,46.39999999999418,1.1413158,1495.5668

-0.0024699569,1.3852607,0.019264929,-0.02240078,0.044454332,0.00780207,0.99872977,1.0110419,5.0742235,357.3854,46.416666666656965,1.1413158,1495.5668

-0.0025463104,1.3851298,0.01934458,-0.022241503,0.04447186,0.007884011,0.9987319,1.0196934,5.076182,357.4033,46.43333333331975,1.1413158,1495.5668

-0.0026631877,1.3851385,0.019349605,-0.022170918,0.044481456,0.007914034,0.99873286,1.0228093,5.0772767,357.41122,46.45000000001164,1.1413158,1495.5668

-0.0027993382,1.3851916,0.019354273,-0.022181932,0.04454099,0.007914104,0.9987299,1.0230339,5.0840917,357.4099,46.46666666667443,1.1413158,1495.5668

-0.0029384643,1.385264,0.0193794,-0.022179268,0.04465194,0.007895939,0.9987252,1.0212318,5.096864,357.41016,46.483333333337214,1.1413158,1495.5668

-0.0030648957,1.3853556,0.019440472,-0.021974608,0.0447843,0.007865272,0.998724,1.0170144,5.11233,357.43365,46.5,1.1413158,1495.5668

-0.002711326,1.3849515,0.019783653,-0.021778587,0.04512189,0.0077729276,0.99871385,1.0062904,5.151477,357.45627,46.516666666662786,1.1413158,1495.5668

-0.0026409726,1.3848921,0.019935407,-0.021698765,0.045353916,0.007673197,0.9987058,0.9950291,5.1784177,357.46567,46.53333333332557,1.1413158,1495.5668

-0.002669923,1.3849691,0.020020805,-0.02155605,0.0455495,0.0075337505,0.9987011,0.9787743,5.2013407,357.48257,46.54999999998836,1.1413158,1495.5668

-0.0027516484,1.385117,0.020097159,-0.021237887,0.04582777,0.0074168197,0.998696,0.96439314,5.233854,357.51944,46.56666666668025,1.1413158,1495.5668

-0.0028621752,1.385296,0.02016785,-0.020887583,0.046144024,0.0073157633,0.9986896,0.9517415,5.2707067,357.55988,46.583333333343035,1.1413158,1495.5668

-0.0029826388,1.3854755,0.020221014,-0.020610183,0.04636081,0.0072775413,0.9986856,0.9464244,5.2959247,357.59167,46.60000000000582,1.1413158,1495.5668

-0.0031076074,1.385646,0.020257007,-0.020416982,0.04648822,0.0073062796,0.99868345,0.949017,5.3106513,357.6136,46.61666666666861,1.1413158,1495.5668

-0.0025488685,1.3850875,0.020517906,-0.020322671,0.046669,0.007446327,0.9986759,0.9650594,5.3311405,357.6235,46.63333333333139,1.1413158,1495.5668

-0.00236849,1.3848822,0.020575942,-0.020221854,0.04663158,0.0076387743,0.99867827,0.9865477,5.326491,357.6341,46.64999999999418,1.1413158,1495.5668

-0.002376637,1.3848475,0.020522686,-0.019967195,0.046427198,0.007887627,0.99869096,1.0132902,5.30272,357.6623,46.666666666656965,1.1413158,1495.5668

-0.002443413,1.3848525,0.020416977,-0.01968533,0.046186782,0.008140185,0.9987057,1.0402381,5.274851,357.69366,46.68333333331975,1.1413158,1495.5668

-0.002519189,1.3848464,0.020277204,-0.019653866,0.04601471,0.008366223,0.99871236,1.0656364,5.254629,357.6963,46.70000000001164,1.1413158,1495.5668

-0.0025842513,1.3848178,0.020109164,-0.019807747,0.04594753,0.0085113235,0.9987112,1.0829617,5.2464223,357.67795,46.71666666667443,1.1413158,1495.5668

-0.0026344534,1.3847727,0.01991909,-0.020017792,0.046039473,0.008527227,0.99870265,1.0861219,5.2567015,357.65356,46.733333333337214,1.1413158,1495.5668

-0.0026700348,1.3847127,0.0197234,-0.020307263,0.04628312,0.008420671,0.99868643,1.0760095,5.2845817,357.62054,46.75,1.1413158,1495.5668

-0.0027057875,1.3846495,0.01954572,-0.020577513,0.0465452,0.0081803715,0.9986707,1.0504845,5.3149266,357.5904,46.766666666662786,1.1413158,1495.5668

-0.0027667135,1.3845903,0.019395579,-0.020749174,0.046779968,0.007867608,0.9986587,1.0160468,5.342431,357.57205,46.78333333332557,1.1413158,1495.5668

-0.002865687,1.3845421,0.019283071,-0.020813351,0.047071222,0.0075245462,0.9986463,0.9776975,5.376604,357.56613,46.79999999998836,1.1413158,1495.5668

-0.0025415793,1.3843596,0.01924083,-0.02069005,0.04747685,0.007225519,0.9986319,0.94368166,5.4239697,357.58148,46.81666666668025,1.1413158,1495.5668

-0.0025409062,1.3842585,0.019208463,-0.020549625,0.04782573,0.006969436,0.99862,0.91435146,5.464732,357.5986,46.833333333343035,1.1413158,1495.5668

-0.0026483089,1.3841792,0.019189622,-0.020582063,0.04817161,0.006775727,0.99860406,0.8931264,5.5048385,357.59555,46.85000000000582,1.1413158,1495.5668

-0.0027907367,1.3841,0.019184941,-0.020455783,0.04852298,0.006674025,0.9985903,0.8816104,5.5454955,357.61023,46.86666666666861,1.1413158,1495.5668

-0.002941139,1.3840206,0.01915967,-0.020326337,0.048799235,0.0066669052,0.9985795,0.8807544,5.577312,357.62485,46.88333333333139,1.1413158,1495.5668

-0.0030815974,1.3839251,0.019097213,-0.020328924,0.049038313,0.0067570945,0.99856716,0.89173096,5.6045184,357.62378,46.89999999999418,1.1413158,1495.5668

-0.003155075,1.3837786,0.01923018,-0.020394243,0.049072843,0.0068665086,0.99856335,0.9047653,5.608158,357.61563,46.916666666656965,1.1413158,1495.5668

-0.003276075,1.3836725,0.019179014,-0.020587198,0.049156774,0.0069926986,0.9985544,0.9205726,5.617306,357.59262,46.93333333331975,1.1413158,1495.5668

-0.0034317996,1.3835858,0.019038826,-0.020814905,0.049155742,0.007105085,0.9985489,0.93477744,5.616704,357.5658,46.95000000001164,1.1413158,1495.5668

-0.0036059022,1.3835213,0.018878035,-0.020833937,0.049138717,0.007184955,0.9985488,0.9440251,5.614539,357.56317,46.96666666667443,1.1409599,1496.1525

-0.0037791566,1.3834766,0.018725883,-0.020672562,0.049106535,0.007249684,0.9985533,0.9504764,5.610843,357.58142,46.983333333337214,1.1409599,1496.1525

-0.0039286837,1.3834455,0.018586636,-0.020694206,0.04914545,0.00728055,0.99855065,0.9542459,5.6152115,357.5787,47.0,1.1409599,1496.1525

-0.0036042035,1.3832021,0.018878814,-0.020773554,0.04938216,0.0071398215,0.9985384,0.9391126,5.6426287,357.57007,47.016666666662786,1.1409599,1496.1525

-0.0035346285,1.3831359,0.018955475,-0.02067787,0.049700085,0.0070055844,0.99852556,0.92393744,5.6795096,357.5815,47.03333333332557,1.1409599,1496.1525

-0.0035474286,1.3831358,0.018973745,-0.020539239,0.05002212,0.006860956,0.99851334,0.9073225,5.7169247,357.5979,47.04999999998836,1.1409599,1496.1525

-0.003586789,1.383158,0.01895989,-0.020478286,0.050302032,0.0067338124,0.99850136,0.8930508,5.749392,357.60532,47.06666666668025,1.1409599,1496.1525

-0.0036399215,1.383193,0.018922027,-0.020476602,0.050489705,0.0066698217,0.99849236,0.88615084,5.7710743,357.60565,47.083333333343035,1.1409599,1496.1525

-0.0037051127,1.3832359,0.018866789,-0.020406606,0.050514705,0.0066886717,0.9984924,0.8879751,5.773959,357.6136,47.10000000000582,1.1413158,1495.5668

-0.0037740048,1.383283,0.01879085,-0.02027746,0.050373387,0.006755886,0.9985017,0.894606,5.7577033,357.6282,47.11666666666861,1.1413158,1495.5668

-0.0030805145,1.3830041,0.019042086,-0.020147787,0.05030289,0.0067689037,0.9985078,0.89517933,5.749703,357.64313,47.13333333333139,1.1413158,1495.5668

-0.002800919,1.3829262,0.019126542,-0.020021683,0.050263345,0.006863233,0.99851173,0.9052022,5.7450585,357.65714,47.14999999999418,1.1413158,1495.5668

-0.0027156905,1.3829356,0.019146208,-0.01996283,0.050344743,0.006985183,0.9985079,0.9190863,5.7541633,357.66312,47.166666666656965,1.1413158,1495.5668

-0.0026920065,1.3829637,0.019148462,-0.020059075,0.050496474,0.007136834,0.9984973,0.9374562,5.771123,357.65097,47.18333333331975,1.1413158,1495.5668

-0.0026903301,1.383,0.019129306,-0.020230543,0.05060173,0.0072555346,0.9984876,0.95236325,5.782754,357.63043,47.20000000001164,1.1413158,1495.5668

-0.0026976392,1.3830402,0.019079685,-0.02036966,0.050594535,0.0073790923,0.99848425,0.9673638,5.7815013,357.61374,47.21666666667443,1.1413158,1495.5668

-0.0027099848,1.3830825,0.019009475,-0.02041646,0.05050252,0.007507633,0.998487,0.98218834,5.770593,357.6077,47.233333333337214,1.1409599,1496.1525

-0.0027350187,1.3831275,0.018923115,-0.020373637,0.05035276,0.0075891996,0.99849486,0.9909458,5.753262,357.61234,47.25,1.1409599,1496.1525

-0.0027764712,1.383172,0.018834095,-0.020220995,0.050183885,0.007650494,0.99850595,0.9966929,5.7338963,357.62976,47.266666666662786,1.1409599,1496.1525

-0.0028269067,1.3831987,0.018750764,-0.020225767,0.05006135,0.0077568586,0.9985112,1.0086478,5.7195845,357.62875,47.28333333332557,1.1409599,1496.1525

-0.0028795437,1.3832089,0.018673202,-0.020358285,0.049983226,0.007880122,0.99851143,1.023389,5.7101946,357.6129,47.29999999998836,1.1409599,1496.1525

-0.0022878572,1.382715,0.01880918,-0.020275379,0.04999592,0.007948098,0.99851197,1.0307621,5.7115736,357.62204,47.31666666668025,1.1409599,1496.1525

-0.0021109506,1.382539,0.018850219,-0.02027496,0.050106008,0.00805297,0.99850565,1.0430949,5.723953,357.62134,47.333333333343035,1.1409599,1496.1525

-0.0020668195,1.3824537,0.018825006,-0.02066594,0.050202798,0.008173011,0.99849176,1.0593944,5.7343535,357.57553,47.35000000000582,1.1409599,1496.1525

-0.0020786598,1.3823951,0.01875218,-0.02110273,0.050183106,0.008272045,0.9984828,1.0732485,5.731386,357.52475,47.36666666666861,1.1409599,1496.1525

-0.0021150336,1.3823589,0.018660542,-0.021246092,0.050091945,0.008362651,0.9984836,1.0842551,5.7205496,357.50787,47.38333333333139,1.1409599,1496.1525

-0.0021637653,1.3823384,0.01855725,-0.02130174,0.049971983,0.008399294,0.99848807,1.0884743,5.706638,357.50143,47.39999999999418,1.1409599,1496.1525

-0.0022162423,1.3823241,0.018455986,-0.021411682,0.04992377,0.008378319,0.99848837,1.0865654,5.7010403,357.48892,47.416666666656965,1.1409599,1496.1525

-0.0014683442,1.3821332,0.018787457,-0.021439292,0.050196778,0.008230702,0.99847525,1.0704682,5.732696,357.48627,47.43333333331975,1.1409599,1496.1525

-0.0011863459,1.3820648,0.018930586,-0.021494139,0.050507613,0.008064396,0.9984598,1.0524797,5.7687106,357.4805,47.45000000001164,1.1409599,1496.1525

-0.0011317853,1.3820469,0.018979026,-0.02168899,0.05088089,0.007900463,0.99843794,1.0357502,5.8117385,357.45853,47.46666666667443,1.1409599,1496.1525

-0.0011447208,1.3820379,0.01899117,-0.021856507,0.05115893,0.007789591,0.99842095,1.0247226,5.8437414,357.43954,47.483333333337214,1.1409599,1496.1525

-0.0011709258,1.382029,0.018986568,-0.02186904,0.051259734,0.0077534714,0.99841577,1.0209124,5.855384,357.4382,47.5,1.1409599,1496.1525

-0.0011994392,1.3820232,0.018964726,-0.021790938,0.05122832,0.007731803,0.9984193,1.0178766,5.851916,357.44736,47.516666666662786,1.1409599,1496.1525

-0.0012378122,1.382019,0.018924398,-0.021868242,0.05116837,0.007708749,0.99842083,1.0155188,5.84502,357.43866,47.53333333332557,1.1409599,1496.1525

-0.0012967661,1.3820164,0.018885717,-0.022041291,0.051199008,0.007690372,0.9984156,1.0145043,5.848405,357.41882,47.54999999998836,1.1409599,1496.1525

-0.0013710037,1.3820239,0.01886667,-0.022130683,0.05142396,0.0076375315,0.9984025,1.0095624,5.874255,357.40857,47.56666666668025,1.1409599,1496.1525

-0.0014509757,1.3820295,0.018867413,-0.022100005,0.051774744,0.007619383,0.99838513,1.0082443,5.914571,357.41174,47.583333333343035,1.1409599,1496.1525

-0.0015248582,1.3820198,0.018872246,-0.022169998,0.052137688,0.007648861,0.9983645,1.013038,5.956057,357.40305,47.60000000000582,1.1409599,1496.1525

-0.0010998696,1.381746,0.01875583,-0.022318825,0.052284196,0.00770717,0.99835306,1.0210377,5.972559,357.38538,47.61666666666861,1.1409599,1496.1525

-0.00097516924,1.3816264,0.018707927,-0.022455102,0.052274447,0.007815676,0.99834967,1.0343106,5.971016,357.36905,47.63333333333139,1.1409599,1496.1525

-0.00094185024,1.3815602,0.018691942,-0.02236146,0.052144844,0.007939215,0.9983576,1.0476035,5.9559216,357.37927,47.64999999999418,1.1409599,1496.1525

-0.00093191734,1.3815111,0.018692901,-0.022349317,0.052010473,0.008077657,0.9983638,1.0630867,5.9401574,357.38,47.666666666656965,1.1409599,1496.1525

-0.00092473626,1.3814682,0.018715724,-0.022545561,0.052042708,0.008163062,0.99835694,1.0741718,5.9434204,357.35687,47.68333333331975,1.1409599,1496.1525

-0.00093262515,1.3814348,0.018757043,-0.02280788,0.052233364,0.008206202,0.9983407,1.0812358,5.964893,357.32617,47.70000000001164,1.1409599,1496.1525

-0.0009605214,1.3814138,0.018813089,-0.022984572,0.052491754,0.008239246,0.99832284,1.0868266,5.9942517,357.3053,47.71666666667443,1.1409599,1496.1525

-0.00055164716,1.3811808,0.01865746,-0.0230352,0.05273022,0.0081918035,0.9983095,1.0823497,6.0216794,357.2994,47.733333333337214,1.1409599,1496.1525

-0.00037879983,1.381086,0.0186125,-0.023063464,0.05278455,0.0082558105,0.9983054,1.0900382,6.0277076,357.2957,47.75,1.1409599,1496.1525

-0.00030993184,1.3810644,0.018645879,-0.023010546,0.052685823,0.008348753,0.9983111,1.10013,6.016189,357.3014,47.766666666662786,1.1409599,1496.1525

-0.000265206,1.3810661,0.018735342,-0.02291498,0.052533552,0.008476682,0.9983202,1.1138389,5.9984827,357.31183,47.78333333332557,1.1409599,1496.1525

-0.000214234,1.3810812,0.018884346,-0.022788359,0.05243768,0.008607942,0.998327,1.1279056,5.987275,357.3257,47.79999999998836,1.1409599,1496.1525

-0.00014790148,1.3811016,0.019070804,-0.02269562,0.052347448,0.008762746,0.99833256,1.1449026,5.976617,357.33557,47.81666666668025,1.1409599,1496.1525

-6.5210064e-05,1.3811274,0.019278698,-0.0226928,0.05227086,0.008869197,0.9983357,1.1569165,5.9675508,357.3354,47.833333333343035,1.1409599,1496.1525

2.8344595e-05,1.3811665,0.019496273,-0.022703277,0.052177593,0.00888908,0.99834013,1.159005,5.9567866,357.3342,47.85000000000582,1.1409599,1496.1525

0.00013075024,1.3812236,0.019718867,-0.022603713,0.052062754,0.008868193,0.9983486,1.1556854,5.9437847,357.34595,47.86666666666861,1.1409599,1496.1525

0.0002478523,1.3812966,0.01994298,-0.022327045,0.052005768,0.008844433,0.998358,1.1511424,5.9376307,357.37802,47.88333333333139,1.1409599,1496.1525

0.0003850907,1.3813705,0.020166524,-0.022021204,0.052024342,0.008848054,0.9983638,1.1497841,5.940104,357.41315,47.89999999999418,1.1409599,1496.1525

0.00053480524,1.3814346,0.020378489,-0.021916714,0.052009974,0.008891398,0.9983664,1.1541073,5.938464,357.42496,47.916666666656965,1.1409599,1496.1525

0.0010793929,1.3813182,0.020038228,-0.02194952,0.051925488,0.008993581,0.9983692,1.1658276,5.9284716,357.4207,47.93333333331975,1.1409599,1496.1525

0.0013829619,1.3812909,0.019983016,-0.021959098,0.051766675,0.009034995,0.99837685,1.1702167,5.9101357,357.41956,47.95000000001164,1.1409599,1496.1525

0.0015708059,1.3813208,0.020098392,-0.021707516,0.05158403,0.009032276,0.99839187,1.1679184,5.889487,357.4488,47.96666666667443,1.1409599,1496.1525

0.001724412,1.3813628,0.020291999,-0.021336613,0.051476657,0.00905832,0.99840516,1.1684347,5.8775377,357.4915,47.983333333337214,1.1409599,1496.1525

0.0018667132,1.381397,0.020502537,-0.021207398,0.051391996,0.00911695,0.9984118,1.1741925,5.867832,357.50613,48.0,1.1409599,1496.1525

0.0020075142,1.3814237,0.020716216,-0.021174582,0.051296182,0.009174341,0.99841684,1.1803486,5.8567367,357.5097,48.016666666662786,1.1409599,1496.1525

0.0024674907,1.3811879,0.02055734,-0.021242693,0.05110494,0.009215433,0.9984248,1.1849716,5.8346167,357.5019,48.03333333332557,1.1409599,1496.1525

0.002735965,1.3810925,0.020566497,-0.021317635,0.050935615,0.009283459,0.99843127,1.1927872,5.8149347,357.4931,48.04999999998836,1.1409599,1496.1525

0.002916937,1.3810755,0.020688633,-0.021167198,0.050830472,0.009339825,0.9984393,1.1981148,5.8029137,357.51025,48.06666666668025,1.1409599,1496.1525

0.0030719142,1.3810885,0.020865308,-0.020901008,0.050767686,0.009365007,0.99844784,1.1992959,5.7959685,357.54083,48.083333333343035,1.1409599,1496.1525

0.003219217,1.381111,0.021068785,-0.020727653,0.050726566,0.009357965,0.9984536,1.1973704,5.7914777,357.56088,48.10000000000582,1.1409599,1496.1525

0.003359124,1.3811383,0.021274079,-0.020657388,0.050692398,0.009325923,0.99845713,1.1931885,5.7877207,357.56918,48.11666666666861,1.1409599,1496.1525

0.003765413,1.3811574,0.021143394,-0.020732643,0.05061322,0.009200688,0.9984607,1.1790192,5.7788544,357.56137,48.13333333333139,1.1409599,1496.1525

0.003993772,1.3811884,0.021188147,-0.020690484,0.05065031,0.0091208955,0.9984605,1.1696926,5.783353,357.56665,48.14999999999418,1.1409599,1496.1525

0.004141435,1.3812189,0.021309618,-0.020631392,0.05061,0.009079174,0.9984641,1.1644478,5.7788997,357.57373,48.166666666656965,1.1409599,1496.1525

0.0042591244,1.3812462,0.021450374,-0.020532416,0.05047599,0.009051264,0.99847317,1.1603217,5.7637105,357.58545,48.18333333331975,1.1409599,1496.1525

0.004357986,1.3812739,0.021583866,-0.020454375,0.050289504,0.009031075,0.9984844,1.1570747,5.74246,357.59482,48.20000000001164,1.1409599,1496.1525

0.0044463575,1.3812902,0.02170492,-0.020331854,0.050054196,0.0090502,0.9984985,1.1579739,5.715565,357.60916,48.21666666667443,1.1409599,1496.1525

0.0044772075,1.3814216,0.02116706,-0.020299586,0.049691662,0.009154705,0.9985163,1.1688935,5.67377,357.61276,48.233333333337214,1.1409599,1496.1525

0.0045081796,1.3814598,0.02095245,-0.020222645,0.0493585,0.009206382,0.99853396,1.1735615,5.6355233,357.6218,48.25,1.1409599,1496.1525

0.0045463294,1.3814543,0.02092113,-0.020119239,0.049153276,0.00922494,0.998546,1.1745977,5.612062,357.63388,48.266666666662786,1.1409599,1496.1525

0.004580745,1.3814306,0.020940851,-0.020078674,0.04902848,0.009245175,0.99855274,1.1763849,5.5977483,357.6386,48.28333333332557,1.1409599,1496.1525

0.0046177087,1.3814039,0.020966189,-0.020211874,0.04898852,0.009248705,0.99855196,1.1774396,5.5929995,357.62332,48.29999999998836,1.1409599,1496.1525

0.004662904,1.3813834,0.020972699,-0.020340966,0.048920155,0.009221114,0.9985529,1.1748201,5.585072,357.6087,48.31666666668025,1.1409599,1496.1525

0.0049254224,1.3816123,0.02111036,-0.02033825,0.048739243,0.009297458,0.9985612,1.1831268,5.564143,357.6089,48.333333333343035,1.1409599,1496.1525

0.005045225,1.3816929,0.021135371,-0.020261275,0.048630245,0.0093038175,0.998568,1.183154,5.5517178,357.61783,48.35000000000582,1.1409599,1496.1525

0.005090532,1.3816911,0.021107063,-0.020305015,0.048592675,0.009277962,0.9985692,1.1803306,5.547419,357.613,48.36666666666861,1.1409599,1496.1525

0.0051036924,1.3816575,0.021070208,-0.020385237,0.04867142,0.0092367595,0.99856406,1.1762393,5.5564537,357.6039,48.38333333333139,1.1409599,1496.1525

0.005094522,1.3816113,0.021007827,-0.020520357,0.04871042,0.009197424,0.9985598,1.1725695,5.5608625,357.58853,48.39999999999418,1.1409599,1496.1525

0.0050660893,1.381573,0.020928662,-0.02058759,0.048686627,0.00912618,0.9985602,1.1646931,5.5582275,357.58124,48.416666666656965,1.1409599,1496.1525

0.0052560344,1.3818854,0.020743486,-0.020620432,0.048655216,0.009085002,0.9985614,1.1600618,5.554686,357.5777,48.43333333331975,1.1409599,1496.1525

0.005288571,1.382004,0.020611376,-0.020694938,0.048627872,0.009007967,0.9985619,1.1515505,5.551651,357.5696,48.45000000001164,1.1409599,1496.1525

0.005241172,1.3820187,0.020507192,-0.020760816,0.048619945,0.008951721,0.99856144,1.1454307,5.5508037,357.56235,48.46666666667443,1.1409599,1496.1525

0.005170092,1.381991,0.020410236,-0.020778378,0.04859646,0.008982915,0.998562,1.1490548,5.548013,357.56018,48.483333333337214,1.1409599,1496.1525

0.0050965995,1.381939,0.020301964,-0.020799128,0.048481192,0.009103793,0.99856603,1.162772,5.5344734,357.55728,48.5,1.1409599,1496.1525

0.0050225826,1.3818619,0.020155411,-0.020971553,0.048252497,0.009298162,0.9985717,1.1854844,5.5075645,357.5367,48.516666666662786,1.1409599,1496.1525

0.0054125576,1.3818107,0.020444477,-0.021278918,0.047927167,0.009563899,0.99857837,1.2168796,5.469223,357.5004,48.53333333332557,1.1409599,1496.1525

0.0055209175,1.3817205,0.02045321,-0.021549568,0.04761154,0.009779594,0.9985856,1.2423218,5.432148,357.46854,48.54999999998836,1.1409599,1496.1525

0.0054743364,1.381621,0.020316187,-0.02176495,0.04739656,0.009870471,0.99859023,1.2533654,5.4069934,357.44357,48.56666666668025,1.1409599,1496.1525

0.0053668367,1.3815333,0.020136923,-0.021936854,0.047319606,0.009843118,0.9985904,1.2509458,5.3980227,357.4241,48.583333333343035,1.1409599,1496.1525

0.005233258,1.3814554,0.01997396,-0.022086844,0.047518555,0.009724576,0.9985788,1.2386745,5.420958,357.4072,48.60000000000582,1.1409599,1496.1525

0.0050890893,1.3813844,0.019832373,-0.022336455,0.047903992,0.009542844,0.9985566,1.2202033,5.465328,357.3789,48.61666666666861,1.1409599,1496.1525

0.0051538767,1.3812401,0.019956242,-0.022554772,0.048339006,0.009364268,0.9985324,1.2020805,5.5154243,357.35413,48.63333333333139,1.1409599,1496.1525

0.0051001087,1.3811302,0.019978408,-0.022625772,0.048725173,0.009226835,0.9985133,1.1877491,5.559992,357.34616,48.64999999999418,1.1409599,1496.1525

0.0049866987,1.3810223,0.019932982,-0.022747109,0.048979428,0.009176925,0.99849856,1.1834,5.589141,357.33212,48.666666666656965,1.1409599,1496.1525

0.0048590777,1.3809004,0.019846652,-0.022961382,0.049067967,0.009192771,0.99848914,1.1866752,5.598999,357.30725,48.68333333331975,1.1409599,1496.1525

0.0047280937,1.3807614,0.019741572,-0.023209386,0.049095582,0.009266859,0.9984814,1.1966671,5.6016693,357.27826,48.70000000001164,1.1409599,1496.1525

0.004585245,1.3806102,0.019620063,-0.023472894,0.04908576,0.009376178,0.99847466,1.2106903,5.5999255,357.24738,48.71666666667443,1.1409599,1496.1525

0.004411593,1.3802539,0.020087838,-0.023680056,0.049108256,0.009474556,0.99846774,1.2232322,5.60198,357.22293,48.733333333337214,1.1409599,1496.1525

0.0042392835,1.3800255,0.020228747,-0.024014717,0.049149096,0.009572051,0.99845684,1.2364453,5.6059794,357.18384,48.75,1.1409599,1496.1525

0.004058094,1.3798766,0.02021049,-0.02423477,0.049231052,0.009618355,0.99844706,1.2432526,5.6149745,357.15814,48.766666666662786,1.1409599,1496.1525

0.0038720295,1.3797777,0.02016383,-0.024335533,0.04940842,0.009564594,0.99843633,1.2381705,5.635344,357.14658,48.78333333332557,1.1409599,1496.1525

0.0036875207,1.3797097,0.020125482,-0.024440791,0.049693234,0.009466529,0.99842054,1.2283467,5.668159,357.13458,48.79999999998836,1.1409599,1496.1525

0.003511091,1.3796589,0.02009506,-0.024532288,0.04998281,0.009366249,0.99840486,1.2182101,5.7015467,357.1242,48.81666666668025,1.1409599,1496.1525

0.0036364123,1.3795601,0.02059761,-0.024637412,0.05023292,0.0091768345,0.9983914,1.1977888,5.7306504,357.11282,48.833333333343035,1.1409599,1496.1525

0.0036569773,1.379534,0.02082042,-0.024684602,0.050413024,0.009089634,0.998382,1.188579,5.751503,357.10764,48.85000000000582,1.1409599,1496.1525

0.0036173165,1.3795345,0.020886827,-0.02472253,0.050529413,0.009096835,0.9983751,1.1899793,5.7647862,357.10306,48.86666666666861,1.1409599,1496.1525

0.0035672162,1.3795394,0.020896036,-0.02493522,0.05064105,0.009194488,0.9983633,1.2027828,5.777051,357.07785,48.88333333333139,1.1409599,1496.1525

0.003516987,1.3795432,0.020879343,-0.025136964,0.05067702,0.009351129,0.9983549,1.2220783,5.780471,357.05365,48.89999999999418,1.1413158,1495.5668

0.0034642606,1.379549,0.02085103,-0.02525527,0.050602168,0.009498427,0.9983543,1.2394719,5.771304,357.0393,48.916666666656965,1.1413158,1495.5668

0.00399843,1.3796945,0.02173531,-0.025271278,0.0504838,0.009519841,0.9983597,1.2416595,5.7576456,357.03754,48.93333333331975,1.1413158,1495.5668

0.004231289,1.3797922,0.022140522,-0.025198417,0.050377253,0.009527249,0.9983669,1.2417598,5.7454944,357.04605,48.95000000001164,1.1413158,1495.5668

0.0042979433,1.379852,0.022309186,-0.025132146,0.050365504,0.009505721,0.99836934,1.2388653,5.7442927,357.0538,48.96666666667443,1.1413158,1495.5668

0.004318257,1.3798894,0.02242512,-0.025104927,0.050500996,0.009460348,0.9983636,1.2339088,5.7599998,357.057,48.983333333337214,1.1413158,1495.5668

0.0043178573,1.3798999,0.022512015,-0.0252997,0.050710425,0.0094160335,0.99834853,1.230591,5.7839103,357.03452,49.0,1.1413158,1495.5668

0.0042955815,1.3798906,0.02255783,-0.025528379,0.050844524,0.009407026,0.99833596,1.2313049,5.7990346,357.00803,49.016666666662786,1.1413158,1495.5668

0.00471472,1.3798156,0.023109596,-0.025493916,0.05097713,0.009316893,0.99833095,1.221154,5.814556,357.01233,49.03333333332557,1.1413158,1495.5668

0.0049127564,1.3797692,0.02330783,-0.02550403,0.050936583,0.009293592,0.9983329,1.2184064,5.8099627,357.01138,49.04999999998836,1.1413158,1495.5668

0.0049961535,1.3797437,0.0233163,-0.025793573,0.050825153,0.009344974,0.99833065,1.2256532,5.796674,356.97794,49.06666666668025,1.1413158,1495.5668

0.005042435,1.3797361,0.023275038,-0.02606643,0.05070035,0.009415357,0.9983293,1.2349372,5.78181,356.94632,49.083333333343035,1.1413158,1495.5668

0.0050720423,1.3797387,0.02324349,-0.026200688,0.05060325,0.009545577,0.9983295,1.2503793,5.7701077,356.93027,49.10000000000582,1.1413158,1495.5668

0.005098307,1.3797486,0.02323956,-0.02626399,0.05056246,0.009712001,0.99832827,1.2697524,5.7648377,356.9221,49.11666666666861,1.1413158,1495.5668

0.005206533,1.3796282,0.023681384,-0.02630747,0.050472576,0.009862839,0.99833024,1.2870587,5.7540083,356.91635,49.13333333333139,1.1413158,1495.5668

0.0052565723,1.3796017,0.023920191,-0.026350439,0.050276447,0.010002938,0.99833757,1.3027818,5.731026,356.91092,49.14999999999418,1.1413158,1495.5668

0.005276695,1.3796296,0.024061065,-0.02624468,0.050005186,0.010091529,0.99835306,1.3114842,5.6997824,356.923,49.166666666656965,1.1413158,1495.5668

0.0052906126,1.3796692,0.02416268,-0.026197255,0.04972831,0.010163586,0.9983674,1.3186057,5.6678705,356.9285,49.18333333331975,1.1413158,1495.5668

0.0053116083,1.3797061,0.02424724,-0.026141066,0.049533363,0.010186646,0.99837834,1.3203106,5.645517,356.93518,49.20000000001164,1.1413158,1495.5668

0.0053358376,1.3797342,0.024307787,-0.026128031,0.049454805,0.010181669,0.9983827,1.319412,5.6365404,356.9368,49.21666666667443,1.1413158,1495.5668

0.0054058926,1.3795172,0.02436271,-0.026298985,0.049465414,0.0101348,0.9983781,1.3150256,5.637676,356.9174,49.233333333337214,1.1413158,1495.5668

0.0054250928,1.3794141,0.024364356,-0.026407685,0.04950312,0.0101027675,0.9983737,1.3120807,5.6419563,356.905,49.25,1.1413158,1495.5668

0.005421713,1.3793683,0.024332918,-0.026526535,0.049537312,0.010087219,0.998369,1.311078,5.6457686,356.8914,49.266666666662786,1.1413158,1495.5668

0.005412185,1.3793344,0.024275545,-0.02673655,0.049544886,0.0100818295,0.9983631,1.3116744,5.6463785,356.86722,49.28333333332557,1.1413158,1495.5668

0.005400245,1.379299,0.024219971,-0.026982555,0.04954404,0.010113133,0.99835616,1.3166661,5.6458592,356.83875,49.29999999998836,1.1413158,1495.5668

0.005382416,1.3792752,0.024177276,-0.02724184,0.049521256,0.010170384,0.9983497,1.3246425,5.642721,356.80862,49.31666666668025,1.1413158,1495.5668

0.005287327,1.3789594,0.024172496,-0.027342616,0.04938909,0.010200801,0.9983532,1.3282678,5.627334,356.7971,49.333333333343035,1.1413158,1495.5668

0.0052139414,1.3788348,0.024178747,-0.027396617,0.049263816,0.01022196,0.9983576,1.330585,5.612828,356.791,49.35000000000582,1.1413158,1495.5668

0.005140543,1.3788207,0.0242012,-0.027368484,0.04920777,0.010256601,0.9983609,1.3342205,5.6063275,356.7941,49.36666666666861,1.1413158,1495.5668

0.0050533786,1.3788474,0.024229478,-0.027233502,0.049215086,0.010283606,0.9983639,1.3365895,5.6072607,356.80948,49.38333333333139,1.1413158,1495.5668

0.0049584373,1.3788819,0.024251848,-0.027197387,0.049284615,0.010279339,0.99836147,1.3361276,5.6152954,356.8135,49.39999999999418,1.1413158,1495.5668

0.0048629716,1.3789022,0.024270073,-0.027332176,0.04943735,0.010267091,0.9983504,1.335992,5.6326694,356.79782,49.416666666656965,1.1413158,1495.5668

0.004759416,1.3785026,0.024583492,-0.027503684,0.049527805,0.010322812,0.9983406,1.343674,5.642633,356.77765,49.43333333331975,1.1413158,1495.5668

0.0046476424,1.378314,0.024724565,-0.027589722,0.04971856,0.010304782,0.998329,1.3427342,5.6644506,356.76752,49.45000000001164,1.1413158,1495.5668

0.004515521,1.3782371,0.02476162,-0.027772114,0.049941342,0.010230696,0.99831355,1.3360132,5.6899943,356.74658,49.46666666667443,1.1413158,1495.5668

0.004356019,1.3781886,0.024741214,-0.028248258,0.050104134,0.010137344,0.998293,1.3285652,5.708334,356.69208,49.483333333337214,1.1413158,1495.5668

0.0041696327,1.3781524,0.024696957,-0.028628506,0.050161403,0.010049431,0.99828017,1.3208389,5.71469,356.6487,49.5,1.1413158,1495.5668

0.0039669424,1.3781364,0.024668768,-0.028719887,0.050228134,0.009968513,0.998275,1.3122945,5.722494,356.63855,49.516666666662786,1.1413158,1495.5668

0.0039515807,1.3778418,0.024879318,-0.028763711,0.05049829,0.009854979,0.9982612,1.3004429,5.7537994,356.63373,49.53333333332557,1.1413158,1495.5668

0.0038782074,1.3777276,0.025019053,-0.028859979,0.050812557,0.009787672,0.99824315,1.2943697,5.7899413,356.62253,49.54999999998836,1.1413158,1495.5668

0.0037734534,1.3777168,0.025125679,-0.028892586,0.051091623,0.009754201,0.99822825,1.291697,5.822015,356.6185,49.56666666668025,1.1413158,1495.5668

0.0036647483,1.3777463,0.025234856,-0.028806623,0.051354565,0.0098018665,0.9982168,1.2976024,5.85212,356.6277,49.583333333343035,1.1413158,1495.5668

0.0035658716,1.3777928,0.025340728,-0.028830517,0.051609647,0.009915919,0.99820185,1.31176,5.8809566,356.62384,49.60000000000582,1.1413158,1495.5668

0.0034755617,1.3778541,0.025443316,-0.029034728,0.051809423,0.010064414,0.9981841,1.3307552,5.9030933,356.59912,49.61666666666861,1.1413158,1495.5668

0.003732191,1.3775833,0.025655128,-0.029112866,0.052021783,0.010082846,0.9981706,1.3340968,5.9272814,356.58966,49.63333333333139,1.1413158,1495.5668

0.003845267,1.3775296,0.025830023,-0.02920747,0.052130286,0.01012056,0.9981618,1.3393868,5.9394693,356.57837,49.64999999999418,1.1413158,1495.5668

0.003853701,1.3776133,0.026008025,-0.029217932,0.05222412,0.010138316,0.99815637,1.3418278,5.950155,356.57687,49.666666666656965,1.1413158,1495.5668

0.0038194705,1.3777498,0.026222935,-0.028914245,0.05235332,0.01017689,0.9981581,1.3449067,5.96525,356.6114,49.68333333331975,1.1413158,1495.5668

0.0037712604,1.3778962,0.02645564,-0.02856326,0.05244859,0.0102730375,0.9981622,1.3541952,5.976327,356.65106,49.70000000001164,1.1413158,1495.5668

0.0037319437,1.378028,0.026678115,-0.028352054,0.052426647,0.010448312,0.9981676,1.3730097,5.9735126,356.67435,49.71666666667443,1.1413158,1495.5668

0.0036406417,1.3778602,0.026940467,-0.02834032,0.052279945,0.010707762,0.9981728,1.4022678,5.95584,356.6744,49.733333333337214,1.1413158,1495.5668

0.0036479384,1.3778193,0.027131654,-0.028253814,0.05203363,0.011006222,0.99818486,1.4352183,5.926721,356.683,49.75,1.1413158,1495.5668

0.0037229224,1.3778421,0.02731553,-0.028045021,0.051753044,0.01129624,0.99820215,1.4663571,5.8938866,356.70584,49.766666666662786,1.1413158,1495.5668

0.0038401212,1.3778656,0.027498279,-0.02795217,0.05152762,0.011566709,0.9982133,1.4961332,5.8672805,356.71533,49.78333333332557,1.1413158,1495.5668

0.0039763553,1.3778723,0.027677134,-0.028034698,0.051534414,0.0117491,0.99820846,1.517619,5.867334,356.70474,49.79999999998836,1.1413158,1495.5668

0.004114412,1.3778496,0.027820341,-0.028288972,0.05155504,0.011849888,0.9981991,1.5307815,5.868978,356.67487,49.81666666668025,1.1413158,1495.5668

0.004134157,1.3776109,0.028003272,-0.028492777,0.051563837,0.011836216,0.99819297,1.5304422,5.8697195,356.65146,49.833333333343035,1.1413158,1495.5668

0.0042055966,1.3774529,0.028129084,-0.028798796,0.051554136,0.011798423,0.99818516,1.5278665,5.8682656,356.61652,49.85000000000582,1.1413158,1495.5668

0.0043046637,1.3773377,0.028221391,-0.029183108,0.05147517,0.011720956,0.99817896,1.5209395,5.858887,356.57288,49.86666666666861,1.1413158,1495.5668

0.004407899,1.3772434,0.028330442,-0.02930917,0.0514227,0.011619669,0.99817914,1.5098441,5.8530264,356.55905,49.88333333333139,1.1413158,1495.5668

0.0045089545,1.3771632,0.028456127,-0.029321121,0.05138954,0.011528511,0.9981816,1.4993113,5.8495207,356.5583,49.89999999999418,1.1413158,1495.5668

0.00461674,1.3770939,0.028593779,-0.029341076,0.05141354,0.011413985,0.99818105,1.4863454,5.8526373,356.5566,49.916666666656965,1.1413158,1495.5668

0.004578942,1.3768706,0.028897285,-0.029449608,0.051444504,0.011372109,0.9981768,1.4822806,5.856172,356.54428,49.93333333331975,1.1413158,1495.5668

0.00462694,1.3767612,0.029121704,-0.029470326,0.05138363,0.011357012,0.99817944,1.4804454,5.849212,356.5421,49.95000000001164,1.1413158,1495.5668

0.0047346144,1.3767326,0.029322803,-0.029493868,0.05136946,0.011339426,0.99817973,1.4785097,5.847614,356.53955,49.96666666667443,1.1413158,1495.5668

0.0048600957,1.3767639,0.029531755,-0.029476188,0.051314265,0.011325406,0.9981832,1.4765934,5.841358,356.54175,49.983333333337214,1.1413158,1495.5668

0.0049846917,1.3768406,0.029773235,-0.029258333,0.05117943,0.011312643,0.99819666,1.4733605,5.826262,356.56717,50.0,1.1413158,1495.5668

0.0050932243,1.3769394,0.030035838,-0.028985362,0.051006407,0.011321099,0.9982134,1.4721162,5.8067937,356.59882,50.016666666662786,1.1413158,1495.5668

0.0048887534,1.3768378,0.030382074,-0.02885658,0.05078857,0.011382805,0.9982276,1.4776852,5.781794,356.61368,50.03333333332557,1.1413158,1495.5668

0.0048118206,1.3768201,0.030645953,-0.028725501,0.050605632,0.011472612,0.99823964,1.4866022,5.760707,356.62857,50.04999999998836,1.1413158,1495.5668

0.004807198,1.3768433,0.030852076,-0.028526146,0.050415482,0.0115498295,0.99825406,1.493658,5.738939,356.65146,50.06666666668025,1.1413158,1495.5668

0.004819937,1.3768712,0.0310083,-0.028392054,0.050255638,0.0116061205,0.99826527,1.498797,5.7206216,356.66684,50.083333333343035,1.1413158,1495.5668

0.0048391162,1.3768919,0.031138498,-0.028267393,0.050194323,0.0116132125,0.9982718,1.4986819,5.7137537,356.68124,50.10000000000582,1.1413158,1495.5668

0.004860501,1.3769023,0.031269237,-0.02822458,0.050262354,0.011577914,0.99827,1.4946147,5.721736,356.68625,50.11666666666861,1.1413158,1495.5668

0.004610546,1.3769289,0.031457372,-0.028430585,0.050456133,0.011484078,0.9982555,1.4856892,5.743963,356.66272,50.13333333333139,1.1413158,1495.5668

0.004504883,1.3769065,0.031604715,-0.028545205,0.050664593,0.01141574,0.99824244,1.4792267,5.7679267,356.64957,50.14999999999418,1.1413158,1495.5668

0.0044868737,1.3768537,0.031744868,-0.028570864,0.050791867,0.011380484,0.99823564,1.4757701,5.782603,356.64658,50.166666666656965,1.1413158,1495.5668

0.0044993907,1.3767804,0.03187657,-0.028585719,0.050786573,0.011385857,0.9982354,1.4764557,5.7819552,356.64484,50.18333333331975,1.1413158,1495.5668

0.0045351274,1.376696,0.031989064,-0.0286265,0.05068761,0.011400091,0.9982391,1.4779799,5.770499,356.64026,50.20000000001164,1.1413158,1495.5668

0.004592456,1.3766111,0.032075405,-0.02872704,0.05053652,0.0113781635,0.9982441,1.4755063,5.7530975,356.6291,50.21666666667443,1.1413158,1495.5668

0.0046365308,1.3765985,0.03220565,-0.028958406,0.050451785,0.01125769,0.9982431,1.4626893,5.7434483,356.6033,50.233333333337214,1.1413158,1495.5668

0.004671273,1.3765645,0.032292087,-0.029004645,0.050509114,0.011131967,0.9982403,1.448705,5.750383,356.5986,50.25,1.1413158,1495.5668

0.004693066,1.3765255,0.032379776,-0.02889574,0.050696425,0.0109697785,0.9982357,1.4300927,5.77257,356.61176,50.266666666662786,1.1413158,1495.5668

0.0047031045,1.3764802,0.03246438,-0.028889405,0.05095002,0.010800032,0.99822485,1.4114379,5.802237,356.613,50.28333333332557,1.1413158,1495.5668

0.004704857,1.3764294,0.032532986,-0.02895807,0.05128386,0.010630406,0.9982076,1.3935208,5.8410006,356.60553,50.29999999998836,1.1413158,1495.5668

0.0047017485,1.3763709,0.032574892,-0.029050888,0.051642545,0.010474379,0.998188,1.3774033,5.8825374,356.59512,50.31666666668025,1.1413158,1495.5668

0.004779947,1.3764337,0.032509603,-0.029206814,0.051824287,0.01044097,0.9981744,1.3751351,5.903279,356.57706,50.333333333343035,1.1413158,1495.5668

0.00481607,1.3764035,0.032444518,-0.029323688,0.051910162,0.010430591,0.9981666,1.3749442,5.9130015,356.56354,50.35000000000582,1.1413158,1495.5668

0.004840836,1.3763098,0.032381374,-0.029562317,0.051958177,0.010460682,0.99815685,1.3799973,5.9180756,356.5358,50.36666666666861,1.1413158,1495.5668

0.004869543,1.3761861,0.032325212,-0.029819341,0.05203806,0.010523518,0.9981443,1.3890449,5.9266605,356.50568,50.38333333333139,1.1413158,1495.5668

0.004900165,1.3760538,0.03228013,-0.030012367,0.05210134,0.010585444,0.9981346,1.3975499,5.9334316,356.483,50.39999999999418,1.1413158,1495.5668

0.004928969,1.3759245,0.03226264,-0.030068533,0.052131474,0.010667763,0.99813044,1.4074631,5.936518,356.47598,50.416666666656965,1.1413158,1495.5668

0.0050708028,1.3759888,0.032382384,-0.03021107,0.05215119,0.010742811,0.9981243,1.4170179,5.9383116,356.4591,50.43333333331975,1.1413158,1495.5668

0.0051553324,1.3759749,0.032450236,-0.030309718,0.05216535,0.010821688,0.9981197,1.4267311,5.939515,356.44724,50.45000000001164,1.1413158,1495.5668

0.0052140504,1.3759103,0.032490667,-0.030317433,0.052181873,0.01089856,0.9981178,1.4356793,5.941126,356.4459,50.46666666667443,1.1413158,1495.5668

0.0052732425,1.3758276,0.03250306,-0.030447671,0.052185133,0.010992108,0.9981127,1.4472277,5.940978,356.4303,50.483333333337214,1.1413158,1495.5668

0.005341269,1.3757355,0.03246729,-0.030807165,0.052117452,0.011088254,0.9981041,1.4601755,5.932347,356.38852,50.5,1.1413158,1495.5668

0.00542257,1.3756458,0.032405473,-0.031035446,0.052044477,0.011152378,0.9981001,1.4686327,5.9234104,356.36197,50.516666666662786,1.1409599,1496.1525

0.005280356,1.3756443,0.032394294,-0.03120024,0.051962644,0.0111767715,0.9980989,1.4721055,5.9136944,356.34302,50.53333333332557,1.1409599,1496.1525

0.0052445875,1.375637,0.032336812,-0.03139114,0.052003354,0.011140917,0.9980912,1.4692739,5.918213,356.3212,50.54999999998836,1.1409599,1496.1525

0.0052743973,1.3756263,0.03228756,-0.03154729,0.05219984,0.0110507095,0.9980771,1.46059,5.9408493,356.30338,50.56666666668025,1.1409599,1496.1525

0.0053157164,1.3756261,0.032259904,-0.031744163,0.0524259,0.010970893,0.9980598,1.4534675,5.966781,356.2808,50.583333333343035,1.1409599,1496.1525

0.00535547,1.3756404,0.03226829,-0.03180133,0.052625854,0.010901649,0.99804825,1.446627,5.989886,356.27423,50.60000000000582,1.1409599,1496.1525

0.005390321,1.3756689,0.03229975,-0.031713083,0.052703243,0.0108509585,0.9980476,1.4405669,5.999078,356.28455,50.61666666666861,1.1409599,1496.1525

0.0055254325,1.3757339,0.032592095,-0.031580653,0.052740335,0.010790542,0.99805045,1.4329634,6.0037465,356.3001,50.63333333333139,1.1409599,1496.1525

0.005616188,1.3758048,0.032769233,-0.031493425,0.052739635,0.010779717,0.9980534,1.4311891,6.003831,356.3102,50.64999999999418,1.1409599,1496.1525

0.0056889653,1.3758781,0.032865778,-0.031417012,0.05270684,0.010805307,0.9980572,1.4335446,6.0000854,356.3189,50.666666666656965,1.1409599,1496.1525

0.005761631,1.3759655,0.032926794,-0.03142653,0.05271987,0.010840244,0.9980558,1.4376705,6.0014367,356.3176,50.68333333331975,1.1409599,1496.1525

0.0058322595,1.3760695,0.032958783,-0.03152549,0.05277714,0.01084734,0.9980497,1.4393054,6.0078363,356.30603,50.70000000001164,1.1409599,1496.1525

0.0058945343,1.376187,0.032968063,-0.031640954,0.05284133,0.010822617,0.9980429,1.4374087,6.015123,356.2928,50.71666666667443,1.1409599,1496.1525

0.00592677,1.3762803,0.033081964,-0.031689174,0.05285966,0.0107844,0.9980408,1.433376,6.0172973,356.2874,50.733333333337214,1.1409599,1496.1525

0.0059450045,1.3764052,0.033134066,-0.03168606,0.052915733,0.010730652,0.9980385,1.4273934,6.023932,356.288,50.75,1.1409599,1496.1525

0.0059499145,1.376549,0.033154048,-0.03165825,0.052965727,0.010691212,0.99803716,1.4228829,6.0298514,356.29135,50.766666666662786,1.1409599,1496.1525

0.0059463694,1.3766984,0.033187684,-0.031480957,0.05302599,0.010672739,0.9980397,1.4199165,6.037083,356.31177,50.78333333332557,1.1409599,1496.1525

0.0059366003,1.3768408,0.033236966,-0.031202069,0.053026635,0.010695953,0.9980482,1.4208962,6.037468,356.34372,50.79999999998836,1.1409599,1496.1525

0.005930701,1.3769671,0.033299252,-0.03098196,0.053018272,0.010740519,0.99805504,1.4246542,6.03666,356.3688,50.81666666668025,1.1409599,1496.1525

0.005926219,1.3768964,0.033452418,-0.030937912,0.05297261,0.010841048,0.9980577,1.4357762,6.0311217,356.37335,50.833333333343035,1.1409599,1496.1525

0.0059354184,1.3768934,0.03354554,-0.03095681,0.052936208,0.010921497,0.9980582,1.445005,6.0266275,356.37076,50.85000000000582,1.1409599,1496.1525

0.0059620114,1.3769422,0.033597946,-0.030903198,0.05291759,0.010986084,0.9980601,1.4520383,6.0243354,356.37656,50.86666666666861,1.1409599,1496.1525

0.0059920996,1.3770002,0.033612743,-0.03092896,0.05288312,0.011048264,0.99806046,1.4592148,6.020119,356.3733,50.88333333333139,1.1409599,1496.1525

0.0060118483,1.377052,0.033586983,-0.03107326,0.052798938,0.011097044,0.9980599,1.4653767,6.0100765,356.35654,50.89999999999418,1.1409599,1496.1525

0.006016776,1.3771013,0.033551652,-0.031095333,0.05276336,0.011104876,0.998061,1.466275,6.0059357,356.35403,50.916666666656965,1.1409599,1496.1525

0.0059781983,1.376951,0.0337202,-0.031057201,0.05276206,0.011095994,0.9980624,1.4650182,6.0058746,356.3585,50.93333333331975,1.1409599,1496.1525

0.0059538335,1.3768843,0.033784315,-0.031049868,0.052784663,0.011045284,0.99806195,1.4592277,6.008662,356.3596,50.95000000001164,1.1409599,1496.1525

0.005947612,1.3768722,0.033788096,-0.031124672,0.052860107,0.010978838,0.99805635,1.452326,6.0174475,356.35126,50.96666666667443,1.1409599,1496.1525

0.00594985,1.3768723,0.03377691,-0.031194279,0.052966215,0.010916687,0.99804926,1.4460055,6.029742,356.3434,50.983333333337214,1.1409599,1496.1525

0.0059500486,1.3768677,0.033753004,-0.031296417,0.053080883,0.010876763,0.99804044,1.4424739,6.0428915,356.3317,51.0,1.1409599,1496.1525

0.005943589,1.3768548,0.033706944,-0.03152744,0.053191837,0.010868405,0.9980273,1.443346,6.055312,356.30493,51.016666666662786,1.1409599,1496.1525

0.0060698763,1.3767666,0.033772584,-0.031752005,0.05321567,0.010834502,0.99801934,1.4409063,6.057847,356.27924,51.03333333332557,1.1409599,1496.1525

0.006113913,1.3767345,0.033750862,-0.031797435,0.053117014,0.010857409,0.9980228,1.4434328,6.046382,356.27405,51.04999999998836,1.1409599,1496.1525

0.006116298,1.3767387,0.033699505,-0.031679213,0.052999247,0.010903798,0.9980324,1.4475914,6.032875,356.2876,51.06666666668025,1.1409599,1496.1525

0.0061162934,1.3767607,0.033655096,-0.031661287,0.052944876,0.010954995,0.9980353,1.4531593,6.026476,356.28946,51.083333333343035,1.1409599,1496.1525

0.0061261924,1.3767916,0.033643022,-0.031556055,0.05293522,0.011024603,0.99803835,1.4604905,6.025264,356.30118,51.10000000000582,1.1409599,1496.1525

0.0061525973,1.3768263,0.033668295,-0.031431183,0.052920267,0.011142758,0.99804175,1.473266,6.023296,356.31485,51.11666666666861,1.1409599,1496.1525

0.0064743473,1.3768644,0.033795964,-0.03134792,0.052865285,0.011321934,0.99804527,1.4931579,6.0164537,356.32346,51.13333333333139,1.1409599,1496.1525

0.006669478,1.3768854,0.03386174,-0.03125985,0.052739948,0.011520798,0.9980524,1.5150148,6.0014825,356.33264,51.14999999999418,1.1409599,1496.1525

0.0067929327,1.3768964,0.033871494,-0.031195283,0.052590437,0.011664817,0.99806064,1.5306143,5.983907,356.3395,51.166666666656965,1.1409599,1496.1525

0.006884806,1.376901,0.033833064,-0.03125536,0.052492514,0.011714264,0.9980634,1.536285,5.9724035,356.33246,51.18333333331975,1.1409599,1496.1525

0.006948322,1.3769118,0.03377141,-0.031344604,0.052532833,0.011638191,0.9980593,1.5282277,5.9771695,356.32257,51.20000000001164,1.1409599,1496.1525

0.0069914684,1.3769262,0.03370405,-0.031320836,0.052675124,0.011475569,0.99805444,1.5099304,5.994122,356.326,51.21666666667443,1.1409599,1496.1525

0.0070282817,1.3769208,0.033777874,-0.031242184,0.052827094,0.01130244,0.99805087,1.4901291,6.012304,356.33582,51.233333333337214,1.1409599,1496.1525

0.0070476234,1.3769047,0.033815783,-0.031218175,0.05306702,0.0110628,0.99804157,1.463343,6.040733,356.33957,51.25,1.1409599,1496.1525

0.0070707053,1.376888,0.033839684,-0.031111445,0.05330211,0.010802977,0.99803525,1.4337093,6.068799,356.35303,51.266666666662786,1.1409599,1496.1525

0.007107891,1.3768672,0.033866055,-0.030910319,0.053430457,0.010596925,0.9980368,1.4092686,6.0845547,356.3772,51.28333333332557,1.1409599,1496.1525

0.007159869,1.3768426,0.03389559,-0.030734342,0.053419918,0.01048022,0.998044,1.3947278,6.084015,356.3982,51.29999999998836,1.1409599,1496.1525

0.0072197914,1.3768206,0.033932034,-0.030630117,0.053366717,0.010426511,0.99805063,1.3877121,6.078252,356.4106,51.31666666668025,1.1413158,1495.5668

0.007172875,1.3766651,0.034080006,-0.030430347,0.05327894,0.010489742,0.99806076,1.3934363,6.0682373,356.43338,51.333333333343035,1.1413158,1495.5668

0.007155888,1.3765936,0.034164004,-0.03028187,0.053263508,0.010598185,0.998065,1.4049464,6.0662894,356.44983,51.35000000000582,1.1413158,1495.5668

0.00715407,1.3765798,0.03419,-0.030226348,0.05328308,0.010708988,0.99806446,1.4174261,6.0682187,356.4555,51.36666666666861,1.1413158,1495.5668

0.0071531357,1.3765943,0.034159347,-0.030138234,0.05322937,0.010797499,0.99806905,1.4268703,6.0618706,356.46524,51.38333333333139,1.1413158,1495.5668

0.0071521625,1.376613,0.034054857,-0.030161627,0.053055897,0.010864168,0.9980768,1.4340373,6.0417066,356.46243,51.39999999999418,1.1413158,1495.5668

0.0071508363,1.3766369,0.033896975,-0.030310037,0.052825205,0.010860829,0.9980846,1.4336939,6.015048,356.44577,51.416666666656965,1.1413158,1495.5668

0.007169258,1.3764156,0.033879437,-0.030368093,0.052633002,0.010814944,0.9980935,1.4280497,5.9930863,356.43973,51.43333333331975,1.1413158,1495.5668

0.0071893483,1.3763027,0.033822272,-0.030353276,0.052526772,0.010789202,0.9980998,1.4246032,5.9810166,356.44177,51.45000000001164,1.1413158,1495.5668

0.0072222454,1.3762406,0.03377048,-0.030313348,0.05255956,0.010803299,0.99809915,1.4261066,5.9847836,356.44623,51.46666666667443,1.1413158,1495.5668

0.0072705983,1.3761711,0.03374959,-0.03034549,0.052632127,0.010881263,0.9980935,1.4355377,5.9927816,356.44193,51.483333333337214,1.1413158,1495.5668

0.0073266476,1.376092,0.03376332,-0.030466639,0.05272586,0.010965762,0.99808395,1.4463375,6.0030546,356.4273,51.5,1.1413158,1495.5668

0.007379137,1.3760101,0.033791732,-0.030506443,0.052741855,0.011024363,0.9980812,1.4533781,6.0046215,356.42233,51.516666666662786,1.1409599,1496.1525

0.007316296,1.3758874,0.033978757,-0.030271243,0.05268292,0.011080975,0.99809086,1.4582497,5.9980035,356.4492,51.53333333332557,1.1413158,1495.5668

0.00727673,1.3757961,0.034061506,-0.03005255,0.05258045,0.011110222,0.99810255,1.4599156,5.986468,356.47437,51.54999999998836,1.1413158,1495.5668

0.0072403923,1.3757021,0.034055505,-0.030079762,0.05249675,0.011208495,0.99810505,1.4710718,5.9764824,356.4708,51.56666666668025,1.1413158,1495.5668

0.0071903197,1.3756006,0.033999376,-0.030203633,0.052335422,0.011373192,0.9981079,1.4901575,5.957215,356.45587,51.583333333343035,1.1413158,1495.5668

0.007132478,1.3754944,0.033918794,-0.03030126,0.052146178,0.011571332,0.99811256,1.5128226,5.934661,356.44382,51.60000000000582,1.1413158,1495.5668

0.007078895,1.3753867,0.033833385,-0.030504983,0.052029267,0.01173467,0.9981106,1.5323826,5.9203596,356.41962,51.61666666666861,1.1409599,1496.1525

0.007026854,1.3752233,0.03380605,-0.030595027,0.05201192,0.011864856,0.9981072,1.5478249,5.9177637,356.4085,51.63333333333139,1.1409599,1496.1525

0.006984502,1.3750975,0.03378632,-0.03056685,0.05204949,0.011889101,0.9981058,1.5505873,5.9220295,356.41153,51.64999999999418,1.1409599,1496.1525

0.0069456026,1.3749969,0.033780176,-0.030579392,0.052144796,0.011869004,0.9981007,1.5487105,5.933011,356.41,51.666666666656965,1.1409599,1496.1525

0.0069057047,1.3749084,0.03379961,-0.030611416,0.052279077,0.011851579,0.9980929,1.5474049,5.948423,356.40616,51.68333333331975,1.1409599,1496.1525

0.0068630604,1.374819,0.0338345,-0.03062713,0.052376278,0.011859855,0.99808717,1.5488185,5.959515,356.40414,51.70000000001164,1.1409599,1496.1525

0.006819837,1.3747227,0.033879302,-0.030640438,0.052407436,0.0118896635,0.9980848,1.5524442,5.9629607,356.40237,51.71666666667443,1.1409599,1496.1525

0.0068164216,1.3747994,0.03402109,-0.030783746,0.05228528,0.011917642,0.99808645,1.5560566,5.948628,356.38596,51.733333333337214,1.1409599,1496.1525

0.0068065897,1.3748199,0.034128726,-0.030857913,0.05213705,0.011979254,0.99809116,1.5630212,5.9312906,356.37732,51.75,1.1409599,1496.1525

0.006788112,1.3748112,0.03422676,-0.030812593,0.0520035,0.012026445,0.998099,1.56767,5.915876,356.3825,51.766666666662786,1.1409599,1496.1525

0.0067566335,1.3748059,0.034337357,-0.03069934,0.051889796,0.012053282,0.9981081,1.5696518,5.902918,356.3956,51.78333333332557,1.1409599,1496.1525

0.006700434,1.3748177,0.034457836,-0.03063464,0.051837403,0.012037444,0.998113,1.5672483,5.8970685,356.40326,51.79999999998836,1.1409599,1496.1525

0.0066147344,1.3748454,0.034591958,-0.030381434,0.05185878,0.012006744,0.99812,1.5622973,5.9000273,356.43253,51.81666666668025,1.1409599,1496.1525

0.006430872,1.3748397,0.034782454,-0.03004811,0.051925533,0.011988445,0.9981268,1.5584642,5.9082675,356.4709,51.833333333343035,1.1409599,1496.1525

0.006268747,1.3748555,0.034934893,-0.0299013,0.05202617,0.012036777,0.99812543,1.5635228,5.919868,356.4873,51.85000000000582,1.1413158,1495.5668

0.0061284928,1.3748739,0.03505397,-0.029828237,0.052069996,0.012129867,0.9981241,1.573956,5.924681,356.49506,51.86666666666861,1.1413158,1495.5668

0.0059932023,1.3748797,0.03513569,-0.029795263,0.05196651,0.012250325,0.9981291,1.587231,5.912444,356.49835,51.88333333333139,1.1413158,1495.5668

0.0058508664,1.3748722,0.035190787,-0.02973507,0.051827453,0.012400264,0.9981362,1.603605,5.896068,356.50464,51.89999999999418,1.1413158,1495.5668

0.0056960136,1.374861,0.0352225,-0.029574787,0.05171704,0.012547111,0.9981449,1.6191384,5.8831525,356.52246,51.916666666656965,1.1413158,1495.5668

0.0053978562,1.3747157,0.03540147,-0.02940708,0.05163551,0.0127520645,0.9981515,1.6414193,5.873365,356.5407,51.93333333331975,1.1413158,1495.5668

0.0051795915,1.3746377,0.035505638,-0.029352868,0.051674455,0.012901962,0.99814916,1.6584799,5.877402,356.546,51.95000000001164,1.1413158,1495.5668

0.005017282,1.3746034,0.035558604,-0.029360583,0.051818553,0.012992874,0.9981403,1.6695064,5.893599,356.54428,51.96666666667443,1.1413158,1495.5668

0.004882075,1.374594,0.035596963,-0.02937111,0.052058436,0.013023048,0.9981271,1.6739154,5.9209867,356.5424,51.983333333337214,1.1413158,1495.5668

0.0047626123,1.3745914,0.035623644,-0.029353745,0.052273598,0.013044565,0.9981161,1.6770728,5.9456153,356.54382,52.0,1.1413158,1495.5668

0.0046559945,1.374588,0.035637826,-0.029313479,0.052389406,0.013076871,0.9981108,1.6809707,5.958852,356.548,52.016666666662786,1.1413158,1495.5668

0.0043952554,1.3743237,0.035956386,-0.029080095,0.052422315,0.013038019,0.9981163,1.6752234,5.9631524,356.57504,52.03333333332557,1.1413158,1495.5668

0.0042384565,1.3741893,0.036121354,-0.028938489,0.052476842,0.013024533,0.9981178,1.6730202,5.9696894,356.5913,52.04999999998836,1.1413158,1495.5668

0.004139133,1.3741395,0.036180675,-0.029028425,0.052595608,0.012976639,0.9981096,1.6684808,5.9833226,356.58102,52.06666666668025,1.1413158,1495.5668

0.0040545836,1.3741233,0.036203377,-0.029210925,0.052773237,0.012879029,0.9980961,1.6589974,6.0037246,356.5602,52.083333333343035,1.1413158,1495.5668

0.003972031,1.3741187,0.036199775,-0.029370323,0.052918687,0.012763426,0.9980852,1.6471939,6.02054,356.54227,52.10000000000582,1.1413158,1495.5668

0.0038911726,1.3741145,0.036189172,-0.02929797,0.05305466,0.012642422,0.9980816,1.6333334,6.036671,356.55106,52.11666666666861,1.1413158,1495.5668

0.003627335,1.373754,0.036580883,-0.02918064,0.053145204,0.012525359,0.9980818,1.6194844,6.0476503,356.56512,52.13333333333139,1.1413158,1495.5668

0.0034898892,1.373556,0.03676034,-0.029197888,0.053249616,0.012438562,0.9980768,1.6099843,6.059896,356.56345,52.14999999999418,1.1413158,1495.5668

0.0034248172,1.3734654,0.036800448,-0.029283227,0.05326182,0.0123495925,0.9980747,1.6003145,6.0614643,356.55414,52.166666666656965,1.1413158,1495.5668

0.0033757687,1.3734008,0.03679952,-0.029458517,0.05323262,0.012285215,0.99807197,1.5938703,6.0580583,356.5344,52.18333333331975,1.1413158,1495.5668

0.0033242628,1.3733462,0.036787152,-0.029577134,0.053194333,0.012225258,0.9980712,1.5875553,6.053686,356.52118,52.20000000001164,1.1413158,1495.5668

0.0032661373,1.3733078,0.036778867,-0.029575082,0.05317952,0.01215084,0.9980729,1.5789284,6.0522494,356.5219,52.21666666667443,1.1413158,1495.5668

0.0031086926,1.3730142,0.037427902,-0.02961006,0.053164035,0.01201162,0.9980744,1.56307,6.0509043,356.51874,52.233333333337214,1.1413158,1495.5668

0.0030148341,1.3728681,0.037758343,-0.029602751,0.053196654,0.011917183,0.99807405,1.5522825,6.054986,356.5201,52.25,1.1413158,1495.5668

0.0029484183,1.372813,0.037884075,-0.029571015,0.053303383,0.011810074,0.9980706,1.5401595,6.0676484,356.5242,52.266666666662786,1.1413158,1495.5668

0.00287504,1.3727779,0.03793947,-0.029554633,0.053430416,0.011730754,0.9980652,1.5314004,6.082518,356.52634,52.28333333332557,1.1413158,1495.5668

0.0027855649,1.3727388,0.037954036,-0.029556671,0.05350447,0.011699414,0.9980615,1.5280789,6.091117,356.52615,52.29999999998836,1.1413158,1495.5668

0.0026773065,1.3726945,0.03793136,-0.029629221,0.053481206,0.011741685,0.9980601,1.5333004,6.0881906,356.51758,52.31666666668025,1.1413158,1495.5668

0.0026524812,1.37262,0.03777589,-0.029632837,0.053249195,0.011764669,0.99807215,1.5351149,6.0614963,356.51746,52.333333333343035,1.1413158,1495.5668

0.002600481,1.3725599,0.03765864,-0.02958721,0.053019863,0.011819433,0.9980851,1.5402958,6.0350747,356.52283,52.35000000000582,1.1413158,1495.5668

0.0025341958,1.3725083,0.037581246,-0.029768407,0.052899458,0.01189018,0.99808526,1.549089,6.020739,356.50177,52.36666666666861,1.1413158,1495.5668

0.0024781376,1.3724735,0.037540868,-0.029988013,0.052846216,0.01193441,0.99808097,1.5553079,6.0141363,356.47635,52.38333333333139,1.1413158,1495.5668

0.0024426877,1.3724585,0.037549656,-0.030028338,0.052832372,0.012000198,0.99807966,1.5630671,6.012253,356.4713,52.39999999999418,1.1409599,1496.1525

0.0024294753,1.3724548,0.037594695,-0.029864114,0.052789323,0.012084756,0.99808586,1.5716412,6.007276,356.48978,52.416666666656965,1.1413158,1495.5668

0.0026836395,1.3725193,0.037532344,-0.029699042,0.052634213,0.012167273,0.998098,1.5795645,5.989459,356.5086,52.43333333331975,1.1413158,1495.5668

0.0028098836,1.372552,0.037521407,-0.029641356,0.052360512,0.012309402,0.9981123,1.5945584,5.957666,356.51492,52.45000000001164,1.1413158,1495.5668

0.0028330237,1.3725629,0.037531827,-0.02964803,0.052025575,0.012438872,0.99812806,1.6082575,5.918793,356.51404,52.46666666667443,1.1413158,1495.5668

0.0028058488,1.3725619,0.037541337,-0.029675616,0.05171158,0.012572054,0.9981419,1.6225828,5.8822756,356.5107,52.483333333337214,1.1413158,1495.5668

0.0027492568,1.3725531,0.037535913,-0.029677767,0.05143885,0.012688168,0.99815446,1.634945,5.8505917,356.51035,52.5,1.1413158,1495.5668

0.0026759978,1.3725418,0.03751439,-0.029665576,0.051249582,0.012764137,0.9981635,1.6429131,5.8286414,356.51166,52.516666666662786,1.1413158,1495.5668

0.0027987238,1.37271,0.03747249,-0.029668866,0.05115236,0.01274259,0.9981687,1.6400971,5.817563,356.51163,52.53333333332557,1.1413158,1495.5668

0.002836533,1.3728021,0.037456453,-0.029685419,0.05107422,0.012752784,0.9981721,1.6410786,5.80854,356.50983,52.54999999998836,1.1413158,1495.5668

0.002810739,1.3728338,0.03747359,-0.029713469,0.051063444,0.012808581,0.9981711,1.6476185,5.807063,356.50626,52.56666666668025,1.1413158,1495.5668

0.0027692541,1.3728461,0.037507147,-0.029735092,0.051039558,0.012872413,0.99817085,1.6549966,5.8040648,356.50345,52.583333333343035,1.1413158,1495.5668

0.0027356148,1.3728503,0.03755678,-0.02972397,0.050970566,0.012972974,0.9981734,1.666241,5.7958198,356.5043,52.60000000000582,1.1413158,1495.5668

0.0027122449,1.3728485,0.037605952,-0.029742068,0.050823987,0.013138205,0.9981782,1.6848049,5.778403,356.50153,52.61666666666861,1.1413158,1495.5668

0.0026758015,1.3727465,0.03739854,-0.02963231,0.050500218,0.013249828,0.9981964,1.6958114,5.7410727,356.5142,52.63333333333139,1.1413158,1495.5668

0.0026420206,1.3727065,0.037306402,-0.029561063,0.05016311,0.013381292,0.99821377,1.7092788,5.7020802,356.52234,52.64999999999418,1.1413158,1495.5668

0.0025957897,1.3727205,0.03729094,-0.029482413,0.049851608,0.0135014355,0.9982301,1.7215012,5.66608,356.53134,52.666666666656965,1.1413158,1495.5668

0.002534628,1.3727683,0.03730636,-0.029348645,0.049587153,0.013574252,0.9982462,1.7281476,5.635735,356.54688,52.68333333331975,1.1413158,1495.5668

0.0024656355,1.3728411,0.0373577,-0.029119562,0.049469545,0.0135976765,0.9982585,1.7291182,5.6225667,356.57333,52.70000000001164,1.1413158,1495.5668

0.00239695,1.3729277,0.0374479,-0.028866049,0.04952125,0.0136056645,0.9982631,1.7287902,5.6289062,356.60236,52.71666666667443,1.1413158,1495.5668

0.0025719032,1.3728733,0.03740033,-0.028788421,0.04974404,0.013541839,0.99825513,1.7218109,5.6548038,356.61118,52.733333333337214,1.1413158,1495.5668

0.0026435778,1.3728698,0.037432514,-0.028806614,0.049925603,0.01351666,0.99824595,1.7196696,5.6756773,356.60886,52.75,1.1413158,1495.5668

0.0026364475,1.3729118,0.037504427,-0.028762346,0.049992893,0.0135062495,0.998244,1.7184612,5.6835046,356.6139,52.766666666662786,1.1413158,1495.5668

0.0025936887,1.372971,0.03756552,-0.028707031,0.04996459,0.013528288,0.99824667,1.7205782,5.6802797,356.62018,52.78333333332557,1.1413158,1495.5668

0.0025218516,1.3730458,0.03761039,-0.028563382,0.0498498,0.013575008,0.9982559,1.7247219,5.6672072,356.63666,52.79999999998836,1.1413158,1495.5668

0.002431718,1.3731427,0.03765558,-0.028300151,0.049763214,0.013596089,0.9982675,1.7253418,5.657663,356.66702,52.81666666668025,1.1413158,1495.5668

0.0023324192,1.3730317,0.03786568,-0.028043501,0.049799178,0.01355756,0.9982734,1.7195791,5.662357,356.6967,52.833333333343035,1.1413158,1495.5668

0.0022501796,1.3730088,0.03799162,-0.02787942,0.0499685,0.013506032,0.9982703,1.7133095,5.6822257,356.7155,52.85000000000582,1.1413158,1495.5668

0.0021816492,1.3730543,0.038069725,-0.027749969,0.05029121,0.013394966,0.9982592,1.7009165,5.7198167,356.73038,52.86666666666861,1.1413158,1495.5668

0.002117969,1.3731107,0.038115185,-0.027674021,0.050634008,0.013287614,0.99824536,1.6893194,5.759607,356.73904,52.88333333333139,1.1413158,1495.5668

0.0020605053,1.3731565,0.03811526,-0.02773352,0.050842006,0.013213413,0.9982341,1.6818509,5.7836013,356.7322,52.89999999999418,1.1413158,1495.5668

0.0020103394,1.3731947,0.038077924,-0.027773224,0.05093951,0.013109088,0.99822944,1.6704222,5.795058,356.72803,52.916666666656965,1.1413158,1495.5668

0.0019314289,1.3730899,0.03816335,-0.027777925,0.050961334,0.012954664,0.9982302,1.652767,5.7980585,356.72836,52.93333333331975,1.1413158,1495.5668

0.0018833429,1.3730346,0.03813862,-0.02776904,0.05096554,0.012802102,0.9982322,1.635186,5.7990546,356.73022,52.95000000001164,1.1413158,1495.5668

0.0018553212,1.3730215,0.03805402,-0.027833056,0.05105657,0.012630022,0.99822795,1.6160855,5.809953,356.7237,52.96666666667443,1.1413158,1495.5668

0.0018457323,1.3730264,0.037966754,-0.027911287,0.051281936,0.012443427,0.99821657,1.5958662,5.836285,356.71536,52.983333333337214,1.1413158,1495.5668

0.001851894,1.3730356,0.03789598,-0.028022537,0.05160639,0.012251894,0.9981991,1.5756212,5.873948,356.70306,53.0,1.1413158,1495.5668

0.001869902,1.3730414,0.03784959,-0.028091593,0.0519436,0.012073811,0.9981818,1.5567242,5.9131007,356.69553,53.016666666662786,1.1413158,1495.5668

0.0019174442,1.3729463,0.038039517,-0.028086917,0.05226154,0.01187697,0.99816775,1.5351655,5.950222,356.6966,53.03333333332557,1.1413158,1495.5668

0.0019648522,1.372887,0.03811636,-0.028137969,0.05236255,0.011749317,0.9981625,1.5211409,5.9621506,356.6913,53.04999999998836,1.1413158,1495.5668

0.0020116617,1.3728472,0.038100813,-0.028164584,0.052258417,0.011655545,0.9981683,1.5101515,5.9504786,356.68903,53.06666666668025,1.1413158,1495.5668

0.0020531442,1.3728085,0.03803855,-0.028193017,0.052041892,0.011569295,0.9981798,1.4996455,5.9258895,356.68668,53.083333333343035,1.1413158,1495.5668

0.0020844503,1.3727598,0.03796065,-0.02823689,0.051881727,0.011548939,0.9981871,1.4970056,5.9075227,356.682,53.10000000000582,1.1413158,1495.5668

0.0021077294,1.3727024,0.037887916,-0.028100615,0.051812667,0.011537618,0.99819475,1.4946539,5.8998446,356.69788,53.11666666666861,1.1413158,1495.5668

0.0019951775,1.3726292,0.038073644,-0.028153937,0.051843967,0.011577321,0.9981911,1.4996457,5.9032226,356.69147,53.13333333333139,1.1413158,1495.5668

0.0019443333,1.3725373,0.03811357,-0.02852174,0.051899564,0.011571603,0.9981779,1.5013661,5.909065,356.64908,53.14999999999418,1.1413158,1495.5668

0.001948939,1.3724359,0.038054906,-0.028785132,0.051913936,0.01153486,0.99816996,1.498756,5.910441,356.61893,53.166666666656965,1.1413158,1495.5668

0.0019858195,1.372334,0.03795584,-0.0288652,0.05186442,0.01148785,0.9981708,1.4936483,5.9048014,356.6101,53.18333333331975,1.1413158,1495.5668

0.002042167,1.372229,0.03784137,-0.028891867,0.051779196,0.011488864,0.9981744,1.4936188,5.894985,356.60718,53.20000000001164,1.1413158,1495.5668

0.002106597,1.3721251,0.03772364,-0.02900097,0.051683407,0.011566612,0.9981753,1.5028634,5.883571,356.59436,53.21666666667443,1.1413158,1495.5668

0.0020499602,1.3720272,0.037872046,-0.029358378,0.05162031,0.01171253,0.99816644,1.5215288,5.8752933,356.55246,53.233333333337214,1.1413158,1495.5668

0.0020527195,1.3719538,0.03790672,-0.02967369,0.05150967,0.0119089,0.9981605,1.5455674,5.8614397,356.51526,53.25,1.1413158,1495.5668

0.0020953566,1.3719113,0.03788232,-0.029690355,0.051395047,0.012104567,0.9981636,1.5677459,5.847586,356.5124,53.266666666662786,1.1413158,1495.5668

0.0021497547,1.3719021,0.03784911,-0.029668357,0.05130495,0.012243232,0.99816716,1.583232,5.8368053,356.51428,53.28333333332557,1.1413158,1495.5668

0.0022012964,1.3719236,0.037819274,-0.029659528,0.051279835,0.012294277,0.9981681,1.5889577,5.833761,356.51505,53.29999999998836,1.1413158,1495.5668

0.0022363316,1.3719712,0.03779766,-0.029575888,0.051265065,0.012282723,0.99817145,1.5870847,5.832241,356.52478,53.31666666668025,1.1413158,1495.5668

0.0021859482,1.3720932,0.037995204,-0.029383983,0.051338058,0.012249882,0.99817383,1.5824488,5.84103,356.5469,53.333333333343035,1.1413158,1495.5668

0.0021538585,1.3721969,0.03811937,-0.029112117,0.05144358,0.012222134,0.9981767,1.5780425,5.8536563,356.57816,53.35000000000582,1.1413158,1495.5668

0.0021450832,1.3722765,0.038185023,-0.028956411,0.05157247,0.012183467,0.998175,1.5731423,5.8688154,356.59604,53.36666666666861,1.1413158,1495.5668

0.0021528404,1.3723451,0.038232915,-0.028847339,0.0517176,0.012126317,0.9981713,1.5664457,5.885824,356.60867,53.38333333333139,1.1413158,1495.5668

0.0021738906,1.3724055,0.038272247,-0.028709896,0.051828906,0.012071509,0.9981702,1.5597255,5.898989,356.6246,53.39999999999418,1.1413158,1495.5668

0.0022047956,1.372453,0.038302742,-0.028543707,0.051879246,0.012077975,0.9981723,1.559662,5.9050007,356.6436,53.416666666656965,1.1413158,1495.5668

0.0021545738,1.3724889,0.038258594,-0.028464803,0.0519277,0.012135183,0.9981713,1.5659443,5.9104896,356.65222,53.43333333331975,1.1413158,1495.5668

0.002125591,1.3725045,0.038214125,-0.028492063,0.051912077,0.012266565,0.9981698,1.5811609,5.908214,356.64835,53.45000000001164,1.1413158,1495.5668

0.002107732,1.3725165,0.038179602,-0.028443761,0.051843084,0.012395444,0.9981732,1.5954528,5.8999467,356.6533,53.46666666667443,1.1413158,1495.5668

0.002090104,1.3725264,0.038146492,-0.028393254,0.051776804,0.012508107,0.99817663,1.6078767,5.8920493,356.65854,53.483333333337214,1.1413158,1495.5668

0.002075975,1.3725381,0.038119644,-0.028293459,0.05179077,0.012553591,0.9981782,1.6125659,5.8936596,356.6697,53.5,1.1413158,1495.5668

0.0020648688,1.3725448,0.0380968,-0.028181102,0.05188375,0.012561022,0.9981764,1.613081,5.904479,356.68243,53.516666666662786,1.1413158,1495.5668

0.0020364125,1.3726037,0.038084656,-0.028208995,0.05214178,0.012473247,0.9981633,1.604057,5.9343176,356.67923,53.53333333332557,1.1413158,1495.5668

0.0020301417,1.3726212,0.038075488,-0.028355107,0.05244912,0.012376308,0.99814427,1.5948627,5.969654,356.6624,53.54999999998836,1.1413158,1495.5668

0.0020397156,1.3726128,0.03807346,-0.028422715,0.052793853,0.012285974,0.99812526,1.5860966,6.0093846,356.65448,53.56666666668025,1.1413158,1495.5668

0.0020640914,1.3726034,0.03806666,-0.028429784,0.053139072,0.012208747,0.9981077,1.5784771,6.0492244,356.65347,53.583333333343035,1.1413158,1495.5668

0.002105683,1.3726019,0.038035795,-0.02859101,0.05341715,0.012144936,0.998089,1.5731062,6.081077,356.63477,53.60000000000582,1.1413158,1495.5668

0.0021605878,1.3726114,0.038001504,-0.028837383,0.05365439,0.012082562,0.99806994,1.5682874,6.10811,356.60632,53.61666666666861,1.1413158,1495.5668

0.002314801,1.3726275,0.037667487,-0.028880239,0.053816028,0.011963993,0.9980614,1.5554909,6.126984,356.6018,53.63333333333139,1.1413158,1495.5668

0.0024253204,1.3726726,0.037504345,-0.028820973,0.053981844,0.011877175,0.9980552,1.5457318,6.146389,356.60883,53.64999999999418,1.1413158,1495.5668

0.002519779,1.3727299,0.03746412,-0.028650517,0.054129884,0.011806455,0.99805295,1.5370696,6.163872,356.6286,53.666666666656965,1.1413158,1495.5668

0.0026270747,1.3727773,0.037468825,-0.028346,0.05421182,0.011756707,0.9980578,1.5297476,6.173904,356.66382,53.68333333331975,1.1413158,1495.5668

0.0027441396,1.3728056,0.03748038,-0.028086638,0.054204352,0.0117510455,0.99806565,1.5274597,6.173464,356.69373,53.70000000001164,1.1413158,1495.5668

0.002865763,1.3728158,0.037487697,-0.027947962,0.054147743,0.011760216,0.99807245,1.5274574,6.1671524,356.70975,53.71666666667443,1.1413158,1495.5668

0.0031491965,1.3727405,0.037116982,-0.027816001,0.05407501,0.011801556,0.9980796,1.5311432,6.1588764,356.72482,53.733333333337214,1.1413158,1495.5668

0.0033572703,1.3726846,0.036919333,-0.027759722,0.05407054,0.011795259,0.9980815,1.5300546,6.1584706,356.73135,53.75,1.1413158,1495.5668

0.003512226,1.3726407,0.036839772,-0.027672552,0.054098003,0.011752343,0.99808294,1.524672,6.1618943,356.7416,53.766666666662786,1.1413158,1495.5668

0.0036453903,1.372592,0.036776595,-0.02763842,0.05409482,0.011748692,0.9980841,1.5240295,6.161594,356.74557,53.78333333332557,1.1413158,1495.5668

0.0037692636,1.3725375,0.036698997,-0.027695779,0.05409138,0.011763187,0.9980825,1.5260408,6.1610637,356.73886,53.79999999998836,1.1413158,1495.5668

0.0038926154,1.3724804,0.036602315,-0.027739147,0.054060638,0.0117481705,0.9980832,1.5244755,6.157521,356.73404,53.81666666668025,1.1413158,1495.5668

0.0042611985,1.3723819,0.03612662,-0.027742425,0.054050628,0.011776178,0.9980833,1.5276836,6.1562757,356.7335,53.833333333343035,1.1413158,1495.5668

0.0045127883,1.3722922,0.035833724,-0.02768635,0.05407005,0.011777358,0.9980838,1.5275391,6.1585855,356.7399,53.85000000000582,1.1413158,1495.5668

0.0046950295,1.3722103,0.03567607,-0.027752731,0.054081935,0.011763778,0.99808145,1.5264288,6.1598916,356.73233,53.86666666666861,1.1413158,1495.5668

0.0048621567,1.3721408,0.035562698,-0.027822182,0.05400925,0.0117434515,0.9980837,1.5242686,6.1515155,356.72458,53.88333333333139,1.1413158,1495.5668

0.005031243,1.3720772,0.035472147,-0.027825251,0.053862743,0.011750739,0.9980914,1.5246189,6.134682,356.7245,53.89999999999418,1.1413158,1495.5668

0.005203061,1.3720187,0.035386078,-0.027821722,0.05364185,0.011771291,0.99810314,1.5261967,6.1092844,356.7252,53.916666666656965,1.1413158,1495.5668

0.0055010915,1.3719499,0.035210934,-0.027696138,0.053418633,0.011764204,0.9981187,1.5238408,6.0838985,356.7401,53.93333333331975,1.1413158,1495.5668

0.0057218624,1.371909,0.035104986,-0.027664674,0.05322963,0.011722223,0.9981302,1.5181684,6.062406,356.74432,53.95000000001164,1.1413158,1495.5668

0.005902745,1.371881,0.03504738,-0.02764317,0.05308846,0.011683992,0.9981387,1.5131545,6.0463715,356.74728,53.96666666667443,1.1413158,1495.5668

0.006079356,1.371853,0.035018727,-0.027453605,0.05303486,0.011640178,0.9981473,1.5067791,6.0406528,356.76947,53.983333333337214,1.1413158,1495.5668

0.006249638,1.3718189,0.03498021,-0.0274237,0.053043924,0.011634821,0.9981477,1.5060122,6.0417547,356.77295,54.0,1.1413158,1495.5668

0.006410086,1.3717788,0.034918215,-0.027505804,0.053070143,0.011628843,0.99814415,1.5059129,6.0446577,356.7635,54.016666666662786,1.1413158,1495.5668

0.006312102,1.3715602,0.035024703,-0.02752659,0.052902237,0.011652975,0.9981522,1.5082408,6.0252905,356.76126,54.03333333332557,1.1413158,1495.5668

0.0062872665,1.3714261,0.03503817,-0.027462041,0.05267901,0.011706746,0.9981652,1.513273,5.999612,356.76877,54.04999999998836,1.1413158,1495.5668

0.0063417926,1.3713557,0.03499727,-0.02742209,0.052500404,0.01174517,0.99817526,1.5168433,5.979064,356.77347,54.06666666668025,1.1413158,1495.5668

0.0064272135,1.3713076,0.03496705,-0.027428962,0.05244699,0.011773637,0.9981775,1.519977,5.9728355,356.7726,54.083333333343035,1.1413158,1495.5668

0.0065204157,1.3712578,0.034948636,-0.027523855,0.052478407,0.011846893,0.99817234,1.5290802,5.9760566,356.7612,54.10000000000582,1.1413158,1495.5668

0.006614469,1.3712001,0.034941155,-0.027561154,0.05252625,0.011949332,0.99816763,1.5412511,5.981154,356.7562,54.11666666666861,1.1413158,1495.5668

0.0064180805,1.3708642,0.035190616,-0.027401844,0.052548107,0.012104459,0.998169,1.5582111,5.983405,356.77353,54.13333333333139,1.1413158,1495.5668

0.0063252524,1.3706652,0.035341166,-0.02729399,0.05254164,0.012200072,0.9981711,1.5685385,5.982524,356.7854,54.14999999999418,1.1413158,1495.5668

0.0063282326,1.370566,0.035399534,-0.027276188,0.052515667,0.01225809,0.9981723,1.5750166,5.9793873,356.78714,54.166666666656965,1.1413158,1495.5668

0.006354445,1.370506,0.035418667,-0.027338667,0.052486084,0.012280363,0.99817187,1.5778532,5.975824,356.77988,54.18333333331975,1.1413158,1495.5668

0.006374236,1.370466,0.03542912,-0.027403682,0.05245757,0.012308317,0.99817115,1.5813618,5.97236,356.77228,54.20000000001164,1.1413158,1495.5668

0.0063790306,1.3704385,0.035446424,-0.027347255,0.052407507,0.0123568,0.9981747,1.5864291,5.9665513,356.7786,54.21666666667443,1.1413158,1495.5668

0.005992517,1.3702441,0.035686865,-0.027313976,0.052360617,0.012485897,0.9981765,1.6009187,5.96081,356.78174,54.233333333337214,1.1413158,1495.5668

0.005767964,1.3701458,0.035833087,-0.027352128,0.05246462,0.012551297,0.9981692,1.6090248,5.972466,356.77676,54.25,1.1413158,1495.5668

0.005667448,1.3701118,0.035899665,-0.027376842,0.052624736,0.012585757,0.9981597,1.613684,5.9906783,356.7734,54.266666666662786,1.1413158,1495.5668

0.005593121,1.3701057,0.03594254,-0.02732997,0.05281919,0.01257898,0.99815077,1.6132861,6.0130777,356.77844,54.28333333332557,1.1413158,1495.5668

0.005510874,1.3701116,0.03596604,-0.02729037,0.052924156,0.01256139,0.9981465,1.6113812,6.025237,356.7829,54.29999999998836,1.1413158,1495.5668

0.0054054274,1.3701291,0.035982046,-0.027191272,0.05289991,0.012544872,0.9981507,1.6087985,6.02267,356.79446,54.31666666668025,1.1413158,1495.5668

0.0048008636,1.3702261,0.03581277,-0.02705741,0.05272734,0.012670412,0.9981619,1.6218452,6.002692,356.80945,54.333333333343035,1.1413158,1495.5668

0.0044188797,1.3702661,0.035750475,-0.026969045,0.05267062,0.01283541,0.9981652,1.6401005,5.995805,356.81873,54.35000000000582,1.1413158,1495.5668

0.004214433,1.3702536,0.035777904,-0.026935343,0.05271125,0.013041553,0.9981613,1.6637468,5.9998636,356.8213,54.36666666666861,1.1413158,1495.5668

0.004082158,1.3702165,0.035837498,-0.026988208,0.052743945,0.013262359,0.99815524,1.6895758,6.0028214,356.8138,54.38333333333139,1.1413158,1495.5668

0.003984259,1.3701729,0.03591005,-0.027038917,0.052729223,0.0134757,0.9981518,1.7143724,6.0003653,356.8067,54.39999999999418,1.1413158,1495.5668

0.0039018542,1.3701335,0.03598171,-0.027089452,0.05269792,0.013650926,0.99814963,1.7347269,5.9961267,356.7999,54.416666666656965,1.1413158,1495.5668

0.0038338453,1.3699616,0.03583672,-0.02706861,0.0526415,0.013812603,0.998151,1.7530068,5.9891744,356.80145,54.43333333331975,1.1413158,1495.5668

0.0037635565,1.369862,0.03578326,-0.02703509,0.05264081,0.013915339,0.99815047,1.7646205,5.988826,356.8047,54.45000000001164,1.1413158,1495.5668

0.003681101,1.3698218,0.0358038,-0.027021565,0.05268936,0.013962933,0.99814767,1.7701788,5.994265,356.80588,54.46666666667443,1.1413158,1495.5668

0.0035897766,1.369805,0.035858925,-0.026900902,0.052763097,0.013992377,0.9981466,1.7730887,6.002842,356.81943,54.483333333337214,1.1413158,1495.5668

0.0034987777,1.3698032,0.035935916,-0.026791733,0.052885123,0.013987171,0.99814314,1.7722431,6.0170474,356.83176,54.5,1.1413158,1495.5668

0.0034168512,1.369808,0.03603056,-0.026764778,0.05304911,0.013952038,0.9981357,1.7685921,6.036015,356.83472,54.516666666662786,1.1413158,1495.5668

0.0032707949,1.3696662,0.036064267,-0.026680347,0.053109363,0.013934126,0.998135,1.766222,6.043131,356.84442,54.53333333332557,1.1413158,1495.5668

0.003169179,1.3696046,0.03614519,-0.02661607,0.05317406,0.013907565,0.9981336,1.7629932,6.050749,356.85184,54.54999999998836,1.1413158,1495.5668

0.0031047477,1.3695924,0.036253925,-0.026622998,0.053217877,0.013896528,0.9981313,1.7619125,6.055797,356.851,54.56666666668025,1.1413158,1495.5668

0.0030567287,1.3695931,0.036369916,-0.02650398,0.053240713,0.013945036,0.9981325,1.7668451,6.058474,356.86438,54.583333333343035,1.1413158,1495.5668

0.0030155866,1.3696032,0.03648171,-0.026372526,0.053232722,0.014049569,0.998135,1.7780437,6.0574636,356.87888,54.60000000000582,1.1413158,1495.5668

0.0029830064,1.3696147,0.03658813,-0.02634296,0.05319093,0.0141793955,0.9981361,1.79266,6.052317,356.8816,54.61666666666861,1.1413158,1495.5668

0.0027260408,1.3694993,0.037118733,-0.02632552,0.05303625,0.014327172,0.9981427,1.8090392,6.0341463,356.88306,54.63333333333139,1.1413158,1495.5668

0.0025757228,1.3694485,0.03744997,-0.026248915,0.052919142,0.0144058345,0.9981498,1.8172349,6.020609,356.89163,54.64999999999418,1.1413158,1495.5668

0.0025014903,1.369451,0.037648793,-0.02613965,0.05292032,0.014400377,0.9981527,1.8159499,6.02096,356.90424,54.666666666656965,1.1413158,1495.5668

0.0024544597,1.3694695,0.037827715,-0.026048334,0.05299413,0.014354724,0.99815184,1.8103888,6.0297327,356.9149,54.68333333331975,1.1413158,1495.5668

0.0024193425,1.369494,0.038013745,-0.026030282,0.053078722,0.014268912,0.99814904,1.8006864,6.039733,356.91727,54.70000000001164,1.1413158,1495.5668

0.0023847683,1.3695143,0.03821294,-0.026025716,0.053120807,0.014197376,0.9981479,1.7925676,6.0447884,356.91815,54.71666666667443,1.1413158,1495.5668

0.0022066324,1.3694878,0.038559992,-0.025947683,0.053048085,0.014073937,0.9981556,1.7776543,6.0369678,356.92804,54.733333333337214,1.1413158,1495.5668

0.0021058782,1.3694782,0.03882496,-0.025778988,0.052855004,0.014005722,0.99817115,1.7681537,6.015331,356.94827,54.75,1.1413158,1495.5668

0.0020678316,1.3694735,0.03904513,-0.02561582,0.052684024,0.0140149,0.99818426,1.7676688,5.995982,356.96735,54.766666666662786,1.1413158,1495.5668

0.002059425,1.3694652,0.039244745,-0.025555983,0.05256185,0.014035274,0.99819195,1.7692572,5.9820137,356.97437,54.78333333332557,1.1413158,1495.5668

0.002059631,1.3694538,0.039430503,-0.025519062,0.05245428,0.014041406,0.99819845,1.7693936,5.969723,356.9788,54.79999999998836,1.1413158,1495.5668

0.0020558015,1.3694454,0.039603196,-0.025507977,0.052381583,0.014026741,0.9982028,1.7674055,5.961449,356.98035,54.81666666668025,1.1413158,1495.5668

0.0020236685,1.3693631,0.039766364,-0.025553806,0.052337047,0.013941311,0.9982051,1.7577095,5.9565196,356.97565,54.833333333343035,1.1413158,1495.5668

0.0019986082,1.3693141,0.039909143,-0.02542056,0.052275512,0.0138103925,0.9982136,1.7416546,5.9500914,356.99188,54.85000000000582,1.1413158,1495.5668

0.0019817888,1.3692937,0.040056124,-0.025245225,0.05220112,0.013674759,0.9982238,1.7247674,5.9422703,357.01303,54.86666666666861,1.1413158,1495.5668

0.001970023,1.3692788,0.040205676,-0.025155436,0.05212003,0.013559022,0.9982319,1.7106608,5.93347,357.02423,54.88333333333139,1.1413158,1495.5668

0.00195878,1.36926,0.040342968,-0.025164276,0.051958084,0.013472314,0.9982413,1.700226,5.9151397,357.02405,54.89999999999418,1.1413158,1495.5668

0.0019443184,1.3692327,0.0404652,-0.02521808,0.051748723,0.013417895,0.9982515,1.6936216,5.8911986,357.01862,54.916666666656965,1.1413158,1495.5668

0.001814538,1.369066,0.04061107,-0.025285421,0.051521502,0.013351796,0.99826247,1.6856946,5.865223,357.0117,54.93333333331975,1.1413158,1495.5668

0.0017037739,1.3689487,0.040711794,-0.025328966,0.05138334,0.013307671,0.9982691,1.6804359,5.849436,357.00723,54.95000000001164,1.1413158,1495.5668

0.0016023964,1.3688767,0.04079171,-0.025308672,0.05133157,0.013241526,0.99827313,1.6725445,5.84373,357.01007,54.96666666667443,1.1413158,1495.5668

0.0014932677,1.3688171,0.040866733,-0.025235798,0.051372007,0.01317086,0.99827385,1.6641176,5.8487015,357.01877,54.983333333337214,1.1413158,1495.5668

0.0013811986,1.3687586,0.04094126,-0.025328076,0.051492855,0.013105487,0.9982661,1.6575258,5.8626027,357.0083,55.0,1.1413158,1495.5668

0.0012678877,1.3686881,0.04101669,-0.025422212,0.05157285,0.013065212,0.99826014,1.6537033,5.8717427,356.99756,55.016666666662786,1.1413158,1495.5668

0.0011638254,1.368583,0.04113991,-0.025618607,0.0515128,0.013019217,0.9982588,1.649379,5.8646693,356.97534,55.03333333332557,1.1413158,1495.5668

0.0010623485,1.3684843,0.0412197,-0.025748411,0.051375903,0.0130287865,0.9982624,1.6508024,5.848726,356.9606,55.04999999998836,1.1413158,1495.5668

0.0009625405,1.368387,0.04128694,-0.025799759,0.051242042,0.013103449,0.998267,1.6592582,5.8330607,356.95453,55.06666666668025,1.1413158,1495.5668

0.0008686794,1.3682935,0.04135484,-0.025954366,0.0511544,0.0132056065,0.9982661,1.671628,5.8224397,356.9363,55.083333333343035,1.1413158,1495.5668

0.0007818639,1.3682114,0.04143021,-0.026144799,0.051115386,0.013305174,0.9982618,1.6840647,5.8173385,356.9139,55.10000000000582,1.1413158,1495.5668

0.0006933783,1.3681443,0.04151238,-0.026263801,0.05109607,0.013394333,0.99825853,1.6949505,5.814646,356.89975,55.11666666666861,1.1413158,1495.5668

-0.0051734373,1.3817272,0.023729283,-0.026413182,0.04881857,0.013373959,0.9983688,1.6859583,5.553282,356.88724,55.13333333333139,1.1413158,1495.5668

-0.008304492,1.3889021,0.0143423965,-0.026506959,0.047579687,0.013370839,0.99842614,1.6820319,5.411076,356.87894,55.14999999999418,1.1413158,1495.5668

-0.0093435645,1.3911381,0.011400853,-0.026825543,0.047213066,0.013404855,0.9984346,1.6864504,5.3683953,356.84286,55.166666666656965,1.1413158,1495.5668

-0.0097204745,1.3918064,0.010501732,-0.027421094,0.047249988,0.013450274,0.99841607,1.6950063,5.3714747,356.77405,55.18333333331975,1.1413158,1495.5668

-0.009890872,1.3919895,0.010267785,-0.02795497,0.047465406,0.013429248,0.99839133,1.6962154,5.395336,356.71234,55.20000000001164,1.1413158,1495.5668

-0.010011843,1.3920628,0.010232105,-0.028258521,0.047791485,0.013375464,0.99836797,1.6928198,5.4323864,356.67703,55.21666666667443,1.1413158,1495.5668

-0.009984672,1.3922838,0.010362468,-0.028521158,0.047926083,0.013244305,0.99835575,1.6796526,5.447813,356.64728,55.233333333337214,1.1413158,1495.5668

-0.009985693,1.3924053,0.010424697,-0.028710278,0.04797281,0.013159426,0.99834925,1.6710969,5.4531393,356.62592,55.25,1.1413158,1495.5668

-0.010025683,1.3924341,0.010459185,-0.028821345,0.047910713,0.013113902,0.9983496,1.6662513,5.4459877,356.6135,55.266666666662786,1.1413158,1495.5668

-0.010084529,1.3924434,0.0104915425,-0.028686209,0.047801923,0.0131125515,0.9983587,1.664971,5.433745,356.6293,55.28333333332557,1.1413158,1495.5668

-0.010151635,1.39246,0.010540703,-0.02832036,0.04768394,0.013112367,0.9983748,1.6625398,5.420827,356.67157,55.29999999998836,1.1413158,1495.5668

-0.010220925,1.3924748,0.010598497,-0.027931776,0.04756819,0.013144546,0.99839085,1.6637226,5.4080963,356.71634,55.31666666668025,1.1413158,1495.5668

-0.009604855,1.3942484,0.008967262,-0.027633224,0.047570705,0.0132303145,0.9983979,1.6719679,5.4086027,356.7502,55.333333333343035,1.1413158,1495.5668

-0.0093009025,1.3951916,0.008118998,-0.027454901,0.047554243,0.013326358,0.99840236,1.6819824,5.4067035,356.7702,55.35000000000582,1.1413158,1495.5668

-0.009253614,1.3954935,0.007886799,-0.02739985,0.04754059,0.013405021,0.9984035,1.6906786,5.4049773,356.77615,55.36666666666861,1.1413158,1495.5668

-0.009296142,1.3956116,0.0078579215,-0.027155207,0.047467552,0.01344789,0.998413,1.694032,5.396879,356.8042,55.38333333333139,1.1413158,1495.5668

-0.009373248,1.3956851,0.007908586,-0.026809514,0.047403004,0.013460823,0.99842525,1.6934296,5.390023,356.84402,55.39999999999418,1.1413158,1495.5668

-0.009457432,1.3957568,0.00799533,-0.02652071,0.047413073,0.013429498,0.9984329,1.6882995,5.391765,356.87738,55.416666666656965,1.1413158,1495.5668

-0.01004031,1.3959942,0.008688231,-0.026374895,0.04724739,0.013320741,0.9984461,1.6744658,5.3733525,356.89505,55.43333333331975,1.1413158,1495.5668

-0.010351017,1.3961513,0.00910753,-0.026172828,0.047213517,0.013236876,0.99845415,1.6636258,5.3700657,356.91882,55.45000000001164,1.1413158,1495.5668

-0.010459508,1.396251,0.009326826,-0.025842763,0.047276117,0.0131568005,0.9984608,1.6528435,5.3780375,356.9571,55.46666666667443,1.1413158,1495.5668

-0.010499661,1.3963284,0.009466246,-0.025601927,0.047343925,0.013101928,0.9984645,1.6454519,5.3863764,356.98495,55.483333333337214,1.1413158,1495.5668

-0.010520711,1.396406,0.0095535265,-0.025602238,0.04738126,0.013026112,0.99846375,1.6368581,5.390886,356.98526,55.5,1.1413158,1495.5668

-0.010536946,1.396492,0.009630394,-0.025540344,0.0474263,0.012956074,0.9984641,1.6286157,5.396363,356.99265,55.516666666662786,1.1413158,1495.5668

-0.008491213,1.395958,0.0058370614,-0.025389638,0.047774818,0.012897582,0.99845207,1.6221775,5.436747,357.00964,55.53333333332557,1.1413158,1495.5668

-0.007403518,1.3956999,0.0038094048,-0.025245301,0.04792149,0.012852454,0.9984493,1.616663,5.453934,357.0262,55.54999999998836,1.1413158,1495.5668

-0.0070904926,1.3956714,0.0031910953,-0.025126643,0.04791697,0.012813398,0.998453,1.6115096,5.4537244,357.04007,55.56666666668025,1.1413158,1495.5668

-0.0070207478,1.3957222,0.00301904,-0.024956565,0.04785476,0.012809394,0.99846035,1.6099244,5.4468765,357.05978,55.583333333343035,1.1413158,1495.5668

-0.0070123896,1.3957855,0.0029803123,-0.024778599,0.047717497,0.012823142,0.99847114,1.6101073,5.431383,357.08044,55.60000000000582,1.1413158,1495.5668

-0.0069995658,1.3958325,0.0029769833,-0.024678163,0.047659405,0.012816594,0.9984765,1.6086278,5.424903,357.09213,55.61666666666861,1.1409599,1496.1525

-0.008537836,1.3958235,0.005450947,-0.024812669,0.04734893,0.0126877315,0.99848956,1.5935887,5.389461,357.07794,55.63333333333139,1.1409599,1496.1525

-0.009358023,1.3958058,0.006780726,-0.024943164,0.04730271,0.012585147,0.9984898,1.58236,5.3842554,357.06357,55.64999999999418,1.1413158,1495.5668

-0.009629801,1.3957927,0.007197841,-0.025087284,0.047458068,0.012485038,0.9984801,1.5721165,5.402137,357.04724,55.666666666656965,1.1413158,1495.5668

-0.00974673,1.3957769,0.0073117195,-0.02515547,0.0476035,0.012422902,0.9984722,1.5657986,5.41889,357.0395,55.68333333331975,1.1413158,1495.5668

-0.009821179,1.3957566,0.0073212488,-0.02512763,0.04767894,0.0123905875,0.9984697,1.5621684,5.42768,357.0427,55.70000000001164,1.1413158,1495.5668

-0.009889044,1.3957276,0.007283844,-0.025190368,0.047640707,0.012416083,0.99846965,1.5653213,5.423122,357.03543,55.71666666667443,1.1413158,1495.5668

-0.008902483,1.3960826,0.00732849,-0.02535073,0.04788978,0.012418428,0.9984536,1.5672483,5.4514246,357.0165,55.733333333337214,1.1413158,1495.5668

-0.008376687,1.3962662,0.0073456815,-0.025432693,0.047922466,0.01245478,0.99844956,1.5719792,5.4549356,357.00684,55.75,1.1413158,1495.5668

-0.00822096,1.3963263,0.007361497,-0.02536076,0.047843944,0.012475355,0.99845487,1.5737026,5.4459825,357.01514,55.766666666662786,1.1413158,1495.5668

-0.008175977,1.3963584,0.0074149035,-0.025176246,0.047829367,0.012435497,0.9984607,1.5680662,5.44472,357.03662,55.78333333332557,1.1413158,1495.5668

-0.00815703,1.3963907,0.0075025,-0.025066437,0.04798357,0.012340672,0.9984573,1.5570459,5.462855,357.04947,55.79999999998836,1.1413158,1495.5668

-0.008125789,1.3964232,0.0075937985,-0.0249326,0.048202872,0.012224667,0.99845153,1.5436562,5.488553,357.0651,55.81666666668025,1.1409599,1496.1525

-0.008304453,1.3971744,0.0099469265,-0.024854299,0.04846308,0.012103482,0.99844235,1.5300975,5.5188675,357.07428,55.833333333343035,1.1409599,1496.1525

-0.008357498,1.3975639,0.011202564,-0.024905734,0.04851846,0.012058901,0.9984389,1.525429,5.5252705,357.0685,55.85000000000582,1.1409599,1496.1525

-0.00831937,1.3976613,0.011563082,-0.025123056,0.04838261,0.012054959,0.99844015,1.5257576,5.5093718,357.0438,55.86666666666861,1.1413158,1495.5668

-0.008258267,1.3976653,0.011629649,-0.025220517,0.048086744,0.012060551,0.9984519,1.5260134,5.4752784,357.03308,55.88333333333139,1.1413158,1495.5668

-0.0081947,1.397646,0.01160136,-0.02521555,0.047670133,0.012056099,0.99847203,1.5241709,5.427526,357.03445,55.89999999999418,1.1413158,1495.5668

-0.008133016,1.3976232,0.011557349,-0.025199898,0.04729657,0.012051734,0.9984902,1.522417,5.3847265,357.03693,55.916666666656965,1.1413158,1495.5668

-0.007916316,1.3975513,0.011806515,-0.025212722,0.047242675,0.012061565,0.9984923,1.5234479,5.3784976,357.03552,55.93333333331975,1.1413158,1495.5668

-0.0077964813,1.3975252,0.011953459,-0.02522237,0.047238488,0.012060066,0.99849236,1.5233145,5.3780074,357.03442,55.95000000001164,1.1413158,1495.5668

-0.007758938,1.3975265,0.012002566,-0.025245842,0.047277324,0.012044537,0.9984901,1.5217779,5.382471,357.03174,55.96666666667443,1.1413158,1495.5668

-0.0077607557,1.397542,0.012005067,-0.025265241,0.04729454,0.012024086,0.998489,1.519586,5.384476,357.0296,55.983333333337214,1.1413158,1495.5668

-0.0077821836,1.3975654,0.011973639,-0.025299966,0.04718804,0.012023981,0.9984932,1.5194278,5.3722115,357.0258,56.0,1.1413158,1495.5668

-0.0078149885,1.3975887,0.0119241,-0.025303842,0.04699506,0.012070243,0.9985016,1.5241612,5.3499393,357.02545,56.016666666662786,1.1413158,1495.5668

-0.0076178983,1.3974856,0.012158544,-0.025176888,0.04701977,0.012134403,0.9985029,1.5309305,5.3527765,357.03964,56.03333333332557,1.1413158,1495.5668

-0.007541217,1.3974373,0.01228525,-0.024966909,0.04698651,0.012209833,0.9985088,1.5383689,5.349063,357.06345,56.04999999998836,1.1409599,1496.1525

-0.0075605735,1.397429,0.012315595,-0.024944438,0.04690128,0.012282821,0.9985125,1.5463736,5.339111,357.0658,56.06666666668025,1.1409599,1496.1525

-0.007609099,1.3974417,0.012317483,-0.025009988,0.046833694,0.012287505,0.998514,1.5470536,5.3312454,357.05835,56.083333333343035,1.1413158,1495.5668

-0.0076656668,1.3974773,0.012315502,-0.024912473,0.046821605,0.012224407,0.99851775,1.539242,5.330195,357.06992,56.10000000000582,1.1409599,1496.1525

-0.007715444,1.3975322,0.0123271085,-0.024700526,0.046955664,0.0121056605,0.99851817,1.5248703,5.346239,357.0947,56.11666666666861,1.1409599,1496.1525

-0.0075956644,1.3975663,0.012542778,-0.02456782,0.04719894,0.011987227,0.9985114,1.5112867,5.3746805,357.11017,56.13333333333139,1.1409599,1496.1525

-0.007547319,1.3976043,0.012655814,-0.02442175,0.04744553,0.011849977,0.9985049,1.4954696,5.4035726,357.12726,56.14999999999418,1.1409599,1496.1525

-0.0075559914,1.3976403,0.012678933,-0.02436453,0.047659088,0.01176009,0.99849725,1.4854722,5.4284062,357.13397,56.166666666656965,1.1409599,1496.1525

-0.0075778617,1.3976719,0.012663862,-0.02432144,0.047798954,0.01170613,0.9984922,1.479457,5.444663,357.13895,56.18333333331975,1.1409599,1496.1525

-0.007608153,1.3976985,0.012631633,-0.024311569,0.0478699,0.0116571495,0.9984897,1.4739864,5.452954,357.14023,56.20000000001164,1.1409599,1496.1525

-0.007645726,1.3977194,0.012596936,-0.024304328,0.0479484,0.011561952,0.9984872,1.4632401,5.462239,357.14145,56.21666666667443,1.1409599,1496.1525

-0.0074400557,1.3975574,0.012592552,-0.0242343,0.048127703,0.011421028,0.99848187,1.4471947,5.4833055,357.14996,56.233333333337214,1.1409599,1496.1525

-0.0073443083,1.3974516,0.012588751,-0.024146367,0.048350736,0.011251976,0.99847513,1.4279442,5.5094905,357.1606,56.25,1.1409599,1496.1525

-0.007344961,1.3973869,0.012573545,-0.024104571,0.048583787,0.011112865,0.9984664,1.4124167,5.536671,357.1658,56.266666666662786,1.1409599,1496.1525

-0.0073678344,1.3973281,0.012544301,-0.024053851,0.048822295,0.0109640425,0.9984576,1.3957356,5.5645165,357.17206,56.28333333332557,1.1409599,1496.1525

-0.007390335,1.397269,0.012491169,-0.024089841,0.049119566,0.010806278,0.9984439,1.3786855,5.5990047,357.1683,56.29999999998836,1.1409599,1496.1525

-0.007415867,1.3972154,0.012408364,-0.024190597,0.04941937,0.010638953,0.99842846,1.3609116,5.633725,357.15717,56.31666666668025,1.1409599,1496.1525

-0.0071674315,1.397032,0.012380216,-0.024157075,0.049791675,0.010510393,0.99841213,1.3470528,5.6768346,357.16113,56.333333333343035,1.1409599,1496.1525

-0.0070520267,1.396915,0.012311152,-0.024117045,0.050050084,0.010402054,0.99840134,1.3351383,5.7068324,357.16595,56.35000000000582,1.1409599,1496.1525

-0.0070506856,1.39685,0.012203713,-0.024140786,0.050181583,0.010342883,0.9983947,1.3288634,5.72205,357.16333,56.36666666666861,1.1409599,1496.1525

-0.007088323,1.3968072,0.012085523,-0.0241521,0.050165355,0.010322983,0.99839544,1.3265916,5.72023,357.16217,56.38333333333139,1.1409599,1496.1525

-0.0071351826,1.3967746,0.011978916,-0.024128346,0.05009034,0.010325839,0.99839985,1.3265593,5.7116504,357.165,56.39999999999418,1.1409599,1496.1525

-0.0071784733,1.3967474,0.011886917,-0.024118263,0.050024834,0.0103209475,0.9984034,1.3257437,5.7041645,357.1663,56.416666666656965,1.1409599,1496.1525

-0.0070176898,1.3966389,0.01181281,-0.024089059,0.049991816,0.01025289,0.99840647,1.317652,5.70061,357.1701,56.43333333331975,1.1409599,1496.1525

-0.006920864,1.3965776,0.011762442,-0.023907777,0.049932335,0.010217531,0.9984141,1.3123719,5.694126,357.19125,56.45000000001164,1.1409599,1496.1525

-0.00687947,1.3965554,0.011712446,-0.023697851,0.04984865,0.010193124,0.9984236,1.3081192,5.684872,357.21567,56.46666666667443,1.1409599,1496.1525

-0.006846942,1.3965329,0.011641215,-0.023564951,0.049717706,0.010231122,0.9984329,1.3113475,5.6699233,357.231,56.483333333337214,1.1409599,1496.1525

-0.0068133622,1.3964955,0.011532181,-0.023508726,0.049538188,0.010357371,0.9984418,1.3250214,5.6490593,357.237,56.5,1.1409599,1496.1525

-0.006779529,1.396447,0.011372709,-0.02360955,0.049306083,0.010506044,0.9984494,1.3420097,5.621893,357.22495,56.516666666662786,1.1409599,1496.1525

-0.006566517,1.3963876,0.011187944,-0.023724139,0.049063396,0.010744518,0.99845606,1.3693626,5.5932407,357.21082,56.53333333332557,1.1409599,1496.1525

-0.0064399494,1.3963429,0.011005264,-0.023755718,0.048841804,0.010914966,0.99846435,1.3884844,5.567308,357.2066,56.54999999998836,1.1409599,1496.1525

-0.0063840123,1.3963007,0.010805849,-0.023778448,0.04868064,0.010995856,0.9984707,1.3974365,5.5485663,357.2038,56.56666666668025,1.1409599,1496.1525

-0.006355469,1.3962597,0.010612175,-0.02379748,0.048668142,0.011028192,0.99847054,1.4012232,5.547016,357.20145,56.583333333343035,1.1409599,1496.1525

-0.006347902,1.3962296,0.010431544,-0.023791809,0.04876064,0.011033793,0.99846613,1.4021086,5.5576167,357.2019,56.60000000000582,1.1409599,1496.1525

-0.0063473717,1.3962057,0.010261844,-0.023744969,0.048901428,0.011026681,0.9984605,1.401444,5.5738482,357.2071,56.61666666666861,1.1409599,1496.1525

-0.006187044,1.396024,0.010080331,-0.023636496,0.048999507,0.010957658,0.998459,1.3931886,5.5854406,357.2198,56.63333333333139,1.1409599,1496.1525

-0.006076141,1.395917,0.009918663,-0.023577541,0.04899646,0.010963272,0.9984605,1.3934945,5.585158,357.22656,56.64999999999418,1.1409599,1496.1525

-0.006015241,1.3958603,0.009743414,-0.023565823,0.048868626,0.011037463,0.9984662,1.4015849,5.5703073,357.2277,56.666666666656965,1.1409599,1496.1525

-0.0059690885,1.395816,0.009554476,-0.023696987,0.04868682,0.011161026,0.99847054,1.41599,5.5489283,357.21222,56.68333333331975,1.1409599,1496.1525

-0.0059284642,1.3957813,0.009360463,-0.023868972,0.048514333,0.011285002,0.99847347,1.4306908,5.528555,357.19208,56.70000000001164,1.1409599,1496.1525

-0.0058927387,1.395765,0.009181204,-0.023921987,0.048429955,0.011361642,0.99847543,1.4395453,5.5185866,357.18567,56.71666666667443,1.1409599,1496.1525

-0.0061225593,1.395596,0.009398955,-0.023762155,0.048525944,0.011326588,0.99847496,1.4349127,5.529923,357.2041,56.733333333337214,1.1409599,1496.1525

-0.006248948,1.3955371,0.00950416,-0.0236314,0.048706666,0.0112641165,0.99847,1.4275349,5.5510106,357.21918,56.75,1.1409599,1496.1525

-0.0062830746,1.3955569,0.00948457,-0.023579944,0.048884194,0.011219835,0.9984631,1.422677,5.5715666,357.22504,56.766666666662786,1.1409599,1496.1525

-0.0062889457,1.3956003,0.009422437,-0.023485236,0.048965897,0.011228641,0.9984612,1.423398,5.5810475,357.23575,56.78333333332557,1.1409599,1496.1525

-0.0062778024,1.3956499,0.009342641,-0.023303581,0.048913587,0.011269987,0.99846756,1.4269818,5.5751934,357.2565,56.79999999998836,1.1409599,1496.1525

-0.006250903,1.395689,0.009246323,-0.023129541,0.04875072,0.011359442,0.99847853,1.4358233,5.55652,357.2763,56.81666666668025,1.1409599,1496.1525

-0.006444593,1.3956246,0.009928046,-0.022959515,0.048639234,0.011451802,0.9984868,1.4451742,5.5437284,357.29553,56.833333333343035,1.1409599,1496.1525

-0.0065342262,1.3955994,0.010295819,-0.0228513,0.048591644,0.011500876,0.99849105,1.4500784,5.538295,357.30777,56.85000000000582,1.1409599,1496.1525

-0.006531167,1.3956167,0.010352783,-0.022826692,0.048568856,0.0115114525,0.9984926,1.4510925,5.535689,357.31058,56.86666666666861,1.1409599,1496.1525

-0.006499648,1.3956528,0.010298231,-0.022759994,0.048548125,0.011516114,0.9984951,1.4511987,5.5333953,357.31827,56.88333333333139,1.1409599,1496.1525

-0.006452255,1.3956983,0.010200814,-0.022599123,0.048529115,0.011511014,0.99849975,1.4496647,5.531463,357.33685,56.89999999999418,1.1409599,1496.1525

-0.0063934387,1.3957447,0.010092414,-0.02252552,0.04854095,0.011500893,0.99850094,1.4481255,5.5329537,357.34534,56.916666666656965,1.1409599,1496.1525

-0.006204799,1.3954272,0.010195044,-0.02240135,0.04868665,0.011434778,0.99849737,1.4402418,5.550018,357.35974,56.93333333331975,1.1409599,1496.1525

-0.0060616285,1.3952447,0.010253507,-0.022188965,0.048799068,0.0114163095,0.99849683,1.437246,5.5632653,357.3841,56.95000000001164,1.1409599,1496.1525

-0.0059523582,1.3951863,0.010236877,-0.02200532,0.048840337,0.011461596,0.9984984,1.4415401,5.568145,357.40488,56.96666666667443,1.1409599,1496.1525

-0.0058468385,1.395155,0.01018258,-0.021972451,0.048839096,0.01152244,0.9984985,1.4483484,5.5678926,357.40833,56.983333333337214,1.1409599,1496.1525

-0.0057451725,1.3951203,0.010103698,-0.02204078,0.04879406,0.011579504,0.9984985,1.4551675,5.5624795,357.40024,57.0,1.1409599,1496.1525

-0.0056592287,1.395077,0.009994919,-0.022209095,0.048738193,0.011619896,0.998497,1.4605969,5.5557213,357.3807,57.016666666662786,1.1409599,1496.1525

-0.0053390143,1.3947208,0.009649124,-0.022286914,0.048814174,0.011682176,0.99849087,1.4684033,5.5641575,357.3713,57.03333333332557,1.1409599,1496.1525

-0.005146737,1.394492,0.009383327,-0.022281284,0.04878643,0.011766118,0.99849135,1.4779459,5.5607634,357.37155,57.04999999998836,1.1409599,1496.1525

-0.005055733,1.3943881,0.009195049,-0.02228588,0.048705444,0.011850234,0.9984942,1.4874169,5.551247,357.37067,57.06666666668025,1.1409599,1496.1525

-0.0049894406,1.394323,0.009048515,-0.02236197,0.048631992,0.0119473655,0.9984949,1.498803,5.5424533,357.3615,57.083333333343035,1.1409599,1496.1525

-0.0049205497,1.3942789,0.008940761,-0.022452453,0.04857651,0.01201748,0.99849474,1.507212,5.5357685,357.3508,57.10000000000582,1.1409599,1496.1525

-0.004840933,1.3942555,0.008880769,-0.022452183,0.048560936,0.012060293,0.998495,1.512089,5.533869,357.35065,57.11666666666861,1.1409599,1496.1525

-0.004593596,1.3940833,0.008815496,-0.022337936,0.048669353,0.012150878,0.99849117,1.5221722,5.546237,357.36307,57.13333333333139,1.1409599,1496.1525

-0.0044246376,1.3940014,0.008821035,-0.022161564,0.04871209,0.012253844,0.99849176,1.5331472,5.5511365,357.38272,57.14999999999418,1.1409599,1496.1525

-0.004318796,1.3940028,0.008880563,-0.021863924,0.04873877,0.012313769,0.9984963,1.5384512,5.5544987,357.41656,57.166666666656965,1.1409599,1496.1525

-0.0042436346,1.3940378,0.008944464,-0.021562412,0.048693355,0.012380068,0.9985043,1.5442685,5.5495853,357.45096,57.18333333331975,1.1409599,1496.1525

-0.0041847588,1.3940814,0.00898217,-0.021273445,0.048481513,0.012463617,0.9985198,1.5516962,5.525526,357.4841,57.20000000001164,1.1409599,1496.1525

-0.004128158,1.394111,0.008983381,-0.021165105,0.048240297,0.012598356,0.998532,1.5659426,5.4976926,357.49625,57.21666666667443,1.1409599,1496.1525

-0.0038960453,1.3940866,0.008818776,-0.021285268,0.048158184,0.012713742,0.998532,1.5796515,5.4877973,357.48193,57.233333333337214,1.1409599,1496.1525

-0.0037458662,1.3940765,0.008680745,-0.021385487,0.048104253,0.012818252,0.99853104,1.5920736,5.4811883,357.46994,57.25,1.1409599,1496.1525

-0.0036670815,1.3940848,0.008579618,-0.02142362,0.048120487,0.0129308505,0.99852806,1.6052724,5.4827037,357.46494,57.266666666662786,1.1409599,1496.1525

-0.0035995394,1.394095,0.008495234,-0.021456616,0.04822293,0.012980507,0.99852175,1.6114405,5.4942727,357.46066,57.28333333332557,1.1409599,1496.1525

-0.0035422395,1.3941094,0.0084174145,-0.021544985,0.048335556,0.013007186,0.99851406,1.6153016,5.5069785,357.45013,57.29999999998836,1.1409599,1496.1525

-0.0034924955,1.3941281,0.008355939,-0.021510556,0.048425052,0.013006156,0.9985105,1.6152359,5.5173006,357.45395,57.31666666668025,1.1409599,1496.1525

-0.0033860132,1.3940631,0.008189585,-0.021186555,0.04856933,0.012928199,0.99851143,1.6048641,5.534566,357.49136,57.333333333343035,1.1409599,1496.1525

-0.0033354014,1.3940387,0.008087218,-0.020906314,0.048647664,0.012802682,0.9985151,1.5890822,5.5443115,357.52414,57.35000000000582,1.1409599,1496.1525

-0.0033112303,1.3940465,0.0080293985,-0.020698318,0.048725557,0.012679352,0.9985172,1.5739479,5.5538783,357.5486,57.36666666666861,1.1409599,1496.1525

-0.003289861,1.3940505,0.007965845,-0.020583212,0.04878536,0.012597983,0.9985177,1.5641059,5.5611167,357.5622,57.38333333333139,1.1409599,1496.1525

-0.0032627184,1.39404,0.007888319,-0.020632675,0.04888465,0.012552622,0.9985124,1.5594258,5.5725374,357.55658,57.39999999999418,1.1409599,1496.1525

-0.0032341082,1.3940157,0.007797187,-0.020720646,0.04902196,0.012531672,0.9985041,1.5578688,5.5881996,357.54633,57.416666666656965,1.1409599,1496.1525

-0.0031439885,1.3937776,0.0075336304,-0.020804606,0.049224224,0.012578232,0.9984918,1.5642262,5.6111517,357.53604,57.43333333331975,1.1409599,1496.1525

-0.003077872,1.3936211,0.00734258,-0.020860951,0.049400054,0.01256962,0.9984821,1.5640175,5.631251,357.5293,57.45000000001164,1.1409599,1496.1525

-0.0030303136,1.3935498,0.007226301,-0.020858666,0.0496048,0.012497474,0.99847287,1.5562489,5.6549153,357.5296,57.46666666667443,1.1409599,1496.1525

-0.002987735,1.3935027,0.007140003,-0.020902783,0.049857557,0.012429144,0.9984602,1.5493104,5.684005,357.52444,57.483333333337214,1.1409599,1496.1525

-0.0029419537,1.3934635,0.007081695,-0.021002915,0.05012122,0.012352682,0.99844587,1.5417894,5.714281,357.5129,57.5,1.1409599,1496.1525

-0.002887845,1.3934203,0.0070526823,-0.021123806,0.050363693,0.012295332,0.9984318,1.5365357,5.7420487,357.49887,57.516666666662786,1.1409599,1496.1525

-0.0028150454,1.3931664,0.006985491,-0.021255767,0.050598904,0.012260011,0.99841756,1.5338668,5.7689123,357.48346,57.53333333332557,1.1409599,1496.1525

-0.0027552545,1.3930141,0.0069496827,-0.021386921,0.050736055,0.0121893985,0.9984087,1.5268763,5.784621,357.46857,57.54999999998836,1.1409599,1496.1525

-0.0027000431,1.3929507,0.006929624,-0.02154367,0.050783243,0.012111552,0.99840385,1.5189623,5.789992,357.45087,57.56666666668025,1.1409599,1496.1525

-0.002645202,1.3929231,0.00692051,-0.021600045,0.050825357,0.012012621,0.9984017,1.5080267,5.79499,357.4449,57.583333333343035,1.1409599,1496.1525

-0.002584301,1.3929096,0.0069191447,-0.021494964,0.050856307,0.0118732415,0.9984041,1.4914684,5.799053,357.45773,57.60000000000582,1.1409599,1496.1525

-0.0025163293,1.3928905,0.006910513,-0.021449555,0.0509324,0.011722841,0.99840295,1.4741116,5.8082314,357.4637,57.61666666666861,1.1409599,1496.1525

-0.0022669137,1.3927368,0.006558545,-0.021592677,0.051174995,0.011644256,0.99838835,1.466568,5.8360457,357.44727,57.63333333333139,1.1409599,1496.1525

-0.002086006,1.392633,0.006328189,-0.021833424,0.051420547,0.011615402,0.9983708,1.4653355,5.8639317,357.4193,57.64999999999418,1.1409599,1496.1525

-0.001969777,1.3925679,0.0062147435,-0.022123624,0.051483028,0.011636652,0.998361,1.4696634,5.870617,357.38568,57.666666666656965,1.1409599,1496.1525

-0.0018850788,1.3925196,0.0061306646,-0.022332057,0.051374875,0.0116391815,0.9983619,1.4708803,5.8578978,357.3619,57.68333333331975,1.1409599,1496.1525

-0.0018277392,1.3924811,0.0060588783,-0.02250236,0.0512191,0.0116183655,0.9983663,1.4690483,5.8398347,357.34268,57.70000000001164,1.1409599,1496.1525

-0.0017927425,1.3924568,0.005996348,-0.022649264,0.051103044,0.011570869,0.9983695,1.4641176,5.826435,357.32626,57.71666666667443,1.1409599,1496.1525

-0.0018511142,1.39255,0.0059348997,-0.022914223,0.051191565,0.011531481,0.9983593,1.4613929,5.836305,357.29587,57.733333333337214,1.1409599,1496.1525

-0.0018837552,1.3926367,0.0058756815,-0.023353854,0.051316783,0.011559613,0.99834245,1.4675723,5.8499465,357.24487,57.75,1.1409599,1496.1525

-0.0018731058,1.3926907,0.0058169784,-0.023890385,0.05144164,0.011649792,0.99832225,1.481471,5.8632226,357.1824,57.766666666662786,1.1409599,1496.1525

-0.001837045,1.3927484,0.005752044,-0.024318518,0.05145171,0.011730209,0.99831045,1.493273,5.863511,357.13266,57.78333333332557,1.1413158,1495.5668

-0.0017683953,1.3928171,0.0057212273,-0.024227282,0.051417414,0.011755227,0.99831414,1.495509,5.859642,357.14307,57.79999999998836,1.1409599,1496.1525

-0.001674739,1.3928982,0.0057249507,-0.023891836,0.051365174,0.011737433,0.9983251,1.4913311,5.854203,357.18185,57.81666666668025,1.1409599,1496.1525

-0.0016438501,1.392793,0.0057554874,-0.023497216,0.051230058,0.011741748,0.9983414,1.4891082,5.839283,357.22748,57.833333333343035,1.1409599,1496.1525

-0.0016083468,1.3927327,0.0057975044,-0.02318358,0.050930534,0.011752964,0.9983639,1.4876875,5.8053656,357.26404,57.85000000000582,1.1409599,1496.1525

-0.0015509774,1.3927189,0.00583746,-0.022895942,0.05060878,0.011774203,0.9983867,1.4875287,5.768833,357.29758,57.86666666666861,1.1409599,1496.1525

-0.0014873967,1.3927047,0.005851236,-0.022876492,0.050320387,0.0118231345,0.9984011,1.4922161,5.735653,357.30005,57.88333333333139,1.1409599,1496.1525

-0.0014153719,1.3926777,0.0058369273,-0.02308535,0.050030492,0.011873797,0.9984103,1.4984075,5.701955,357.27625,57.89999999999418,1.1409599,1496.1525

-0.0013393585,1.3926524,0.0058149844,-0.023197455,0.049844574,0.011849923,0.9984172,1.495765,5.680528,357.26382,57.916666666656965,1.1409599,1496.1525

-0.00143808,1.3924094,0.005780428,-0.023352623,0.04984471,0.011878681,0.99841326,1.4999576,5.680232,357.2458,57.93333333331975,1.1409599,1496.1525

-0.0015078025,1.3922495,0.005749959,-0.023534393,0.049926165,0.011891623,0.9984048,1.5027224,5.6892653,357.22467,57.95000000001164,1.1409599,1496.1525

-0.0015230986,1.3921764,0.0057047396,-0.023722861,0.04998702,0.011858504,0.99839765,1.5001715,5.6960535,357.20306,57.96666666667443,1.1409599,1496.1525

-0.0015328254,1.3921303,0.0056400923,-0.024063975,0.049998336,0.011843845,0.9983891,1.5004717,5.6968803,357.16388,57.983333333337214,1.1409599,1496.1525

-0.0015438099,1.3920914,0.0055652484,-0.0243739,0.04992446,0.0118598,0.99838513,1.5038553,5.687896,357.12827,58.0,1.1413158,1495.5668

-0.0015509488,1.3920554,0.0054919417,-0.024662305,0.049890634,0.011930187,0.9983789,1.513493,5.683377,357.09476,58.016666666662786,1.1413158,1495.5668

-0.0016024932,1.3918695,0.005490239,-0.024953574,0.049916208,0.012000795,0.9983695,1.5233544,5.685661,357.0608,58.03333333332557,1.1413158,1495.5668

-0.001635534,1.3917484,0.005512773,-0.025041789,0.050002076,0.012063313,0.9983623,1.5313147,5.695189,357.05014,58.04999999998836,1.1413158,1495.5668

-0.0016656071,1.3916942,0.0055337455,-0.025093792,0.05005918,0.0121165635,0.9983574,1.5379142,5.7015004,357.04373,58.06666666668025,1.1413158,1495.5668

-0.0017117858,1.3916613,0.0055507924,-0.025164766,0.050111443,0.01213131,0.9983528,1.5401802,5.707341,357.03537,58.083333333343035,1.1413158,1495.5668

-0.0017738789,1.391633,0.005561456,-0.025255127,0.050190758,0.012128628,0.9983466,1.5406395,5.7163057,357.02487,58.10000000000582,1.1413158,1495.5668

-0.0018463494,1.391602,0.005574791,-0.025274416,0.050300095,0.012096414,0.998341,1.5373907,5.7289114,357.0226,58.11666666666861,1.1413158,1495.5668

-0.001831549,1.3914943,0.0053107673,-0.025396185,0.050335746,0.012045258,0.9983368,1.5323216,5.732966,357.00885,58.13333333333139,1.1413158,1495.5668

-0.0018523621,1.3913987,0.0051304237,-0.025634013,0.05036766,0.011973912,0.99832994,1.525589,5.736476,356.98184,58.14999999999418,1.1413158,1495.5668

-0.0019031912,1.3913188,0.005047842,-0.025890436,0.050461184,0.011864195,0.99831986,1.5147514,5.7471447,356.9528,58.166666666656965,1.1413158,1495.5668

-0.001957208,1.3912449,0.005015174,-0.026010836,0.050680164,0.011711157,0.99830747,1.4985559,5.772544,356.93942,58.18333333331975,1.1413158,1495.5668

-0.002010107,1.3911706,0.005008677,-0.026184322,0.051009823,0.011540045,0.99828815,1.4809562,5.810618,356.91986,58.20000000001164,1.1413158,1495.5668

-0.002061455,1.3910983,0.0050201644,-0.026459951,0.051397365,0.011341168,0.9982633,1.460966,5.8552747,356.8886,58.21666666667443,1.1413158,1495.5668

-0.0019433758,1.3910774,0.0048837643,-0.026664145,0.051722202,0.011117788,0.9982436,1.4375503,5.8929315,356.86584,58.233333333337214,1.1413158,1495.5668

-0.0018951099,1.3910735,0.004807406,-0.026866019,0.0519606,0.010897579,0.99822825,1.4142114,5.9206786,356.8435,58.25,1.1413158,1495.5668

-0.001934953,1.3910673,0.0047743255,-0.027122924,0.052115414,0.010690728,0.9982154,1.3924683,5.9387293,356.8149,58.266666666662786,1.1413158,1495.5668

-0.0020084009,1.3910726,0.004749003,-0.027314315,0.052242607,0.010471245,0.9982059,1.3687953,5.9537554,356.79398,58.28333333332557,1.1413158,1495.5668

-0.0020961761,1.39109,0.0047162008,-0.02746793,0.05228985,0.010283749,0.99820113,1.348309,5.9595675,356.77734,58.29999999998836,1.1413158,1495.5668

-0.0021911114,1.3911228,0.0046983305,-0.027480058,0.052349802,0.010131096,0.9981992,1.3310267,5.966921,356.77673,58.31666666668025,1.1413158,1495.5668

-0.0020871386,1.391149,0.0046163136,-0.027447093,0.052459363,0.0100302,0.99819547,1.3195939,5.979856,356.78098,58.333333333343035,1.1413158,1495.5668

-0.0020482973,1.3911979,0.0045850077,-0.027536804,0.05254319,0.009940172,0.99818945,1.310062,5.989642,356.77103,58.35000000000582,1.1413158,1495.5668

-0.0020868927,1.3912618,0.0046045957,-0.027696151,0.052680258,0.009801327,0.99817914,1.295518,6.005605,356.7533,58.36666666666861,1.1413158,1495.5668

-0.0021539838,1.3913401,0.0046658046,-0.027908303,0.0529658,0.00963638,0.99815977,1.2788047,6.0386205,356.72943,58.38333333333139,1.1413158,1495.5668

-0.0022448748,1.3914464,0.0047594644,-0.027995173,0.053310093,0.009421762,0.99814105,1.2558277,6.0787024,356.72015,58.39999999999418,1.1413158,1495.5668

-0.0023507997,1.3915727,0.0048747063,-0.027936585,0.05362189,0.009178942,0.9981283,1.2286052,6.115335,356.72787,58.416666666656965,1.1413158,1495.5668

-0.0023237392,1.3916286,0.0048465235,-0.027926715,0.053817105,0.008925598,0.9981203,1.2000675,6.1385674,356.7303,58.43333333331975,1.1413158,1495.5668

-0.002348952,1.3916986,0.00488046,-0.027882282,0.053974107,0.0087244185,0.9981149,1.1771846,6.1572866,356.7364,58.45000000001164,1.1413158,1495.5668

-0.0024395958,1.3917761,0.0049907416,-0.027790502,0.054071613,0.008607674,0.99811316,1.1635169,6.16896,356.74753,58.46666666667443,1.1413158,1495.5668

-0.0025606677,1.3918476,0.005115929,-0.027805157,0.054079723,0.008574123,0.9981126,1.1597751,6.1699824,356.74603,58.483333333337214,1.1413158,1495.5668

-0.002691424,1.3919187,0.0052415044,-0.027890198,0.054032885,0.008586265,0.9981127,1.16154,6.1644716,356.73624,58.5,1.1413158,1495.5668

-0.0028219398,1.3920007,0.005371374,-0.028027201,0.053945027,0.008572661,0.9981137,1.1605229,6.154279,356.7207,58.516666666662786,1.1413158,1495.5668

-0.0029935986,1.3920211,0.0054101655,-0.028151803,0.053922616,0.008464772,0.9981123,1.1488048,6.151919,356.70703,58.53333333332557,1.1413158,1495.5668

-0.0031380206,1.3920993,0.005518051,-0.027972324,0.053982016,0.008347829,0.9981151,1.1344436,6.1593223,356.72836,58.54999999998836,1.1413158,1495.5668

-0.0032585885,1.3922352,0.0056968573,-0.027671717,0.054164886,0.008220711,0.99811465,1.1185752,6.1810513,356.76346,58.56666666668025,1.1413158,1495.5668

-0.0033644051,1.3923836,0.0059044505,-0.027603166,0.05442893,0.008118145,0.998103,1.1072392,6.2117476,356.7716,58.583333333343035,1.1413158,1495.5668

-0.0034567341,1.3925338,0.006131309,-0.027582811,0.054634042,0.008022004,0.9980931,1.0967413,6.235608,356.77426,58.60000000000582,1.1413158,1495.5668

-0.0035405804,1.3926867,0.0063772574,-0.027520087,0.054730546,0.007973485,0.99808997,1.0910897,6.246904,356.78162,58.61666666666861,1.1413158,1495.5668

-0.003610745,1.3927512,0.006566994,-0.027337324,0.05479116,0.007959649,0.9980918,1.0885519,6.2541013,356.8027,58.63333333333139,1.1413158,1495.5668

-0.0036673273,1.3928428,0.0067618005,-0.027132753,0.05466274,0.007968987,0.99810433,1.0879139,6.239563,356.82635,58.64999999999418,1.1413158,1495.5668

-0.003723599,1.3929744,0.0069667567,-0.026972175,0.054381344,0.008013797,0.9981237,1.0911342,6.2073174,356.84497,58.666666666656965,1.1413158,1495.5668

-0.0037870656,1.3931252,0.0071737478,-0.026784513,0.054085713,0.008026898,0.99814475,1.090502,6.173569,356.8669,58.68333333331975,1.1413158,1495.5668

-0.00386609,1.3932759,0.0073889554,-0.026718605,0.053900003,0.008037326,0.9981564,1.0906862,6.1523066,356.87473,58.70000000001164,1.1413158,1495.5668

-0.0039639995,1.3934232,0.007629077,-0.026719652,0.0538202,0.0080275275,0.99816084,1.0893046,6.1431823,356.87476,58.71666666667443,1.1413158,1495.5668

-0.0037619073,1.3932699,0.007708803,-0.026648125,0.053984564,0.007943573,0.99815446,1.0797393,6.1623755,356.8833,58.733333333337214,1.1413158,1495.5668

-0.0036771968,1.3932028,0.0078706015,-0.0265752,0.054148342,0.007867361,0.9981482,1.0710506,6.1814795,356.89194,58.75,1.1413158,1495.5668

-0.0037306533,1.3932469,0.008127784,-0.026574533,0.05424608,0.007822025,0.99814326,1.0661474,6.1928325,356.89215,58.766666666662786,1.1413158,1495.5668

-0.003829956,1.3933157,0.008422576,-0.026359297,0.0542229,0.007782542,0.9981505,1.0601897,6.190525,356.91724,58.78333333332557,1.1413158,1495.5668

-0.003948882,1.3933847,0.008730118,-0.025995672,0.054080524,0.00773716,0.9981682,1.052252,6.174717,356.95953,58.79999999998836,1.1413158,1495.5668

-0.004076615,1.3934455,0.0090229735,-0.025776891,0.053870767,0.0076805223,0.9981856,1.0437167,6.1510563,356.98538,58.81666666668025,1.1413158,1495.5668

-0.0039229915,1.3932714,0.008857045,-0.02580629,0.05367059,0.007565955,0.99819654,1.0300866,6.1284094,356.98297,58.833333333343035,1.1413158,1495.5668

-0.0038725238,1.3931649,0.008819957,-0.025944533,0.053565774,0.007463314,0.99819934,1.0187984,6.116555,356.96783,58.85000000000582,1.1413158,1495.5668

-0.0039393455,1.3931535,0.0089720525,-0.025998637,0.053563662,0.007350705,0.99819887,1.0061693,6.1166005,356.9623,58.86666666666861,1.1413158,1495.5668

-0.004037234,1.3931837,0.00922154,-0.025830995,0.053709205,0.007210405,0.9981964,0.9894549,6.1338882,356.98227,58.88333333333139,1.1413158,1495.5668

-0.0041453093,1.3932348,0.009510371,-0.025761276,0.05395143,0.0070511275,0.9981863,0.9714596,6.162224,356.99097,58.89999999999418,1.1413158,1495.5668

-0.004263416,1.3932973,0.009802937,-0.025762023,0.054145154,0.0068815583,0.998177,0.95256156,6.1849566,356.99167,58.916666666656965,1.1413158,1495.5668

-0.0040976107,1.3932511,0.009882354,-0.02565135,0.05410276,0.0067399954,0.9981831,0.93545324,6.1806235,357.00537,58.93333333331975,1.1413158,1495.5668

-0.0040290267,1.3932257,0.010001532,-0.025360001,0.05398739,0.006649449,0.9981974,0.9228688,6.16793,357.03958,58.95000000001164,1.1413158,1495.5668

-0.004088588,1.3932303,0.010190538,-0.02512947,0.053868543,0.0065843198,0.9982101,0.91358244,6.154701,357.06668,58.96666666667443,1.1409599,1496.1525

-0.0041983156,1.3932358,0.010414498,-0.024973886,0.053840585,0.006511817,0.998216,0.90419304,6.151848,357.08508,58.983333333337214,1.1409599,1496.1525

-0.004329878,1.3932348,0.010684343,-0.024748238,0.05398677,0.0064338027,0.9982142,0.8942606,6.169047,357.11136,59.0,1.1409599,1496.1525

-0.004467706,1.3932185,0.0109728575,-0.024586627,0.05419209,0.0063825515,0.9982074,0.88797456,6.192893,357.13007,59.016666666662786,1.1409599,1496.1525

-0.00395792,1.3932948,0.010793026,-0.024728214,0.05443609,0.0062620672,0.99819136,0.87572575,6.2211065,357.1142,59.03333333332557,1.1409599,1496.1525

-0.0036609347,1.3933094,0.010719648,-0.024911275,0.05463228,0.0061880224,0.9981766,0.86894405,6.243668,357.09335,59.04999999998836,1.1409599,1496.1525

-0.0036410168,1.3932801,0.010821481,-0.024892667,0.05479119,0.006133107,0.99816865,0.8629881,6.2620745,357.09564,59.06666666668025,1.1409599,1496.1525

-0.0037200924,1.3932433,0.010967113,-0.024765534,0.05487089,0.0060595595,0.9981679,0.8539636,6.27154,357.11066,59.083333333343035,1.1409599,1496.1525

-0.0038332194,1.3932029,0.011111648,-0.02456526,0.054858044,0.0059798397,0.9981741,0.8434883,6.2704673,357.13422,59.10000000000582,1.1409599,1496.1525

-0.0039512813,1.3931601,0.011248586,-0.024413329,0.05483144,0.005937595,0.9981795,0.83759,6.2676644,357.152,59.11666666666861,1.1409599,1496.1525

-0.0033996091,1.3929987,0.010719321,-0.024532653,0.05490875,0.005813731,0.99817306,0.8243185,6.2767878,357.13898,59.13333333333139,1.1409599,1496.1525

-0.0030515194,1.3928794,0.010415784,-0.024728235,0.055071503,0.005721638,0.99815977,0.815443,6.295563,357.11685,59.14999999999418,1.1409599,1496.1525

-0.002958079,1.3928227,0.010404119,-0.02485669,0.05522467,0.0056368434,0.9981486,0.80695915,6.313277,357.10242,59.166666666656965,1.1409599,1496.1525

-0.0029384256,1.3927948,0.0105148135,-0.024835585,0.055328984,0.0055672806,0.99814373,0.79913336,6.325463,357.1052,59.18333333331975,1.1409599,1496.1525

-0.0029397905,1.3927885,0.010692318,-0.024517909,0.05534577,0.0054868455,0.99815106,0.7879052,6.3278723,357.14224,59.20000000001164,1.1409599,1496.1525

-0.0029442385,1.3927934,0.010900297,-0.024141533,0.05528576,0.005406831,0.99816406,0.7761257,6.32151,357.18616,59.21666666667443,1.1409599,1496.1525

-0.0028746948,1.3927772,0.011032795,-0.023921683,0.05510356,0.0053681615,0.9981796,0.7697502,6.3008857,357.21194,59.233333333337214,1.1409599,1496.1525

-0.002827483,1.3927758,0.011164101,-0.023640832,0.05494459,0.00532804,0.9981953,0.7628984,6.2829742,357.2447,59.25,1.1409599,1496.1525

-0.002813235,1.3927767,0.011283516,-0.02334134,0.054751225,0.0052947607,0.9982131,0.7566299,6.261109,357.27957,59.266666666662786,1.1409599,1496.1525

-0.0028096165,1.3927648,0.011367548,-0.023115212,0.05457454,0.0052955374,0.9982281,0.7548012,6.241008,357.30582,59.28333333332557,1.1409599,1496.1525

-0.0028050542,1.3927411,0.0114128245,-0.02297341,0.054436367,0.005296647,0.99823886,0.7536548,6.2252593,357.32227,59.29999999998836,1.1409599,1496.1525

-0.00279513,1.3927113,0.011432703,-0.022936765,0.054406527,0.005287012,0.9982414,0.75223386,6.2218904,357.32657,59.31666666668025,1.1409599,1496.1525

-0.0025646712,1.3928161,0.010512181,-0.023038575,0.05440994,0.005217429,0.9982392,0.74487346,6.2223916,357.31528,59.333333333343035,1.1409599,1496.1525

-0.0024014066,1.392877,0.009900171,-0.023035498,0.054445572,0.005106192,0.9982379,0.7321533,6.226781,357.31628,59.35000000000582,1.1409599,1496.1525

-0.0023219313,1.3928858,0.00967337,-0.022910455,0.054434866,0.0050135204,0.9982419,0.7206767,6.225892,357.3313,59.36666666666861,1.1409599,1496.1525

-0.0022663102,1.3928702,0.009578907,-0.022735955,0.054364033,0.004976333,0.9982499,0.7151105,6.21799,357.35168,59.38333333333139,1.1409599,1496.1525

-0.0022115286,1.3928398,0.009514345,-0.022579215,0.05420634,0.0049935705,0.998262,0.71568376,6.1999655,357.36975,59.39999999999418,1.1409599,1496.1525

-0.0021426156,1.3927938,0.009454695,-0.02243336,0.054020792,0.0050805956,0.99827486,0.7242851,6.178555,357.3862,59.416666666656965,1.1409599,1496.1525

-0.0020715357,1.3929632,0.008995127,-0.0223393,0.05372718,0.005180417,0.9982923,0.7343934,6.144678,357.39673,59.43333333331975,1.1409599,1496.1525

-0.0020094912,1.3930643,0.008653801,-0.022351714,0.053407088,0.005269954,0.9983087,0.7439069,6.1077137,357.39505,59.45000000001164,1.1409599,1496.1525

-0.0019499138,1.3930899,0.008453701,-0.02238884,0.053141978,0.0053193653,0.9983218,0.74910194,6.077143,357.39078,59.46666666667443,1.1409599,1496.1525

-0.0018974828,1.3930968,0.0082905,-0.0222657,0.052902445,0.0053142807,0.99833727,0.7471198,6.0497704,357.4052,59.483333333337214,1.1409599,1496.1525

-0.0018498625,1.3930988,0.008130294,-0.022099473,0.052723046,0.005259836,0.9983508,0.7393658,6.0294547,357.42487,59.5,1.1409599,1496.1525

-0.0018004762,1.3930852,0.007971145,-0.022066731,0.052600168,0.0051988494,0.99835825,0.7318238,6.015539,357.42914,59.516666666662786,1.1409599,1496.1525

-0.0018788204,1.3930904,0.0084314225,-0.02184687,0.052483696,0.0050956807,0.9983698,0.7183183,6.002602,357.45517,59.53333333332557,1.1409599,1496.1525

-0.001909636,1.3930702,0.008699712,-0.021628723,0.052332573,0.0050628013,0.9983826,0.712825,5.985505,357.48062,59.54999999998836,1.1409599,1496.1525

-0.0018905799,1.393015,0.008705079,-0.021562444,0.05215084,0.0051252814,0.99839324,0.71914047,5.964547,357.48807,59.56666666668025,1.1409599,1496.1525

-0.0018547375,1.3929371,0.008623034,-0.021536406,0.051981907,0.005199635,0.99840224,0.72709787,5.9449997,357.49075,59.583333333343035,1.1409599,1496.1525

-0.001812956,1.3928467,0.008500887,-0.02170007,0.05183514,0.0052986243,0.9984058,0.73907757,5.9277935,357.4715,59.60000000000582,1.1409599,1496.1525

-0.0017726074,1.3927563,0.00834854,-0.022018913,0.05167615,0.005387427,0.9984066,0.7507688,5.9090915,357.43442,59.61666666666861,1.1409599,1496.1525

-0.0017810762,1.3926128,0.008729526,-0.022303756,0.051606055,0.0054462594,0.9984036,0.75903875,5.9006834,357.40137,59.63333333333139,1.1409599,1496.1525

-0.0017803262,1.3925115,0.00895329,-0.022322537,0.051612087,0.0054380363,0.99840295,0.7582205,5.9013824,357.39926,59.64999999999418,1.1409599,1496.1525

-0.0017717008,1.392464,0.00897201,-0.02233674,0.051693376,0.005390275,0.9983986,0.7530304,5.91082,357.39783,59.666666666656965,1.1409599,1496.1525

-0.001765281,1.3924443,0.008932537,-0.022365076,0.05175772,0.005324344,0.998395,0.74578905,5.918352,357.3949,59.68333333331975,1.1409599,1496.1525

-0.0017641708,1.3924477,0.008891617,-0.022171155,0.051767804,0.00522901,0.9983994,0.7336966,5.9199004,357.41776,59.70000000001164,1.1409599,1496.1525

-0.0017676752,1.3924614,0.008854297,-0.021819172,0.051780574,0.005162303,0.99840677,0.7239629,5.921793,357.45868,59.71666666667443,1.1409599,1496.1525

-0.0017733425,1.392435,0.009220973,-0.021628488,0.05184699,0.005194824,0.9984073,0.7267422,5.929468,357.48032,59.733333333337214,1.1409599,1496.1525

-0.0017840253,1.3924168,0.0094068395,-0.021719323,0.05189243,0.0052734637,0.9984026,0.73644847,5.9344153,357.46936,59.75,1.1409599,1496.1525

-0.0018005284,1.3924152,0.0093939295,-0.0218169,0.05191173,0.00540801,0.99839866,0.75255805,5.9362144,357.45734,59.766666666662786,1.1409599,1496.1525

-0.0018238898,1.3924267,0.009313537,-0.021662062,0.051903605,0.0056018615,0.99840146,0.7739112,5.9349093,357.474,59.78333333332557,1.1409599,1496.1525

-0.001859121,1.3924395,0.009198435,-0.021431698,0.051872842,0.005828421,0.9984067,0.7985179,5.9309916,357.49918,59.79999999998836,1.1409599,1496.1525

-0.0019128099,1.3924432,0.009062033,-0.02133606,0.051853012,0.006052636,0.99840844,0.82368755,5.928234,357.50888,59.81666666668025,1.1409599,1496.1525

-0.0020250678,1.3924216,0.009260603,-0.02141097,0.05178995,0.0062621767,0.99840885,0.8480726,5.9204135,357.49908,59.833333333343035,1.1409599,1496.1525

-0.0021368414,1.392393,0.009352899,-0.021519057,0.051812526,0.0064507877,0.99840415,0.87047017,5.9224367,357.4855,59.85000000000582,1.1409599,1496.1525

-0.0022447184,1.3923783,0.009321559,-0.02157987,0.051964317,0.006550314,0.99839425,0.8826797,5.9395447,357.47772,59.86666666666861,1.1409599,1496.1525

-0.0023637216,1.3924074,0.009287226,-0.02141607,0.052230787,0.0064623794,0.9983845,0.87228245,5.970478,357.4968,59.88333333333139,1.1409599,1496.1525

-0.0025043562,1.3924972,0.009280308,-0.021053733,0.05259661,0.0061729485,0.9983748,0.8377513,6.0134735,357.53983,59.89999999999418,1.1409599,1496.1525

-0.0026841562,1.3926487,0.009278615,-0.02066361,0.052994363,0.0058691283,0.9983638,0.8014408,6.0601664,357.58615,59.916666666656965,1.1409599,1496.1525

-0.0029025201,1.3926307,0.009611711,-0.019964732,0.053484652,0.0056015076,0.9983533,0.7675843,6.1175995,357.66772,59.93333333331975,1.1409599,1496.1525

-0.0031232496,1.3926555,0.009781558,-0.019381672,0.054034933,0.005468521,0.99833596,0.7499958,6.1814833,357.7351,59.95000000001164,1.1409599,1496.1525

-0.0033535794,1.3927001,0.009701318,-0.019047847,0.05467851,0.005462743,0.99830735,0.7487522,6.255587,357.77292,59.96666666667443,1.1409599,1496.1525

-0.003585808,1.3926617,0.0094302865,-0.01925462,0.05524066,0.005534242,0.99827206,0.7596037,6.319772,357.7481,59.983333333337214,1.1409599,1496.1525

-0.003824003,1.3925037,0.009012836,-0.019723205,0.055593587,0.005640197,0.99824274,0.7756277,6.3596644,357.6931,60.0,1.1409599,1496.1525

-0.004081331,1.3922193,0.008484367,-0.02012657,0.055680607,0.005777707,0.9982291,0.7942493,6.3690114,357.64566,60.016666666662786,1.1409599,1496.1525

-0.004471707,1.3915032,0.007922402,-0.020735601,0.055590894,0.0058860835,0.9982209,0.8103976,6.357969,357.57498,60.03333333332557,1.1409599,1496.1525

-0.004846789,1.3908416,0.007283954,-0.021669503,0.055704977,0.0059444383,0.9981944,0.82338774,6.370149,357.46692,60.04999999998836,1.1409599,1496.1525

-0.0051915348,1.390321,0.0065999785,-0.022860048,0.05625941,0.005879893,0.9981372,0.8251299,6.4329486,357.32962,60.06666666668025,1.1409599,1496.1525

-0.0055318237,1.3899075,0.005934443,-0.024007596,0.05703201,0.005760458,0.998067,0.8210627,6.520976,357.19733,60.083333333343035,1.1409599,1496.1525

-0.005848773,1.3896157,0.005362684,-0.024811592,0.057806082,0.00567433,0.99800336,0.8187554,6.609379,357.1044,60.10000000000582,1.1409599,1496.1525

-0.006124629,1.3894495,0.004912213,-0.025090419,0.058480702,0.00568419,0.997957,0.82380193,6.686528,357.0714,60.11666666666861,1.1409599,1496.1525

-0.0064662322,1.3891661,0.0042599924,-0.02524106,0.058822386,0.0058438177,0.9979322,0.84424525,6.7251396,357.05258,60.13333333333139,1.1409599,1496.1525

-0.006693825,1.389018,0.0037185783,-0.025314108,0.05888985,0.006241697,0.997924,0.8907641,6.731641,357.04138,60.14999999999418,1.1409599,1496.1525

-0.006798136,1.3889884,0.003322906,-0.025030715,0.05870463,0.006803072,0.99793833,0.9529194,6.708993,357.0705,60.166666666656965,1.1409599,1496.1525

-0.006835431,1.3890011,0.0029987535,-0.024627341,0.058471847,0.0073796427,0.99795794,1.015882,6.681001,357.1134,60.18333333331975,1.1409599,1496.1525

-0.0068479166,1.3890266,0.002680005,-0.024347322,0.058162834,0.007871661,0.99797916,1.069724,6.6444216,357.14282,60.20000000001164,1.1409599,1496.1525

-0.0068619726,1.3890518,0.0023622161,-0.024429293,0.05799254,0.008230852,0.9979841,1.1111146,6.623762,357.1312,60.21666666667443,1.1409599,1496.1525

-0.0068527013,1.3889419,0.0014941455,-0.02436304,0.057923634,0.008367441,0.99798864,1.1261914,6.6155386,357.13803,60.233333333337214,1.1409599,1496.1525

-0.006896846,1.388897,0.0008565644,-0.024012137,0.05783541,0.008426829,0.99800175,1.1304303,6.6056433,357.1782,60.25,1.1409599,1496.1525

-0.0070018396,1.3889083,0.0004894133,-0.023708029,0.057741333,0.0084860325,0.998014,1.1349486,6.5950274,357.21298,60.266666666662786,1.1409599,1496.1525

-0.007136978,1.3889246,0.00020071305,-0.02341946,0.057598833,0.008593377,0.9980281,1.1449779,6.578709,357.2457,60.28333333332557,1.1409599,1496.1525

-0.007272005,1.3889321,-6.3376036e-05,-0.023025136,0.05746595,0.008763657,0.9980435,1.1615916,6.563452,357.2902,60.29999999998836,1.1409599,1496.1525

-0.007384941,1.3889236,-0.00032276288,-0.022682125,0.0573923,0.0089848405,0.99805355,1.1845831,6.5548077,357.32834,60.31666666668025,1.1409599,1496.1525

-0.007374093,1.3888563,-0.00047679152,-0.022446837,0.0573665,0.009237048,0.9980581,1.2119958,6.551459,357.35382,60.333333333343035,1.1409599,1496.1525

-0.0073594525,1.3887764,-0.0006287978,-0.022379158,0.057428528,0.009564366,0.99805295,1.2494081,6.557792,357.35938,60.35000000000582,1.1409599,1496.1525

-0.007371396,1.3886875,-0.00085452804,-0.02253133,0.057471894,0.009968469,0.99804306,1.2970598,6.561501,357.3391,60.36666666666861,1.1409599,1496.1525

-0.007392307,1.3886008,-0.0011175403,-0.022839334,0.057514377,0.010353604,0.99802965,1.3435565,6.5649343,357.30103,60.38333333333139,1.1409599,1496.1525

-0.0074253827,1.3885429,-0.0013796841,-0.023126012,0.057496823,0.010660408,0.9980209,1.3807217,6.5616946,357.266,60.39999999999418,1.1409599,1496.1525

-0.0074692057,1.3885435,-0.0015885514,-0.02310085,0.057443835,0.010847062,0.9980225,1.4018906,6.5551386,357.26776,60.416666666656965,1.1409599,1496.1525

-0.00783906,1.3887813,-0.0023952255,-0.022682529,0.057308935,0.010982466,0.99803835,1.414334,6.539883,357.31528,60.43333333331975,1.1409599,1496.1525

-0.008095026,1.3890214,-0.00291938,-0.022032583,0.057146452,0.01109924,0.99806094,1.4230479,6.521855,357.38965,60.45000000001164,1.1409599,1496.1525

-0.008170173,1.3892097,-0.0031233917,-0.021408927,0.05704914,0.011208978,0.9980788,1.431325,6.511298,357.46094,60.46666666667443,1.1409599,1496.1525

-0.008148621,1.389372,-0.003231863,-0.021033306,0.057033215,0.011307909,0.99808663,1.4402117,6.509762,357.50357,60.483333333337214,1.1409599,1496.1525

-0.008075431,1.3895087,-0.0033275615,-0.02079279,0.0569975,0.0114309825,0.9980923,1.4527112,6.505707,357.53052,60.5,1.1409599,1496.1525

-0.007984708,1.3896188,-0.0034637765,-0.020527866,0.056790136,0.011575084,0.99810797,1.4670233,6.4819474,357.56046,60.516666666662786,1.1409599,1496.1525

-0.008384451,1.3894248,-0.0038616036,-0.020198654,0.056386866,0.011723638,0.9981358,1.4809349,6.435803,357.5981,60.53333333332557,1.1409599,1496.1525

-0.008632253,1.3892803,-0.004244437,-0.02003675,0.05586266,0.011781206,0.9981679,1.4851675,6.3757615,357.6173,60.54999999998836,1.1409599,1496.1525

-0.008678018,1.3892295,-0.0045905244,-0.02002026,0.055374417,0.0117324395,0.998196,1.4781967,6.3198853,357.62036,60.56666666668025,1.1409599,1496.1525

-0.008669875,1.3892184,-0.004913437,-0.019974312,0.055118848,0.011578007,0.9982129,1.4594772,6.290999,357.6271,60.583333333343035,1.1409599,1496.1525

-0.008657649,1.3892134,-0.0052125785,-0.020061893,0.055038143,0.011459155,0.9982169,1.4461455,6.2818956,357.61792,60.60000000000582,1.1409599,1496.1525

-0.008652493,1.3892069,-0.0054704,-0.020207835,0.055088494,0.011400506,0.99821186,1.4404469,6.2876015,357.60138,60.61666666666861,1.1409599,1496.1525

-0.009328927,1.389169,-0.0054771546,-0.020297771,0.05512354,0.011496682,0.99820703,1.4521754,6.2912607,357.5904,60.63333333333139,1.1409599,1496.1525

-0.009784373,1.3891377,-0.0055218847,-0.020381948,0.05501043,0.011694355,0.99820924,1.4751644,6.2776814,357.57962,60.64999999999418,1.1409599,1496.1525

-0.009948745,1.3891125,-0.005645021,-0.020433623,0.054710187,0.012031783,0.9982207,1.5135416,6.24234,357.57208,60.666666666656965,1.1409599,1496.1525

-0.010030079,1.3890907,-0.0058059692,-0.020307612,0.054166965,0.012479821,0.9982474,1.5628994,6.1791277,357.58478,60.68333333331975,1.1409599,1496.1525

-0.010086072,1.3890775,-0.005980725,-0.020050045,0.05356706,0.012925206,0.9982793,1.6110061,6.1096463,357.6128,60.70000000001164,1.1409599,1496.1525

-0.010129176,1.3890861,-0.006168915,-0.019972919,0.053112812,0.013233929,0.9983011,1.6448879,6.0569263,357.62064,60.71666666667443,1.1409599,1496.1525

-0.01021307,1.3885717,-0.005666203,-0.01983843,0.05291644,0.013317265,0.998313,1.6531559,6.0344234,357.636,60.733333333337214,1.1409599,1496.1525

-0.010261193,1.3882403,-0.005343292,-0.019658593,0.053006075,0.013223751,0.9983131,1.641533,6.0452228,357.65707,60.75,1.1409599,1496.1525

-0.010271055,1.38817,-0.0053402474,-0.01982389,0.05323365,0.012994802,0.9983007,1.6167753,6.0715985,357.639,60.766666666662786,1.1409599,1496.1525

-0.010255314,1.3881958,-0.005469829,-0.020083835,0.053473108,0.012716083,0.9982863,1.5869087,6.099314,357.61035,60.78333333332557,1.1409599,1496.1525

-0.010225623,1.3882586,-0.0056674303,-0.020179158,0.053613413,0.0124485055,0.9982802,1.5570667,6.115901,357.60077,60.79999999998836,1.1409599,1496.1525

-0.010192885,1.3883376,-0.0058922963,-0.020204647,0.053699136,0.012217594,0.99827796,1.5308745,6.1262503,357.5991,60.81666666668025,1.1409599,1496.1525

-0.009910858,1.3880807,-0.005031105,-0.020243308,0.05368956,0.012019547,0.9982801,1.508299,6.1255703,357.5959,60.833333333343035,1.1409599,1496.1525

-0.009714849,1.3879329,-0.004483482,-0.020293767,0.053690407,0.011859141,0.99828094,1.4901545,6.125978,357.59106,60.85000000000582,1.1409599,1496.1525

-0.0096420795,1.3879023,-0.004374116,-0.020124035,0.053748123,0.0117667,0.9982824,1.4786203,6.1330733,357.61105,60.86666666666861,1.1409599,1496.1525

-0.009623468,1.3878759,-0.0044062613,-0.019954707,0.05374311,0.011704944,0.9982868,1.4704573,6.132895,357.63095,60.88333333333139,1.1409599,1496.1525

-0.00963863,1.38781,-0.0044962727,-0.019926196,0.053693257,0.011733429,0.9982897,1.4734327,6.1271505,357.63416,60.89999999999418,1.1409599,1496.1525

-0.0096830195,1.3877065,-0.0046273647,-0.020037107,0.053586148,0.011781353,0.9982927,1.4793564,6.1145854,357.62128,60.916666666656965,1.1409599,1496.1525

-0.009999059,1.3873627,-0.004232634,-0.020382663,0.053407464,0.011836973,0.9982946,1.4874167,6.09344,357.58148,60.93333333331975,1.1409599,1496.1525

-0.010254785,1.3871058,-0.004031353,-0.02079138,0.053221956,0.011822676,0.99829626,1.4877849,6.071585,357.53482,60.95000000001164,1.1409599,1496.1525

-0.010416016,1.3869693,-0.0040741405,-0.02092083,0.053154614,0.011717883,0.9982984,1.4763387,6.063928,357.52072,60.96666666667443,1.1409599,1496.1525

-0.010548852,1.386887,-0.004169034,-0.020934338,0.053228043,0.011571186,0.9982959,1.4597375,6.0726957,357.51993,60.983333333337214,1.1409599,1496.1525

-0.010652527,1.3868297,-0.004252839,-0.021060448,0.05345806,0.011422163,0.9982827,1.4439746,6.09927,357.5059,61.0,1.1409599,1496.1525

-0.010719488,1.38679,-0.00432858,-0.021390794,0.053673528,0.011383416,0.9982645,1.4421244,6.1236076,357.46777,61.016666666662786,1.1409599,1496.1525

-0.010985076,1.3865333,-0.004602563,-0.021663828,0.053909514,0.01136404,0.99824613,1.4422214,6.150334,357.43604,61.03333333332557,1.1409599,1496.1525

-0.011107388,1.3864142,-0.004751809,-0.021754654,0.054102782,0.011373522,0.9982336,1.4444057,6.1723504,357.4252,61.04999999998836,1.1409599,1496.1525

-0.011105679,1.3864484,-0.004778067,-0.021778665,0.054221917,0.011406707,0.9982262,1.448701,6.1858964,357.422,61.06666666668025,1.1409599,1496.1525

-0.011080037,1.3865527,-0.0047693066,-0.021714803,0.054166596,0.011426669,0.9982304,1.4504492,6.1795917,357.42935,61.083333333343035,1.1409599,1496.1525

-0.011060636,1.3866961,-0.0047604432,-0.021311615,0.053908706,0.011362249,0.99825376,1.4398355,6.150754,357.4766,61.10000000000582,1.1409599,1496.1525

-0.0110550895,1.3868576,-0.004773374,-0.020802327,0.0535025,0.01121491,0.99828804,1.4186621,6.1052523,357.5368,61.11666666666861,1.1409599,1496.1525

-0.011316269,1.3867662,-0.0050382433,-0.020360239,0.053071044,0.011076788,0.9983217,1.3989441,6.056718,357.58926,61.13333333333139,1.1409599,1496.1525

-0.011490062,1.3867282,-0.005220005,-0.020064732,0.05275956,0.010982455,0.99834526,1.3855006,6.021624,357.62436,61.14999999999418,1.1409599,1496.1525

-0.011553866,1.3867676,-0.005307609,-0.019923998,0.05248332,0.010984764,0.9983626,1.3842179,5.9901247,357.641,61.166666666656965,1.1409599,1496.1525

-0.011583373,1.3868148,-0.0053839404,-0.019894687,0.05221638,0.011098672,0.99837595,1.3964738,5.9592752,357.6441,61.18333333331975,1.1409599,1496.1525

-0.0116040185,1.3868494,-0.0054868427,-0.019980883,0.051928267,0.0112710325,0.9983873,1.4160895,5.9256964,357.63367,61.20000000001164,1.1409599,1496.1525

-0.011637549,1.3868554,-0.005624115,-0.020218495,0.051630955,0.011516639,0.99839514,1.4449965,5.890666,357.60535,61.21666666667443,1.1409599,1496.1525

-0.0118583655,1.38664,-0.006167271,-0.020546237,0.05128579,0.011802356,0.9984029,1.478904,5.849903,357.56656,61.233333333337214,1.1409599,1496.1525

-0.01204637,1.3864691,-0.006554799,-0.020871043,0.051100645,0.01213789,0.99840164,1.5189174,5.827355,357.52753,61.25,1.1409599,1496.1525

-0.012173235,1.3863792,-0.006707886,-0.02104307,0.051194992,0.012455866,0.9983893,1.5567497,5.837121,357.5057,61.266666666662786,1.1409599,1496.1525

-0.012291983,1.386317,-0.0067638992,-0.021269707,0.051438812,0.012722542,0.99836856,1.5894107,5.8640604,357.47763,61.28333333332557,1.1409599,1496.1525

-0.012424302,1.3862636,-0.0067893774,-0.021611555,0.05165618,0.012905413,0.99834764,1.6130562,5.887979,357.4368,61.29999999998836,1.1409599,1496.1525

-0.012569532,1.3862267,-0.006782884,-0.021835124,0.052125942,0.012901637,0.9983184,1.615248,5.9415092,357.41022,61.31666666668025,1.1409599,1496.1525

-0.012752481,1.3860269,-0.0072319247,-0.022078542,0.05265004,0.012807623,0.9982868,1.6073557,6.001479,357.38177,61.333333333343035,1.1409599,1496.1525

-0.012908428,1.3859016,-0.007510518,-0.022344384,0.053076487,0.012703573,0.9982596,1.5981982,6.050243,357.351,61.35000000000582,1.1409599,1496.1525

-0.01304116,1.3858619,-0.0075956536,-0.022606134,0.05326782,0.012613276,0.99824464,1.5899496,6.072013,357.32108,61.36666666666861,1.1409599,1496.1525

-0.013157639,1.38586,-0.007616715,-0.02281101,0.053114075,0.012562708,0.9982489,1.5849376,6.054188,357.2981,61.38333333333139,1.1409599,1496.1525

