frame,time_seconds,track_id,u,v,bbox_x1,bbox_y1,bbox_x2,bbox_y2,score
421,7.016667,0,1886.85,1289.84,1854.20,1035.31,1919.49,1289.84,0.533
422,7.033333,0,1875.17,1283.13,1831.10,945.36,1919.25,1283.13,0.697
423,7.050000,0,1859.74,1288.14,1800.01,936.97,1919.46,1288.14,0.821
424,7.066667,0,1851.99,1284.37,1784.62,918.66,1919.36,1284.37,0.858
425,7.083333,0,1842.37,1279.69,1765.32,914.22,1919.41,1279.69,0.849
426,7.100000,0,1834.76,1268.78,1750.51,906.60,1919.01,1268.78,0.849
427,7.116667,0,1828.76,1261.52,1738.12,842.87,1919.40,1261.52,0.885
428,7.133333,0,1823.26,1258.29,1727.24,821.49,1919.28,1258.29,0.888
429,7.150000,0,1819.77,1251.64,1720.35,689.34,1919.20,1251.64,0.902
430,7.166667,0,1816.85,1249.92,1714.51,687.91,1919.19,1249.92,0.907
431,7.183333,0,1814.96,1248.56,1710.67,688.82,1919.24,1248.56,0.908
432,7.200000,0,1814.50,1246.88,1709.37,688.31,1919.64,1246.88,0.912
433,7.216667,0,1814.36,1245.22,1709.09,685.86,1919.63,1245.22,0.915
434,7.233333,0,1813.15,1245.49,1707.02,684.00,1919.29,1245.49,0.910
435,7.250000,0,1811.98,1244.77,1704.31,683.53,1919.64,1244.77,0.920
436,7.266667,0,1811.92,1245.34,1704.13,682.38,1919.70,1245.34,0.912
437,7.283333,0,1811.30,1245.15,1702.89,679.87,1919.72,1245.15,0.914
438,7.300000,0,1810.10,1244.94,1700.47,680.61,1919.73,1244.94,0.920
439,7.316667,0,1809.08,1243.98,1698.68,677.52,1919.49,1243.98,0.916
440,7.333333,0,1808.55,1244.15,1697.68,676.10,1919.43,1244.15,0.914
441,7.350000,0,1808.07,1243.42,1696.87,676.01,1919.27,1243.42,0.919
442,7.366667,0,1806.58,1243.58,1693.93,676.51,1919.23,1243.58,0.925
443,7.383333,0,1807.32,1242.74,1695.35,675.56,1919.28,1242.74,0.925
444,7.400000,0,1807.89,1243.12,1696.40,674.44,1919.37,1243.12,0.923
445,7.416667,0,1808.50,1264.85,1697.41,672.45,1919.59,1264.85,0.928
446,7.433333,0,1802.69,1256.85,1685.85,669.97,1919.53,1256.85,0.936
447,7.450000,0,1795.59,1247.57,1671.68,667.52,1919.51,1247.57,0.933
448,7.466667,0,1787.64,1238.74,1657.93,665.90,1917.35,1238.74,0.923
449,7.483333,0,1770.11,1224.88,1643.02,663.25,1897.21,1224.88,0.916
450,7.500000,0,1757.05,1234.71,1632.26,659.28,1881.84,1234.71,0.932
451,7.516667,0,1748.08,1221.60,1619.57,658.44,1876.58,1221.60,0.914
452,7.533333,0,1737.11,1211.62,1603.52,657.57,1870.71,1211.62,0.917
453,7.550000,0,1728.71,1232.57,1591.21,656.10,1866.21,1232.57,0.923
454,7.566667,0,1718.45,1235.27,1582.51,656.55,1854.38,1235.27,0.928
455,7.583333,0,1710.55,1235.12,1570.96,656.60,1850.13,1235.12,0.925
456,7.600000,0,1705.29,1235.92,1563.57,657.20,1847.01,1235.92,0.922
457,7.616667,0,1702.69,1235.74,1556.03,657.71,1849.35,1235.74,0.919
458,7.633333,0,1698.38,1235.93,1543.34,658.60,1853.41,1235.93,0.927
459,7.650000,0,1696.06,1236.47,1535.10,659.80,1857.01,1236.47,0.935
460,7.666667,0,1693.52,1236.95,1527.60,660.95,1859.44,1236.95,0.936
461,7.683333,0,1689.55,1235.98,1520.29,664.44,1858.81,1235.98,0.940
462,7.700000,0,1684.02,1234.87,1510.04,665.13,1858.01,1234.87,0.938
463,7.716667,0,1679.71,1227.75,1502.74,666.12,1856.69,1227.75,0.933
464,7.733333,0,1675.70,1225.52,1496.47,668.13,1854.93,1225.52,0.936
465,7.750000,0,1672.93,1233.94,1491.70,668.73,1854.16,1233.94,0.941
466,7.766667,0,1669.98,1234.34,1488.38,670.02,1851.58,1234.34,0.939
467,7.783333,0,1667.37,1232.98,1485.47,672.94,1849.28,1232.98,0.939
468,7.800000,0,1663.73,1232.36,1484.10,671.54,1843.37,1232.36,0.937
469,7.816667,0,1660.91,1232.41,1483.44,672.99,1838.38,1232.41,0.939
470,7.833333,0,1656.92,1231.19,1482.75,671.70,1831.09,1231.19,0.939
471,7.850000,0,1651.10,1228.77,1479.37,671.96,1822.84,1228.77,0.934
472,7.866667,0,1645.36,1221.56,1480.50,671.72,1810.22,1221.56,0.936
473,7.883333,0,1641.42,1218.14,1481.76,672.03,1801.07,1218.14,0.940
474,7.900000,0,1637.58,1216.58,1483.18,671.83,1791.97,1216.58,0.939
475,7.916667,0,1634.74,1214.95,1486.92,671.09,1782.56,1214.95,0.942
476,7.933333,0,1632.78,1213.92,1490.55,670.21,1775.01,1213.92,0.938
477,7.950000,0,1629.81,1212.46,1493.57,670.08,1766.06,1212.46,0.935
478,7.966667,0,1626.86,1211.38,1497.53,668.05,1756.19,1211.38,0.930
479,7.983333,0,1623.45,1204.66,1502.56,669.03,1744.35,1204.66,0.925
480,8.000000,0,1619.44,1200.22,1506.05,668.40,1732.84,1200.22,0.917
481,8.016667,0,1613.85,1194.68,1510.42,667.47,1717.28,1194.68,0.909
482,8.033333,0,1607.22,1188.46,1511.28,665.83,1703.16,1188.46,0.893
483,8.050000,0,1599.72,1189.43,1512.13,665.56,1687.32,1189.43,0.877
484,8.066667,0,1595.58,1185.46,1513.02,663.35,1678.15,1185.46,0.871
485,8.083333,0,1588.24,1177.13,1512.93,662.99,1663.56,1177.13,0.887
486,8.100000,0,1581.93,1165.24,1507.14,661.01,1656.72,1165.24,0.884
487,8.116667,0,1574.52,1152.24,1499.17,660.35,1649.87,1152.24,0.870
488,8.133333,0,1570.22,1152.69,1492.70,657.74,1647.74,1152.69,0.879
489,8.150000,0,1563.68,1150.92,1484.40,658.66,1642.96,1150.92,0.869
490,8.166667,0,1557.59,1153.48,1478.27,657.71,1636.92,1153.48,0.868
491,8.183333,0,1552.50,1161.26,1473.38,659.20,1631.61,1161.26,0.883
492,8.200000,0,1547.55,1158.28,1466.45,660.47,1628.65,1158.28,0.882
493,8.216667,0,1540.43,1156.15,1457.91,661.82,1622.95,1156.15,0.885
494,8.233333,0,1531.74,1157.99,1442.82,663.16,1620.66,1157.99,0.898
495,8.250000,0,1522.16,1158.90,1426.46,664.79,1617.86,1158.90,0.891
496,8.266667,0,1512.70,1155.62,1414.31,665.58,1611.09,1155.62,0.901
497,8.283333,0,1505.03,1158.97,1403.19,665.94,1606.87,1158.97,0.893
498,8.300000,0,1498.25,1157.92,1392.02,666.31,1604.48,1157.92,0.893
499,8.316667,0,1492.93,1159.91,1384.34,666.93,1601.53,1159.91,0.893
500,8.333333,0,1489.43,1160.50,1378.62,667.52,1600.23,1160.50,0.896
501,8.350000,0,1484.68,1161.69,1370.58,669.47,1598.78,1161.69,0.905
502,8.366667,0,1482.02,1161.49,1365.53,670.81,1598.51,1161.49,0.916
503,8.383333,0,1483.44,1161.85,1365.09,672.99,1601.79,1161.85,0.904
504,8.400000,0,1483.93,1162.15,1364.48,672.14,1603.38,1162.15,0.909
505,8.416667,0,1481.52,1160.16,1362.85,673.43,1600.19,1160.16,0.917
506,8.433333,0,1483.59,1158.29,1365.24,673.82,1601.95,1158.29,0.902
507,8.450000,0,1482.15,1160.26,1364.53,673.74,1599.77,1160.26,0.906
508,8.466667,0,1483.24,1159.24,1365.49,673.28,1600.98,1159.24,0.913
509,8.483333,0,1484.66,1153.12,1365.84,672.71,1603.47,1153.12,0.913
510,8.500000,0,1484.30,1146.92,1366.03,671.92,1602.56,1146.92,0.915
511,8.516667,0,1483.22,1144.35,1365.06,672.52,1601.38,1144.35,0.916
512,8.533333,0,1479.75,1141.63,1364.22,672.38,1595.28,1141.63,0.913
513,8.550000,0,1477.00,1142.62,1364.11,670.35,1589.89,1142.62,0.905
514,8.566667,0,1473.52,1145.40,1365.26,669.65,1581.77,1145.40,0.903
515,8.583333,0,1469.09,1138.75,1365.34,667.70,1572.84,1138.75,0.910
516,8.600000,0,1463.29,1134.00,1364.53,665.74,1562.05,1134.00,0.892
517,8.616667,0,1456.58,1130.67,1360.49,665.39,1552.66,1130.67,0.883
518,8.633333,0,1446.94,1121.17,1352.28,666.10,1541.60,1121.17,0.883
519,8.650000,0,1438.91,1118.46,1343.72,664.73,1534.10,1118.46,0.900
520,8.666667,0,1431.23,1118.43,1337.08,662.38,1525.38,1118.43,0.905
521,8.683333,0,1420.77,1111.25,1326.28,662.85,1515.26,1111.25,0.893
522,8.700000,0,1411.90,1107.64,1319.31,663.00,1504.49,1107.64,0.874
523,8.716667,0,1402.07,1103.16,1312.73,661.96,1491.41,1103.16,0.873
524,8.733333,0,1392.09,1100.79,1302.45,661.56,1481.73,1100.79,0.894
525,8.750000,0,1386.12,1093.80,1294.92,661.25,1477.33,1093.80,0.905
526,8.766667,0,1381.31,1099.59,1287.34,661.04,1475.28,1099.59,0.917
527,8.783333,0,1378.17,1099.57,1280.01,660.74,1476.33,1099.57,0.918
528,8.800000,0,1376.38,1103.64,1273.26,661.96,1479.50,1103.64,0.916
529,8.816667,0,1374.83,1104.21,1267.41,662.98,1482.25,1104.21,0.921
530,8.833333,0,1374.42,1103.66,1263.64,664.84,1485.20,1103.66,0.919
531,8.850000,0,1370.97,1103.81,1254.27,665.05,1487.67,1103.81,0.915
532,8.866667,0,1370.17,1103.89,1249.85,664.65,1490.50,1103.89,0.921
533,8.883333,0,1368.73,1102.28,1246.84,665.90,1490.62,1102.28,0.917
534,8.900000,0,1365.32,1104.50,1239.37,667.43,1491.26,1104.50,0.908
535,8.916667,0,1362.48,1109.62,1234.51,667.95,1490.44,1109.62,0.919
536,8.933333,0,1359.37,1111.69,1230.53,670.08,1488.21,1111.69,0.920
537,8.950000,0,1356.44,1110.47,1226.10,670.77,1486.78,1110.47,0.933
538,8.966667,0,1354.56,1109.72,1224.58,670.16,1484.54,1109.72,0.937
539,8.983333,0,1352.68,1108.74,1222.03,669.62,1483.34,1108.74,0.937
540,9.000000,0,1347.29,1106.28,1217.36,669.27,1477.21,1106.28,0.935
541,9.016667,0,1345.27,1104.04,1217.31,668.10,1473.23,1104.04,0.930
542,9.033333,0,1341.78,1101.67,1215.26,667.97,1468.30,1101.67,0.931
543,9.050000,0,1338.40,1101.51,1215.22,668.33,1461.58,1101.51,0.925
544,9.066667,0,1335.26,1097.04,1214.89,667.94,1455.64,1097.04,0.921
545,9.083333,0,1331.55,1093.34,1214.34,667.03,1448.75,1093.34,0.917
546,9.100000,0,1329.76,1092.61,1214.83,666.76,1444.69,1092.61,0.903
547,9.116667,0,1326.76,1094.76,1214.01,665.68,1439.52,1094.76,0.895
548,9.133333,0,1324.11,1094.38,1214.59,662.82,1433.62,1094.38,0.899
549,9.150000,0,1322.14,1090.16,1216.76,662.88,1427.52,1090.16,0.894
550,9.166667,0,1319.28,1086.90,1218.50,662.71,1420.07,1086.90,0.887
551,9.183333,0,1315.15,1084.08,1219.91,661.72,1410.39,1084.08,0.890
552,9.200000,0,1313.87,1078.43,1223.13,661.13,1404.61,1078.43,0.884
553,9.216667,0,1310.93,1075.37,1223.76,659.73,1398.10,1075.37,0.884
554,9.233333,0,1308.49,1069.83,1225.18,658.49,1391.80,1069.83,0.886
555,9.250000,0,1301.66,1061.93,1224.77,658.27,1378.54,1061.93,0.884
556,9.266667,0,1296.37,1057.34,1224.61,657.28,1368.13,1057.34,0.895
557,9.283333,0,1293.95,1055.42,1225.59,657.31,1362.32,1055.42,0.885
558,9.300000,0,1292.01,1060.03,1226.29,656.38,1357.74,1060.03,0.880
559,9.316667,0,1289.53,1056.32,1226.28,655.40,1352.77,1056.32,0.879
560,9.333333,0,1286.18,1054.18,1223.44,654.66,1348.92,1054.18,0.875
561,9.350000,0,1283.28,1050.90,1221.40,653.33,1345.15,1050.90,0.882
562,9.366667,0,1278.34,1051.63,1214.73,654.25,1341.96,1051.63,0.885
563,9.383333,0,1274.75,1052.23,1209.16,656.64,1340.34,1052.23,0.876
564,9.400000,0,1267.76,1056.19,1198.14,655.89,1337.38,1056.19,0.864
565,9.416667,0,1262.34,1054.04,1190.78,655.08,1333.89,1054.04,0.877
566,9.433333,0,1256.96,1052.18,1182.52,654.31,1331.40,1052.18,0.888
567,9.450000,0,1253.88,1052.52,1176.58,654.93,1331.18,1052.52,0.886
568,9.466667,0,1251.03,1052.22,1171.56,656.40,1330.49,1052.22,0.886
569,9.483333,0,1247.42,1053.22,1166.52,657.94,1328.33,1053.22,0.890
570,9.500000,0,1245.78,1053.74,1164.91,659.46,1326.65,1053.74,0.890
571,9.516667,0,1244.86,1053.28,1162.79,659.96,1326.92,1053.28,0.889
572,9.533333,0,1243.93,1052.08,1161.71,660.12,1326.14,1052.08,0.887
573,9.550000,0,1243.69,1051.49,1161.81,658.37,1325.56,1051.49,0.883
574,9.566667,0,1243.30,1051.77,1161.89,657.50,1324.72,1051.77,0.881
575,9.583333,0,1243.00,1050.01,1161.08,658.41,1324.93,1050.01,0.884
576,9.600000,0,1242.44,1049.29,1161.04,658.68,1323.83,1049.29,0.877
577,9.616667,0,1243.64,1048.97,1162.26,659.44,1325.03,1048.97,0.887
578,9.633333,0,1243.79,1046.06,1163.14,659.20,1324.44,1046.06,0.887
579,9.650000,0,1243.52,1043.29,1163.03,659.71,1324.01,1043.29,0.886
580,9.666667,0,1240.02,1044.75,1161.11,661.21,1318.92,1044.75,0.878
581,9.683333,0,1236.93,1045.68,1159.56,663.35,1314.30,1045.68,0.863
582,9.700000,0,1234.81,1044.76,1158.77,662.23,1310.85,1044.76,0.862
583,9.716667,0,1229.42,1042.94,1156.14,661.55,1302.71,1042.94,0.864
584,9.733333,0,1225.20,1039.13,1151.17,660.50,1299.23,1039.13,0.866
585,9.750000,0,1217.35,1035.46,1142.57,660.95,1292.13,1035.46,0.862
586,9.766667,0,1212.89,1030.73,1136.38,658.30,1289.40,1030.73,0.876
587,9.783333,0,1207.84,1028.54,1128.64,658.27,1287.05,1028.54,0.881
588,9.800000,0,1205.10,1024.39,1124.46,657.15,1285.73,1024.39,0.885
589,9.816667,0,1201.46,1022.64,1121.03,656.42,1281.89,1022.64,0.879
590,9.833333,0,1192.53,1021.10,1113.22,655.35,1271.84,1021.10,0.884
591,9.850000,0,1181.42,1023.34,1107.29,655.74,1255.55,1023.34,0.898
592,9.866667,0,1176.77,1024.03,1102.45,656.04,1251.09,1024.03,0.899
593,9.883333,0,1173.50,1026.22,1098.38,656.49,1248.62,1026.22,0.904
594,9.900000,0,1169.83,1026.55,1093.32,656.85,1246.34,1026.55,0.911
595,9.916667,0,1167.45,1026.61,1091.14,656.46,1243.75,1026.61,0.916
596,9.933333,0,1164.88,1026.47,1086.80,657.00,1242.95,1026.47,0.922
597,9.950000,0,1162.17,1023.44,1082.11,657.91,1242.23,1023.44,0.913
598,9.966667,0,1158.91,1022.18,1076.58,659.95,1241.24,1022.18,0.900
599,9.983333,0,1158.33,1026.27,1073.52,660.73,1243.14,1026.27,0.903
600,10.000000,0,1157.87,1024.36,1071.32,662.51,1244.43,1024.36,0.901
601,10.016667,0,1156.97,1025.68,1069.76,663.86,1244.17,1025.68,0.906
602,10.033333,0,1156.50,1024.12,1066.62,663.24,1246.37,1024.12,0.910
603,10.050000,0,1156.84,1028.57,1066.24,665.10,1247.43,1028.57,0.910
604,10.066667,0,1154.66,1024.11,1061.58,665.43,1247.73,1024.11,0.905
605,10.083333,0,1155.04,1026.87,1061.65,665.24,1248.44,1026.87,0.898
606,10.100000,0,1152.77,1026.49,1058.64,665.84,1246.91,1026.49,0.911
607,10.116667,0,1150.54,1024.18,1056.49,665.66,1244.59,1024.18,0.910
608,10.133333,0,1148.27,1022.71,1055.38,665.25,1241.15,1022.71,0.917
609,10.150000,0,1146.09,1021.40,1055.19,664.00,1236.99,1021.40,0.921
610,10.166667,0,1143.13,1018.96,1052.48,663.13,1233.78,1018.96,0.915
611,10.183333,0,1141.09,1019.18,1052.10,663.73,1230.09,1019.18,0.916
612,10.200000,0,1139.57,1016.67,1051.65,664.43,1227.49,1016.67,0.914
613,10.216667,0,1136.79,1015.00,1050.44,665.78,1223.14,1015.00,0.907
614,10.233333,0,1133.29,1016.03,1049.81,664.07,1216.76,1016.03,0.894
615,10.250000,0,1131.85,1014.69,1050.08,664.18,1213.63,1014.69,0.889
616,10.266667,0,1130.75,1013.32,1051.04,663.19,1210.46,1013.32,0.893
617,10.283333,0,1128.70,1012.42,1051.41,659.90,1205.98,1012.42,0.888
618,10.300000,0,1126.43,1005.47,1051.04,658.99,1201.81,1005.47,0.887
619,10.316667,0,1125.53,1002.90,1051.80,658.51,1199.26,1002.90,0.883
620,10.333333,0,1123.54,994.32,1053.79,657.34,1193.30,994.32,0.865
621,10.350000,0,1122.71,986.76,1055.11,657.95,1190.32,986.76,0.882
622,10.366667,0,1120.50,986.46,1055.34,657.72,1185.66,986.46,0.883
623,10.383333,0,1118.40,989.83,1056.37,656.68,1180.44,989.83,0.884
624,10.400000,0,1115.57,986.11,1057.10,654.71,1174.04,986.11,0.868
625,10.416667,0,1115.09,989.44,1059.17,653.68,1171.01,989.44,0.868
626,10.433333,0,1113.35,988.19,1058.96,650.66,1167.73,988.19,0.851
627,10.450000,0,1111.42,989.39,1056.81,649.23,1166.04,989.39,0.854
628,10.466667,0,1110.18,991.22,1056.15,649.61,1164.22,991.22,0.855
629,10.483333,0,1107.54,989.56,1053.87,650.89,1161.21,989.56,0.857
630,10.500000,0,1106.35,984.14,1051.97,650.70,1160.72,984.14,0.857
631,10.516667,0,1103.53,983.79,1049.22,650.30,1157.84,983.79,0.865
632,10.533333,0,1101.21,985.48,1047.27,651.07,1155.15,985.48,0.868
633,10.550000,0,1099.22,985.29,1044.27,651.12,1154.17,985.29,0.867
634,10.566667,0,1095.37,985.57,1038.13,652.77,1152.62,985.57,0.877
635,10.583333,0,1092.05,985.20,1033.66,654.36,1150.45,985.20,0.862
636,10.600000,0,1090.19,988.37,1030.42,654.30,1149.96,988.37,0.858
637,10.616667,0,1088.84,988.75,1029.39,654.88,1148.29,988.75,0.872
638,10.633333,0,1088.49,988.55,1029.14,655.05,1147.84,988.55,0.867
639,10.650000,0,1087.71,987.03,1028.76,655.44,1146.65,987.03,0.869
640,10.666667,0,1087.70,987.12,1028.54,656.62,1146.85,987.12,0.866
641,10.683333,0,1086.83,987.36,1028.71,657.56,1144.96,987.36,0.864
642,10.700000,0,1087.38,988.18,1029.66,657.82,1145.11,988.18,0.855
643,10.716667,0,1087.46,988.13,1030.65,657.50,1144.26,988.13,0.848
644,10.733333,0,1087.64,988.73,1031.66,658.65,1143.63,988.73,0.849
645,10.750000,0,1087.59,988.39,1030.69,657.98,1144.50,988.39,0.855
646,10.766667,0,1087.75,987.90,1030.08,658.86,1145.42,987.90,0.860
647,10.783333,0,1088.77,986.00,1028.63,658.98,1148.92,986.00,0.866
648,10.800000,0,1089.59,983.75,1027.32,658.03,1151.87,983.75,0.862
649,10.816667,0,1086.88,984.78,1024.40,658.78,1149.37,984.78,0.867
650,10.833333,0,1084.08,983.81,1019.31,658.85,1148.85,983.81,0.857
651,10.850000,0,1081.60,982.21,1015.73,658.50,1147.47,982.21,0.852
652,10.866667,0,1080.00,982.50,1012.41,658.46,1147.59,982.50,0.859
653,10.883333,0,1075.92,979.73,1006.83,657.03,1145.01,979.73,0.852
654,10.900000,0,1072.83,977.29,1002.21,657.17,1143.45,977.29,0.853
655,10.916667,0,1064.62,972.67,999.24,656.16,1130.01,972.67,0.823
656,10.933333,0,1056.02,970.67,994.87,655.80,1117.17,970.67,0.843
657,10.950000,0,1050.91,967.15,989.40,655.03,1112.41,967.15,0.867
658,10.966667,0,1045.95,962.90,987.06,653.87,1104.85,962.90,0.880
659,10.983333,0,1044.07,960.42,984.48,652.71,1103.65,960.42,0.881
660,11.000000,0,1042.29,959.64,981.90,652.49,1102.68,959.64,0.884
661,11.016667,0,1040.28,961.10,978.43,651.87,1102.13,961.10,0.888
662,11.033333,0,1038.42,961.57,975.91,651.09,1100.93,961.57,0.889
663,11.050000,0,1037.09,961.94,973.79,650.57,1100.39,961.94,0.893
664,11.066667,0,1035.99,961.41,971.33,650.95,1100.64,961.41,0.892
665,11.083333,0,1034.88,961.39,968.28,650.90,1101.48,961.39,0.894
666,11.100000,0,1033.17,961.34,964.16,652.36,1102.18,961.34,0.900
667,11.116667,0,1032.03,960.66,961.98,653.57,1102.08,960.66,0.901
668,11.133333,0,1031.08,960.98,959.78,654.23,1102.38,960.98,0.903
669,11.150000,0,1030.60,959.41,958.90,654.64,1102.30,959.41,0.904
670,11.166667,0,1030.80,957.30,957.63,654.53,1103.97,957.30,0.900
671,11.183333,0,1029.43,954.65,954.28,655.83,1104.57,954.65,0.900
672,11.200000,0,1028.61,957.72,952.25,657.48,1104.98,957.72,0.897
673,11.216667,0,1026.98,961.86,949.98,657.37,1103.99,961.86,0.894
674,11.233333,0,1025.28,954.59,948.34,657.69,1102.21,954.59,0.898
675,11.250000,0,1023.14,958.28,946.92,658.98,1099.36,958.28,0.898
676,11.266667,0,1021.03,958.90,944.48,657.55,1097.57,958.90,0.900
677,11.283333,0,1019.69,959.69,942.91,657.05,1096.47,959.69,0.890
678,11.300000,0,1018.02,958.09,942.32,656.02,1093.72,958.09,0.886
679,11.316667,0,1016.85,957.90,942.68,655.45,1091.02,957.90,0.881
680,11.333333,0,1016.18,957.99,941.43,654.47,1090.94,957.99,0.888
681,11.350000,0,1014.81,954.54,941.59,652.00,1088.03,954.54,0.892
682,11.366667,0,1013.03,953.37,941.78,650.55,1084.28,953.37,0.896
683,11.383333,0,1011.20,951.03,940.96,650.56,1081.44,951.03,0.904
684,11.400000,0,1010.87,948.20,941.54,646.99,1080.20,948.20,0.899
685,11.416667,0,1009.39,945.26,941.85,646.40,1076.92,945.26,0.879
686,11.433333,0,1007.73,942.93,942.53,645.06,1072.93,942.93,0.874
687,11.450000,0,1005.97,941.70,942.41,644.41,1069.52,941.70,0.878
688,11.466667,0,1003.30,939.57,942.51,644.56,1064.08,939.57,0.866
689,11.483333,0,1001.20,938.05,942.82,644.68,1059.58,938.05,0.863
690,11.500000,0,1000.79,927.90,945.27,644.55,1056.32,927.90,0.872
691,11.516667,0,998.38,923.19,944.42,641.54,1052.34,923.19,0.875
692,11.533333,0,997.45,926.67,944.89,640.07,1050.01,926.67,0.877
693,11.550000,0,995.87,928.91,945.60,639.27,1046.15,928.91,0.878
694,11.566667,0,995.13,928.35,946.85,637.98,1043.42,928.35,0.883
695,11.583333,0,995.33,929.83,947.87,638.07,1042.78,929.83,0.885
696,11.600000,0,993.19,929.41,946.66,637.35,1039.72,929.41,0.890
697,11.616667,0,991.86,928.66,946.07,638.30,1037.65,928.66,0.880
698,11.633333,0,990.25,926.19,944.79,638.62,1035.70,926.19,0.866
699,11.650000,0,989.13,925.22,943.31,637.91,1034.95,925.22,0.845
700,11.666667,0,988.49,925.46,942.83,638.17,1034.16,925.46,0.849
701,11.683333,0,984.81,924.10,939.90,639.73,1029.72,924.10,0.854
702,11.700000,0,982.54,926.40,936.37,641.35,1028.71,926.40,0.853
703,11.716667,0,980.20,927.03,933.24,642.05,1027.15,927.03,0.849
704,11.733333,0,978.99,928.60,930.76,643.63,1027.22,928.60,0.856
705,11.750000,0,977.48,930.72,927.50,644.14,1027.45,930.72,0.842
706,11.766667,0,977.17,931.22,926.64,644.19,1027.69,931.22,0.838
707,11.783333,0,976.42,933.37,925.14,643.81,1027.70,933.37,0.833
708,11.800000,0,976.98,932.75,925.91,645.50,1028.05,932.75,0.839
709,11.816667,0,976.35,933.08,926.53,647.37,1026.18,933.08,0.831
710,11.833333,0,975.73,932.77,927.05,648.32,1024.41,932.77,0.835
711,11.850000,0,974.72,931.86,926.37,645.91,1023.07,931.86,0.836
712,11.866667,0,974.99,931.55,926.51,645.79,1023.48,931.55,0.840
713,11.883333,0,974.94,931.67,926.32,648.04,1023.56,931.67,0.837
714,11.900000,0,975.06,931.33,924.58,646.83,1025.55,931.33,0.839
715,11.916667,0,975.07,928.86,923.47,645.84,1026.67,928.86,0.842
716,11.933333,0,974.24,927.90,923.03,644.66,1025.44,927.90,0.845
717,11.950000,0,973.39,927.81,921.31,645.34,1025.48,927.81,0.837
718,11.966667,0,975.30,924.24,920.07,644.08,1030.53,924.24,0.804
719,11.983333,0,973.55,925.23,918.51,644.65,1028.59,925.23,0.807
720,12.000000,0,975.14,921.89,915.44,643.36,1034.84,921.89,0.799
721,12.016667,0,962.14,918.25,912.15,643.59,1012.13,918.25,0.808
722,12.033333,0,958.48,915.13,909.88,644.25,1007.07,915.13,0.829
723,12.050000,0,954.45,914.91,903.84,642.68,1005.05,914.91,0.849
724,12.066667,0,949.30,913.14,900.37,643.23,998.24,913.14,0.860
725,12.083333,0,948.54,911.43,898.40,641.86,998.68,911.43,0.871
726,12.100000,0,947.08,911.67,896.07,641.39,998.09,911.67,0.873
727,12.116667,0,945.25,910.88,893.57,639.08,996.92,910.88,0.868
728,12.133333,0,942.91,909.42,888.53,637.76,997.30,909.42,0.863
729,12.150000,0,942.15,908.09,887.15,637.70,997.15,908.09,0.872
730,12.166667,0,941.52,909.32,884.20,637.87,998.84,909.32,0.876
731,12.183333,0,940.13,910.09,880.84,638.16,999.42,910.09,0.883
732,12.200000,0,939.06,910.61,878.04,638.53,1000.07,910.61,0.886
733,12.216667,0,939.12,908.64,875.95,639.25,1002.30,908.64,0.887
734,12.233333,0,939.47,907.59,875.32,637.64,1003.61,907.59,0.888
735,12.250000,0,938.35,907.44,872.66,636.84,1004.03,907.44,0.885
736,12.266667,0,938.34,907.13,871.51,634.84,1005.17,907.13,0.885
737,12.283333,0,935.88,905.08,866.36,635.88,1005.41,905.08,0.890
738,12.300000,0,934.79,900.60,864.71,636.65,1004.88,900.60,0.882
739,12.316667,0,934.07,904.80,862.63,634.70,1005.52,904.80,0.881
740,12.333333,0,933.94,905.21,861.82,634.90,1006.07,905.21,0.880
741,12.350000,0,933.68,905.70,861.12,636.06,1006.24,905.70,0.867
742,12.366667,0,933.17,906.71,860.30,637.82,1006.05,906.71,0.866
743,12.383333,0,932.66,906.50,860.22,636.30,1005.10,906.50,0.863
744,12.400000,0,931.90,906.13,858.70,636.97,1005.11,906.13,0.868
745,12.416667,0,931.41,907.02,858.41,638.01,1004.42,907.02,0.867
746,12.433333,0,931.35,907.83,860.03,638.40,1002.67,907.83,0.866
747,12.450000,0,930.72,907.59,860.67,638.63,1000.77,907.59,0.867
748,12.466667,0,930.63,906.53,861.62,640.38,999.64,906.53,0.867
749,12.483333,0,930.94,905.01,862.65,640.96,999.24,905.01,0.874
750,12.500000,0,929.92,899.81,863.52,641.45,996.32,899.81,0.868
751,12.516667,0,930.48,903.86,863.93,640.65,997.04,903.86,0.869
752,12.533333,0,930.85,904.92,865.46,641.35,996.24,904.92,0.872
753,12.550000,0,929.48,890.30,865.43,640.71,993.53,890.30,0.854
754,12.566667,0,928.95,900.13,867.36,638.83,990.54,900.13,0.843
755,12.583333,0,927.76,903.85,868.78,637.73,986.73,903.85,0.851
756,12.600000,0,926.40,902.38,868.91,637.59,983.89,902.38,0.881
757,12.616667,0,926.59,901.49,871.20,635.17,981.99,901.49,0.878
758,12.633333,0,927.63,900.38,874.24,634.92,981.02,900.38,0.882
759,12.650000,0,926.13,894.80,873.02,633.99,979.23,894.80,0.873
760,12.666667,0,925.13,890.93,874.34,632.23,975.92,890.93,0.861
761,12.683333,0,923.83,891.76,875.10,632.38,972.57,891.76,0.859
762,12.700000,0,921.96,889.39,874.82,631.82,969.09,889.39,0.855
763,12.716667,0,919.97,888.62,873.43,630.60,966.51,888.62,0.846
764,12.733333,0,918.80,886.26,875.08,631.50,962.51,886.26,0.843
765,12.750000,0,917.59,884.99,875.03,632.69,960.15,884.99,0.846
766,12.766667,0,916.67,883.77,874.35,632.59,958.99,883.77,0.845
767,12.783333,0,916.19,882.94,875.21,632.14,957.17,882.94,0.839
768,12.800000,0,916.57,883.46,876.08,633.90,957.05,883.46,0.839
769,12.816667,0,916.34,882.99,875.58,633.62,957.11,882.99,0.833
770,12.833333,0,916.25,882.56,875.57,633.64,956.93,882.56,0.828
771,12.850000,0,915.82,882.38,875.36,633.60,956.28,882.38,0.829
772,12.866667,0,913.87,880.63,874.63,633.92,953.12,880.63,0.818
773,12.883333,0,911.92,880.33,872.82,634.23,951.02,880.33,0.807
774,12.900000,0,909.61,881.08,871.22,633.64,948.00,881.08,0.815
775,12.916667,0,909.37,882.14,870.65,635.52,948.08,882.14,0.819
776,12.933333,0,909.20,882.07,870.98,634.41,947.43,882.07,0.825
777,12.950000,0,910.84,882.88,871.54,634.41,950.14,882.88,0.826
778,12.966667,0,910.49,883.81,872.25,635.30,948.73,883.81,0.823
779,12.983333,0,910.61,884.62,871.69,635.81,949.53,884.62,0.829
780,13.000000,0,908.81,884.71,869.47,635.06,948.14,884.71,0.835
781,13.016667,0,907.60,885.94,866.97,634.39,948.23,885.94,0.851
782,13.033333,0,906.94,884.25,866.09,634.47,947.78,884.25,0.846
783,13.050000,0,907.09,882.79,864.63,634.17,949.56,882.79,0.855
784,13.066667,0,904.53,878.32,862.32,634.86,946.74,878.32,0.854
785,13.083333,0,905.76,879.61,861.75,633.89,949.77,879.61,0.856
786,13.100000,0,903.31,878.49,859.47,633.88,947.15,878.49,0.838
787,13.116667,0,902.32,880.49,855.16,634.07,949.47,880.49,0.857
788,13.133333,0,899.28,880.08,851.05,633.18,947.51,880.08,0.856
789,13.150000,0,894.92,878.50,845.77,631.87,944.07,878.50,0.869
790,13.166667,0,890.52,877.58,839.63,631.50,941.42,877.58,0.870
791,13.183333,0,888.19,876.96,837.19,632.02,939.18,876.96,0.871
792,13.200000,0,884.16,874.96,833.38,631.91,934.95,874.96,0.866
793,13.216667,0,879.14,872.52,828.56,633.32,929.72,872.52,0.857
794,13.233333,0,877.28,869.96,826.97,632.92,927.59,869.96,0.863
795,13.250000,0,876.29,868.37,825.91,632.20,926.68,868.37,0.868
796,13.266667,0,873.63,867.83,822.27,631.94,924.99,867.83,0.867
797,13.283333,0,871.26,867.41,818.78,630.84,923.73,867.41,0.868
798,13.300000,0,870.18,868.71,817.41,631.24,922.95,868.71,0.868
799,13.316667,0,869.43,870.17,815.56,632.38,923.30,870.17,0.877
800,13.333333,0,868.58,870.24,813.23,632.63,923.92,870.24,0.878
801,13.350000,0,869.54,870.70,812.21,633.07,926.88,870.70,0.878
802,13.366667,0,867.76,869.15,809.33,632.18,926.19,869.15,0.868
803,13.383333,0,868.17,870.56,808.51,631.97,927.83,870.56,0.872
804,13.400000,0,868.66,869.78,808.40,631.93,928.92,869.78,0.869
805,13.416667,0,868.79,868.19,808.51,632.09,929.08,868.19,0.862
806,13.433333,0,867.56,870.12,806.52,632.62,928.61,870.12,0.867
807,13.450000,0,867.36,870.52,805.95,631.69,928.77,870.52,0.861
808,13.466667,0,867.14,868.37,805.67,632.97,928.61,868.37,0.860
809,13.483333,0,867.57,867.37,806.10,633.52,929.05,867.37,0.862
810,13.500000,0,867.00,865.24,805.46,635.41,928.55,865.24,0.860
811,13.516667,0,866.33,864.70,804.75,635.94,927.90,864.70,0.858
812,13.533333,0,866.33,866.17,805.86,637.69,926.81,866.17,0.857
813,13.550000,0,866.03,869.88,804.99,639.02,927.07,869.88,0.852
814,13.566667,0,866.08,872.19,804.88,638.24,927.29,872.19,0.866
815,13.583333,0,863.86,872.92,803.10,637.87,924.63,872.92,0.858
816,13.600000,0,863.43,873.62,802.78,637.75,924.09,873.62,0.859
817,13.616667,0,862.72,872.29,802.74,637.92,922.69,872.29,0.859
818,13.633333,0,864.05,871.34,806.49,637.63,921.61,871.34,0.853
819,13.650000,0,863.93,867.50,806.48,638.71,921.38,867.50,0.848
820,13.666667,0,864.19,866.50,808.13,638.18,920.25,866.50,0.838
821,13.683333,0,863.82,867.31,809.35,637.46,918.29,867.31,0.840
822,13.700000,0,862.93,865.55,809.28,636.96,916.59,865.55,0.834
823,13.716667,0,861.71,867.45,810.33,635.94,913.09,867.45,0.832
824,13.733333,0,861.29,865.90,810.69,635.32,911.89,865.90,0.845
825,13.750000,0,859.56,864.95,810.62,635.82,908.50,864.95,0.849
826,13.766667,0,859.22,862.42,811.11,635.80,907.33,862.42,0.847
827,13.783333,0,858.14,862.31,811.33,635.35,904.96,862.31,0.844
828,13.800000,0,856.41,861.81,811.46,635.31,901.37,861.81,0.845
829,13.816667,0,856.42,860.95,814.50,634.85,898.33,860.95,0.852
830,13.833333,0,854.59,860.66,813.96,633.52,895.22,860.66,0.850
831,13.850000,0,851.83,860.76,812.22,633.27,891.44,860.76,0.841
832,13.866667,0,850.62,860.27,811.94,633.39,889.31,860.27,0.841
833,13.883333,0,849.77,862.19,812.14,632.80,887.40,862.19,0.843
834,13.900000,0,849.37,861.00,812.47,633.47,886.27,861.00,0.839
835,13.916667,0,848.48,859.29,812.37,633.88,884.59,859.29,0.852
836,13.933333,0,848.16,858.93,811.63,633.54,884.68,858.93,0.851
837,13.950000,0,846.95,859.54,810.40,633.30,883.50,859.54,0.841
838,13.966667,0,845.33,860.73,807.94,633.50,882.72,860.73,0.842
839,13.983333,0,843.43,861.39,806.56,634.91,880.30,861.39,0.832
840,14.000000,0,842.47,859.43,804.53,637.38,880.41,859.43,0.821
841,14.016667,0,839.48,860.85,801.78,637.13,877.19,860.85,0.831
842,14.033333,0,837.84,861.67,799.61,639.10,876.08,861.67,0.848
843,14.050000,0,836.05,863.02,797.36,640.51,874.73,863.02,0.836
844,14.066667,0,833.57,863.07,795.05,643.46,872.09,863.07,0.841
845,14.083333,0,832.59,863.86,796.05,643.48,869.12,863.86,0.831
846,14.100000,0,832.35,865.13,795.21,644.54,869.50,865.13,0.842
847,14.116667,0,832.37,865.63,795.27,647.80,869.46,865.63,0.838
848,14.133333,0,831.98,865.64,794.83,648.73,869.13,865.64,0.838
849,14.150000,0,831.73,865.58,794.72,649.74,868.75,865.58,0.848
850,14.166667,0,830.21,864.57,792.87,650.13,867.54,864.57,0.828
851,14.183333,0,828.43,865.22,790.41,651.82,866.46,865.22,0.821
852,14.200000,0,828.31,866.76,790.53,651.69,866.09,866.76,0.834
853,14.216667,0,827.09,868.09,787.15,651.22,867.03,868.09,0.818
854,14.233333,0,823.60,866.65,783.35,651.57,863.86,866.65,0.803
855,14.250000,0,821.31,867.53,780.41,650.86,862.22,867.53,0.783
856,14.266667,0,822.23,867.68,778.54,649.92,865.92,867.68,0.808
857,14.283333,0,820.46,868.96,776.29,649.45,864.64,868.96,0.819
858,14.300000,0,819.07,868.63,774.59,649.93,863.55,868.63,0.823
859,14.316667,0,816.45,868.29,772.84,648.71,860.06,868.29,0.827
860,14.333333,0,811.18,867.67,766.45,649.79,855.91,867.67,0.839
861,14.350000,0,810.00,868.75,765.53,648.22,854.47,868.75,0.833
862,14.366667,0,807.79,867.87,763.01,648.48,852.58,867.87,0.845
863,14.383333,0,805.90,866.45,761.61,648.80,850.19,866.45,0.855
864,14.400000,0,804.00,863.66,759.55,647.96,848.46,863.66,0.852
865,14.416667,0,803.31,863.16,758.33,647.34,848.28,863.16,0.860
866,14.433333,0,801.87,862.92,755.57,647.58,848.17,862.92,0.865
867,14.450000,0,802.05,863.62,755.61,647.04,848.48,863.62,0.865
868,14.466667,0,802.06,864.78,754.62,645.76,849.49,864.78,0.870
869,14.483333,0,801.25,863.37,752.47,645.60,850.03,863.37,0.869
870,14.500000,0,802.30,858.29,754.09,644.85,850.52,858.29,0.870
871,14.516667,0,802.56,858.10,752.48,643.86,852.63,858.10,0.872
872,14.533333,0,800.80,858.67,749.29,644.11,852.30,858.67,0.875
873,14.550000,0,801.43,856.50,750.03,644.56,852.84,856.50,0.876
874,14.566667,0,801.30,858.52,749.59,644.34,853.02,858.52,0.875
875,14.583333,0,801.45,858.37,749.77,644.68,853.14,858.37,0.870
876,14.600000,0,800.79,857.10,747.97,644.20,853.60,857.10,0.878
877,14.616667,0,800.52,855.47,747.38,644.01,853.66,855.47,0.880
878,14.633333,0,799.80,855.08,746.74,643.81,852.87,855.08,0.872
879,14.650000,0,797.72,856.57,744.24,643.82,851.19,856.57,0.869
880,14.666667,0,797.49,857.10,743.82,643.86,851.17,857.10,0.869
881,14.683333,0,797.21,857.31,743.39,643.87,851.04,857.31,0.869
882,14.700000,0,797.31,856.98,743.43,644.52,851.18,856.98,0.881
883,14.716667,0,796.22,853.71,742.82,643.34,849.62,853.71,0.869
884,14.733333,0,795.74,854.91,743.33,643.27,848.16,854.91,0.859
885,14.750000,0,793.74,853.68,741.97,643.74,845.50,853.68,0.870
886,14.766667,0,792.28,852.38,742.26,643.35,842.30,852.38,0.881
887,14.783333,0,791.63,852.32,740.71,642.16,842.55,852.32,0.880
888,14.800000,0,789.36,848.43,739.99,641.99,838.74,848.43,0.875
889,14.816667,0,789.30,845.67,738.76,641.63,839.84,845.67,0.881
890,14.833333,0,788.79,847.41,739.33,641.31,838.26,847.41,0.890
891,14.850000,0,788.37,847.57,739.01,641.10,837.73,847.57,0.886
892,14.866667,0,787.51,847.93,739.10,640.94,835.93,847.93,0.883
893,14.883333,0,786.12,844.47,738.74,639.29,833.49,844.47,0.871
894,14.900000,0,785.46,842.70,738.80,639.06,832.13,842.70,0.863
895,14.916667,0,784.28,844.07,738.57,638.84,829.99,844.07,0.866
896,14.933333,0,783.31,844.40,740.70,637.37,825.92,844.40,0.860
897,14.950000,0,781.73,846.11,740.15,637.29,823.30,846.11,0.855
898,14.966667,0,781.60,848.64,742.68,639.25,820.51,848.64,0.861
899,14.983333,0,779.81,846.13,741.47,637.92,818.15,846.13,0.839
900,15.000000,0,778.47,845.37,741.50,639.84,815.43,845.37,0.839
901,15.016667,0,774.93,844.95,737.15,639.90,812.70,844.95,0.837
902,15.033333,0,774.78,844.73,737.98,641.12,811.57,844.73,0.846
903,15.050000,0,774.60,845.06,738.85,642.37,810.35,845.06,0.854
904,15.066667,0,774.47,844.59,739.06,641.90,809.87,844.59,0.852
905,15.083333,0,775.15,843.40,739.89,641.57,810.41,843.40,0.843
906,15.100000,0,775.83,843.72,740.87,642.21,810.79,843.72,0.835
907,15.116667,0,775.08,844.69,739.71,643.78,810.45,844.69,0.842
908,15.133333,0,774.52,844.45,739.83,644.80,809.20,844.45,0.845
909,15.150000,0,772.78,845.55,740.06,645.35,805.50,845.55,0.837
910,15.166667,0,771.62,847.52,739.41,646.00,803.82,847.52,0.841
911,15.183333,0,770.20,850.25,737.63,645.52,802.76,850.25,0.825
912,15.200000,0,769.38,850.00,737.27,645.10,801.49,850.00,0.810
913,15.216667,0,768.58,848.26,736.42,644.71,800.74,848.26,0.804
914,15.233333,0,768.07,848.51,736.03,643.84,800.11,848.51,0.787
915,15.250000,0,768.41,847.91,736.63,644.58,800.19,847.91,0.786
916,15.266667,0,767.20,848.81,735.70,645.46,798.70,848.81,0.801
917,15.283333,0,766.88,849.39,736.25,645.87,797.52,849.39,0.807
918,15.300000,0,765.96,851.02,735.16,646.91,796.76,851.02,0.806
919,15.316667,0,765.30,852.19,734.00,648.63,796.60,852.19,0.816
920,15.333333,0,763.77,853.62,732.05,648.36,795.49,853.62,0.807
921,15.350000,0,763.31,851.56,730.48,646.83,796.13,851.56,0.807
922,15.366667,0,762.60,850.89,729.36,647.05,795.84,850.89,0.800
923,15.383333,0,760.91,849.40,727.28,645.72,794.53,849.40,0.798
924,15.400000,0,760.08,846.00,726.72,645.57,793.43,846.00,0.805
925,15.416667,0,759.33,843.55,724.79,646.81,793.87,843.55,0.814
926,15.433333,0,757.49,840.36,723.77,646.49,791.21,840.36,0.786
927,15.450000,0,755.84,839.54,720.00,645.49,791.69,839.54,0.829
928,15.466667,0,753.92,840.62,715.48,645.06,792.37,840.62,0.811
929,15.483333,0,751.51,840.85,712.29,644.64,790.73,840.85,0.833
930,15.500000,0,749.03,839.89,709.86,643.65,788.20,839.89,0.826
931,15.516667,0,749.04,840.73,710.17,642.48,787.90,840.73,0.827
932,15.533333,0,747.49,839.60,708.45,640.01,786.52,839.60,0.839
933,15.550000,0,745.91,837.81,705.93,639.17,785.90,837.81,0.858
934,15.566667,0,744.31,836.55,702.90,637.87,785.72,836.55,0.856
935,15.583333,0,743.24,833.13,701.57,637.60,784.92,833.13,0.856
936,15.600000,0,740.45,831.43,697.78,637.02,783.12,831.43,0.853
937,15.616667,0,738.31,831.14,694.64,636.20,781.97,831.14,0.856
938,15.633333,0,737.53,829.76,694.21,635.46,780.85,829.76,0.867
939,15.650000,0,736.59,828.55,693.15,635.39,780.04,828.55,0.868
940,15.666667,0,737.28,828.05,692.16,635.83,782.41,828.05,0.867
941,15.683333,0,737.48,828.35,691.76,635.08,783.20,828.35,0.868
942,15.700000,0,736.62,827.50,689.07,635.12,784.17,827.50,0.863
943,15.716667,0,736.68,827.79,688.44,634.85,784.92,827.79,0.868
944,15.733333,0,737.04,829.53,687.73,635.39,786.36,829.53,0.867
945,15.750000,0,735.49,826.10,685.65,633.50,785.34,826.10,0.864
946,15.766667,0,733.99,826.24,684.17,634.58,783.80,826.24,0.869
947,15.783333,0,734.05,828.38,683.44,633.51,784.66,828.38,0.881
948,15.800000,0,732.10,827.25,680.81,634.88,783.39,827.25,0.869
949,15.816667,0,729.64,828.33,679.16,635.18,780.12,828.33,0.864
950,15.833333,0,729.52,827.51,678.95,635.84,780.08,827.51,0.862
951,15.850000,0,730.33,827.48,680.19,637.14,780.47,827.48,0.852
952,15.866667,0,730.95,827.43,680.61,637.84,781.28,827.43,0.848
953,15.883333,0,730.95,828.72,680.84,639.04,781.06,828.72,0.848
954,15.900000,0,730.66,831.57,680.66,639.22,780.66,831.57,0.841
955,15.916667,0,729.87,830.27,680.45,640.23,779.29,830.27,0.850
956,15.933333,0,729.43,828.92,679.76,640.78,779.10,828.92,0.848
957,15.950000,0,728.63,828.89,679.89,641.13,777.38,828.89,0.841
958,15.966667,0,728.15,826.57,680.28,641.81,776.03,826.57,0.835
959,15.983333,0,728.14,826.34,681.14,641.74,775.14,826.34,0.837
960,16.000000,0,728.72,821.88,681.69,641.40,775.76,821.88,0.835
961,16.016667,0,728.43,823.75,681.17,639.91,775.70,823.75,0.837
962,16.033333,0,728.37,825.55,682.79,639.28,773.95,825.55,0.840
963,16.050000,0,728.57,829.66,684.54,638.59,772.61,829.66,0.845
964,16.066667,0,729.02,831.06,685.30,639.21,772.73,831.06,0.847
965,16.083333,0,727.58,829.19,686.02,639.46,769.13,829.19,0.840
966,16.100000,0,727.98,826.19,687.03,640.31,768.92,826.19,0.831
967,16.116667,0,728.03,824.12,687.70,639.02,768.36,824.12,0.820
968,16.133333,0,728.66,826.28,689.45,635.88,767.88,826.28,0.831
969,16.150000,0,728.39,824.10,690.48,635.27,766.29,824.10,0.821
970,16.166667,0,728.01,822.56,690.66,634.49,765.35,822.56,0.823
971,16.183333,0,726.89,823.19,691.52,634.39,762.26,823.19,0.822
972,16.200000,0,727.54,821.71,692.98,634.11,762.10,821.71,0.814
973,16.216667,0,726.59,822.99,693.10,632.70,760.08,822.99,0.806
974,16.233333,0,726.40,819.16,693.53,633.66,759.27,819.16,0.804
975,16.250000,0,725.79,820.95,693.98,634.70,757.60,820.95,0.589
976,16.266667,0,725.08,820.73,693.32,634.08,756.83,820.73,0.788
977,16.283333,0,723.47,818.15,692.64,632.91,754.30,818.15,0.480
978,16.300000,0,722.08,817.04,691.73,632.12,752.43,817.04,0.641
979,16.316667,0,721.83,817.33,691.22,631.69,752.43,817.33,0.763
980,16.333333,0,722.08,818.88,692.01,632.73,752.15,818.88,0.760
981,16.350000,0,721.42,818.24,691.65,632.92,751.19,818.24,0.795
982,16.366667,0,720.72,817.88,691.45,633.43,750.00,817.88,0.787
983,16.383333,0,720.07,817.51,691.24,634.06,748.90,817.51,0.778
984,16.400000,0,719.34,817.74,690.86,635.32,747.83,817.74,0.783
985,16.416667,0,718.82,817.38,690.46,637.21,747.18,817.38,0.804
986,16.433333,0,717.76,818.31,688.84,638.89,746.68,818.31,0.801
987,16.450000,0,717.38,819.39,688.56,636.62,746.20,819.39,0.797
988,16.466667,0,718.14,818.97,689.46,639.54,746.82,818.97,0.809
989,16.483333,0,718.00,819.38,688.96,639.85,747.05,819.38,0.822
990,16.500000,0,718.15,819.86,689.23,639.60,747.08,819.86,0.826
991,16.516667,0,718.57,820.42,689.79,641.11,747.36,820.42,0.834
992,16.533333,0,716.91,822.70,687.78,641.04,746.03,822.70,0.816
993,16.550000,0,715.28,823.56,686.28,641.39,744.28,823.56,0.816
994,16.566667,0,713.73,823.23,682.49,641.98,744.96,823.23,0.806
995,16.583333,0,714.08,821.15,684.00,642.13,744.15,821.15,0.636
996,16.600000,0,711.72,819.41,680.70,642.18,742.74,819.41,0.574
997,16.616667,0,711.54,818.52,681.06,640.24,742.01,818.52,0.549
998,16.633333,0,711.14,820.92,678.07,639.52,744.21,820.92,0.805
999,16.650000,0,711.20,819.20,677.68,639.66,744.71,819.20,0.771
1000,16.666667,0,709.47,817.55,677.77,639.08,741.16,817.55,0.789
1001,16.683333,0,707.79,817.95,675.15,638.91,740.42,817.95,0.797
1002,16.700000,0,706.54,817.16,671.79,639.16,741.29,817.16,0.797
1003,16.716667,0,704.85,815.28,670.01,636.75,739.69,815.28,0.805
1004,16.733333,0,702.15,815.56,665.53,636.64,738.78,815.56,0.821
1005,16.750000,0,700.97,814.93,663.69,639.59,738.26,814.93,0.830
1006,16.766667,0,700.36,815.05,662.27,638.85,738.45,815.05,0.834
1007,16.783333,0,700.15,815.49,661.77,637.87,738.53,815.49,0.836
1008,16.800000,0,699.78,815.57,661.12,637.02,738.44,815.57,0.835
1009,16.816667,0,698.21,814.97,659.63,635.21,736.78,814.97,0.818
1010,16.833333,0,698.54,814.68,659.31,633.40,737.77,814.68,0.825
1011,16.850000,0,698.72,814.64,658.34,633.49,739.10,814.64,0.821
1012,16.866667,0,698.58,813.86,658.31,634.51,738.85,813.86,0.815
1013,16.883333,0,698.95,814.45,658.18,634.84,739.71,814.45,0.812
1014,16.900000,0,698.88,814.29,656.65,635.25,741.11,814.29,0.811
1015,16.916667,0,698.70,814.10,655.00,635.89,742.40,814.10,0.804
1016,16.933333,0,700.14,811.83,655.95,634.10,744.34,811.83,0.799
1017,16.950000,0,699.93,811.74,653.49,634.31,746.36,811.74,0.804
1018,16.966667,0,697.91,812.41,650.79,634.47,745.04,812.41,0.811
1019,16.983333,0,696.85,811.55,649.85,635.48,743.85,811.55,0.815
1020,17.000000,0,696.07,813.29,649.56,634.39,742.58,813.29,0.834
1021,17.016667,0,693.74,811.77,648.04,634.02,739.44,811.77,0.838
1022,17.033333,0,693.83,811.23,647.92,635.46,739.75,811.23,0.829
1023,17.050000,0,693.71,811.29,647.75,635.27,739.67,811.29,0.832
1024,17.066667,0,693.50,813.35,647.68,634.08,739.32,813.35,0.839
1025,17.083333,0,693.43,812.32,647.66,635.26,739.20,812.32,0.835
1026,17.100000,0,693.56,812.02,647.65,636.30,739.47,812.02,0.833
1027,17.116667,0,693.21,813.08,647.50,637.67,738.91,813.08,0.847
1028,17.133333,0,691.87,811.84,646.87,638.58,736.88,811.84,0.836
1029,17.150000,0,691.61,811.05,646.72,636.03,736.50,811.05,0.838
1030,17.166667,0,691.89,812.76,647.54,635.61,736.25,812.76,0.854
1031,17.183333,0,690.85,813.25,646.67,635.73,735.04,813.25,0.846
1032,17.200000,0,691.73,809.74,648.24,635.31,735.22,809.74,0.844
1033,17.216667,0,692.26,809.95,650.26,636.62,734.26,809.95,0.838
1034,17.233333,0,691.54,815.31,650.45,638.35,732.62,815.31,0.832
1035,17.250000,0,692.68,816.32,652.15,636.94,733.21,816.32,0.837
1036,17.266667,0,693.33,816.20,653.46,636.91,733.21,816.20,0.833
1037,17.283333,0,693.72,813.81,655.55,636.31,731.89,813.81,0.804
1038,17.300000,0,690.97,811.11,655.78,636.47,726.16,811.11,0.817
1039,17.316667,0,690.96,810.33,656.46,636.43,725.47,810.33,0.811
1040,17.333333,0,690.67,810.22,656.83,636.13,724.51,810.22,0.812
1041,17.350000,0,689.64,810.31,655.59,636.73,723.69,810.31,0.822
1042,17.366667,0,691.01,808.77,657.82,635.32,724.20,808.77,0.815
1043,17.383333,0,691.37,808.07,659.02,633.88,723.72,808.07,0.845
1044,17.400000,0,690.20,807.20,659.52,633.79,720.89,807.20,0.831
1045,17.416667,0,689.53,805.97,659.22,631.87,719.83,805.97,0.815
1046,17.433333,0,688.90,807.38,658.91,634.55,718.89,807.38,0.790
1047,17.450000,0,686.87,807.41,657.58,632.00,716.15,807.41,0.790
1048,17.466667,0,686.70,806.53,658.22,632.33,715.17,806.53,0.785
1049,17.483333,0,688.73,805.27,660.13,631.07,717.32,805.27,0.796
1050,17.500000,0,689.05,806.08,660.46,631.16,717.64,806.08,0.804
1051,17.516667,0,689.65,803.94,660.82,632.27,718.48,803.94,0.803
1052,17.533333,0,690.22,801.36,661.65,632.28,718.78,801.36,0.812
1053,17.550000,0,690.18,800.18,661.83,631.85,718.52,800.18,0.822
1054,17.566667,0,689.76,803.90,661.40,632.75,718.11,803.90,0.813
1055,17.583333,0,689.11,799.25,661.35,631.77,716.86,799.25,0.800
1056,17.600000,0,687.50,798.62,659.86,630.94,715.13,798.62,0.797
1057,17.616667,0,686.42,799.60,659.23,631.86,713.61,799.60,0.786
1058,17.633333,0,686.37,799.92,659.13,631.97,713.61,799.92,0.770
1059,17.650000,0,687.19,801.32,659.06,632.31,715.33,801.32,0.759
1060,17.666667,0,686.77,797.11,659.84,630.33,713.70,797.11,0.767
1061,17.683333,0,686.97,797.37,659.62,630.81,714.32,797.37,0.753
1062,17.700000,0,686.46,794.77,659.53,630.64,713.39,794.77,0.767
1063,17.716667,0,685.86,795.42,658.92,632.42,712.79,795.42,0.758
1064,17.733333,0,684.89,796.50,657.69,632.45,712.10,796.50,0.758
1065,17.750000,0,684.62,795.58,657.19,632.69,712.06,795.58,0.801
1066,17.766667,0,682.30,795.33,655.27,631.58,709.32,795.33,0.829
1067,17.783333,0,682.12,791.22,655.11,633.83,709.13,791.22,0.807
1068,17.800000,0,679.36,791.05,651.17,633.16,707.54,791.05,0.804
1069,17.816667,0,678.63,791.70,648.73,631.31,708.54,791.70,0.807
1070,17.833333,0,677.09,793.58,646.53,629.70,707.65,793.58,0.833
1071,17.850000,0,674.56,794.03,645.67,631.54,703.46,794.03,0.763
1072,17.866667,0,671.83,798.42,642.28,633.57,701.37,798.42,0.651
1073,17.883333,0,668.59,796.97,638.29,632.60,698.89,796.97,0.746
1074,17.900000,0,666.47,800.08,636.08,634.00,696.86,800.08,0.811
1075,17.916667,0,666.82,797.57,634.98,632.91,698.66,797.57,0.818
1076,17.933333,0,664.21,795.23,632.20,631.91,696.22,795.23,0.720
1077,17.950000,0,661.78,795.90,628.95,632.22,694.61,795.90,0.799
1078,17.966667,0,660.44,794.80,627.20,632.06,693.67,794.80,0.798
1079,17.983333,0,658.32,794.97,623.76,631.00,692.88,794.97,0.791
1080,18.000000,0,656.24,796.26,621.02,631.45,691.45,796.26,0.792
1081,18.016667,0,655.29,795.03,619.71,631.87,690.87,795.03,0.810
1082,18.033333,0,654.01,795.78,618.34,631.50,689.68,795.78,0.815
1083,18.050000,0,652.41,793.74,616.89,631.24,687.93,793.74,0.831
1084,18.066667,0,652.28,793.61,616.08,630.25,688.48,793.61,0.826
1085,18.083333,0,652.13,795.69,614.77,631.03,689.49,795.69,0.818
1086,18.100000,0,652.74,795.20,614.84,631.36,690.64,795.20,0.825
1087,18.116667,0,652.12,796.16,614.31,632.99,689.92,796.16,0.827
1088,18.133333,0,651.20,797.74,612.92,634.28,689.47,797.74,0.805
1089,18.150000,0,651.75,798.24,611.97,634.33,691.53,798.24,0.800
1090,18.166667,0,651.49,798.85,612.26,634.02,690.72,798.85,0.804
1091,18.183333,0,652.11,798.26,612.49,633.83,691.72,798.26,0.798
1092,18.200000,0,652.69,795.78,611.36,634.02,694.02,795.78,0.819
1093,18.216667,0,652.69,797.21,610.66,634.70,694.72,797.21,0.817
1094,18.233333,0,653.42,796.83,610.29,634.99,696.55,796.83,0.818
1095,18.250000,0,652.95,796.47,609.87,635.21,696.03,796.47,0.811
1096,18.266667,0,653.98,796.53,610.33,635.18,697.64,796.53,0.818
1097,18.283333,0,653.69,796.85,610.07,634.25,697.31,796.85,0.813
1098,18.300000,0,654.22,796.17,610.20,634.71,698.23,796.17,0.809
1099,18.316667,0,655.52,795.00,611.24,636.30,699.80,795.00,0.814
1100,18.333333,0,656.06,796.77,611.25,637.85,700.86,796.77,0.813
1101,18.350000,0,655.80,794.20,612.52,637.75,699.08,794.20,0.822
1102,18.366667,0,655.19,793.45,613.10,637.00,697.28,793.45,0.816
1103,18.383333,0,654.75,792.49,613.12,636.25,696.38,792.49,0.823
1104,18.400000,0,654.56,792.31,613.49,637.49,695.63,792.31,0.818
1105,18.416667,0,654.03,793.62,614.32,635.05,693.74,793.62,0.812
1106,18.433333,0,655.44,794.31,616.76,632.88,694.11,794.31,0.791
1107,18.450000,0,657.28,793.88,618.30,631.17,696.26,793.88,0.792
1108,18.466667,0,658.89,792.95,619.88,631.81,697.90,792.95,0.805
1109,18.483333,0,658.65,791.88,621.49,631.23,695.82,791.88,0.788
1110,18.500000,0,658.05,793.71,620.66,632.77,695.43,793.71,0.790
1111,18.516667,0,656.41,790.12,620.04,632.12,692.78,790.12,0.808
1112,18.533333,0,657.49,791.66,620.69,632.59,694.30,791.66,0.807
1113,18.550000,0,657.66,792.84,621.25,632.37,694.08,792.84,0.802
1114,18.566667,0,658.09,790.97,622.86,630.77,693.32,790.97,0.799
1115,18.583333,0,659.10,790.63,624.41,628.94,693.79,790.63,0.792
1116,18.600000,0,658.55,789.94,624.43,629.22,692.67,789.94,0.804
1117,18.616667,0,660.65,787.84,626.26,627.71,695.03,787.84,0.787
1118,18.633333,0,660.30,789.15,625.69,627.84,694.91,789.15,0.794
1119,18.650000,0,657.91,787.65,624.85,628.90,690.96,787.65,0.807
1120,18.666667,0,657.16,786.84,623.19,627.34,691.13,786.84,0.807
1121,18.683333,0,657.17,784.54,623.46,626.31,690.87,784.54,0.828
1122,18.700000,0,657.11,784.24,623.45,626.03,690.77,784.24,0.829
1123,18.716667,0,656.84,784.77,623.63,625.47,690.05,784.77,0.817
1124,18.733333,0,657.60,786.57,624.04,625.38,691.16,786.57,0.802
1125,18.750000,0,659.18,785.20,626.62,627.08,691.73,785.20,0.801
1126,18.766667,0,659.77,785.55,626.72,627.18,692.82,785.55,0.807
1127,18.783333,0,660.32,785.70,626.57,624.53,694.07,785.70,0.799
1128,18.800000,0,655.07,786.50,624.42,624.69,685.72,786.50,0.810
1129,18.816667,0,655.02,784.94,622.01,626.11,688.04,784.94,0.828
1130,18.833333,0,653.72,785.01,622.89,625.87,684.55,785.01,0.804
1131,18.850000,0,653.69,785.16,622.33,625.84,685.05,785.16,0.788
1132,18.866667,0,653.02,784.61,621.31,625.39,684.72,784.61,0.777
1133,18.883333,0,654.64,784.44,622.00,626.39,687.28,784.44,0.770
1134,18.900000,0,654.80,784.44,622.23,626.20,687.37,784.44,0.779
1135,18.916667,0,655.56,785.22,621.24,626.26,689.88,785.22,0.812
1136,18.933333,0,653.66,785.23,619.60,626.84,687.72,785.23,0.825
1137,18.950000,0,651.56,785.47,616.87,626.42,686.26,785.47,0.815
1138,18.966667,0,647.14,787.99,614.24,628.36,680.05,787.99,0.797
1139,18.983333,0,645.09,788.42,613.49,630.47,676.70,788.42,0.809
1140,19.000000,0,644.10,789.01,611.04,631.22,677.15,789.01,0.795
1141,19.016667,0,641.91,788.25,610.63,630.19,673.19,788.25,0.789
1142,19.033333,0,641.90,787.14,610.86,629.20,672.94,787.14,0.800
1143,19.050000,0,642.21,786.84,610.74,629.30,673.69,786.84,0.804
1144,19.066667,0,642.20,787.00,611.32,630.00,673.08,787.00,0.787
1145,19.083333,0,642.09,785.45,611.33,629.12,672.84,785.45,0.796
1146,19.100000,0,641.81,783.57,611.38,628.79,672.24,783.57,0.798
1147,19.116667,0,641.96,784.66,611.21,627.95,672.71,784.66,0.789
1148,19.133333,0,640.48,783.40,609.95,626.63,671.01,783.40,0.790
1149,19.150000,0,640.05,783.33,609.39,626.95,670.71,783.33,0.795
1150,19.166667,0,640.36,783.08,609.68,626.54,671.04,783.08,0.797
1151,19.183333,0,640.75,782.68,609.99,626.56,671.52,782.68,0.802
1152,19.200000,0,642.49,784.71,610.95,627.45,674.04,784.71,0.804
1153,19.216667,0,642.87,784.80,611.62,626.35,674.11,784.80,0.809
1154,19.233333,0,642.74,783.46,611.15,625.96,674.33,783.46,0.806
1155,19.250000,0,642.65,784.53,611.12,627.35,674.18,784.53,0.797
1156,19.266667,0,642.06,783.54,609.92,627.23,674.19,783.54,0.803
1157,19.283333,0,640.99,784.31,609.79,629.30,672.19,784.31,0.794
1158,19.300000,0,641.44,784.86,610.01,629.96,672.86,784.86,0.788
1159,19.316667,0,643.07,786.44,613.44,628.81,672.71,786.44,0.750
1160,19.333333,0,643.76,785.86,613.03,630.55,674.48,785.86,0.785
1161,19.350000,0,643.41,785.66,612.50,630.76,674.32,785.66,0.783
1162,19.366667,0,642.74,785.78,612.55,628.97,672.94,785.78,0.788
1163,19.383333,0,642.43,785.10,612.34,630.40,672.52,785.10,0.766
1164,19.400000,0,641.54,784.25,610.90,631.11,672.18,784.25,0.784
1165,19.416667,0,641.44,784.77,611.22,628.83,671.65,784.77,0.786
1166,19.433333,0,641.55,784.62,611.69,628.82,671.41,784.62,0.786
1167,19.450000,0,641.82,784.31,611.62,627.06,672.02,784.31,0.800
1168,19.466667,0,642.03,782.38,614.05,626.78,670.02,782.38,0.787
1169,19.483333,0,642.55,781.78,614.85,626.02,670.25,781.78,0.785
1170,19.500000,0,642.14,781.96,614.12,624.00,670.16,781.96,0.790
1171,19.516667,0,643.08,782.32,615.11,624.99,671.05,782.32,0.796
1172,19.533333,0,642.53,781.58,614.85,624.71,670.22,781.58,0.786
1173,19.550000,0,642.57,781.32,614.81,624.27,670.32,781.32,0.793
1174,19.566667,0,646.14,780.70,617.73,623.16,674.54,780.70,0.788
1175,19.583333,0,647.77,779.59,619.58,622.00,675.96,779.59,0.803
1176,19.600000,0,647.94,780.28,621.70,622.26,674.18,780.28,0.799
1177,19.616667,0,648.69,780.58,621.90,622.85,675.48,780.58,0.812
1178,19.633333,0,650.09,780.36,623.70,621.88,676.48,780.36,0.813
1179,19.650000,0,650.94,780.30,624.94,622.36,676.95,780.30,0.812
1180,19.666667,0,650.48,779.62,624.90,623.94,676.06,779.62,0.787
1181,19.683333,0,650.36,780.83,626.20,624.92,674.52,780.83,0.798
1182,19.700000,0,647.91,782.46,623.26,624.19,672.55,782.46,0.791
1183,19.716667,0,649.48,781.71,624.69,624.95,674.28,781.71,0.787
1184,19.733333,0,650.09,781.22,626.17,625.63,674.02,781.22,0.789
1185,19.750000,0,650.72,782.72,626.80,626.77,674.64,782.72,0.789
1186,19.766667,0,650.09,783.31,626.91,627.38,673.27,783.31,0.794
1187,19.783333,0,650.99,782.04,628.19,627.02,673.78,782.04,0.800
1188,19.800000,0,651.43,781.44,628.91,626.19,673.95,781.44,0.781
1189,19.816667,0,651.29,782.39,628.97,627.03,673.61,782.39,0.787
1190,19.833333,0,651.18,782.82,628.94,627.08,673.42,782.82,0.789
1191,19.850000,0,651.35,782.66,629.10,627.09,673.60,782.66,0.793
1192,19.866667,0,651.86,782.71,629.64,627.32,674.08,782.71,0.789
1193,19.883333,0,652.12,783.33,630.56,626.34,673.68,783.33,0.780
1194,19.900000,0,653.71,784.20,630.17,626.89,677.26,784.20,0.770
1195,19.916667,0,654.33,783.47,631.62,629.22,677.05,783.47,0.786
1196,19.933333,0,654.22,783.17,632.31,629.42,676.13,783.17,0.797
1197,19.950000,0,653.69,782.35,631.63,624.89,675.75,782.35,0.785
1198,19.966667,0,652.83,782.43,631.22,624.59,674.44,782.43,0.778
1199,19.983333,0,651.39,782.93,629.92,624.08,672.86,782.93,0.793
1200,20.000000,0,651.00,783.53,629.42,624.33,672.57,783.53,0.795
1201,20.016667,0,650.78,783.76,629.24,624.36,672.31,783.76,0.786
1202,20.033333,0,650.46,783.07,629.05,623.98,671.88,783.07,0.788
1203,20.050000,0,650.37,782.01,628.69,624.08,672.05,782.01,0.795
1204,20.066667,0,651.20,781.57,629.47,623.97,672.93,781.57,0.788
1205,20.083333,0,651.67,781.84,630.14,623.94,673.20,781.84,0.790
1206,20.100000,0,652.11,781.55,630.28,623.89,673.94,781.55,0.780
1207,20.116667,0,651.53,781.57,629.23,623.77,673.83,781.57,0.780
1208,20.133333,0,651.47,781.64,628.59,623.82,674.35,781.64,0.786
1209,20.150000,0,651.09,782.08,627.59,623.42,674.59,782.08,0.793
1210,20.166667,0,650.52,782.28,626.75,623.26,674.30,782.28,0.793
1211,20.183333,0,650.61,782.59,626.65,623.27,674.57,782.59,0.795
1212,20.200000,0,652.44,781.78,628.53,624.28,676.35,781.78,0.791
1213,20.216667,0,653.93,781.44,629.16,623.75,678.71,781.44,0.786
1214,20.233333,0,653.88,781.55,628.10,623.61,679.66,781.55,0.786
1215,20.250000,0,652.15,780.18,625.09,622.66,679.20,780.18,0.788
1216,20.266667,0,652.56,779.88,625.52,622.44,679.59,779.88,0.792
1217,20.283333,0,652.68,780.57,625.86,622.86,679.51,780.57,0.796
1218,20.300000,0,653.52,780.70,627.86,622.06,679.19,780.70,0.794
1219,20.316667,0,654.03,781.10,628.42,622.95,679.64,781.10,0.791
1220,20.333333,0,654.10,781.76,628.85,623.20,679.34,781.76,0.791
1221,20.350000,0,653.40,781.24,628.04,621.98,678.75,781.24,0.788
1222,20.366667,0,651.12,780.39,627.43,623.13,674.81,780.39,0.791
1223,20.383333,0,649.74,781.47,625.83,623.45,673.65,781.47,0.801
1224,20.400000,0,647.95,782.01,624.00,623.09,671.89,782.01,0.788
1225,20.416667,0,645.36,780.90,621.99,623.23,668.73,780.90,0.781
1226,20.433333,0,645.07,780.29,622.28,624.36,667.86,780.29,0.787
1227,20.450000,0,644.19,780.42,621.02,624.88,667.35,780.42,0.790
1228,20.466667,0,644.95,780.10,621.60,625.06,668.30,780.10,0.794
1229,20.483333,0,645.82,779.86,621.79,625.38,669.85,779.86,0.803
1230,20.500000,0,645.30,779.83,620.86,625.75,669.74,779.83,0.803
1231,20.516667,0,645.03,779.71,620.52,625.17,669.55,779.71,0.801
1232,20.533333,0,644.45,779.84,619.79,625.58,669.11,779.84,0.787
1233,20.550000,0,643.99,779.83,618.73,626.26,669.24,779.83,0.794
1234,20.566667,0,643.13,778.31,617.57,625.64,668.69,778.31,0.798
1235,20.583333,0,641.65,775.86,616.76,624.22,666.54,775.86,0.806
1236,20.600000,0,642.08,775.63,616.54,623.78,667.62,775.63,0.806
1237,20.616667,0,641.53,775.38,616.43,623.32,666.63,775.38,0.817
1238,20.633333,0,642.09,774.48,617.09,623.15,667.08,774.48,0.798
1239,20.650000,0,642.18,775.12,616.82,622.82,667.53,775.12,0.785
1240,20.666667,0,642.50,773.70,617.11,622.90,667.89,773.70,0.779
1241,20.683333,0,643.21,773.90,617.75,621.75,668.68,773.90,0.806
1242,20.700000,0,641.89,773.62,616.84,620.90,666.94,773.62,0.806
1243,20.716667,0,641.62,773.56,616.48,619.61,666.76,773.56,0.802
1244,20.733333,0,641.25,770.68,616.82,619.44,665.68,770.68,0.816
1245,20.750000,0,640.40,770.21,616.15,618.87,664.65,770.21,0.819
1246,20.766667,0,640.24,771.60,616.06,618.06,664.43,771.60,0.829
1247,20.783333,0,640.55,770.89,616.93,616.29,664.18,770.89,0.824
1248,20.800000,0,640.70,771.68,617.19,615.63,664.21,771.68,0.817
1249,20.816667,0,640.86,773.28,617.45,615.43,664.27,773.28,0.806
1250,20.833333,0,641.49,771.78,617.52,614.75,665.46,771.78,0.800
1251,20.850000,0,641.77,772.60,617.20,614.46,666.34,772.60,0.801
1252,20.866667,0,642.07,772.46,616.70,615.42,667.44,772.46,0.809
1253,20.883333,0,641.60,774.30,616.38,616.09,666.83,774.30,0.795
1254,20.900000,0,640.29,774.65,614.17,616.39,666.42,774.65,0.809
1255,20.916667,0,638.91,774.86,612.15,616.73,665.67,774.86,0.817
1256,20.933333,0,637.57,775.46,611.59,616.53,663.54,775.46,0.814
1257,20.950000,0,636.91,775.29,610.17,618.39,663.65,775.29,0.821
1258,20.966667,0,635.74,775.76,608.45,618.00,663.04,775.76,0.807
1259,20.983333,0,635.26,775.45,607.48,616.65,663.03,775.45,0.809
1260,21.000000,0,634.72,775.36,606.69,615.46,662.76,775.36,0.811
1261,21.016667,0,633.40,775.63,603.80,614.95,663.01,775.63,0.799
1262,21.033333,0,631.86,776.74,601.93,615.78,661.80,776.74,0.806
1263,21.050000,0,629.02,776.21,598.27,616.87,659.78,776.21,0.809
1264,21.066667,0,627.51,776.82,596.86,616.06,658.16,776.82,0.810
1265,21.083333,0,626.10,777.73,595.36,617.24,656.84,777.73,0.820
1266,21.100000,0,625.33,778.11,594.59,618.10,656.07,778.11,0.810
1267,21.116667,0,625.64,778.03,594.71,618.97,656.57,778.03,0.815
1268,21.133333,0,625.79,778.35,594.50,619.99,657.08,778.35,0.818
1269,21.150000,0,626.66,777.82,594.76,619.95,658.57,777.82,0.813
1270,21.166667,0,627.18,777.90,595.77,619.44,658.60,777.90,0.811
1271,21.183333,0,626.56,778.85,594.85,618.24,658.28,778.85,0.801
1272,21.200000,0,625.34,779.72,593.33,619.62,657.35,779.72,0.808
1273,21.216667,0,625.08,779.90,592.94,621.24,657.22,779.90,0.795
1274,21.233333,0,624.84,779.87,593.70,621.85,655.98,779.87,0.794
1275,21.250000,0,624.02,780.32,592.41,621.76,655.62,780.32,0.805
1276,21.266667,0,624.52,780.31,593.20,621.88,655.85,780.31,0.818
1277,21.283333,0,624.39,780.92,593.32,622.19,655.47,780.92,0.801
1278,21.300000,0,622.19,781.28,590.17,622.69,654.20,781.28,0.806
1279,21.316667,0,621.04,781.63,590.13,621.85,651.95,781.63,0.765
1280,21.333333,0,619.23,780.84,587.90,623.01,650.56,780.84,0.820
1281,21.350000,0,617.37,781.41,587.26,622.74,647.48,781.41,0.809
1282,21.366667,0,615.78,781.24,585.19,622.21,646.38,781.24,0.813
1283,21.383333,0,615.14,779.96,584.42,620.09,645.86,779.96,0.802
1284,21.400000,0,613.12,779.49,581.55,619.56,644.69,779.49,0.798
1285,21.416667,0,612.19,779.35,580.71,619.89,643.67,779.35,0.799
1286,21.433333,0,611.75,779.39,580.58,619.64,642.92,779.39,0.801
1287,21.450000,0,611.33,780.42,579.73,620.41,642.94,780.42,0.805
1288,21.466667,0,611.00,779.46,578.74,620.54,643.27,779.46,0.802
1289,21.483333,0,611.34,779.40,579.60,620.51,643.08,779.40,0.804
1290,21.500000,0,610.60,779.66,579.13,620.41,642.07,779.66,0.799
1291,21.516667,0,608.91,780.10,576.49,620.47,641.33,780.10,0.809
1292,21.533333,0,608.92,778.62,576.99,618.99,640.84,778.62,0.796
1293,21.550000,0,608.52,779.31,576.88,619.33,640.17,779.31,0.802
1294,21.566667,0,609.20,777.87,577.69,617.57,640.70,777.87,0.801
1295,21.583333,0,608.47,779.07,576.11,618.26,640.84,779.07,0.791
1296,21.600000,0,609.39,776.46,576.85,616.18,641.92,776.46,0.796
1297,21.616667,0,608.85,774.33,576.83,615.73,640.88,774.33,0.814
1298,21.633333,0,607.82,773.81,576.30,614.77,639.35,773.81,0.812
1299,21.650000,0,606.77,773.15,575.44,613.68,638.11,773.15,0.799
1300,21.666667,0,605.87,774.35,573.95,613.19,637.79,774.35,0.818
1301,21.683333,0,605.43,773.35,573.31,611.68,637.55,773.35,0.841
1302,21.700000,0,606.83,772.97,574.87,611.32,638.79,772.97,0.828
1303,21.716667,0,607.73,770.64,576.29,610.22,639.18,770.64,0.803
1304,21.733333,0,608.10,769.59,577.11,609.78,639.09,769.59,0.805
1305,21.750000,0,608.93,769.78,577.55,609.59,640.31,769.78,0.811
1306,21.766667,0,608.86,769.56,577.56,609.96,640.15,769.56,0.808
1307,21.783333,0,609.67,769.15,578.99,610.02,640.34,769.15,0.808
1308,21.800000,0,610.53,770.01,579.42,610.03,641.64,770.01,0.814
1309,21.816667,0,609.92,769.89,578.18,610.32,641.67,769.89,0.823
1310,21.833333,0,610.00,770.46,578.67,609.85,641.34,770.46,0.814
1311,21.850000,0,609.60,770.44,578.56,610.37,640.64,770.44,0.823
1312,21.866667,0,609.50,770.88,577.91,611.22,641.10,770.88,0.817
1313,21.883333,0,608.81,768.80,577.57,610.88,640.05,768.80,0.824
1314,21.900000,0,607.66,768.26,576.64,610.67,638.68,768.26,0.838
1315,21.916667,0,607.32,768.22,576.84,611.57,637.80,768.22,0.833
1316,21.933333,0,607.01,767.97,576.27,611.55,637.75,767.97,0.850
1317,21.950000,0,608.13,767.86,576.35,611.63,639.91,767.86,0.854
1318,21.966667,0,608.32,767.66,576.42,611.56,640.22,767.66,0.852
1319,21.983333,0,606.17,768.10,575.45,611.79,636.88,768.10,0.871
1320,22.000000,0,605.82,768.36,575.25,611.56,636.39,768.36,0.856
1321,22.016667,0,605.42,770.15,574.88,612.18,635.96,770.15,0.842
1322,22.033333,0,605.08,769.78,574.51,612.64,635.65,769.78,0.841
1323,22.050000,0,604.60,769.71,574.16,612.76,635.04,769.71,0.824
1324,22.066667,0,602.69,770.48,572.57,612.44,632.81,770.48,0.832
1325,22.083333,0,600.65,771.68,569.31,611.74,631.99,771.68,0.855
1326,22.100000,0,599.82,772.67,568.03,612.39,631.62,772.67,0.859
1327,22.116667,0,598.86,772.88,567.48,613.28,630.24,772.88,0.863
1328,22.133333,0,598.91,774.07,567.53,614.23,630.28,774.07,0.862
1329,22.150000,0,598.55,772.19,567.21,615.93,629.88,772.19,0.846
1330,22.166667,0,599.88,774.11,567.88,615.30,631.88,774.11,0.851
1331,22.183333,0,599.78,775.25,568.30,616.69,631.26,775.25,0.851
1332,22.200000,0,600.66,773.42,568.06,616.37,633.26,773.42,0.845
1333,22.216667,0,600.78,776.51,567.80,616.01,633.76,776.51,0.822
1334,22.233333,0,600.66,778.57,567.72,616.59,633.60,778.57,0.840
1335,22.250000,0,599.43,778.77,567.40,617.75,631.47,778.77,0.845
1336,22.266667,0,599.01,778.85,566.44,618.58,631.58,778.85,0.839
1337,22.283333,0,598.51,777.33,566.28,619.38,630.74,777.33,0.839
1338,22.300000,0,598.27,779.69,566.39,619.17,630.14,779.69,0.841
1339,22.316667,0,598.20,780.33,566.08,619.49,630.32,780.33,0.854
1340,22.333333,0,599.68,780.61,566.33,618.60,633.03,780.61,0.848
1341,22.350000,0,600.26,779.90,567.01,619.45,633.51,779.90,0.846
1342,22.366667,0,600.41,777.97,566.75,619.37,634.06,777.97,0.844
1343,22.383333,0,600.56,775.66,566.35,618.60,634.76,775.66,0.832
1344,22.400000,0,600.67,778.28,566.55,619.12,634.78,778.28,0.827
1345,22.416667,0,599.35,779.13,565.09,618.84,633.60,779.13,0.831
1346,22.433333,0,599.44,779.19,565.03,618.74,633.84,779.19,0.840
1347,22.450000,0,599.33,779.07,565.12,618.21,633.54,779.07,0.840
1348,22.466667,0,599.96,778.83,565.43,616.74,634.49,778.83,0.846
1349,22.483333,0,600.27,777.93,565.76,618.27,634.78,777.93,0.848
1350,22.500000,0,601.02,775.37,566.81,616.91,635.22,775.37,0.853
1351,22.516667,0,601.23,772.64,566.64,616.73,635.83,772.64,0.863
1352,22.533333,0,601.22,774.68,566.45,613.90,635.98,774.68,0.842
1353,22.550000,0,601.03,775.00,566.44,613.86,635.62,775.00,0.830
1354,22.566667,0,600.96,774.12,566.01,613.18,635.92,774.12,0.837
1355,22.583333,0,600.60,776.11,565.86,611.61,635.34,776.11,0.821
1356,22.600000,0,600.48,775.37,565.78,611.14,635.17,775.37,0.817
1357,22.616667,0,600.58,771.60,566.05,611.42,635.10,771.60,0.784
1358,22.633333,0,599.96,772.25,565.51,612.04,634.41,772.25,0.747
1359,22.650000,0,600.89,777.41,567.02,611.88,634.77,777.41,0.834
1360,22.666667,0,600.87,777.88,566.29,611.45,635.44,777.88,0.858
1361,22.683333,0,601.03,777.99,566.77,610.94,635.29,777.99,0.853
1362,22.700000,0,599.62,778.34,566.29,611.03,632.94,778.34,0.867
1363,22.716667,0,598.27,778.15,565.14,610.90,631.40,778.15,0.869
1364,22.733333,0,596.51,776.70,563.84,611.53,629.18,776.70,0.889
1365,22.750000,0,594.26,777.06,562.73,611.76,625.78,777.06,0.851
1366,22.766667,0,592.08,776.80,559.98,613.11,624.18,776.80,0.850
1367,22.783333,0,591.69,775.65,560.43,611.01,622.94,775.65,0.826
1368,22.800000,0,591.91,777.80,560.17,611.56,623.66,777.80,0.833
1369,22.816667,0,592.29,778.24,561.13,613.22,623.45,778.24,0.829
1370,22.833333,0,592.91,779.73,561.36,612.78,624.45,779.73,0.842
1371,22.850000,0,594.69,780.05,563.75,612.10,625.62,780.05,0.848
1372,22.866667,0,594.64,780.26,563.70,613.46,625.57,780.26,0.846
1373,22.883333,0,593.07,780.99,561.67,616.10,624.48,780.99,0.835
1374,22.900000,0,592.09,781.65,560.21,616.73,623.96,781.65,0.836
1375,22.916667,0,591.02,782.19,559.65,617.65,622.39,782.19,0.830
1376,22.933333,0,590.81,782.60,560.45,618.55,621.17,782.60,0.821
1377,22.950000,0,591.29,782.20,560.14,619.81,622.45,782.20,0.833
1378,22.966667,0,592.79,782.20,561.90,619.06,623.68,782.20,0.850
1379,22.983333,0,593.11,784.10,563.05,618.75,623.17,784.10,0.857
1380,23.000000,0,592.97,783.52,563.21,619.24,622.72,783.52,0.843
1381,23.016667,0,592.83,784.28,563.28,620.21,622.37,784.28,0.846
1382,23.033333,0,591.77,784.27,562.78,621.12,620.76,784.27,0.823
1383,23.050000,0,590.22,783.37,559.93,620.95,620.52,783.37,0.830
1384,23.066667,0,589.83,784.73,560.49,621.31,619.17,784.73,0.823
1385,23.083333,0,589.68,784.53,559.81,620.99,619.54,784.53,0.817
1386,23.100000,0,590.02,783.84,559.56,620.84,620.47,783.84,0.814
1387,23.116667,0,590.67,786.48,560.32,620.83,621.02,786.48,0.824
1388,23.133333,0,590.78,786.32,560.32,621.19,621.24,786.32,0.819
1389,23.150000,0,590.14,786.51,558.59,620.45,621.68,786.51,0.825
1390,23.166667,0,589.59,786.88,557.37,619.87,621.81,786.88,0.816
1391,23.183333,0,587.90,786.53,554.45,619.27,621.36,786.53,0.817
1392,23.200000,0,585.20,786.69,551.82,619.69,618.59,786.69,0.842
1393,23.216667,0,583.98,786.68,549.38,617.54,618.58,786.68,0.854
1394,23.233333,0,584.31,786.61,548.77,616.67,619.84,786.61,0.858
1395,23.250000,0,583.70,786.72,548.23,615.67,619.18,786.72,0.861
1396,23.266667,0,583.05,786.35,547.22,614.63,618.87,786.35,0.864
1397,23.283333,0,582.60,785.67,546.70,614.12,618.51,785.67,0.853
1398,23.300000,0,582.01,785.64,545.38,613.21,618.64,785.64,0.847
1399,23.316667,0,581.40,786.57,544.90,614.13,617.91,786.57,0.851
1400,23.333333,0,580.70,787.70,543.66,614.12,617.75,787.70,0.857
1401,23.350000,0,579.97,788.25,542.67,614.56,617.27,788.25,0.869
1402,23.366667,0,579.69,789.08,541.15,613.61,618.24,789.08,0.881
1403,23.383333,0,579.74,788.57,541.27,612.87,618.21,788.57,0.876
1404,23.400000,0,579.36,790.50,540.46,612.58,618.26,790.50,0.873
1405,23.416667,0,578.96,789.15,539.74,610.64,618.19,789.15,0.855
1406,23.433333,0,579.17,791.44,539.78,609.72,618.56,791.44,0.856
1407,23.450000,0,579.98,789.52,540.99,609.62,618.97,789.52,0.858
1408,23.466667,0,578.43,789.84,537.69,609.73,619.17,789.84,0.865
1409,23.483333,0,578.62,790.52,537.83,609.96,619.41,790.52,0.861
1410,23.500000,0,578.58,790.27,537.95,609.93,619.21,790.27,0.860
1411,23.516667,0,578.74,794.09,538.06,610.32,619.42,794.09,0.862
1412,23.533333,0,578.86,793.79,538.42,610.80,619.29,793.79,0.861
1413,23.550000,0,579.31,793.81,538.90,611.13,619.73,793.81,0.862
1414,23.566667,0,579.04,795.37,538.75,612.38,619.34,795.37,0.873
1415,23.583333,0,578.44,794.95,538.50,610.51,618.38,794.95,0.862
1416,23.600000,0,578.35,793.38,538.43,610.37,618.26,793.38,0.858
1417,23.616667,0,576.48,787.40,536.41,610.69,616.54,787.40,0.854
1418,23.633333,0,575.29,791.34,534.71,608.84,615.86,791.34,0.853
1419,23.650000,0,575.77,792.25,534.89,608.89,616.65,792.25,0.857
1420,23.666667,0,575.85,792.79,535.12,608.66,616.58,792.79,0.858
1421,23.683333,0,576.02,791.20,535.66,608.01,616.37,791.20,0.857
1422,23.700000,0,576.60,786.72,536.53,608.19,616.67,786.72,0.858
1423,23.716667,0,576.32,787.31,536.05,607.35,616.60,787.31,0.852
1424,23.733333,0,574.89,787.37,535.69,606.47,614.09,787.37,0.849
1425,23.750000,0,574.59,785.48,535.70,603.88,613.47,785.48,0.859
1426,23.766667,0,574.21,784.56,535.25,603.94,613.17,784.56,0.859
1427,23.783333,0,573.78,781.16,534.06,604.27,613.49,781.16,0.854
1428,23.800000,0,572.76,782.14,533.32,601.72,612.21,782.14,0.867
1429,23.816667,0,572.45,782.68,533.16,601.39,611.74,782.68,0.873
1430,23.833333,0,571.01,783.27,532.20,601.21,609.83,783.27,0.871
1431,23.850000,0,570.77,783.37,532.11,600.51,609.42,783.37,0.854
1432,23.866667,0,570.59,783.82,532.01,600.61,609.18,783.82,0.856
1433,23.883333,0,571.06,782.61,532.85,600.80,609.28,782.61,0.872
1434,23.900000,0,570.87,782.95,533.08,599.52,608.67,782.95,0.871
1435,23.916667,0,570.17,783.55,533.40,599.76,606.94,783.55,0.872
1436,23.933333,0,569.03,783.42,532.03,600.47,606.04,783.42,0.865
1437,23.950000,0,567.71,784.36,530.60,600.43,604.82,784.36,0.864
1438,23.966667,0,567.00,785.27,531.07,601.50,602.94,785.27,0.847
1439,23.983333,0,566.80,786.61,531.49,602.68,602.12,786.61,0.843
1440,24.000000,0,565.58,788.45,530.26,603.70,600.91,788.45,0.846
1441,24.016667,0,564.58,787.67,529.39,601.49,599.78,787.67,0.844
1442,24.033333,0,564.74,788.73,529.53,601.70,599.94,788.73,0.842
1443,24.050000,0,564.77,789.99,529.81,600.15,599.74,789.99,0.833
1444,24.066667,0,564.72,792.18,530.14,600.88,599.30,792.18,0.836
1445,24.083333,0,564.57,792.88,530.22,602.44,598.91,792.88,0.837
1446,24.100000,0,563.84,793.28,528.65,601.54,599.03,793.28,0.843
1447,24.116667,0,562.02,792.96,527.73,601.77,596.31,792.96,0.841
1448,24.133333,0,560.88,792.92,526.95,602.88,594.81,792.92,0.838
1449,24.150000,0,559.68,794.47,526.28,606.05,593.09,794.47,0.846
1450,24.166667,0,559.84,793.52,526.22,605.74,593.46,793.52,0.847
1451,24.183333,0,559.76,793.34,526.60,605.29,592.92,793.34,0.845
1452,24.200000,0,559.75,793.55,526.93,605.16,592.56,793.55,0.843
1453,24.216667,0,559.47,793.13,527.10,605.20,591.83,793.13,0.846
1454,24.233333,0,558.94,793.29,525.84,604.66,592.04,793.29,0.845
1455,24.250000,0,558.34,793.89,524.28,605.73,592.40,793.89,0.851
1456,24.266667,0,556.72,793.12,521.82,603.46,591.63,793.12,0.840
1457,24.283333,0,555.01,794.51,521.25,604.57,588.76,794.51,0.841
1458,24.300000,0,554.38,792.18,519.19,602.14,589.58,792.18,0.847
1459,24.316667,0,554.07,791.16,518.40,600.88,589.75,791.16,0.844
1460,24.333333,0,553.30,792.77,517.18,602.89,589.43,792.77,0.851
1461,24.350000,0,553.19,793.44,516.35,599.61,590.02,793.44,0.854
1462,24.366667,0,554.02,790.13,516.31,598.43,591.73,790.13,0.851
1463,24.383333,0,553.77,789.37,515.20,596.89,592.34,789.37,0.856
1464,24.400000,0,553.05,790.67,513.55,596.67,592.56,790.67,0.854
1465,24.416667,0,551.32,790.81,511.50,596.71,591.14,790.81,0.856
1466,24.433333,0,550.44,791.04,510.41,595.48,590.48,791.04,0.863
1467,24.450000,0,548.86,790.94,507.56,593.66,590.17,790.94,0.860
1468,24.466667,0,547.68,790.71,505.61,594.39,589.74,790.71,0.867
1469,24.483333,0,547.17,792.48,505.27,594.80,589.07,792.48,0.865
1470,24.500000,0,547.46,793.88,504.75,594.51,590.17,793.88,0.865
1471,24.516667,0,547.16,794.96,503.00,593.31,591.31,794.96,0.874
1472,24.533333,0,547.36,795.15,501.83,592.86,592.88,795.15,0.876
1473,24.550000,0,547.28,794.43,501.88,592.70,592.69,794.43,0.870
1474,24.566667,0,546.93,790.74,502.84,595.31,591.02,790.74,0.877
1475,24.583333,0,546.60,792.95,501.46,595.05,591.75,792.95,0.875
1476,24.600000,0,546.65,791.78,501.09,596.29,592.22,791.78,0.877
1477,24.616667,0,546.73,789.56,500.56,596.16,592.89,789.56,0.876
1478,24.633333,0,547.15,795.37,500.69,596.65,593.61,795.37,0.872
1479,24.650000,0,547.64,797.37,501.58,599.28,593.70,797.37,0.876
1480,24.666667,0,547.95,795.58,501.72,599.40,594.19,795.58,0.879
1481,24.683333,0,547.42,791.95,501.07,598.35,593.77,791.95,0.877
1482,24.700000,0,546.37,799.86,499.83,599.15,592.92,799.86,0.877
1483,24.716667,0,546.21,802.39,499.01,601.34,593.41,802.39,0.874
1484,24.733333,0,544.51,806.29,497.76,602.20,591.25,806.29,0.867
1485,24.750000,0,544.66,806.18,497.41,602.74,591.91,806.18,0.870
1486,24.766667,0,544.94,805.04,498.56,605.00,591.32,805.04,0.870
1487,24.783333,0,545.50,803.25,499.01,603.77,591.99,803.25,0.867
1488,24.800000,0,545.76,802.47,499.24,603.40,592.28,802.47,0.873
1489,24.816667,0,545.64,802.29,499.08,602.53,592.20,802.29,0.873
1490,24.833333,0,544.82,801.84,497.88,603.00,591.76,801.84,0.869
1491,24.850000,0,545.01,799.21,497.55,602.55,592.46,799.21,0.879
1492,24.866667,0,543.56,798.40,496.37,603.03,590.76,798.40,0.869
1493,24.883333,0,542.48,800.88,495.31,603.24,589.64,800.88,0.868
1494,24.900000,0,541.12,800.60,494.79,603.77,587.46,800.60,0.869
1495,24.916667,0,541.52,800.16,494.53,602.55,588.51,800.16,0.870
1496,24.933333,0,541.90,799.32,494.27,602.16,589.52,799.32,0.870
1497,24.950000,0,543.09,798.63,495.63,599.93,590.55,798.63,0.875
1498,24.966667,0,542.71,797.33,496.14,598.31,589.29,797.33,0.874
1499,24.983333,0,541.56,798.34,495.78,598.00,587.34,798.34,0.872
1500,25.000000,0,541.13,798.82,495.52,596.76,586.73,798.82,0.864
1501,25.016667,0,541.18,799.48,495.36,596.89,587.01,799.48,0.868
1502,25.033333,0,539.46,800.85,495.66,598.14,583.25,800.85,0.868
1503,25.050000,0,540.69,801.02,496.05,597.04,585.34,801.02,0.864
1504,25.066667,0,540.70,801.34,496.64,597.47,584.75,801.34,0.867
1505,25.083333,0,540.48,801.28,496.75,600.01,584.20,801.28,0.873
1506,25.100000,0,540.65,801.32,497.07,598.99,584.23,801.32,0.874
1507,25.116667,0,539.81,801.69,497.15,597.51,582.47,801.69,0.877
1508,25.133333,0,538.82,804.83,497.49,597.60,580.15,804.83,0.870
1509,25.150000,0,537.49,806.21,496.74,599.30,578.24,806.21,0.864
1510,25.166667,0,537.02,805.97,496.51,598.35,577.52,805.97,0.864
1511,25.183333,0,536.85,806.35,497.02,599.33,576.69,806.35,0.862
1512,25.200000,0,536.15,808.42,497.51,599.43,574.79,808.42,0.859
1513,25.216667,0,536.03,808.83,497.97,599.74,574.10,808.83,0.859
1514,25.233333,0,535.84,809.58,498.70,600.84,572.98,809.58,0.855
1515,25.250000,0,535.36,809.33,498.32,601.33,572.40,809.33,0.855
1516,25.266667,0,535.21,809.20,498.72,601.49,571.71,809.20,0.842
1517,25.283333,0,534.80,809.84,498.79,602.28,570.80,809.84,0.845
1518,25.300000,0,534.88,810.40,499.40,602.03,570.36,810.40,0.853
1519,25.316667,0,535.40,810.07,499.57,601.34,571.22,810.07,0.857
1520,25.333333,0,535.39,810.14,499.51,601.36,571.27,810.14,0.866
1521,25.350000,0,534.43,809.72,499.11,602.59,569.74,809.72,0.868
1522,25.366667,0,533.82,809.76,498.58,601.22,569.06,809.76,0.871
1523,25.383333,0,532.83,809.50,497.05,599.48,568.62,809.50,0.864
1524,25.400000,0,530.14,807.54,494.54,598.44,565.75,807.54,0.861
1525,25.416667,0,530.79,806.31,494.52,597.07,567.05,806.31,0.851
1526,25.433333,0,530.65,806.23,494.64,596.17,566.66,806.23,0.836
1527,25.450000,0,530.08,806.35,493.42,594.26,566.73,806.35,0.842
1528,25.466667,0,529.34,806.14,491.79,593.81,566.89,806.14,0.851
1529,25.483333,0,528.33,805.58,489.00,593.10,567.66,805.58,0.854
1530,25.500000,0,527.32,803.70,487.48,592.20,567.16,803.70,0.851
1531,25.516667,0,526.53,804.76,486.79,591.07,566.26,804.76,0.848
1532,25.533333,0,522.34,803.50,478.11,590.55,566.56,803.50,0.870
1533,25.550000,0,520.96,803.28,475.94,590.45,565.98,803.28,0.873
1534,25.566667,0,519.49,803.83,473.23,589.28,565.74,803.83,0.865
1535,25.583333,0,518.30,805.27,471.16,587.80,565.45,805.27,0.865
1536,25.600000,0,518.00,804.46,469.88,587.72,566.12,804.46,0.872
1537,25.616667,0,516.74,805.85,468.35,588.27,565.14,805.85,0.873
1538,25.633333,0,516.23,806.49,466.99,588.12,565.48,806.49,0.872
1539,25.650000,0,515.46,807.74,464.46,588.02,566.46,807.74,0.876
1540,25.666667,0,514.09,805.82,462.16,590.14,566.02,805.82,0.878
1541,25.683333,0,513.09,804.61,459.57,590.46,566.61,804.61,0.882
1542,25.700000,0,513.60,806.75,459.28,590.47,567.93,806.75,0.881
1543,25.716667,0,513.23,808.48,458.36,590.07,568.10,808.48,0.881
1544,25.733333,0,512.21,807.86,456.12,590.20,568.29,807.86,0.881
1545,25.750000,0,511.57,808.49,454.51,589.70,568.62,808.49,0.881
1546,25.766667,0,511.19,803.94,454.20,590.04,568.18,803.94,0.885
1547,25.783333,0,510.42,808.37,453.44,590.01,567.40,808.37,0.888
1548,25.800000,0,510.24,809.03,453.01,589.40,567.46,809.03,0.888
1549,25.816667,0,510.28,809.44,453.01,589.80,567.55,809.44,0.889
1550,25.833333,0,510.01,810.86,453.00,590.34,567.02,810.86,0.886
1551,25.850000,0,510.71,808.97,453.95,590.47,567.48,808.97,0.890
1552,25.866667,0,510.04,810.99,453.23,590.94,566.86,810.99,0.892
1553,25.883333,0,509.66,809.20,453.38,591.64,565.94,809.20,0.891
1554,25.900000,0,509.09,809.06,452.65,590.82,565.53,809.06,0.889
1555,25.916667,0,507.98,808.77,452.33,590.25,563.63,808.77,0.891
1556,25.933333,0,506.53,809.58,451.27,589.49,561.79,809.58,0.894
1557,25.950000,0,505.21,809.19,449.86,589.59,560.57,809.19,0.897
1558,25.966667,0,503.43,811.18,448.10,590.53,558.76,811.18,0.898
1559,25.983333,0,503.09,811.56,448.09,590.75,558.10,811.56,0.898
1560,26.000000,0,503.72,811.00,449.58,590.34,557.86,811.00,0.896
1561,26.016667,0,504.64,810.09,451.18,590.00,558.10,810.09,0.891
1562,26.033333,0,504.76,810.48,452.58,590.40,556.95,810.48,0.884
1563,26.050000,0,504.50,811.15,452.60,589.33,556.40,811.15,0.878
1564,26.066667,0,505.21,811.45,452.94,588.02,557.48,811.45,0.878
1565,26.083333,0,505.34,811.11,453.16,588.19,557.53,811.11,0.882
1566,26.100000,0,505.50,810.50,453.50,586.25,557.50,810.50,0.880
1567,26.116667,0,505.11,809.61,452.96,585.07,557.27,809.61,0.871
1568,26.133333,0,504.40,809.86,453.74,584.43,555.06,809.86,0.874
1569,26.150000,0,503.83,809.49,453.63,584.39,554.03,809.49,0.872
1570,26.166667,0,504.25,807.19,454.68,583.59,553.81,807.19,0.876
1571,26.183333,0,503.62,807.64,454.79,583.52,552.46,807.64,0.873
1572,26.200000,0,502.00,808.94,453.65,583.43,550.35,808.94,0.875
1573,26.216667,0,501.75,808.21,452.97,583.47,550.54,808.21,0.879
1574,26.233333,0,501.82,811.01,453.58,582.86,550.06,811.01,0.871
1575,26.250000,0,501.12,811.06,453.77,583.25,548.47,811.06,0.865
1576,26.266667,0,501.63,812.51,454.09,583.32,549.17,812.51,0.865
1577,26.283333,0,502.13,813.09,454.76,583.78,549.50,813.09,0.861
1578,26.300000,0,502.21,813.25,455.31,584.75,549.10,813.25,0.860
1579,26.316667,0,501.19,813.50,454.49,585.56,547.89,813.50,0.864
1580,26.333333,0,499.82,814.27,453.34,585.87,546.31,814.27,0.869
1581,26.350000,0,498.45,815.86,451.25,587.96,545.65,815.86,0.874
1582,26.366667,0,496.17,817.71,449.36,589.75,542.99,817.71,0.875
1583,26.383333,0,494.54,818.78,447.84,590.67,541.24,818.78,0.867
1584,26.400000,0,493.05,821.31,445.53,593.05,540.56,821.31,0.862
1585,26.416667,0,491.91,823.32,444.63,593.82,539.19,823.32,0.856
1586,26.433333,0,491.30,824.68,444.36,594.52,538.24,824.68,0.859
1587,26.450000,0,490.94,824.91,444.67,593.33,537.22,824.91,0.862
1588,26.466667,0,489.50,825.47,443.92,593.04,535.07,825.47,0.859
1589,26.483333,0,488.66,825.69,444.18,592.01,533.15,825.69,0.854
1590,26.500000,0,486.00,825.99,441.13,592.93,530.88,825.99,0.856
1591,26.516667,0,483.71,827.21,439.84,593.77,527.57,827.21,0.845
1592,26.533333,0,481.68,828.71,437.68,593.34,525.68,828.71,0.846
1593,26.550000,0,480.29,828.09,436.67,592.53,523.90,828.09,0.847
1594,26.566667,0,479.76,828.35,436.02,593.08,523.51,828.35,0.844
1595,26.583333,0,478.90,828.17,434.56,593.27,523.24,828.17,0.843
1596,26.600000,0,479.29,830.80,434.12,594.66,524.46,830.80,0.856
1597,26.616667,0,477.89,831.27,432.17,595.04,523.60,831.27,0.860
1598,26.633333,0,477.52,831.35,431.59,593.37,523.45,831.35,0.866
1599,26.650000,0,475.77,831.39,429.44,591.66,522.09,831.39,0.859
1600,26.666667,0,473.95,830.55,426.57,590.25,521.32,830.55,0.859
1601,26.683333,0,471.63,830.86,424.92,589.54,518.35,830.86,0.862
1602,26.700000,0,470.34,830.95,422.67,588.71,518.00,830.95,0.857
1603,26.716667,0,470.55,830.27,421.87,588.63,519.22,830.27,0.857
1604,26.733333,0,469.70,831.09,420.86,589.80,518.55,831.09,0.860
1605,26.750000,0,469.98,828.71,420.07,590.11,519.88,828.71,0.863
1606,26.766667,0,469.78,831.97,418.85,590.57,520.70,831.97,0.863
1607,26.783333,0,468.90,832.93,416.59,590.83,521.22,832.93,0.864
1608,26.800000,0,466.75,832.35,413.66,591.00,519.84,832.35,0.862
1609,26.816667,0,465.41,834.16,410.66,591.27,520.15,834.16,0.875
1610,26.833333,0,463.35,834.45,406.48,591.72,520.21,834.45,0.876
1611,26.850000,0,462.39,835.46,404.61,591.16,520.17,835.46,0.875
1612,26.866667,0,462.75,836.49,403.92,591.44,521.57,836.49,0.879
1613,26.883333,0,462.30,837.28,402.11,590.89,522.48,837.28,0.880
1614,26.900000,0,461.15,839.12,400.42,590.41,521.87,839.12,0.880
1615,26.916667,0,461.04,839.93,399.81,591.78,522.26,839.93,0.881
1616,26.933333,0,459.58,838.49,396.49,592.03,522.66,838.49,0.877
1617,26.950000,0,458.47,840.91,394.84,591.63,522.11,840.91,0.870
1618,26.966667,0,456.92,842.10,393.13,592.16,520.70,842.10,0.867
1619,26.983333,0,456.94,843.41,391.37,593.98,522.50,843.41,0.868
1620,27.000000,0,455.07,851.15,387.22,594.87,522.92,851.15,0.875
1621,27.016667,0,454.12,853.67,387.53,595.77,520.71,853.67,0.873
1622,27.033333,0,452.97,857.39,385.20,596.55,520.73,857.39,0.874
1623,27.050000,0,451.42,853.88,383.03,598.12,519.82,853.88,0.873
1624,27.066667,0,451.46,859.68,383.09,600.63,519.82,859.68,0.868
1625,27.083333,0,450.57,862.70,381.80,601.52,519.34,862.70,0.873
1626,27.100000,0,449.33,866.49,380.64,603.63,518.03,866.49,0.875
1627,27.116667,0,447.72,868.30,379.81,604.51,515.63,868.30,0.877
1628,27.133333,0,446.94,869.33,378.45,605.93,515.43,869.33,0.879
1629,27.150000,0,447.23,871.47,378.07,607.74,516.39,871.47,0.869
1630,27.166667,0,445.58,871.70,377.76,608.90,513.40,871.70,0.881
1631,27.183333,0,444.53,870.87,377.08,608.83,511.98,870.87,0.877
1632,27.200000,0,444.27,870.46,376.72,608.77,511.83,870.46,0.869
1633,27.216667,0,442.56,871.74,374.54,609.25,510.57,871.74,0.879
1634,27.233333,0,440.54,872.28,373.13,608.94,507.95,872.28,0.880
1635,27.250000,0,437.51,871.46,367.99,608.80,507.04,871.46,0.900
1636,27.266667,0,435.54,871.15,366.87,608.95,504.21,871.15,0.894
1637,27.283333,0,436.13,873.26,369.48,609.79,502.78,873.26,0.891
1638,27.300000,0,435.53,873.53,369.84,609.31,501.22,873.53,0.882
1639,27.316667,0,434.97,872.64,370.67,608.51,499.26,872.64,0.884
1640,27.333333,0,433.94,873.21,372.12,608.03,495.75,873.21,0.882
1641,27.350000,0,433.53,872.37,373.66,608.23,493.40,872.37,0.881
1642,27.366667,0,431.94,871.41,374.27,607.17,489.61,871.41,0.877
1643,27.383333,0,430.37,869.20,374.93,605.86,485.80,869.20,0.859
1644,27.400000,0,428.39,867.17,374.81,605.97,481.98,867.17,0.863
1645,27.416667,0,427.44,864.54,376.27,605.41,478.62,864.54,0.845
1646,27.433333,0,426.29,866.21,376.90,604.83,475.68,866.21,0.853
1647,27.450000,0,425.24,863.83,376.40,603.26,474.09,863.83,0.858
1648,27.466667,0,424.07,863.85,376.10,602.39,472.03,863.85,0.857
1649,27.483333,0,424.10,863.44,378.67,601.79,469.52,863.44,0.856
1650,27.500000,0,423.67,865.53,379.19,601.61,468.16,865.53,0.859
1651,27.516667,0,423.06,865.57,379.06,600.82,467.06,865.57,0.860
1652,27.533333,0,422.28,866.28,378.61,600.79,465.96,866.28,0.861
1653,27.550000,0,420.74,866.73,377.62,601.58,463.86,866.73,0.853
1654,27.566667,0,418.88,868.54,375.50,601.81,462.26,868.54,0.859
1655,27.583333,0,417.15,870.46,372.96,602.09,461.34,870.46,0.868
1656,27.600000,0,416.69,872.43,371.99,600.80,461.38,872.43,0.868
1657,27.616667,0,416.05,877.06,370.04,600.49,462.06,877.06,0.868
1658,27.633333,0,414.99,876.79,368.93,600.89,461.06,876.79,0.871
1659,27.650000,0,412.48,877.86,365.51,602.36,459.45,877.86,0.860
1660,27.666667,0,409.56,880.17,361.77,604.00,457.36,880.17,0.856
1661,27.683333,0,407.25,880.64,361.35,604.67,453.15,880.64,0.851
1662,27.700000,0,404.80,882.86,358.34,604.65,451.27,882.86,0.853
1663,27.716667,0,403.55,883.08,357.41,606.05,449.69,883.08,0.863
1664,27.733333,0,402.83,885.04,357.97,606.90,447.69,885.04,0.870
1665,27.750000,0,403.03,885.71,358.09,606.35,447.96,885.71,0.868
1666,27.766667,0,404.24,885.76,358.59,606.85,449.89,885.76,0.869
1667,27.783333,0,404.23,885.99,358.88,606.85,449.58,885.99,0.872
1668,27.800000,0,405.64,886.09,357.49,605.73,453.79,886.09,0.865
1669,27.816667,0,402.90,885.74,355.26,605.40,450.55,885.74,0.868
1670,27.833333,0,400.50,885.67,351.77,604.04,449.23,885.67,0.851
1671,27.850000,0,395.94,883.34,346.32,604.75,445.55,883.34,0.839
1672,27.866667,0,392.23,884.66,343.45,605.46,441.02,884.66,0.839
1673,27.883333,0,390.19,885.50,340.46,604.70,439.91,885.50,0.844
1674,27.900000,0,388.53,885.16,337.00,603.72,440.06,885.16,0.847
1675,27.916667,0,386.65,884.62,334.09,603.31,439.20,884.62,0.853
1676,27.933333,0,383.03,884.96,329.47,600.77,436.60,884.96,0.852
1677,27.950000,0,380.56,884.77,327.25,599.76,433.87,884.77,0.847
1678,27.966667,0,377.52,884.57,322.14,598.53,432.91,884.57,0.852
1679,27.983333,0,374.81,886.20,317.14,598.41,432.47,886.20,0.857
1680,28.000000,0,373.91,889.47,315.40,599.34,432.43,889.47,0.863
1681,28.016667,0,370.80,889.97,308.91,598.48,432.69,889.97,0.872
1682,28.033333,0,371.46,888.93,307.73,597.99,435.18,888.93,0.882
1683,28.050000,0,371.10,886.47,306.58,596.59,435.63,886.47,0.888
1684,28.066667,0,370.11,886.60,302.48,595.32,437.74,886.60,0.886
1685,28.083333,0,368.53,886.99,297.87,596.10,439.20,886.99,0.884
1686,28.100000,0,368.06,889.08,295.67,596.37,440.44,889.08,0.889
1687,28.116667,0,366.88,890.60,293.23,596.74,440.53,890.60,0.892
1688,28.133333,0,366.94,890.85,290.68,597.52,443.21,890.85,0.892
1689,28.150000,0,365.80,897.35,287.74,599.62,443.86,897.35,0.892
1690,28.166667,0,365.69,901.67,286.57,600.34,444.81,901.67,0.892
1691,28.183333,0,363.74,904.32,282.72,600.13,444.76,904.32,0.884
1692,28.200000,0,363.38,905.74,281.53,601.67,445.24,905.74,0.887
1693,28.216667,0,361.72,905.82,279.39,602.36,444.05,905.82,0.885
1694,28.233333,0,360.47,906.63,277.43,603.27,443.50,906.63,0.880
1695,28.250000,0,357.59,907.98,273.55,604.40,441.63,907.98,0.880
1696,28.266667,0,355.66,911.70,272.40,605.52,438.91,911.70,0.879
1697,28.283333,0,353.65,914.08,270.40,606.75,436.91,914.08,0.884
1698,28.300000,0,350.80,914.64,267.93,605.59,433.66,914.64,0.884
1699,28.316667,0,349.14,914.39,266.52,606.21,431.76,914.39,0.885
1700,28.333333,0,347.85,915.97,264.71,606.94,430.99,915.97,0.889
1701,28.350000,0,348.01,914.82,265.44,607.72,430.59,914.82,0.888
1702,28.366667,0,346.67,914.33,264.65,607.03,428.70,914.33,0.890
1703,28.383333,0,345.69,913.93,263.54,606.62,427.84,913.93,0.891
1704,28.400000,0,344.28,913.70,263.05,607.38,425.52,913.70,0.888
1705,28.416667,0,342.18,911.87,262.01,608.26,422.36,911.87,0.890
1706,28.433333,0,339.91,912.00,261.87,608.57,417.94,912.00,0.891
1707,28.450000,0,338.52,911.71,261.81,607.45,415.23,911.71,0.894
1708,28.466667,0,338.20,911.39,263.15,607.03,413.26,911.39,0.889
1709,28.483333,0,337.61,911.51,265.06,606.32,410.15,911.51,0.898
1710,28.500000,0,337.00,910.64,264.56,603.83,409.44,910.64,0.891
1711,28.516667,0,337.82,908.39,268.11,602.59,407.53,908.39,0.889
1712,28.533333,0,337.61,908.97,269.89,602.16,405.34,908.97,0.890
1713,28.550000,0,337.90,909.62,272.04,601.40,403.77,909.62,0.891
1714,28.566667,0,335.15,908.73,272.90,600.00,397.41,908.73,0.876
1715,28.583333,0,335.48,900.05,275.00,597.67,395.97,900.05,0.870
1716,28.600000,0,335.18,904.00,276.57,596.68,393.79,904.00,0.864
1717,28.616667,0,333.71,906.66,278.96,596.59,388.46,906.66,0.876
1718,28.633333,0,332.61,902.03,280.03,595.66,385.18,902.03,0.872
1719,28.650000,0,332.98,901.39,281.35,594.62,384.62,901.39,0.878
1720,28.666667,0,332.35,901.33,280.97,594.28,383.72,901.33,0.877
1721,28.683333,0,328.41,901.73,277.26,593.93,379.56,901.73,0.876
1722,28.700000,0,323.32,902.03,270.11,593.67,376.54,902.03,0.856
1723,28.716667,0,320.22,903.43,267.34,592.91,373.10,903.43,0.858
1724,28.733333,0,318.44,904.59,265.37,591.70,371.51,904.59,0.860
1725,28.750000,0,316.13,906.15,260.86,590.50,371.39,906.15,0.856
1726,28.766667,0,311.19,907.94,253.13,591.85,369.25,907.94,0.867
1727,28.783333,0,308.64,907.63,250.81,591.01,366.46,907.63,0.868
1728,28.800000,0,305.70,912.19,246.42,591.82,364.98,912.19,0.856
1729,28.816667,0,302.26,915.07,241.76,593.04,362.75,915.07,0.859
1730,28.833333,0,300.29,915.36,239.99,592.91,360.59,915.36,0.854
1731,28.850000,0,299.48,917.20,239.00,592.26,359.96,917.20,0.855
1732,28.866667,0,298.84,917.02,238.77,590.70,358.91,917.02,0.850
1733,28.883333,0,298.22,917.57,240.31,590.86,356.13,917.57,0.839
1734,28.900000,0,298.99,920.70,241.43,589.73,356.54,920.70,0.823
1735,28.916667,0,301.22,923.53,242.68,590.22,359.76,923.53,0.829
1736,28.933333,0,300.85,923.58,243.71,589.99,357.98,923.58,0.834
1737,28.950000,0,299.90,922.76,242.52,590.14,357.27,922.76,0.837
1738,28.966667,0,297.33,922.92,240.75,590.09,353.90,922.92,0.850
1739,28.983333,0,296.43,922.91,238.28,589.05,354.58,922.91,0.854
1740,29.000000,0,295.49,922.82,237.23,589.78,353.75,922.82,0.859
1741,29.016667,0,293.78,923.29,236.03,588.88,351.52,923.29,0.867
1742,29.033333,0,290.52,923.65,232.66,589.59,348.38,923.65,0.870
1743,29.050000,0,286.89,923.49,226.41,590.55,347.37,923.49,0.875
1744,29.066667,0,283.60,923.15,220.92,590.48,346.29,923.15,0.872
1745,29.083333,0,279.35,924.10,212.98,589.44,345.73,924.10,0.873
1746,29.100000,0,274.73,924.50,209.67,588.68,339.78,924.50,0.882
1747,29.116667,0,269.77,924.85,203.19,587.54,336.36,924.85,0.893
1748,29.133333,0,265.71,924.85,198.24,585.92,333.18,924.85,0.898
1749,29.150000,0,262.62,925.26,192.39,587.00,332.84,925.26,0.903
1750,29.166667,0,261.95,924.32,188.84,585.65,335.06,924.32,0.900
1751,29.183333,0,260.34,924.23,183.88,585.11,336.79,924.23,0.903
1752,29.200000,0,259.48,924.25,180.32,585.20,338.63,924.25,0.895
1753,29.216667,0,257.18,923.78,175.15,585.32,339.20,923.78,0.893
1754,29.233333,0,253.82,924.35,166.92,586.62,340.72,924.35,0.895
1755,29.250000,0,252.82,926.91,163.77,586.98,341.86,926.91,0.900
1756,29.266667,0,251.78,930.85,160.68,587.36,342.88,930.85,0.899
1757,29.283333,0,251.08,939.51,158.94,587.86,343.22,939.51,0.904
1758,29.300000,0,249.78,940.14,154.57,589.18,344.98,940.14,0.909
1759,29.316667,0,249.15,941.66,152.07,590.11,346.23,941.66,0.911
1760,29.333333,0,246.14,944.53,146.78,591.20,345.50,944.53,0.917
1761,29.350000,0,243.95,947.28,143.09,593.28,344.81,947.28,0.915
1762,29.366667,0,242.26,951.06,141.37,594.62,343.16,951.06,0.916
1763,29.383333,0,239.45,953.53,137.00,594.60,341.89,953.53,0.911
1764,29.400000,0,236.48,955.42,132.31,594.97,340.65,955.42,0.910
1765,29.416667,0,234.54,957.74,130.15,595.74,338.93,957.74,0.906
1766,29.433333,0,231.90,960.96,126.84,597.06,336.96,960.96,0.912
1767,29.450000,0,231.42,962.96,126.50,595.70,336.33,962.96,0.914
1768,29.466667,0,229.76,964.58,124.85,596.11,334.66,964.58,0.917
1769,29.483333,0,228.13,964.78,123.43,596.44,332.84,964.78,0.922
1770,29.500000,0,226.60,964.76,122.14,596.45,331.05,964.76,0.922
1771,29.516667,0,224.13,965.34,120.68,597.53,327.59,965.34,0.914
1772,29.533333,0,223.44,964.57,120.36,597.61,326.52,964.57,0.911
1773,29.550000,0,221.92,964.66,119.73,596.92,324.12,964.66,0.912
1774,29.566667,0,220.66,964.56,120.71,596.59,320.62,964.56,0.910
1775,29.583333,0,219.71,964.89,121.55,596.66,317.87,964.89,0.910
1776,29.600000,0,220.35,966.05,123.01,597.21,317.69,966.05,0.911
1777,29.616667,0,220.03,966.07,123.47,596.04,316.60,966.07,0.904
1778,29.633333,0,219.31,966.37,125.28,595.69,313.35,966.37,0.907
1779,29.650000,0,218.88,965.72,127.41,594.77,310.36,965.72,0.900
1780,29.666667,0,217.55,965.08,129.27,594.13,305.82,965.08,0.894
1781,29.683333,0,216.53,964.33,130.56,593.12,302.49,964.33,0.893
1782,29.700000,0,215.28,963.74,132.60,591.96,297.96,963.74,0.894
1783,29.716667,0,214.19,963.41,134.74,591.22,293.64,963.41,0.894
1784,29.733333,0,213.46,964.82,137.43,590.77,289.48,964.82,0.890
1785,29.750000,0,211.96,964.89,139.14,590.55,284.78,964.89,0.888
1786,29.766667,0,211.44,965.49,140.44,591.61,282.44,965.49,0.885
1787,29.783333,0,210.61,965.99,141.75,593.14,279.47,965.99,0.880
1788,29.800000,0,211.88,967.80,146.89,593.47,276.87,967.80,0.872
1789,29.816667,0,210.60,970.26,148.00,593.51,273.21,970.26,0.875
1790,29.833333,0,209.26,973.97,145.75,595.61,272.77,973.97,0.879
1791,29.850000,0,206.65,976.65,141.78,595.45,271.53,976.65,0.883
1792,29.866667,0,203.77,981.53,137.24,595.84,270.31,981.53,0.883
1793,29.883333,0,198.98,985.05,130.65,597.28,267.31,985.05,0.883
1794,29.900000,0,193.19,986.00,121.81,599.40,264.57,986.00,0.884
1795,29.916667,0,189.76,986.18,117.68,599.47,261.83,986.18,0.876
1796,29.933333,0,183.73,989.27,108.89,602.18,258.57,989.27,0.875
1797,29.950000,0,179.53,990.59,103.93,603.61,255.13,990.59,0.881
1798,29.966667,0,176.10,988.62,99.53,603.76,252.68,988.62,0.888
1799,29.983333,0,174.23,992.97,97.12,604.59,251.34,992.97,0.893
1800,30.000000,0,173.29,996.00,96.26,605.48,250.31,996.00,0.890
1801,30.016667,0,172.76,1003.62,95.48,605.81,250.03,1003.62,0.887
1802,30.033333,0,172.99,1009.69,96.59,605.62,249.39,1009.69,0.887
1803,30.050000,0,173.05,1010.71,97.15,606.02,248.95,1010.71,0.887
1804,30.066667,0,174.15,1012.13,101.21,605.06,247.09,1012.13,0.888
1805,30.083333,0,172.96,1014.84,101.79,605.03,244.13,1014.84,0.885
1806,30.100000,0,170.66,1016.13,99.49,607.58,241.83,1016.13,0.891
1807,30.116667,0,169.67,1016.28,99.03,607.41,240.30,1016.28,0.895
1808,30.133333,0,171.31,1017.04,100.11,605.18,242.51,1017.04,0.883
1809,30.150000,0,171.05,1016.82,100.00,606.13,242.10,1016.82,0.878
1810,30.166667,0,168.84,1016.06,97.02,607.57,240.66,1016.06,0.886
1811,30.183333,0,167.22,1016.37,95.82,608.29,238.62,1016.37,0.882
1812,30.200000,0,165.65,1017.53,92.65,607.17,238.66,1017.53,0.886
1813,30.216667,0,163.15,1018.71,89.93,606.90,236.38,1018.71,0.894
1814,30.233333,0,159.37,1020.14,84.87,606.72,233.87,1020.14,0.889
1815,30.250000,0,154.81,1020.57,78.62,606.14,231.01,1020.57,0.891
1816,30.266667,0,149.91,1020.76,71.13,606.18,228.70,1020.76,0.893
1817,30.283333,0,146.05,1021.86,64.73,606.43,227.36,1021.86,0.895
1818,30.300000,0,141.61,1022.19,57.78,606.55,225.43,1022.19,0.902
1819,30.316667,0,137.55,1021.56,50.03,604.99,225.08,1021.56,0.907
1820,30.333333,0,133.25,1021.59,42.34,604.73,224.16,1021.59,0.913
1821,30.350000,0,130.50,1021.40,36.05,602.77,224.96,1021.40,0.912
1822,30.366667,0,126.54,1023.87,28.17,604.35,224.91,1023.87,0.917
1823,30.383333,0,124.75,1024.27,24.08,603.96,225.42,1024.27,0.917
1824,30.400000,0,122.89,1022.76,18.60,604.21,227.17,1022.76,0.918
1825,30.416667,0,121.24,1022.75,14.88,602.74,227.59,1022.75,0.921
1826,30.433333,0,117.45,1023.51,6.19,600.76,228.70,1023.51,0.926
1827,30.450000,0,115.96,1030.47,1.20,601.70,230.71,1030.47,0.930
1828,30.466667,0,116.53,1033.39,0.17,604.31,232.88,1033.39,0.932
1829,30.483333,0,117.14,1034.31,0.10,606.01,234.18,1034.31,0.932
1830,30.500000,0,117.18,1035.44,0.00,604.52,234.36,1035.44,0.928
1831,30.516667,0,117.96,1035.70,0.00,607.10,235.93,1035.70,0.928
1832,30.533333,0,117.36,1035.52,0.00,607.70,234.71,1035.52,0.927
1833,30.550000,0,117.15,1038.41,0.00,607.44,234.31,1038.41,0.922
1834,30.566667,0,116.13,1045.21,0.00,607.20,232.25,1045.21,0.925
1835,30.583333,0,116.05,1047.26,0.00,609.08,232.10,1047.26,0.928
1836,30.600000,0,116.33,1047.74,0.00,609.75,232.65,1047.74,0.928
1837,30.616667,0,116.87,1049.35,0.00,610.50,233.74,1049.35,0.930
1838,30.633333,0,116.55,1049.36,0.00,610.62,233.09,1049.36,0.930
1839,30.650000,0,116.21,1049.35,0.00,610.98,232.42,1049.35,0.932
1840,30.666667,0,116.37,1049.71,0.00,612.33,232.74,1049.71,0.933
1841,30.683333,0,115.10,1050.34,0.10,612.85,230.11,1050.34,0.932
1842,30.700000,0,114.57,1050.06,0.08,613.08,229.06,1050.06,0.929
1843,30.716667,0,114.12,1049.79,0.20,613.33,228.03,1049.79,0.934
1844,30.733333,0,113.33,1049.75,0.25,613.30,226.41,1049.75,0.933
1845,30.750000,0,112.22,1050.85,0.00,612.87,224.44,1050.85,0.928
1846,30.766667,0,111.32,1049.83,0.00,613.76,222.64,1049.83,0.928
1847,30.783333,0,110.59,1050.95,0.04,614.02,221.13,1050.95,0.932
1848,30.800000,0,108.98,1050.72,0.22,614.49,217.74,1050.72,0.932
1849,30.816667,0,108.13,1050.71,1.03,615.29,215.24,1050.71,0.925
1850,30.833333,0,108.84,1049.41,6.13,615.40,211.55,1049.41,0.917
1851,30.850000,0,108.27,1051.53,7.35,614.88,209.19,1051.53,0.910
1852,30.866667,0,109.07,1049.75,11.42,614.58,206.71,1049.75,0.899
1853,30.883333,0,108.47,1051.02,13.08,614.16,203.85,1051.02,0.897
1854,30.900000,0,108.62,1051.74,14.75,614.15,202.49,1051.74,0.898
1855,30.916667,0,109.88,1051.39,18.00,613.79,201.77,1051.39,0.894
1856,30.933333,0,110.04,1049.98,20.69,614.25,199.38,1049.98,0.903
1857,30.950000,0,110.32,1049.55,22.10,613.09,198.54,1049.55,0.909
1858,30.966667,0,110.48,1048.67,23.62,611.32,197.34,1048.67,0.901
1859,30.983333,0,110.00,1048.69,23.76,609.95,196.24,1048.69,0.900
1860,31.000000,0,108.12,1047.17,22.14,610.17,194.11,1047.17,0.903
1861,31.016667,0,107.37,1049.29,21.21,609.33,193.54,1049.29,0.903
1862,31.033333,0,106.32,1052.22,19.95,608.88,192.68,1052.22,0.907
1863,31.050000,0,104.71,1052.42,18.02,608.76,191.40,1052.42,0.908
1864,31.066667,0,104.34,1054.75,16.95,608.72,191.73,1054.75,0.911
1865,31.083333,0,104.62,1055.30,16.34,608.32,192.90,1055.30,0.910
1866,31.100000,0,103.94,1055.34,15.14,608.47,192.73,1055.34,0.906
1867,31.116667,0,104.51,1056.77,14.42,607.94,194.59,1056.77,0.902
1868,31.133333,0,102.85,1057.21,11.72,608.46,193.98,1057.21,0.900
1869,31.150000,0,102.15,1050.44,10.25,609.81,194.05,1050.44,0.894
1870,31.166667,0,100.05,1061.73,5.44,610.25,194.66,1061.73,0.909
1871,31.183333,0,98.57,1062.95,0.23,611.63,196.90,1062.95,0.925
1872,31.200000,0,99.31,1065.90,0.12,612.24,198.50,1065.90,0.926
1873,31.216667,0,98.55,1068.72,0.02,612.16,197.08,1068.72,0.929
1874,31.233333,0,98.85,1070.12,0.03,612.09,197.66,1070.12,0.935
1875,31.250000,0,100.04,1069.31,0.03,612.13,200.05,1069.31,0.933
1876,31.266667,0,99.91,1070.57,0.00,612.16,199.82,1070.57,0.930
1877,31.283333,0,99.86,1069.60,0.00,611.43,199.71,1069.60,0.928
1878,31.300000,0,99.81,1068.52,0.00,612.35,199.61,1068.52,0.922
1879,31.316667,0,98.07,1071.51,0.11,613.09,196.02,1071.51,0.923
1880,31.333333,0,97.62,1072.29,0.11,612.38,195.13,1072.29,0.921
1881,31.350000,0,96.60,1070.18,0.14,611.70,193.06,1070.18,0.919
1882,31.366667,0,95.62,1069.80,0.24,611.69,191.01,1069.80,0.917
1883,31.383333,0,95.52,1069.30,1.22,611.11,189.83,1069.30,0.912
1884,31.400000,0,95.39,1071.01,2.60,609.79,188.18,1071.01,0.914
1885,31.416667,0,95.25,1070.71,3.77,609.22,186.73,1070.71,0.910
1886,31.433333,0,94.36,1071.19,4.43,607.50,184.28,1071.19,0.903
1887,31.450000,0,93.84,1070.80,4.41,606.54,183.27,1070.80,0.904
1888,31.466667,0,95.05,1069.86,6.85,606.19,183.25,1069.86,0.903
1889,31.483333,0,95.52,1069.54,8.12,605.00,182.91,1069.54,0.903
1890,31.500000,0,98.82,1070.60,13.55,604.55,184.10,1070.60,0.899
1891,31.516667,0,101.30,1069.89,17.76,604.85,184.84,1069.89,0.891
1892,31.533333,0,101.95,1070.49,19.60,604.40,184.30,1070.49,0.891
1893,31.550000,0,101.86,1070.16,19.85,603.61,183.87,1070.16,0.891
1894,31.566667,0,100.71,1070.48,18.85,603.54,182.57,1070.48,0.894
1895,31.583333,0,100.31,1070.06,18.09,603.18,182.54,1070.06,0.895
1896,31.600000,0,100.14,1070.10,17.65,603.12,182.62,1070.10,0.895
1897,31.616667,0,100.94,1070.62,18.91,602.85,182.97,1070.62,0.892
1898,31.633333,0,102.76,1070.42,20.89,602.80,184.64,1070.42,0.892
1899,31.650000,0,104.49,1070.77,22.12,602.68,186.86,1070.77,0.891
1900,31.666667,0,105.71,1070.75,23.17,602.36,188.25,1070.75,0.890
1901,31.683333,0,105.81,1061.25,22.93,602.15,188.70,1061.25,0.891
1902,31.700000,0,104.88,1063.21,21.28,600.99,188.48,1063.21,0.891
1903,31.716667,0,103.84,1065.29,20.75,601.35,186.93,1065.29,0.885
1904,31.733333,0,102.64,1064.43,18.22,600.57,187.07,1064.43,0.886
1905,31.750000,0,101.83,1065.65,16.42,600.12,187.24,1065.65,0.888
1906,31.766667,0,102.73,1065.36,17.11,600.12,188.34,1065.36,0.884
1907,31.783333,0,104.38,1065.23,19.08,600.23,189.68,1065.23,0.890
1908,31.800000,0,105.57,1064.20,20.45,600.11,190.70,1064.20,0.886
1909,31.816667,0,106.64,1063.74,21.49,600.18,191.79,1063.74,0.890
1910,31.833333,0,106.51,1058.34,21.58,599.43,191.44,1058.34,0.889
1911,31.850000,0,105.71,1056.03,20.33,600.07,191.08,1056.03,0.890
1912,31.866667,0,104.61,1052.89,19.96,599.79,189.26,1052.89,0.888
1913,31.883333,0,104.24,1058.15,20.26,599.83,188.22,1058.15,0.892
1914,31.900000,0,104.31,1062.20,19.91,599.81,188.70,1062.20,0.896
1915,31.916667,0,105.42,1059.30,22.26,599.55,188.58,1059.30,0.904
1916,31.933333,0,108.28,1058.84,26.81,598.68,189.76,1058.84,0.895
1917,31.950000,0,109.85,1060.60,29.74,596.06,189.96,1060.60,0.896
1918,31.966667,0,111.17,1057.89,32.30,596.99,190.04,1057.89,0.888
1919,31.983333,0,111.32,1056.33,31.58,596.34,191.06,1056.33,0.887
1920,32.000000,0,114.56,1056.33,36.51,597.99,192.60,1056.33,0.886
1921,32.016667,0,116.31,1047.19,35.56,596.80,197.07,1047.19,0.876
1922,32.033333,0,119.83,1051.90,37.07,598.10,202.59,1051.90,0.889
1923,32.050000,0,125.34,1053.45,41.87,598.21,208.80,1053.45,0.875
1924,32.066667,0,129.53,1053.75,46.74,598.80,212.32,1053.75,0.881
1925,32.083333,0,132.76,1054.65,48.21,598.46,217.31,1054.65,0.879
1926,32.100000,0,135.28,1054.68,48.16,600.54,222.39,1054.68,0.862
1927,32.116667,0,137.32,1050.28,49.16,601.14,225.47,1050.28,0.859
1928,32.133333,0,139.07,1048.90,49.29,602.21,228.85,1048.90,0.877
1929,32.150000,0,148.11,1052.99,49.83,603.67,246.38,1052.99,0.862
1930,32.166667,0,153.56,1053.86,51.14,600.35,255.99,1053.86,0.866
1931,32.183333,0,162.48,1054.16,53.79,599.87,271.17,1054.16,0.882
1932,32.200000,0,167.37,1052.89,55.17,600.27,279.57,1052.89,0.899
1933,32.216667,0,172.58,1051.71,55.85,601.56,289.31,1051.71,0.899
1934,32.233333,0,176.98,1051.59,56.50,602.86,297.47,1051.59,0.910
1935,32.250000,0,178.25,1053.04,55.65,604.42,300.85,1053.04,0.912
1936,32.266667,0,179.65,1053.28,54.61,607.78,304.70,1053.28,0.920
1937,32.283333,0,180.78,1054.76,51.94,608.94,309.61,1054.76,0.910
1938,32.300000,0,181.66,1054.41,50.35,610.41,312.97,1054.41,0.914
1939,32.316667,0,180.49,1056.45,49.29,609.29,311.68,1056.45,0.906
1940,32.333333,0,179.43,1056.97,47.68,609.90,311.18,1056.97,0.908
1941,32.350000,0,180.25,1055.83,47.70,611.35,312.80,1055.83,0.906
1942,32.366667,0,180.68,1054.48,47.96,611.10,313.41,1054.48,0.915
1943,32.383333,0,178.51,1052.62,46.83,612.07,310.18,1052.62,0.922
1944,32.400000,0,178.58,1051.40,47.62,611.99,309.54,1051.40,0.922
1945,32.416667,0,177.29,1051.00,44.74,612.20,309.85,1051.00,0.924
1946,32.433333,0,178.30,1051.57,47.35,613.25,309.24,1051.57,0.919
1947,32.450000,0,176.89,1052.20,47.23,612.96,306.56,1052.20,0.915
1948,32.466667,0,180.37,1052.41,54.10,611.18,306.65,1052.41,0.920
1949,32.483333,0,183.17,1053.33,61.86,610.50,304.49,1053.33,0.917
1950,32.500000,0,188.59,1051.26,68.47,608.18,308.71,1051.26,0.915
1951,32.516667,0,194.86,1046.99,79.02,606.45,310.70,1046.99,0.920
1952,32.533333,0,198.29,1045.62,87.67,604.05,308.90,1045.62,0.909
1953,32.550000,0,203.03,1046.44,95.53,603.92,310.53,1046.44,0.905
1954,32.566667,0,210.71,1047.94,105.42,602.03,316.00,1047.94,0.904
1955,32.583333,0,218.79,1047.50,119.36,602.21,318.21,1047.50,0.888
1956,32.600000,0,225.71,1052.40,130.29,598.25,321.13,1052.40,0.895
1957,32.616667,0,234.78,1052.68,141.74,596.73,327.82,1052.68,0.885
1958,32.633333,0,248.91,1050.00,159.06,596.24,338.76,1050.00,0.869
1959,32.650000,0,264.24,1050.78,179.48,595.38,348.99,1050.78,0.862
1960,32.666667,0,275.28,1049.19,187.82,593.51,362.74,1049.19,0.879
1961,32.683333,0,284.27,1047.74,194.69,592.15,373.86,1047.74,0.894
1962,32.700000,0,289.82,1050.79,196.97,591.59,382.66,1050.79,0.915
1963,32.716667,0,297.10,1050.67,200.76,591.68,393.45,1050.67,0.918
1964,32.733333,0,303.51,1047.13,202.69,592.33,404.32,1047.13,0.920
1965,32.750000,0,306.29,1045.51,198.13,593.67,414.44,1045.51,0.920
1966,32.766667,0,309.37,1038.36,196.02,592.90,422.72,1038.36,0.909
1967,32.783333,0,312.57,1045.50,192.66,593.98,432.48,1045.50,0.920
1968,32.800000,0,313.54,1047.66,189.93,594.80,437.16,1047.66,0.928
1969,32.816667,0,317.17,1045.92,188.62,596.63,445.72,1045.92,0.915
1970,32.833333,0,322.82,1053.72,189.11,597.89,456.53,1053.72,0.923
1971,32.850000,0,326.56,1053.30,190.17,599.31,462.95,1053.30,0.924
1972,32.866667,0,330.39,1054.78,191.50,601.23,469.27,1054.78,0.921
1973,32.883333,0,335.15,1054.51,195.22,602.66,475.07,1054.51,0.924
1974,32.900000,0,341.46,1055.17,201.83,604.35,481.09,1055.17,0.922
1975,32.916667,0,345.31,1056.99,206.24,604.65,484.37,1056.99,0.925
1976,32.933333,0,347.56,1059.75,208.72,605.44,486.39,1059.75,0.924
1977,32.950000,0,351.01,1060.16,214.20,607.47,487.83,1060.16,0.920
1978,32.966667,0,355.02,1060.16,219.92,607.65,490.12,1060.16,0.923
1979,32.983333,0,360.93,1060.65,225.72,607.54,496.14,1060.65,0.926
1980,33.000000,0,362.13,1058.43,230.24,606.84,494.03,1058.43,0.924
1981,33.016667,0,365.26,1058.33,235.06,605.38,495.46,1058.33,0.922
1982,33.033333,0,366.36,1058.75,236.05,604.46,496.67,1058.75,0.925
1983,33.050000,0,367.64,1057.47,239.09,603.74,496.19,1057.47,0.923
1984,33.066667,0,371.33,1056.40,247.16,603.59,495.50,1056.40,0.924
1985,33.083333,0,373.41,1057.11,254.94,602.53,491.87,1057.11,0.918
1986,33.100000,0,375.62,1059.07,262.16,601.43,489.08,1059.07,0.904
1987,33.116667,0,378.86,1058.77,272.28,599.74,485.43,1058.77,0.888
1988,33.133333,0,380.50,1059.61,280.94,598.02,480.07,1059.61,0.876
1989,33.150000,0,383.40,1057.79,292.40,597.15,474.41,1057.79,0.888
1990,33.166667,0,390.32,1055.68,302.36,595.45,478.28,1055.68,0.871
1991,33.183333,0,400.19,1055.17,316.43,595.91,483.95,1055.17,0.867
1992,33.200000,0,410.15,1056.40,329.98,593.92,490.32,1056.40,0.843
1993,33.216667,0,416.95,1050.37,344.07,592.06,489.84,1050.37,0.818
1994,33.233333,0,426.09,1051.99,355.09,591.35,497.09,1051.99,0.832
1995,33.250000,0,432.86,1054.71,363.12,590.25,502.59,1054.71,0.824
1996,33.266667,0,439.34,1054.54,367.08,590.95,511.60,1054.54,0.856
1997,33.283333,0,445.09,1054.46,370.08,590.07,520.11,1054.46,0.885
1998,33.300000,0,451.93,1051.14,375.23,591.31,528.63,1051.14,0.876
1999,33.316667,0,457.44,1050.65,378.72,588.04,536.16,1050.65,0.860
2000,33.333333,0,463.48,1050.58,383.44,588.51,543.52,1050.58,0.876
2001,33.350000,0,468.93,1052.19,384.38,589.86,553.47,1052.19,0.874
2002,33.366667,0,475.92,1053.25,384.14,595.57,567.70,1053.25,0.909
2003,33.383333,0,484.86,1053.29,383.86,593.70,585.86,1053.29,0.908
2004,33.400000,0,491.89,1054.17,383.95,594.65,599.82,1054.17,0.905
2005,33.416667,0,495.62,1054.29,380.74,593.16,610.50,1054.29,0.897
2006,33.433333,0,502.50,1053.93,378.43,595.44,626.56,1053.93,0.923
2007,33.450000,0,504.22,1053.34,374.28,594.63,634.15,1053.34,0.935
2008,33.466667,0,508.01,1052.40,375.47,595.40,640.55,1052.40,0.931
2009,33.483333,0,510.07,1052.87,375.08,596.10,645.07,1052.87,0.932
2010,33.500000,0,511.32,1053.55,376.29,598.03,646.36,1053.55,0.932
2011,33.516667,0,510.70,1055.21,376.79,600.59,644.61,1055.21,0.934
2012,33.533333,0,510.29,1057.18,377.12,601.77,643.46,1057.18,0.934
2013,33.550000,0,507.71,1055.80,376.20,602.51,639.23,1055.80,0.934
2014,33.566667,0,507.07,1054.95,375.60,602.50,638.53,1054.95,0.932
2015,33.583333,0,507.84,1057.17,374.83,603.81,640.84,1057.17,0.931
2016,33.600000,0,510.56,1057.92,378.69,605.01,642.43,1057.92,0.932
2017,33.616667,0,514.58,1059.77,383.75,605.80,645.41,1059.77,0.922
2018,33.633333,0,515.63,1059.49,388.59,604.96,642.66,1059.49,0.919
2019,33.650000,0,523.67,1059.01,404.22,605.04,643.12,1059.01,0.918
2020,33.666667,0,529.32,1057.17,414.42,605.98,644.23,1057.17,0.916
2021,33.683333,0,531.34,1055.72,422.17,607.27,640.51,1055.72,0.901
2022,33.700000,0,537.99,1058.26,433.28,605.32,642.70,1058.26,0.903
2023,33.716667,0,545.01,1061.40,444.56,603.88,645.45,1061.40,0.897
2024,33.733333,0,551.06,1062.54,456.94,603.01,645.17,1062.54,0.885
2025,33.750000,0,562.10,1063.90,468.30,602.36,655.89,1063.90,0.888
2026,33.766667,0,570.79,1065.04,479.92,603.52,661.65,1065.04,0.899
2027,33.783333,0,581.25,1065.17,496.05,605.56,666.45,1065.17,0.879
2028,33.800000,0,585.86,1069.22,502.25,604.61,669.47,1069.22,0.872
2029,33.816667,0,596.73,1069.31,516.65,605.02,676.82,1069.31,0.856
2030,33.833333,0,608.97,1071.94,528.80,606.58,689.15,1071.94,0.879
2031,33.850000,0,618.38,1071.13,533.37,607.41,703.39,1071.13,0.889
2032,33.866667,0,625.73,1071.56,536.07,607.49,715.38,1071.56,0.900
2033,33.883333,0,634.70,1069.40,542.34,609.39,727.07,1069.40,0.905
2034,33.900000,0,642.48,1070.41,549.97,608.23,735.00,1070.41,0.900
2035,33.916667,0,649.24,1070.47,552.65,607.20,745.84,1070.47,0.900
2036,33.933333,0,655.34,1073.17,553.04,607.66,757.64,1073.17,0.904
2037,33.950000,0,657.28,1070.43,550.47,609.33,764.08,1070.43,0.895
2038,33.966667,0,658.56,1071.35,548.62,610.57,768.50,1071.35,0.891
2039,33.983333,0,664.90,1073.40,547.14,609.19,782.66,1073.40,0.894
2040,34.000000,0,669.92,1075.52,547.31,613.31,792.54,1075.52,0.914
2041,34.016667,0,673.84,1075.19,549.26,614.72,798.42,1075.19,0.914
2042,34.033333,0,679.53,1074.47,552.81,614.81,806.26,1074.47,0.919
2043,34.050000,0,683.58,1073.30,556.44,617.11,810.71,1073.30,0.923
2044,34.066667,0,688.77,1073.17,560.96,617.54,816.57,1073.17,0.928
2045,34.083333,0,694.10,1074.90,567.27,618.50,820.92,1074.90,0.933
2046,34.100000,0,695.36,1075.76,570.23,620.13,820.50,1075.76,0.935
2047,34.116667,0,695.41,1076.83,571.05,620.12,819.77,1076.83,0.931
2048,34.133333,0,695.18,1077.52,570.37,620.54,819.98,1077.52,0.917
2049,34.150000,0,694.68,1076.88,569.93,620.82,819.43,1076.88,0.913
2050,34.166667,0,695.40,1076.79,570.99,620.54,819.82,1076.79,0.925
2051,34.183333,0,696.68,1075.37,572.57,619.74,820.79,1075.37,0.919
2052,34.200000,0,696.02,1072.11,574.82,621.27,817.21,1072.11,0.885
2053,34.216667,0,697.78,1071.89,580.38,620.05,815.17,1071.89,0.888
2054,34.233333,0,702.23,1071.35,590.88,620.73,813.59,1071.35,0.888
2055,34.250000,0,707.23,1074.11,599.74,619.63,814.72,1074.11,0.887
2056,34.266667,0,710.85,1074.77,608.62,618.11,813.09,1074.77,0.884
2057,34.283333,0,715.65,1073.85,617.06,617.45,814.25,1073.85,0.885
2058,34.300000,0,721.38,1069.69,628.28,615.51,814.49,1069.69,0.872
2059,34.316667,0,731.29,1072.82,640.67,614.67,821.90,1072.82,0.855
2060,34.333333,0,735.21,1074.51,650.08,612.94,820.33,1074.51,0.871
2061,34.350000,0,744.81,1071.98,660.25,613.54,829.38,1071.98,0.845
2062,34.366667,0,751.67,1069.93,673.70,611.97,829.64,1069.93,0.823
2063,34.383333,0,767.25,1060.92,690.64,611.38,843.86,1060.92,0.831
2064,34.400000,0,777.40,1071.83,706.97,610.31,847.83,1071.83,0.855
2065,34.416667,0,782.54,1071.08,710.50,608.20,854.57,1071.08,0.876
2066,34.433333,0,786.57,1073.12,713.41,608.79,859.73,1073.12,0.890
2067,34.450000,0,791.32,1073.80,716.72,608.64,865.93,1073.80,0.889
2068,34.466667,0,798.30,1073.49,720.74,609.71,875.86,1073.49,0.888
2069,34.483333,0,807.26,1073.26,725.26,611.58,889.26,1073.26,0.895
2070,34.500000,0,813.91,1075.60,729.11,613.96,898.71,1075.60,0.900
2071,34.516667,0,821.28,1075.11,732.60,613.64,909.96,1075.11,0.899
2072,34.533333,0,827.44,1074.01,733.09,617.58,921.80,1074.01,0.903
2073,34.550000,0,834.43,1074.15,733.91,618.90,934.96,1074.15,0.912
2074,34.566667,0,838.22,1075.81,731.93,619.70,944.52,1075.81,0.901
2075,34.583333,0,844.42,1077.18,730.64,619.39,958.21,1077.18,0.910
2076,34.600000,0,847.47,1077.22,727.96,619.52,966.98,1077.22,0.921
2077,34.616667,0,849.44,1077.02,725.28,619.35,973.60,1077.02,0.916
2078,34.633333,0,851.56,1077.31,724.52,621.03,978.59,1077.31,0.921
2079,34.650000,0,853.29,1080.58,724.81,624.68,981.77,1080.58,0.916
2080,34.666667,0,853.55,1081.37,723.92,626.37,983.17,1081.37,0.917
2081,34.683333,0,856.12,1081.68,727.67,629.85,984.57,1081.68,0.922
2082,34.700000,0,857.96,1083.73,728.41,630.58,987.50,1083.73,0.923
2083,34.716667,0,860.90,1085.23,731.80,631.04,989.99,1085.23,0.923
2084,34.733333,0,863.35,1085.12,734.22,632.67,992.47,1085.12,0.922
2085,34.750000,0,864.78,1082.50,735.35,633.31,994.21,1082.50,0.932
2086,34.766667,0,865.17,1082.91,735.93,632.86,994.40,1082.91,0.934
2087,34.783333,0,868.98,1085.00,741.48,636.83,996.48,1085.00,0.923
2088,34.800000,0,873.19,1085.56,750.03,636.21,996.35,1085.56,0.930
2089,34.816667,0,879.38,1087.46,763.21,639.05,995.55,1087.46,0.893
2090,34.833333,0,883.42,1086.88,772.84,640.03,994.00,1086.88,0.894
2091,34.850000,0,888.86,1088.62,784.91,640.18,992.81,1088.62,0.904
2092,34.866667,0,894.49,1090.24,797.39,637.43,991.59,1090.24,0.902
2093,34.883333,0,904.80,1089.94,813.71,636.55,995.88,1089.94,0.899
2094,34.900000,0,913.63,1090.53,826.58,639.36,1000.69,1090.53,0.902
2095,34.916667,0,922.03,1090.89,840.13,636.62,1003.93,1090.89,0.896
2096,34.933333,0,927.87,1089.90,846.37,632.34,1009.36,1089.90,0.885
2097,34.950000,0,936.82,1090.70,861.74,632.74,1011.89,1090.70,0.867
2098,34.966667,0,951.26,1089.56,881.31,632.28,1021.21,1089.56,0.855
2099,34.983333,0,961.28,1092.00,896.86,630.91,1025.71,1092.00,0.852
2100,35.000000,0,970.05,1088.47,905.65,630.67,1034.44,1088.47,0.860
2101,35.016667,0,975.10,1090.65,908.74,631.31,1041.46,1090.65,0.868
2102,35.033333,0,980.06,1086.89,910.61,629.67,1049.50,1086.89,0.863
2103,35.050000,0,984.38,1087.39,912.51,629.56,1056.24,1087.39,0.869
2104,35.066667,0,990.35,1086.72,913.26,629.66,1067.45,1086.72,0.871
2105,35.083333,0,994.80,1085.63,914.15,629.41,1075.44,1085.63,0.875
2106,35.100000,0,1002.71,1088.92,912.91,629.85,1092.50,1088.92,0.888
2107,35.116667,0,1010.68,1087.42,912.31,629.58,1109.04,1087.42,0.910
2108,35.133333,0,1019.87,1086.96,913.57,629.82,1126.17,1086.96,0.914
2109,35.150000,0,1026.60,1086.43,912.62,630.77,1140.57,1086.43,0.897
2110,35.166667,0,1028.63,1086.20,911.71,631.22,1145.54,1086.20,0.892
2111,35.183333,0,1032.08,1085.88,909.69,631.38,1154.48,1085.88,0.921
2112,35.200000,0,1035.11,1086.12,908.36,631.81,1161.86,1086.12,0.916
2113,35.216667,0,1035.71,1086.75,907.42,631.57,1164.00,1086.75,0.915
2114,35.233333,0,1035.28,1087.18,906.72,633.91,1163.83,1087.18,0.911
2115,35.250000,0,1034.85,1086.87,906.62,635.08,1163.09,1086.87,0.905
2116,35.266667,0,1035.17,1086.68,907.06,635.75,1163.28,1086.68,0.908
2117,35.283333,0,1036.97,1086.90,908.53,636.29,1165.40,1086.90,0.916
2118,35.300000,0,1040.40,1086.18,914.86,637.25,1165.95,1086.18,0.905
2119,35.316667,0,1040.75,1085.45,915.83,635.64,1165.66,1085.45,0.885
2120,35.333333,0,1042.79,1083.99,920.95,639.49,1164.63,1083.99,0.912
2121,35.350000,0,1046.46,1083.62,928.79,635.76,1164.13,1083.62,0.914
2122,35.366667,0,1049.73,1082.88,936.82,635.73,1162.64,1082.88,0.901
2123,35.383333,0,1052.83,1083.37,944.36,632.62,1161.29,1083.37,0.888
2124,35.400000,0,1055.55,1082.30,952.62,633.27,1158.48,1082.30,0.889
2125,35.416667,0,1059.34,1085.56,959.11,632.66,1159.57,1085.56,0.890
2126,35.433333,0,1063.78,1084.29,969.38,634.47,1158.19,1084.29,0.889
2127,35.450000,0,1070.52,1083.67,981.32,630.91,1159.73,1083.67,0.885
2128,35.466667,0,1072.28,1078.51,988.68,632.68,1155.89,1078.51,0.853
2129,35.483333,0,1080.62,1078.20,998.51,631.02,1162.74,1078.20,0.847
2130,35.500000,0,1089.99,1080.97,1009.70,630.06,1170.28,1080.97,0.831
2131,35.516667,0,1102.42,1083.67,1024.92,629.61,1179.91,1083.67,0.852
2132,35.533333,0,1116.36,1075.86,1046.19,627.21,1186.52,1075.86,0.829
2133,35.550000,0,1123.85,1085.85,1053.15,628.20,1194.55,1085.85,0.841
2134,35.566667,0,1133.04,1084.51,1064.21,628.66,1201.87,1084.51,0.871
2135,35.583333,0,1140.81,1085.18,1069.14,628.91,1212.48,1085.18,0.863
2136,35.600000,0,1147.58,1086.35,1071.59,631.34,1223.58,1086.35,0.877
2137,35.616667,0,1155.77,1086.32,1075.95,630.90,1235.58,1086.32,0.900
2138,35.633333,0,1161.56,1086.66,1077.67,630.30,1245.44,1086.66,0.904
2139,35.650000,0,1166.54,1084.45,1078.34,633.41,1254.74,1084.45,0.901
2140,35.666667,0,1172.15,1081.17,1078.84,631.60,1265.47,1081.17,0.912
2141,35.683333,0,1177.12,1074.70,1079.87,630.73,1274.37,1074.70,0.919
2142,35.700000,0,1181.77,1074.42,1078.59,630.68,1284.96,1074.42,0.902
2143,35.716667,0,1185.79,1078.16,1078.08,631.37,1293.50,1078.16,0.914
2144,35.733333,0,1190.40,1074.65,1078.33,631.38,1302.46,1074.65,0.914
2145,35.750000,0,1193.02,1075.74,1076.12,631.52,1309.92,1075.74,0.923
2146,35.766667,0,1197.34,1072.81,1077.13,629.20,1317.55,1072.81,0.922
2147,35.783333,0,1201.71,1075.00,1077.33,629.04,1326.09,1075.00,0.920
2148,35.800000,0,1204.70,1073.76,1078.10,627.38,1331.31,1073.76,0.930
2149,35.816667,0,1207.73,1072.42,1078.09,625.66,1337.38,1072.42,0.923
2150,35.833333,0,1210.96,1073.10,1080.16,626.53,1341.77,1073.10,0.926
2151,35.850000,0,1214.37,1071.96,1081.31,625.87,1347.43,1071.96,0.925
2152,35.866667,0,1215.66,1067.98,1082.03,624.64,1349.28,1067.98,0.926
2153,35.883333,0,1216.24,1064.02,1083.09,621.35,1349.39,1064.02,0.922
2154,35.900000,0,1216.31,1063.05,1083.83,620.47,1348.79,1063.05,0.922
2155,35.916667,0,1218.52,1065.71,1088.24,620.63,1348.80,1065.71,0.917
2156,35.933333,0,1223.53,1064.34,1099.01,621.06,1348.05,1064.34,0.911
2157,35.950000,0,1225.34,1062.93,1103.60,619.85,1347.09,1062.93,0.903
2158,35.966667,0,1229.90,1061.63,1114.63,619.96,1345.18,1061.63,0.905
2159,35.983333,0,1234.92,1060.14,1125.90,618.64,1343.94,1060.14,0.896
2160,36.000000,0,1236.35,1058.70,1132.55,618.62,1340.14,1058.70,0.899
2161,36.016667,0,1239.22,1058.82,1142.43,617.51,1336.02,1058.82,0.896
2162,36.033333,0,1240.72,1059.36,1149.92,617.91,1331.51,1059.36,0.894
2163,36.050000,0,1242.38,1058.17,1158.97,615.77,1325.79,1058.17,0.889
2164,36.066667,0,1247.05,1057.62,1170.57,615.11,1323.52,1057.62,0.881
2165,36.083333,0,1253.34,1060.25,1181.02,615.44,1325.66,1060.25,0.877
2166,36.100000,0,1262.51,1060.11,1193.34,617.21,1331.68,1060.11,0.860
2167,36.116667,0,1271.27,1061.39,1205.91,617.02,1336.63,1061.39,0.870
2168,36.133333,0,1280.75,1062.11,1216.60,614.32,1344.91,1062.11,0.875
2169,36.150000,0,1284.92,1059.43,1218.78,615.13,1351.07,1059.43,0.872
2170,36.166667,0,1289.59,1059.23,1219.22,614.98,1359.96,1059.23,0.867
2171,36.183333,0,1294.69,1059.83,1221.60,614.70,1367.78,1059.83,0.870
2172,36.200000,0,1298.06,1058.99,1223.25,617.03,1372.86,1058.99,0.883
2173,36.216667,0,1301.23,1060.94,1222.80,617.20,1379.66,1060.94,0.886
2174,36.233333,0,1307.14,1061.89,1222.29,621.04,1391.98,1061.89,0.880
2175,36.250000,0,1311.74,1062.80,1220.96,620.21,1402.52,1062.80,0.876
2176,36.266667,0,1318.06,1063.45,1220.39,621.00,1415.73,1063.45,0.880
2177,36.283333,0,1324.04,1063.44,1220.37,621.55,1427.72,1063.44,0.890
2178,36.300000,0,1329.11,1063.08,1220.38,624.58,1437.84,1063.08,0.902
2179,36.316667,0,1332.83,1063.09,1219.74,626.27,1445.91,1063.09,0.904
2180,36.333333,0,1335.16,1064.13,1218.78,626.16,1451.53,1064.13,0.911
2181,36.350000,0,1336.83,1064.85,1218.44,626.47,1455.23,1064.85,0.915
2182,36.366667,0,1338.81,1063.67,1219.74,627.10,1457.88,1063.67,0.909
2183,36.383333,0,1339.56,1064.65,1220.55,629.13,1458.57,1064.65,0.902
2184,36.400000,0,1343.19,1064.50,1222.64,628.34,1463.75,1064.50,0.901
2185,36.416667,0,1343.21,1065.15,1223.04,626.53,1463.37,1065.15,0.896
2186,36.433333,0,1342.88,1064.36,1222.39,626.14,1463.37,1064.36,0.910
2187,36.450000,0,1344.66,1063.97,1227.00,624.77,1462.33,1063.97,0.909
2188,36.466667,0,1346.45,1063.26,1229.21,623.09,1463.69,1063.26,0.911
2189,36.483333,0,1347.47,1063.34,1228.73,622.77,1466.20,1063.34,0.910
2190,36.500000,0,1352.63,1062.83,1237.54,622.60,1467.72,1062.83,0.912
2191,36.516667,0,1357.33,1065.46,1245.14,620.83,1469.53,1065.46,0.892
2192,36.533333,0,1364.19,1065.27,1256.73,619.23,1471.64,1065.27,0.891
2193,36.550000,0,1368.04,1065.64,1263.22,619.53,1472.86,1065.64,0.902
2194,36.566667,0,1374.47,1064.07,1273.13,618.10,1475.81,1064.07,0.906
2195,36.583333,0,1379.16,1064.28,1281.87,618.00,1476.44,1064.28,0.898
2196,36.600000,0,1384.00,1064.39,1290.89,613.94,1477.12,1064.39,0.889
2197,36.616667,0,1389.71,1064.59,1301.40,612.16,1478.02,1064.59,0.890
2198,36.633333,0,1396.44,1065.46,1312.37,613.61,1480.52,1065.46,0.879
2199,36.650000,0,1404.25,1065.15,1323.51,614.15,1485.00,1065.15,0.868
2200,36.666667,0,1413.83,1066.51,1336.06,615.74,1491.61,1066.51,0.866
2201,36.683333,0,1427.09,1066.06,1349.34,611.41,1504.85,1066.06,0.855
2202,36.700000,0,1439.82,1067.52,1364.67,614.84,1514.98,1067.52,0.878
2203,36.716667,0,1450.27,1067.51,1373.66,614.26,1526.89,1067.51,0.891
2204,36.733333,0,1461.15,1068.90,1382.80,613.99,1539.50,1068.90,0.894
2205,36.750000,0,1469.39,1060.20,1384.99,614.56,1553.79,1060.20,0.893
2206,36.766667,0,1474.98,1060.42,1387.10,616.38,1562.85,1060.42,0.902
2207,36.783333,0,1479.90,1069.34,1384.79,617.11,1575.01,1069.34,0.898
2208,36.800000,0,1485.15,1067.13,1384.68,617.94,1585.62,1067.13,0.905
2209,36.816667,0,1489.36,1068.57,1383.94,619.01,1594.78,1068.57,0.915
2210,36.833333,0,1493.07,1069.60,1383.74,621.79,1602.40,1069.60,0.921
2211,36.850000,0,1496.36,1071.96,1381.67,624.14,1611.06,1071.96,0.932
2212,36.866667,0,1497.67,1071.88,1377.60,628.10,1617.74,1071.88,0.934
2213,36.883333,0,1499.66,1072.38,1376.12,628.87,1623.19,1072.38,0.912
2214,36.900000,0,1502.28,1071.98,1374.39,628.34,1630.17,1071.98,0.915
2215,36.916667,0,1505.82,1070.95,1375.23,625.69,1636.41,1070.95,0.915
2216,36.933333,0,1509.45,1070.34,1375.10,627.26,1643.80,1070.34,0.923
2217,36.950000,0,1511.80,1072.07,1374.54,629.07,1649.05,1072.07,0.926
2218,36.966667,0,1514.91,1072.04,1376.55,630.15,1653.27,1072.04,0.931
2219,36.983333,0,1518.54,1070.87,1378.28,631.48,1658.81,1070.87,0.924
2220,37.000000,0,1520.91,1072.13,1381.43,631.63,1660.40,1072.13,0.921
2221,37.016667,0,1522.41,1072.13,1381.33,632.32,1663.49,1072.13,0.917
2222,37.033333,0,1523.57,1071.08,1382.58,632.42,1664.56,1071.08,0.919
2223,37.050000,0,1523.09,1069.23,1381.66,634.29,1664.52,1069.23,0.916
2224,37.066667,0,1524.65,1069.38,1384.08,635.64,1665.22,1069.38,0.925
2225,37.083333,0,1524.16,1072.63,1385.15,637.88,1663.16,1072.63,0.911
2226,37.100000,0,1527.07,1073.88,1390.22,638.94,1663.93,1073.88,0.926
2227,37.116667,0,1531.80,1074.41,1400.76,637.05,1662.84,1074.41,0.925
2228,37.133333,0,1536.59,1073.99,1412.20,639.72,1660.98,1073.99,0.913
2229,37.150000,0,1540.39,1073.50,1421.80,635.12,1658.98,1073.50,0.902
2230,37.166667,0,1542.99,1073.01,1428.35,632.62,1657.64,1073.01,0.892
2231,37.183333,0,1548.04,1073.21,1440.23,629.43,1655.85,1073.21,0.896
2232,37.200000,0,1551.41,1070.44,1451.22,628.60,1651.60,1070.44,0.889
2233,37.216667,0,1555.53,1070.21,1461.42,627.40,1649.64,1070.21,0.877
2234,37.233333,0,1558.85,1069.96,1469.84,628.18,1647.86,1069.96,0.881
2235,37.250000,0,1563.72,1068.44,1479.75,626.39,1647.70,1068.44,0.878
2236,37.266667,0,1572.42,1067.30,1495.41,623.26,1649.42,1067.30,0.878
2237,37.283333,0,1582.38,1067.78,1509.11,623.83,1655.65,1067.78,0.865
2238,37.300000,0,1592.78,1069.10,1521.90,620.24,1663.66,1069.10,0.845
2239,37.316667,0,1604.38,1068.34,1535.65,617.53,1673.11,1068.34,0.839
2240,37.333333,0,1610.64,1070.14,1541.50,618.36,1679.78,1070.14,0.844
2241,37.350000,0,1618.34,1070.53,1546.22,617.58,1690.46,1070.53,0.845
2242,37.366667,0,1621.94,1068.94,1547.17,618.68,1696.71,1068.94,0.857
2243,37.383333,0,1621.48,1068.90,1544.92,619.27,1698.04,1068.90,0.865
2244,37.400000,0,1624.67,1066.34,1545.18,618.67,1704.17,1066.34,0.859
2245,37.416667,0,1626.42,1065.42,1542.07,618.51,1710.76,1065.42,0.876
2246,37.433333,0,1632.76,1068.24,1543.66,621.52,1721.86,1068.24,0.884
2247,37.450000,0,1640.23,1066.84,1544.83,621.31,1735.63,1066.84,0.884
2248,37.466667,0,1648.23,1066.74,1546.57,625.20,1749.89,1066.74,0.889
2249,37.483333,0,1652.96,1065.46,1545.69,625.73,1760.24,1065.46,0.900
2250,37.500000,0,1657.00,1064.27,1545.77,625.84,1768.24,1064.27,0.899
2251,37.516667,0,1661.05,1062.75,1545.62,627.24,1776.48,1062.75,0.894
2252,37.533333,0,1662.96,1060.40,1543.13,624.06,1782.79,1060.40,0.912
2253,37.550000,0,1665.23,1060.19,1542.89,625.42,1787.57,1060.19,0.915
2254,37.566667,0,1667.32,1059.28,1542.46,625.82,1792.18,1059.28,0.914
2255,37.583333,0,1667.46,1059.08,1541.75,623.58,1793.16,1059.08,0.911
2256,37.600000,0,1668.90,1057.90,1543.39,623.51,1794.41,1057.90,0.916
2257,37.616667,0,1671.14,1054.90,1544.57,619.84,1797.70,1054.90,0.916
2258,37.633333,0,1673.80,1053.17,1547.66,618.81,1799.95,1053.17,0.914
2259,37.650000,0,1675.82,1052.07,1548.79,619.68,1802.85,1052.07,0.917
2260,37.666667,0,1676.51,1051.58,1549.78,616.43,1803.23,1051.58,0.923
2261,37.683333,0,1677.28,1050.04,1551.93,615.01,1802.62,1050.04,0.908
2262,37.700000,0,1677.41,1049.42,1554.62,612.61,1800.19,1049.42,0.907
2263,37.716667,0,1678.14,1048.22,1557.99,613.21,1798.30,1048.22,0.897
2264,37.733333,0,1680.73,1048.54,1562.64,610.24,1798.81,1048.54,0.922
2265,37.750000,0,1683.54,1048.52,1569.34,607.65,1797.74,1048.52,0.897
2266,37.766667,0,1688.33,1048.15,1576.36,606.88,1800.30,1048.15,0.886
2267,37.783333,0,1694.89,1044.03,1586.62,604.50,1803.15,1044.03,0.894
2268,37.800000,0,1701.24,1039.93,1595.26,603.39,1807.21,1039.93,0.895
2269,37.816667,0,1710.29,1040.09,1608.33,599.80,1812.24,1040.09,0.898
2270,37.833333,0,1714.80,1039.65,1616.21,597.69,1813.39,1039.65,0.901
2271,37.850000,0,1724.08,1040.67,1627.87,596.01,1820.28,1040.67,0.900
2272,37.866667,0,1732.19,1040.62,1636.34,594.76,1828.03,1040.62,0.912
2273,37.883333,0,1743.55,1040.01,1647.36,592.80,1839.73,1040.01,0.903
2274,37.900000,0,1754.65,1038.80,1659.52,592.48,1849.78,1038.80,0.902
2275,37.916667,0,1766.77,1040.13,1671.81,593.94,1861.74,1040.13,0.895
2276,37.933333,0,1773.88,1039.23,1674.81,592.68,1872.95,1039.23,0.906
2277,37.950000,0,1796.09,1040.11,1705.77,591.74,1886.41,1040.11,0.866
2278,37.966667,0,1806.85,1039.48,1717.24,591.96,1896.47,1039.48,0.909
2279,37.983333,0,1814.57,1040.34,1719.91,589.93,1909.23,1040.34,0.910
2280,38.000000,0,1819.03,1041.71,1722.00,588.69,1916.07,1041.71,0.910
2281,38.016667,0,1821.63,1040.69,1724.65,590.74,1918.62,1040.69,0.902
2282,38.033333,0,1822.94,1037.67,1725.95,590.90,1919.92,1037.67,0.893
2283,38.050000,0,1824.48,1037.91,1729.97,591.59,1918.99,1037.91,0.878
2284,38.066667,0,1825.61,1036.18,1732.36,592.33,1918.87,1036.18,0.880
2285,38.083333,0,1825.52,1044.46,1732.20,593.58,1918.84,1044.46,0.886
2286,38.100000,0,1824.80,1041.53,1730.23,595.65,1919.37,1041.53,0.889
2287,38.116667,0,1824.40,1042.40,1729.87,597.56,1918.92,1042.40,0.904
2288,38.133333,0,1824.41,1045.29,1730.07,600.82,1918.75,1045.29,0.904
2289,38.150000,0,1824.67,1046.79,1730.55,603.77,1918.80,1046.79,0.899
2290,38.166667,0,1825.12,1048.71,1731.21,605.91,1919.02,1048.71,0.884
2291,38.183333,0,1825.47,1054.27,1731.16,607.71,1919.78,1054.27,0.874
2292,38.200000,0,1825.73,1055.02,1731.94,609.28,1919.52,1055.02,0.879
2293,38.216667,0,1825.98,1057.11,1732.36,609.43,1919.61,1057.11,0.887
2294,38.233333,0,1826.22,1058.24,1732.99,611.14,1919.45,1058.24,0.888
2295,38.250000,0,1826.40,1059.38,1733.21,612.66,1919.59,1059.38,0.885
2296,38.266667,0,1826.55,1060.95,1733.58,612.89,1919.52,1060.95,0.888
2297,38.283333,0,1827.12,1060.97,1734.80,613.61,1919.44,1060.97,0.890
2298,38.300000,0,1827.50,1062.52,1735.89,615.48,1919.10,1062.52,0.894
2299,38.316667,0,1829.99,1065.09,1740.36,617.34,1919.63,1065.09,0.889
2300,38.333333,0,1833.32,1067.07,1747.01,619.59,1919.64,1067.07,0.887
2301,38.350000,0,1833.66,1068.27,1747.71,623.08,1919.60,1068.27,0.869
2302,38.366667,0,1835.58,1067.68,1753.82,622.23,1917.34,1067.68,0.844
2303,38.383333,0,1838.31,1066.73,1759.15,622.37,1917.47,1066.73,0.857
2304,38.400000,0,1844.23,1065.13,1769.68,623.58,1918.79,1065.13,0.853
2305,38.416667,0,1847.72,1063.43,1776.69,625.98,1918.75,1063.43,0.857
2306,38.433333,0,1848.14,1062.15,1777.51,625.34,1918.77,1062.15,0.846
2307,38.450000,0,1853.15,1063.76,1787.41,625.78,1918.89,1063.76,0.860
2308,38.466667,0,1855.86,1063.00,1792.85,626.14,1918.88,1063.00,0.864
2309,38.483333,0,1856.71,1063.28,1794.52,626.31,1918.91,1063.28,0.856
2310,38.500000,0,1856.89,1062.17,1794.89,622.95,1918.90,1062.17,0.854
2311,38.516667,0,1857.32,1064.08,1795.24,622.75,1919.40,1064.08,0.843
2312,38.533333,0,1857.83,1064.41,1796.27,622.19,1919.39,1064.41,0.855
2313,38.550000,0,1857.53,1063.87,1795.71,621.89,1919.35,1063.87,0.867
2314,38.566667,0,1858.05,1063.81,1796.72,619.59,1919.37,1063.81,0.844
2315,38.583333,0,1857.68,1063.74,1796.03,617.37,1919.34,1063.74,0.853
2316,38.600000,0,1858.19,1064.78,1797.06,618.31,1919.31,1064.78,0.849
2317,38.616667,0,1858.81,1062.96,1798.27,616.93,1919.35,1062.96,0.851
2318,38.633333,0,1858.41,1061.50,1797.49,616.62,1919.33,1061.50,0.857
2319,38.650000,0,1858.14,1060.42,1796.94,616.84,1919.33,1060.42,0.861
2320,38.666667,0,1858.75,1056.34,1798.13,617.45,1919.37,1056.34,0.854
2321,38.683333,0,1859.37,1055.46,1799.85,619.45,1918.89,1055.46,0.847
2322,38.700000,0,1859.21,1054.96,1799.55,621.52,1918.88,1054.96,0.843
2323,38.716667,0,1859.96,1054.20,1801.05,622.57,1918.88,1054.20,0.851
2324,38.733333,0,1860.53,1054.60,1802.23,620.19,1918.83,1054.60,0.854
2325,38.750000,0,1861.13,1054.51,1803.42,618.20,1918.84,1054.51,0.867
2326,38.766667,0,1861.51,1053.60,1804.19,618.56,1918.82,1053.60,0.857
2327,38.783333,0,1862.40,1053.56,1805.97,628.38,1918.82,1053.56,0.831
2328,38.800000,0,1863.33,1053.01,1807.20,627.17,1919.46,1053.01,0.833
2329,38.816667,0,1864.21,1051.85,1808.99,630.96,1919.43,1051.85,0.856
2330,38.833333,0,1866.18,1051.59,1813.45,620.02,1918.91,1051.59,0.855
2331,38.850000,0,1865.26,1050.95,1811.17,620.47,1919.34,1050.95,0.845
2332,38.866667,0,1866.16,1049.78,1813.41,615.80,1918.92,1049.78,0.819
2333,38.883333,0,1870.16,1047.76,1820.91,612.64,1919.41,1047.76,0.829
2334,38.900000,0,1874.12,1045.44,1828.82,614.99,1919.42,1045.44,0.842
2335,38.916667,0,1873.49,1043.91,1828.04,615.66,1918.94,1043.91,0.847
2336,38.933333,0,1870.96,1041.84,1822.97,617.68,1918.96,1041.84,0.857
2337,38.950000,0,1870.12,1041.26,1820.79,614.76,1919.44,1041.26,0.885
2338,38.966667,0,1868.44,1038.43,1817.46,614.69,1919.42,1038.43,0.888
2339,38.983333,0,1866.73,1035.98,1813.97,615.72,1919.48,1035.98,0.888
2340,39.000000,0,1866.28,1035.87,1813.08,615.40,1919.49,1035.87,0.887
2341,39.016667,0,1865.56,1032.47,1811.66,614.45,1919.46,1032.47,0.884
2342,39.033333,0,1865.40,1030.80,1811.34,614.67,1919.46,1030.80,0.890
2343,39.050000,0,1865.21,1020.38,1810.97,614.55,1919.45,1020.38,0.885
2344,39.066667,0,1864.99,1019.26,1810.52,614.46,1919.46,1019.26,0.889
2345,39.083333,0,1864.74,1020.96,1810.04,614.42,1919.45,1020.96,0.892
2346,39.100000,0,1864.01,1020.93,1808.60,614.44,1919.43,1020.93,0.897
2347,39.116667,0,1863.00,1020.16,1806.58,613.82,1919.42,1020.16,0.898
2348,39.133333,0,1862.86,1021.92,1806.31,614.36,1919.41,1021.92,0.901
2349,39.150000,0,1863.01,1023.26,1806.60,614.00,1919.42,1023.26,0.902
2350,39.166667,0,1863.19,1022.35,1806.96,613.99,1919.42,1022.35,0.896
2351,39.183333,0,1863.57,1020.03,1807.71,612.73,1919.43,1020.03,0.894
2352,39.200000,0,1865.16,1018.04,1810.88,612.73,1919.43,1018.04,0.887
2353,39.216667,0,1866.01,1016.78,1812.59,612.64,1919.42,1016.78,0.881
2354,39.233333,0,1867.57,1017.73,1815.72,612.54,1919.43,1017.73,0.875
2355,39.250000,0,1868.20,1018.07,1816.98,612.28,1919.42,1018.07,0.865
2356,39.266667,0,1869.31,1017.88,1819.20,609.11,1919.43,1017.88,0.869
2357,39.283333,0,1870.69,1015.63,1821.94,608.35,1919.44,1015.63,0.866
2358,39.300000,0,1872.45,1015.67,1825.48,605.97,1919.41,1015.67,0.857
2359,39.316667,0,1874.35,1016.26,1829.32,604.60,1919.39,1016.26,0.835
2360,39.333333,0,1875.10,1015.24,1831.16,602.89,1919.05,1015.24,0.829
2361,39.350000,0,1875.92,1013.40,1832.80,605.66,1919.05,1013.40,0.820
2362,39.366667,0,1876.40,1015.58,1833.31,612.02,1919.48,1015.58,0.815
2363,39.383333,0,1876.24,1015.51,1832.97,613.09,1919.51,1015.51,0.817
2364,39.400000,0,1875.62,1021.21,1831.78,609.76,1919.46,1021.21,0.813
2365,39.416667,0,1875.47,1020.81,1831.49,611.03,1919.46,1020.81,0.815
2366,39.433333,0,1874.57,1021.15,1829.70,613.99,1919.43,1021.15,0.814
2367,39.450000,0,1874.03,1022.60,1828.63,619.91,1919.42,1022.60,0.813
2368,39.466667,0,1873.63,1023.70,1827.84,619.68,1919.42,1023.70,0.821
2369,39.483333,0,1872.57,1021.75,1825.72,618.59,1919.42,1021.75,0.834
2370,39.500000,0,1870.19,1015.96,1820.98,611.77,1919.41,1015.96,0.847
2371,39.516667,0,1868.36,1020.36,1817.31,612.78,1919.41,1020.36,0.857
2372,39.533333,0,1866.03,1020.51,1812.67,609.12,1919.39,1020.51,0.856
2373,39.550000,0,1864.20,1020.83,1809.06,607.44,1919.35,1020.83,0.846
2374,39.566667,0,1860.84,1017.37,1802.31,608.50,1919.36,1017.37,0.855
2375,39.583333,0,1858.84,1015.76,1798.71,606.24,1918.97,1015.76,0.861
2376,39.600000,0,1855.27,1007.19,1791.51,603.85,1919.03,1007.19,0.864
2377,39.616667,0,1854.23,1005.67,1789.41,601.88,1919.05,1005.67,0.866
2378,39.633333,0,1850.55,1004.23,1782.06,600.28,1919.04,1004.23,0.872
2379,39.650000,0,1846.38,1003.26,1773.74,599.17,1919.02,1003.26,0.876
2380,39.666667,0,1844.38,1005.29,1769.13,601.72,1919.63,1005.29,0.875
2381,39.683333,0,1842.62,1007.10,1765.59,601.36,1919.65,1007.10,0.873
2382,39.700000,0,1837.62,1008.72,1755.82,602.12,1919.42,1008.72,0.881
2383,39.716667,0,1834.79,1009.28,1750.14,601.56,1919.44,1009.28,0.889
2384,39.733333,0,1834.76,1009.03,1750.14,599.74,1919.37,1009.03,0.903
2385,39.750000,0,1830.19,1010.48,1741.01,600.05,1919.38,1010.48,0.894
2386,39.766667,0,1828.61,1004.14,1737.78,598.47,1919.44,1004.14,0.893
2387,39.783333,0,1826.13,1004.30,1732.80,597.93,1919.47,1004.30,0.904
2388,39.800000,0,1825.61,1004.26,1731.70,600.77,1919.51,1004.26,0.904
2389,39.816667,0,1824.08,1003.96,1728.65,605.19,1919.52,1003.96,0.903
2390,39.833333,0,1823.23,1004.49,1726.84,604.68,1919.61,1004.49,0.901
2391,39.850000,0,1820.18,1006.75,1721.32,607.70,1919.03,1006.75,0.902
2392,39.866667,0,1819.85,1008.06,1721.12,609.20,1918.59,1008.06,0.905
2393,39.883333,0,1817.99,1008.15,1717.39,609.44,1918.59,1008.15,0.892
2394,39.900000,0,1817.78,1007.80,1716.86,611.37,1918.71,1007.80,0.901
2395,39.916667,0,1817.88,1008.82,1716.89,612.41,1918.86,1008.82,0.891
2396,39.933333,0,1816.85,1008.44,1714.76,613.99,1918.93,1008.44,0.901
2397,39.950000,0,1816.79,1010.21,1714.50,615.52,1919.09,1010.21,0.896
2398,39.966667,0,1816.39,1010.15,1713.61,616.60,1919.17,1010.15,0.904
2399,39.983333,0,1815.60,1010.88,1712.17,618.12,1919.04,1010.88,0.902
2400,40.000000,0,1815.28,1009.76,1711.65,618.85,1918.91,1009.76,0.901
2401,40.016667,0,1814.76,1009.62,1711.30,620.17,1918.21,1009.62,0.897
2402,40.033333,0,1814.92,1009.93,1711.89,620.81,1917.94,1009.93,0.893
2403,40.050000,0,1817.54,1007.80,1717.08,620.33,1918.01,1007.80,0.888
2404,40.066667,0,1818.42,1006.08,1719.32,619.81,1917.52,1006.08,0.894
2405,40.083333,0,1819.64,1005.56,1720.48,619.71,1918.79,1005.56,0.894
2406,40.100000,0,1820.75,1003.20,1722.55,619.95,1918.96,1003.20,0.892
2407,40.116667,0,1821.21,1002.53,1723.40,619.31,1919.03,1002.53,0.899
2408,40.133333,0,1821.53,1004.26,1724.14,618.90,1918.92,1004.26,0.902
2409,40.150000,0,1820.37,1003.79,1724.71,618.89,1916.04,1003.79,0.902
2410,40.166667,0,1819.09,1002.44,1728.38,617.36,1909.80,1002.44,0.894
2411,40.183333,0,1816.43,1001.13,1730.47,613.96,1902.39,1001.13,0.880
2412,40.200000,0,1816.10,994.82,1732.91,612.22,1899.30,994.82,0.878
2413,40.216667,0,1813.97,989.28,1733.84,611.28,1894.11,989.28,0.869
2414,40.233333,0,1812.80,982.74,1736.31,610.58,1889.28,982.74,0.865
2415,40.250000,0,1812.34,981.00,1738.11,609.44,1886.57,981.00,0.863
2416,40.266667,0,1812.52,976.77,1740.41,606.00,1884.62,976.77,0.868
2417,40.283333,0,1812.46,973.22,1744.47,605.84,1880.44,973.22,0.878
2418,40.300000,0,1811.99,974.94,1745.29,604.11,1878.68,974.94,0.880
2419,40.316667,0,1808.56,975.64,1742.73,603.14,1874.38,975.64,0.879
2420,40.333333,0,1805.99,974.21,1739.13,603.49,1872.84,974.21,0.873
2421,40.350000,0,1803.12,977.62,1735.14,603.42,1871.09,977.62,0.853
2422,40.366667,0,1798.17,977.84,1725.82,604.90,1870.51,977.84,0.844
2423,40.383333,0,1794.02,978.39,1720.43,605.28,1867.61,978.39,0.856
2424,40.400000,0,1789.60,975.02,1715.85,607.36,1863.35,975.02,0.880
2425,40.416667,0,1787.16,975.04,1712.88,607.91,1861.45,975.04,0.885
2426,40.433333,0,1782.80,976.10,1710.47,607.92,1855.13,976.10,0.882
2427,40.450000,0,1780.40,977.25,1706.61,609.16,1854.19,977.25,0.878
2428,40.466667,0,1777.76,977.66,1703.79,609.80,1851.73,977.66,0.878
2429,40.483333,0,1774.12,978.77,1697.54,610.56,1850.71,978.77,0.876
2430,40.500000,0,1772.50,979.31,1695.80,611.95,1849.20,979.31,0.879
2431,40.516667,0,1769.49,979.22,1693.07,613.55,1845.92,979.22,0.873
2432,40.533333,0,1765.98,979.48,1691.93,614.70,1840.02,979.48,0.859
2433,40.550000,0,1764.03,978.95,1692.57,615.43,1835.49,978.95,0.872
2434,40.566667,0,1762.53,977.53,1693.36,615.77,1831.71,977.53,0.868
2435,40.583333,0,1762.28,974.60,1692.85,614.13,1831.71,974.60,0.872
2436,40.600000,0,1760.00,972.25,1691.31,613.40,1828.70,972.25,0.877
2437,40.616667,0,1759.75,968.94,1690.72,612.64,1828.78,968.94,0.876
2438,40.633333,0,1759.02,968.18,1687.80,613.85,1830.23,968.18,0.871
2439,40.650000,0,1755.43,966.47,1683.73,615.18,1827.13,966.47,0.873
2440,40.666667,0,1751.82,965.34,1680.32,614.74,1823.31,965.34,0.869
2441,40.683333,0,1750.03,965.85,1678.42,613.51,1821.64,965.85,0.865
2442,40.700000,0,1745.01,964.73,1673.20,613.95,1816.81,964.73,0.868
2443,40.716667,0,1740.67,963.54,1669.65,613.73,1811.69,963.54,0.881
2444,40.733333,0,1739.80,961.74,1669.88,613.24,1809.72,961.74,0.882
2445,40.750000,0,1737.18,954.94,1667.77,612.29,1806.59,954.94,0.870
2446,40.766667,0,1733.03,951.25,1663.34,610.96,1802.72,951.25,0.869
2447,40.783333,0,1731.61,947.91,1660.18,610.77,1803.03,947.91,0.875
2448,40.800000,0,1728.43,944.33,1653.54,609.95,1803.32,944.33,0.877
2449,40.816667,0,1726.95,941.06,1651.64,609.80,1802.27,941.06,0.881
2450,40.833333,0,1725.15,937.88,1647.21,610.94,1803.09,937.88,0.885
2451,40.850000,0,1720.30,936.47,1639.00,610.07,1801.60,936.47,0.897
2452,40.866667,0,1717.17,934.89,1634.98,611.62,1799.36,934.89,0.899
2453,40.883333,0,1714.74,936.43,1630.66,611.93,1798.82,936.43,0.894
2454,40.900000,0,1712.73,936.21,1627.58,612.51,1797.88,936.21,0.897
2455,40.916667,0,1712.57,928.99,1626.34,611.71,1798.80,928.99,0.894
2456,40.933333,0,1712.57,933.45,1625.06,610.78,1800.08,933.45,0.888
2457,40.950000,0,1712.40,932.62,1622.93,611.68,1801.86,932.62,0.889
2458,40.966667,0,1711.20,937.84,1621.44,612.38,1800.96,937.84,0.896
2459,40.983333,0,1710.97,938.10,1620.50,612.69,1801.44,938.10,0.895
2460,41.000000,0,1710.92,938.12,1619.12,612.08,1802.72,938.12,0.894
2461,41.016667,0,1709.92,941.29,1617.04,614.51,1802.80,941.29,0.894
2462,41.033333,0,1707.32,940.60,1613.50,614.56,1801.14,940.60,0.905
2463,41.050000,0,1704.42,943.29,1609.40,616.61,1799.45,943.29,0.904
2464,41.066667,0,1702.40,944.43,1608.22,619.02,1796.59,944.43,0.907
2465,41.083333,0,1700.07,945.57,1606.21,620.49,1793.93,945.57,0.904
2466,41.100000,0,1697.78,946.09,1604.34,619.34,1791.21,946.09,0.901
2467,41.116667,0,1695.92,949.56,1602.52,620.72,1789.32,949.56,0.886
2468,41.133333,0,1694.57,949.80,1601.83,621.48,1787.31,949.80,0.885
2469,41.150000,0,1692.61,946.13,1600.62,620.44,1784.60,946.13,0.883
2470,41.166667,0,1690.59,945.41,1601.48,620.39,1779.71,945.41,0.889
2471,41.183333,0,1689.04,943.79,1599.53,619.61,1778.56,943.79,0.896
2472,41.200000,0,1686.37,942.39,1597.51,619.10,1775.24,942.39,0.893
2473,41.216667,0,1685.41,940.22,1596.97,619.45,1773.84,940.22,0.893
2474,41.233333,0,1683.79,938.96,1596.40,618.35,1771.19,938.96,0.877
2475,41.250000,0,1680.36,939.45,1597.60,616.91,1763.12,939.45,0.874
2476,41.266667,0,1678.48,938.46,1598.14,616.88,1758.81,938.46,0.883
2477,41.283333,0,1676.13,938.44,1597.27,615.15,1754.98,938.44,0.891
2478,41.300000,0,1673.97,936.08,1596.78,613.70,1751.15,936.08,0.880
2479,41.316667,0,1673.78,936.49,1599.43,612.25,1748.12,936.49,0.875
2480,41.333333,0,1671.54,935.11,1598.40,612.26,1744.67,935.11,0.860
2481,41.350000,0,1670.78,932.85,1600.48,611.24,1741.09,932.85,0.858
2482,41.366667,0,1666.30,929.40,1600.44,609.99,1732.16,929.40,0.851
2483,41.383333,0,1665.63,922.91,1601.39,609.89,1729.87,922.91,0.847
2484,41.400000,0,1665.07,917.41,1603.51,610.94,1726.63,917.41,0.881
2485,41.416667,0,1664.02,912.88,1603.64,609.62,1724.40,912.88,0.887
2486,41.433333,0,1663.86,912.13,1604.42,609.85,1723.30,912.13,0.888
2487,41.450000,0,1661.56,910.59,1603.68,612.40,1719.43,910.59,0.884
2488,41.466667,0,1661.83,910.79,1603.62,610.70,1720.04,910.79,0.870
2489,41.483333,0,1658.53,912.36,1598.82,610.05,1718.23,912.36,0.854
2490,41.500000,0,1656.63,913.44,1596.81,609.36,1716.45,913.44,0.860
2491,41.516667,0,1657.77,914.35,1599.18,608.42,1716.35,914.35,0.859
2492,41.533333,0,1654.94,914.44,1594.34,608.58,1715.54,914.44,0.858
2493,41.550000,0,1651.65,914.80,1588.01,608.52,1715.28,914.80,0.865
2494,41.566667,0,1648.47,915.88,1583.15,608.91,1713.79,915.88,0.862
2495,41.583333,0,1644.90,915.43,1578.10,609.03,1711.71,915.43,0.857
2496,41.600000,0,1640.04,915.51,1571.87,610.24,1708.22,915.51,0.858
2497,41.616667,0,1638.24,915.58,1570.62,611.26,1705.86,915.58,0.855
2498,41.633333,0,1634.36,915.71,1566.56,612.91,1702.16,915.71,0.840
2499,41.650000,0,1630.52,915.94,1561.49,613.89,1699.55,915.94,0.854
2500,41.666667,0,1631.26,916.09,1562.36,616.75,1700.16,916.09,0.855
2501,41.683333,0,1631.19,916.13,1562.67,617.36,1699.71,916.13,0.857
2502,41.700000,0,1630.02,916.01,1560.75,618.12,1699.29,916.01,0.856
2503,41.716667,0,1629.33,915.55,1560.34,617.48,1698.31,915.55,0.859
2504,41.733333,0,1631.27,915.24,1564.24,620.46,1698.30,915.24,0.860
2505,41.750000,0,1629.82,914.59,1561.72,620.09,1697.92,914.59,0.857
2506,41.766667,0,1629.23,914.71,1561.67,618.35,1696.80,914.71,0.853
2507,41.783333,0,1626.42,913.40,1556.79,618.12,1696.04,913.40,0.865
2508,41.800000,0,1625.67,911.25,1557.17,620.10,1694.16,911.25,0.861
2509,41.816667,0,1625.49,910.09,1556.36,620.56,1694.62,910.09,0.863
2510,41.833333,0,1624.16,910.23,1554.98,620.47,1693.34,910.23,0.864
2511,41.850000,0,1622.81,909.94,1554.24,620.83,1691.39,909.94,0.872
2512,41.866667,0,1620.32,910.40,1553.56,620.87,1687.08,910.40,0.877
2513,41.883333,0,1617.01,911.64,1550.48,619.83,1683.54,911.64,0.862
2514,41.900000,0,1612.85,911.50,1545.86,618.63,1679.84,911.50,0.866
2515,41.916667,0,1609.29,907.59,1541.16,616.21,1677.42,907.59,0.857
2516,41.933333,0,1601.60,902.55,1534.80,615.67,1668.40,902.55,0.878
2517,41.950000,0,1596.47,900.47,1530.19,613.69,1662.74,900.47,0.879
2518,41.966667,0,1593.23,898.64,1525.78,612.47,1660.68,898.64,0.863
2519,41.983333,0,1589.35,895.94,1523.30,612.52,1655.41,895.94,0.848
2520,42.000000,0,1586.72,894.14,1520.73,611.96,1652.72,894.14,0.854
2521,42.016667,0,1583.90,890.96,1520.27,610.53,1647.54,890.96,0.859
2522,42.033333,0,1582.15,889.78,1517.90,609.88,1646.40,889.78,0.863
2523,42.050000,0,1578.23,888.24,1516.38,607.98,1640.07,888.24,0.871
2524,42.066667,0,1574.52,888.22,1511.45,607.84,1637.59,888.22,0.875
2525,42.083333,0,1573.22,886.73,1510.78,606.44,1635.65,886.73,0.887
2526,42.100000,0,1569.98,884.86,1508.43,605.10,1631.54,884.86,0.891
2527,42.116667,0,1568.72,880.74,1506.87,604.13,1630.56,880.74,0.896
2528,42.133333,0,1567.25,879.44,1504.82,605.40,1629.68,879.44,0.900
2529,42.150000,0,1566.54,879.42,1502.60,606.64,1630.49,879.42,0.900
2530,42.166667,0,1565.62,880.65,1500.05,607.55,1631.19,880.65,0.901
2531,42.183333,0,1564.69,876.07,1498.96,607.39,1630.41,876.07,0.896
2532,42.200000,0,1565.04,874.61,1497.08,607.80,1633.00,874.61,0.891
2533,42.216667,0,1564.84,874.94,1496.74,606.36,1632.94,874.94,0.891
2534,42.233333,0,1565.02,880.03,1495.56,607.95,1634.48,880.03,0.885
2535,42.250000,0,1564.41,881.94,1494.20,610.19,1634.62,881.94,0.886
2536,42.266667,0,1564.52,878.65,1493.78,611.91,1635.27,878.65,0.860
2537,42.283333,0,1564.83,879.04,1493.62,613.11,1636.04,879.04,0.866
2538,42.300000,0,1564.57,880.03,1492.74,611.30,1636.40,880.03,0.842
2539,42.316667,0,1563.50,877.64,1492.39,608.99,1634.61,877.64,0.841
2540,42.333333,0,1562.38,876.50,1491.45,605.39,1633.31,876.50,0.865
2541,42.350000,0,1561.73,880.84,1490.88,611.78,1632.58,880.84,0.867
2542,42.366667,0,1562.02,880.00,1490.68,611.60,1633.36,880.00,0.872
2543,42.383333,0,1559.27,877.52,1488.76,611.25,1629.78,877.52,0.876
2544,42.400000,0,1556.01,878.27,1488.21,611.76,1623.80,878.27,0.876
2545,42.416667,0,1554.95,878.87,1487.83,613.36,1622.07,878.87,0.876
2546,42.433333,0,1554.45,878.52,1487.61,611.60,1621.30,878.52,0.878
2547,42.450000,0,1553.52,875.09,1487.45,611.75,1619.58,875.09,0.867
2548,42.466667,0,1553.45,873.74,1487.35,611.23,1619.56,873.74,0.856
2549,42.483333,0,1551.72,873.05,1485.97,611.07,1617.47,873.05,0.863
2550,42.500000,0,1548.11,872.99,1484.74,610.93,1611.48,872.99,0.868
2551,42.516667,0,1545.87,873.30,1483.26,609.76,1608.48,873.30,0.863
2552,42.533333,0,1544.13,873.48,1481.80,607.77,1606.46,873.48,0.858
2553,42.550000,0,1544.35,871.36,1482.33,608.01,1606.38,871.36,0.866
2554,42.566667,0,1543.73,869.01,1481.89,607.41,1605.58,869.01,0.860
2555,42.583333,0,1543.07,869.25,1481.92,607.07,1604.22,869.25,0.853
2556,42.600000,0,1542.28,865.59,1483.03,605.40,1601.53,865.59,0.852
2557,42.616667,0,1541.84,865.91,1483.55,605.41,1600.13,865.91,0.846
2558,42.633333,0,1540.15,866.37,1483.93,603.70,1596.37,866.37,0.844
2559,42.650000,0,1539.71,861.68,1484.28,604.05,1595.13,861.68,0.852
2560,42.666667,0,1538.10,860.23,1483.81,602.58,1592.39,860.23,0.865
2561,42.683333,0,1537.38,858.86,1484.12,600.39,1590.63,858.86,0.868
2562,42.700000,0,1536.39,858.92,1484.39,600.67,1588.39,858.92,0.872
2563,42.716667,0,1535.61,858.21,1484.23,600.06,1586.98,858.21,0.870
2564,42.733333,0,1535.04,857.62,1484.31,600.55,1585.77,857.62,0.869
2565,42.750000,0,1534.97,855.89,1484.30,599.71,1585.65,855.89,0.868
2566,42.766667,0,1533.67,856.80,1484.27,601.35,1583.07,856.80,0.868
2567,42.783333,0,1534.37,855.38,1485.79,601.26,1582.94,855.38,0.867
2568,42.800000,0,1534.01,855.61,1485.41,600.47,1582.61,855.61,0.853
2569,42.816667,0,1533.07,855.72,1484.24,600.93,1581.89,855.72,0.853
2570,42.833333,0,1531.61,855.85,1483.44,601.29,1579.79,855.85,0.852
2571,42.850000,0,1531.01,857.60,1484.57,602.69,1577.45,857.60,0.847
2572,42.866667,0,1529.43,858.55,1482.72,606.66,1576.14,858.55,0.859
2573,42.883333,0,1527.95,858.70,1480.78,606.89,1575.12,858.70,0.859
2574,42.900000,0,1525.59,859.84,1478.66,608.19,1572.53,859.84,0.870
2575,42.916667,0,1524.58,859.80,1477.92,609.48,1571.24,859.80,0.873
2576,42.933333,0,1523.97,859.16,1477.71,609.78,1570.23,859.16,0.872
2577,42.950000,0,1523.04,859.91,1477.04,610.27,1569.04,859.91,0.868
2578,42.966667,0,1521.57,862.14,1477.83,610.27,1565.32,862.14,0.871
2579,42.983333,0,1522.07,862.42,1478.96,610.19,1565.18,862.42,0.867
2580,43.000000,0,1520.86,863.68,1477.71,610.68,1564.02,863.68,0.859
2581,43.016667,0,1520.48,863.71,1478.28,611.31,1562.68,863.71,0.852
2582,43.033333,0,1518.85,863.50,1476.43,613.48,1561.27,863.50,0.852
2583,43.050000,0,1516.99,861.51,1473.47,614.03,1560.51,861.51,0.848
2584,43.066667,0,1514.96,862.71,1472.45,614.81,1557.47,862.71,0.851
2585,43.083333,0,1512.26,862.36,1468.91,614.27,1555.61,862.36,0.852
2586,43.100000,0,1511.13,862.43,1468.32,613.38,1553.95,862.43,0.853
2587,43.116667,0,1510.19,861.97,1466.69,612.29,1553.69,861.97,0.851
2588,43.133333,0,1507.42,860.12,1464.16,612.72,1550.69,860.12,0.850
2589,43.150000,0,1505.26,859.63,1460.29,611.80,1550.23,859.63,0.845
2590,43.166667,0,1502.21,857.75,1455.33,612.04,1549.09,857.75,0.856
2591,43.183333,0,1499.27,856.39,1452.24,613.09,1546.29,856.39,0.864
2592,43.200000,0,1496.84,853.85,1448.91,612.27,1544.77,853.85,0.865
2593,43.216667,0,1493.82,852.57,1445.39,612.46,1542.25,852.57,0.880
2594,43.233333,0,1489.91,853.21,1439.22,613.67,1540.60,853.21,0.884
2595,43.250000,0,1487.82,852.16,1437.55,611.07,1538.09,852.16,0.877
2596,43.266667,0,1486.68,850.55,1434.78,611.48,1538.58,850.55,0.883
2597,43.283333,0,1483.94,850.92,1430.60,611.45,1537.28,850.92,0.884
2598,43.300000,0,1481.99,851.31,1426.59,609.87,1537.40,851.31,0.878
2599,43.316667,0,1479.88,849.71,1423.74,610.15,1536.01,849.71,0.873
2600,43.333333,0,1478.50,849.81,1421.30,609.35,1535.69,849.81,0.873
2601,43.350000,0,1477.23,850.33,1419.21,609.07,1535.25,850.33,0.861
2602,43.366667,0,1475.61,846.25,1414.76,609.10,1536.46,846.25,0.870
2603,43.383333,0,1474.45,846.86,1413.10,609.86,1535.80,846.86,0.868
2604,43.400000,0,1473.62,847.32,1411.39,610.37,1535.86,847.32,0.880
2605,43.416667,0,1472.47,848.20,1410.13,610.70,1534.82,848.20,0.880
2606,43.433333,0,1471.51,849.11,1409.12,610.69,1533.90,849.11,0.876
2607,43.450000,0,1470.79,847.11,1406.96,610.39,1534.62,847.11,0.868
2608,43.466667,0,1470.35,845.93,1406.86,609.97,1533.83,845.93,0.866
2609,43.483333,0,1468.91,846.47,1406.44,609.33,1531.38,846.47,0.863
2610,43.500000,0,1467.95,846.25,1405.74,608.30,1530.16,846.25,0.858
2611,43.516667,0,1467.68,847.71,1405.25,606.95,1530.11,847.71,0.863
2612,43.533333,0,1465.28,847.45,1404.64,605.41,1525.92,847.45,0.860
2613,43.550000,0,1465.35,847.66,1404.71,604.58,1525.99,847.66,0.858
2614,43.566667,0,1465.18,845.29,1404.24,604.72,1526.13,845.29,0.862
2615,43.583333,0,1465.93,845.37,1406.33,603.78,1525.53,845.37,0.863
2616,43.600000,0,1466.08,842.94,1406.09,603.49,1526.07,842.94,0.854
2617,43.616667,0,1464.89,841.50,1404.75,603.11,1525.02,841.50,0.849
2618,43.633333,0,1463.84,839.27,1404.73,599.15,1522.95,839.27,0.827
2619,43.650000,0,1464.88,837.55,1405.03,602.56,1524.72,837.55,0.854
2620,43.666667,0,1464.08,836.62,1406.21,599.88,1521.94,836.62,0.851
2621,43.683333,0,1462.18,835.48,1405.81,599.39,1518.56,835.48,0.839
2622,43.700000,0,1461.93,833.30,1406.25,596.81,1517.62,833.30,0.850
2623,43.716667,0,1460.58,831.66,1406.45,597.23,1514.71,831.66,0.838
2624,43.733333,0,1461.97,828.53,1409.66,595.16,1514.29,828.53,0.835
2625,43.750000,0,1461.15,825.20,1410.89,595.20,1511.40,825.20,0.854
2626,43.766667,0,1461.00,824.02,1412.01,594.50,1509.98,824.02,0.865
2627,43.783333,0,1459.61,820.83,1411.68,592.97,1507.54,820.83,0.863
2628,43.800000,0,1459.31,819.66,1411.92,592.45,1506.70,819.66,0.863
2629,43.816667,0,1459.40,819.73,1413.41,592.59,1505.40,819.73,0.856
2630,43.833333,0,1459.44,818.66,1413.70,592.61,1505.18,818.66,0.851
2631,43.850000,0,1459.74,816.39,1414.97,591.32,1504.50,816.39,0.850
2632,43.866667,0,1459.69,815.87,1415.61,590.93,1503.77,815.87,0.857
2633,43.883333,0,1460.87,816.47,1417.20,591.57,1504.53,816.47,0.861
2634,43.900000,0,1460.37,816.65,1417.32,592.47,1503.42,816.65,0.860
2635,43.916667,0,1457.76,817.38,1414.89,593.57,1500.63,817.38,0.869
2636,43.933333,0,1454.50,815.93,1412.19,593.69,1496.80,815.93,0.855
2637,43.950000,0,1452.41,816.62,1410.09,592.52,1494.73,816.62,0.843
2638,43.966667,0,1449.33,819.08,1407.49,594.63,1491.16,819.08,0.846
2639,43.983333,0,1446.90,818.84,1406.13,595.29,1487.67,818.84,0.841
2640,44.000000,0,1447.24,817.76,1407.19,596.39,1487.28,817.76,0.844
2641,44.016667,0,1447.23,817.68,1407.44,597.51,1487.02,817.68,0.850
2642,44.033333,0,1446.75,816.57,1407.48,598.56,1486.01,816.57,0.850
2643,44.050000,0,1446.52,817.15,1407.96,597.68,1485.07,817.15,0.850
2644,44.066667,0,1446.15,817.38,1407.75,598.87,1484.54,817.38,0.837
2645,44.083333,0,1444.01,818.21,1407.06,599.17,1480.96,818.21,0.827
2646,44.100000,0,1441.50,819.30,1405.91,599.86,1477.09,819.30,0.802
2647,44.116667,0,1440.32,819.44,1403.67,600.17,1476.96,819.44,0.801
2648,44.133333,0,1438.19,819.04,1401.14,601.40,1475.24,819.04,0.820
2649,44.150000,0,1436.81,818.70,1400.36,604.21,1473.25,818.70,0.827
2650,44.166667,0,1435.34,817.94,1398.28,604.05,1472.40,817.94,0.835
2651,44.183333,0,1433.50,817.83,1395.76,604.63,1471.24,817.83,0.835
2652,44.200000,0,1430.81,816.81,1391.51,603.67,1470.11,816.81,0.843
2653,44.216667,0,1428.85,815.17,1389.89,602.37,1467.81,815.17,0.843
2654,44.233333,0,1426.55,813.57,1387.87,602.29,1465.23,813.57,0.842
2655,44.250000,0,1424.51,813.07,1384.69,600.26,1464.33,813.07,0.842
2656,44.266667,0,1422.78,811.88,1382.67,600.34,1462.88,811.88,0.834
2657,44.283333,0,1422.90,812.98,1381.07,603.22,1464.72,812.98,0.832
2658,44.300000,0,1420.61,812.28,1377.99,604.14,1463.24,812.28,0.828
2659,44.316667,0,1418.59,813.09,1375.08,604.41,1462.10,813.09,0.825
2660,44.333333,0,1415.83,812.78,1370.01,603.52,1461.65,812.78,0.823
2661,44.350000,0,1414.74,812.97,1368.36,605.47,1461.13,812.97,0.839
2662,44.366667,0,1414.56,812.01,1366.85,603.88,1462.27,812.01,0.844
2663,44.383333,0,1414.47,811.63,1365.80,604.38,1463.15,811.63,0.816
2664,44.400000,0,1413.24,812.01,1363.60,603.30,1462.88,812.01,0.848
2665,44.416667,0,1410.38,810.41,1359.51,600.85,1461.25,810.41,0.849
2666,44.433333,0,1410.44,810.10,1358.09,600.52,1462.79,810.10,0.860
2667,44.450000,0,1410.07,810.16,1356.46,601.46,1463.68,810.16,0.857
2668,44.466667,0,1409.61,809.66,1356.40,601.31,1462.82,809.66,0.846
2669,44.483333,0,1411.33,809.28,1359.03,600.49,1463.63,809.28,0.851
2670,44.500000,0,1408.96,809.34,1354.98,600.86,1462.93,809.34,0.845
2671,44.516667,0,1408.23,809.77,1354.01,601.60,1462.45,809.77,0.852
2672,44.533333,0,1407.47,809.02,1353.91,602.73,1461.03,809.02,0.836
2673,44.550000,0,1406.54,810.41,1352.18,601.27,1460.90,810.41,0.842
2674,44.566667,0,1404.13,810.07,1349.55,603.08,1458.70,810.07,0.835
2675,44.583333,0,1404.14,810.38,1349.47,604.26,1458.81,810.38,0.838
2676,44.600000,0,1401.95,811.76,1346.53,609.94,1457.36,811.76,0.820
2677,44.616667,0,1401.37,812.20,1345.91,612.50,1456.83,812.20,0.834
2678,44.633333,0,1399.84,812.45,1343.65,613.49,1456.03,812.45,0.825
2679,44.650000,0,1399.73,812.47,1345.02,610.04,1454.45,812.47,0.827
2680,44.666667,0,1400.17,812.85,1345.85,610.19,1454.49,812.85,0.816
2681,44.683333,0,1400.37,813.76,1345.23,615.97,1455.51,813.76,0.799
2682,44.700000,0,1398.74,812.19,1345.62,615.37,1451.86,812.19,0.830
2683,44.716667,0,1397.66,811.47,1344.91,613.17,1450.40,811.47,0.845
2684,44.733333,0,1396.66,810.32,1344.16,613.22,1449.15,810.32,0.839
2685,44.750000,0,1396.74,810.73,1344.27,614.57,1449.20,810.73,0.840
2686,44.766667,0,1396.65,810.08,1343.60,613.74,1449.70,810.08,0.841
2687,44.783333,0,1395.18,809.76,1343.44,614.96,1446.92,809.76,0.823
2688,44.800000,0,1393.68,810.39,1344.62,613.56,1442.74,810.39,0.829
2689,44.816667,0,1393.06,812.29,1344.76,612.14,1441.36,812.29,0.834
2690,44.833333,0,1394.54,812.65,1349.15,613.38,1439.94,812.65,0.818
2691,44.850000,0,1395.11,812.48,1350.98,612.01,1439.24,812.48,0.811
2692,44.866667,0,1395.97,812.49,1352.13,611.13,1439.82,812.49,0.817
2693,44.883333,0,1396.88,812.56,1354.27,609.55,1439.49,812.56,0.803
2694,44.900000,0,1396.29,811.00,1354.19,610.12,1438.39,811.00,0.814
2695,44.916667,0,1397.66,812.09,1357.50,611.24,1437.83,812.09,0.822
2696,44.933333,0,1397.55,811.98,1357.73,612.97,1437.36,811.98,0.832
2697,44.950000,0,1397.77,813.01,1359.60,614.71,1435.95,813.01,0.833
2698,44.966667,0,1398.49,815.25,1360.66,615.34,1436.32,815.25,0.834
2699,44.983333,0,1397.96,816.56,1360.91,618.24,1435.00,816.56,0.815
2700,45.000000,0,1398.08,817.96,1361.82,617.66,1434.34,817.96,0.817
2701,45.016667,0,1396.04,819.30,1360.86,618.32,1431.22,819.30,0.816
2702,45.033333,0,1394.12,819.83,1358.94,617.38,1429.29,819.83,0.787
2703,45.050000,0,1393.50,820.03,1358.02,618.51,1428.98,820.03,0.793
2704,45.066667,0,1392.70,819.35,1357.42,615.24,1427.99,819.35,0.766
2705,45.083333,0,1391.21,819.62,1356.79,620.85,1425.62,819.62,0.781
2706,45.100000,0,1391.17,820.66,1356.76,624.16,1425.57,820.66,0.799
2707,45.116667,0,1391.01,822.58,1356.72,625.48,1425.31,822.58,0.795
2708,45.133333,0,1389.34,822.44,1355.42,625.97,1423.26,822.44,0.783
2709,45.150000,0,1386.79,823.62,1353.35,624.78,1420.24,823.62,0.770
2710,45.166667,0,1383.11,820.23,1351.90,624.78,1414.32,820.23,0.721
2711,45.183333,0,1381.59,820.20,1350.37,623.64,1412.81,820.20,0.760
2712,45.200000,0,1379.42,820.66,1347.64,624.40,1411.19,820.66,0.814
2713,45.216667,0,1376.54,820.91,1345.50,625.96,1407.57,820.91,0.814
2714,45.233333,0,1374.88,821.08,1343.91,626.88,1405.84,821.08,0.826
2715,45.250000,0,1374.08,819.61,1342.40,626.53,1405.76,819.61,0.836
2716,45.266667,0,1373.67,818.01,1341.49,626.44,1405.85,818.01,0.864
2717,45.283333,0,1372.40,818.13,1338.82,626.75,1405.98,818.13,0.825
2718,45.300000,0,1371.00,818.85,1337.09,627.10,1404.92,818.85,0.809
2719,45.316667,0,1369.66,818.76,1335.11,626.25,1404.20,818.76,0.815
2720,45.333333,0,1368.01,815.36,1332.76,624.05,1403.26,815.36,0.807
2721,45.350000,0,1365.95,814.23,1331.17,624.00,1400.74,814.23,0.825
2722,45.366667,0,1364.46,812.54,1328.89,626.10,1400.03,812.54,0.818
2723,45.383333,0,1362.90,813.33,1326.44,624.46,1399.37,813.33,0.821
2724,45.400000,0,1360.25,811.14,1321.47,623.64,1399.04,811.14,0.826
2725,45.416667,0,1358.34,810.33,1321.03,623.22,1395.65,810.33,0.825
2726,45.433333,0,1357.81,810.09,1318.83,622.05,1396.80,810.09,0.839
2727,45.450000,0,1357.60,809.17,1317.93,620.00,1397.26,809.17,0.853
2728,45.466667,0,1356.00,807.71,1314.64,618.61,1397.37,807.71,0.853
2729,45.483333,0,1356.63,806.94,1315.24,616.69,1398.02,806.94,0.854
2730,45.500000,0,1355.65,805.08,1312.96,615.36,1398.33,805.08,0.862
2731,45.516667,0,1354.15,805.80,1311.46,614.86,1396.84,805.80,0.864
2732,45.533333,0,1355.80,804.38,1313.56,612.77,1398.04,804.38,0.859
2733,45.550000,0,1356.94,805.46,1313.61,610.79,1400.26,805.46,0.853
2734,45.566667,0,1358.71,804.35,1315.91,611.05,1401.51,804.35,0.842
2735,45.583333,0,1359.55,803.24,1316.56,610.00,1402.54,803.24,0.836
2736,45.600000,0,1358.42,804.50,1314.54,610.38,1402.30,804.50,0.847
2737,45.616667,0,1358.17,804.09,1314.11,610.26,1402.22,804.09,0.853
2738,45.633333,0,1358.16,803.28,1315.06,608.53,1401.26,803.28,0.849
2739,45.650000,0,1357.38,802.84,1315.34,609.80,1399.41,802.84,0.845
2740,45.666667,0,1355.87,801.59,1313.50,610.87,1398.24,801.59,0.842
2741,45.683333,0,1356.00,800.85,1314.56,611.24,1397.44,800.85,0.832
2742,45.700000,0,1356.19,799.83,1315.19,610.25,1397.20,799.83,0.818
2743,45.716667,0,1357.16,798.18,1315.35,609.72,1398.96,798.18,0.814
2744,45.733333,0,1357.15,797.47,1312.78,608.60,1401.52,797.47,0.796
2745,45.750000,0,1358.51,797.83,1313.38,608.35,1403.64,797.83,0.832
2746,45.766667,0,1360.68,795.61,1317.44,609.48,1403.92,795.61,0.864
2747,45.783333,0,1360.33,796.88,1316.88,606.36,1403.77,796.88,0.844
2748,45.800000,0,1362.10,794.29,1319.69,606.02,1404.51,794.29,0.858
2749,45.816667,0,1360.71,793.18,1317.41,606.41,1404.01,793.18,0.842
2750,45.833333,0,1359.78,792.42,1316.56,605.75,1403.00,792.42,0.840
2751,45.850000,0,1358.80,792.99,1314.54,605.15,1403.06,792.99,0.835
2752,45.866667,0,1356.93,792.79,1313.43,605.01,1400.44,792.79,0.814
2753,45.883333,0,1354.80,791.99,1311.38,604.72,1398.21,791.99,0.779
2754,45.900000,0,1354.66,792.52,1312.02,604.65,1397.31,792.52,0.797
2755,45.916667,0,1354.06,793.27,1312.02,605.85,1396.11,793.27,0.807
2756,45.933333,0,1353.50,793.68,1312.27,606.05,1394.73,793.68,0.815
2757,45.950000,0,1353.61,794.15,1312.35,603.41,1394.87,794.15,0.824
2758,45.966667,0,1352.86,793.73,1312.91,603.34,1392.81,793.73,0.812
2759,45.983333,0,1352.73,789.89,1313.16,602.04,1392.31,789.89,0.840
2760,46.000000,0,1351.81,790.90,1311.83,600.76,1391.79,790.90,0.840
2761,46.016667,0,1351.80,790.17,1312.80,599.74,1390.80,790.17,0.831
2762,46.033333,0,1349.83,788.87,1312.22,600.58,1387.45,788.87,0.833
2763,46.050000,0,1349.52,788.24,1312.52,600.59,1386.51,788.24,0.837
2764,46.066667,0,1351.09,787.92,1313.05,600.55,1389.13,787.92,0.821
2765,46.083333,0,1350.94,786.95,1313.30,600.44,1388.58,786.95,0.827
2766,46.100000,0,1350.88,787.08,1313.98,600.34,1387.78,787.08,0.825
2767,46.116667,0,1349.72,788.65,1313.65,600.51,1385.79,788.65,0.833
2768,46.133333,0,1349.69,788.25,1313.70,600.34,1385.67,788.25,0.830
2769,46.150000,0,1348.15,787.80,1311.78,600.62,1384.52,787.80,0.840
2770,46.166667,0,1348.94,786.88,1312.61,599.98,1385.28,786.88,0.835
2771,46.183333,0,1347.54,786.82,1313.00,602.22,1382.08,786.82,0.835
2772,46.200000,0,1346.59,785.85,1313.04,603.51,1380.14,785.85,0.832
2773,46.216667,0,1345.87,785.56,1313.39,603.61,1378.34,785.56,0.830
2774,46.233333,0,1347.01,786.65,1316.37,603.30,1377.65,786.65,0.810
2775,46.250000,0,1344.78,788.37,1315.66,606.24,1373.90,788.37,0.811
2776,46.266667,0,1343.21,789.22,1315.07,607.28,1371.36,789.22,0.812
2777,46.283333,0,1341.90,789.78,1313.04,608.14,1370.76,789.78,0.836
2778,46.300000,0,1339.38,790.79,1309.73,608.28,1369.03,790.79,0.836
2779,46.316667,0,1338.06,790.68,1307.90,609.69,1368.23,790.68,0.836
2780,46.333333,0,1337.23,790.51,1307.18,609.10,1367.28,790.51,0.833
2781,46.350000,0,1337.07,790.81,1306.38,609.46,1367.76,790.81,0.815
2782,46.366667,0,1337.02,790.77,1305.49,609.62,1368.54,790.77,0.824
2783,46.383333,0,1337.12,789.99,1305.02,609.56,1369.22,789.99,0.814
2784,46.400000,0,1335.74,791.24,1302.37,608.31,1369.10,791.24,0.814
2785,46.416667,0,1334.17,791.36,1300.08,608.54,1368.26,791.36,0.836
2786,46.433333,0,1333.40,791.18,1298.66,609.41,1368.15,791.18,0.838
2787,46.450000,0,1333.51,791.40,1298.02,610.26,1369.01,791.40,0.838
2788,46.466667,0,1333.29,790.13,1298.46,610.62,1368.11,790.13,0.833
2789,46.483333,0,1332.78,789.61,1298.12,610.42,1367.45,789.61,0.830
2790,46.500000,0,1326.39,792.21,1285.90,611.67,1366.88,792.21,0.846
2791,46.516667,0,1327.06,791.53,1287.35,612.52,1366.78,791.53,0.839
2792,46.533333,0,1327.55,791.70,1286.70,613.06,1368.40,791.70,0.839
2793,46.550000,0,1325.12,792.68,1282.38,614.53,1367.87,792.68,0.837
2794,46.566667,0,1327.27,795.21,1284.82,616.16,1369.73,795.21,0.838
2795,46.583333,0,1325.42,795.16,1280.93,617.66,1369.91,795.16,0.846
2796,46.600000,0,1326.37,796.15,1281.95,619.06,1370.80,796.15,0.839
2797,46.616667,0,1323.80,797.37,1276.91,619.90,1370.69,797.37,0.839
2798,46.633333,0,1323.91,798.25,1276.42,620.01,1371.40,798.25,0.838
2799,46.650000,0,1322.58,798.76,1274.56,620.77,1370.60,798.76,0.843
2800,46.666667,0,1321.67,800.50,1271.29,622.44,1372.04,800.50,0.837
2801,46.683333,0,1320.86,800.19,1272.04,624.37,1369.69,800.19,0.833
2802,46.700000,0,1319.17,799.83,1269.33,624.05,1369.01,799.83,0.824
2803,46.716667,0,1319.28,800.21,1270.71,624.32,1367.85,800.21,0.820
2804,46.733333,0,1323.15,798.60,1277.64,624.62,1368.67,798.60,0.822
2805,46.750000,0,1323.17,797.27,1278.83,623.16,1367.51,797.27,0.842
2806,46.766667,0,1322.64,796.89,1277.19,622.68,1368.09,796.89,0.823
2807,46.783333,0,1320.38,797.66,1272.96,619.52,1367.80,797.66,0.828
2808,46.800000,0,1323.33,797.12,1277.60,620.20,1369.07,797.12,0.840
2809,46.816667,0,1324.28,798.10,1277.80,619.94,1370.76,798.10,0.842
2810,46.833333,0,1322.85,797.88,1277.29,620.42,1368.40,797.88,0.836
2811,46.850000,0,1321.85,797.40,1277.79,620.15,1365.91,797.40,0.845
2812,46.866667,0,1320.63,797.87,1278.24,619.33,1363.01,797.87,0.844
2813,46.883333,0,1319.47,798.38,1278.48,620.10,1360.47,798.38,0.844
2814,46.900000,0,1317.25,798.00,1277.51,621.47,1357.00,798.00,0.834
2815,46.916667,0,1315.16,797.76,1277.13,619.69,1353.18,797.76,0.837
2816,46.933333,0,1311.92,797.28,1274.50,621.46,1349.34,797.28,0.827
2817,46.950000,0,1308.96,796.09,1273.23,617.27,1344.69,796.09,0.803
2818,46.966667,0,1305.53,796.09,1270.60,617.91,1340.46,796.09,0.752
2819,46.983333,0,1300.39,796.25,1269.10,616.68,1331.67,796.25,0.788
2820,47.000000,0,1296.58,796.66,1267.11,619.50,1326.04,796.66,0.815
2821,47.016667,0,1292.82,795.01,1266.03,618.25,1319.62,795.01,0.799
2822,47.033333,0,1291.89,796.99,1264.25,618.35,1319.53,796.99,0.829
2823,47.050000,0,1289.92,796.75,1261.45,618.10,1318.38,796.75,0.825
2824,47.066667,0,1287.37,798.11,1258.16,618.43,1316.59,798.11,0.817
2825,47.083333,0,1284.56,798.62,1253.78,619.55,1315.35,798.62,0.813
2826,47.100000,0,1283.70,798.70,1250.15,619.52,1317.26,798.70,0.811
2827,47.116667,0,1280.53,797.94,1244.88,618.67,1316.18,797.94,0.844
2828,47.133333,0,1278.56,796.79,1240.41,619.90,1316.70,796.79,0.837
2829,47.150000,0,1275.64,795.48,1235.93,617.37,1315.35,795.48,0.837
2830,47.166667,0,1274.11,794.62,1234.40,620.08,1313.82,794.62,0.832
2831,47.183333,0,1271.75,795.84,1230.92,622.09,1312.58,795.84,0.836
2832,47.200000,0,1269.27,796.67,1227.08,618.65,1311.47,796.67,0.847
2833,47.216667,0,1267.35,797.12,1223.80,619.77,1310.90,797.12,0.849
2834,47.233333,0,1262.45,798.39,1215.23,623.90,1309.67,798.39,0.855
2835,47.250000,0,1260.72,801.23,1211.54,624.77,1309.90,801.23,0.842
2836,47.266667,0,1259.77,802.53,1210.01,625.98,1309.53,802.53,0.841
2837,47.283333,0,1259.28,801.74,1208.87,625.06,1309.70,801.74,0.831
2838,47.300000,0,1258.46,801.38,1208.00,622.83,1308.92,801.38,0.832
2839,47.316667,0,1258.90,801.41,1208.26,623.79,1309.54,801.41,0.839
2840,47.333333,0,1258.90,800.30,1209.35,623.29,1308.44,800.30,0.837
2841,47.350000,0,1256.08,798.11,1210.03,624.25,1302.14,798.11,0.846
2842,47.366667,0,1256.70,796.70,1210.78,624.18,1302.62,796.70,0.853
2843,47.383333,0,1255.89,795.85,1211.53,623.85,1300.25,795.85,0.848
2844,47.400000,0,1255.72,796.38,1210.46,623.01,1300.97,796.38,0.842
2845,47.416667,0,1253.98,794.76,1208.82,621.09,1299.15,794.76,0.838
2846,47.433333,0,1253.48,794.52,1208.71,622.29,1298.24,794.52,0.829
2847,47.450000,0,1251.42,794.71,1208.94,621.31,1293.89,794.71,0.809
2848,47.466667,0,1252.21,794.08,1209.49,619.78,1294.93,794.08,0.794
2849,47.483333,0,1246.53,793.83,1209.65,619.57,1283.41,793.83,0.772
2850,47.500000,0,1244.20,795.09,1208.13,617.36,1280.27,795.09,0.731
2851,47.516667,0,1239.83,795.55,1206.45,619.48,1273.20,795.55,0.801
2852,47.533333,0,1237.49,796.09,1205.18,616.53,1269.81,796.09,0.797
2853,47.550000,0,1234.21,795.05,1203.62,612.99,1264.81,795.05,0.797
2854,47.566667,0,1233.68,795.49,1202.17,612.90,1265.19,795.49,0.743
2855,47.583333,0,1231.44,795.03,1201.52,613.11,1261.35,795.03,0.792
2856,47.600000,0,1229.94,794.80,1199.90,611.98,1259.98,794.80,0.790
2857,47.616667,0,1224.12,791.91,1196.99,610.61,1251.25,791.91,0.773
2858,47.633333,0,1217.61,793.48,1188.16,608.04,1247.06,793.48,0.791
2859,47.650000,0,1214.14,795.13,1184.47,610.39,1243.81,795.13,0.803
2860,47.666667,0,1211.50,795.13,1180.73,612.54,1242.27,795.13,0.814
2861,47.683333,0,1209.87,794.09,1175.04,611.84,1244.70,794.09,0.811
2862,47.700000,0,1209.40,794.04,1171.41,612.56,1247.39,794.04,0.814
2863,47.716667,0,1207.84,791.74,1166.99,611.54,1248.69,791.74,0.822
2864,47.733333,0,1203.96,788.98,1161.49,610.68,1246.43,788.98,0.830
2865,47.750000,0,1202.55,789.40,1158.98,612.48,1246.12,789.40,0.841
2866,47.766667,0,1199.74,789.36,1154.82,613.71,1244.67,789.36,0.852
2867,47.783333,0,1196.75,793.35,1150.13,615.51,1243.37,793.35,0.854
2868,47.800000,0,1196.50,791.66,1151.35,614.66,1241.66,791.66,0.855
2869,47.816667,0,1191.34,795.29,1141.87,616.61,1240.81,795.29,0.860
2870,47.833333,0,1190.84,793.76,1141.08,618.05,1240.61,793.76,0.859
2871,47.850000,0,1189.66,795.09,1139.76,616.65,1239.55,795.09,0.857
2872,47.866667,0,1187.97,794.98,1136.93,618.97,1239.00,794.98,0.861
2873,47.883333,0,1186.60,794.25,1135.09,621.92,1238.11,794.25,0.857
2874,47.900000,0,1184.32,797.02,1133.28,622.43,1235.36,797.02,0.860
2875,47.916667,0,1183.42,797.03,1132.20,622.77,1234.64,797.03,0.855
2876,47.933333,0,1181.93,797.28,1131.53,623.73,1232.32,797.28,0.845
2877,47.950000,0,1180.50,796.79,1130.66,622.23,1230.34,796.79,0.841
2878,47.966667,0,1179.93,795.71,1130.95,626.13,1228.91,795.71,0.837
2879,47.983333,0,1179.56,794.86,1132.17,627.15,1226.96,794.86,0.830
2880,48.000000,0,1176.75,796.16,1128.74,626.67,1224.76,796.16,0.802
2881,48.016667,0,1177.58,795.74,1131.99,626.75,1223.16,795.74,0.802
2882,48.033333,0,1173.97,796.06,1132.47,626.79,1215.47,796.06,0.764
2883,48.050000,0,1170.32,797.23,1131.77,625.83,1208.88,797.23,0.793
2884,48.066667,0,1167.73,797.94,1131.67,623.78,1203.78,797.94,0.794
2885,48.083333,0,1163.73,798.31,1131.76,625.75,1195.71,798.31,0.783
2886,48.100000,0,1161.41,796.85,1128.58,622.86,1194.24,796.85,0.799
2887,48.116667,0,1159.27,798.55,1127.15,624.89,1191.39,798.55,0.775
2888,48.133333,0,1153.56,797.50,1124.95,624.66,1182.16,797.50,0.751
2889,48.150000,0,1151.09,797.41,1123.70,624.80,1178.49,797.41,0.817
2890,48.166667,0,1145.92,799.67,1118.14,625.61,1173.70,799.67,0.813
2891,48.183333,0,1140.79,799.24,1113.41,625.96,1168.17,799.24,0.802
2892,48.200000,0,1138.06,798.96,1111.03,625.90,1165.09,798.96,0.790
2893,48.216667,0,1134.01,799.84,1106.16,626.68,1161.86,799.84,0.808
2894,48.233333,0,1129.72,799.14,1101.31,625.35,1158.13,799.14,0.847
2895,48.250000,0,1126.42,801.26,1097.54,627.62,1155.30,801.26,0.840
2896,48.266667,0,1123.29,803.67,1091.76,624.53,1154.82,803.67,0.797
2897,48.283333,0,1121.87,803.48,1090.71,624.16,1153.03,803.48,0.808
2898,48.300000,0,1120.10,803.11,1087.19,623.99,1153.01,803.11,0.798
2899,48.316667,0,1118.05,802.63,1082.87,624.03,1153.23,802.63,0.804
2900,48.333333,0,1115.06,801.77,1077.54,626.76,1152.57,801.77,0.806
2901,48.350000,0,1111.88,802.94,1070.89,628.14,1152.88,802.94,0.807
2902,48.366667,0,1111.09,800.95,1069.07,627.56,1153.10,800.95,0.826
2903,48.383333,0,1109.84,799.61,1067.25,629.80,1152.42,799.61,0.822
2904,48.400000,0,1107.31,800.91,1061.03,628.47,1153.59,800.91,0.813
2905,48.416667,0,1105.95,799.51,1059.32,628.80,1152.58,799.51,0.805
2906,48.433333,0,1106.13,799.85,1059.92,626.47,1152.35,799.85,0.812
2907,48.450000,0,1105.61,796.23,1060.02,627.69,1151.19,796.23,0.818
2908,48.466667,0,1104.47,798.85,1057.69,628.47,1151.26,798.85,0.825
2909,48.483333,0,1104.80,798.01,1058.69,628.77,1150.90,798.01,0.827
2910,48.500000,0,1102.20,799.55,1055.75,629.24,1148.65,799.55,0.825
2911,48.516667,0,1100.77,799.51,1054.09,629.55,1147.45,799.51,0.835
2912,48.533333,0,1099.27,798.22,1051.48,627.13,1147.06,798.22,0.826
2913,48.550000,0,1097.47,797.24,1050.98,625.75,1143.96,797.24,0.816
2914,48.566667,0,1094.42,795.88,1050.15,624.02,1138.69,795.88,0.800
2915,48.583333,0,1091.61,794.32,1049.19,622.46,1134.04,794.32,0.788
2916,48.600000,0,1089.30,792.99,1048.38,621.15,1130.23,792.99,0.795
2917,48.616667,0,1090.85,792.74,1050.90,620.37,1130.79,792.74,0.775
2918,48.633333,0,1089.16,791.42,1051.75,621.05,1126.58,791.42,0.773
2919,48.650000,0,1087.72,791.35,1049.32,620.32,1126.11,791.35,0.795
2920,48.666667,0,1085.65,790.33,1049.56,619.95,1121.74,790.33,0.814
2921,48.683333,0,1081.39,790.11,1048.17,617.78,1114.62,790.11,0.788
2922,48.700000,0,1077.50,788.48,1047.49,614.75,1107.51,788.48,0.781
2923,48.716667,0,1075.53,788.06,1046.17,614.21,1104.88,788.06,0.763
2924,48.733333,0,1072.24,789.19,1045.84,610.84,1098.63,789.19,0.795
2925,48.750000,0,1070.55,781.52,1044.40,611.77,1096.69,781.52,0.810
2926,48.766667,0,1069.40,781.83,1045.20,609.01,1093.60,781.83,0.792
2927,48.783333,0,1067.16,781.67,1041.95,607.98,1092.38,781.67,0.801
2928,48.800000,0,1065.45,782.85,1040.14,607.39,1090.77,782.85,0.786
2929,48.816667,0,1063.45,788.82,1037.52,607.02,1089.38,788.82,0.805
2930,48.833333,0,1060.97,787.08,1033.15,610.00,1088.79,787.08,0.813
2931,48.850000,0,1058.68,784.65,1027.09,608.69,1090.26,784.65,0.819
2932,48.866667,0,1056.22,782.93,1022.58,608.72,1089.85,782.93,0.842
2933,48.883333,0,1055.97,782.65,1021.44,609.31,1090.50,782.65,0.838
2934,48.900000,0,1051.13,776.13,1011.79,608.11,1090.46,776.13,0.837
2935,48.916667,0,1050.61,778.08,1009.83,608.89,1091.40,778.08,0.853
2936,48.933333,0,1048.19,782.20,1006.51,609.73,1089.87,782.20,0.859
2937,48.950000,0,1047.49,782.48,1004.63,610.13,1090.34,782.48,0.861
2938,48.966667,0,1047.80,783.85,1001.96,611.75,1093.64,783.85,0.866
2939,48.983333,0,1047.75,782.72,999.72,612.22,1095.77,782.72,0.862
2940,49.000000,0,1044.76,782.32,996.72,612.04,1092.79,782.32,0.861
2941,49.016667,0,1045.70,783.07,996.32,610.51,1095.07,783.07,0.865
2942,49.033333,0,1043.69,783.00,994.53,610.90,1092.84,783.00,0.867
2943,49.050000,0,1039.52,782.68,990.80,610.88,1088.25,782.68,0.877
2944,49.066667,0,1036.90,781.35,986.45,612.48,1087.35,781.35,0.867
2945,49.083333,0,1036.15,780.54,985.80,611.68,1086.51,780.54,0.870
2946,49.100000,0,1034.20,780.12,984.87,610.53,1083.53,780.12,0.868
2947,49.116667,0,1032.19,780.38,985.16,610.48,1079.23,780.38,0.867
2948,49.133333,0,1032.95,781.11,984.90,610.31,1080.99,781.11,0.861
2949,49.150000,0,1028.98,780.10,985.26,611.67,1072.71,780.10,0.851
2950,49.166667,0,1027.37,780.06,984.74,612.95,1070.01,780.06,0.841
2951,49.183333,0,1028.50,780.29,986.34,611.28,1070.66,780.29,0.843
2952,49.200000,0,1026.34,780.87,985.00,611.52,1067.68,780.87,0.849
2953,49.216667,0,1024.96,780.94,985.23,611.00,1064.69,780.94,0.850
2954,49.233333,0,1026.08,780.77,986.91,608.66,1065.25,780.77,0.845
2955,49.250000,0,1024.70,781.18,986.70,608.00,1062.70,781.18,0.842
2956,49.266667,0,1022.99,779.65,986.83,608.26,1059.15,779.65,0.830
2957,49.283333,0,1017.73,776.98,985.98,606.95,1049.49,776.98,0.774
2958,49.300000,0,1008.67,775.24,982.35,607.17,1034.99,775.24,0.802
2959,49.316667,0,1005.49,776.26,980.27,605.75,1030.71,776.26,0.791
2960,49.333333,0,1001.58,773.16,976.90,603.85,1026.26,773.16,0.790
2961,49.350000,0,1000.25,771.80,974.97,603.61,1025.52,771.80,0.691
2962,49.366667,0,996.74,771.77,971.62,603.31,1021.87,771.77,0.786
2963,49.383333,0,993.82,776.38,968.02,601.25,1019.63,776.38,0.813
2964,49.400000,0,992.63,776.44,966.46,603.06,1018.80,776.44,0.808
2965,49.416667,0,990.37,773.80,962.55,604.61,1018.20,773.80,0.811
2966,49.433333,0,989.65,772.25,960.97,604.88,1018.32,772.25,0.816
2967,49.450000,0,988.06,773.16,958.02,603.63,1018.09,773.16,0.826
2968,49.466667,0,986.72,773.50,953.16,599.66,1020.28,773.50,0.821
2969,49.483333,0,983.69,773.08,948.20,597.18,1019.18,773.08,0.811
2970,49.500000,0,981.22,770.64,943.37,598.72,1019.06,770.64,0.814
2971,49.516667,0,976.56,770.98,934.49,598.76,1018.63,770.98,0.820
2972,49.533333,0,977.90,772.05,935.85,600.35,1019.95,772.05,0.827
2973,49.550000,0,979.20,773.31,936.37,603.69,1022.04,773.31,0.803
2974,49.566667,0,975.39,772.84,929.45,601.42,1021.34,772.84,0.814
2975,49.583333,0,973.87,772.85,926.04,604.23,1021.69,772.85,0.831
2976,49.600000,0,974.44,771.93,925.73,603.24,1023.15,771.93,0.839
2977,49.616667,0,974.33,772.04,925.20,604.40,1023.47,772.04,0.846
2978,49.633333,0,972.12,772.67,923.40,603.82,1020.83,772.67,0.844
2979,49.650000,0,973.54,772.06,923.73,599.74,1023.34,772.06,0.837
2980,49.666667,0,975.18,772.56,926.93,601.51,1023.43,772.56,0.836
2981,49.683333,0,974.54,772.80,926.90,601.42,1022.18,772.80,0.843
2982,49.700000,0,971.99,772.80,926.94,602.69,1017.05,772.80,0.846
2983,49.716667,0,970.62,774.90,928.31,602.20,1012.93,774.90,0.862
2984,49.733333,0,969.50,774.64,927.04,603.51,1011.96,774.64,0.861
2985,49.750000,0,968.10,775.05,925.42,602.44,1010.78,775.05,0.839
2986,49.766667,0,966.54,775.51,924.73,603.51,1008.35,775.51,0.818
2987,49.783333,0,961.91,773.99,923.13,603.76,1000.70,773.99,0.804
2988,49.800000,0,961.00,774.53,922.64,602.58,999.36,774.53,0.793
2989,49.816667,0,957.91,774.89,921.63,601.52,994.19,774.89,0.821
2990,49.833333,0,957.85,772.61,920.71,600.98,994.99,772.61,0.767
2991,49.850000,0,952.53,770.50,918.69,598.64,986.38,770.50,0.755
2992,49.866667,0,945.30,768.77,916.57,595.38,974.03,768.77,0.783
2993,49.883333,0,941.04,769.16,915.30,594.41,966.78,769.16,0.772
2994,49.900000,0,938.34,769.80,912.90,592.15,963.78,769.80,0.777
2995,49.916667,0,936.44,769.14,910.03,589.68,962.84,769.14,0.821
2996,49.933333,0,930.68,766.06,905.49,591.38,955.88,766.06,0.783
2997,49.950000,0,927.81,769.61,901.28,590.56,954.33,769.61,0.795
2998,49.966667,0,924.78,768.58,895.67,591.82,953.90,768.58,0.803
2999,49.983333,0,922.25,771.71,891.92,591.27,952.58,771.71,0.805
3000,50.000000,0,917.96,771.27,887.37,592.22,948.55,771.27,0.808
3001,50.016667,0,914.93,771.15,882.61,594.04,947.25,771.15,0.813
3002,50.033333,0,913.43,770.88,880.79,595.36,946.06,770.88,0.823
3003,50.050000,0,908.15,769.84,871.78,594.35,944.52,769.84,0.820
3004,50.066667,0,905.05,770.60,866.09,594.93,944.02,770.60,0.826
3005,50.083333,0,903.77,773.12,864.20,595.55,943.35,773.12,0.835
3006,50.100000,0,903.52,772.61,863.38,597.95,943.65,772.61,0.835
3007,50.116667,0,901.19,774.23,856.60,597.21,945.78,774.23,0.841
3008,50.133333,0,899.79,773.45,851.66,598.74,947.93,773.45,0.841
3009,50.150000,0,899.66,773.28,849.21,599.97,950.12,773.28,0.845
3010,50.166667,0,899.01,771.80,848.14,599.21,949.88,771.80,0.837
3011,50.183333,0,898.70,773.14,849.10,599.60,948.29,773.14,0.839
3012,50.200000,0,897.85,772.58,847.39,598.25,948.30,772.58,0.842
3013,50.216667,0,897.39,771.59,847.75,600.96,947.03,771.59,0.842
3014,50.233333,0,894.97,770.07,846.80,600.99,943.13,770.07,0.848
3015,50.250000,0,890.67,770.00,840.39,601.89,940.96,770.00,0.847
3016,50.266667,0,888.76,771.17,838.68,604.07,938.84,771.17,0.870
3017,50.283333,0,890.64,771.55,838.54,601.38,942.74,771.55,0.839
3018,50.300000,0,889.90,772.03,839.81,601.59,939.99,772.03,0.822
3019,50.316667,0,890.82,770.76,842.22,602.75,939.43,770.76,0.805
3020,50.333333,0,892.44,770.84,846.42,599.38,938.45,770.84,0.788
3021,50.350000,0,892.18,770.45,847.71,599.42,936.65,770.45,0.798
3022,50.366667,0,889.02,769.12,847.99,598.89,930.05,769.12,0.786
3023,50.383333,0,887.05,769.34,849.93,597.25,924.17,769.34,0.802
3024,50.400000,0,884.23,769.08,849.99,597.78,918.46,769.08,0.792
3025,50.416667,0,878.29,768.62,847.54,597.71,909.04,768.62,0.780
3026,50.433333,0,874.69,769.19,845.45,596.72,903.94,769.19,0.780
3027,50.450000,0,869.21,767.09,840.82,595.24,897.61,767.09,0.766
3028,50.466667,0,866.50,766.53,840.05,596.85,892.95,766.53,0.777
3029,50.483333,0,864.47,764.95,836.47,592.22,892.46,764.95,0.787
3030,50.500000,0,863.68,765.53,835.86,591.21,891.51,765.53,0.774
3031,50.516667,0,858.88,766.19,831.64,590.03,886.13,766.19,0.793
3032,50.533333,0,856.74,764.22,829.43,590.85,884.06,764.22,0.817
3033,50.550000,0,855.52,763.20,827.66,589.10,883.38,763.20,0.800
3034,50.566667,0,854.16,761.51,825.40,589.01,882.92,761.51,0.780
3035,50.583333,0,853.32,761.94,823.94,587.88,882.70,761.94,0.785
3036,50.600000,0,852.84,762.37,823.17,587.82,882.52,762.37,0.787
3037,50.616667,0,851.57,763.67,821.21,588.72,881.93,763.67,0.779
3038,50.633333,0,849.46,763.13,818.77,587.43,880.15,763.13,0.793
3039,50.650000,0,847.93,763.32,816.21,587.02,879.65,763.32,0.802
3040,50.666667,0,846.84,763.73,815.27,587.79,878.41,763.73,0.811
3041,50.683333,0,846.44,763.45,815.41,588.30,877.47,763.45,0.795
3042,50.700000,0,845.99,763.41,813.32,588.53,878.66,763.41,0.810
3043,50.716667,0,845.71,762.92,812.63,588.35,878.79,762.92,0.806
3044,50.733333,0,845.43,762.77,811.17,588.22,879.70,762.77,0.828
3045,50.750000,0,845.42,762.40,811.10,587.79,879.74,762.40,0.809
3046,50.766667,0,846.70,763.11,811.16,587.54,882.24,763.11,0.821
3047,50.783333,0,845.26,765.07,812.90,589.26,877.62,765.07,0.796
3048,50.800000,0,844.77,764.77,812.33,590.66,877.22,764.77,0.801
3049,50.816667,0,843.54,765.65,810.94,590.38,876.15,765.65,0.825
3050,50.833333,0,842.47,765.82,809.43,590.06,875.51,765.82,0.837
3051,50.850000,0,841.90,765.28,808.64,588.83,875.17,765.28,0.831
3052,50.866667,0,841.52,765.91,808.06,589.94,874.98,765.91,0.824
3053,50.883333,0,839.14,766.41,808.28,588.61,870.00,766.41,0.810
3054,50.900000,0,837.51,766.42,808.82,589.37,866.19,766.42,0.815
3055,50.916667,0,837.54,765.97,807.41,588.88,867.68,765.97,0.819
3056,50.933333,0,837.26,766.26,806.35,588.98,868.17,766.26,0.819
3057,50.950000,0,836.62,765.94,804.87,588.65,868.38,765.94,0.825
3058,50.966667,0,835.83,765.35,801.11,587.09,870.55,765.35,0.816
3059,50.983333,0,836.41,765.95,798.97,586.35,873.84,765.95,0.811
3060,51.000000,0,836.54,765.09,799.94,586.86,873.13,765.09,0.795
3061,51.016667,0,834.93,764.17,791.75,585.89,878.12,764.17,0.837
3062,51.033333,0,833.66,765.09,788.65,585.01,878.67,765.09,0.851
3063,51.050000,0,832.33,766.04,786.54,585.40,878.12,766.04,0.860
3064,51.066667,0,831.76,765.69,785.26,587.42,878.26,765.69,0.853
3065,51.083333,0,830.67,765.53,782.34,588.17,879.00,765.53,0.845
3066,51.100000,0,829.09,764.34,780.17,588.48,878.01,764.34,0.821
3067,51.116667,0,828.85,764.46,778.81,589.21,878.89,764.46,0.811
3068,51.133333,0,827.09,766.24,775.08,589.09,879.10,766.24,0.844
3069,51.150000,0,825.85,767.68,773.56,589.42,878.13,767.68,0.847
3070,51.166667,0,825.88,770.11,772.06,589.35,879.71,770.11,0.860
3071,51.183333,0,824.17,770.11,770.17,589.69,878.16,770.11,0.861
3072,51.200000,0,822.85,771.12,768.12,590.79,877.58,771.12,0.856
3073,51.216667,0,821.53,773.15,766.68,590.19,876.38,773.15,0.854
3074,51.233333,0,822.44,773.29,768.96,590.00,875.92,773.29,0.848
3075,51.250000,0,823.69,772.57,771.52,590.44,875.86,772.57,0.836
3076,51.266667,0,821.79,775.56,772.84,592.75,870.75,775.56,0.835
3077,51.283333,0,821.90,777.35,772.56,593.32,871.24,777.35,0.832
3078,51.300000,0,819.83,776.76,771.36,595.76,868.30,776.76,0.797
3079,51.316667,0,818.49,776.33,771.14,593.38,865.84,776.33,0.846
3080,51.333333,0,818.33,775.88,772.07,593.38,864.58,775.88,0.852
3081,51.350000,0,817.79,775.04,772.78,594.01,862.79,775.04,0.845
3082,51.366667,0,816.93,775.71,772.81,594.58,861.05,775.71,0.837
3083,51.383333,0,815.29,775.68,772.73,594.03,857.85,775.68,0.840
3084,51.400000,0,814.62,777.00,772.34,593.81,856.90,777.00,0.839
3085,51.416667,0,814.17,774.13,772.48,594.49,855.87,774.13,0.841
3086,51.433333,0,813.49,775.05,772.34,594.61,854.65,775.05,0.842
3087,51.450000,0,813.43,774.44,772.46,594.21,854.40,774.44,0.840
3088,51.466667,0,813.94,775.40,773.54,593.71,854.33,775.40,0.843
3089,51.483333,0,813.71,777.06,773.32,593.67,854.11,777.06,0.838
3090,51.500000,0,813.77,773.81,773.27,593.71,854.28,773.81,0.823
3091,51.516667,0,814.83,774.89,775.02,594.08,854.63,774.89,0.818
3092,51.533333,0,814.95,775.25,776.31,594.32,853.59,775.25,0.821
3093,51.550000,0,815.23,775.29,776.82,593.56,853.63,775.29,0.816
3094,51.566667,0,815.46,773.86,777.70,592.80,853.22,773.86,0.776
3095,51.583333,0,815.67,774.99,777.67,593.84,853.67,774.99,0.715
3096,51.600000,0,814.86,775.16,776.76,591.67,852.96,775.16,0.788
3097,51.616667,0,815.09,773.62,777.12,590.47,853.06,773.62,0.689
3098,51.633333,0,816.15,772.20,777.27,589.56,855.03,772.20,0.795
3099,51.650000,0,815.68,771.24,777.77,589.29,853.60,771.24,0.800
3100,51.666667,0,816.87,772.00,779.34,587.72,854.40,772.00,0.773
3101,51.683333,0,817.37,771.59,779.57,588.51,855.17,771.59,0.731
3102,51.700000,0,817.48,773.90,778.34,587.75,856.63,773.90,0.837
3103,51.716667,0,818.25,773.04,779.44,587.53,857.06,773.04,0.842
3104,51.733333,0,817.18,775.45,779.02,588.43,855.34,775.45,0.839
3105,51.750000,0,816.99,773.09,779.56,589.17,854.42,773.09,0.832
3106,51.766667,0,817.69,776.75,779.73,589.60,855.64,776.75,0.833
3107,51.783333,0,817.32,776.33,779.78,590.77,854.87,776.33,0.828
3108,51.800000,0,816.28,781.45,778.79,591.59,853.77,781.45,0.826
3109,51.816667,0,817.20,781.04,779.45,592.34,854.95,781.04,0.823
3110,51.833333,0,816.69,781.79,778.76,593.25,854.62,781.79,0.824
3111,51.850000,0,815.84,782.68,778.69,594.16,853.00,782.68,0.820
3112,51.866667,0,815.24,781.74,778.73,594.66,851.76,781.74,0.812
3113,51.883333,0,814.52,782.33,777.57,596.50,851.47,782.33,0.812
3114,51.900000,0,812.55,784.11,776.01,596.05,849.10,784.11,0.824
3115,51.916667,0,811.82,784.10,775.58,596.61,848.05,784.10,0.837
3116,51.933333,0,811.90,785.01,776.01,596.97,847.79,785.01,0.832
3117,51.950000,0,810.43,785.68,775.27,596.83,845.58,785.68,0.835
3118,51.966667,0,809.55,784.67,774.81,596.30,844.28,784.67,0.827
3119,51.983333,0,809.45,785.71,775.32,596.62,843.58,785.71,0.815
3120,52.000000,0,808.99,785.29,774.32,597.63,843.67,785.29,0.818
3121,52.016667,0,807.74,785.28,773.18,596.87,842.30,785.28,0.824
3122,52.033333,0,808.61,785.45,772.79,596.94,844.43,785.45,0.809
3123,52.050000,0,805.05,786.46,769.66,597.37,840.44,786.46,0.828
3124,52.066667,0,804.36,785.92,769.57,597.00,839.15,785.92,0.826
3125,52.083333,0,804.11,787.06,769.94,595.75,838.29,787.06,0.828
3126,52.100000,0,803.30,785.47,767.92,595.38,838.68,785.47,0.835
3127,52.116667,0,802.76,786.23,766.93,595.38,838.58,786.23,0.841
3128,52.133333,0,802.35,784.89,765.73,594.63,838.98,784.89,0.840
3129,52.150000,0,800.05,785.26,762.49,594.26,837.62,785.26,0.835
3130,52.166667,0,798.67,785.66,760.24,592.96,837.10,785.66,0.837
3131,52.183333,0,796.91,785.97,755.98,591.72,837.83,785.97,0.851
3132,52.200000,0,795.86,786.47,754.29,590.64,837.43,786.47,0.861
3133,52.216667,0,795.26,786.73,754.11,590.86,836.41,786.73,0.865
3134,52.233333,0,793.71,787.46,751.29,590.65,836.12,787.46,0.865
3135,52.250000,0,793.42,788.11,749.63,589.84,837.20,788.11,0.870
3136,52.266667,0,793.02,787.15,748.54,590.05,837.50,787.15,0.870
3137,52.283333,0,793.22,787.73,748.06,590.15,838.38,787.73,0.868
3138,52.300000,0,792.99,789.17,747.57,591.02,838.41,789.17,0.863
3139,52.316667,0,791.30,790.30,744.07,590.61,838.54,790.30,0.877
3140,52.333333,0,790.87,790.12,742.93,590.40,838.80,790.12,0.874
3141,52.350000,0,790.40,791.22,742.04,591.30,838.75,791.22,0.864
3142,52.366667,0,790.22,787.30,741.81,591.49,838.62,787.30,0.886
3143,52.383333,0,789.62,791.67,741.13,589.61,838.12,791.67,0.885
3144,52.400000,0,789.47,792.21,740.72,590.02,838.22,792.21,0.886
3145,52.416667,0,787.71,794.58,737.90,592.39,837.51,794.58,0.886
3146,52.433333,0,786.95,795.16,736.18,592.94,837.73,795.16,0.877
3147,52.450000,0,786.15,797.78,735.17,592.56,837.13,797.78,0.878
3148,52.466667,0,784.89,799.83,733.68,591.67,836.09,799.83,0.874
3149,52.483333,0,783.64,800.04,732.23,592.92,835.04,800.04,0.873
3150,52.500000,0,782.87,800.10,731.26,592.31,834.48,800.10,0.873
3151,52.516667,0,782.49,799.27,731.88,592.40,833.10,799.27,0.873
3152,52.533333,0,781.86,799.62,732.10,592.87,831.62,799.62,0.873
3153,52.550000,0,782.16,800.81,733.09,592.12,831.24,800.81,0.872
3154,52.566667,0,781.86,800.78,733.44,592.57,830.28,800.78,0.869
3155,52.583333,0,780.97,800.03,732.58,593.49,829.36,800.03,0.864
3156,52.600000,0,781.86,799.52,734.21,594.05,829.51,799.52,0.869
3157,52.616667,0,781.43,799.25,733.99,594.98,828.87,799.25,0.872
3158,52.633333,0,780.39,799.73,733.76,594.92,827.01,799.73,0.867
3159,52.650000,0,780.00,799.21,733.58,594.43,826.42,799.21,0.867
3160,52.666667,0,779.42,800.61,731.75,593.58,827.08,800.61,0.863
3161,52.683333,0,778.27,801.99,730.91,592.60,825.64,801.99,0.863
3162,52.700000,0,778.23,801.70,731.51,593.37,824.95,801.70,0.861
3163,52.716667,0,778.79,801.06,732.90,593.21,824.68,801.06,0.858
3164,52.733333,0,778.40,802.26,733.46,593.67,823.33,802.26,0.862
3165,52.750000,0,779.01,802.91,733.92,593.72,824.10,802.91,0.862
3166,52.766667,0,780.24,803.85,734.77,593.72,825.70,803.85,0.862
3167,52.783333,0,779.97,803.41,735.62,594.21,824.33,803.41,0.860
3168,52.800000,0,779.96,803.63,736.01,593.44,823.92,803.63,0.867
3169,52.816667,0,780.22,802.53,736.42,594.25,824.02,802.53,0.865
3170,52.833333,0,781.10,802.58,735.91,593.58,826.29,802.58,0.861
3171,52.850000,0,781.30,802.07,736.70,594.69,825.90,802.07,0.865
3172,52.866667,0,782.50,804.62,740.53,595.13,824.47,804.62,0.879
3173,52.883333,0,783.27,805.40,741.80,596.48,824.74,805.40,0.871
3174,52.900000,0,783.04,804.94,742.11,596.08,823.97,804.94,0.866
3175,52.916667,0,783.74,805.95,743.39,596.57,824.10,805.95,0.855
3176,52.933333,0,783.97,809.80,743.92,596.50,824.01,809.80,0.861
3177,52.950000,0,785.72,811.37,744.86,597.50,826.58,811.37,0.869
3178,52.966667,0,786.04,811.93,745.09,598.10,827.00,811.93,0.872
3179,52.983333,0,787.08,814.17,746.85,597.49,827.31,814.17,0.868
3180,53.000000,0,787.58,815.68,748.35,597.25,826.80,815.68,0.857
3181,53.016667,0,788.10,815.65,749.11,599.06,827.09,815.65,0.857
3182,53.033333,0,788.58,815.76,749.08,599.79,828.08,815.76,0.859
3183,53.050000,0,787.31,816.09,748.73,599.86,825.89,816.09,0.856
3184,53.066667,0,786.58,815.74,747.80,601.64,825.36,815.74,0.866
3185,53.083333,0,785.86,816.06,747.22,601.30,824.51,816.06,0.869
3186,53.100000,0,784.59,815.56,747.11,602.34,822.06,815.56,0.866
3187,53.116667,0,784.87,815.81,746.27,602.20,823.47,815.81,0.867
3188,53.133333,0,783.57,815.91,745.26,602.31,821.89,815.91,0.868
3189,53.150000,0,782.92,815.69,744.41,600.35,821.44,815.69,0.861
3190,53.166667,0,782.38,812.99,744.32,599.14,820.44,812.99,0.864
3191,53.183333,0,781.57,812.19,743.50,599.01,819.65,812.19,0.862
3192,53.200000,0,779.88,812.14,742.08,600.30,817.69,812.14,0.854
3193,53.216667,0,778.10,812.08,739.57,598.69,816.63,812.08,0.866
3194,53.233333,0,775.69,811.06,736.39,597.36,814.98,811.06,0.863
3195,53.250000,0,774.46,809.76,735.56,594.90,813.35,809.76,0.864
3196,53.266667,0,772.88,810.10,733.43,594.33,812.34,810.10,0.858
3197,53.283333,0,771.90,808.73,731.12,594.50,812.69,808.73,0.860
3198,53.300000,0,770.73,809.64,729.07,593.62,812.39,809.64,0.853
3199,53.316667,0,769.27,810.75,725.98,592.82,812.57,810.75,0.867
3200,53.333333,0,769.18,811.25,726.23,592.63,812.13,811.25,0.861
3201,53.350000,0,768.24,809.60,724.23,593.91,812.25,809.60,0.857
3202,53.366667,0,766.58,809.06,720.58,592.79,812.58,809.06,0.864
3203,53.383333,0,765.66,809.28,719.33,592.80,812.00,809.28,0.864
3204,53.400000,0,765.01,811.28,717.79,591.96,812.23,811.28,0.858
3205,53.416667,0,764.55,813.62,715.92,593.54,813.18,813.62,0.866
3206,53.433333,0,763.74,813.16,714.61,593.33,812.86,813.16,0.869
3207,53.450000,0,763.22,813.93,713.78,593.26,812.66,813.93,0.871
3208,53.466667,0,763.34,815.91,712.93,594.80,813.75,815.91,0.869
3209,53.483333,0,763.69,815.92,712.78,595.74,814.59,815.92,0.860
3210,53.500000,0,763.94,815.84,712.50,596.71,815.38,815.84,0.856
3211,53.516667,0,764.11,814.98,712.42,597.93,815.80,814.98,0.858
3212,53.533333,0,764.25,816.48,712.37,597.88,816.14,816.48,0.860
3213,53.550000,0,765.17,818.69,712.56,597.24,817.79,818.69,0.866
3214,53.566667,0,766.51,820.33,712.98,597.19,820.03,820.33,0.872
3215,53.583333,0,767.24,822.29,713.42,598.78,821.07,822.29,0.878
3216,53.600000,0,767.79,822.47,713.62,597.90,821.95,822.47,0.886
3217,53.616667,0,768.98,822.68,714.64,597.81,823.32,822.68,0.885
3218,53.633333,0,769.31,823.10,714.84,597.32,823.78,823.10,0.884
3219,53.650000,0,769.88,822.64,715.50,597.19,824.27,822.64,0.885
3220,53.666667,0,770.07,822.99,715.80,596.41,824.33,822.99,0.882
3221,53.683333,0,769.21,824.38,715.39,597.63,823.03,824.38,0.880
3222,53.700000,0,769.05,825.85,715.68,598.86,822.41,825.85,0.877
3223,53.716667,0,768.61,826.65,715.21,599.21,822.01,826.65,0.876
3224,53.733333,0,768.46,826.35,715.50,598.51,821.41,826.35,0.873
3225,53.750000,0,768.20,826.33,715.36,596.78,821.04,826.33,0.874
3226,53.766667,0,768.65,826.59,715.72,596.62,821.57,826.59,0.873
3227,53.783333,0,769.13,826.47,716.37,596.37,821.89,826.47,0.872
3228,53.800000,0,769.13,825.81,716.35,595.80,821.91,825.81,0.868
3229,53.816667,0,769.39,827.07,715.70,594.43,823.08,827.07,0.866
3230,53.833333,0,769.38,827.53,715.21,594.31,823.56,827.53,0.875
3231,53.850000,0,769.73,826.55,715.84,593.47,823.62,826.55,0.877
3232,53.866667,0,769.25,826.67,715.54,591.41,822.95,826.67,0.875
3233,53.883333,0,768.92,826.75,716.14,590.68,821.71,826.75,0.870
3234,53.900000,0,767.45,826.15,715.53,588.38,819.37,826.15,0.871
3235,53.916667,0,767.24,824.66,715.99,589.33,818.50,824.66,0.875
3236,53.933333,0,766.76,824.96,715.38,589.14,818.14,824.96,0.858
3237,53.950000,0,766.17,824.32,715.25,587.74,817.09,824.32,0.847
3238,53.966667,0,765.25,821.93,715.77,588.30,814.72,821.93,0.850
3239,53.983333,0,764.38,822.32,713.89,588.01,814.87,822.32,0.848
3240,54.000000,0,763.88,824.06,713.16,587.94,814.60,824.06,0.845
3241,54.016667,0,763.72,825.79,712.76,587.57,814.68,825.79,0.843
3242,54.033333,0,764.78,828.84,715.33,587.34,814.24,828.84,0.856
3243,54.050000,0,763.49,827.40,713.96,587.44,813.01,827.40,0.854
3244,54.066667,0,762.78,828.66,713.66,587.73,811.90,828.66,0.864
3245,54.083333,0,762.83,828.81,714.70,588.50,810.96,828.81,0.863
3246,54.100000,0,762.31,830.17,713.93,589.13,810.68,830.17,0.872
3247,54.116667,0,761.58,830.08,713.10,589.75,810.06,830.08,0.871
3248,54.133333,0,760.40,832.19,712.98,590.56,807.82,832.19,0.867
3249,54.150000,0,758.87,833.56,710.27,590.67,807.47,833.56,0.868
3250,54.166667,0,758.68,833.36,711.14,590.61,806.21,833.36,0.868
3251,54.183333,0,756.79,833.16,709.66,591.31,803.93,833.16,0.866
3252,54.200000,0,755.93,834.31,708.82,591.41,803.04,834.31,0.864
3253,54.216667,0,754.68,836.16,708.28,592.27,801.08,836.16,0.863
3254,54.233333,0,752.92,835.82,707.86,593.09,797.98,835.82,0.861
3255,54.250000,0,752.36,836.41,707.04,592.06,797.68,836.41,0.859
3256,54.266667,0,752.50,837.49,706.90,590.54,798.11,837.49,0.854
3257,54.283333,0,750.42,838.60,705.17,590.27,795.67,838.60,0.845
3258,54.300000,0,748.58,839.18,703.23,591.09,793.92,839.18,0.854
3259,54.316667,0,747.28,839.11,701.98,590.87,792.58,839.11,0.863
3260,54.333333,0,745.35,839.88,699.91,590.54,790.79,839.88,0.873
3261,54.350000,0,743.59,839.60,697.62,590.93,789.55,839.60,0.870
3262,54.366667,0,742.03,839.29,695.02,590.46,789.04,839.29,0.880
3263,54.383333,0,741.34,840.23,694.18,588.61,788.50,840.23,0.886
3264,54.400000,0,739.91,840.62,692.21,586.20,787.60,840.62,0.882
3265,54.416667,0,738.75,840.60,690.58,584.43,786.93,840.60,0.880
3266,54.433333,0,736.69,841.14,686.84,584.06,786.54,841.14,0.874
3267,54.450000,0,735.45,840.91,684.56,583.52,786.34,840.91,0.874
3268,54.466667,0,733.67,841.25,681.25,583.35,786.09,841.25,0.874
3269,54.483333,0,732.95,839.74,679.97,583.30,785.92,839.74,0.881
3270,54.500000,0,730.81,839.43,676.26,583.11,785.37,839.43,0.886
3271,54.516667,0,730.24,838.83,675.23,582.70,785.25,838.83,0.894
3272,54.533333,0,729.96,839.22,674.01,583.15,785.92,839.22,0.897
3273,54.550000,0,728.80,841.43,671.61,583.50,785.98,841.43,0.895
3274,54.566667,0,728.09,842.35,669.80,583.31,786.39,842.35,0.896
3275,54.583333,0,727.91,846.42,669.15,584.40,786.67,846.42,0.894
3276,54.600000,0,727.01,847.53,666.93,584.18,787.10,847.53,0.898
3277,54.616667,0,725.99,851.65,665.37,584.31,786.61,851.65,0.893
3278,54.633333,0,725.37,854.63,663.42,585.01,787.32,854.63,0.898
3279,54.650000,0,723.44,856.43,660.37,585.06,786.51,856.43,0.892
3280,54.666667,0,723.00,859.43,659.91,586.48,786.10,859.43,0.886
3281,54.683333,0,722.49,862.12,659.24,590.33,785.75,862.12,0.897
3282,54.700000,0,722.23,860.81,658.21,590.02,786.25,860.81,0.901
3283,54.716667,0,721.86,859.81,657.66,590.96,786.07,859.81,0.895
3284,54.733333,0,721.23,861.74,656.83,591.33,785.64,861.74,0.890
3285,54.750000,0,720.24,862.70,656.59,593.67,783.89,862.70,0.886
3286,54.766667,0,719.63,867.38,656.25,595.18,783.00,867.38,0.890
3287,54.783333,0,718.76,868.41,655.05,596.49,782.47,868.41,0.886
3288,54.800000,0,717.32,869.82,653.25,596.74,781.39,869.82,0.885
3289,54.816667,0,715.83,870.26,652.29,596.32,779.36,870.26,0.889
3290,54.833333,0,716.18,873.04,653.17,597.72,779.20,873.04,0.887
3291,54.850000,0,714.46,874.40,651.27,598.10,777.64,874.40,0.883
3292,54.866667,0,713.86,875.59,651.22,598.23,776.51,875.59,0.883
3293,54.883333,0,712.83,875.95,650.78,598.76,774.88,875.95,0.882
3294,54.900000,0,711.93,876.47,648.87,598.69,774.99,876.47,0.882
3295,54.916667,0,711.39,876.48,648.44,598.84,774.34,876.48,0.881
3296,54.933333,0,710.05,876.16,647.28,597.70,772.82,876.16,0.883
3297,54.950000,0,709.37,876.63,646.68,597.66,772.05,876.63,0.883
3298,54.966667,0,708.78,877.36,646.75,597.16,770.80,877.36,0.881
3299,54.983333,0,709.12,876.98,648.02,596.66,770.23,876.98,0.885
3300,55.000000,0,708.91,876.71,648.31,596.26,769.52,876.71,0.888
3301,55.016667,0,709.16,876.86,649.65,595.41,768.67,876.86,0.887
3302,55.033333,0,709.41,876.29,651.27,594.39,767.55,876.29,0.882
3303,55.050000,0,708.33,875.05,651.04,595.36,765.61,875.05,0.878
3304,55.066667,0,707.97,874.18,652.36,594.09,763.57,874.18,0.873
3305,55.083333,0,707.46,870.54,653.08,592.89,761.85,870.54,0.873
3306,55.100000,0,706.95,868.59,652.88,592.56,761.02,868.59,0.862
3307,55.116667,0,705.54,869.95,652.56,592.10,758.53,869.95,0.864
3308,55.133333,0,705.48,868.05,652.50,591.93,758.46,868.05,0.860
3309,55.150000,0,705.05,867.48,653.61,592.22,756.49,867.48,0.857
3310,55.166667,0,704.49,869.06,655.05,591.37,753.92,869.06,0.855
3311,55.183333,0,704.40,871.50,654.82,590.03,753.97,871.50,0.867
3312,55.200000,0,706.05,872.51,656.99,590.36,755.10,872.51,0.856
3313,55.216667,0,706.59,876.61,658.01,589.57,755.18,876.61,0.857
3314,55.233333,0,707.11,877.91,659.05,589.58,755.16,877.91,0.860
3315,55.250000,0,706.70,877.47,659.19,590.17,754.21,877.47,0.866
3316,55.266667,0,705.34,880.86,658.14,591.37,752.55,880.86,0.859
3317,55.283333,0,704.33,880.12,657.21,592.51,751.45,880.12,0.856
3318,55.300000,0,702.90,882.28,656.74,594.27,749.06,882.28,0.857
3319,55.316667,0,701.69,884.05,655.33,595.47,748.04,884.05,0.857
3320,55.333333,0,699.91,885.08,653.44,595.84,746.39,885.08,0.874
3321,55.350000,0,698.54,887.48,652.00,595.91,745.07,887.48,0.875
3322,55.366667,0,697.29,888.74,650.34,596.95,744.24,888.74,0.875
3323,55.383333,0,696.23,888.28,648.85,598.77,743.61,888.28,0.877
3324,55.400000,0,694.88,889.49,648.10,598.28,741.65,889.49,0.881
3325,55.416667,0,694.42,889.83,647.38,599.14,741.46,889.83,0.883
3326,55.433333,0,692.90,891.25,644.97,600.15,740.82,891.25,0.884
3327,55.450000,0,692.58,892.91,644.19,601.20,740.98,892.91,0.891
3328,55.466667,0,691.48,894.04,641.02,602.16,741.93,894.04,0.881
3329,55.483333,0,688.64,893.69,637.41,602.51,739.88,893.69,0.857
3330,55.500000,0,687.85,893.56,635.45,602.47,740.26,893.56,0.867
3331,55.516667,0,687.00,894.25,633.76,601.79,740.23,894.25,0.878
3332,55.533333,0,684.38,896.65,628.67,603.36,740.09,896.65,0.884
3333,55.550000,0,682.60,897.83,625.41,601.32,739.78,897.83,0.892
3334,55.566667,0,680.56,897.23,621.24,600.68,739.89,897.23,0.896
3335,55.583333,0,678.91,897.39,618.53,600.56,739.29,897.39,0.897
3336,55.600000,0,676.72,897.94,613.66,600.64,739.78,897.94,0.896
3337,55.616667,0,675.77,897.27,611.29,599.92,740.25,897.27,0.902
3338,55.633333,0,674.86,896.77,608.72,599.62,741.00,896.77,0.905
3339,55.650000,0,675.68,897.45,609.07,599.32,742.29,897.45,0.908
3340,55.666667,0,674.81,899.82,607.79,599.24,741.83,899.82,0.910
3341,55.683333,0,675.10,902.32,607.00,599.72,743.20,902.32,0.912
3342,55.700000,0,674.77,902.96,605.46,599.90,744.08,902.96,0.914
3343,55.716667,0,673.68,905.10,603.82,599.76,743.55,905.10,0.916
3344,55.733333,0,672.28,909.32,601.51,601.29,743.04,909.32,0.911
3345,55.750000,0,670.42,913.54,598.37,602.42,742.47,913.54,0.912
3346,55.766667,0,669.51,914.96,597.29,603.18,741.73,914.96,0.913
3347,55.783333,0,669.71,914.28,597.21,604.48,742.21,914.28,0.908
3348,55.800000,0,669.27,917.63,596.30,605.28,742.24,917.63,0.910
3349,55.816667,0,669.51,922.00,595.21,606.06,743.82,922.00,0.917
3350,55.833333,0,669.45,926.96,595.24,607.60,743.66,926.96,0.914
3351,55.850000,0,668.82,927.08,594.22,609.05,743.42,927.08,0.919
3352,55.866667,0,667.14,926.86,592.45,607.70,741.83,926.86,0.915
3353,55.883333,0,665.72,927.97,590.77,607.98,740.67,927.97,0.911
3354,55.900000,0,663.30,928.29,586.90,608.54,739.70,928.29,0.909
3355,55.916667,0,661.99,928.62,585.50,608.59,738.49,928.62,0.904
3356,55.933333,0,660.71,928.69,584.69,609.20,736.74,928.69,0.905
3357,55.950000,0,660.31,929.03,584.57,608.91,736.04,929.03,0.904
3358,55.966667,0,660.15,931.09,584.12,609.36,736.17,931.09,0.900
3359,55.983333,0,659.51,931.71,584.31,608.93,734.71,931.71,0.902
3360,56.000000,0,658.00,932.36,583.72,608.41,732.28,932.36,0.900
3361,56.016667,0,657.75,933.03,584.12,608.40,731.37,933.03,0.892
3362,56.033333,0,657.34,934.04,583.81,608.41,730.88,934.04,0.894
3363,56.050000,0,656.36,933.14,583.71,608.20,729.01,933.14,0.895
3364,56.066667,0,656.36,933.29,583.74,607.62,728.98,933.29,0.897
3365,56.083333,0,656.45,933.03,583.74,606.65,729.15,933.03,0.900
3366,56.100000,0,655.63,932.63,583.73,607.58,727.52,932.63,0.902
3367,56.116667,0,655.56,933.14,584.23,608.16,726.88,933.14,0.904
3368,56.133333,0,656.23,933.86,585.61,607.67,726.85,933.86,0.906
3369,56.150000,0,657.37,935.76,586.90,606.18,727.85,935.76,0.899
3370,56.166667,0,657.89,935.12,588.16,604.97,727.63,935.12,0.900
3371,56.183333,0,658.40,932.51,588.59,603.76,728.20,932.51,0.896
3372,56.200000,0,658.62,930.76,589.76,602.99,727.49,930.76,0.901
3373,56.216667,0,658.55,931.44,590.89,602.64,726.22,931.44,0.901
3374,56.233333,0,658.20,933.32,591.02,602.96,725.38,933.32,0.898
3375,56.250000,0,658.93,932.40,592.67,603.73,725.19,932.40,0.898
3376,56.266667,0,659.15,934.62,593.64,604.13,724.67,934.62,0.890
3377,56.283333,0,660.25,937.69,595.46,604.02,725.03,937.69,0.885
3378,56.300000,0,662.30,939.65,598.54,605.15,726.06,939.65,0.890
3379,56.316667,0,662.85,941.33,599.19,605.51,726.52,941.33,0.877
3380,56.333333,0,663.10,946.06,599.20,605.74,727.00,946.06,0.878
3381,56.350000,0,664.12,949.20,601.67,606.00,726.57,949.20,0.873
3382,56.366667,0,664.30,950.40,602.42,607.64,726.17,950.40,0.872
3383,56.383333,0,663.61,952.05,602.43,607.56,724.80,952.05,0.877
3384,56.400000,0,663.24,951.51,602.33,607.22,724.16,951.51,0.865
3385,56.416667,0,662.32,952.85,600.32,607.69,724.32,952.85,0.853
3386,56.433333,0,660.27,952.96,599.22,609.12,721.32,952.96,0.854
3387,56.450000,0,659.95,956.75,598.48,610.19,721.41,956.75,0.857
3388,56.466667,0,658.17,960.50,595.83,611.63,720.52,960.50,0.871
3389,56.483333,0,656.43,962.42,594.60,612.78,718.26,962.42,0.873
3390,56.500000,0,653.98,962.63,590.81,613.43,717.15,962.63,0.876
3391,56.516667,0,651.51,962.34,587.95,611.26,715.06,962.34,0.876
3392,56.533333,0,650.27,960.59,585.57,611.18,714.97,960.59,0.875
3393,56.550000,0,648.35,961.24,583.78,613.31,712.92,961.24,0.875
3394,56.566667,0,646.82,960.44,581.54,611.75,712.09,960.44,0.878
3395,56.583333,0,643.46,960.21,576.66,610.13,710.26,960.21,0.878
3396,56.600000,0,641.88,959.55,574.12,609.88,709.63,959.55,0.883
3397,56.616667,0,641.01,960.38,572.79,609.77,709.22,960.38,0.892
3398,56.633333,0,640.04,960.45,571.81,610.07,708.28,960.45,0.892
3399,56.650000,0,638.18,960.76,567.82,608.96,708.54,960.76,0.888
3400,56.666667,0,635.51,960.47,563.67,606.92,707.35,960.47,0.899
3401,56.683333,0,633.26,959.76,560.33,606.29,706.20,959.76,0.902
3402,56.700000,0,630.43,960.04,555.80,604.37,705.06,960.04,0.906
3403,56.716667,0,629.25,959.33,553.48,602.57,705.01,959.33,0.906
3404,56.733333,0,627.94,959.06,551.41,602.03,704.47,959.06,0.910
3405,56.750000,0,626.44,959.00,548.91,602.24,703.97,959.00,0.911
3406,56.766667,0,625.88,959.10,548.55,601.85,703.20,959.10,0.916
3407,56.783333,0,625.00,959.56,547.27,601.62,702.74,959.56,0.920
3408,56.800000,0,624.21,960.91,546.42,601.94,702.00,960.91,0.920
3409,56.816667,0,622.88,960.98,544.32,601.66,701.43,960.98,0.918
3410,56.833333,0,621.56,964.24,542.76,601.00,700.36,964.24,0.921
3411,56.850000,0,619.34,965.40,539.29,601.16,699.38,965.40,0.924
3412,56.866667,0,619.34,968.06,539.22,601.45,699.45,968.06,0.925
3413,56.883333,0,618.96,971.54,538.32,602.68,699.60,971.54,0.928
3414,56.900000,0,618.26,972.28,536.46,603.52,700.07,972.28,0.930
3415,56.916667,0,617.50,978.05,534.95,603.92,700.05,978.05,0.930
3416,56.933333,0,617.64,983.43,535.05,604.84,700.23,983.43,0.929
3417,56.950000,0,618.40,989.04,535.21,608.17,701.60,989.04,0.929
3418,56.966667,0,618.30,991.23,535.33,609.22,701.27,991.23,0.927
3419,56.983333,0,618.65,992.40,535.58,608.77,701.72,992.40,0.922
3420,57.000000,0,618.85,991.71,536.00,610.07,701.71,991.71,0.917
3421,57.016667,0,618.63,991.78,536.12,610.43,701.15,991.78,0.919
3422,57.033333,0,619.57,991.09,538.18,609.53,700.96,991.09,0.917
3423,57.050000,0,620.64,996.01,539.66,609.51,701.62,996.01,0.916
3424,57.066667,0,620.15,998.99,539.69,610.40,700.62,998.99,0.911
3425,57.083333,0,620.42,999.59,539.35,611.20,701.49,999.59,0.901
3426,57.100000,0,622.05,999.57,542.03,614.24,702.07,999.57,0.905
3427,57.116667,0,622.06,999.18,541.45,614.16,702.66,999.18,0.906
3428,57.133333,0,622.85,998.99,541.83,614.87,703.86,998.99,0.903
3429,57.150000,0,623.38,1001.75,542.63,616.39,704.12,1001.75,0.904
3430,57.166667,0,624.18,1005.68,544.19,617.39,704.18,1005.68,0.903
3431,57.183333,0,624.38,1007.12,542.94,617.51,705.81,1007.12,0.903
3432,57.200000,0,624.15,1007.15,541.95,620.78,706.34,1007.15,0.896
3433,57.216667,0,623.69,1005.05,541.30,619.72,706.09,1005.05,0.899
3434,57.233333,0,623.52,1003.39,541.35,618.50,705.68,1003.39,0.898
3435,57.250000,0,623.44,1004.14,540.01,616.72,706.87,1004.14,0.897
3436,57.266667,0,624.05,1004.63,540.87,615.74,707.23,1004.63,0.897
3437,57.283333,0,624.52,1004.92,542.04,613.26,707.00,1004.92,0.898
3438,57.300000,0,625.05,1005.62,542.52,612.38,707.58,1005.62,0.900
3439,57.316667,0,625.08,1007.43,543.38,612.19,706.78,1007.43,0.907
3440,57.333333,0,625.15,1007.99,543.25,612.48,707.05,1007.99,0.908
3441,57.350000,0,624.60,1007.44,543.07,611.81,706.13,1007.44,0.907
3442,57.366667,0,623.91,1005.15,544.17,611.72,703.64,1005.15,0.906
3443,57.383333,0,623.93,1005.25,544.40,611.17,703.47,1005.25,0.905
3444,57.400000,0,623.87,1003.48,545.36,609.81,702.38,1003.48,0.904
3445,57.416667,0,624.64,1000.70,546.83,607.36,702.46,1000.70,0.902
3446,57.433333,0,624.17,1001.12,547.57,607.69,700.78,1001.12,0.904
3447,57.450000,0,624.34,1004.32,548.61,607.71,700.08,1004.32,0.906
3448,57.466667,0,624.72,1005.26,550.24,608.23,699.20,1005.26,0.903
3449,57.483333,0,625.10,1007.96,551.22,608.01,698.98,1007.96,0.898
3450,57.500000,0,625.04,1009.92,551.38,607.96,698.70,1009.92,0.901
3451,57.516667,0,626.21,1013.35,552.50,609.50,699.93,1013.35,0.899
3452,57.533333,0,625.93,1017.69,553.28,610.17,698.58,1017.69,0.901
3453,57.550000,0,626.13,1019.26,553.82,611.63,698.43,1019.26,0.900
3454,57.566667,0,625.32,1022.47,553.75,612.39,696.89,1022.47,0.899
3455,57.583333,0,624.95,1024.20,554.24,612.75,695.66,1024.20,0.899
3456,57.600000,0,623.95,1028.77,553.93,614.38,693.98,1028.77,0.895
3457,57.616667,0,623.57,1032.98,554.15,614.71,693.00,1032.98,0.889
3458,57.633333,0,622.55,1035.01,552.16,614.65,692.94,1035.01,0.886
3459,57.650000,0,620.16,1034.04,549.76,614.90,690.56,1034.04,0.892
3460,57.666667,0,618.44,1034.72,546.09,614.21,690.78,1034.72,0.893
3461,57.683333,0,616.79,1035.37,544.70,614.50,688.88,1035.37,0.898
3462,57.700000,0,615.55,1034.48,543.53,612.89,687.56,1034.48,0.904
3463,57.716667,0,613.57,1034.14,541.21,612.38,685.94,1034.14,0.901
3464,57.733333,0,612.68,1033.26,539.41,609.85,685.95,1033.26,0.899
3465,57.750000,0,611.79,1032.12,537.71,607.84,685.86,1032.12,0.906
3466,57.766667,0,609.91,1029.59,536.39,604.63,683.43,1029.59,0.908
3467,57.783333,0,608.46,1028.39,534.22,600.37,682.71,1028.39,0.905
3468,57.800000,0,605.52,1029.80,531.35,600.71,679.69,1029.80,0.910
3469,57.816667,0,604.08,1031.50,529.35,600.01,678.81,1031.50,0.907
3470,57.833333,0,602.41,1031.69,525.95,600.27,678.87,1031.69,0.910
3471,57.850000,0,600.13,1033.33,521.57,598.24,678.68,1033.33,0.911
3472,57.866667,0,597.63,1034.20,517.55,596.61,677.72,1034.20,0.900
3473,57.883333,0,595.24,1033.98,512.52,594.84,677.96,1033.98,0.896
3474,57.900000,0,593.22,1032.19,507.58,593.19,678.87,1032.19,0.904
3475,57.916667,0,591.23,1031.57,503.53,592.47,678.93,1031.57,0.909
3476,57.933333,0,589.37,1032.20,500.40,589.73,678.34,1032.20,0.907
3477,57.950000,0,587.34,1033.26,497.22,588.05,677.47,1033.26,0.911
3478,57.966667,0,585.61,1032.86,493.95,587.53,677.28,1032.86,0.912
3479,57.983333,0,583.38,1029.14,489.75,585.85,677.02,1029.14,0.918
3480,58.000000,0,581.97,1029.91,486.94,583.73,677.00,1029.91,0.915
3481,58.016667,0,580.25,1031.74,483.81,582.95,676.70,1031.74,0.915
3482,58.033333,0,580.10,1033.77,481.75,582.03,678.44,1033.77,0.915
3483,58.050000,0,578.66,1038.47,478.09,582.80,679.22,1038.47,0.906
3484,58.066667,0,576.88,1035.70,474.33,583.32,679.43,1035.70,0.907
3485,58.083333,0,576.57,1041.18,472.63,583.83,680.52,1041.18,0.902
3486,58.100000,0,576.75,1041.00,471.60,583.72,681.91,1041.00,0.900
3487,58.116667,0,575.43,1048.63,469.17,584.63,681.70,1048.63,0.905
3488,58.133333,0,574.34,1060.74,466.45,585.42,682.24,1060.74,0.902
3489,58.150000,0,574.10,1065.09,465.74,584.42,682.46,1065.09,0.909
3490,58.166667,0,573.03,1072.96,464.31,586.25,681.76,1072.96,0.918
3491,58.183333,0,572.52,1073.55,463.68,588.48,681.35,1073.55,0.920
3492,58.200000,0,572.80,1076.55,463.36,588.75,682.23,1076.55,0.924
3493,58.216667,0,573.17,1077.82,464.05,589.54,682.29,1077.82,0.924
3494,58.233333,0,573.96,1076.89,465.77,589.54,682.16,1076.89,0.926
3495,58.250000,0,573.70,1078.30,466.57,589.87,680.82,1078.30,0.931
3496,58.266667,0,572.82,1080.03,466.63,591.05,679.02,1080.03,0.931
3497,58.283333,0,571.98,1079.58,465.88,592.30,678.09,1079.58,0.933
3498,58.300000,0,571.66,1079.65,465.34,591.65,677.99,1079.65,0.927
3499,58.316667,0,571.11,1079.98,465.31,591.88,676.90,1079.98,0.929
3500,58.333333,0,570.27,1080.12,463.60,591.47,676.94,1080.12,0.927
3501,58.350000,0,570.12,1080.26,463.24,590.42,677.00,1080.26,0.925
3502,58.366667,0,570.84,1080.15,464.47,589.52,677.21,1080.15,0.925
3503,58.383333,0,571.00,1079.11,464.78,587.86,677.22,1079.11,0.922
3504,58.400000,0,571.20,1079.09,465.66,588.10,676.73,1079.09,0.920
3505,58.416667,0,572.24,1079.67,467.44,587.93,677.05,1079.67,0.926
3506,58.433333,0,573.91,1080.49,470.19,587.12,677.64,1080.49,0.927
3507,58.450000,0,573.82,1081.23,470.12,586.02,677.53,1081.23,0.923
3508,58.466667,0,574.39,1081.59,471.27,584.36,677.51,1081.59,0.929
3509,58.483333,0,574.36,1081.00,471.33,582.69,677.39,1081.00,0.929
3510,58.500000,0,574.97,1080.15,470.98,582.37,678.96,1080.15,0.929
3511,58.516667,0,575.10,1079.55,471.26,580.08,678.94,1079.55,0.923
3512,58.533333,0,574.54,1079.14,471.86,579.40,677.22,1079.14,0.920
3513,58.550000,0,573.83,1080.74,471.85,580.02,675.81,1080.74,0.919
3514,58.566667,0,573.42,1083.05,472.56,580.01,674.29,1083.05,0.917
3515,58.583333,0,573.29,1080.32,473.04,579.62,673.53,1080.32,0.918
3516,58.600000,0,572.08,1079.33,472.68,579.16,671.47,1079.33,0.923
3517,58.616667,0,570.23,1084.95,471.76,579.60,668.69,1084.95,0.916
3518,58.633333,0,569.04,1092.27,472.80,580.92,665.29,1092.27,0.910
3519,58.650000,0,566.38,1098.77,470.13,583.46,662.63,1098.77,0.908
3520,58.666667,0,563.77,1102.27,467.49,584.47,660.04,1102.27,0.906
3521,58.683333,0,561.68,1104.40,465.35,585.62,658.01,1104.40,0.907
3522,58.700000,0,559.96,1115.61,463.66,586.69,656.25,1115.61,0.912
3523,58.716667,0,558.21,1111.95,461.05,588.14,655.37,1111.95,0.918
3524,58.733333,0,559.24,1120.23,463.33,589.90,655.14,1120.23,0.920
3525,58.750000,0,557.39,1132.35,461.36,590.95,653.41,1132.35,0.923
3526,58.766667,0,555.84,1136.58,459.61,592.09,652.08,1136.58,0.920
3527,58.783333,0,553.92,1138.98,458.08,593.30,649.76,1138.98,0.907
3528,58.800000,0,551.89,1145.37,457.63,595.87,646.15,1145.37,0.907
3529,58.816667,0,550.32,1147.48,455.67,596.96,644.97,1147.48,0.903
3530,58.833333,0,546.97,1153.06,451.79,597.56,642.15,1153.06,0.907
3531,58.850000,0,544.45,1155.03,450.38,598.05,638.53,1155.03,0.905
3532,58.866667,0,540.87,1155.85,445.07,598.39,636.67,1155.85,0.910
3533,58.883333,0,538.40,1157.22,441.89,598.50,634.91,1157.22,0.909
3534,58.900000,0,535.27,1155.15,439.36,597.30,631.18,1155.15,0.914
3535,58.916667,0,533.95,1155.02,437.45,597.49,630.45,1155.02,0.917
3536,58.933333,0,532.11,1157.02,435.53,596.05,628.68,1157.02,0.916
3537,58.950000,0,529.34,1156.72,431.18,596.72,627.49,1156.72,0.915
3538,58.966667,0,526.16,1159.95,428.59,597.38,623.73,1159.95,0.917
3539,58.983333,0,522.57,1159.92,424.19,595.56,620.95,1159.92,0.912
3540,59.000000,0,520.67,1160.91,421.87,594.60,619.48,1160.91,0.914
3541,59.016667,0,519.61,1161.40,419.87,594.41,619.34,1161.40,0.924
3542,59.033333,0,517.62,1161.51,416.34,591.62,618.89,1161.51,0.921
3543,59.050000,0,515.42,1161.69,411.78,589.64,619.06,1161.69,0.914
3544,59.066667,0,512.41,1161.94,404.92,587.74,619.90,1161.94,0.910
3545,59.083333,0,510.30,1163.79,401.98,588.91,618.63,1163.79,0.916
3546,59.100000,0,507.29,1164.56,395.96,587.57,618.62,1164.56,0.917
3547,59.116667,0,502.45,1165.70,386.95,586.29,617.96,1165.70,0.927
3548,59.133333,0,499.25,1165.67,380.62,585.27,617.89,1165.67,0.926
3549,59.150000,0,496.37,1165.49,375.16,584.13,617.58,1165.49,0.922
3550,59.166667,0,493.24,1165.30,368.55,583.81,617.94,1165.30,0.924
3551,59.183333,0,491.26,1167.48,364.65,584.36,617.87,1167.48,0.923
3552,59.200000,0,488.21,1174.48,358.65,586.17,617.77,1174.48,0.924
3553,59.216667,0,485.69,1186.96,353.84,586.51,617.55,1186.96,0.924
3554,59.233333,0,482.47,1194.04,347.64,589.59,617.29,1194.04,0.928
3555,59.250000,0,480.08,1206.30,342.21,591.45,617.95,1206.30,0.924
3556,59.266667,0,477.11,1211.02,336.65,593.21,617.57,1211.02,0.927
3557,59.283333,0,473.63,1225.52,330.20,596.10,617.06,1225.52,0.928
3558,59.300000,0,471.39,1238.53,324.74,596.36,618.03,1238.53,0.929
3559,59.316667,0,468.82,1245.48,319.30,597.78,618.33,1245.48,0.931
3560,59.333333,0,467.11,1256.47,315.95,600.14,618.27,1256.47,0.930
3561,59.350000,0,464.45,1256.95,310.42,602.17,618.48,1256.95,0.929
3562,59.366667,0,462.29,1257.52,306.49,605.25,618.09,1257.52,0.931
3563,59.383333,0,461.15,1266.96,304.67,607.83,617.63,1266.96,0.934
3564,59.400000,0,459.59,1276.15,303.17,608.89,616.00,1276.15,0.932
3565,59.416667,0,457.57,1279.60,300.81,610.23,614.33,1279.60,0.935
3566,59.433333,0,455.12,1280.10,297.11,611.14,613.13,1280.10,0.937
3567,59.450000,0,454.11,1280.35,297.41,612.01,610.80,1280.35,0.940
3568,59.466667,0,452.07,1279.63,294.33,612.04,609.80,1279.63,0.939
3569,59.483333,0,450.90,1280.53,293.98,613.34,607.83,1280.53,0.939
3570,59.500000,0,450.68,1281.64,293.22,613.36,608.14,1281.64,0.939
3571,59.516667,0,450.18,1282.10,293.82,613.03,606.54,1282.10,0.937
3572,59.533333,0,450.10,1282.43,294.89,613.53,605.30,1282.43,0.937
3573,59.550000,0,450.01,1282.16,295.10,613.54,604.92,1282.16,0.934
3574,59.566667,0,449.33,1282.59,296.13,611.04,602.54,1282.59,0.936
3575,59.583333,0,449.74,1282.62,297.80,610.08,601.69,1282.62,0.935
3576,59.600000,0,449.81,1280.20,299.25,607.87,600.37,1280.20,0.933
3577,59.616667,0,450.33,1278.62,301.65,605.28,599.01,1278.62,0.933
3578,59.633333,0,450.12,1277.19,302.46,602.22,597.78,1277.19,0.936
3579,59.650000,0,450.64,1276.95,304.71,600.40,596.57,1276.95,0.933
3580,59.666667,0,451.63,1277.63,306.87,597.44,596.39,1277.63,0.934
3581,59.683333,0,451.46,1278.11,308.58,595.88,594.34,1278.11,0.933
3582,59.700000,0,450.63,1279.79,309.49,595.26,591.77,1279.79,0.929
3583,59.716667,0,450.25,1280.12,311.18,594.21,589.32,1280.12,0.927
3584,59.733333,0,447.85,1279.79,309.45,593.43,586.24,1279.79,0.923
3585,59.750000,0,446.14,1277.75,309.50,592.56,582.78,1277.75,0.921
3586,59.766667,0,441.84,1281.25,305.02,592.96,578.67,1281.25,0.921
3587,59.783333,0,438.85,1299.76,303.45,593.94,574.24,1299.76,0.913
3588,59.800000,0,436.51,1313.51,301.81,595.18,571.21,1313.51,0.915
3589,59.816667,0,434.14,1326.08,300.02,595.49,568.26,1326.08,0.918
3590,59.833333,0,432.41,1329.19,298.93,595.77,565.89,1329.19,0.921
3591,59.850000,0,431.44,1341.25,300.03,595.89,562.86,1341.25,0.920
3592,59.866667,0,430.05,1349.30,300.09,598.01,560.01,1349.30,0.916
3593,59.883333,0,428.39,1367.20,299.01,601.61,557.77,1367.20,0.912
3594,59.900000,0,427.95,1380.01,300.26,606.09,555.65,1380.01,0.911
3595,59.916667,0,426.81,1386.61,299.45,608.96,554.16,1386.61,0.914
3596,59.933333,0,426.09,1401.35,299.95,611.88,552.22,1401.35,0.914
3597,59.950000,0,425.88,1411.24,300.62,614.49,551.14,1411.24,0.907
3598,59.966667,0,423.40,1420.06,297.89,616.31,548.92,1420.06,0.911
3599,59.983333,0,422.55,1424.46,297.05,615.92,548.05,1424.46,0.914
3600,60.000000,0,418.82,1423.27,293.63,615.79,544.02,1423.27,0.919
3601,60.016667,0,415.74,1423.13,290.22,614.59,541.26,1423.13,0.926
3602,60.033333,0,411.58,1421.21,285.20,611.70,537.97,1421.21,0.931
3603,60.050000,0,409.76,1420.16,282.78,608.18,536.74,1420.16,0.927
3604,60.066667,0,406.89,1415.61,278.56,600.81,535.23,1415.61,0.926
3605,60.083333,0,403.81,1411.37,273.39,596.99,534.23,1411.37,0.926
3606,60.100000,0,402.83,1409.18,271.39,594.63,534.28,1409.18,0.928
3607,60.116667,0,402.29,1406.86,271.24,592.32,533.34,1406.86,0.929
3608,60.133333,0,400.66,1405.93,268.68,589.59,532.63,1405.93,0.928
3609,60.150000,0,397.95,1405.47,262.60,586.55,533.30,1405.47,0.930
3610,60.166667,0,394.52,1406.20,257.73,584.64,531.31,1406.20,0.928
3611,60.183333,0,389.29,1406.45,249.00,583.33,529.59,1406.45,0.932
3612,60.200000,0,383.88,1407.49,240.96,578.04,526.79,1407.49,0.925
3613,60.216667,0,377.44,1405.42,230.34,575.51,524.53,1405.42,0.932
3614,60.233333,0,371.38,1407.66,218.20,574.58,524.57,1407.66,0.931
3615,60.250000,0,364.55,1408.91,205.28,572.49,523.82,1408.91,0.935
3616,60.266667,0,357.24,1412.69,190.61,571.18,523.88,1412.69,0.936
3617,60.283333,0,348.42,1413.03,174.04,570.18,522.80,1413.03,0.936
3618,60.300000,0,340.20,1415.25,158.77,570.82,521.62,1415.25,0.938
3619,60.316667,0,333.24,1414.95,145.05,571.00,521.44,1414.95,0.936
3620,60.333333,0,326.84,1423.06,131.56,571.43,522.13,1423.06,0.941
3621,60.350000,0,321.23,1437.82,120.03,571.27,522.43,1437.82,0.944
3622,60.366667,0,314.34,1439.22,105.85,570.73,522.83,1439.22,0.946
3623,60.383333,0,308.11,1439.94,93.44,569.53,522.78,1439.94,0.947
3624,60.400000,0,301.23,1439.66,79.16,569.30,523.31,1439.66,0.946
3625,60.416667,0,294.72,1439.23,66.19,570.49,523.26,1439.23,0.951
3626,60.433333,0,288.45,1439.13,52.40,575.51,524.51,1439.13,0.946
3627,60.450000,0,281.16,1437.58,39.14,580.32,523.19,1437.58,0.943
3628,60.466667,0,275.72,1437.68,28.33,583.19,523.11,1437.68,0.944
3629,60.483333,0,271.68,1437.71,21.01,585.71,522.36,1437.71,0.945
3630,60.500000,0,265.26,1437.65,9.92,588.64,520.60,1437.65,0.946
3631,60.516667,0,259.23,1437.64,1.36,589.83,517.10,1437.64,0.950
3632,60.533333,0,256.07,1437.67,0.44,590.85,511.71,1437.67,0.953
3633,60.550000,0,254.81,1437.79,0.50,591.47,509.13,1437.79,0.952
3634,60.566667,0,252.92,1437.80,0.43,590.92,505.42,1437.80,0.954
3635,60.583333,0,251.57,1437.58,0.47,589.97,502.67,1437.58,0.957
3636,60.600000,0,250.47,1437.46,0.51,588.64,500.42,1437.46,0.954
3637,60.616667,0,249.77,1438.79,0.00,586.43,499.55,1438.79,0.957
3638,60.633333,0,248.94,1438.78,0.13,583.19,497.75,1438.78,0.957
3639,60.650000,0,247.50,1438.58,0.09,581.17,494.91,1438.58,0.957
3640,60.666667,0,245.55,1438.53,0.10,577.40,491.01,1438.53,0.957
3641,60.683333,0,243.62,1438.52,0.17,573.82,487.06,1438.52,0.957
3642,60.700000,0,241.56,1438.68,0.08,571.18,483.03,1438.68,0.959
3643,60.716667,0,240.66,1438.57,0.04,566.90,481.28,1438.57,0.956
3644,60.733333,0,240.53,1437.70,0.92,564.00,480.14,1437.70,0.952
3645,60.750000,0,242.44,1438.76,3.37,561.68,481.52,1438.76,0.952
3646,60.766667,0,247.25,1438.76,12.85,558.70,481.64,1438.76,0.948
3647,60.783333,0,249.24,1437.99,19.49,554.48,479.00,1437.99,0.948
3648,60.800000,0,249.40,1438.88,23.42,553.40,475.39,1438.88,0.945
3649,60.816667,0,250.10,1437.55,30.55,550.91,469.64,1437.55,0.944
3650,60.833333,0,246.61,1438.05,32.75,549.31,460.48,1438.05,0.945
3651,60.850000,0,241.74,1437.86,30.55,548.43,452.92,1437.86,0.945
3652,60.866667,0,237.05,1438.57,30.23,548.25,443.86,1438.57,0.943
3653,60.883333,0,233.48,1437.77,25.22,548.14,441.73,1437.77,0.944
3654,60.900000,0,227.78,1438.84,22.73,550.06,432.83,1438.84,0.940
3655,60.916667,0,221.57,1437.86,18.62,549.71,424.53,1437.86,0.941
3656,60.933333,0,215.93,1438.12,14.17,549.80,417.69,1438.12,0.940
3657,60.950000,0,206.68,1438.38,4.42,550.43,408.95,1438.38,0.945
3658,60.966667,0,202.18,1438.46,0.90,552.53,403.47,1438.46,0.949
3659,60.983333,0,198.90,1438.27,0.08,554.22,397.72,1438.27,0.949
3660,61.000000,0,194.68,1438.16,0.00,556.13,389.37,1438.16,0.952
3661,61.016667,0,191.57,1438.16,0.08,558.00,383.07,1438.16,0.950
3662,61.033333,0,188.17,1438.09,0.24,557.60,376.11,1438.09,0.951
3663,61.050000,0,184.88,1437.16,0.58,559.78,369.17,1437.16,0.948
3664,61.066667,0,180.49,1437.23,0.63,560.91,360.36,1437.23,0.947
3665,61.083333,0,177.21,1436.83,0.73,564.38,353.70,1436.83,0.945
3666,61.100000,0,171.97,1437.96,0.28,565.12,343.66,1437.96,0.943
3667,61.116667,0,167.70,1438.53,0.67,563.92,334.73,1438.53,0.936
3668,61.133333,0,163.19,1437.68,0.43,566.75,325.95,1437.68,0.937
3669,61.150000,0,159.52,1436.93,0.66,565.67,318.38,1436.93,0.942
3670,61.166667,0,155.26,1437.13,0.88,562.76,309.63,1437.13,0.943
3671,61.183333,0,150.98,1437.21,0.90,558.95,301.06,1437.21,0.938
3672,61.200000,0,146.33,1437.48,0.78,555.08,291.89,1437.48,0.941
3673,61.216667,0,142.32,1437.09,0.82,549.44,283.81,1437.09,0.936
3674,61.233333,0,138.83,1438.41,1.02,541.85,276.63,1438.41,0.931
3675,61.250000,0,135.49,1438.57,1.04,535.64,269.94,1438.57,0.927
3676,61.266667,0,132.86,1437.45,0.90,528.89,264.82,1437.45,0.934
3677,61.283333,0,131.75,1436.78,1.16,521.37,262.34,1436.78,0.933
3678,61.300000,0,131.19,1437.23,1.12,518.88,261.27,1437.23,0.936
3679,61.316667,0,131.68,1437.33,1.18,516.22,262.19,1437.33,0.936
3680,61.333333,0,131.44,1437.24,1.24,508.87,261.64,1437.24,0.936
3681,61.350000,0,131.23,1437.26,1.19,506.97,261.26,1437.26,0.937
3682,61.366667,0,130.69,1436.65,1.35,508.05,260.04,1436.65,0.935
3683,61.383333,0,128.60,1436.65,1.25,517.97,255.96,1436.65,0.934
