frame,time_seconds,track_id,u,v,world_x,world_y,world_z,cam_pos_x,cam_pos_y,cam_pos_z
421,7.016667,0,1886.85,1289.84,-4.149962269112711,0.0,-61.58261205642136,-0.0428724938752618,1.3891819993979928,0.0465404341752486
422,7.033333,0,1875.17,1283.13,-4.137130175752468,0.0,-61.444612094453184,-0.0429662521248036,1.389151900601986,0.0467491858248972
423,7.05,0,1859.74,1288.14,-4.124298082392223,0.0,-61.30661213248501,-0.0429816999999971,1.3891225999999708,0.0468432120000475
424,7.066667,0,1851.99,1284.37,-4.096679614391121,0.0,-61.1275063766921,-0.0429776270170593,1.389080598728052,0.0469112468547859
425,7.083333,0,1842.37,1279.69,-4.06906114639002,0.0,-60.94840062089919,-0.0429784799829395,1.3890170012720369,0.0469039861452242
426,7.1,0,1834.76,1268.78,-4.066560685635683,0.0,-60.927882886448145,-0.0429724200000021,1.3889248000000325,0.0468590260000157
427,7.116667,0,1828.76,1261.52,-4.064060224881347,0.0,-60.9073651519971,-0.0430166157273815,1.3888216974860146,0.0471716292432044
428,7.133333,0,1823.26,1258.29,-4.0639528460589265,0.0,-60.79740247338199,-0.0430029852726184,1.3886960025139854,0.0471337907567955
429,7.15,0,1819.77,1251.64,-4.063845467236506,0.0,-60.68743979476688,-0.042962282999981,1.3885535999999503,0.0469438619999147
430,7.166667,0,1816.85,1249.92,-4.061973245061351,0.0,-60.68577655454283,-0.0429081236640611,1.3884120973399223,0.0466996749218522
431,7.183333,0,1814.96,1248.56,-4.0601010228861965,-2.220446049250313e-16,-60.684113314318765,-0.0428413313358455,1.3882791026598915,0.0464457850777931
432,7.2,0,1814.5,1246.88,-4.053175130129915,2.220446049250313e-16,-60.68014229456894,-0.0427591650000573,1.3881605000000827,0.0461792460001861
433,7.216667,0,1814.36,1245.22,-4.046249237373634,2.220446049250313e-16,-60.67617127481911,-0.0428052687275296,1.3881079987000302,0.046306377680754
434,7.233333,0,1813.15,1245.49,-4.044052786593306,0.0,-60.566252135782435,-0.0427416462725148,1.3880430013000151,0.046190417319327
435,7.25,0,1811.98,1244.77,-4.0418563358129775,2.220446049250313e-16,-60.45633299674576,-0.042635456,1.3879789,0.045997635
436,7.266667,0,1811.92,1245.34,-4.034211615547591,0.0,-60.415575668697215,-0.0425055301213464,1.3879171989079873,0.0457781806308491
437,7.283333,0,1811.3,1245.15,-4.026566895282205,-2.220446049250313e-16,-60.37481834064867,-0.0423616048785529,1.3878626010919746,0.0455597343689982
438,7.3,0,1810.1,1244.94,-4.034211615547591,0.0,-60.297720064121116,-0.0421981200000456,1.3878237000000453,0.045373578000256
439,7.316667,0,1809.08,1243.98,-4.0418563358129775,2.220446049250313e-16,-60.22062178759356,-0.042263450108737,1.387888700807967,0.0457401288018673
440,7.333333,0,1808.55,1244.15,-4.044052786593306,2.220446049250313e-16,-60.190048711298545,-0.042168886891395,1.3879290991919766,0.0457802221980766
441,7.35,0,1808.07,1243.42,-4.046249237373634,0.0,-60.15947563500354,-0.0420322870000477,1.38795789999999,0.0457251500000192
442,7.366667,0,1806.58,1243.58,-4.053175130129915,0.0,-59.73523643886935,-0.0418833069463577,1.3879812002719984,0.0456371878182127
443,7.383333,0,1807.32,1242.74,-4.0601010228861965,0.0,-59.31099724273517,-0.0417306300536422,1.3879947997280015,0.0455281021817873
444,7.4,0,1807.89,1243.12,-4.061973245061351,0.0,-59.16782238310929,-0.0415785400000664,1.388002500000066,0.0454184200001418
445,7.416667,0,1808.5,1264.85,-4.063845467236506,0.0,-59.02464752348341,-0.0417687966898909,1.3881912020000582,0.0458244612128352
446,7.433333,0,1802.69,1256.85,-4.0639528460589265,2.220446049250313e-16,-59.02151798508519,-0.0417532923100873,1.3882911980000816,0.0458850987872494
447,7.45,0,1795.59,1247.57,-4.064060224881347,0.0,-59.01838844668697,-0.0416765800000535,1.3883604999999517,0.0458316060000373
448,7.466667,0,1787.64,1238.74,-4.066560685635683,0.0,-58.94877789267194,-0.041584415192022,1.388421401199972,0.0457445622259613
449,7.483333,0,1770.11,1224.88,-4.06906114639002,0.0,-58.87916733865692,-0.041494017808041,1.3884813987999862,0.0456558617741006
450,7.5,0,1757.05,1234.71,-4.079146415748973,0.0,-58.86419080460024,-0.04141334,1.3885413,0.045576338
451,7.516667,0,1748.08,1221.6,-4.089231685107927,0.0,-58.84921427054356,-0.0416521894499768,1.388538801022012,0.0460156220292236
452,7.533333,0,1737.11,1211.62,-4.103342736331335,0.0,-58.821170653905234,-0.0417246845500737,1.3885898989780237,0.0461170779708472
453,7.55,0,1728.71,1232.57,-4.117453787554744,0.0,-58.793127037266906,-0.0417495400000054,1.3886731000000736,0.04609314699995
454,7.566667,0,1718.45,1235.27,-4.1181299044988435,0.0,-58.561747470146344,-0.0417573859449422,1.388778202339905,0.0460216585047009
455,7.583333,0,1710.55,1235.12,-4.118806021442943,0.0,-58.330367903025774,-0.0417546330550616,1.388895197659932,0.0459468934954035
456,7.6,0,1705.29,1235.92,-4.121552051917583,0.0,-58.30823911773115,-0.0417461430000029,1.3890077999999606,0.0458901670000198
457,7.616667,0,1702.69,1235.74,-4.124298082392223,0.0,-58.28611033243652,-0.0422627519020172,1.3889313008879949,0.0462708225965848
458,7.633333,0,1698.38,1235.93,-4.1262600060493995,0.0,-58.22849871513452,-0.0424578460979827,1.3889756991120052,0.0464006474034151
459,7.65,0,1696.06,1236.47,-4.1282219297065765,0.0,-58.17088709783252,-0.0425491630000208,1.3890607000000308,0.0464585240000067
460,7.666667,0,1693.52,1236.95,-4.138343898431405,0.0,-58.12670293246468,-0.0426089010848715,1.3891491016540485,0.0464778398022342
461,7.683333,0,1689.55,1235.98,-4.148465867156232,0.0,-58.08251876709684,-0.0426631409152042,1.3892317983460674,0.0464679521977519
462,7.7,0,1684.02,1234.87,-4.149214068134471,0.0,-58.10042528249232,-0.0427176579999619,1.3893218999999373,0.0464480000000139
463,7.716667,0,1679.71,1227.75,-4.149962269112711,0.0,-58.11833179788779,-0.0427551878454403,1.3893014015759633,0.0459610964950816
464,7.733333,0,1675.7,1225.52,-4.150037194120597,0.0,-58.144609447860155,-0.0427974591545301,1.3893801984239815,0.0457858535050408
465,7.75,0,1672.93,1233.94,-4.150112119128483,0.0,-58.17088709783252,-0.04283455,1.3894964,0.045753162
466,7.766667,0,1669.98,1234.34,-4.157173112273848,0.0,-58.22849871513452,-0.0428607803362039,1.3896216023680277,0.0457824608290096
467,7.783333,0,1667.37,1232.98,-4.164234105419213,0.0,-58.28611033243652,-0.0428775896638078,1.389739997632055,0.0458239091710193
468,7.8,0,1663.73,1232.36,-4.171627200078146,0.0,-58.30823911773115,-0.0428952799999339,1.3898480999999467,0.0458532719996349
469,7.816667,0,1660.91,1232.41,-4.179020294737079,0.0,-58.330367903025774,-0.042800758194532,1.389771700387984,0.0453306726652366
470,7.833333,0,1656.92,1231.19,-4.179146483640537,0.0,-58.561747470146344,-0.0428104848054543,1.3897910996119889,0.0451139343350661
471,7.85,0,1651.1,1228.77,-4.179272672543996,0.0,-58.793127037266906,-0.0428645239999811,1.3898411999999825,0.0449778550000475
472,7.866667,0,1645.36,1221.56,-4.183477599691084,0.0,-58.821170653905234,-0.0429395377341899,1.3899002011179935,0.0448684684678089
473,7.883333,0,1641.42,1218.14,-4.187682526838172,0.0,-58.84921427054356,-0.04302624426581,1.3899560988820066,0.044791861532191
474,7.9,0,1637.58,1216.58,-4.188479584454788,0.0,-58.86419080460024,-0.0431163650000785,1.3900033999998251,0.0447443240000346
475,7.916667,0,1634.74,1214.95,-4.1892766420714045,0.0,-58.87916733865692,-0.0433411547930812,1.3895028968879095,0.0448433769223068
476,7.933333,0,1632.78,1213.92,-4.190119129828647,0.0,-58.94877789267194,-0.0434807992071138,1.3893473031118733,0.0448894890777575
477,7.95,0,1629.81,1212.46,-4.190961617585889,0.0,-59.01838844668697,-0.0435996729999169,1.3892993000000335,0.0449151249999821
478,7.966667,0,1626.86,1211.38,-4.1912159172342625,0.0,-59.02151798508519,-0.0437138252494876,1.3892803995980094,0.0449395967653021
479,7.983333,0,1623.45,1204.66,-4.191470216882636,0.0,-59.02464752348341,-0.0438262977504338,1.3892603004020043,0.044977861234671
480,8.0,0,1619.44,1200.22,-4.192187454759654,0.0,-59.16782238310929,-0.04393314,1.389227,0.04501734
481,8.016667,0,1613.85,1194.68,-4.192904692636671,0.0,-59.31099724273517,-0.044059069636159,1.388977897757974,0.044899079657116
482,8.033333,0,1607.22,1188.46,-4.192904692636671,0.0,-59.31099724273517,-0.0441408733638981,1.3888658022419478,0.044881936342872
483,8.05,0,1599.72,1189.43,-4.192904692636671,0.0,-59.31099724273517,-0.0441890770000112,1.388802299999965,0.0449072350000276
484,8.066667,0,1595.58,1185.46,-4.192904692636671,0.0,-59.31099724273517,-0.0442052099422823,1.3887519991000363,0.0449468759602608
485,8.083333,0,1588.24,1177.13,-4.192904692636671,0.0,-59.31099724273517,-0.0442023240577216,1.3887070009000262,0.044994889039672
486,8.1,0,1581.93,1165.24,-4.192904692636671,0.0,-59.31099724273517,-0.0441954880000023,1.3886789000000097,0.0450657679999752
487,8.116667,0,1574.52,1152.24,-4.192904692636671,0.0,-59.31099724273517,-0.044109701140205,1.388494098952006,0.0453341159644369
488,8.133333,0,1570.22,1152.69,-4.192904692636671,0.0,-59.31099724273517,-0.0440667128597949,1.388441701047994,0.045532331035563
489,8.15,0,1563.68,1150.92,-4.192904692636671,0.0,-59.31099724273517,-0.044037349999991,1.3884339000000072,0.0457244440000702
490,8.166667,0,1557.59,1153.48,-4.192904692636671,0.0,-59.31099724273517,-0.0440116334585442,1.388454200780023,0.0459254394788903
491,8.183333,0,1552.5,1161.26,-4.192904692636671,0.0,-59.31099724273517,-0.0439845625414179,1.3884931992200318,0.0461493685214224
492,8.2,0,1547.55,1158.28,-4.192904692636671,0.0,-59.31099724273517,-0.0439471340000261,1.3885337999999716,0.0463703399998456
493,8.216667,0,1540.43,1156.15,-4.192904692636671,0.0,-59.31099724273517,-0.0438711182016418,1.3887218018479568,0.0464148424511429
494,8.233333,0,1531.74,1157.99,-4.192904692636671,0.0,-59.31099724273517,-0.0437812017984209,1.3888141981519786,0.0465373975487714
495,8.25,0,1522.16,1158.9,-4.192904692636671,0.0,-59.31099724273517,-0.043673772,1.3888774,0.046681385
496,8.266667,0,1512.7,1155.62,-4.192904692636671,0.0,-59.31099724273517,-0.0435565795640916,1.3889393015560183,0.0468169026792311
497,8.283333,0,1505.03,1158.97,-4.192904692636671,0.0,-59.31099724273517,-0.0434347904358232,1.3890170984440362,0.0469508573208623
498,8.3,0,1498.25,1157.92,-4.192904692636671,0.0,-59.31099724273517,-0.0433078780001515,1.389110300000218,0.0470921600001238
499,8.316667,0,1492.93,1159.91,-4.192904692636671,0.0,-59.31099724273517,-0.0435248753047083,1.3894225033798624,0.0472694998613434
500,8.333333,0,1489.43,1160.5,-4.192904692636671,0.0,-59.31099724273517,-0.0434901106953402,1.3895914966199017,0.0474125671384567
501,8.35,0,1484.68,1161.69,-4.192904692636671,0.0,-59.31099724273517,-0.0433733580000407,1.389711499999958,0.0475428769999544
502,8.366667,0,1482.02,1161.49,-4.192904692636671,0.0,-59.31099724273517,-0.0432220215116603,1.3898044014799915,0.0476751658520634
503,8.383333,0,1483.44,1161.85,-4.192904692636671,0.0,-59.31099724273517,-0.0430476104883396,1.3898783985200085,0.0478177641479366
504,8.4,0,1483.93,1162.15,-4.192904692636671,0.0,-59.31099724273517,-0.0428642260000196,1.389936399999877,0.0479604679999434
505,8.416667,0,1481.52,1160.16,-4.192904692636671,0.0,-59.31099724273517,-0.0429203420615835,1.389584397727934,0.0477985700336009
506,8.433333,0,1483.59,1158.29,-4.192904692636671,0.0,-59.31099724273517,-0.042823427938281,1.3894708022719071,0.0478002499664013
507,8.45,0,1482.15,1160.26,-4.192904692636671,0.0,-59.31099724273517,-0.0426861300000959,1.3894317000000274,0.0478401499999721
508,8.466667,0,1483.24,1159.24,-4.192904692636671,0.0,-59.31099724273517,-0.0425422010751281,1.3894137999260017,0.0478931415155647
509,8.483333,0,1484.66,1153.12,-4.192904692636671,0.0,-59.31099724273517,-0.042395959924974,1.389410100074001,0.0479689184843823
510,8.5,0,1484.3,1146.92,-4.192904692636671,0.0,-59.31099724273517,-0.04224897,1.3894119,0.048046563
511,8.516667,0,1483.22,1144.35,-4.194307953244143,0.0,-59.31099724273517,-0.0426510730529322,1.3895152004760054,0.047591887602912
512,8.533333,0,1479.75,1141.63,-4.198365274327138,0.0,-59.31099724273517,-0.0427037169471045,1.389538999524011,0.0474720393970041
513,8.55,0,1477.0,1142.62,-4.201921257209261,0.0,-59.02464752348341,-0.0426450899999317,1.389537099999986,0.0474520770000051
514,8.566667,0,1473.52,1145.4,-4.206269531461178,0.0,-59.01838844668697,-0.0425473077281525,1.3895169992520304,0.0474594571884923
515,8.583333,0,1469.09,1138.75,-4.21746258850806,0.0,-58.87916733865692,-0.0424337152720061,1.389479600748022,0.0474688818114945
516,8.6,0,1463.29,1134.0,-4.223810414268973,0.0,-58.84921427054356,-0.0423126100000423,1.3894343000000158,0.0474810499999957
517,8.616667,0,1456.58,1130.67,-4.226220593174495,0.0,-58.793127037266906,-0.0425363100712395,1.3896145006519962,0.0473768923928635
518,8.633333,0,1446.94,1121.17,-4.244829110760787,0.0,-58.75174477111085,-0.0425398719287604,1.3896470993480037,0.0473465366071364
519,8.65,0,1438.91,1118.46,-4.2455526290826455,0.0,-58.330367903025774,-0.0424719399999669,1.3896507000000051,0.0473440800000027
520,8.666667,0,1431.23,1118.43,-4.2455526290826455,0.0,-58.330367903025774,-0.0423772909019389,1.3896652005080148,0.0473520904202122
521,8.683333,0,1420.77,1111.25,-4.2455526290826455,0.0,-58.330367903025774,-0.0422723950979145,1.3896905994920208,0.0473730995798171
522,8.7,0,1411.9,1107.64,-4.247898975576859,0.0,-58.330367903025774,-0.0421521600000839,1.389723799999977,0.047420281999967
523,8.716667,0,1402.07,1103.16,-4.253576594218487,0.0,-58.330367903025774,-0.0423104289869235,1.389988102061952,0.0474564510139763
524,8.733333,0,1392.09,1100.79,-4.254526710798799,0.0,-58.28611033243652,-0.0422597760131117,1.390091197937976,0.0475071489859881
525,8.75,0,1386.12,1093.8,-4.255440504363554,0.0,-58.244100281957984,-0.04214349,1.3901362,0.04756237
526,8.766667,0,1381.31,1099.59,-4.263751609462719,0.0,-58.244100281957984,-0.0420082741610669,1.390163800498006,0.0476043500738008
527,8.783333,0,1378.17,1099.57,-4.264570584378542,0.0,-58.244100281957984,-0.0418663348388338,1.3901886995020116,0.0476080399262017
528,8.8,0,1376.38,1103.64,-4.270759695826008,0.0,-58.244100281957984,-0.0417177680002245,1.3902210000001851,0.047578442999951
529,8.816667,0,1374.83,1104.21,-4.321890589062038,0.0,-58.244100281957984,-0.0420392166804922,1.3904864023579038,0.0475083014658025
530,8.833333,0,1374.42,1103.66,-4.32555840491863,0.0,-58.244100281957984,-0.0420732413194601,1.3906042976419313,0.0474315915343046
531,8.85,0,1370.97,1103.81,-4.3263021207551065,0.0,-58.244100281957984,-0.0420202280000185,1.3906704999999768,0.0473680800000221
532,8.866667,0,1370.17,1103.89,-4.329021204843234,0.0,-58.244100281957984,-0.0419520586706077,1.3907108005299968,0.0473033783344696
533,8.883333,0,1368.73,1102.28,-4.334553428215598,0.0,-58.28611033243652,-0.0418855913293922,1.3907372994700031,0.0472201046655303
534,8.9,0,1365.32,1104.5,-4.339916198812359,-2.220446049250313e-16,-58.330367903025774,-0.0418213830000807,1.3907487000000036,0.0470984840000284
535,8.916667,0,1362.48,1109.62,-4.388868312118833,0.0,-58.71813272304069,-0.042052610998429,1.3907585997719931,0.0471798385830987
536,8.933333,0,1359.37,1111.69,-4.455584008088358,0.0,-58.75174477111085,-0.0421025290016406,1.3907472002279908,0.0471089984168022
537,8.95,0,1356.44,1110.47,-4.463770387910278,0.0,-58.77662831398574,-0.0420832500000134,1.390712700000024,0.0469830780000879
538,8.966667,0,1354.56,1109.72,-4.4663778064932185,0.0,-59.78535490523676,-0.0420401390208228,1.3906697990240229,0.0468431422391642
539,8.983333,0,1352.68,1108.74,-4.471458288178236,0.0,-59.99855938676617,-0.0419911809792114,1.3906210009760114,0.0467051027609321
540,9.0,0,1347.29,1106.28,-4.486519885730691,0.0,-60.06046369595481,-0.041943282,1.3905773,0.046561964
541,9.016667,0,1345.27,1104.04,-4.493129749782579,0.0,-60.35393486067164,-0.0420675437886491,1.390311098195979,0.0468794485061258
542,9.033333,0,1341.78,1101.67,-4.505286280346271,0.0,-60.38287826699001,-0.0421069742113783,1.3902209018039582,0.0469047534938917
543,9.05,0,1338.4,1101.51,-4.519848788668919,0.0,-60.50944609441295,-0.042121574000004,1.390197900000003,0.0468371399999251
544,9.066667,0,1335.26,1097.04,-4.524959791700421,0.0,-60.55518985322323,-0.0421273199217431,1.3902025001899925,0.0467299475387602
545,9.083333,0,1331.55,1093.34,-4.5297241271362445,0.0,-60.601214813127335,-0.0421234070782622,1.3902119998099944,0.0466068854614116
546,9.1,0,1329.76,1092.61,-4.530662596354743,0.0,-60.660230533879215,-0.0421136060000034,1.390217699999998,0.0464900170000408
547,9.116667,0,1326.76,1094.76,-4.539068453725918,0.0,-60.77279250001733,-0.0423463156391104,1.389905197780013,0.0466670103762378
548,9.133333,0,1324.11,1094.38,-4.547372844739349,0.0,-60.86566038235797,-0.0424282683608895,1.3897942022199872,0.0466858216237622
549,9.15,0,1322.14,1090.16,-4.547372844739349,0.0,-60.86566038235797,-0.0424635500000106,1.3897474999999948,0.0466642039999913
550,9.166667,0,1319.28,1086.9,-4.547372844739349,0.0,-60.86566038235797,-0.0424941637262211,1.3897330000580017,0.046639434486685
551,9.183333,0,1315.15,1084.08,-4.547372844739349,0.0,-60.86566038235797,-0.0425304722738295,1.3897358999420024,0.046613770513279
552,9.2,0,1313.87,1078.43,-4.547372844739349,0.0,-60.86566038235797,-0.0425654049999755,1.3897435999999947,0.0465796400000238
553,9.216667,0,1310.93,1075.37,-4.547372844739349,0.0,-60.86566038235797,-0.0426749374070472,1.3895083986880306,0.0466922820876979
554,9.233333,0,1308.49,1069.83,-4.547372844739349,0.0,-60.86566038235797,-0.0427452885929036,1.3894428013120153,0.0466966669122989
555,9.25,0,1301.66,1061.93,-4.547372844739349,0.0,-60.86566038235797,-0.04282163,1.3894325,0.04666272
556,9.266667,0,1296.37,1057.34,-4.547372844739349,0.0,-60.86566038235797,-0.0429091357007398,1.3894383003220037,0.0466135691404899
557,9.283333,0,1293.95,1055.42,-4.547372844739349,0.0,-60.86566038235797,-0.0429941682993195,1.3894543996780075,0.0465705958594799
558,9.3,0,1292.01,1060.03,-4.547372844739349,0.0,-60.86566038235797,-0.0430727040000251,1.389475499999953,0.0465582270002372
559,9.316667,0,1289.53,1056.32,-4.547372844739349,0.0,-60.86566038235797,-0.0431086883455251,1.3894081997280112,0.0468978383959823
560,9.333333,0,1286.18,1054.18,-4.547372844739349,0.0,-60.86566038235797,-0.0431759646543808,1.389394600272008,0.0470176376038502
561,9.35,0,1283.28,1050.9,-4.547372844739349,0.0,-60.86566038235797,-0.0432577499999714,1.3893883000000022,0.0470307129999954
562,9.366667,0,1278.34,1051.63,-4.547372844739349,0.0,-60.86566038235797,-0.0433551472804867,1.3893746997600014,0.0469800885429084
563,9.383333,0,1274.75,1052.23,-4.547372844739349,0.0,-60.86566038235797,-0.0434691677195132,1.3893627002399986,0.0469072364570915
564,9.4,0,1267.76,1056.19,-4.547372844739349,0.0,-60.86566038235797,-0.043590683000006,1.3893366999999055,0.046828188000025
565,9.416667,0,1262.34,1054.04,-4.547372844739349,0.0,-60.86566038235797,-0.0436078816592483,1.3890667976939328,0.0468999220270407
566,9.433333,0,1256.96,1052.18,-4.547372844739349,0.0,-60.86566038235797,-0.0436908383408676,1.388951502305906,0.0469012739729611
567,9.45,0,1253.88,1052.52,-4.547372844739349,0.0,-60.86566038235797,-0.0437927699999288,1.3888923000000413,0.0468951050000043
568,9.466667,0,1251.03,1052.22,-4.547372844739349,0.0,-60.86566038235797,-0.0439077196463983,1.3888542995080115,0.0468884368150643
569,9.483333,0,1247.42,1053.22,-4.547372844739349,0.0,-60.86566038235797,-0.0440400373535091,1.3888297004920058,0.0468791901849421
570,9.5,0,1245.78,1053.74,-4.547372844739349,0.0,-60.86566038235797,-0.04419194,1.3888075,0.04685515
571,9.516667,0,1244.86,1053.28,-4.547372844739349,0.0,-60.86566038235797,-0.0444553978618249,1.3886150984939825,0.0470466285613265
572,9.533333,0,1243.93,1052.08,-4.547372844739349,0.0,-60.86566038235797,-0.0446484791383099,1.388539801505965,0.047074693438693
573,9.55,0,1243.69,1051.49,-4.547372844739349,0.0,-60.86566038235797,-0.0448296500001285,1.3884995999999887,0.0470272039999452
574,9.566667,0,1243.3,1051.77,-4.547372844739349,0.0,-60.86566038235797,-0.0450136397403276,1.3884835,0.0469488382654106
575,9.583333,0,1243.0,1050.01,-4.547372844739349,0.0,-60.86566038235797,-0.0452006562594111,1.3884835,0.0468621087347104
576,9.6,0,1242.44,1049.29,-4.547372844739349,0.0,-60.86566038235797,-0.0453862699999351,1.388503799999993,0.0467928570000241
577,9.616667,0,1243.64,1048.97,-4.547372844739349,0.0,-60.86566038235797,-0.0452585377284557,1.3885055009219949,0.0472215932934408
578,9.633333,0,1243.79,1046.06,-4.547372844739349,0.0,-60.86566038235797,-0.0452949592715442,1.3885515990780053,0.0473862597065591
579,9.65,0,1243.52,1043.29,-4.547372844739349,0.0,-60.86566038235797,-0.0453907850000434,1.388604900000019,0.0474540600000086
580,9.666667,0,1240.02,1044.75,-4.547372844739349,0.0,-60.86566038235797,-0.0455151678620633,1.3886591011480334,0.0474788301616447
581,9.683333,0,1236.93,1045.68,-4.547372844739349,0.0,-60.86566038235797,-0.0456582611381366,1.3887164988520466,0.0474869118383665
582,9.7,0,1234.81,1044.76,-4.547372844739349,0.0,-60.86566038235797,-0.0458143499998909,1.3887744999999596,0.0474976099999925
583,9.716667,0,1229.42,1042.94,-4.547372844739349,0.0,-60.86566038235797,-0.0451355551540062,1.3887660010119764,0.0478814502894234
584,9.733333,0,1225.2,1039.13,-4.547372844739349,0.0,-60.86566038235797,-0.0449932578460931,1.388816598987988,0.0480459187104617
585,9.75,0,1217.35,1035.46,-4.547372844739349,0.0,-60.86566038235797,-0.04503593,1.3888959,0.04817799
586,9.766667,0,1212.89,1030.73,-4.547372844739349,0.0,-60.77279250001733,-0.0451503030193551,1.388994502250026,0.0483229829077538
587,9.783333,0,1207.84,1028.54,-4.539068453725918,0.0,-60.660230533879215,-0.0453012629807503,1.3891069977500523,0.0484683630923477
588,9.8,0,1205.1,1024.39,-4.530662596354743,0.0,-60.601214813127335,-0.0454693619998669,1.389243000000176,0.048612785000067
589,9.816667,0,1201.46,1022.64,-4.5297241271362445,0.0,-60.55518985322323,-0.0452788174112432,1.3894948041038329,0.0487087650205176
590,9.833333,0,1192.53,1021.1,-4.519848788668919,0.0,-60.50944609441295,-0.045299379588728,1.3896999958958804,0.0488097909793411
591,9.85,0,1181.42,1023.34,-4.505286280346271,0.0,-60.38287826699001,-0.0453773139999727,1.3898928999999327,0.0489255229999595
592,9.866667,0,1176.77,1024.03,-4.493129749782579,0.0,-60.35393486067164,-0.0454706621413275,1.390083203811978,0.049080450112056
593,9.883333,0,1173.5,1026.22,-4.486519885730691,0.0,-59.78535490523676,-0.0455777248586724,1.390273796188022,0.0492860458879439
594,9.9,0,1169.83,1026.55,-4.471458288178236,0.0,-59.61140782423675,-0.0456938930000861,1.3904605000001606,0.0495269340001879
595,9.916667,0,1167.45,1026.61,-4.463770387910278,2.220446049250313e-16,-58.77662831398574,-0.0459404388088017,1.3909204047661388,0.0500649242249012
596,9.933333,0,1164.88,1026.47,-4.388868312118833,2.220446049250313e-16,-58.75174477111085,-0.0460808691913944,1.3911586952341943,0.0503761477755336
597,9.95,0,1162.17,1023.44,-4.334553428215598,-2.220446049250313e-16,-58.71813272304069,-0.046192439999922,1.3913173999998891,0.0506015269998425
598,9.966667,0,1158.91,1022.18,-4.329021204843234,-2.220446049250313e-16,-58.582661532511686,-0.0462898177181399,1.391435601781959,0.0507995374738991
599,9.983333,0,1158.33,1026.27,-4.3263021207551065,0.0,-58.57344694427267,-0.0463757232817999,1.3915246982179792,0.0509732295259795
600,10.0,0,1157.87,1024.36,-4.3263021207551065,0.0,-58.36017388635589,-0.046449333,1.391584,0.05112405
601,10.016667,0,1156.97,1025.68,-4.3263021207551065,0.0,-58.244100281957984,-0.0463927104550652,1.3916740007300086,0.0520503294961872
602,10.033333,0,1156.5,1024.12,-4.3263021207551065,0.0,-58.19940660159129,-0.0464154625449505,1.391710499270017,0.0524251195040745
603,10.05,0,1156.84,1028.57,-4.3263021207551065,0.0,-57.949234384290165,-0.0464680050000479,1.391735600000013,0.0526180100000792
604,10.066667,0,1154.66,1024.11,-4.3263021207551065,0.0,-57.91864917877261,-0.0465365846953109,1.3917540001259947,0.0527314673957231
605,10.083333,0,1155.04,1026.87,-4.3263021207551065,0.0,-57.760389928698494,-0.0466213503045706,1.3917602998739964,0.0528012536041793
606,10.1,0,1152.77,1026.49,-4.3263021207551065,0.0,-57.68576204323859,-0.0467169199999666,1.3917500000000036,0.0528263599999912
607,10.116667,0,1150.54,1024.18,-4.3263021207551065,0.0,-57.52832185664632,-0.0462186975787341,1.3912872960660227,0.0520418295622175
608,10.133333,0,1148.27,1022.71,-4.3263021207551065,0.0,-57.51883557584269,-0.0460976384212658,1.3910906039339772,0.0517199514377824
609,10.15,0,1146.09,1021.4,-4.32555840491863,0.0,-57.38828313361633,-0.0460819600000025,1.3909763999999725,0.0515580359999663
610,10.166667,0,1143.13,1018.96,-4.32369875786082,0.0,-56.801095811772186,-0.0460893062944885,1.3908974988439662,0.0514617690695729
611,10.183333,0,1141.09,1019.18,-4.321890589062038,0.0,-56.766737911417415,-0.046104029705532,1.3908397011559528,0.051415250930362
612,10.2,0,1139.57,1016.67,-4.302687870260716,0.0,-56.75051086064447,-0.0461237839999862,1.3907993000000285,0.0513948200000142
613,10.216667,0,1136.79,1015.0,-4.297162967382167,0.0,-56.70932477621332,-0.0458899943044394,1.3906986986980303,0.0516342073223125
614,10.233333,0,1133.29,1016.03,-4.286638074790999,0.0,-56.67923134601659,-0.0458052176956197,1.390633601302015,0.0516503226776762
615,10.25,0,1131.85,1014.69,-4.281444009520318,0.0,-56.67775186980288,-0.045759633,1.3905722,0.051580407
616,10.266667,0,1130.75,1013.32,-4.280154231152889,0.0,-56.676036946236366,-0.0457179460883493,1.3905064986939848,0.0514710401800071
617,10.283333,0,1128.7,1012.42,-4.273163782516461,0.0,-56.47723836511655,-0.0456723659116187,1.3904412013059697,0.0513300478198943
618,10.3,0,1126.43,1005.47,-4.270759695826008,0.0,-56.28219109600507,-0.0456192000001869,1.3903774000001423,0.0511650740004304
619,10.316667,0,1125.53,1002.9,-4.264570584378542,0.0,-56.264384002898765,-0.045886900833686,1.3905816006099752,0.0517812348674239
620,10.333333,0,1123.54,994.32,-4.263751609462719,0.0,-56.250990781275874,-0.0459285851662557,1.3906120993899822,0.0518746061324456
621,10.35,0,1122.71,986.76,-4.26250914849095,0.0,-56.24033351127158,-0.0458979230000107,1.3905882000000085,0.0518081820000232
622,10.366667,0,1120.5,986.46,-4.254526710798799,0.0,-56.22720035734781,-0.0458458948356267,1.390546799004006,0.0516971971881363
623,10.383333,0,1118.4,989.83,-4.247898975576859,0.0,-56.11283705435344,-0.0457876781643732,1.3904970009959945,0.0515566088118636
624,10.4,0,1115.57,986.11,-4.243901994478773,0.0,-56.07511978969245,-0.0457323860002988,1.3904433000001075,0.0513899500004719
625,10.416667,0,1115.09,989.44,-4.243552801054424,0.0,-56.06037145807238,-0.0465881151788507,1.390751401512044,0.0527411562150409
626,10.433333,0,1113.35,988.19,-4.18243119531866,0.0,-56.053836938126,-0.0468470398215109,1.3908269984880617,0.0530518867853932
627,10.45,0,1111.42,989.39,-4.17720088546487,0.0,-55.97307759314731,-0.0469288039999428,1.3908248000000016,0.0530428180000063
628,10.466667,0,1110.18,991.22,-4.17659388664906,0.0,-55.91497824416766,-0.0469654355429873,1.390803799442013,0.0529447478271505
629,10.483333,0,1107.54,989.56,-4.169617377819267,0.0,-55.75259929947044,-0.0469925844569936,1.3907759005580065,0.0528361071729253
630,10.5,0,1106.35,984.14,-4.163221683020588,0.0,-55.56347886898604,-0.047018394,1.3907431,0.05273631
631,10.516667,0,1103.53,983.79,-4.155063734028956,0.0,-55.3051521416204,-0.0478504697963074,1.3910596015720182,0.0540848712332042
632,10.533333,0,1101.21,985.48,-4.1471158689496805,0.0,-55.00120124517823,-0.0481402702038949,1.3911381984280369,0.0544465127670484
633,10.55,0,1099.22,985.29,-4.099096145600807,0.0,-54.94297117377069,-0.0482620150000536,1.3911480999999963,0.0544819269999456
634,10.566667,0,1095.37,985.57,-4.085006876204932,0.0,-54.81215399591469,-0.0483388312492691,1.3911427999820007,0.0544041228357881
635,10.583333,0,1092.05,985.2,-4.084896748619093,0.0,-54.800552143165575,-0.0484012947506436,1.3911419000180003,0.054295912164363
636,10.6,0,1090.19,988.37,-4.08033561491827,0.0,-54.69384846577628,-0.0484563859999807,1.3911427999999997,0.0541910530000366
637,10.616667,0,1088.84,988.75,-4.038592177747014,0.0,-54.60791981235421,-0.048897016935677,1.391196300181999,0.0550122865377335
638,10.633333,0,1088.49,988.55,-4.030897452574284,0.0,-54.53004011007333,-0.0490937940643229,1.3912053998180012,0.0552391654622664
639,10.65,0,1087.71,987.03,-4.024265093417824,0.0,-54.486170860579016,-0.0492103550000298,1.3911959999999943,0.0552643199999795
640,10.666667,0,1087.7,987.12,-3.938466160819204,0.0,-53.84187075945187,-0.049295788411401,1.3911803997799936,0.0552058461560863
641,10.683333,0,1086.83,987.36,-3.936076375705895,0.0,-53.69344709659251,-0.0493663535886975,1.391169400219991,0.0551136568437848
642,10.7,0,1087.38,988.18,-3.908472402272445,0.0,-53.539753430686815,-0.0494376979999501,1.391163600000004,0.0549999030000794
643,10.716667,0,1087.46,988.13,-3.908186343588477,0.0,-53.53700205173398,-0.0493774867864616,1.390829397988047,0.0553066547181032
644,10.733333,0,1087.64,988.73,-3.905786611412593,0.0,-53.46198068945463,-0.0494168092135108,1.3907288020120234,0.0553425592818716
645,10.75,0,1087.59,988.39,-3.8957346187526967,0.0,-52.805350858541146,-0.04948695,1.3907125,0.055286292
646,10.766667,0,1087.75,987.9,-3.894902432763561,0.0,-52.74778307137234,-0.0495566662265142,1.3907244003180037,0.0551952875890519
647,10.783333,0,1088.77,986.0,-3.8779409232711792,0.0,-52.56504956287418,-0.0496179887735285,1.3907402996820075,0.0550747464108638
648,10.8,0,1089.59,983.75,-3.875213659824139,0.0,-52.32462396766535,-0.0496713969998028,1.3907434000000165,0.0549468599998947
649,10.816667,0,1086.88,984.78,-3.8675008767237142,0.0,-52.00060377189542,-0.0493891683930654,1.3907670000299988,0.0547961980493794
650,10.833333,0,1084.08,983.81,-3.850644270969769,0.0,-51.97345954377032,-0.0493088216070467,1.3907684999699992,0.0546986669507567
651,10.85,0,1081.6,982.21,-3.849004530385762,0.0,-51.599915623498646,-0.0492966030000042,1.3907680000000002,0.0546473940000179
652,10.866667,0,1080.0,982.5,-3.842270605245,0.0,-51.36157355192924,-0.0493086134169375,1.390782600703996,0.0546400402669584
653,10.883333,0,1075.92,979.73,-3.831940688587259,0.0,-51.35763548755657,-0.0493294595830624,1.390817799296004,0.0546533877330415
654,10.9,0,1072.83,977.29,-3.831247983420119,0.0,-51.14212043763236,-0.0493463429999208,1.390863100000041,0.0546603700002237
655,10.916667,0,1064.62,972.67,-3.828828153631721,0.0,-51.11890570046682,-0.0491197204057535,1.3909810016540485,0.0553008803259459
656,10.933333,0,1056.02,970.67,-3.826815410965273,0.0,-51.08831190830164,-0.049040013594135,1.3910636983460674,0.0555171626743562
657,10.95,0,1050.91,967.15,-3.814266554813334,0.0,-51.017594974984576,-0.0490112450000201,1.3911274999999554,0.0555896239999493
658,10.966667,0,1045.95,962.9,-3.813956537975303,0.0,-50.88556351627011,-0.0489988478024046,1.391169100379991,0.0556150001167972
659,10.983333,0,1044.07,960.42,-3.812773993388765,0.0,-50.85109324492844,-0.0489889681976023,1.3911880996199957,0.0556208398831986
660,11.0,0,1042.29,959.64,-3.80126336989452,0.0,-50.848135383386015,-0.048978306,1.3911982,0.055609334
661,11.016667,0,1040.28,961.1,-3.801128971044756,0.0,-50.84762693683068,-0.0488222186461842,1.3909659980919775,0.0561216206113703
662,11.033333,0,1038.42,961.57,-3.799712113660338,0.0,-50.84208653594833,-0.0487545313537684,1.3908706019079555,0.0562521823887208
663,11.05,0,1037.09,961.94,-3.795525446720823,0.0,-50.82001133309271,-0.048703923999961,1.3908150999999709,0.0562591299999846
664,11.066667,0,1035.99,961.41,-3.772998710533911,0.0,-50.81462037135681,-0.0486482085777779,1.3907732992680295,0.0562372124283632
665,11.083333,0,1034.88,961.39,-3.739139195036869,0.0,-50.71227346077048,-0.0485770974223214,1.3907367007320213,0.0562086305716766
666,11.1,0,1033.17,961.34,-3.727885844327995,0.0,-50.617729267572685,-0.0484888260000308,1.3906987000000133,0.0561648530000152
667,11.116667,0,1032.03,960.66,-3.7121966558681554,0.0,-50.60677366818029,-0.0484314283310097,1.3905720986780077,0.0562421975604825
668,11.133333,0,1031.08,960.98,-3.71023941542391,0.0,-50.4970157365764,-0.0483479816689902,1.3905060013219923,0.0562202224395174
669,11.15,0,1030.6,959.41,-3.708694342001704,0.0,-50.48765263477274,-0.0482539699999661,1.3904581999999863,0.0561517199999623
670,11.166667,0,1030.8,957.3,-3.7079908752199366,0.0,-50.47882923873533,-0.0481571542120879,1.390418799275979,0.056044007424005
671,11.183333,0,1029.43,954.65,-3.7079836894675737,0.0,-50.472554618770445,-0.0480677647877871,1.3903826007239704,0.055915216575815
672,11.2,0,1028.61,957.72,-3.704122843223176,0.0,-50.4504648540694,-0.0479840040000585,1.3903464000000254,0.0557741700000985
673,11.216667,0,1026.98,961.86,-3.704103374016873,0.0,-50.445272477858126,-0.0481595018045045,1.390278798622032,0.0556278167730751
674,11.233333,0,1025.28,954.59,-3.693904698628832,0.0,-50.28899431013506,-0.0481497271955022,1.3902099013780165,0.0554664732270375
675,11.25,0,1023.14,958.28,-3.693250873258029,0.0,-50.27642556970571,-0.048067547,1.3901286,0.055278864
676,11.266667,0,1021.03,958.9,-3.690595749776688,0.0,-50.2588584575633,-0.047953569342569,1.390044198447982,0.0550794409536928
677,11.283333,0,1019.69,959.69,-3.687355417320369,0.0,-50.144636251738895,-0.0478207046573381,1.3899666015519638,0.0548771360461657
678,11.3,0,1018.02,958.09,-3.6842201436004216,0.0,-48.192551957779294,-0.0476714220000041,1.3898982999999667,0.0546727629997913
679,11.316667,0,1016.85,957.9,-3.6767610967199,0.0,-47.73092509550319,-0.0476774141175567,1.389850699338027,0.0543740859528849
680,11.333333,0,1016.18,957.99,-3.676406084737883,0.0,-47.72825311038466,-0.0475832918825748,1.389817600662019,0.0541717300473978
681,11.35,0,1014.81,954.54,-3.6754862188802826,0.0,-47.500429084386354,-0.0474481700000471,1.389779600000013,0.0539963660000612
682,11.366667,0,1013.03,953.37,-3.6723334130102514,0.0,-45.491772852726704,-0.0472878924498206,1.3897259985880082,0.0537988358925839
683,11.383333,0,1011.2,951.03,-3.6633060603543934,0.0,-45.49111014778666,-0.0471103895501793,1.389655401411992,0.053593472107416
684,11.4,0,1010.87,948.2,-3.661342036911004,0.0,-45.462768559969184,-0.0469326970000564,1.389579800000042,0.0533912739998433
685,11.416667,0,1009.39,945.26,-3.6577382680519,0.0,-45.28494440678133,-0.0470943746530899,1.3896999002840085,0.0529427347488471
686,11.433333,0,1007.73,942.93,-3.62999935809389,0.0,-45.21972670896084,-0.0470770303468858,1.3897140997160116,0.052680195250786
687,11.45,0,1005.97,941.7,-3.629593325521945,0.0,-45.20761414131699,-0.047016777000042,1.3896947000000135,0.0524791670001404
688,11.466667,0,1003.3,939.57,-3.628414254418954,0.0,-45.15000719311868,-0.0469522187462292,1.3896800998980026,0.0523119571069473
689,11.483333,0,1001.2,938.05,-3.628391498953996,0.0,-45.14711681934148,-0.0468895312538145,1.3896750001020013,0.0521673068931536
690,11.5,0,1000.79,927.9,-3.5969037481247264,0.0,-45.12498799356353,-0.046819128,1.38968,0.052044816
691,11.516667,0,998.38,923.19,-3.5948072646151084,0.0,-45.11387866007868,-0.0469648946874363,1.389665600436005,0.0517997174764306
692,11.533333,0,997.45,926.67,-3.582036364361669,0.0,-45.10751271986139,-0.0469492673125527,1.38968739956401,0.0516735455234812
693,11.55,0,995.87,928.91,-3.577530558455909,0.0,-45.020827460594326,-0.0468763859999387,1.3897297000000457,0.0515688839999407
694,11.566667,0,995.13,928.35,-3.577323647591069,0.0,-44.877664407347616,-0.0467886310522193,1.3897951015839354,0.0514839905536789
695,11.583333,0,995.33,929.83,-3.5752726570625746,0.0,-44.8734268017203,-0.0466912419479167,1.389874298415954,0.0514116744464221
696,11.6,0,993.19,929.41,-3.57488994940154,0.0,-44.7000385192243,-0.0465805980000386,1.389954299999972,0.05132572400003
697,11.616667,0,991.86,928.66,-3.574345409331033,0.0,-44.44674114710994,-0.0468147903705978,1.389969501057994,0.0513210324952429
698,11.633333,0,990.25,926.19,-3.5592031262679,0.0,-44.41724715468449,-0.0468333196294021,1.3900223989420062,0.051295795504757
699,11.65,0,989.13,925.22,-3.5565666590113416,0.0,-44.3133341052496,-0.0467870529999798,1.3900865000000242,0.0512630299999865
700,11.666667,0,988.49,925.46,-3.551330096807321,0.0,-44.29834402530598,-0.0467294740997337,1.3901558015620454,0.0512246142064769
701,11.683333,0,984.81,924.1,-3.550049093389098,0.0,-44.257942641565485,-0.0466844639002033,1.3902338984380636,0.0511849407934676
702,11.7,0,982.54,926.4,-3.5370292918743127,0.0,-43.98236817489105,-0.0466508000000235,1.3903171999999415,0.0511483620000255
703,11.716667,0,980.2,927.03,-3.5314787816402253,0.0,-43.95665628380512,-0.0469607118578567,1.390106399602009,0.0513555452529508
704,11.733333,0,978.99,928.6,-3.50949337167753,0.0,-43.79827822868219,-0.0470536031420783,1.3900865003980047,0.0514181917470054
705,11.75,0,977.48,930.72,-3.5092695358990875,0.0,-43.76441424667334,-0.04706563,1.3901341,0.05144751
706,11.766667,0,977.17,931.22,-3.509021227059268,0.0,-43.23487421823773,-0.0470420260985495,1.3902051015880184,0.0514525956888763
707,11.783333,0,976.42,933.37,-3.508606923206547,0.0,-43.214157601184375,-0.046996955901419,1.3902844984120368,0.0514370403111127
708,11.8,0,976.98,932.75,-3.50676265014481,0.0,-43.17652872168338,-0.0469503399998344,1.39036899999988,0.0514054039996844
709,11.816667,0,976.35,933.08,-3.5037057326471683,0.0,-43.15052481347615,-0.0467133806268159,1.3901974997140116,0.0509537238509883
710,11.833333,0,975.73,932.77,-3.5016456042707773,0.0,-43.135057793927096,-0.0466447213732799,1.3901832002860084,0.0507962731492316
711,11.85,0,974.72,931.86,-3.498419635271296,0.0,-43.11085356424652,-0.0466310900000047,1.3902142999999891,0.0507642480000111
712,11.866667,0,974.99,931.55,-3.493459178944139,0.0,-43.02815065351731,-0.0466313660420797,1.3902590007739954,0.0507893650746537
713,11.883333,0,974.94,931.67,-3.4747452504702587,0.0,-43.00869211082095,-0.0466334699579202,1.3902976992260043,0.0508430959253462
714,11.9,0,975.06,931.33,-3.438642293900537,0.0,-43.00356075009142,-0.0466352369999018,1.390331099999913,0.0508986899999077
715,11.916667,0,975.07,928.86,-3.415809491675044,0.0,-42.97941489292258,-0.0463540682609893,1.3900818984479548,0.0506344180188623
716,11.933333,0,974.24,927.9,-3.401686629741252,0.0,-42.95225585315422,-0.0462671237388891,1.3900043015519368,0.0505353679809992
717,11.95,0,973.39,927.81,-3.401686629741252,0.0,-42.93816125852968,-0.0462388840000197,1.389981500000016,0.050456520000055
718,11.966667,0,975.3,924.24,-3.401686629741252,0.0,-42.91946624070468,-0.0462327751632961,1.3899739999460012,0.0503716380096463
719,11.983333,0,973.55,925.23,-3.401686629741252,0.0,-42.88403875362706,-0.0462409398366981,1.3899713000540006,0.0502721219904231
720,12.0,0,975.14,921.89,-3.401686629741252,0.0,-42.85413328085615,-0.046253134,1.3899635,0.050178006
721,12.016667,0,962.14,918.25,-3.4015750368488877,0.0,-42.69712521444257,-0.0460642115963236,1.3898350991259898,0.0498451522080275
722,12.033333,0,958.48,915.13,-3.3916361197115106,0.0,-42.68693876123249,-0.0459940314036273,1.3897914008739796,0.0497055607918749
723,12.05,0,954.45,914.91,-3.3916361197115106,0.0,-42.5636747402775,-0.0459547969999748,1.3897834000000049,0.0496497379999906
724,12.066667,0,949.3,913.14,-3.389734124653273,0.0,-42.54348367904721,-0.0459187392679498,1.3897902003139873,0.0496364003343863
725,12.083333,0,948.54,911.43,-3.3863120922946712,0.0,-42.46462769124958,-0.0458821367321013,1.389805899685991,0.0496531196655902
726,12.1,0,947.08,911.67,-3.38559447437809,0.0,-42.43573350185769,-0.0458518600000105,1.3898272999999923,0.0496884499999876
727,12.116667,0,945.25,910.88,-3.3841959868535025,0.0,-42.28445627670329,-0.0457993746987017,1.3897358997960012,0.0498736137534756
728,12.133333,0,942.91,909.42,-3.380881811659611,0.0,-42.2671169377566,-0.0457843103012982,1.3897257002039989,0.0499112862465243
729,12.15,0,942.15,908.09,-3.37723628691807,0.0,-42.263597623265234,-0.0457862900000013,1.389743600000008,0.0498752669999744
730,12.166667,0,941.52,909.32,-3.3768418690470527,0.0,-42.25319519410946,-0.0457901138455155,1.3897663003740108,0.0498022042590293
731,12.183333,0,940.13,910.09,-3.3753443718191805,0.0,-42.233448095373255,-0.0457823901544737,1.3897849996260152,0.049715161740849
732,12.2,0,939.06,910.61,-3.37362532570611,0.0,-42.21675189264168,-0.0457610670000149,1.3897899999999963,0.0496405000000521
733,12.216667,0,939.12,908.64,-3.3670681457237857,0.0,-42.21189367573055,-0.0458048614697723,1.3896110982500407,0.0496309662633738
734,12.233333,0,939.47,907.59,-3.3635614336889383,0.0,-42.05034355964636,-0.0457783505302461,1.3895236017500203,0.0496441347366169
735,12.25,0,938.35,907.44,-3.363119884381462,0.0,-42.00473973922645,-0.045729548,1.3894615,0.049676202
736,12.266667,0,938.34,907.13,-3.362309580494475,0.0,-41.8023434255625,-0.0456835772790316,1.3894197994299933,0.0497123150198202
737,12.283333,0,935.88,905.08,-3.359025110503256,0.0,-41.7659764541313,-0.0456475307209432,1.3893913005699867,0.0497133059801804
738,12.3,0,934.79,900.6,-3.356169592196335,0.0,-41.75042772869983,-0.0456071699999041,1.3893618999999768,0.0496723759998212
739,12.316667,0,934.07,904.8,-3.35602131524926,0.0,-41.64203491095411,-0.0454699984014651,1.389328699684013,0.0494165080312802
740,12.333333,0,933.94,905.21,-3.3501168858927644,0.0,-41.631402259940735,-0.0453900715986465,1.3893129003160092,0.0493180719688573
741,12.35,0,933.68,905.7,-3.349866323002548,0.0,-41.56105538379354,-0.0453295600000211,1.3893080000000018,0.0492874420000107
742,12.366667,0,933.17,906.71,-3.3487424477642027,0.0,-41.54998209122244,-0.045278273129765,1.389311800375998,0.0492896184643772
743,12.383333,0,932.66,906.5,-3.3444028361616227,0.0,-41.48980367922552,-0.0452347628702349,1.3893305996240022,0.0493128365356227
744,12.4,0,931.9,906.13,-3.3428823640621714,0.0,-41.39506168111121,-0.0451952699999192,1.3893710000000474,0.0493657069998857
745,12.416667,0,931.41,907.02,-3.342716079484997,-2.220446049250313e-16,-41.36600498975421,-0.0449641282732897,1.389507301988058,0.0490384660983428
746,12.433333,0,931.35,907.83,-3.34261104129417,0.0,-41.36055297895483,-0.0448777987265896,1.3896066980120811,0.049043382901664
747,12.45,0,930.72,907.59,-3.3423787992654583,0.0,-41.35019982674478,-0.0448394640000267,1.3897049999999314,0.0491640339999157
748,12.466667,0,930.63,906.53,-3.3423787992654583,0.0,-41.32841863466171,-0.0448208858482435,1.3898062020759516,0.0493221464111005
749,12.483333,0,930.94,905.01,-3.3423787992654583,0.0,-41.22258677785329,-0.0448132981517617,1.3899099979239755,0.0494926985887802
750,12.5,0,929.92,899.81,-3.3423787992654583,0.0,-40.99727909771276,-0.044817,1.3900201,0.049671445
751,12.516667,0,930.48,903.86,-3.3423787992654583,2.220446049250313e-16,-40.56442675710602,-0.0448664140547122,1.3900945021320248,0.0495497319171023
752,12.533333,0,930.85,904.92,-3.3423787992654583,0.0,-40.54041814829469,-0.0449191469453245,1.3902010978680497,0.0496455820829646
753,12.55,0,929.48,890.3,-3.3423787992654583,0.0,-40.49123925863958,-0.0449824070000462,1.3903160000000796,0.049807962000121
754,12.566667,0,928.95,900.13,-3.3423787992654583,0.0,-40.49085904719401,-0.0450485772800278,1.3904299022499085,0.0499812883872619
755,12.583333,0,927.76,903.85,-3.3423787992654583,0.0,-40.48739980153481,-0.0451125787198827,1.3905423977499345,0.0501506516125013
756,12.6,0,926.4,902.38,-3.3423787992654583,0.0,-40.469406294788335,-0.0451794559999766,1.390659099999959,0.0503292199999376
757,12.616667,0,926.59,901.49,-3.3423787992654583,0.0,-40.46013471567008,-0.0450563005483368,1.390614300511997,0.0498244643204439
758,12.633333,0,927.63,900.38,-3.3423787992654583,-2.220446049250313e-16,-40.37875264976172,-0.0450837164516631,1.390639899488003,0.049790487679556
759,12.65,0,926.13,894.8,-3.3423787992654583,0.0,-40.37803408360826,-0.0451579880000318,1.3906740000000115,0.049909370000065
760,12.666667,0,925.13,890.93,-3.342074414501676,0.0,-40.36728813368853,-0.04524905206386,1.3907074005360156,0.0500956446150343
761,12.683333,0,923.83,891.76,-3.3411917766920016,0.0,-40.3108715501279,-0.045352237936284,1.390734199464022,0.050326380385288
762,12.7,0,921.96,889.39,-3.339699614002028,0.0,-40.30755459796756,-0.045468106999919,1.3907530999999869,0.0505847069998195
763,12.716667,0,919.97,888.62,-3.339699614002028,0.0,-40.21782861310677,-0.0453705764272667,1.3906834993600148,0.0503828281592297
764,12.733333,0,918.8,886.26,-3.339699614002028,0.0,-40.154935740460296,-0.0454419385726833,1.3906515006400073,0.0504907878406948
765,12.75,0,917.59,884.99,-3.339699614002028,0.0,-40.14981667465909,-0.045568485,1.3906268,0.050696794
766,12.766667,0,916.67,883.77,-3.339699614002028,-2.220446049250313e-16,-40.14740174132006,-0.0457227304591002,1.3906050995999952,0.0509323952188607
767,12.783333,0,916.19,882.94,-3.339699614002028,0.0,-40.13363302670983,-0.0458956765410205,1.3905851003999907,0.0511933247813215
768,12.8,0,916.57,883.46,-3.339699614002028,0.0,-40.10203653799553,-0.0460740699999435,1.3905696999998696,0.0514902299998071
769,12.816667,0,916.34,882.99,-3.339699614002028,0.0,-39.9589731891003,-0.0459931847862072,1.3903830981600749,0.0512141203324449
770,12.833333,0,916.25,882.56,-3.339699614002028,-2.220446049250313e-16,-39.94163732442342,-0.046082495213668,1.3902911018400537,0.0513307426673921
771,12.85,0,915.82,882.38,-3.339699614002028,0.0,-39.84784880355005,-0.0462351299999466,1.3902347000000197,0.05158826699991
772,12.866667,0,913.87,880.63,-3.339699614002028,0.0,-39.84784880355005,-0.0464205889641369,1.3901903992920042,0.0518821695509618
773,12.883333,0,911.92,880.33,-3.339699614002028,0.0,-39.84784880355005,-0.0466187890358631,1.390155000707996,0.0522097064490381
774,12.9,0,909.61,881.08,-3.339699614002028,0.0,-39.84784880355005,-0.0468178649998965,1.390140199999997,0.0525699740000446
775,12.916667,0,909.37,882.14,-3.339699614002028,0.0,-39.84784880355005,-0.04652170965947,1.390130999897997,0.0526977319639136
776,12.933333,0,909.2,882.07,-3.339699614002028,0.0,-39.84784880355005,-0.0465046843405061,1.3901259001019957,0.0529959070365029
777,12.95,0,910.84,882.88,-3.339699614002028,0.0,-39.84784880355005,-0.0465687659999552,1.390119800000004,0.0533450579997561
778,12.966667,0,910.49,883.81,-3.339699614002028,0.0,-39.84784880355005,-0.0466529018051979,1.3901090996420085,0.0536911884124106
779,12.983333,0,910.61,884.62,-3.339699614002028,0.0,-39.84784880355005,-0.0467431601947389,1.3900912003580042,0.0540118035873653
780,13.0,0,908.81,884.71,-3.339699614002028,2.220446049250313e-16,-39.84784880355005,-0.04683621,1.390061,0.054282807
781,13.016667,0,907.6,885.94,-3.339699614002028,0.0,-39.84784880355005,-0.0467944802985034,1.390093299427993,0.0545252641611284
782,13.033333,0,906.94,884.25,-3.339699614002028,0.0,-39.84784880355005,-0.0468094047015069,1.3900647005719866,0.0547333098390168
783,13.05,0,907.09,882.79,-3.339699614002028,0.0,-39.84784880355005,-0.0468364400000155,1.3900118999999558,0.0549449850001521
784,13.066667,0,904.53,878.32,-3.339699614002028,0.0,-39.84784880355005,-0.0468586602323105,1.389948498696053,0.0551628145661139
785,13.083333,0,905.76,879.61,-3.339699614002028,0.0,-39.84784880355005,-0.0468702757676732,1.389883301304038,0.055391120433567
786,13.1,0,903.31,878.49,-3.339699614002028,0.0,-39.84784880355005,-0.0468680500000007,1.3898150000000238,0.0556270739999175
787,13.116667,0,902.32,880.49,-3.339699614002028,0.0,-39.84784880355005,-0.0467574134199692,1.3901237008819949,0.055620885046428
788,13.133333,0,899.28,880.08,-3.339699614002028,0.0,-39.84784880355005,-0.0466784145800307,1.390167799118005,0.0557232029535719
789,13.15,0,894.92,878.5,-3.339699614002028,0.0,-39.84784880355005,-0.046616449999983,1.3901346999999848,0.0558585520000461
790,13.166667,0,890.52,877.58,-3.339699614002028,-2.220446049250313e-16,-39.84784880355005,-0.0465678263000396,1.3900911993279803,0.0559905491410623
791,13.183333,0,888.19,876.96,-3.339699614002028,0.0,-39.84784880355005,-0.0465328306999114,1.3900576006719727,0.0560975948590872
792,13.2,0,884.16,874.96,-3.339699614002028,-2.220446049250313e-16,-39.84784880355005,-0.0465085300000169,1.3900412000000115,0.0561871979999374
793,13.216667,0,879.14,872.52,-3.339699614002028,0.0,-39.84784880355005,-0.0463362785662333,1.3903743022619472,0.0557007616143755
794,13.233333,0,877.28,869.96,-3.339699614002028,0.0,-39.84784880355005,-0.0462645914338166,1.3904873977379737,0.0555814823857077
795,13.25,0,876.29,868.37,-3.339699614002028,0.0,-39.84784880355005,-0.04622169,1.3905257,0.05559617
796,13.266667,0,873.63,867.83,-3.339699614002028,0.0,-39.84784880355005,-0.0461759489184474,1.3905318998539984,0.0556630246527192
797,13.283333,0,871.26,867.41,-3.342074414501676,0.0,-39.84784880355005,-0.0461218740815148,1.3905246001459963,0.0557456563473384
798,13.3,0,870.18,868.71,-3.3423787992654583,0.0,-39.84784880355005,-0.0460679680001064,1.3905082000001856,0.0558257330001877
799,13.316667,0,869.43,870.17,-3.34261104129417,0.0,-39.94163732442342,-0.0462203929849198,1.3907740015279375,0.0560945443036261
800,13.333333,0,868.58,870.24,-3.342716079484997,0.0,-39.9589731891003,-0.0462696390150113,1.3908503984719554,0.0562097256962129
801,13.35,0,869.54,870.7,-3.3428823640621714,0.0,-39.99822020217106,-0.0462968799999904,1.3908631999999956,0.0562718399999783
802,13.366667,0,867.76,869.15,-3.3444028361616227,0.0,-40.02134521979856,-0.0463236766545961,1.390852199678002,0.0563083332723784
803,13.383333,0,868.17,870.56,-3.349866323002548,2.220446049250313e-16,-40.10203653799553,-0.0463564053454038,1.3908361003219982,0.0563219517276215
804,13.4,0,868.66,869.78,-3.3501168858927644,0.0,-40.13363302670983,-0.0463947730000193,1.390810400000026,0.0562933419996698
805,13.416667,0,868.79,868.19,-3.35602131524926,0.0,-40.14740174132006,-0.0464500271985148,1.3908853998399953,0.0553479483738089
806,13.433333,0,867.56,870.12,-3.356169592196335,0.0,-40.14981667465909,-0.0465099488015688,1.3908774001599935,0.0549166686255885
807,13.45,0,867.36,870.52,-3.3567060045885766,0.0,-40.154935740460296,-0.0465877799999456,1.3908417000000248,0.0546409750001925
808,13.466667,0,867.14,868.37,-3.358399256520437,0.0,-40.21782861310677,-0.0466903175641403,1.3907925988660264,0.0544210934105435
809,13.483333,0,867.57,867.37,-3.359025110503256,0.0,-40.30755459796756,-0.0468185224357701,1.390735901134013,0.0542416235895817
810,13.5,0,867.0,865.24,-3.362309580494475,0.0,-40.3108715501279,-0.046967313,1.3906828,0.05409632
811,13.516667,0,866.33,864.7,-3.363119884381462,0.0,-40.3108715501279,-0.0471282971330764,1.390831000362004,0.0543649124401251
812,13.533333,0,866.33,866.17,-3.3635614336889383,0.0,-40.3108715501279,-0.0472849428670329,1.3908490996380083,0.0543869175598902
813,13.55,0,866.03,869.88,-3.3670681457237857,0.0,-40.3108715501279,-0.0474449250001192,1.3908172999999646,0.0543230599999245
814,13.566667,0,866.08,872.19,-3.3719769006700067,0.0,-40.3108715501279,-0.0476156067613467,1.3907666986600544,0.0542150933198292
815,13.583333,0,863.86,872.92,-3.372554777339216,2.220446049250313e-16,-40.3108715501279,-0.0478036742383905,1.390699701340039,0.054081084680358
816,13.6,0,863.43,873.62,-3.3753443718191805,0.0,-40.3108715501279,-0.0480030699999303,1.3906307000000242,0.0539275700000536
817,13.616667,0,862.72,872.29,-3.37723628691807,0.0,-40.3108715501279,-0.0482407104080543,1.3905716986940075,0.0545869644447457
818,13.633333,0,864.05,871.34,-3.3793793198706497,-2.220446049250313e-16,-40.3108715501279,-0.0484611055919456,1.3905064013059925,0.0547091975552542
819,13.65,0,863.93,867.5,-3.389487549989762,0.0,-40.3108715501279,-0.0486823360000782,1.3904375999999727,0.0546466929999515
820,13.666667,0,864.19,866.5,-3.389734124653273,0.0,-40.3108715501279,-0.0489064945142914,1.3903591982579493,0.054508046462097
821,13.683333,0,863.82,867.31,-3.3916361197115106,-2.220446049250313e-16,-40.3108715501279,-0.0491321934860239,1.390272101741929,0.0543311635376558
822,13.7,0,862.93,865.55,-3.3937335031767226,-2.220446049250313e-16,-40.3108715501279,-0.0493534799998454,1.3901808000000635,0.0541410000001328
823,13.716667,0,861.71,867.45,-3.3946881622660885,0.0,-40.3108715501279,-0.0492044966644612,1.3902444994800125,0.0543106745953127
824,13.733333,0,861.29,865.9,-3.397279903561639,-2.220446049250313e-16,-40.3108715501279,-0.0492877183354806,1.390218500520006,0.0542404414047363
825,13.75,0,859.56,864.95,-3.4015750368488877,0.0,-40.3108715501279,-0.04944277,1.390168,0.0540903
826,13.766667,0,859.22,862.42,-3.401686629741252,0.0,-40.3108715501279,-0.0496120031909771,1.3901155989999885,0.0539130303241572
827,13.783333,0,858.14,862.31,-3.4115588062874243,0.0,-40.3108715501279,-0.0497715438091343,1.3900656009999768,0.0537292476757144
828,13.8,0,856.41,861.81,-3.4195955003712,0.0,-40.3108715501279,-0.0499159430002466,1.3900258999997817,0.0535524930005829
829,13.816667,0,856.42,860.95,-3.449091499108735,0.0,-40.36728813368853,-0.0502690706036331,1.389713297988082,0.0543869657984452
830,13.833333,0,854.59,860.66,-3.4621850525596227,0.0,-40.37803408360826,-0.050449252396115,1.3896127020120586,0.0545768882012894
831,13.85,0,851.83,860.76,-3.4630310493129945,2.220446049250313e-16,-40.37875264976172,-0.0505786699999548,1.3895824000000108,0.0545530540000083
832,13.866667,0,850.62,860.27,-3.471895336324466,0.0,-40.38347175786965,-0.0506992823839861,1.389579899998,0.0544670379066122
833,13.883333,0,849.77,862.19,-3.4734100590104413,0.0,-40.49085904719401,-0.0508184776160138,1.389579800002,0.0543623720933878
834,13.9,0,849.37,861.0,-3.5041605739573454,0.0,-40.49085904719401,-0.0509280199999011,1.389581099999943,0.0542505050004521
835,13.916667,0,848.48,859.29,-3.5041605739573454,0.0,-40.49085904719401,-0.0506449666049993,1.3894173994159829,0.0555451515105386
836,13.933333,0,848.16,858.93,-3.5041605739573454,0.0,-40.38347175786965,-0.0505752213949031,1.3893882005839762,0.0559206524899859
837,13.95,0,846.95,859.54,-3.513115710546268,0.0,-40.37875264976172,-0.0505731700000014,1.3894044999999886,0.0559925959999497
838,13.966667,0,845.33,860.73,-3.5247011556519348,0.0,-40.38347175786965,-0.0505889704787888,1.3894402009279785,0.0559601619056254
839,13.983333,0,843.43,861.39,-3.5357474333105348,0.0,-40.51753076775251,-0.0506129095211944,1.3894865990719891,0.0559054440944127
840,14.0,0,842.47,859.43,-3.536120661470304,0.0,-40.5616634972713,-0.05064207,1.3895397,0.055870783
841,14.016667,0,839.48,860.85,-3.5561228637499864,0.0,-40.57733409922341,-0.0501163040193936,1.3895776013480157,0.0572251892376075
842,14.033333,0,837.84,861.67,-3.5605039481016934,0.0,-40.58052528063475,-0.0499172839804673,1.3896449986520314,0.0576870457627151
843,14.05,0,836.05,863.02,-3.5647903973671884,0.0,-40.798417881228325,-0.0498295129999673,1.38971290000005,0.0578582320000569
844,14.066667,0,833.57,863.07,-3.584492640581888,0.0,-41.00005337776602,-0.0497828264278233,1.3897847013819438,0.0579398110598568
845,14.083333,0,832.59,863.86,-3.5847105436288387,0.0,-41.20438033642982,-0.0497542175722166,1.3898537986179598,0.0579928039400691
846,14.1,0,832.35,865.13,-3.5918184710779286,0.0,-41.21161120486381,-0.0497357550000064,1.389914299999979,0.0580444299999819
847,14.116667,0,832.37,865.63,-3.595671495288124,0.0,-41.50458691981632,-0.0497253315344194,1.3899688906240546,0.0580997894022852
848,14.133333,0,831.98,865.64,-3.608227981626646,0.0,-41.51432113343376,-0.0499020464655806,1.3895001093759454,0.0585698875977147
849,14.15,0,831.73,865.58,-3.621219559372431,0.0,-41.53686364375824,-0.0499593600000092,1.3893638999999884,0.0587653100000352
850,14.166667,0,830.21,864.57,-3.6450295592329383,0.0,-41.541616455313005,-0.049985737448673,1.3893310002140062,0.05886626703151
851,14.183333,0,828.43,865.22,-3.649231509009012,0.0,-41.935168330690495,-0.0500081695513582,1.3893416997860086,0.058917838968562
852,14.2,0,828.31,866.76,-3.6510367774959054,0.0,-41.9761202189756,-0.0500275599999864,1.3893620999999858,0.0589374269999863
853,14.216667,0,827.09,868.09,-3.680426623074349,0.0,-42.12449582268175,-0.0505355185122182,1.3889655975420572,0.0593137125866397
854,14.233333,0,823.6,866.65,-3.7038045528023167,0.0,-42.36953589340979,-0.0507111264876591,1.3888427024580288,0.0594430424132698
855,14.25,0,821.31,867.53,-3.7046516847312136,0.0,-42.37035917805019,-0.050784305,1.3888029,0.059489477
856,14.266667,0,822.23,867.68,-3.722296551469314,0.0,-42.68003242492375,-0.0508290866797279,1.3887900999479994,0.0595173287303085
857,14.283333,0,820.46,868.96,-3.722350152471925,0.0,-42.69641965705297,-0.0508630713202958,1.388787500051999,0.059553842269717
858,14.3,0,819.07,868.63,-3.73956781106156,0.0,-42.70457480747704,-0.0508962200002935,1.3887939999996162,0.0595968700006259
859,14.316667,0,816.45,868.29,-3.739847224480981,0.0,-43.182003875155935,-0.0513164104642188,1.388244296296151,0.060493001667729
860,14.333333,0,811.18,867.67,-3.797352350715775,0.0,-43.19207274844353,-0.0514896215355391,1.388059103704108,0.060776388331875
861,14.35,0,810.0,868.75,-3.807467148993429,0.0,-43.53518776172496,-0.0515817099999678,1.3879862000000256,0.0608398579999778
862,14.366667,0,807.79,867.87,-3.808704423446788,0.0,-43.54292242939338,-0.0516453110669937,1.387946099448003,0.0608279362311044
863,14.383333,0,805.9,866.45,-3.810057725781608,0.0,-43.63379362917809,-0.0516986589330062,1.387918500551997,0.0607894927688955
864,14.4,0,804.0,863.66,-3.812370537693157,0.0,-44.22561281212854,-0.051751760000123,1.387889699999948,0.0607348270001724
865,14.416667,0,803.31,863.16,-3.8390784686967296,0.0,-44.27287876259838,-0.0521040830489887,1.387741198073944,0.0612285566133869
866,14.433333,0,801.87,862.92,-3.840763026361744,0.0,-44.27687670344729,-0.0522565219512242,1.3876449019259214,0.0613092203867257
867,14.45,0,802.05,863.62,-3.863360858316249,0.0,-44.41478378486959,-0.0523371549999436,1.38755900000006,0.0612494700000417
868,14.466667,0,802.06,864.78,-3.863769801265381,0.0,-44.41826036474393,-0.0523864036256054,1.3874712980820447,0.0611366041895254
869,14.483333,0,801.25,863.37,-3.8929347907245577,0.0,-44.49833562725856,-0.0524176833743727,1.3873754019180224,0.0609960828105727
870,14.5,0,802.3,858.29,-3.894160474993063,0.0,-44.50758304279376,-0.052439563,1.387272,0.06084409
871,14.516667,0,802.56,858.1,-3.908540081839853,0.0,-44.53536284175994,-0.0522415485753834,1.387032397157967,0.0610684996765162
872,14.533333,0,800.8,858.67,-3.9431798092158608,0.0,-44.55912336757413,-0.0521703214245668,1.3868903028419337,0.0610523263234724
873,14.55,0,801.43,856.5,-3.9431798092158608,0.0,-44.94135905786784,-0.0521389769999811,1.386784799999937,0.060965071999931
874,14.566667,0,801.3,858.52,-3.9431798092158608,0.0,-44.94135905786784,-0.0521119231575543,1.3866943983980653,0.0608663430901778
875,14.583333,0,801.45,858.37,-3.9431798092158608,0.0,-44.94135905786784,-0.0520698008425045,1.386614301602047,0.0607708519099556
876,14.6,0,800.79,857.1,-3.9431798092158608,0.0,-44.94135905786784,-0.0520044270000228,1.386539800000026,0.0606785530000322
877,14.616667,0,800.52,855.47,-3.9431798092158608,0.0,-44.94135905786784,-0.0520469583959493,1.3863993986840075,0.0612335041852472
878,14.633333,0,799.8,855.08,-3.9431798092158608,0.0,-44.94135905786784,-0.0519667586040506,1.3863336013159924,0.0613427628147527
879,14.65,0,797.72,856.57,-3.9431798092158608,0.0,-44.94135905786784,-0.051845281999953,1.3862974999999913,0.0612927099999642
880,14.666667,0,797.49,857.1,-3.9431798092158608,0.0,-44.94135905786784,-0.0517107401569372,1.386272699383982,0.0611902714019043
881,14.683333,0,797.21,857.31,-3.9431798092158608,0.0,-44.94135905786784,-0.0515685968428641,1.3862419006159747,0.0610603755979141
882,14.7,0,797.31,856.98,-3.9431798092158608,2.220446049250313e-16,-44.94135905786784,-0.0514158980001066,1.3862044000000262,0.0609116670001038
883,14.716667,0,796.22,853.71,-3.9431798092158608,0.0,-44.94135905786784,-0.0513390614924783,1.3862695001179972,0.0611795153203725
884,14.733333,0,795.74,854.91,-3.9431798092158608,0.0,-44.94135905786784,-0.0512136875076091,1.3862753998819983,0.0611955336796162
885,14.75,0,793.74,853.68,-3.9431798092158608,0.0,-44.94135905786784,-0.051078476,1.3862557,0.061135028
886,14.766667,0,792.28,852.38,-3.9431798092158608,0.0,-44.94135905786784,-0.0509347569241041,1.3862130989079873,0.0610398146934331
887,14.783333,0,791.63,852.32,-3.9431798092158608,0.0,-44.94135905786784,-0.0507809700757883,1.3861585010919746,0.0609244923064862
888,14.8,0,789.36,848.43,-3.9431798092158608,0.0,-44.94135905786784,-0.0506282300000193,1.3861004000000128,0.0608098250002069
889,14.816667,0,789.3,845.67,-3.9431798092158608,0.0,-44.94135905786784,-0.0506559286018969,1.3861189000899965,0.0611060366934724
890,14.833333,0,788.79,847.41,-3.9431798092158608,0.0,-44.94135905786784,-0.0505860233982007,1.3861233999099971,0.0610907103065489
891,14.85,0,788.37,847.57,-3.9431798092158608,0.0,-44.94135905786784,-0.0504836600000357,1.3861361999999957,0.0609493500000493
892,14.866667,0,787.51,847.93,-3.9431798092158608,-2.220446049250313e-16,-44.94135905786784,-0.0503716677442531,1.3861660008099952,0.0607584488984839
893,14.883333,0,786.12,844.47,-3.9431798092158608,2.220446049250313e-16,-44.94135905786784,-0.0502588842557468,1.3862064991900047,0.0605533801015161
894,14.9,0,785.46,842.7,-3.9431798092158608,0.0,-44.94135905786784,-0.0501451340001168,1.3862609000001067,0.0603679100000602
895,14.916667,0,784.28,844.07,-3.9431798092158608,0.0,-45.00761088146551,-0.0504798011840344,1.3865665037141082,0.0605402851233835
896,14.933333,0,783.31,844.4,-3.9431798092158608,0.0,-45.051812903364805,-0.0505389988160482,1.386752196286151,0.060546453876625
897,14.95,0,781.73,846.11,-3.9431798092158608,0.0,-45.06180664379962,-0.0505020770000257,1.3869089999998905,0.0605193500000189
898,14.966667,0,781.6,848.64,-3.9431798092158608,0.0,-45.06180664379962,-0.0504303703477984,1.3870578030419292,0.060484993096541
899,14.983333,0,779.81,846.13,-3.9431798092158608,0.0,-45.06180664379962,-0.0503477616522592,1.3872098969579645,0.0604398209034905
900,15.0,0,778.47,845.37,-3.9431798092158608,-2.220446049250313e-16,-45.06180664379962,-0.05026883,1.3873732,0.06038029
901,15.016667,0,774.93,844.95,-3.9431798092158608,0.0,-45.08095272957567,-0.0506772422567262,1.3874649030660355,0.0610719181193279
902,15.033333,0,774.78,844.73,-3.9431798092158608,0.0,-45.08114407792172,-0.0507900727433525,1.3876181969340713,0.0612778738808159
903,15.05,0,774.6,845.06,-3.9431798092158608,0.0,-45.09858582648694,-0.0508004279999867,1.3877918000001264,0.0613501200000329
904,15.066667,0,774.47,844.59,-3.9431798092158608,0.0,-45.11285765919527,-0.0507813995385188,1.3879727036958494,0.0613972208149668
905,15.083333,0,775.15,843.4,-3.9431798092158608,0.0,-45.14124811753846,-0.0507583254615134,1.3881574963038923,0.0614379691849762
906,15.1,0,775.83,843.72,-3.9431798092158608,0.0,-45.226023564423365,-0.050740995000006,1.388352199999932,0.0614673459999897
907,15.116667,0,775.08,844.69,-3.9431798092158608,0.0,-45.226023564423365,-0.0508843371692731,1.3882018011119936,0.0615383200325998
908,15.133333,0,774.52,844.45,-3.9065589270583994,0.0,-45.226023564423365,-0.0509427988307268,1.3882573988880065,0.0615399499674001
909,15.15,0,772.78,845.55,-3.894160474993063,0.0,-45.14124811753846,-0.050979630000014,1.3883622000000404,0.0615179279999904
910,15.166667,0,771.62,847.52,-3.8929347907245577,0.0,-45.11285765919527,-0.0510198708429845,1.3884777022120642,0.0614906194726646
911,15.183333,0,770.2,850.25,-3.891077968361303,0.0,-45.09858582648694,-0.0510620171570743,1.3885882977880903,0.0614642545272985
912,15.2,0,769.38,850.0,-3.8794476517640537,0.0,-45.08114407792172,-0.0511032939999711,1.3886923999999274,0.0614262400000265
913,15.216667,0,768.58,848.26,-3.8794476517640537,0.0,-45.08095272957567,-0.0513746095984795,1.3882985984240366,0.0615696801020576
914,15.233333,0,768.07,848.51,-3.8794476517640537,0.0,-45.00761088146551,-0.0515045314014297,1.3882198015760183,0.0615747828979388
915,15.25,0,768.41,847.91,-3.8794476517640537,0.0,-45.00761088146551,-0.05159431,1.3882436,0.061524626
916,15.266667,0,767.2,848.81,-3.8794476517640537,0.0,-45.00756976470873,-0.0516772516866596,1.388296101032012,0.0614484579321159
917,15.283333,0,766.88,849.39,-3.8794476517640537,0.0,-45.00756976470873,-0.0517615803133992,1.388347698968024,0.0613450690678118
918,15.3,0,765.96,851.02,-3.876672490628804,0.0,-45.006085407647504,-0.0518497080000347,1.3883892999996883,0.0612167099999206
919,15.316667,0,765.3,852.19,-3.876618106235296,0.0,-44.98751515783112,-0.0518994648750036,1.3879432971881147,0.0611030773529078
920,15.333333,0,763.77,853.62,-3.873666531747016,0.0,-44.9518515234784,-0.0519932151248654,1.3878027028120818,0.060970722647277
921,15.35,0,763.31,851.56,-3.87356550449586,0.0,-44.94135905786784,-0.0520978049999634,1.3877494000000186,0.0608347240000474
922,15.366667,0,762.6,850.89,-3.8717441646274087,0.0,-44.86323210659514,-0.0521984418894489,1.3877219997580013,0.0607058125256744
923,15.383333,0,760.91,849.4,-3.867880499241823,0.0,-44.71749809390973,-0.052292911110551,1.3877099002419986,0.0605821004743255
924,15.4,0,760.08,846.0,-3.848510061263193,0.0,-44.66604234671666,-0.0523774029999682,1.3877043999999277,0.0604615469999664
925,15.416667,0,759.33,843.55,-3.848510061263193,0.0,-44.66604234671666,-0.0522866104773738,1.3874967984939564,0.060365603973821
926,15.433333,0,757.49,840.36,-3.848510061263193,0.0,-44.66604234671666,-0.0523104775226594,1.3874215015059388,0.0602643020260374
927,15.45,0,755.84,839.54,-3.848510061263193,0.0,-44.66604234671666,-0.0523811879999506,1.3873817000000277,0.0601317250000926
928,15.466667,0,753.92,840.62,-3.848510061263193,0.0,-44.66604234671666,-0.0524779121799492,1.3873491993020164,0.0599660563712245
929,15.483333,0,751.51,840.85,-3.848510061263193,0.0,-44.66604234671666,-0.0525869078199746,1.387314300698008,0.0597846206289022
930,15.5,0,749.03,839.89,-3.848510061263193,0.0,-44.66604234671666,-0.052703537,1.3872759,0.05960672
931,15.516667,0,749.04,840.73,-3.848510061263193,0.0,-44.66604234671666,-0.0527869592131457,1.387065897515971,0.0594455670753659
932,15.533333,0,747.49,839.6,-3.848510061263193,0.0,-44.66604234671666,-0.0528976107869315,1.386941702483942,0.0592993429245319
933,15.55,0,745.91,837.81,-3.848510061263193,0.0,-44.66604234671666,-0.053014055000082,1.3868262999999164,0.0591520559998903
934,15.566667,0,744.31,836.55,-3.848510061263193,0.0,-44.66604234671666,-0.0531314854972382,1.3867064975900982,0.0589950235453007
935,15.583333,0,743.24,833.13,-3.848510061263193,0.0,-44.66604234671666,-0.0532563475025873,1.3865860024100702,0.0588222884549405
936,15.6,0,740.45,831.43,-3.848510061263193,0.0,-44.66604234671666,-0.0533915899999527,1.3864678000000412,0.058644775000062
937,15.616667,0,738.31,831.14,-3.848510061263193,0.0,-44.66604234671666,-0.053458912216907,1.386346597918012,0.0587468770907453
938,15.633333,0,737.53,829.76,-3.848510061263193,0.0,-44.71749809390973,-0.0535697537830929,1.386242502081988,0.0587014159092547
939,15.65,0,736.59,828.55,-3.848510061263193,0.0,-44.7191798727361,-0.0536825200000325,1.386154199999973,0.0586011819999628
940,15.666667,0,737.28,828.05,-3.848510061263193,0.0,-44.72839585487242,-0.053775837477923,1.38607649862996,0.0584948529510403
941,15.683333,0,737.48,828.35,-3.848510061263193,-2.220446049250313e-16,-44.86323210659514,-0.0538497285221802,1.386008001369944,0.0583924120488165
942,15.7,0,736.62,827.5,-3.848510061263193,0.0,-44.9518515234784,-0.0539129379999558,1.3859448000000445,0.0582922600000699
943,15.716667,0,736.68,827.79,-3.848510061263193,0.0,-44.98751515783112,-0.0542063884981218,1.3860480996460085,0.0581117508484701
944,15.733333,0,737.04,829.53,-3.8618576611571904,0.0,-45.006085407647504,-0.0543312925017909,1.3860304003540045,0.058004176151605
945,15.75,0,735.49,826.1,-3.8621231983007314,0.0,-45.00756976470873,-0.054406747,1.3859742,0.05790372
946,15.766667,0,733.99,826.24,-3.867880499241823,0.0,-45.00761088146551,-0.0544746164184565,1.385914998975988,0.0578016953851412
947,15.783333,0,734.05,828.38,-3.8717441646274087,0.0,-45.0234896847759,-0.054545535581593,1.3858638010239763,0.0577209566148023
948,15.8,0,732.1,827.25,-3.87356550449586,0.0,-45.09858582648694,-0.0546181800000589,1.3858267999998926,0.0576787550002228
949,15.816667,0,729.64,828.33,-3.873666531747016,0.0,-45.11285765919527,-0.0547025658779442,1.3856727989900413,0.0579977776230723
950,15.833333,0,729.52,827.51,-3.876618106235296,0.0,-45.14124811753846,-0.0547464631219944,1.3856223010100297,0.0581789313766745
951,15.85,0,730.33,827.48,-3.876672490628804,0.0,-45.226023564423365,-0.0547742249999903,1.3856087000000046,0.0583410369999433
952,15.866667,0,730.95,827.43,-3.8794476517640537,0.0,-45.25005199650576,-0.0547976346495162,1.3856019998760007,0.0585060929785826
953,15.883333,0,730.95,828.72,-3.882056786264861,0.0,-45.25734356477315,-0.0548301093504837,1.3855958001239992,0.0586550170214173
954,15.9,0,730.66,831.57,-3.8840414555708542,0.0,-45.25734356477315,-0.0548803959999373,1.3855903999998145,0.0587673670001932
955,15.916667,0,729.87,830.27,-3.8840414555708542,0.0,-45.25734356477315,-0.054700903417783,1.3850589962318904,0.0593207851090487
956,15.933333,0,729.43,828.92,-3.8840414555708542,0.0,-45.25734356477315,-0.0546717945821762,1.3848706037678464,0.0595762198913081
957,15.95,0,728.63,828.89,-3.8840414555708542,0.0,-45.25734356477315,-0.054696134999983,1.3847787000000642,0.0597506349998781
958,15.966667,0,728.15,826.57,-3.8840414555708542,0.0,-45.25734356477315,-0.0547463233163293,1.3847090988540267,0.0599094403023231
959,15.983333,0,728.14,826.34,-3.8840414555708542,0.0,-45.25734356477315,-0.0548121386836246,1.3846518011460134,0.0600745536975615
960,16.0,0,728.72,821.88,-3.8840414555708542,0.0,-45.25734356477315,-0.05488865,1.3846017,0.060260806
961,16.016667,0,728.43,823.75,-3.8840414555708542,0.0,-45.25734356477315,-0.0540299033313456,1.384348598027977,0.0607731885117042
962,16.033333,0,728.37,825.55,-3.8840414555708542,0.0,-45.25734356477315,-0.0537964826684913,1.384250001971954,0.0610487594884883
963,16.05,0,728.57,829.66,-3.8840414555708542,0.0,-45.25734356477315,-0.0537694400000352,1.3841952999999687,0.061221454000096
964,16.066667,0,729.02,831.06,-3.8840414555708542,0.0,-45.25734356477315,-0.0538199417230897,1.3841504992340312,0.061358994599394
965,16.083333,0,727.58,829.19,-3.8840414555708542,0.0,-45.25734356477315,-0.0539060962767898,1.3841122007660225,0.0614889644004243
966,16.1,0,727.98,826.19,-3.8840414555708542,0.0,-45.25734356477315,-0.0540123299999629,1.384063200000017,0.0616280469999514
967,16.116667,0,728.03,824.12,-3.8825865488774776,0.0,-45.25734356477315,-0.0543103932661809,1.3832375933880383,0.061894975766838
968,16.133333,0,728.66,826.28,-3.882056786264861,0.0,-45.25005199650576,-0.054473696733819,1.3829070066119615,0.0620833112331619
969,16.15,0,728.39,824.1,-3.880666595837464,0.0,-45.226023564423365,-0.0545971430000406,1.3827316999999584,0.0622425700000575
970,16.166667,0,728.01,822.56,-3.8794476517640537,0.0,-45.14124811753846,-0.0547135493955897,1.382612498213948,0.0624074181782925
971,16.183333,0,726.89,823.19,-3.876672490628804,0.0,-45.11285765919527,-0.0548333206045776,1.3825232017859272,0.0625663218219295
972,16.2,0,727.54,821.71,-3.876618106235296,0.0,-45.09858582648694,-0.0549586599999124,1.3824478000000526,0.0627281399998869
973,16.216667,0,726.59,822.99,-3.876618106235296,0.0,-45.09858582648694,-0.0553198641069643,1.3820011962920862,0.0636036175904233
974,16.233333,0,726.4,819.16,-3.876618106235296,0.0,-45.09858582648694,-0.0555252088928921,1.3818158037080432,0.0639831324093115
975,16.25,0,725.79,820.95,-3.876618106235296,0.0,-45.09858582648694,-0.055682406,1.3817096,0.064204134
976,16.266667,0,725.08,820.73,-3.876618106235296,0.0,-45.09858582648694,-0.0558089480954444,1.381614898027977,0.0643677025494297
977,16.283333,0,723.47,818.15,-3.876618106235296,0.0,-45.09858582648694,-0.0559137149046287,1.381516301971954,0.0644951674506593
978,16.3,0,722.08,817.04,-3.876618106235296,0.0,-45.09858582648694,-0.0560022300000018,1.381423600000131,0.0646217600003411
979,16.316667,0,721.83,817.33,-3.876618106235296,0.0,-45.09858582648694,-0.0560049406718926,1.3816112007039714,0.0651100698047042
980,16.333333,0,722.08,818.88,-3.876618106235296,0.0,-45.09858582648694,-0.0560385353280604,1.3816463992959795,0.0653503051949601
981,16.35,0,721.42,818.24,-3.876618106235296,0.0,-45.09858582648694,-0.0560811869999851,1.381638300000003,0.0655243399999392
982,16.366667,0,720.72,817.88,-3.876618106235296,0.0,-45.09858582648694,-0.0561232277498556,1.3816220997320017,0.065704614109376
983,16.383333,0,720.07,817.51,-3.876618106235296,0.0,-45.09858582648694,-0.0561607192501443,1.3816087002679984,0.0659100758906239
984,16.4,0,719.34,817.74,-3.876618106235296,0.0,-45.06805519863887,-0.0561875480000263,1.3816137000001132,0.066128900000095
985,16.416667,0,718.82,817.38,-3.876618106235296,0.0,-45.05049549808284,-0.056263033072202,1.381938003228094,0.0664011747032168
986,16.433333,0,717.76,818.31,-3.876618106235296,0.0,-45.0234896847759,-0.0562666429278029,1.3820993967721316,0.0666363192971116
987,16.45,0,717.38,819.39,-3.876618106235296,0.0,-45.0234896847759,-0.0562490520000122,1.3822192999999163,0.0668773899998316
988,16.466667,0,718.14,818.97,-3.876618106235296,0.0,-45.00756976470873,-0.0562267334420329,1.3823277018679565,0.0671400952341581
989,16.483333,0,718.0,819.38,-3.876618106235296,0.0,-45.006085407647504,-0.0561988355579865,1.3824210981319782,0.067401798765659
990,16.5,0,718.15,819.86,-3.873666531747016,0.0,-44.99518386034962,-0.056155622,1.3824906,0.067651816
991,16.516667,0,718.57,820.42,-3.87356550449586,0.0,-44.98751515783112,-0.0560646227613055,1.3828069022940268,0.0669504878013744
992,16.533333,0,716.91,822.7,-3.8717441646274087,0.0,-44.9722838665069,-0.0560026912386511,1.3829215977060534,0.0668405621985488
993,16.55,0,715.28,823.56,-3.867880499241823,0.0,-44.9518515234784,-0.0559591699999769,1.3829641000000097,0.0668971400000702
994,16.566667,0,713.73,823.23,-3.8621231983007314,0.0,-44.91432080302681,-0.0559261325126798,1.382978200073997,0.0669977763884226
995,16.583333,0,714.08,821.15,-3.8621231983007314,0.0,-44.91432080302681,-0.0559017664873541,1.382981899925998,0.0671171976114104
996,16.6,0,711.72,819.41,-3.8621231983007314,0.0,-44.91432080302681,-0.0558795400000077,1.3829829999999996,0.0672637599999488
997,16.616667,0,711.54,818.52,-3.8621231983007314,0.0,-44.91432080302681,-0.0559649897384015,1.382878698970006,0.0675041487436782
998,16.633333,0,711.14,820.92,-3.8621231983007314,0.0,-44.91432080302681,-0.0559519102615984,1.382827201029994,0.0676913262563218
999,16.65,0,711.2,819.2,-3.8621231983007314,0.0,-44.91432080302681,-0.0559041699999828,1.3827968999999944,0.0678575260000461
1000,16.666667,0,709.47,817.55,-3.8621231983007314,0.0,-44.91432080302681,-0.0558551543234003,1.382780999971999,0.0679896573070671
1001,16.683333,0,707.79,817.95,-3.8621231983007314,0.0,-44.91432080302681,-0.0558213266765524,1.382779600027999,0.068105002693094
1002,16.7,0,706.54,817.16,-3.8621231983007314,0.0,-44.91432080302681,-0.0558019580000135,1.3827974999999877,0.0681993299999341
1003,16.716667,0,704.85,815.28,-3.8621231983007314,0.0,-44.91432080302681,-0.0562243928845328,1.3826644000099997,0.0681046554380898
1004,16.733333,0,702.15,815.56,-3.8621231983007314,0.0,-44.91432080302681,-0.0563686171153664,1.3826648999899998,0.0681265595618949
1005,16.75,0,700.97,814.93,-3.8621231983007314,0.0,-44.91432080302681,-0.05642304,1.3827145,0.068215914
1006,16.766667,0,700.36,815.05,-3.8621231983007314,0.0,-44.91432080302681,-0.0564460501478817,1.3827791011640136,0.0683583870845559
1007,16.783333,0,700.15,815.49,-3.8621231983007314,0.0,-44.91432080302681,-0.0564534438521234,1.3828372988360271,0.0685126069155518
1008,16.8,0,699.78,815.57,-3.8621231983007314,0.0,-44.91432080302681,-0.0564473119999272,1.3828793000001034,0.0686564999994166
1009,16.816667,0,698.21,814.97,-3.8621231983007314,0.0,-44.91432080302681,-0.0563431973091281,1.3830274013539448,0.0678214149644051
1010,16.833333,0,698.54,814.68,-3.8621231983007314,0.0,-44.91432080302681,-0.0563086536909201,1.3830950986459607,0.0675696350359465
1011,16.85,0,698.72,814.64,-3.8621231983007314,0.0,-44.91432080302681,-0.0562964980000042,1.3831424999999833,0.0674861200000291
1012,16.866667,0,698.58,813.86,-3.8621231983007314,0.0,-44.91432080302681,-0.0562902499088805,1.3831799004819971,0.0674225187292074
1013,16.883333,0,698.95,814.45,-3.8621231983007314,0.0,-44.91432080302681,-0.0562856940911194,1.383203999518003,0.0673589812707926
1014,16.9,0,698.88,814.29,-3.8621231983007314,0.0,-44.91432080302681,-0.0562782320000351,1.3832021999999151,0.0673052900001102
1015,16.916667,0,698.7,814.1,-3.8621231983007314,0.0,-44.91432080302681,-0.0563789001821253,1.3829599974459257,0.0676208814564423
1016,16.933333,0,700.14,811.83,-3.8621231983007314,0.0,-44.89643919879462,-0.0563880058178874,1.382832302553896,0.0676936985436593
1017,16.95,0,699.93,811.74,-3.8621231983007314,0.0,-44.72839585487242,-0.0563552530000228,1.3827340000000683,0.0677109959999879
1018,16.966667,0,697.91,812.41,-3.8621231983007314,0.0,-44.72839585487242,-0.0562964025142545,1.382640398330039,0.0677082297360061
1019,16.983333,0,696.85,811.55,-3.8621231983007314,0.0,-44.72839585487242,-0.0562221164857973,1.3825569016700194,0.067695030264003
1020,17.0,0,696.07,813.29,-3.8621231983007314,0.0,-44.72839585487242,-0.056148104,1.3824894,0.06767172
1021,17.016667,0,693.74,811.77,-3.8621231983007314,0.0,-44.72839585487242,-0.056029318717885,1.382345298873987,0.0679372806330073
1022,17.033333,0,693.83,811.23,-3.8618576611571904,0.0,-44.72839585487242,-0.0559652162820701,1.382289001125974,0.0679689293670147
1023,17.05,0,693.71,811.29,-3.857583362305024,0.0,-44.72839585487242,-0.0559203029999589,1.3822684999999992,0.0679359959999804
1024,17.066667,0,693.5,813.35,-3.848510061263193,0.0,-44.72839585487242,-0.0558615900316402,1.3822674000619974,0.0679080041157152
1025,17.083333,0,693.43,812.32,-3.840810201877252,0.0,-44.72839585487242,-0.0557631719684972,1.3822704999379982,0.0679137898842766
1026,17.1,0,693.56,812.02,-3.83547970445897,0.0,-44.72839585487242,-0.0556202750000498,1.3822735999999989,0.067947923999988
1027,17.116667,0,693.21,813.08,-3.83547970445897,0.0,-44.72839585487242,-0.0556845778191126,1.3822665001719991,0.0684538137095784
1028,17.133333,0,691.87,811.84,-3.83547970445897,0.0,-44.72839585487242,-0.0555755371808873,1.382275099828001,0.0686392862904216
1029,17.15,0,691.61,811.05,-3.83547970445897,0.0,-44.72839585487242,-0.0554164949999441,1.3822894000000066,0.06869938
1030,17.166667,0,691.89,812.76,-3.840810201877252,0.0,-44.8779550499192,-0.0552566471362166,1.3823084003980115,0.0686993745486868
1031,17.183333,0,690.85,813.25,-3.848510061263193,0.0,-44.879043760030726,-0.0551134678635833,1.382328299602016,0.0686768104512816
1032,17.2,0,691.73,809.74,-3.857583362305024,0.0,-44.89643919879462,-0.0549897550000864,1.3823490999999857,0.0686505800000183
1033,17.216667,0,692.26,809.95,-3.8618576611571904,0.0,-44.91432080302681,-0.0552503609586776,1.3823955005039883,0.0686772900069998
1034,17.233333,0,691.54,815.31,-3.8618576611571904,0.0,-44.9722838665069,-0.0552982940412888,1.382420699495994,0.0686776399929999
1035,17.25,0,692.68,816.32,-3.8618576611571904,0.0,-44.98751515783112,-0.055283014,1.3824235,0.06865484
1036,17.266667,0,693.33,816.2,-3.8618576611571904,0.0,-44.98751515783112,-0.0552531064343534,1.3824119996699962,0.0686102684383818
1037,17.283333,0,693.72,813.81,-3.8618576611571904,0.0,-44.99518386034962,-0.0552248255656268,1.3823955003299924,0.0685321915615636
1038,17.3,0,690.97,811.11,-3.8618576611571904,0.0,-44.99518386034962,-0.0552007199999772,1.3823791999999862,0.0684315699999297
1039,17.316667,0,690.96,810.33,-3.8621231983007314,0.0,-45.05049549808284,-0.0551681696654113,1.382359600807967,0.068330977814409
1040,17.333333,0,690.67,810.22,-3.880666595837464,0.0,-45.06805519863887,-0.0553014403344024,1.3823999991919766,0.0682216981857436
1041,17.35,0,689.64,810.31,-3.8825865488774776,0.0,-45.16989475605381,-0.0552931130000029,1.3823959000000012,0.0681124000000381
1042,17.366667,0,691.01,808.77,-3.8860751888053215,0.0,-45.20137946795276,-0.0552291481866105,1.3823769994980029,0.0680055579039122
1043,17.383333,0,691.37,808.07,-3.887699490565716,0.0,-45.21218951995685,-0.0551384818133894,1.382351900501997,0.0679007570960878
1044,17.4,0,690.2,807.2,-3.888131746276685,0.0,-45.2320275853501,-0.0550345930000757,1.3823230999999725,0.0677622700000225
1045,17.416667,0,689.53,805.97,-3.8947638264640023,0.0,-45.25005199650576,-0.0552514648181038,1.3822438991739758,0.0678266977045332
1046,17.433333,0,688.9,807.38,-3.8967572442416074,0.0,-45.33034893062356,-0.0552923671819533,1.3822026008259665,0.0677119322953064
1047,17.45,0,686.87,807.41,-3.8972825674304064,0.0,-45.50343571857998,-0.0552914140000006,1.3821732000000204,0.0675333100001247
1048,17.466667,0,686.7,806.53,-3.8972825674304064,0.0,-45.52561273071306,-0.0552749193204958,1.382135898884026,0.067332039918415
1049,17.483333,0,688.73,805.27,-3.8972825674304064,0.0,-45.52561273071306,-0.0552409446795279,1.382080101116013,0.0671279640817275
1050,17.5,0,689.05,806.08,-3.8972825674304064,0.0,-45.52561273071306,-0.055194765,1.3820127,0.06691365
1051,17.516667,0,689.65,803.94,-3.8972825674304064,0.0,-45.50343571857998,-0.055176171661076,1.3819026984219815,0.0669502369328442
1052,17.533333,0,690.22,801.36,-3.8972825674304064,0.0,-45.41167526658831,-0.0551592263389121,1.3818238015779634,0.0667968870670486
1053,17.55,0,690.18,800.18,-3.8972825674304064,0.0,-45.41167526658831,-0.055153355000002,1.3817626999999637,0.0665895399998449
1054,17.566667,0,689.76,803.9,-3.8972825674304064,0.0,-45.41167526658831,-0.0551562462401902,1.381710498970042,0.0663674953899878
1055,17.583333,0,689.11,799.25,-3.8972825674304064,0.0,-45.41167526658831,-0.055168255759793,1.38165900103003,0.0661369946103341
1056,17.6,0,687.5,798.62,-3.8972825674304064,0.0,-45.41167526658831,-0.0551818999999952,1.3816237000000124,0.0659110500000789
1057,17.616667,0,686.42,799.6,-3.8972825674304064,0.0,-45.38500979206503,-0.0551533543951035,1.3816524002239985,0.066117389826721
1058,17.633333,0,686.37,799.92,-3.8972825674304064,0.0,-45.33034893062356,-0.0551231106048964,1.3816635997760014,0.066108726173279
1059,17.65,0,687.19,801.32,-3.8972825674304064,-2.220446049250313e-16,-45.2320275853501,-0.055070279999974,1.3816789000000091,0.0660511999999757
1060,17.666667,0,686.77,797.11,-3.8972825674304064,0.0,-45.21218951995685,-0.0549959283845529,1.3817049007180209,0.065981688214948
1061,17.683333,0,686.97,797.37,-3.8972825674304064,0.0,-45.20137946795276,-0.0549151616153341,1.3817407992820292,0.0658924417849272
1062,17.7,0,686.46,794.77,-3.8972825674304064,0.0,-45.16989475605381,-0.0548379940000539,1.381773399999977,0.0657690500000861
1063,17.716667,0,685.86,795.42,-3.8972825674304064,0.0,-45.06805519863887,-0.0545353271783656,1.3817781001559963,0.0657168174858585
1064,17.733333,0,684.89,796.5,-3.8972825674304064,0.0,-45.05049549808284,-0.0543942478217328,1.381785899843998,0.0655911125142292
1065,17.75,0,684.62,795.58,-3.8972825674304064,0.0,-44.99518386034962,-0.054299537,1.3817812,0.06541594
1066,17.766667,0,682.3,795.33,-3.8972825674304064,0.0,-44.9722838665069,-0.0542126951900389,1.381758599477994,0.0652084653815462
1067,17.783333,0,682.12,791.22,-3.8972825674304064,0.0,-44.91432080302681,-0.0541222018098978,1.3817325005219878,0.0649775546182924
1068,17.8,0,679.36,791.05,-3.8967572442416074,0.0,-44.89643919879462,-0.0540390399997445,1.3817223000000165,0.0647466999997595
1069,17.816667,0,678.63,791.7,-3.8947638264640023,0.0,-44.879043760030726,-0.0536733092088737,1.3817459017319296,0.0644024419346456
1070,17.833333,0,677.09,793.58,-3.894140595322477,0.0,-44.8779550499192,-0.0535337527913212,1.3818324982679495,0.0641991740656383
1071,17.85,0,674.56,794.03,-3.888131746276685,0.0,-44.86468447210477,-0.0534744400000207,1.3819844999999469,0.0640572900000495
1072,17.866667,0,671.83,798.42,-3.887699490565716,0.0,-44.84262787843407,-0.0534391243616437,1.3821993050399706,0.0639343973385355
1073,17.883333,0,668.59,796.97,-3.8860751888053215,0.0,-44.62810149454778,-0.0534072076383562,1.3824512949600294,0.0638013286614645
1074,17.9,0,666.47,800.08,-3.8825865488774776,0.0,-44.51165262114687,-0.0533716049999956,1.3827229000000618,0.0636827099999644
1075,17.916667,0,666.82,797.57,-3.8825865488774776,0.0,-44.461506924328496,-0.0533592239726701,1.3828998040961191,0.063580849381702
1076,17.933333,0,664.21,795.23,-3.8860751888053215,0.0,-44.461506924328496,-0.0533078610272581,1.383104595904167,0.0635499366182548
1077,17.95,0,661.78,795.9,-3.887699490565716,0.0,-44.51165262114687,-0.0532145650000651,1.3832823999998758,0.063534180000011
1078,17.966667,0,660.44,794.8,-3.888131746276685,0.0,-44.5629421432489,-0.053084827164266,1.3834238024559429,0.0635139339426246
1079,17.983333,0,658.32,794.97,-3.894140595322477,0.0,-44.62810149454778,-0.052943042835833,1.3835465975439714,0.0634610660574123
1080,18.0,0,656.24,796.26,-3.8947638264640023,0.0,-44.84262787843407,-0.05281312,1.3836557,0.06335759
1081,18.016667,0,655.29,795.03,-3.8967572442416074,0.0,-44.86468447210477,-0.052238144769139,1.3836689007280083,0.0624030853588592
1082,18.033333,0,654.01,795.78,-3.8972825674304064,0.0,-44.8779550499192,-0.0519766152306781,1.383705299272017,0.0619710506408387
1083,18.05,0,652.41,793.74,-3.8981574626653166,0.0,-44.879043760030726,-0.0518165099999132,1.3837438000000233,0.061709861999876
1084,18.066667,0,652.28,793.61,-3.900451598726194,0.0,-44.89643919879462,-0.0516922897992496,1.3837773008239664,0.0615324913937462
1085,18.083333,0,652.13,795.69,-3.904289447130463,0.0,-44.91432080302681,-0.051582252200904,1.383818499175976,0.0614021786064358
1086,18.1,0,652.74,795.2,-3.9045309023991255,0.0,-44.9722838665069,-0.0514852000000338,1.383860799999985,0.0613061970000335
1087,18.116667,0,652.12,796.16,-3.9045309023991255,0.0,-44.9722838665069,-0.0514810678286409,1.3836093988520068,0.0610412450923711
1088,18.133333,0,651.2,797.74,-3.9045309023991255,0.0,-44.9722838665069,-0.051472500171359,1.3835520011479931,0.0609458669076289
1089,18.15,0,651.75,798.24,-3.9045309023991255,0.0,-44.9722838665069,-0.0514760050000057,1.3835554000000068,0.0609015199999907
1090,18.166667,0,651.49,798.85,-3.9045309023991255,0.0,-44.9722838665069,-0.0514923867471617,1.3835742001900055,0.0608749493319805
1091,18.183333,0,652.11,798.26,-3.9045309023991255,0.0,-44.9722838665069,-0.0515297422528904,1.3835836998100075,0.0608415506679727
1092,18.2,0,652.69,795.78,-3.9045309023991255,0.0,-44.9722838665069,-0.0515902939999577,1.3835924999999938,0.0607745700000467
1093,18.216667,0,652.69,797.21,-3.9045309023991255,0.0,-44.9722838665069,-0.0518246032942633,1.383333198584033,0.060647457979927
1094,18.233333,0,653.42,796.83,-3.9045309023991255,0.0,-44.91432080302681,-0.0519893137056216,1.3832624014160164,0.0605464560201435
1095,18.25,0,652.95,796.47,-3.9045309023991255,0.0,-44.89643919879462,-0.052144445,1.383253,0.060473796
1096,18.266667,0,653.98,796.53,-3.904289447130463,0.0,-44.879043760030726,-0.0523073634757405,1.3832599001540018,0.0604326539129789
1097,18.283333,0,653.69,796.85,-3.900451598726194,0.0,-44.8779550499192,-0.0524811415243809,1.3832675998460036,0.0604283030870179
1098,18.3,0,654.22,796.17,-3.8981574626653166,0.0,-44.86468447210477,-0.0526636020002871,1.383261399999741,0.0604584850002771
1099,18.316667,0,655.52,795.0,-3.8972825674304064,0.0,-44.84262787843407,-0.0530746333126235,1.3828904970901186,0.0608552470927732
1100,18.333333,0,656.06,796.77,-3.8967572442416074,0.0,-44.77160267401933,-0.0533402646870053,1.3827450029100845,0.0610598859069408
1101,18.35,0,655.8,794.2,-3.894140595322477,0.0,-44.77160267401933,-0.0535621159999225,1.3826687000000266,0.0611875839999554
1102,18.366667,0,655.19,793.45,-3.887699490565716,0.0,-44.76161606764423,-0.0537740043181748,1.3826169992300044,0.0612702339129946
1103,18.383333,0,654.75,792.49,-3.8860751888053215,0.0,-44.645081005352,-0.053989905681825,1.3825785007699956,0.0613158820870053
1104,18.4,0,654.56,792.31,-3.881236111220379,0.0,-44.62697532005876,-0.0542105919999484,1.3825543999999723,0.0613532329999221
1105,18.416667,0,654.03,793.62,-3.880767344140304,0.0,-44.61093355101068,-0.0540629316924492,1.3824756990899736,0.0611301392027767
1106,18.433333,0,655.44,794.31,-3.873895116889152,0.0,-44.60866980896646,-0.0541475483076689,1.382430200909963,0.0610902807971675
1107,18.45,0,657.28,793.88,-3.867138058116514,0.0,-44.60377627334992,-0.0542961059998962,1.3823812000000342,0.0611228829999772
1108,18.466667,0,658.89,792.95,-3.857583362305024,0.0,-44.5629421432489,-0.0544553502141851,1.382310498234041,0.0611728107129834
1109,18.483333,0,658.65,791.88,-3.85730241401399,0.0,-44.55467920957202,-0.0546160567857025,1.3822222017660204,0.0612084592869917
1110,18.5,0,658.05,793.71,-3.846322631260183,0.0,-44.54474687761714,-0.054782677,1.382124,0.0612449
1111,18.516667,0,656.41,790.12,-3.845918886984914,0.0,-44.54474687761714,-0.0548764828425131,1.3820286982259793,0.060968699576675
1112,18.533333,0,657.49,791.66,-3.845918886984914,0.0,-44.54474687761714,-0.0550186011575862,1.3819400017739587,0.0609475344233101
1113,18.55,0,657.66,792.84,-3.845918886984914,0.0,-44.54474687761714,-0.0551796800001176,1.3818680999999635,0.0610249820000807
1114,18.566667,0,658.09,790.97,-3.845918886984914,0.0,-44.54474687761714,-0.0553480573979215,1.3818158992800291,0.0611405953162856
1115,18.583333,0,659.1,790.63,-3.845918886984914,0.0,-44.54474687761714,-0.0555179536018411,1.3817799007200209,0.0612564096835525
1116,18.6,0,658.55,789.94,-3.845918886984914,0.0,-44.54474687761714,-0.0556837169999421,1.381749200000011,0.0613599749999638
1117,18.616667,0,660.65,787.84,-3.845918886984914,0.0,-44.54474687761714,-0.0557386857983095,1.381652798788007,0.0614489593899719
1118,18.633333,0,660.3,789.15,-3.845918886984914,0.0,-44.54474687761714,-0.0558285982016904,1.381592201211993,0.061518455610028
1119,18.65,0,657.91,787.65,-3.845918886984914,0.0,-44.54474687761714,-0.0559262600000353,1.3815443999999857,0.0615797380000222
1120,18.666667,0,657.16,786.84,-3.845918886984914,0.0,-44.54474687761714,-0.0560273700474995,1.3815034994619844,0.0616433154383018
1121,18.683333,0,657.17,784.54,-3.845918886984914,0.0,-44.54474687761714,-0.0561297379526434,1.3814766005379782,0.0617152255617986
1122,18.7,0,657.11,784.24,-3.845918886984914,0.0,-44.54474687761714,-0.056224144999934,1.3814604000000112,0.0617940539999449
1123,18.716667,0,656.84,784.77,-3.845918886984914,0.0,-44.54474687761714,-0.0563524490624952,1.381432199918002,0.0618703425863397
1124,18.733333,0,657.6,786.57,-3.845918886984914,0.0,-44.54474687761714,-0.0564055729374676,1.3814281000820008,0.0619996574135699
1125,18.75,0,659.18,785.2,-3.845918886984914,0.0,-44.54474687761714,-0.056422338,1.3814371,0.062171657
1126,18.766667,0,659.77,785.55,-3.845918886984914,0.0,-44.54474687761714,-0.0564240659582795,1.3814524002420028,0.0623389694592886
1127,18.783333,0,660.32,785.7,-3.845918886984914,0.0,-44.54474687761714,-0.056421980041719,1.3814644997580057,0.0624619275407972
1128,18.8,0,655.07,786.5,-3.845918886984914,0.0,-44.54474687761714,-0.0564142999998311,1.3814796000000342,0.0625747440000528
1129,18.816667,0,655.02,784.94,-3.845918886984914,0.0,-44.54474687761714,-0.0561725094926221,1.3815285007619689,0.0626504659108421
1130,18.833333,0,653.72,785.01,-3.845918886984914,0.0,-44.54474687761714,-0.0560471405075529,1.3815665992379778,0.0627460080890243
1131,18.85,0,653.69,785.16,-3.845918886984914,0.0,-44.54474687761714,-0.0559564460000316,1.3816079999999855,0.0628616899999596
1132,18.866667,0,653.02,784.61,-3.845918886984914,0.0,-44.54474687761714,-0.0558822738893064,1.3816550011099935,0.0630014791530616
1133,18.883333,0,654.64,784.44,-3.845918886984914,0.0,-44.54474687761714,-0.0558267411106935,1.3817104988900064,0.0631591268469383
1134,18.9,0,654.8,784.44,-3.845918886984914,0.0,-44.54474687761714,-0.0557904099998205,1.381772900000076,0.0633267759999417
1135,18.916667,0,655.56,785.22,-3.845918886984914,0.0,-44.54474687761714,-0.0552764363422335,1.3819903022800664,0.0631598211059121
1136,18.933333,0,653.66,785.23,-3.845918886984914,0.0,-44.54474687761714,-0.0550935606575109,1.3821042977200928,0.063215112894165
1137,18.95,0,651.56,785.47,-3.845918886984914,0.0,-44.54474687761714,-0.0550210330000506,1.3821805999999468,0.0633279899999211
1138,18.966667,0,647.14,787.99,-3.845918886984914,0.0,-44.54474687761714,-0.0549869596449282,1.3822397008639795,0.0634565826800576
1139,18.983333,0,645.09,788.42,-3.845918886984914,0.0,-44.51165262114687,-0.0549692063550841,1.38228289913599,0.0635905833198488
1140,19.0,0,644.1,789.01,-3.845918886984914,0.0,-44.48357444566671,-0.054952323,1.3823215,0.06374144
1141,19.016667,0,641.91,788.25,-3.845918886984914,0.0,-44.461506924328496,-0.0553058436001786,1.382021698627984,0.0641390746726544
1142,19.033333,0,641.9,787.14,-3.845918886984914,0.0,-44.43117831082977,-0.0553858483998772,1.381953101371968,0.0643726953275088
1143,19.05,0,642.21,786.84,-3.845918886984914,0.0,-44.428069218585456,-0.0553820729999851,1.381963100000024,0.064564260000119
1144,19.066667,0,642.2,787.0,-3.845918886984914,0.0,-44.42102112236394,-0.0553608456266952,1.3819975005339782,0.0647346480577753
1145,19.083333,0,642.09,785.45,-3.845918886984914,0.0,-44.3965147247987,-0.0553421803733308,1.3820241994659843,0.0648875369420109
1146,19.1,0,641.81,783.57,-3.845918886984914,0.0,-44.263054289507465,-0.0552396700000357,1.3817335000001014,0.0648824200000017
1147,19.116667,0,641.96,784.66,-3.845918886984914,0.0,-44.2628656797283,-0.0552190402223187,1.3816069984180093,0.0649380015194911
1148,19.133333,0,640.48,783.4,-3.834703606744272,0.0,-44.22548573522835,-0.0552301557776813,1.3815279015819908,0.0650139734805088
1149,19.15,0,640.05,783.33,-3.834192565786578,0.0,-44.11897058021778,-0.055253770000007,1.3814644999999837,0.0651200500000472
1150,19.166667,0,640.36,783.08,-3.803277423041077,0.0,-44.10562973311299,-0.0552740700986028,1.3814172993659817,0.0652553136291056
1151,19.183333,0,640.75,782.68,-3.792686984516549,0.0,-44.093019639311535,-0.055278999901404,1.3813856006339742,0.0654367563711478
1152,19.2,0,642.49,784.71,-3.7917691871300807,0.0,-44.0720643216339,-0.0552723200000046,1.381369600000011,0.0656367239998603
1153,19.216667,0,642.87,784.8,-3.768785420530103,0.0,-44.0689854242702,-0.0553164009189386,1.3811019985160349,0.0657402815973628
1154,19.233333,0,642.74,783.46,-3.766737652250668,0.0,-44.03652294013401,-0.0553623470810293,1.3810278014840174,0.0658201484025814
1155,19.25,0,642.65,784.53,-3.764267305052889,0.0,-44.01481163142918,-0.05542046,1.3810263,0.06585198
1156,19.266667,0,642.06,783.54,-3.7551653681250974,0.0,-44.01274345864709,-0.0554810910681524,1.3810554009820113,0.0658567906475075
1157,19.283333,0,640.99,784.31,-3.7549201454950913,0.0,-43.99089498511583,-0.0555344959318848,1.3811044990180228,0.065889164352515
1158,19.3,0,641.44,784.86,-3.754553918339066,0.0,-43.98908021513213,-0.0555649850000411,1.3811540000000333,0.065992384999877
1159,19.316667,0,643.07,786.44,-3.754339820721845,0.0,-43.98713659050158,-0.0556239626906726,1.381201600687972,0.0658163812481491
1160,19.333333,0,643.76,785.86,-3.754045376307225,0.0,-43.97607168483508,-0.055608496309349,1.3812359993119798,0.0658787887517636
1161,19.35,0,643.41,785.66,-3.7529958124948193,0.0,-43.95893744090236,-0.0555555820000184,1.381249699999995,0.0659913939999606
1162,19.366667,0,642.74,785.78,-3.743894632916876,0.0,-43.91558789349194,-0.055491915796147,1.3812467998520008,0.0660443795098028
1163,19.383333,0,642.43,785.1,-3.728269596433245,0.0,-43.88924436823223,-0.055431725203853,1.381239400147999,0.0660198704901971
1164,19.4,0,641.54,784.25,-3.721956655659409,0.0,-43.75484024446263,-0.0553765600000214,1.381232700000014,0.065951959999683
1165,19.416667,0,641.44,784.77,-3.721019873814741,0.0,-43.750452508906776,-0.05543809931398,1.3812728996859909,0.0650443130483976
1166,19.433333,0,641.55,784.62,-3.7203628284441264,0.0,-43.5884443863438,-0.055403800685972,1.3812572003139874,0.0646967569511167
1167,19.45,0,641.82,784.31,-3.720013923664104,0.0,-43.57154703467314,-0.0553296600000517,1.3811951000000433,0.0645474300001043
1168,19.466667,0,642.03,782.38,-3.7170462186238833,0.0,-42.11811686751625,-0.055236978106704,1.3810959976320552,0.0644730837235297
1169,19.483333,0,642.55,781.78,-3.716987450848233,0.0,-42.11351367989083,-0.055142314893362,1.3809776023680276,0.0644092612765148
1170,19.5,0,642.14,781.96,-3.708326015765793,0.0,-41.85367168496359,-0.055060178,1.3808515,0.06432369
1171,19.516667,0,643.08,782.32,-3.6970852987800047,0.0,-41.843752883747904,-0.055318554547158,1.38066849741997,0.064484718970068
1172,19.533333,0,642.53,781.58,-3.696591899334176,0.0,-41.76411755561045,-0.055395908452896,1.3805395025799398,0.064433225029896
1173,19.55,0,642.57,781.32,-3.684757453675066,0.0,-41.73449363473093,-0.0554220400000051,1.380435099999934,0.0643157799999101
1174,19.566667,0,646.14,780.7,-3.6843668373864342,0.0,-41.718499268538864,-0.0554294137374507,1.3803405984000652,0.0641871377064934
1175,19.583333,0,647.77,779.59,-3.671560322691236,0.0,-41.616310784906325,-0.0554162862625676,1.3802606016000465,0.0640724622936667
1176,19.6,0,647.94,780.28,-3.671121573621293,0.0,-41.56620960546597,-0.0553842500000111,1.380195000000023,0.0639928650000278
1177,19.616667,0,648.69,780.58,-3.6688309664317966,-2.220446049250313e-16,-41.56283090153448,-0.0553802952890841,1.3802593003079984,0.0644280131745015
1178,19.633333,0,650.09,780.36,-3.667910451890138,0.0,-41.46427430552491,-0.0553447507109158,1.3802746996920017,0.0645867328254984
1179,19.65,0,650.94,780.3,-3.6438977015952254,0.0,-41.45771802835411,-0.0553086249999925,1.380284900000006,0.0646818800000226
1180,19.666667,0,650.48,779.62,-3.6368755790382927,0.0,-41.4449281375611,-0.0552873760728021,1.380302900656019,0.0647468059749283
1181,19.683333,0,650.36,780.83,-3.634803992735141,0.0,-41.4385151945809,-0.0552910159272029,1.3803356993440268,0.0647955490251397
1182,19.7,0,647.91,782.46,-3.634671872944002,0.0,-41.42255696142887,-0.055313791999984,1.3803772999999708,0.0648286699999768
1183,19.716667,0,649.48,781.71,-3.627365452304134,0.0,-41.40441235073332,-0.0551639930366624,1.3803518000339992,0.0651984324152437
1184,19.733333,0,650.09,781.22,-3.623503184632672,0.0,-41.38985348033211,-0.0551158269633712,1.3803534999659997,0.0653191925846718
1185,19.75,0,650.72,782.72,-3.6228620256757935,0.0,-41.35384455650442,-0.055088386,1.3803586,0.065369226
1186,19.766667,0,650.09,783.31,-3.621908093664503,0.0,-41.31647719075684,-0.0550620845304945,1.3803498993899928,0.0653946848636984
1187,19.783333,0,650.99,782.04,-3.619162942230234,0.0,-41.20168824968294,-0.055038610469489,1.380319400609986,0.0653878701362968
1188,19.8,0,651.43,781.44,-3.618941388641301,0.0,-41.18978832452257,-0.0550295900001665,1.380277500000006,0.0653473100000755
1189,19.816667,0,651.29,782.39,-3.618903141864052,0.0,-41.172151004189104,-0.0552680523599038,1.3802860993680257,0.0654554296910125
1190,19.833333,0,651.18,782.82,-3.6174933584629865,0.0,-41.14357358383917,-0.0553860476399313,1.3802545006320184,0.065439980309009
1191,19.85,0,651.35,782.66,-3.615531356094608,0.0,-41.136971304469824,-0.0554725499999698,1.3802013000000186,0.0653762440000222
1192,19.866667,0,651.86,782.71,-3.615514449844903,0.0,-41.11141038152146,-0.0555419261120935,1.380143998822007,0.0653198690233057
1193,19.883333,0,652.12,783.33,-3.6113021695073497,0.0,-41.10777492946877,-0.0555975288879064,1.380085101177993,0.0652710359766943
1194,19.9,0,653.71,784.2,-3.6110306921280535,0.0,-41.00505198167512,-0.0556441550000423,1.380029600000015,0.0652208500000759
1195,19.916667,0,654.33,783.47,-3.604056367337776,0.0,-40.91883428590399,-0.0557655663924805,1.3800723998819966,0.0654384902306067
1196,19.933333,0,654.22,783.17,-3.603658542433302,0.0,-40.91578256407215,-0.0558351856076167,1.3800665001179953,0.0654500197694094
1197,19.95,0,653.69,782.35,-3.602184925968412,0.0,-40.90104387853053,-0.0558871919999636,1.3800478000000131,0.0653807800000483
1198,19.966667,0,652.83,782.43,-3.600860300159949,0.0,-40.88653348760734,-0.0559326408407804,1.3800250995000116,0.0652844479260482
1199,19.983333,0,651.39,782.93,-3.599405577564078,0.0,-40.80774628137741,-0.0559746791591902,1.3800001005000058,0.0651807520740241
1200,20.0,0,651.0,783.53,-3.597635458782391,0.0,-40.78861925470538,-0.056012005,1.3799849,0.06508582
1201,20.016667,0,650.78,783.76,-3.597133000077391,0.0,-40.78140178288628,-0.0560440429790914,1.3799710040000468,0.065000202152325
1202,20.033333,0,650.46,783.07,-3.592120886560241,0.0,-40.6919065905292,-0.0560929950209428,1.3801709960000932,0.0651078128477501
1203,20.05,0,650.37,782.01,-3.588283287965406,0.0,-40.54649992677599,-0.0561199900000132,1.3802481000000244,0.065095049999972
1204,20.066667,0,651.2,781.57,-3.588184144222555,0.0,-40.53984770308763,-0.0561389033061275,1.380283100443982,0.0650549890826373
1205,20.083333,0,651.67,781.84,-3.5869339006566645,0.0,-40.44080577721598,-0.056154209693851,1.3803052995559872,0.0650091209174267
1206,20.1,0,652.11,781.55,-3.586263665836308,0.0,-40.43192529206724,-0.0561781699999916,1.3803296999999917,0.0649623500000163
1207,20.116667,0,651.53,781.57,-3.5806014012192646,0.0,-40.41226422573822,-0.0561890043508579,1.3805022019859885,0.0651058013366922
1208,20.133333,0,651.47,781.64,-3.579322564055825,2.220446049250313e-16,-40.38279360077052,-0.056206546649142,1.3806014980140116,0.0651726336633077
1209,20.15,0,651.09,782.08,-3.5783047996922206,0.0,-40.380828307512935,-0.0562131739999976,1.380677000000018,0.0652204400000071
1210,20.166667,0,650.52,782.28,-3.5755309952755163,0.0,-40.22602775671181,-0.0562063826884709,1.3807293009020265,0.0652409052013058
1211,20.183333,0,650.61,782.59,-3.575124854940145,0.0,-40.21155733593269,-0.0561908073115073,1.3807743990980368,0.0652509697987082
1212,20.2,0,652.44,781.78,-3.5703458507875068,0.0,-40.06765458251664,-0.0561774220000093,1.380821499999967,0.065245170000004
1213,20.216667,0,653.93,781.44,-3.570332824661298,0.0,-40.06520136649739,-0.0560098287208897,1.3807712004839887,0.0653377553920908
1214,20.233333,0,653.88,781.55,-3.570148760333613,0.0,-40.06307382903169,-0.0559458742791548,1.3807953995159945,0.0653573596078954
1215,20.25,0,652.15,780.18,-3.570069318384335,0.0,-40.05786632530609,-0.055921055,1.3808511,0.06535639
1216,20.266667,0,652.56,779.88,-3.570012062361762,-2.220446049250313e-16,-39.99316349022045,-0.0559193202296826,1.3809345020880244,0.0653545104820056
1217,20.283333,0,652.68,780.57,-3.568458830441858,0.0,-39.99067130325346,-0.0559308037703253,1.3810388979120487,0.0653786095180112
1218,20.3,0,653.52,780.7,-3.535889299466787,0.0,-39.85568870736925,-0.0559421299999673,1.3811510000000145,0.0654340460000531
1219,20.316667,0,654.03,781.1,-3.5356520520290897,0.0,-39.80135492112744,-0.0558953724019043,1.3811718011059548,0.0655101414355415
1220,20.333333,0,654.1,781.76,-3.493966064586803,0.0,-39.75125299860651,-0.0558654675981374,1.381227098893968,0.0655819185643582
1221,20.35,0,653.4,781.24,-3.4890089079736364,0.0,-39.72325625950298,-0.055833830000011,1.3812943999999765,0.0656212099999862
1222,20.366667,0,651.12,780.39,-3.4716950925003145,0.0,-39.69318523423891,-0.0558012124344232,1.381365201489991,0.0656215489846059
1223,20.383333,0,649.74,781.47,-3.446161872570806,0.0,-39.62221381523858,-0.0557729345655767,1.3814396985100088,0.0655707810153941
1224,20.4,0,647.95,782.01,-3.443178242431112,0.0,-39.61936123308152,-0.0557509249999925,1.3815150999999266,0.0654919199999673
1225,20.416667,0,645.36,780.9,-3.416723870711169,0.0,-39.589410089079934,-0.0557295976730304,1.3813045991659758,0.0653984981269454
1226,20.433333,0,645.07,780.29,-3.4156352363833022,0.0,-39.58876918223939,-0.0557132503269466,1.381262900833966,0.0653048518729236
1227,20.45,0,644.19,780.42,-3.406020783761333,0.0,-39.51113782337404,-0.0556924050000145,1.381271499999994,0.0652362200000479
1228,20.466667,0,644.95,780.1,-3.3821265165257954,0.0,-39.50652789806964,-0.0556600832036985,1.3812846999840005,0.0651842287212297
1229,20.483333,0,645.82,779.86,-3.381518165222809,0.0,-39.50135689596773,-0.0556202687963292,1.381283900016,0.0651202912788148
1230,20.5,0,645.3,779.83,-3.370494105266549,0.0,-39.48307712685735,-0.055575445,1.3812718,0.065015614
1231,20.516667,0,645.03,779.71,-3.37018413160678,0.0,-39.469656899789,-0.0557164744373251,1.381188498975988,0.0647219251083429
1232,20.533333,0,644.45,779.84,-3.37018413160678,2.220446049250313e-16,-39.46842415055821,-0.0557383395626901,1.3811373010239762,0.064477354891486
1233,20.55,0,643.99,779.83,-3.366595948148425,0.0,-39.3748829275046,-0.0557259599999887,1.381097199999972,0.0642275099998262
1234,20.566667,0,643.13,778.31,-3.3630080521949623,0.0,-39.363760413425226,-0.0557099018129276,1.3810569991320354,0.0639786888380103
1235,20.583333,0,641.65,775.86,-3.3630080521949623,0.0,-39.30677171808322,-0.0557005481870854,1.3810136008680252,0.0637205891623502
1236,20.6,0,642.08,775.63,-3.353826183439398,0.0,-39.28120774427769,-0.0556940920000022,1.3809690000000154,0.0634755900000855
1237,20.616667,0,641.53,775.38,-3.3527074698613406,0.0,-39.28120774427769,-0.0559224274154717,1.3808699989300062,0.0634855378422125
1238,20.633333,0,642.09,774.48,-3.3527074698613406,0.0,-39.28120774427769,-0.0559931985845282,1.3808165010699938,0.0633776521577874
1239,20.65,0,642.18,775.12,-3.3527074698613406,0.0,-39.28120774427769,-0.0560048799999961,1.380774999999982,0.0632415899999477
1240,20.666667,0,642.5,773.7,-3.3527074698613406,0.0,-39.28120774427769,-0.0559939367340122,1.3807231986339603,0.0630918865250988
1241,20.683333,0,643.21,773.9,-3.33950343618551,0.0,-39.0547791650142,-0.0559806382659691,1.3806549013659442,0.0629181534746584
1242,20.7,0,641.89,773.62,-3.338869398393521,2.220446049250313e-16,-39.05121975604964,-0.0559673460000092,1.3805758000000552,0.0627152500001417
1243,20.716667,0,641.62,773.56,-3.334019250915921,0.0,-38.94673229272786,-0.0561571350533554,1.3804912983820377,0.0627208572249646
1244,20.733333,0,641.25,770.68,-3.333768237122956,0.0,-38.89446765044641,-0.0562098019466077,1.3804104016180188,0.0625821077751322
1245,20.75,0,640.4,770.21,-3.3197680615313603,2.220446049250313e-16,-38.894287207281685,-0.056219526,1.3803403,0.062424984
1246,20.766667,0,640.24,771.6,-3.3187195691487683,-2.220446049250313e-16,-38.83513019311768,-0.0562191600598006,1.3802806989499876,0.0622964439243958
1247,20.783333,0,640.55,770.89,-3.300264630237478,-2.220446049250313e-16,-38.82613437440245,-0.0562221499402013,1.3802282010499751,0.0621926690755316
1248,20.8,0,640.7,771.68,-3.2770513317007035,0.0,-38.69029867459626,-0.056223724000015,1.380176099999988,0.0621136460001647
1249,20.816667,0,640.86,773.28,-3.260976216906049,0.0,-38.67653649262298,-0.0562453334557421,1.3801592992960288,0.0623495612318698
1250,20.833333,0,641.49,771.78,-3.2558486641907542,0.0,-38.43241493887325,-0.0562181205442958,1.3801241007040204,0.0624111547680441
1251,20.85,0,641.77,772.6,-3.2491178564250087,0.0,-38.38002197915637,-0.0561587900000207,1.3800861000000133,0.0624375099999908
1252,20.866667,0,642.07,772.46,-3.249092656603282,0.0,-38.36344848265539,-0.0560856685316885,1.3800557994320033,0.0624756787874354
1253,20.883333,0,641.6,774.3,-3.2403537683353973,0.0,-38.31458976210083,-0.0560122554683114,1.3800274005679969,0.0625150492125645
1254,20.9,0,640.29,774.65,-3.239134764321518,0.0,-38.29983074826742,-0.0559396219999649,1.379999500000033,0.0625355699998618
1255,20.916667,0,638.91,774.86,-3.238778423749598,0.0,-38.29286357073535,-0.0558390783039506,1.3800927004900143,0.062139943154048
1256,20.933333,0,637.57,775.46,-3.237058924799284,0.0,-38.2784367546827,-0.0557542816959308,1.38011719951002,0.0619476588456832
1257,20.95,0,636.91,775.29,-3.236977945067702,0.0,-38.16906624233865,-0.0556743740000558,1.3801223999999963,0.0617980770001044
1258,20.966667,0,635.74,775.76,-3.23321255837212,0.0,-38.13316526201332,-0.055596681323579,1.3801146995920095,0.0616695753121792
1259,20.983333,0,635.26,775.45,-3.233147746695556,-2.220446049250313e-16,-38.130294955358266,-0.0555128616764795,1.3800943004080048,0.0615851856878796
1260,21.0,0,634.72,775.36,-3.225479009999104,2.220446049250313e-16,-38.02892847177272,-0.055493407,1.3801954,0.061618615
1261,21.016667,0,633.4,775.63,-3.2126345974605344,-2.220446049250313e-16,-37.78349644599479,-0.0554311557370452,1.3801993994979942,0.061649660951331
1262,21.033333,0,631.86,776.74,-3.2109488155016104,0.0,-37.77976850702996,-0.0553680112629105,1.3801743005019882,0.0616972250487021
1263,21.05,0,629.02,776.21,-3.208452672932404,0.0,-37.5131655810062,-0.0553170029999808,1.3801416999999774,0.0617368260000117
1264,21.066667,0,627.51,776.82,-3.205173598176062,0.0,-37.49932596679358,-0.0552895668801848,1.3801091997180115,0.0617536129719603
1265,21.083333,0,626.1,777.73,-3.201259169095242,0.0,-37.42900108416234,-0.0552835761198234,1.380095100282008,0.0618022110279717
1266,21.1,0,625.33,778.11,-3.198602234590059,0.0,-37.25249597201008,-0.0552906469999975,1.3800994999999985,0.0619020349999651
1267,21.116667,0,625.64,778.03,-3.197101494350562,0.0,-37.12807735794189,-0.055459783531991,1.3802176012979923,0.0616602564178375
1268,21.133333,0,625.79,778.35,-3.191395072978888,0.0,-37.120194276655766,-0.0555363804680089,1.3802824987020077,0.0616811475821624
1269,21.15,0,626.66,777.82,-3.187829084978008,2.220446049250313e-16,-36.86129045718272,-0.055586310000018,1.3803451000000264,0.0617842560000412
1270,21.166667,0,627.18,777.9,-3.187456366590366,0.0,-36.82448209212612,-0.0556380654725028,1.3804209016740487,0.0619024990948609
1271,21.183333,0,626.56,778.85,-3.1863805131641607,0.0,-36.72094518281688,-0.0557116855276,1.3805045983260682,0.0620072349052853
1272,21.2,0,625.34,779.72,-3.1858351212241494,0.0,-36.71941050128385,-0.0558124779999295,1.3805899999999405,0.0621125959999264
1273,21.216667,0,625.08,779.9,-3.184532046147438,0.0,-36.717213677877695,-0.0395115794135416,1.3872256426510072,0.0421110123493586
1274,21.233333,0,624.84,779.87,-3.1840187932843578,0.0,-36.22689267093064,-0.0344823405899704,1.3893581573475036,0.0359285836549588
1275,21.25,0,624.02,780.32,-3.177642859362594,0.0,-36.21717316764045,-0.0330081,1.3900664,0.034110725
1276,21.266667,0,624.52,780.31,-3.177341493051531,0.0,-36.07751055820552,-0.0326577569807197,1.390326102468029,0.033686100262203
1277,21.283333,0,624.39,780.92,-3.175188758152657,0.0,-36.05115772636373,-0.0326567930192795,1.3904494975320574,0.0336992097378061
1278,21.3,0,622.19,781.28,-3.173714536528039,0.0,-36.04998339098982,-0.0327517280000802,1.390522000000026,0.0338180900000836
1279,21.316667,0,621.04,781.63,-3.1718110213714272,2.220446049250313e-16,-35.98804967160286,-0.0328665690223775,1.3905592953721886,0.0339377792349386
1280,21.333333,0,619.23,780.84,-3.17157458321524,-2.220446049250313e-16,-35.98571995891246,-0.0329676879774811,1.3903279046281347,0.0333995257658133
1281,21.35,0,617.37,781.41,-3.171017830919632,-2.220446049250313e-16,-35.832552608657046,-0.033070669999964,1.390236600000032,0.0332515720000516
1282,21.366667,0,615.78,781.24,-3.17090676011906,0.0,-35.82078108823264,-0.0331669017943895,1.390195299656002,0.0332154329714001
1283,21.383333,0,615.14,779.96,-3.169688402437677,0.0,-35.69488398651985,-0.0332566182056104,1.390178100343998,0.0332140030285998
1284,21.4,0,613.12,779.49,-3.168780129794072,0.0,-35.5512390160077,-0.0333405169997497,1.3901838999998946,0.0332280169999211
1285,21.416667,0,612.19,779.35,-3.161845736122274,0.0,-35.5316787071052,-0.0326239135259588,1.38988209828395,0.0330020795344464
1286,21.433333,0,611.75,779.39,-3.150835770012041,0.0,-35.52653875237365,-0.0324502234737984,1.38979630171593,0.032978803465521
1287,21.45,0,611.33,780.42,-3.149874314606997,2.220446049250313e-16,-35.414717046225306,-0.032450095,1.3897686000000191,0.0330635199999408
1288,21.466667,0,611.0,779.46,-3.1473167057166505,0.0,-35.39669864885504,-0.0325017582104318,1.3897500994240135,0.0331913187379562
1289,21.483333,0,611.34,779.4,-3.146133100728251,0.0,-35.39500852663007,-0.0325622787895259,1.3897213005760067,0.0333282142619481
1290,21.5,0,610.6,779.66,-3.1352149772443787,0.0,-35.389458205960445,-0.03262256,1.3896818,0.03343655
1291,21.516667,0,608.91,780.1,-3.1236578817338145,0.0,-35.34406636870029,-0.0325461482986434,1.389537498541983,0.0330790253522091
1292,21.533333,0,608.92,778.62,-3.1205650940919014,0.0,-35.34164852741816,-0.0325610797013669,1.389464601457966,0.0329466426476983
1293,21.55,0,608.52,779.31,-3.120271987818025,0.0,-35.120005801130624,-0.032606170000037,1.38941859999998,0.0328635949999502
1294,21.566667,0,609.2,777.87,-3.094113814500337,0.0,-34.92157124888161,-0.0326592080441374,1.3893899992200316,0.0327923786223361
1295,21.583333,0,608.47,779.07,-3.093309209552679,0.0,-34.80689173089117,-0.0327114149557896,1.3893510007800227,0.0327234953777601
1296,21.6,0,609.39,776.46,-3.047576678360413,0.0,-34.80226912439454,-0.0327587869999834,1.3892957000000192,0.0326464550000269
1297,21.616667,0,608.85,774.33,-2.956285699923542,0.0,-34.77665476148666,-0.0326636877094417,1.3892104980200115,0.0326135925967681
1298,21.633333,0,607.82,773.81,-2.955725207980477,0.0,-34.735235867101,-0.0326491602905583,1.3891115019799885,0.0325434334032318
1299,21.65,0,606.77,773.15,-2.9383239129500764,0.0,-34.72840606713591,-0.0326571460000029,1.3889999999999616,0.0324613399999774
1300,21.666667,0,605.87,774.35,-2.936089364239194,0.0,-34.71553683449633,-0.0326655540151204,1.3888896981619463,0.0323967223935623
1301,21.683333,0,605.43,773.35,-2.935324231060436,0.0,-34.68490504152213,-0.0326663099848806,1.3887978018379252,0.0323664026063952
1302,21.7,0,606.83,772.97,-2.920491659610697,0.0,-34.67761580252393,-0.0326632080000021,1.388727500000049,0.0323670599999995
1303,21.716667,0,607.73,770.64,-2.919102773521585,0.0,-34.665985654236906,-0.0326306995000916,1.3887228996360086,0.032638305374088
1304,21.733333,0,608.1,769.59,-2.913531003907985,0.0,-34.66000971718057,-0.0326057044999258,1.388704700364004,0.032707008625864
1305,21.75,0,608.93,769.78,-2.9097154955606777,0.0,-34.62643380980644,-0.032570004,1.3886976,0.032712862
1306,21.766667,0,608.86,769.56,-2.9093354255275585,0.0,-34.61727740254508,-0.0325185346418641,1.388709500686008,0.0326888255217544
1307,21.783333,0,609.67,769.15,-2.907643859936059,-2.220446049250313e-16,-34.60792166680145,-0.0324506313580883,1.388743799314016,0.0326649144782288
1308,21.8,0,610.53,770.01,-2.895908938320735,0.0,-34.60595770193689,-0.0323701100000629,1.3887872000000787,0.032652557000199
1309,21.816667,0,609.92,769.89,-2.892456262621897,0.0,-34.602061947531304,-0.0324601819746817,1.388899701175952,0.0329375655770557
1310,21.833333,0,610.0,770.46,-2.8910280472656003,0.0,-34.601930098136535,-0.0324089160253898,1.3889584988239658,0.033016418422834
1311,21.85,0,609.6,770.44,-2.886693042677996,0.0,-34.595289757312784,-0.0323098800000345,1.3889940999999877,0.0330369619999928
1312,21.866667,0,609.5,770.88,-2.877865229117943,0.0,-34.595289757312784,-0.0321990678265326,1.389006999874001,0.0330517203879977
1313,21.883333,0,608.81,768.8,-2.8776502478203825,2.220446049250313e-16,-34.589135506362084,-0.0320903981734673,1.3890007001259992,0.0330711196120022
1314,21.9,0,607.66,768.26,-2.8776502478203825,0.0,-34.58836689743735,-0.0319911240000867,1.3889854000000057,0.0330954640000777
1315,21.916667,0,607.32,768.22,-2.8776502478203825,0.0,-34.33627999063552,-0.0322395825756567,1.3890016999879995,0.0333181081346621
1316,21.933333,0,607.01,767.97,-2.8776502478203825,2.220446049250313e-16,-34.10895777634775,-0.0322683634243834,1.3890011000119995,0.0334248338654869
1317,21.95,0,608.13,767.86,-2.8776502478203825,0.0,-34.10063810555747,-0.0322287300000276,1.3889909000000071,0.0334800969999614
1318,21.966667,0,608.32,767.66,-2.8776502478203825,0.0,-33.99927370460871,-0.0321769091071007,1.3889899002919932,0.0335139745537071
1319,21.983333,0,606.17,768.1,-2.8776502478203825,0.0,-33.97955066111746,-0.0321322648929303,1.3890044997079969,0.0335416594462735
1320,22.0,0,605.82,768.36,-2.8776502478203825,0.0,-33.97955066111746,-0.032096803,1.389031,0.03356752
1321,22.016667,0,605.42,770.15,-2.8776502478203825,2.220446049250313e-16,-33.97955066111746,-0.0319688386858446,1.3890809009920115,0.0334595206582076
1322,22.033333,0,605.08,769.78,-2.8776502478203825,0.0,-33.97955066111746,-0.0319031343141093,1.389130499008023,0.0334924293418153
1323,22.05,0,604.6,769.71,-2.8776502478203825,2.220446049250313e-16,-33.97955066111746,-0.0318474769999608,1.38918390000004,0.0335826240000794
1324,22.066667,0,602.69,770.48,-2.8776502478203825,-2.220446049250313e-16,-33.97955066111746,-0.0317913890300995,1.3892412012619486,0.0336963722627677
1325,22.083333,0,600.65,771.68,-2.8776502478203825,0.0,-33.97955066111746,-0.0317428939699682,1.3893042987379634,0.0338095107370741
1326,22.1,0,599.82,772.67,-2.8776502478203825,-2.220446049250313e-16,-33.97955066111746,-0.0317067650000126,1.389370399999977,0.0339203629999613
1327,22.116667,0,598.86,772.88,-2.8776502478203825,2.220446049250313e-16,-33.97955066111746,-0.0316888943328147,1.3894446019719886,0.0340355439816193
1328,22.133333,0,598.91,774.07,-2.8776502478203825,-2.220446049250313e-16,-33.97955066111746,-0.0319055276671851,1.3895431980280115,0.0343846130183805
1329,22.15,0,598.55,772.19,-2.8776502478203825,0.0,-33.97955066111746,-0.0319930460000192,1.3896267000000249,0.0345986520000599
1330,22.166667,0,599.88,774.11,-2.8776502478203825,0.0,-33.97955066111746,-0.0320480660843315,1.38969770103803,0.0347702732046932
1331,22.183333,0,599.78,775.25,-2.8776502478203825,0.0,-33.97955066111746,-0.0321022789157441,1.3897495989620423,0.0349304967955305
1332,22.2,0,600.66,773.42,-2.8776502478203825,-2.220446049250313e-16,-33.97955066111746,-0.0321634039999573,1.389783999999976,0.0350813269998946
1333,22.216667,0,600.78,776.51,-2.8776502478203825,0.0,-33.97955066111746,-0.0324523999278718,1.3897578998680031,0.0352331872438477
1334,22.233333,0,600.66,778.57,-2.8776502478203825,-2.220446049250313e-16,-33.97955066111746,-0.0325987910720259,1.3897513001320014,0.0353453777560738
1335,22.25,0,599.43,778.77,-2.8776502478203825,0.0,-33.97955066111746,-0.03270498,1.3897464,0.035431188
1336,22.266667,0,599.01,778.85,-2.8776502478203825,0.0,-33.97955066111746,-0.0328048599478627,1.3897526001820022,0.0355122000116034
1337,22.283333,0,598.51,777.33,-2.8776502478203825,0.0,-33.97955066111746,-0.0329022480522053,1.3897616998180042,0.0356127749884668
1338,22.3,0,598.27,779.69,-2.8776502478203825,0.0,-33.97955066111746,-0.0329964200002206,1.3897770999997945,0.0357422940003082
1339,22.316667,0,598.2,780.33,-2.8776502478203825,0.0,-33.97955066111746,-0.033312338771647,1.389482698312069,0.0361836383785208
1340,22.333333,0,599.68,780.61,-2.8776502478203825,0.0,-33.97955066111746,-0.0334509212281593,1.3893983016880491,0.0364525646211034
1341,22.35,0,600.26,779.9,-2.8776502478203825,0.0,-33.97955066111746,-0.0335341099999709,1.3893737000000086,0.0366536829999297
1342,22.366667,0,600.41,777.97,-2.8776502478203825,0.0,-33.97955066111746,-0.0335982150815137,1.3893584997700013,0.0368015819330487
1343,22.383333,0,600.56,775.66,-2.8776502478203825,0.0,-33.97955066111746,-0.0336522889184862,1.3893470002299988,0.0368982310669512
1344,22.4,0,600.67,778.28,-2.8776502478203825,0.0,-33.97955066111746,-0.0337019500000309,1.3893413999999034,0.0369692199999227
1345,22.416667,0,599.35,779.13,-2.8776502478203825,0.0,-33.97955066111746,-0.0337904480240298,1.3890648981199452,0.0367480615959591
1346,22.433333,0,599.44,779.19,-2.8776502478203825,0.0,-33.97955066111746,-0.0338416459760417,1.3889709018799232,0.0366778644039427
1347,22.45,0,599.33,779.07,-2.8776502478203825,0.0,-33.97955066111746,-0.0338788929999739,1.3889343000000256,0.0366569600000146
1348,22.466667,0,599.96,778.83,-2.8776502478203825,0.0,-33.9604838278701,-0.0339035301588763,1.388908599398014,0.0366714526078858
1349,22.483333,0,600.27,777.93,-2.8776502478203825,0.0,-33.94350994986264,-0.0339114738411181,1.388878500602007,0.0367018463920929
1350,22.5,0,601.02,775.37,-2.8776502478203825,0.0,-33.89786722205526,-0.033899248,1.3888397,0.036730938
1351,22.516667,0,601.23,772.64,-2.8776502478203825,0.0,-33.89165304049506,-0.0337948985879835,1.3886461986599845,0.0369030581678736
1352,22.533333,0,601.22,774.68,-2.8776502478203825,0.0,-33.733703176003154,-0.0337243014119671,1.3885792013399687,0.0369614488321672
1353,22.55,0,601.03,775.0,-2.8776502478203825,0.0,-33.694031596983734,-0.0336699969999793,1.3885770000000353,0.0370041540000319
1354,22.566667,0,600.96,774.12,-2.8776502478203825,0.0,-33.63627492145877,-0.0336404197138116,1.3886276018839232,0.0370499170524971
1355,22.583333,0,600.6,776.11,-2.8776502478203825,0.0,-33.63357373352323,-0.0336261102862083,1.388721798115945,0.0371025419474293
1356,22.6,0,600.48,775.37,-2.8776502478203825,0.0,-33.626424801122454,-0.0336225480000012,1.3888489999999556,0.0371587649999803
1357,22.616667,0,600.58,771.6,-2.870979107122192,0.0,-33.570102289161724,-0.0335448095291027,1.389074104277975,0.0375541637983778
1358,22.633333,0,599.96,772.25,-2.870954425779997,0.0,-33.55718550876915,-0.0335212654708972,1.389287995722025,0.037744076201622
1359,22.65,0,600.89,777.41,-2.861254147977765,0.0,-33.553466547971695,-0.0335069899999941,1.3895020000000715,0.0378736070000415
1360,22.666667,0,600.87,777.88,-2.861254147977765,2.220446049250313e-16,-33.54476031853173,-0.0334903516464697,1.3897076037081078,0.0379927554570515
1361,22.683333,0,601.03,777.99,-2.861254147977765,0.0,-33.539420332540615,-0.0334726763535055,1.3898929962921511,0.0381155995431201
1362,22.7,0,599.62,778.34,-2.861254147977765,-2.220446049250313e-16,-33.5259671209327,-0.0334579050000103,1.390055999999886,0.0382323149999184
1363,22.716667,0,598.27,778.15,-2.861254147977765,0.0,-33.51925028778665,-0.0332891558142876,1.3900526007979814,0.0381644392605572
1364,22.733333,0,596.51,776.7,-2.861254147977765,2.220446049250313e-16,-33.51925028778665,-0.0332298711857538,1.3900924992019907,0.0381274677394686
1365,22.75,0,594.26,777.06,-2.861254147977765,0.0,-33.51925028778665,-0.033217028,1.3901271,0.038086865
1366,22.766667,0,592.08,776.8,-2.861254147977765,2.220446049250313e-16,-33.51925028778665,-0.0332179550402404,1.390147800052001,0.0380635218726785
1367,22.783333,0,591.69,775.65,-2.861254147977765,0.0,-33.51925028778665,-0.0332199669597609,1.3901503999480012,0.038057156127317
1368,22.8,0,591.91,777.8,-2.861254147977765,2.220446049250313e-16,-33.51925028778665,-0.0332257199998253,1.3901439999997522,0.0380825660004319
1369,22.816667,0,592.29,778.24,-2.861254147977765,0.0,-33.51925028778665,-0.0329756910529185,1.3897890971661155,0.0387009582180273
1370,22.833333,0,592.91,779.73,-2.861254147977765,0.0,-33.51925028778665,-0.0329283369471475,1.3896474028340826,0.0389618597816081
1371,22.85,0,594.69,780.05,-2.861254147977765,-2.220446049250313e-16,-33.51925028778665,-0.032959629999989,1.3895824000000228,0.0391079969999489
1372,22.866667,0,594.64,780.26,-2.861254147977765,0.0,-33.495626377685504,-0.0330218094608915,1.3895452995480029,0.0392016807525956
1373,22.883333,0,593.07,780.99,-2.861254147977765,0.0,-33.495626377685504,-0.0330948515391084,1.3895227004519974,0.0392393092474043
1374,22.9,0,592.09,781.65,-2.861254147977765,0.0,-33.495626377685504,-0.0331807139999662,1.389506099999931,0.0392262530001379
1375,22.916667,0,591.02,782.19,-2.861254147977765,0.0,-33.495626377685504,-0.03308391103223,1.3893082986019591,0.0396212667712406
1376,22.933333,0,590.81,782.6,-2.861254147977765,0.0,-33.495626377685504,-0.033135518967842,1.389238401397943,0.0397598192289529
1377,22.95,0,591.29,782.2,-2.861254147977765,-2.220446049250313e-16,-33.495626377685504,-0.0332138999999452,1.389214000000017,0.0398729849999209
1378,22.966667,0,592.79,782.2,-2.861254147977765,0.0,-33.495626377685504,-0.0332739439341182,1.389203799700007,0.0400272867976515
1379,22.983333,0,593.11,784.1,-2.861254147977765,0.0,-33.495626377685504,-0.0333206490658491,1.3891888003000037,0.0402171662022158
1380,23.0,0,592.97,783.52,-2.861254147977765,0.0,-33.495626377685504,-0.03337957,1.3891685,0.040400982
1381,23.016667,0,592.83,784.28,-2.861254147977765,0.0,-33.495626377685504,-0.0330725713241521,1.3891072994599938,0.0407287539035055
1382,23.033333,0,591.77,784.27,-2.861254147977765,0.0,-33.495626377685504,-0.0330387806758242,1.3890803005399874,0.0409239190966309
1383,23.05,0,590.22,783.37,-2.861254147977765,0.0,-33.495626377685504,-0.0331118260000879,1.3890594999999817,0.0410715200001039
1384,23.066667,0,589.83,784.73,-2.861254147977765,0.0,-33.495626377685504,-0.0332376731203928,1.389033199350027,0.0412203098929421
1385,23.083333,0,589.68,784.53,-2.861254147977765,0.0,-33.495626377685504,-0.0333936928793891,1.389000700650019,0.0413649571068557
1386,23.1,0,590.02,783.84,-2.861254147977765,0.0,-33.495626377685504,-0.0335609839999415,1.3889645000000126,0.041513714999948
1387,23.116667,0,590.67,786.48,-2.861254147977765,-2.220446049250313e-16,-33.48594499314711,-0.0335657387531897,1.388965199478003,0.0416754433555204
1388,23.133333,0,590.78,786.32,-2.861254147977765,0.0,-33.44530850177397,-0.0336533952468101,1.3889391005219969,0.0418432136444795
1389,23.15,0,590.14,786.51,-2.861254147977765,0.0,-33.42679741641403,-0.0337571430000369,1.3889044999999862,0.042019230000062
1390,23.166667,0,589.59,786.88,-2.861254147977765,0.0,-33.32489262473691,-0.0338630019457966,1.3888647992579783,0.0421970593100963
1391,23.183333,0,587.9,786.53,-2.860602254610596,0.0,-33.32178260761452,-0.0339602850543392,1.3888277007419698,0.0423625526901348
1392,23.2,0,585.2,786.69,-2.860499798323804,0.0,-33.294236171270136,-0.0340415099999432,1.3887925000000247,0.0424972199999059
1393,23.216667,0,583.98,786.68,-2.8580573153361586,0.0,-33.28726347210631,-0.0338866392576572,1.388818000093998,0.0427358365067616
1394,23.233333,0,584.31,786.61,-2.8463675080566184,-2.220446049250313e-16,-33.26118429480594,-0.0338495227423686,1.388822699905999,0.0428611724931508
1395,23.25,0,583.7,786.72,-2.8458864973909863,0.0,-33.19078598148475,-0.033842206,1.3888344,0.042951897
1396,23.266667,0,583.05,786.35,-2.8450373782267606,0.0,-33.1322358556526,-0.0338405559638795,1.3888503002860035,0.0430220341737536
1397,23.283333,0,582.6,785.67,-2.843390266859041,0.0,-33.13121554414147,-0.0338387500361191,1.3888645997140068,0.0430807188262873
1398,23.3,0,582.01,785.64,-2.828869328597139,-2.220446049250313e-16,-33.12447255619306,-0.0338433529998698,1.3888838000000652,0.0431275600000321
1399,23.316667,0,581.4,786.57,-2.825935924429775,2.220446049250313e-16,-33.06092052032908,-0.0336569890122802,1.3889772006979717,0.0431735300635974
1400,23.333333,0,580.7,787.7,-2.825709636215028,-2.220446049250313e-16,-33.056914162876296,-0.0336076029877887,1.3890120993019797,0.0431767099363981
1401,23.35,0,579.97,788.25,-2.8247151550838767,0.0,-32.9953921009571,-0.0336147499999975,1.3890189999999976,0.043167850000003
1402,23.366667,0,579.69,789.08,-2.816540146889589,0.0,-32.9886289756621,-0.0336486858257351,1.3890089995240027,0.0431431262270045
1403,23.383333,0,579.74,788.57,-2.8014037545344186,0.0,-32.979694323075215,-0.0336899711742647,1.3889852004759973,0.0431044777729955
1404,23.4,0,579.36,790.5,-2.798604330996864,0.0,-32.787103923145274,-0.0337288230000371,1.388950299999961,0.0430418330000554
1405,23.416667,0,578.96,789.15,-2.797039812992843,-2.220446049250313e-16,-32.74037315550411,-0.0338353113368989,1.3888384986679614,0.0432006740189714
1406,23.433333,0,579.17,791.44,-2.77702239631082,0.0,-32.73618431692687,-0.0339021516631944,1.3887719013319455,0.04315162598096
1407,23.45,0,579.98,789.52,-2.7745817269648145,0.0,-32.73279137830753,-0.0339632479999573,1.3887252000000327,0.0430226100000901
1408,23.466667,0,578.43,789.84,-2.773643448189472,-2.220446049250313e-16,-32.37701775307333,-0.03401748585836,1.3886894995720098,0.0428664470748081
1409,23.483333,0,578.62,790.52,-2.762301253395014,0.0,-32.31625453077812,-0.03406040314161,1.388668100428005,0.042720189925294
1410,23.5,0,578.58,790.27,-2.7621365187588096,0.0,-32.29413283188892,-0.034097847,1.3886576,0.042585913
1411,23.516667,0,578.74,794.09,-2.7589950363710334,0.0,-31.97577807090573,-0.0341366268847052,1.3886651006460076,0.0424684210303669
1412,23.533333,0,578.86,793.79,-2.7589950363710334,0.0,-31.97577807090573,-0.0343308521154304,1.388697399354015,0.0426699289697738
1413,23.55,0,579.31,793.81,-2.7589950363710334,-2.220446049250313e-16,-31.97577807090573,-0.0344187900000397,1.388736700000028,0.0426621739999427
1414,23.566667,0,579.04,795.37,-2.7589950363710334,0.0,-31.97577807090573,-0.034475691029218,1.3887770004819804,0.0425801477847302
1415,23.583333,0,578.44,794.95,-2.7589950363710334,2.220446049250313e-16,-31.97577807090573,-0.03452715197071,1.388801099517986,0.0424693842154244
1416,23.6,0,578.35,793.38,-2.7589950363710334,0.0,-31.97577807090573,-0.0345861599999793,1.3888054999999984,0.0423306750000484
1417,23.616667,0,576.48,787.4,-2.7589950363710334,0.0,-31.97577807090573,-0.0326241811593089,1.3897406056199677,0.0345894157143127
1418,23.633333,0,575.29,791.34,-2.756696378818648,2.220446049250313e-16,-31.97577807090573,-0.0320321668406911,1.3900215943800327,0.0320752172856877
1419,23.65,0,575.77,792.25,-2.703649507179827,-2.220446049250313e-16,-31.97577807090573,-0.0318668929999874,1.390100800000008,0.0312280279998913
1420,23.666667,0,575.85,792.79,-2.6930129917685712,0.0,-31.85220569524329,-0.0318309499859995,1.390123700098003,0.0309167741002156
1421,23.683333,0,576.02,791.2,-2.692033063143154,0.0,-31.83979294976147,-0.0318302500139994,1.390128599902004,0.0307717948995818
1422,23.7,0,576.6,786.72,-2.6739466950319475,0.0,-31.607443002640785,-0.0318393699999936,1.3901254000000025,0.0306625960000762
1423,23.716667,0,576.32,787.31,-2.6047422325831406,0.0,-31.072282380682186,-0.0318524801486237,1.390121487484291,0.030533548989611
1424,23.733333,0,574.89,787.37,-2.6044949255396563,0.0,-31.05679753124545,-0.0323599028510219,1.3894957125161456,0.0312830170098655
1425,23.75,0,574.59,785.48,-2.576662157854303,0.0,-30.964591143250697,-0.032490075,1.3892872,0.0314256
1426,23.766667,0,574.21,784.56,-2.520178114063617,0.0,-30.95285249910941,-0.0324789304808822,1.3892031992799916,0.0313849355228427
1427,23.783333,0,573.78,781.16,-2.518233378450693,0.0,-30.928553851865125,-0.0324029785190646,1.3891672007199831,0.0313110814771055
1428,23.8,0,572.76,782.14,-2.445669526751287,0.0,-30.927785213005112,-0.0323013660005636,1.3891593000004632,0.0312284750001675
1429,23.816667,0,572.45,782.68,-2.4452130512196337,0.0,-30.92090066668045,-0.0331082712081692,1.3898224048018042,0.0314683893119065
1430,23.833333,0,571.01,783.27,-2.4377825196833576,0.0,-30.895874986613283,-0.0332686797916066,1.3900624951978602,0.0315339846880018
1431,23.85,0,570.77,783.37,-2.433331871680699,0.0,-30.826930681199133,-0.0332231700000158,1.3901764999999602,0.0315523969999935
1432,23.866667,0,570.59,783.82,-2.430373312142605,0.0,-30.734975589611714,-0.0331176476362737,1.390252401223993,0.0315583121089593
1433,23.883333,0,571.06,782.61,-2.4303589721437646,0.0,-30.702196619624804,-0.0329994653637262,1.3903135987760071,0.0315637598910406
1434,23.9,0,570.87,782.95,-2.423189728774787,0.0,-30.69923913245492,-0.0328827870000359,1.3903680999999295,0.0315614860001231
1435,23.916667,0,570.17,783.55,-2.42316577594336,0.0,-30.613063856032696,-0.032985865725812,1.3901659994339834,0.0319140924830322
1436,23.933333,0,569.03,783.42,-2.421776084498898,0.0,-30.573729118430656,-0.0329721572741688,1.390137700565977,0.0320382355171411
1437,23.95,0,567.71,784.36,-2.420632864361273,0.0,-30.571259637499097,-0.0329331300000272,1.3901627999999824,0.0320747639999744
1438,23.966667,0,567.0,785.27,-2.419527193822064,0.0,-30.44763101084484,-0.0328956393678947,1.390202200775982,0.032075263739666
1439,23.983333,0,566.8,786.61,-2.41886578767583,0.0,-30.44107450989787,-0.0328640346321273,1.390240999223991,0.032062247260343
1440,24.0,0,565.58,788.45,-2.4156669247292317,0.0,-30.436518058254624,-0.03283876,1.3902744,0.032051448
1441,24.016667,0,564.58,787.67,-2.4142354138340747,0.0,-30.36762921055419,-0.0328562740582006,1.3899633980019768,0.0323155948974621
1442,24.033333,0,564.74,788.73,-2.4125715138225226,0.0,-30.34486320948144,-0.0328591839418013,1.3898635019979533,0.0324104631026041
1443,24.05,0,564.77,789.99,-2.412206825330395,0.0,-30.308802992117087,-0.0328464899999774,1.3898422000000037,0.0324412499999976
1444,24.066667,0,564.72,792.18,-2.412139750567467,0.0,-30.277540024101956,-0.0328142488574465,1.3898472003119873,0.0324379469191632
1445,24.083333,0,564.57,792.88,-2.4110269530657757,0.0,-30.26538423878957,-0.0327571211426332,1.3898627996879909,0.0324339050808423
1446,24.1,0,563.84,793.28,-2.401978691161237,0.0,-30.20109895029352,-0.0326855630000249,1.3898746999999958,0.0324155130000064
1447,24.116667,0,562.02,792.96,-2.401978691161237,0.0,-30.187566789218756,-0.0323884901485565,1.3895117976320135,0.0323335256067481
1448,24.133333,0,560.88,792.92,-2.401978691161237,0.0,-30.147237156226694,-0.0322459228514434,1.389393402367986,0.0322638653932519
1449,24.15,0,559.68,794.47,-2.401978691161237,0.0,-30.12577103760312,-0.0321594799999773,1.38934589999999,0.0321869659999753
1450,24.166667,0,559.84,793.52,-2.401978691161237,0.0,-30.12577103760312,-0.0320945088468864,1.389317599483985,0.0321163387122425
1451,24.183333,0,559.76,793.34,-2.401978691161237,0.0,-30.12577103760312,-0.032036857153033,1.3892918005159791,0.0320519552876675
1452,24.2,0,559.75,793.55,-2.401978691161237,0.0,-30.12577103760312,-0.0319767450000419,1.3892639000000195,0.031978853000051
1453,24.216667,0,559.47,793.13,-2.401978691161237,0.0,-30.12577103760312,-0.0323459313272491,1.389124498554034,0.0325223385009417
1454,24.233333,0,558.94,793.29,-2.401978691161237,0.0,-30.12577103760312,-0.0324122926727045,1.389052201446017,0.0326473834989708
1455,24.25,0,558.34,793.89,-2.401978691161237,0.0,-30.12577103760312,-0.032382175,1.3889999,0.03263758
1456,24.266667,0,556.72,793.12,-2.401978691161237,0.0,-30.12577103760312,-0.0323220484286416,1.3889436986699846,0.0325784081808988
1457,24.283333,0,555.01,794.51,-2.401978691161237,0.0,-30.12577103760312,-0.0322434845713034,1.388877201329969,0.0324874578190376
1458,24.3,0,554.38,792.18,-2.401978691161237,0.0,-30.12577103760312,-0.0321445700001552,1.3887986999999722,0.0323700759998821
1459,24.316667,0,554.07,791.16,-2.401978691161237,0.0,-30.12577103760312,-0.0323668796169756,1.3887590990040406,0.0322013315579602
1460,24.333333,0,553.3,792.77,-2.401978691161237,0.0,-30.12577103760312,-0.0323477283830511,1.388709300996029,0.0320292294422801
1461,24.35,0,553.19,793.44,-2.401978691161237,0.0,-30.12577103760312,-0.0322447640000359,1.388674700000012,0.0318676900000563
1462,24.366667,0,554.02,790.13,-2.401978691161237,0.0,-30.12577103760312,-0.0321105770977768,1.3886516995700025,0.0317151520620171
1463,24.383333,0,553.77,789.37,-2.401978691161237,0.0,-30.12577103760312,-0.0319654709022231,1.3886302004299975,0.0315682579379829
1464,24.4,0,553.05,790.67,-2.3993101657941054,0.0,-30.117453593397578,-0.0318209200000152,1.388602600000111,0.0314187399999465
1465,24.416667,0,551.32,790.81,-2.3991359458981423,0.0,-30.10174085716357,-0.0318646182883501,1.3889205018180528,0.0312655765411793
1466,24.433333,0,550.44,791.04,-2.3991101620799045,0.0,-30.10025795629559,-0.0317790417115302,1.3890113981820742,0.031092647458579
1467,24.45,0,548.86,790.94,-2.399092497066052,0.0,-30.088059985129902,-0.0316461060000928,1.3890258999999898,0.0309216770001194
1468,24.466667,0,547.68,790.71,-2.398817105199623,0.0,-30.07862003657892,-0.0314936167278761,1.389016399744006,0.0307663239731304
1469,24.483333,0,547.17,792.48,-2.397427004460608,0.0,-30.063795807303944,-0.031330013272238,1.389003600256003,0.0306149830269752
1470,24.5,0,547.46,793.88,-2.397293546499356,0.0,-30.05644027110885,-0.031152561,1.388993,0.030458178
1471,24.516667,0,547.16,794.96,-2.396192271992573,0.0,-30.02365400417749,-0.0300876413965197,1.3892066019060223,0.0300178219164007
1472,24.533333,0,547.36,795.15,-2.395893296858328,0.0,-30.014829184697,-0.0296574896031796,1.3893018980940444,0.0297636550834216
1473,24.55,0,547.28,794.43,-2.395403410957198,0.0,-30.00171310250004,-0.0294328799998879,1.3893751000000485,0.0295541829998615
1474,24.566667,0,546.93,790.74,-2.3944359659141483,0.0,-29.998791352220632,-0.0292724939480243,1.3894440012039508,0.0293560104515845
1475,24.583333,0,546.6,792.95,-2.394009485178321,0.0,-29.97545444807052,-0.0291198950521888,1.3895041987959649,0.0291785895486632
1476,24.6,0,546.65,791.78,-2.3916421058001616,0.0,-29.89957404234793,-0.0289574620000567,1.3895538999999826,0.0290092230000591
1477,24.616667,0,546.73,789.56,-2.391396942244872,0.0,-29.89950746833295,-0.0287824435586509,1.3895993008959948,0.0288503375564109
1478,24.633333,0,547.15,795.37,-2.390601125313125,0.0,-29.89505739010107,-0.028860373441349,1.389644099104005,0.028928155443589
1479,24.65,0,547.64,797.37,-2.390405981517316,0.0,-29.89451674427064,-0.0287876109999617,1.3896891000000176,0.0288274509999402
1480,24.666667,0,547.95,795.58,-2.3902337245707703,0.0,-29.893505272830417,-0.0286779397116934,1.389739401066031,0.0286563986171724
1481,24.683333,0,547.42,791.95,-2.389625642134104,0.0,-29.882711937487425,-0.0285635322881467,1.3897926989340434,0.0284372723825214
1482,24.7,0,546.37,799.86,-2.3848994372378423,0.0,-29.87158769008873,-0.0284454670000824,1.389857499999955,0.0281923000001711
1483,24.716667,0,546.21,802.39,-2.384692616859904,0.0,-29.861539939795197,-0.0298471244664861,1.389956401803958,0.0288926960960312
1484,24.733333,0,544.51,806.29,-2.383736665255293,0.0,-29.839839649797003,-0.0302204425332531,1.390046598195979,0.0289974959038956
1485,24.75,0,544.66,806.18,-2.3831631786895158,0.0,-29.83563267077917,-0.030262783,1.3901254,0.028908912
1486,24.766667,0,544.94,805.04,-2.3829928638599847,0.0,-29.826825691106,-0.0301929099878365,1.390186200932011,0.0287679519019238
1487,24.783333,0,545.5,803.25,-2.382646543450762,0.0,-29.81338342551553,-0.0300923070120931,1.3902327990680217,0.0286130560979678
1488,24.8,0,545.76,802.47,-2.382455450908988,0.0,-29.80141873414094,-0.0299978830002955,1.39026429999989,0.0284187270003604
1489,24.816667,0,545.64,802.29,-2.382455450908988,0.0,-29.80053863431814,-0.0304209323083859,1.390106798676054,0.0289347429080037
1490,24.833333,0,544.82,801.84,-2.382455450908988,0.0,-29.7792471867042,-0.0305363516914528,1.3900406013240385,0.0289301430920026
1491,24.85,0,545.01,799.21,-2.382455450908988,0.0,-29.77378270230584,-0.0305550099999934,1.3899944000000162,0.0287240330000719
1492,24.866667,0,543.56,798.4,-2.382455450908988,0.0,-29.77378270230584,-0.0305434145673025,1.3899471993120038,0.0284393712352935
1493,24.883333,0,542.48,800.88,-2.382455450908988,0.0,-29.77378270230584,-0.0305217804326974,1.3899128006879962,0.0281511457647065
1494,24.9,0,541.12,800.6,-2.382455450908988,0.0,-29.75380261054836,-0.0304901150000925,1.389890799999932,0.0278955030001113
1495,24.916667,0,541.52,800.16,-2.382455450908988,0.0,-29.75066756893793,-0.0307550291567336,1.389696098487956,0.0282144667161608
1496,24.933333,0,541.9,799.32,-2.382455450908988,0.0,-29.726344639770065,-0.0308128618433471,1.3896205015119385,0.0282502722838891
1497,24.95,0,543.09,798.63,-2.382455450908988,0.0,-29.70378737529424,-0.0307996420000092,1.3895915000000203,0.0282074360000299
1498,24.966667,0,542.71,797.33,-2.382455450908988,0.0,-29.69910009116457,-0.0307695264063538,1.389584000251994,0.0281298361052241
1499,24.983333,0,541.56,798.34,-2.382455450908988,0.0,-29.653291292352293,-0.0307398445936669,1.389596599747997,0.028035098894842
1500,25.0,0,541.13,798.82,-2.382455450908988,0.0,-29.65285229625261,-0.03071618,1.389624,0.027917411
1501,25.016667,0,541.18,799.48,-2.382455450908988,0.0,-29.647745237007832,-0.0306871095078259,1.3896407009420109,0.028029046489634
1502,25.033333,0,539.46,800.85,-2.382455450908988,0.0,-29.61432553006484,-0.0307124994921918,1.389687799058022,0.0280035295103481
1503,25.05,0,540.69,801.02,-2.382455450908988,0.0,-29.611109741267622,-0.030764043000042,1.3897475000000403,0.0279440769999531
1504,25.066667,0,540.7,801.34,-2.3816306457617937,0.0,-29.61035018251661,-0.0308241981649725,1.3898057010499572,0.0278770017902293
1505,25.083333,0,540.48,801.28,-2.3805711344781075,0.0,-29.60115999752509,-0.030882446834946,1.3898581989499694,0.0278165132098552
1506,25.1,0,540.65,801.32,-2.3792388198912238,0.0,-29.57827645443163,-0.0309353969999815,1.3899050999999836,0.0277493520000234
1507,25.116667,0,539.81,801.69,-2.377600947548746,0.0,-29.57432960388916,-0.0311961941216076,1.3898482002299988,0.0283777074067001
1508,25.133333,0,538.82,804.83,-2.3765148398683387,0.0,-29.56642883271524,-0.0313022708783923,1.3898596997700012,0.0285480365932997
1509,25.15,0,537.49,806.21,-2.371767865606006,0.0,-29.561947524661857,-0.0313571430000162,1.3899021000000202,0.0285760779999923
1510,25.166667,0,537.02,805.97,-2.367190084396988,0.0,-29.553659495292145,-0.0314036310488705,1.389960201332039,0.0285542594621843
1511,25.183333,0,536.85,806.35,-2.3662054727293564,0.0,-29.551474757079724,-0.0314560709512027,1.3900267986680543,0.028527370537778
1512,25.2,0,536.15,808.42,-2.3655479326484845,0.0,-29.54950651958818,-0.0315182059999566,1.3900964999999514,0.0284951960000224
1513,25.216667,0,536.03,808.83,-2.364592963172357,0.0,-29.482351960378427,-0.0314459063048729,1.3900074999480012,0.0284047232015385
1514,25.233333,0,535.84,809.58,-2.3640744390389474,0.0,-29.476102859219004,-0.0314611496951164,1.3900049000520007,0.0283648007984892
1515,25.25,0,535.36,809.33,-2.3639297300419533,0.0,-29.46046235116053,-0.031500153,1.3900223,0.028344773
1516,25.266667,0,535.21,809.2,-2.3638685586860206,0.0,-29.448700443253024,-0.031544567037432,1.390043000358004,0.0283294617408569
1517,25.283333,0,534.8,809.84,-2.363112866066579,0.0,-29.44809765376507,-0.0315964359626041,1.3900608996420083,0.0283165052591339
1518,25.3,0,534.88,810.4,-2.3584994066829266,0.0,-29.401142123997577,-0.0316633360001105,1.390078299999857,0.0283069240001309
1519,25.316667,0,535.4,810.07,-2.3560696406890207,0.0,-29.31825279612478,-0.031821642110254,1.3898734988920451,0.0284943445512767
1520,25.333333,0,535.39,810.14,-2.3502199892927003,0.0,-29.25944070706277,-0.0319271548895985,1.3898181011080324,0.0285719084486148
1521,25.35,0,534.43,809.72,-2.34991067505906,0.0,-29.258365722240107,-0.0320171559999685,1.3898089000000031,0.028608981999987
1522,25.366667,0,533.82,809.76,-2.3458566679146715,0.0,-29.193152348013104,-0.0320992514801913,1.3898095997860012,0.0286351764690372
1523,25.383333,0,532.83,809.5,-2.3447472682484847,0.0,-29.14397014401524,-0.0321732585198086,1.3897989002139988,0.0286586275309627
1524,25.4,0,530.14,807.54,-2.344707621778942,0.0,-29.14026329005144,-0.0322333130001637,1.3897759000000247,0.0286691899997945
1525,25.416667,0,530.79,806.31,-2.344707621778942,0.0,-29.14026329005144,-0.0327021710105367,1.3898468003240094,0.0280808417875465
1526,25.433333,0,530.65,806.23,-2.344707621778942,0.0,-29.14026329005144,-0.0329026839897434,1.3898629996760132,0.0279202302122291
1527,25.45,0,530.08,806.35,-2.3444462918050304,0.0,-29.13927797683225,-0.0330488529998979,1.3898663999999976,0.027923028999998
1528,25.466667,0,529.34,806.14,-2.3416428383569814,0.0,-29.137673691015287,-0.0331929878843528,1.3898665000119996,0.0279732884263667
1529,25.483333,0,528.33,805.58,-2.3415400301816525,0.0,-29.100021689126784,-0.0333372031155464,1.3898670999879998,0.0280446055735834
1530,25.5,0,527.32,803.7,-2.33956981219284,0.0,-29.05631261966657,-0.033468574,1.3898675,0.028140321
1531,25.516667,0,526.53,804.76,-2.3389665625052785,0.0,-29.05631261966657,-0.032862857261288,1.3897388993539923,0.0277130610731091
1532,25.533333,0,522.34,803.5,-2.3378169370351816,0.0,-29.05631261966657,-0.0327259287386162,1.389706600645985,0.0276667189268584
1533,25.55,0,520.96,803.28,-2.3378169370351816,0.0,-29.05631261966657,-0.0327293570000264,1.389705800000011,0.0277636570001143
1534,25.566667,0,519.49,803.83,-2.3378169370351816,0.0,-29.05631261966657,-0.0327672668050071,1.389722000831966,0.0279274141339715
1535,25.583333,0,518.3,805.27,-2.3378169370351816,0.0,-29.05631261966657,-0.0328075171949365,1.3897635991679758,0.0281341128657396
1536,25.6,0,518.0,804.46,-2.3378169370351816,0.0,-29.05631261966657,-0.0328500269999851,1.389826399999978,0.0283622259999203
1537,25.616667,0,516.74,805.85,-2.3378169370351816,0.0,-29.05631261966657,-0.0352271808291078,1.3897107006159963,0.03123370760282
1538,25.633333,0,516.23,806.49,-2.3378169370351816,0.0,-29.05631261966657,-0.0360186091708919,1.3897414993840036,0.0322638133971797
1539,25.65,0,515.46,807.74,-2.3378169370351816,0.0,-29.05631261966657,-0.036309300000046,1.3898196000000296,0.0327314030001039
1540,25.666667,0,514.09,805.82,-2.3378169370351816,0.0,-29.05631261966657,-0.0364412016390877,1.3899041015240443,0.0330290948311806
1541,25.683333,0,513.09,804.61,-2.3378169370351816,0.0,-29.05631261966657,-0.0365231503610267,1.389980298476062,0.0332706371691568
1542,25.7,0,513.6,806.75,-2.3378169370351816,0.0,-29.05631261966657,-0.0365943599999502,1.3900478999999526,0.0334975869998414
1543,25.716667,0,513.23,808.48,-2.3378169370351816,0.0,-29.05631261966657,-0.0343999731507391,1.3900717010519756,0.0333878722216282
1544,25.733333,0,512.21,807.86,-2.3378169370351816,0.0,-29.05631261966657,-0.0337575208497095,1.3901242989479878,0.0334989517782941
1545,25.75,0,511.57,808.49,-2.3378169370351816,0.0,-29.05631261966657,-0.033607665,1.3901798,0.033676956
1546,25.766667,0,511.19,803.94,-2.3378169370351816,0.0,-29.05631261966657,-0.0336228116592193,1.3902369012540148,0.0338756221011478
1547,25.783333,0,510.42,808.37,-2.3378169370351816,0.0,-29.05631261966657,-0.0337057683408386,1.3902995987460294,0.0340806688989955
1548,25.8,0,510.24,809.03,-2.3378169370351816,0.0,-29.05631261966657,-0.03382621700078,1.3903728999997915,0.0342930330005887
1549,25.816667,0,510.28,809.44,-2.3378169370351816,0.0,-29.05631261966657,-0.0349428818993773,1.3900745994260233,0.0351359285587512
1550,25.833333,0,510.01,810.86,-2.3378169370351816,0.0,-29.05631261966657,-0.0353878511000009,1.390045900574017,0.0355638664406508
1551,25.85,0,510.71,808.97,-2.3378169370351816,0.0,-29.05631261966657,-0.0356086199999229,1.3900997999999811,0.0358809569998892
1552,25.866667,0,510.04,810.99,-2.3378169370351816,0.0,-29.05631261966657,-0.0357550024723256,1.3901781016719903,0.0361655407068667
1553,25.883333,0,509.66,809.2,-2.3389665625052785,0.0,-29.05631261966657,-0.0358786145276743,1.3902616983280096,0.0364508742931331
1554,25.9,0,509.09,809.06,-2.33956981219284,0.0,-29.05631261966657,-0.0360043999999923,1.3903495000000194,0.0367340629999033
1555,25.916667,0,507.98,808.77,-2.3415400301816525,0.0,-29.05631261966657,-0.0359824317720915,1.39040520171005,0.0364572793233385
1556,25.933333,0,506.53,809.58,-2.3416428383569814,0.0,-29.05631261966657,-0.0360710302280322,1.3904906982900695,0.0365234416767539
1557,25.95,0,505.21,809.19,-2.3444462918050304,0.0,-29.05631261966657,-0.0361982299999111,1.3906013999999227,0.0367160179998654
1558,25.966667,0,503.43,811.18,-2.344707621778942,0.0,-29.05631261966657,-0.0363336526690378,1.3907279025419408,0.0369666128339241
1559,25.983333,0,503.09,811.56,-2.3447472682484847,0.0,-29.05631261966657,-0.0364671023308689,1.3908549974579705,0.0372583041658721
1560,26.0,0,503.72,811.0,-2.3458566679146715,0.0,-29.05631261966657,-0.036595576,1.3909794,0.037574753
1561,26.016667,0,504.64,810.09,-2.3482383964590285,0.0,-29.05631261966657,-0.0362518794809939,1.390977501530018,0.037342877544758
1562,26.033333,0,504.76,810.48,-2.3494363014669446,0.0,-29.05631261966657,-0.0362259305189879,1.3910539984700356,0.0374201114552959
1563,26.05,0,504.5,811.15,-2.34991067505906,0.0,-29.05631261966657,-0.0363086000000906,1.3911557000000776,0.0375733300001118
1564,26.066667,0,505.21,811.45,-2.34991067505906,0.0,-29.05631261966657,-0.0364383300970138,1.3912667021879108,0.0377334132308683
1565,26.083333,0,505.34,811.11,-2.34991067505906,0.0,-29.05631261966657,-0.0365931809027698,1.3913760978119365,0.0378949567689059
1566,26.1,0,505.5,810.5,-2.34991067505906,0.0,-29.05631261966657,-0.0367597529999418,1.3914769999999648,0.0380630529999413
1567,26.116667,0,505.11,809.61,-2.34991067505906,0.0,-29.05631261966657,-0.0360380603742952,1.3904841945140318,0.0357004371736346
1568,26.133333,0,504.4,809.86,-2.34991067505906,0.0,-29.05631261966657,-0.0359067796257047,1.3902099054859682,0.0350591408263654
1569,26.15,0,503.83,809.49,-2.34991067505906,0.0,-29.05631261966657,-0.0359580500000352,1.3901563000000037,0.0349784160000383
1570,26.166667,0,504.25,807.19,-2.34991067505906,0.0,-29.05631261966657,-0.0360589203002069,1.390166400794023,0.0350882706638666
1571,26.183333,0,503.62,807.64,-2.34991067505906,0.0,-29.05631261966657,-0.0361739226999537,1.3902060992060323,0.0352714513363892
1572,26.2,0,502.0,808.94,-2.34991067505906,0.0,-29.05631261966657,-0.0362962339999145,1.390260499999962,0.0354914069998463
1573,26.216667,0,501.75,808.21,-2.34991067505906,0.0,-29.05631261966657,-0.036426546619259,1.3899595984900353,0.0344820661410898
1574,26.233333,0,501.82,811.01,-2.34991067505906,0.0,-29.05631261966657,-0.0365575073806495,1.3898841015100176,0.0342891238590449
1575,26.25,0,501.12,811.06,-2.34991067505906,0.0,-29.05631261966657,-0.036706764,1.3899008,0.03436615
1576,26.266667,0,501.63,812.51,-2.34991067505906,0.0,-29.05631261966657,-0.0368606549517944,1.3899591016760195,0.0345454647151349
1577,26.283333,0,502.13,813.09,-2.34991067505906,0.0,-29.05631261966657,-0.0370082370483087,1.3900428983240392,0.0347812092850298
1578,26.3,0,502.21,813.25,-2.34991067505906,0.0,-29.05631261966657,-0.0371471399996384,1.390149400000053,0.0350513420000963
1579,26.316667,0,501.19,813.5,-2.34991067505906,0.0,-29.05631261966657,-0.0366294921156767,1.3902250019819191,0.0351893435447355
1580,26.333333,0,499.82,814.27,-2.34991067505906,0.0,-29.05631261966657,-0.0365352758844548,1.3903240980179423,0.0353665804550168
1581,26.35,0,498.45,815.86,-2.34991067505906,0.0,-29.05631261966657,-0.0365864559999821,1.3904365999999606,0.0355621729999317
1582,26.366667,0,496.17,817.71,-2.34991067505906,0.0,-29.05631261966657,-0.0366871382374669,1.3905576022619868,0.0357672744284142
1583,26.383333,0,494.54,818.78,-2.34991067505906,0.0,-29.05631261966657,-0.036799007762533,1.3906706977380132,0.0359886875715857
1584,26.4,0,493.05,821.31,-2.34991067505906,0.0,-29.05631261966657,-0.0369075099995266,1.3907715999998025,0.0362291259990674
1585,26.416667,0,491.91,823.32,-2.34991067505906,0.0,-29.05631261966657,-0.0355517775771148,1.3902050969159103,0.033558254018873
1586,26.433333,0,491.3,824.68,-2.3502199892927003,0.0,-29.05631261966657,-0.0351306624222967,1.3900509030838744,0.0328592459801503
1587,26.45,0,490.94,824.91,-2.3560696406890207,0.0,-29.05631261966657,-0.0349938120000955,1.3900111000000277,0.032774717000059
1588,26.466667,0,489.5,825.47,-2.3584994066829266,0.0,-29.05631261966657,-0.0349459760891779,1.3900000000659984,0.0328889302590241
1589,26.483333,0,488.66,825.69,-2.3584994066829266,0.0,-29.1746251052543,-0.0349504349108189,1.3900032999339993,0.033051878740862
1590,26.5,0,486.0,825.99,-2.3584994066829266,0.0,-29.185972368153507,-0.035001725,1.390019,0.033217512
1591,26.516667,0,483.71,827.21,-2.3655479326484845,0.0,-29.644002366316403,-0.035122783802841,1.3897847985199827,0.0339263889682095
1592,26.533333,0,481.68,828.71,-2.367190084396988,0.0,-29.656157671918667,-0.0352129211972219,1.3897108014799655,0.0342247840319989
1593,26.55,0,480.29,828.09,-2.368603046189951,0.0,-30.00463512495242,-0.0353019420000628,1.3896827999999892,0.0344142470001148
1594,26.566667,0,479.76,828.35,-2.392578777148342,0.0,-30.113757687699305,-0.0353919416365333,1.3896672997800088,0.0345786654380199
1595,26.583333,0,478.9,828.17,-2.3929977487428324,0.0,-30.114416635555504,-0.0354737683633523,1.3896563002200064,0.0347505665617399
1596,26.6,0,479.29,830.8,-2.434567478629935,0.0,-30.430361276726167,-0.0355410279999765,1.3896460000000035,0.0349356399999353
1597,26.616667,0,477.89,831.27,-2.4753967775854218,0.0,-30.49223569269861,-0.0355922439202819,1.389622190760054,0.0351139503581034
1598,26.633333,0,477.52,831.35,-2.4757524221192817,0.0,-30.49403549971792,-0.0348882820797181,1.3891602092399464,0.0338818976418968
1599,26.65,0,475.77,831.39,-2.479903547238639,0.0,-30.598177017006325,-0.0346960899999891,1.3889514999999537,0.0335345099999716
1600,26.666667,0,473.95,830.55,-2.4819727037397867,0.0,-30.620447989943717,-0.0346650503740108,1.3888183977899355,0.0334532701596046
1601,26.683333,0,471.63,830.86,-2.496682391702183,0.0,-30.625527863118283,-0.0346837496260152,1.38870790220991,0.0334612498404065
1602,26.7,0,470.34,830.95,-2.498137865827728,0.0,-30.637023222437374,-0.034725233999971,1.3886145000000654,0.0335123999999642
1603,26.716667,0,470.55,830.27,-2.5607850494595,0.0,-30.71131169289157,-0.0332232909290111,1.3891448030719284,0.0310724606761534
1604,26.733333,0,469.7,831.09,-2.561181597296481,0.0,-30.72094278398841,-0.0327697490713055,1.3892983969279642,0.0303562803243466
1605,26.75,0,469.98,828.71,-2.616335863570789,0.0,-30.756989580578445,-0.032656148,1.3893566,0.030188203
1606,26.766667,0,469.78,831.97,-2.71872637366093,0.0,-31.412816511423337,-0.0326521105932869,1.3893901003000035,0.0301963993455956
1607,26.783333,0,468.9,832.93,-2.719007378484179,0.0,-31.41983163078941,-0.0326817734067338,1.3894050997000071,0.0302636756544513
1608,26.8,0,466.75,832.35,-2.772272548613273,-2.220446049250313e-16,-32.006973348734114,-0.0327158870003032,1.389409699999944,0.0303401540009623
1609,26.816667,0,465.41,834.16,-2.791484324566363,2.220446049250313e-16,-32.333680784306,-0.0331499490530555,1.3893292989800416,0.0317178870993892
1610,26.833333,0,463.35,834.45,-2.7920031998401877,0.0,-32.33799671413167,-0.0333026019467311,1.3892783010200296,0.0321728568999751
1611,26.85,0,462.39,835.46,-2.8150723615144773,0.0,-32.61934869675042,-0.0333607419999797,1.3892251000000186,0.0323326999999441
1612,26.866667,0,462.75,836.49,-2.8267109946475277,0.0,-32.66489722997089,-0.0333928507197358,1.3891722990800053,0.0323734877095816
1613,26.883333,0,462.3,837.28,-2.8271685397974062,2.220446049250313e-16,-32.672395616943064,-0.0334288362802641,1.3891263009199948,0.0323589672904183
1614,26.9,0,461.15,839.12,-2.853591154466259,0.0,-32.85286866589604,-0.0334799740000642,1.389086199999941,0.0323251800000775
1615,26.916667,0,461.04,839.93,-2.88614215640289,-2.220446049250313e-16,-33.149596246097566,-0.0336640938592141,1.3889185983939532,0.0325471877128207
1616,26.933333,0,459.58,838.49,-2.887585831471157,0.0,-33.159257134085195,-0.0337570481409157,1.3888383016059345,0.032582826287229
1617,26.95,0,458.47,840.91,-2.9063246287054105,0.0,-33.27699194271585,-0.0338072029999649,1.38878080000004,0.0325573300000178
1618,26.966667,0,456.92,842.1,-2.961954449374047,0.0,-33.82217849534513,-0.033832654169716,1.3887259989800236,0.0325119108569866
1619,26.983333,0,456.94,843.41,-2.9630452477915097,0.0,-33.834639700042075,-0.033841139830278,1.388675001020012,0.0324547611430533
1620,27.0,0,455.07,851.15,-2.9917543781099742,0.0,-34.20211310201356,-0.033842415,1.3886238,0.03237874
1621,27.016667,0,454.12,853.67,-3.0205667030291554,-2.220446049250313e-16,-34.47522268208394,-0.0336875787802657,1.3886316995059942,0.0321398654789106
1622,27.033333,0,452.97,857.39,-3.023195102763156,2.220446049250313e-16,-34.50924785694941,-0.0336265952196915,1.3886070004939883,0.0320138175210012
1623,27.05,0,451.42,853.88,-3.0356759537364626,2.220446049250313e-16,-35.10797941584781,-0.0335931599999817,1.388572799999976,0.031934283999953
1624,27.066667,0,451.46,859.68,-3.036958851034793,0.0,-35.13049647985832,-0.0335670395306191,1.3885384993820251,0.0318670258613864
1625,27.083333,0,450.57,862.7,-3.039061632790947,0.0,-35.13220780416871,-0.0335435704694136,1.388507600618018,0.0318100951386931
1626,27.1,0,449.33,866.49,-3.049082558585022,0.0,-35.162485377471576,-0.0335214320000077,1.38847900000001,0.0317460700000223
1627,27.116667,0,447.72,868.3,-3.058199841890451,2.220446049250313e-16,-35.48931739282974,-0.033326908795747,1.3888083019759885,0.0315230651616565
1628,27.133333,0,446.94,869.33,-3.0599764275624146,0.0,-35.4926715741172,-0.033266698204253,1.3889070980240117,0.0313811528383435
1629,27.15,0,447.23,871.47,-3.060526473707616,0.0,-35.61434968173005,-0.0332518440000003,1.388935800000002,0.0312576929999578
1630,27.166667,0,445.58,871.7,-3.061990428337156,0.0,-35.624360171341415,-0.0332527760518815,1.3889412998039945,0.031136961288121
1631,27.183333,0,444.53,870.87,-3.062608467649497,0.0,-35.65414882579456,-0.0332553699481221,1.388931500195992,0.0310013767116895
1632,27.2,0,444.27,870.46,-3.0804640679968345,0.0,-35.881838853171864,-0.0332531930000015,1.388913300000013,0.0308519860001043
1633,27.216667,0,442.56,871.74,-3.081859697026037,2.220446049250313e-16,-36.01360069690745,-0.0332663020960377,1.3890289004579894,0.0310935440319025
1634,27.233333,0,440.54,872.28,-3.081983341725448,0.0,-36.01427711170969,-0.0332711039039588,1.3890517995419946,0.0310451399681312
1635,27.25,0,437.51,871.46,-3.085806744377328,0.0,-36.02525695758432,-0.033267323,1.3890387,0.030890768
1636,27.266667,0,435.54,871.15,-3.0868895746741782,0.0,-36.057228131043125,-0.0332473543600925,1.389013199323992,0.0307023657839108
1637,27.283333,0,436.13,873.26,-3.0870776977409826,0.0,-36.06137907893215,-0.033215360639885,1.388979400675984,0.0304915722159418
1638,27.3,0,435.53,873.53,-3.087441483391917,0.0,-36.07995743929746,-0.0331764630000836,1.3889401999998956,0.0302583020000882
1639,27.316667,0,434.97,872.64,-3.087734603952069,0.0,-36.16089064116174,-0.0332961541943513,1.3887907979520837,0.0303846970694394
1640,27.333333,0,433.94,873.21,-3.0878500767152404,2.220446049250313e-16,-36.1646121129153,-0.0333558718055652,1.3886884020480594,0.0302381689307652
1641,27.35,0,433.53,872.37,-3.0927495958529647,0.0,-36.18366093650213,-0.0334176599999784,1.3885944000000328,0.0299787910000905
1642,27.366667,0,431.94,871.41,-3.1005908554985857,0.0,-36.19565713335183,-0.0334944447866296,1.388503198116011,0.0296518835701032
1643,27.383333,0,430.37,869.2,-3.1123768682977806,0.0,-36.19930329308624,-0.0335837732133703,1.388409001883989,0.0292804014298968
1644,27.4,0,428.39,867.17,-3.112698532095373,0.0,-36.21007922518668,-0.0336841530000449,1.3883107000000308,0.0288868380001703
1645,27.416667,0,427.44,864.54,-3.1147861550105547,0.0,-36.562109298603474,-0.0338128860998611,1.3883990995399866,0.0293746731951565
1646,27.433333,0,426.29,866.21,-3.1149579930278923,-2.220446049250313e-16,-36.56989869527013,-0.0339178719002855,1.388376100459981,0.0293344338047872
1647,27.45,0,425.24,863.83,-3.124761132046415,-2.220446049250313e-16,-36.63389637466087,-0.0340071499999376,1.3883182000000405,0.0291402730001356
1648,27.466667,0,424.07,863.85,-3.1250804274946096,0.0,-36.64281965720251,-0.0340867546351019,1.3882597990860213,0.0289229834678855
1649,27.483333,0,424.1,863.44,-3.130081142753017,0.0,-36.69883038945252,-0.0341685083648409,1.3882141009140103,0.0286963815322727
1650,27.5,0,423.67,865.53,-3.1315714400170944,0.0,-36.76756722100146,-0.034259565,1.3881835,0.028450873
1651,27.516667,0,423.06,865.57,-3.136690950972459,0.0,-36.76756722100146,-0.0345641258029326,1.388000398815986,0.0290943198910587
1652,27.533333,0,422.28,866.28,-3.13900166518302,0.0,-36.76756722100146,-0.0347042651971652,1.3879412011839725,0.0290888731089374
1653,27.55,0,420.74,866.73,-3.141279931429683,0.0,-36.76756722100146,-0.0347888430000399,1.3879189999999937,0.028854522999777
1654,27.566667,0,418.88,868.54,-3.141279931429683,0.0,-36.76756722100146,-0.0348460386809522,1.3879098999620014,0.0285353405128243
1655,27.583333,0,417.15,870.46,-3.141279931429683,0.0,-36.76756722100146,-0.0348800863190001,1.387908000038001,0.0282109814876288
1656,27.6,0,416.69,872.43,-3.141279931429683,0.0,-36.76756722100146,-0.0348872999999974,1.3879084999999998,0.0279222580001008
1657,27.616667,0,416.05,877.06,-3.141279931429683,0.0,-36.76756722100146,-0.0351805252239728,1.3877711997220017,0.028860372107696
1658,27.633333,0,414.99,876.79,-3.141279931429683,2.220446049250313e-16,-36.76756722100146,-0.0352417217760271,1.3877573002779984,0.0290657498923038
1659,27.65,0,412.48,877.86,-3.141279931429683,0.0,-36.76756722100146,-0.0352354939999949,1.3877861000000151,0.029031645999951
1660,27.666667,0,409.56,880.17,-3.141279931429683,0.0,-36.76756722100146,-0.035221139966999,1.3878300011200324,0.0288915040343045
1661,27.683333,0,407.25,880.64,-3.141279931429683,0.0,-36.76756722100146,-0.0352194900329986,1.3878859988800456,0.0286932329654184
1662,27.7,0,404.8,882.86,-3.141279931429683,0.0,-36.76756722100146,-0.0352314899999916,1.387954999999952,0.0284479190001713
1663,27.716667,0,403.55,883.08,-3.141279931429683,0.0,-36.76756722100146,-0.0352601857448859,1.3878284007659822,0.0294673783946176
1664,27.733333,0,402.83,885.04,-3.141279931429683,-2.220446049250313e-16,-36.76756722100146,-0.0352474302551229,1.3878666992339912,0.0296871056052288
1665,27.75,0,403.03,885.71,-3.141279931429683,0.0,-36.76756722100146,-0.03521254,1.3879426,0.029684309
1666,27.766667,0,404.24,885.76,-3.141279931429683,2.220446049250313e-16,-36.76756722100146,-0.035157876713345,1.3880135011720136,0.0296354080327887
1667,27.783333,0,404.23,885.99,-3.141279931429683,0.0,-36.76756722100146,-0.03509354728661,1.3880720988280273,0.0295870499671774
1668,27.8,0,405.64,886.09,-3.141279931429683,0.0,-36.76756722100146,-0.0350323100001339,1.3881240999996116,0.0295269970010621
1669,27.816667,0,402.9,885.74,-3.141279931429683,0.0,-36.76756722100146,-0.035224110341666,1.3875679974541038,0.0310475769027772
1670,27.833333,0,400.5,885.67,-3.141279931429683,-2.220446049250313e-16,-36.76756722100146,-0.03524119365831,1.387440702546074,0.0314927160966008
1671,27.85,0,395.94,883.34,-3.141279931429683,0.0,-36.76756722100146,-0.0352110560000105,1.3874617999999928,0.0315835139999683
1672,27.866667,0,392.23,884.66,-3.141279931429683,0.0,-36.76756722100146,-0.0351682589511261,1.3875347018219897,0.0315755265382626
1673,27.883333,0,390.19,885.5,-3.141279931429683,0.0,-36.76756722100146,-0.0351158170488739,1.3876257981780105,0.0315524404617373
1674,27.9,0,388.53,885.16,-3.141279931429683,0.0,-36.76756722100146,-0.0350541140000732,1.3877174999998767,0.0315325820002684
1675,27.916667,0,386.65,884.62,-3.141279931429683,0.0,-36.76756722100146,-0.0352638404252123,1.3873645984699554,0.0323013600678474
1676,27.933333,0,383.03,884.96,-3.141279931429683,-2.220446049250313e-16,-36.76756722100146,-0.0352850995748173,1.3872881015299376,0.0325547349325065
1677,27.95,0,380.56,884.77,-3.141279931429683,0.0,-36.76756722100146,-0.0352573250000194,1.3872978999999932,0.0326346529999441
1678,27.966667,0,377.52,884.57,-3.141279931429683,0.0,-36.76756722100146,-0.0352322159886802,1.3873379010739748,0.0326542030198995
1679,27.983333,0,374.81,886.2,-3.141279931429683,0.0,-36.76756722100146,-0.0352316500113201,1.3873915989259875,0.0326551979800997
1680,28.0,0,373.91,889.47,-3.141279931429683,0.0,-36.76756722100146,-0.035260744,1.3874539,0.03264858
1681,28.016667,0,370.8,889.97,-3.141279931429683,0.0,-36.76756722100146,-0.0353102857629138,1.3875149965219595,0.0326492564443801
1682,28.033333,0,371.46,888.93,-3.141279931429683,0.0,-36.76756722100146,-0.0357984062374273,1.387341103477919,0.0328214665557402
1683,28.05,0,371.1,886.47,-3.141279931429683,0.0,-36.76756722100146,-0.0359884500000566,1.3873047000000072,0.0328856330000351
1684,28.066667,0,370.11,886.6,-3.141279931429683,2.220446049250313e-16,-36.76756722100146,-0.036069560783408,1.387314900763969,0.0329359312475491
1685,28.083333,0,368.53,886.99,-3.141279931429683,-2.220446049250313e-16,-36.76756722100146,-0.0361087312165371,1.3873530992359775,0.0329983087523636
1686,28.1,0,368.06,889.08,-3.141279931429683,2.220446049250313e-16,-36.76756722100146,-0.0361363799999903,1.3874124999999793,0.0330810199999711
1687,28.116667,0,366.88,890.6,-3.1315714400170944,0.0,-36.76756722100146,-0.0364137625865049,1.3871006985700085,0.0334305278224977
1688,28.133333,0,366.94,890.85,-3.130081142753017,2.220446049250313e-16,-36.76756722100146,-0.036543083413495,1.3870292014299916,0.0336216461775022
1689,28.15,0,365.8,897.35,-3.1260748801040696,0.0,-36.76756722100146,-0.0366274270000221,1.387038800000013,0.0337548960000432
1690,28.166667,0,365.69,901.67,-3.1250804274946096,2.220446049250313e-16,-36.69883038945252,-0.0366908009007462,1.3870758007100208,0.0338788521072013
1691,28.183333,0,363.74,904.32,-3.124761132046415,0.0,-36.64281965720251,-0.0367358350993167,1.387111299290029,0.0339842048929458
1692,28.2,0,363.38,905.74,-3.119392253272282,0.0,-36.63389637466087,-0.0367638599999804,1.3871383999999811,0.0340854969999292
1693,28.216667,0,361.72,905.82,-3.1149579930278923,0.0,-36.21007922518668,-0.0367414361427366,1.3871670001639962,0.0339602124725489
1694,28.233333,0,360.47,906.63,-3.1147861550105547,0.0,-36.19930329308624,-0.0367485728572583,1.387175199835998,0.0339838395274345
1695,28.25,0,357.59,907.98,-3.112698532095373,0.0,-36.19565713335183,-0.036764383,1.3871733,0.034053683
1696,28.266667,0,355.66,911.7,-3.1123768682977806,0.0,-36.18366093650213,-0.0367769799545994,1.387157599403993,0.0341395756871996
1697,28.283333,0,353.65,914.08,-3.1005908554985857,0.0,-36.1646121129153,-0.0367747100453989,1.3871278005959862,0.0342239313128592
1698,28.3,0,350.8,914.64,-3.100209756295074,0.0,-36.16089064116174,-0.036761753000015,1.387087799999899,0.0342984649997841
1699,28.316667,0,349.14,914.39,-3.0927495958529647,2.220446049250313e-16,-36.07995743929746,-0.0367832629310028,1.3869430985140607,0.0339895134136246
1700,28.333333,0,347.85,915.97,-3.0878500767152404,0.0,-36.06137907893215,-0.036779813069002,1.3868688014860433,0.0339101945864861
1701,28.35,0,348.01,914.82,-3.087734603952069,0.0,-36.02525695758432,-0.0367690920000037,1.3868194000000174,0.0339030660000024
1702,28.366667,0,346.67,914.33,-3.0870776977409826,0.0,-36.01427711170969,-0.036747946309784,1.3867774992780042,0.0339216604218975
1703,28.383333,0,345.69,913.93,-3.0868895746741782,0.0,-36.01360069690745,-0.0367134366902159,1.3867414007219958,0.0339427545781024
1704,28.4,0,344.28,913.7,-3.085806744377328,0.0,-35.881838853171864,-0.0366674440000433,1.3867114999999373,0.0339529629998872
1705,28.416667,0,342.18,911.87,-3.081983341725448,0.0,-35.61434968173005,-0.0367915199901397,1.386531798317951,0.0336300144953471
1706,28.433333,0,339.91,912.0,-3.081859697026037,0.0,-35.554043812671324,-0.0367910270098595,1.3864477016819314,0.0335047905044779
1707,28.45,0,338.52,911.71,-3.081859697026037,0.0,-35.54952472764936,-0.0367477540000302,1.3863891000000408,0.0334499550000383
1708,28.466667,0,338.2,911.39,-3.081859697026037,0.0,-35.4926715741172,-0.0366849585943327,1.3863304985500338,0.0334133008614265
1709,28.483333,0,337.61,911.51,-3.081859697026037,0.0,-35.48931739282974,-0.0366146764057163,1.3862580014500168,0.0333563731386132
1710,28.5,0,337.0,910.64,-3.081859697026037,0.0,-35.162485377471576,-0.036540717,1.3861732,0.033285074
1711,28.516667,0,337.82,908.39,-3.0804640679968345,0.0,-35.13220780416871,-0.0356422837347269,1.3875843079440928,0.0338382889592228
1712,28.533333,0,337.61,908.97,-3.0789451430353427,0.0,-35.13049647985832,-0.035329036265054,1.387981492056185,0.0339362450408456
1713,28.55,0,337.9,909.62,-3.0775230228904222,0.0,-34.74671225867059,-0.035202756999959,1.3880590999999805,0.0338978299999411
1714,28.566667,0,335.15,908.73,-3.062608467649497,0.0,-34.38496090383369,-0.0351441793336271,1.3880309985680583,0.0338135883150086
1715,28.583333,0,335.48,900.05,-3.061990428337156,2.220446049250313e-16,-34.30947589846145,-0.0351108606664194,1.3879594014320416,0.033729338685109
1716,28.6,0,335.18,904.0,-3.060526473707616,-2.220446049250313e-16,-33.94475092740307,-0.0350834060000095,1.3878739000000295,0.03364322000003
1717,28.616667,0,333.71,906.66,-3.0599764275624146,0.0,-32.95383107257634,-0.0350638922486843,1.3878739991820048,0.033992783358232
1718,28.633333,0,332.61,902.03,-3.058199841890451,0.0,-32.91724943345257,-0.0350263277513156,1.3878331008179952,0.0340606926417678
1719,28.65,0,332.98,901.39,-3.0506173484216705,0.0,-32.05517228066223,-0.0349799399999817,1.3877874999999824,0.0340353199999813
1720,28.666667,0,332.35,901.33,-3.0503948262530787,0.0,-31.713314332081005,-0.0349275236747214,1.3877374988039652,0.0339819514792957
1721,28.683333,0,328.41,901.73,-3.0497794083208687,0.0,-31.71195271671647,-0.034861264325186,1.3876777011959514,0.033905921520598
1722,28.7,0,323.32,902.03,-3.049082558585022,0.0,-31.68830111024979,-0.034773845000061,1.387613300000045,0.0338230730000578
1723,28.716667,0,320.22,903.43,-3.049082558585022,0.0,-31.57776993175765,-0.0347138547985112,1.3873989981500432,0.0339310108882193
1724,28.733333,0,318.44,904.59,-3.049082558585022,0.0,-31.577206802286447,-0.0346037822015656,1.3873065018500217,0.0339754211117496
1725,28.75,0,316.13,906.15,-3.049082558585022,0.0,-31.572776506825768,-0.03447584,1.3872614,0.03400225
1726,28.766667,0,311.19,907.94,-3.0497794083208687,0.0,-31.572776506825768,-0.0343436795681716,1.387239699986,0.0340242651226214
1727,28.783333,0,308.64,907.63,-3.0497794083208687,0.0,-31.572776506825768,-0.0342220944317433,1.3872390000139998,0.0340303958773828
1728,28.8,0,305.7,912.19,-3.0497794083208687,0.0,-31.572776506825768,-0.0341169100000325,1.387249500000017,0.0340333500000957
1729,28.816667,0,302.26,915.07,-3.0497794083208687,0.0,-31.572776506825768,-0.0341635632069923,1.387273600293988,0.0341703909388617
1730,28.833333,0,300.29,915.36,-3.0497794083208687,0.0,-31.572776506825768,-0.034123912793063,1.3872882997059914,0.0342173340610726
1731,28.85,0,299.48,917.2,-3.0497794083208687,0.0,-31.572776506825768,-0.034049340000026,1.3872951999999976,0.0342611099999847
1732,28.866667,0,298.84,917.02,-3.0497794083208687,0.0,-31.572776506825768,-0.0339602080536113,1.387296000006,0.03432613371267
1733,28.883333,0,298.22,917.57,-3.0497794083208687,0.0,-31.572776506825768,-0.0338628919463886,1.3872962999940002,0.0344117642873299
1734,28.9,0,298.99,920.7,-3.0497794083208687,0.0,-31.572776506825768,-0.0337565239998792,1.3873162000003088,0.0345263399993393
1735,28.916667,0,301.22,923.53,-3.0497794083208687,0.0,-31.572776506825768,-0.0334108140441339,1.388200006726196,0.0326343077214808
1736,28.933333,0,300.85,923.58,-3.0497794083208687,0.0,-31.572776506825768,-0.0332630309556595,1.388536293274274,0.0321204172778011
1737,28.95,0,299.9,922.76,-3.0497794083208687,0.0,-31.572776506825768,-0.0331840500000551,1.3887074999998803,0.032038767000057
1738,28.966667,0,297.33,922.92,-3.0497794083208687,0.0,-31.572776506825768,-0.0331308420987609,1.3888290021799494,0.0321030156350786
1739,28.983333,0,296.43,922.91,-3.0497794083208687,0.0,-31.572776506825768,-0.0330857809012704,1.3889379978199747,0.0322347673648293
1740,29.0,0,295.49,922.82,-3.0497794083208687,0.0,-31.572776506825768,-0.03304535,1.3890549,0.032419767
1741,29.016667,0,293.78,923.29,-3.0497794083208687,0.0,-31.572776506825768,-0.0334114085228694,1.3894851047220549,0.0319939185276461
1742,29.033333,0,290.52,923.65,-3.0497794083208687,0.0,-31.572776506825768,-0.0335375454772187,1.38972119527811,0.0320202994723722
1743,29.05,0,286.89,923.49,-3.0497794083208687,0.0,-31.572776506825768,-0.0335957260000352,1.389906600000119,0.0322105100001748
1744,29.066667,0,283.6,923.15,-3.0497794083208687,0.0,-31.572776506825768,-0.0336462342685683,1.3900771033478636,0.032460803495616
1745,29.083333,0,279.35,924.1,-3.0497794083208687,0.0,-31.572776506825768,-0.033709662731343,1.3902444966519028,0.032735584504
1746,29.1,0,274.73,924.5,-3.0497794083208687,0.0,-31.572776506825768,-0.0337910949999715,1.3904051999999438,0.0330249479998989
1747,29.116667,0,269.77,924.85,-3.0497794083208687,0.0,-31.572776506825768,-0.0341083935520993,1.3904900022279871,0.0332344955248278
1748,29.133333,0,265.71,924.85,-3.0497794083208687,0.0,-31.572776506825768,-0.0342859924479006,1.3906013977720129,0.0335107274751721
1749,29.15,0,262.62,925.26,-3.0497794083208687,0.0,-31.572776506825768,-0.0344110280000361,1.3907226000000417,0.0338243950001113
1750,29.166667,0,261.95,924.32,-3.0497794083208687,0.0,-31.572776506825768,-0.034514414028699,1.3908422023600686,0.034143266290583
1751,29.183333,0,260.34,924.23,-3.0497794083208687,0.0,-31.572776506825768,-0.0346158419714426,1.3909601976400965,0.0344577737098563
1752,29.2,0,259.48,924.25,-3.0497794083208687,0.0,-31.572776506825768,-0.034723129999925,1.3910780999999175,0.0347747729997785
1753,29.216667,0,257.18,923.78,-3.0497794083208687,0.0,-31.572776506825768,-0.0345692046641045,1.3907728992400177,0.0354254584282037
1754,29.233333,0,253.82,924.35,-3.0497794083208687,0.0,-31.572776506825768,-0.0346024093358722,1.390734900760009,0.0358468615715019
1755,29.25,0,252.82,926.91,-3.0497794083208687,0.0,-31.572776506825768,-0.034688815,1.3907824,0.036218602
1756,29.266667,0,251.78,930.85,-3.0497794083208687,0.0,-31.572776506825768,-0.0347904169607228,1.390862501900022,0.0365941006663693
1757,29.283333,0,251.08,939.51,-3.0497794083208687,0.0,-31.572776506825768,-0.0348884480393456,1.3909574981000443,0.0369773993338985
1758,29.3,0,249.78,940.14,-3.0497794083208687,0.0,-31.572776506825768,-0.0349724000003624,1.391064200000342,0.0373648849985316
1759,29.316667,0,249.15,941.66,-3.0497794083208687,0.0,-31.572776506825768,-0.0354913219760779,1.391554004245827,0.0352627815674036
1760,29.333333,0,246.14,944.53,-3.0497794083208687,0.0,-31.572776506825768,-0.0356901260236442,1.3917662957538763,0.0348411514331854
1761,29.35,0,243.95,947.28,-3.0497794083208687,0.0,-31.572776506825768,-0.0357890649999654,1.391900899999953,0.0349521229999612
1762,29.366667,0,242.26,951.06,-3.0497794083208687,0.0,-31.572776506825768,-0.0358530138860348,1.3920152021099876,0.0352372931336384
1763,29.383333,0,239.45,953.53,-3.0497794083208687,0.0,-31.572776506825768,-0.0358973141139651,1.3921206978900122,0.0355939628663614
1764,29.4,0,236.48,955.42,-3.0497794083208687,0.0,-31.572776506825768,-0.0359328869999481,1.3922235000000025,0.0359773300000542
1765,29.416667,0,234.54,957.74,-3.0497794083208687,0.0,-31.572776506825768,-0.0357844973882821,1.3922306010480303,0.0361327923158638
1766,29.433333,0,231.9,960.96,-3.0497794083208687,0.0,-31.572776506825768,-0.035753913611675,1.3922829989520429,0.0364485636845773
1767,29.45,0,231.42,962.96,-3.0497794083208687,0.0,-31.572776506825768,-0.0357645149999925,1.3923369999999622,0.0367999929997545
1768,29.466667,0,229.76,964.58,-3.0497794083208687,0.0,-31.572776506825768,-0.0358015381057942,1.392385400685984,0.0371523368950794
1769,29.483333,0,228.13,964.78,-3.0497794083208687,0.0,-31.572776506825768,-0.0358568268941671,1.392419699313992,0.0374970851046797
1770,29.5,0,226.6,964.76,-3.0497794083208687,0.0,-31.572776506825768,-0.035916764,1.3924316,0.037824955
1771,29.516667,0,224.13,965.34,-3.0497794083208687,0.0,-31.572776506825768,-0.0356286084337017,1.3923910993299922,0.0380633750361187
1772,29.533333,0,223.44,964.57,-3.0497794083208687,0.0,-31.572776506825768,-0.0355502975662435,1.3923576006699845,0.0383151679640572
1773,29.55,0,221.92,964.66,-3.0497794083208687,0.0,-31.572776506825768,-0.0355351270000035,1.392328899999988,0.0385829500001928
1774,29.566667,0,220.66,964.56,-3.0497794083208687,0.0,-31.572776506825768,-0.0355402231373944,1.3923115999660014,0.0388590958707007
1775,29.583333,0,219.71,964.89,-3.0497794083208687,0.0,-31.572776506825768,-0.035547092862596,1.3923099000340011,0.0391526311288891
1776,29.6,0,220.35,966.05,-3.0497794083208687,0.0,-31.572776506825768,-0.0355558699999969,1.3923289999999933,0.0394586319998931
1777,29.616667,0,220.03,966.07,-3.0497794083208687,0.0,-31.572776506825768,-0.0354030273439038,1.3918112968000187,0.0386848726327137
1778,29.633333,0,219.31,966.37,-3.0503948262530787,0.0,-31.572776506825768,-0.0353702236560961,1.391651303199981,0.0385665123672862
1779,29.65,0,218.88,965.72,-3.0506173484216705,0.0,-31.572776506825768,-0.0353712740000006,1.391590099999986,0.0386596100000652
1780,29.666667,0,217.55,965.08,-3.0775230228904222,0.0,-31.572776506825768,-0.0353729759128774,1.3915500991879763,0.0388466146258746
1781,29.683333,0,216.53,964.33,-3.0789451430353427,0.0,-31.572776506825768,-0.0353686200871164,1.391509500811967,0.0390778923744484
1782,29.7,0,215.28,963.74,-3.091973837028717,0.0,-31.577206802286447,-0.0353596500000062,1.39146660000003,0.0393307059998234
1783,29.716667,0,214.19,963.41,-3.092350009416911,0.0,-31.68830111024979,-0.0352000295428106,1.3911677976580543,0.0371125680174789
1784,29.733333,0,213.46,964.82,-3.1001233875145875,0.0,-31.71195271671647,-0.0351771704572053,1.391050702342027,0.0365134519829394
1785,29.75,0,211.96,964.89,-3.1006215824606844,0.0,-31.713314332081005,-0.035219304,1.3910117,0.036437873
1786,29.766667,0,211.44,965.49,-3.1222603430065896,0.0,-32.44269719587122,-0.035291061464897,1.3910182007120082,0.0365480739120456
1787,29.783333,0,210.61,965.99,-3.1223006226953007,0.0,-32.44617589185658,-0.0353643025351541,1.3910537992880163,0.0367436660880911
1788,29.8,0,211.88,967.8,-3.2049184719389983,0.0,-32.70051369511983,-0.035428687999847,1.3910961999999696,0.0369698849991421
1789,29.816667,0,210.6,970.26,-3.2600047070910927,-2.220446049250313e-16,-32.87796713029452,-0.0352097516800937,1.3910525002159912,0.0357418489786046
1790,29.833333,0,209.26,973.97,-3.260049510822148,0.0,-32.88128209467892,-0.0351437563199984,1.3910632997839936,0.0354907790217461
1791,29.85,0,206.65,976.65,-3.262698519304528,-2.220446049250313e-16,-33.03065344567215,-0.0351151820000099,1.3910926999999895,0.0355570199999768
1792,29.866667,0,203.77,981.53,-3.2769386505725016,0.0,-33.03837795733657,-0.0351044052444585,1.391137800883995,0.0357049468661033
1793,29.883333,0,198.98,985.05,-3.277195590558779,0.0,-33.132733879681865,-0.0351166277555414,1.391181999116005,0.0358482471338966
1794,29.9,0,193.19,986.0,-3.2840737599912355,-2.220446049250313e-16,-33.19637669226443,-0.0351489799998924,1.3912194999999907,0.035927299999571
1795,29.916667,0,189.76,986.18,-3.285322160911624,0.0,-33.35691819673012,-0.0348409250314827,1.3911927996839908,0.034698779661019
1796,29.933333,0,183.73,989.27,-3.2995418623070463,0.0,-33.36570655097677,-0.0347425059683797,1.3911770003159871,0.0341818663382587
1797,29.95,0,179.53,990.59,-3.317103772385784,-2.220446049250313e-16,-33.39155388040619,-0.0347018900000283,1.3911594000000125,0.0338986700001978
1798,29.966667,0,176.1,988.62,-3.331797938744114,0.0,-33.595550110247935,-0.0346674311449799,1.391130299054022,0.0337340384446962
1799,29.983333,0,174.23,992.97,-3.345444633026473,-2.220446049250313e-16,-33.67356814961301,-0.0346246808550499,1.3910830009460111,0.0336562745553581
1800,30.0,0,173.29,996.0,-3.347579339065688,0.0,-33.70499022155496,-0.03457907,1.3910083,0.033635348
1801,30.016667,0,172.76,1003.62,-3.364794124632194,0.0,-33.733227074865404,-0.0343524354171815,1.3907440964279585,0.0329238043933346
1802,30.033333,0,172.99,1009.69,-3.3650704323058105,0.0,-33.74462787496866,-0.0342732985827631,1.3905655035719169,0.0326434856064694
1803,30.05,0,173.05,1010.71,-3.3784386934077566,-2.220446049250313e-16,-33.88790738700233,-0.0342625640000209,1.390415899999902,0.0324399399998319
1804,30.066667,0,174.15,1012.13,-3.3884362460172865,0.0,-33.97526596219376,-0.0342925571618326,1.3902753973321087,0.0321994209755654
1805,30.083333,0,172.96,1014.84,-3.3944188053165942,0.0,-34.03210332282816,-0.0343506488380861,1.3901420026680775,0.0318981990248553
1806,30.1,0,170.66,1016.13,-3.395712039404879,0.0,-34.07242141093694,-0.0344251399999739,1.390016100000044,0.0315777850001118
1807,30.116667,0,169.67,1016.28,-3.3990920740019424,-2.220446049250313e-16,-34.0841716697073,-0.0345648657655497,1.3899957984600089,0.0319915391719048
1808,30.133333,0,171.31,1017.04,-3.400263001287128,0.0,-34.118987310679856,-0.0346531402344502,1.389918801539991,0.0319501358280951
1809,30.15,0,171.05,1016.82,-3.406382192343131,0.0,-34.162043683633364,-0.0347126420000171,1.3898398999999793,0.0317716669999181
1810,30.166667,0,168.84,1016.06,-3.4125449940149206,0.0,-34.42944259402529,-0.0347618060565907,1.3897807993539812,0.0315372706699248
1811,30.183333,0,167.22,1016.37,-3.413923155166972,0.0,-34.42989795014653,-0.034814631943483,1.3897485006459738,0.0312707853297028
1812,30.2,0,165.65,1017.53,-3.421390964482916,2.220446049250313e-16,-34.71663897347621,-0.0348764699999568,1.389739900000006,0.0309831600002009
1813,30.216667,0,163.15,1018.71,-3.4314003901731143,2.220446049250313e-16,-34.78355050277342,-0.0349263713638682,1.38992810129397,0.0316221206047259
1814,30.233333,0,159.37,1020.14,-3.431671146794885,-2.220446049250313e-16,-34.94855551466919,-0.0349945636360841,1.3899927987059848,0.0316523563952529
1815,30.25,0,154.81,1020.57,-3.4482055991733285,2.220446049250313e-16,-34.99004054277917,-0.035073403,1.3899935,0.031496283
1816,30.266667,0,149.91,1020.76,-3.4490657746718534,0.0,-35.01537526201829,-0.0351554617304201,1.3899504986819846,0.0312984961008745
1817,30.283333,0,146.05,1021.86,-3.4533373823293085,0.0,-35.047945868828265,-0.0352419782696403,1.389884601317969,0.0311035498989891
1818,30.3,0,141.61,1022.19,-3.4656112307110085,0.0,-35.24765426084922,-0.0353380069999981,1.3898159000001398,0.0309030450006149
1819,30.316667,0,137.55,1021.56,-3.508222073404578,0.0,-35.25152141865048,-0.035335378692691,1.3900157013579446,0.0317833829663191
1820,30.333333,0,133.25,1021.59,-3.5099213379515075,0.0,-35.28809487557783,-0.0354200133071907,1.3900835986419606,0.0319316990334736
1821,30.35,0,130.5,1021.4,-3.5438324137479515,0.0,-35.29013695172734,-0.0355495769999547,1.3901133999999895,0.0318145450000409
1822,30.366667,0,126.54,1023.87,-3.60392136873536,0.0,-35.298416182028014,-0.0357024101262418,1.3901263000039998,0.0316116255358259
1823,30.383333,0,124.75,1024.27,-3.604323915869846,0.0,-35.345723305316824,-0.0358587168737581,1.390126499996,0.031388424464174
1824,30.4,0,122.89,1022.76,-3.613687329218556,0.0,-35.45202316555,-0.036001175999906,1.390114199999994,0.0311494200002233
1825,30.416667,0,121.24,1022.75,-3.620619982124071,0.0,-35.50407491972007,-0.0357320042607984,1.3900972997259922,0.0317890430031091
1826,30.433333,0,117.45,1023.51,-3.621147592976052,0.0,-35.51230430740613,-0.0356950467391498,1.390083600273989,0.0318391949969608
1827,30.45,0,115.96,1030.47,-3.637884349507174,0.0,-35.56763938426506,-0.0357390119999692,1.3900765000000048,0.0317018140000959
1828,30.466667,0,116.53,1033.39,-3.69264401535023,0.0,-35.625934867124336,-0.0358069313969674,1.3900795001339967,0.0315086388067576
1829,30.483333,0,117.14,1034.31,-3.6936759852028014,2.220446049250313e-16,-35.68590952497443,-0.0358767786029837,1.3900861998659986,0.0312989801933887
1830,30.5,0,117.18,1035.44,-3.7200927780148647,-2.220446049250313e-16,-35.71676248604797,-0.035949335,1.3900957,0.031094119
1831,30.516667,0,117.96,1035.7,-3.793118994418523,0.0,-36.21931416757094,-0.0355219632824799,1.3899156991799904,0.0315306070741408
1832,30.533333,0,117.36,1035.52,-3.793323008284361,0.0,-36.21989338728329,-0.03543609171746,1.389874700819981,0.0315343139258617
1833,30.55,0,117.15,1038.41,-3.826992863136661,0.0,-36.913916080940034,-0.0354560600000294,1.3898735000000113,0.031385269999865
1834,30.566667,0,116.13,1045.21,-3.842641803653952,-2.220446049250313e-16,-37.11537387615658,-0.035498248005619,1.389889700535978,0.031192109122358
1835,30.583333,0,116.05,1047.26,-3.84468301858388,0.0,-37.13574952133815,-0.0355485289943107,1.3899164994639843,0.0309982268779128
1836,30.6,0,116.33,1047.74,-3.8650677535621822,0.0,-37.24838167111532,-0.0356087699999789,1.389948099999989,0.0308069180000667
1837,30.616667,0,116.87,1049.35,-3.94795223459776,0.0,-37.664885861514016,-0.0350641269495377,1.3896932988420068,0.0315195121906872
1838,30.633333,0,116.55,1049.36,-3.9481601656590097,0.0,-37.66674815208065,-0.0349116090504622,1.3896354011579932,0.0316290428093127
1839,30.65,0,116.21,1049.35,-3.970742505002027,0.0,-37.68535503151566,-0.0348817860000054,1.3896390000000078,0.0315117579999278
1840,30.666667,0,116.37,1049.71,-4.009347185780485,0.0,-37.73815584626286,-0.0348974608658251,1.3896610005980174,0.0313051778511301
1841,30.683333,0,115.1,1050.34,-4.009464432914746,0.0,-37.776287683676834,-0.0349407491342352,1.3896908994020245,0.0310477521485102
1842,30.7,0,114.57,1050.06,-4.02418979019392,-2.220446049250313e-16,-37.87034962651734,-0.0350051749999549,1.389716699999982,0.0307560230002037
1843,30.716667,0,114.12,1049.79,-4.027824225404773,0.0,-37.896413294154655,-0.0347487324486728,1.389560699226018,0.0307796831543062
1844,30.733333,0,113.33,1049.75,-4.028030153184489,0.0,-37.90025281024488,-0.0347211665513464,1.389522000774009,0.0306374008457931
1845,30.75,0,112.22,1050.85,-4.049743414375166,0.0,-37.90336714802533,-0.034767512,1.389519,0.030453207
1846,30.766667,0,111.32,1049.83,-4.111456199562085,0.0,-38.13091349622656,-0.0348348613423556,1.389527800184002,0.0302541026731695
1847,30.783333,0,110.59,1050.95,-4.112424251103567,0.0,-38.13144724326404,-0.0349019756576912,1.3895369998160043,0.0300377723266792
1848,30.8,0,108.98,1050.72,-4.120142187025799,0.0,-38.14126189792214,-0.034969314999793,1.3895506999997536,0.0298006940000342
1849,30.816667,0,108.13,1050.71,-4.120142187025799,0.0,-38.15985721540803,-0.0346730792057323,1.3891977981820742,0.0298497943819666
1850,30.833333,0,108.84,1049.41,-4.120142187025799,0.0,-38.16599061173288,-0.0346333657943231,1.3891069018180529,0.0297188926182162
1851,30.85,0,108.27,1051.53,-4.120142187025799,0.0,-38.25850392147283,-0.0346846129999821,1.3891081999999997,0.029527001000067
1852,30.866667,0,109.07,1049.75,-4.120142187025799,0.0,-38.31692316677664,-0.0347718919219888,1.389140000673996,0.0293108143751069
1853,30.883333,0,108.47,1051.02,-4.120142187025799,0.0,-38.36128940086693,-0.0348679880780111,1.3891736993260038,0.0290795776248931
1854,30.9,0,108.62,1051.74,-4.120142187025799,0.0,-38.36128940086693,-0.0349495999999072,1.3892049999999874,0.0288421290001968
1855,30.916667,0,109.88,1051.39,-4.120142187025799,0.0,-38.36128940086693,-0.0346840044616352,1.3891688997439926,0.0294058802852174
1856,30.933333,0,110.04,1049.98,-4.120142187025799,2.220446049250313e-16,-38.36128940086693,-0.0346070915382573,1.3891561002559896,0.0294701367148723
1857,30.95,0,110.32,1049.55,-4.120142187025799,-2.220446049250313e-16,-38.36128940086693,-0.0345905570000115,1.3891468000000065,0.0293634090000745
1858,30.966667,0,110.48,1048.67,-4.120142187025799,0.0,-38.36128940086693,-0.0345947561806757,1.3891342997000071,0.0291929088093775
1859,30.983333,0,110.0,1048.69,-4.120142187025799,-2.220446049250313e-16,-38.36128940086693,-0.0346037898193179,1.3891193003000035,0.0289833811907687
1860,31.0,0,108.12,1047.17,-4.120142187025799,0.0,-38.36128940086693,-0.034610808,1.3891091,0.028744046
1861,31.016667,0,107.37,1049.29,-4.120142187025799,0.0,-38.36128940086693,-0.0345025456840446,1.3889277991679905,0.0288405889272274
1862,31.033333,0,106.32,1052.22,-4.120142187025799,0.0,-38.36128940086693,-0.0344367513159093,1.3888862008319809,0.028786953072735
1863,31.05,0,104.71,1052.42,-4.120142187025799,0.0,-38.36128940086693,-0.034363865999932,1.3889059000000374,0.0286939519999355
1864,31.066667,0,104.34,1054.75,-4.120142187025799,0.0,-38.36128940086693,-0.0342665676621552,1.3889595014359415,0.0286017001919736
1865,31.083333,0,104.62,1055.3,-4.120142187025799,0.0,-38.36128940086693,-0.034149675338008,1.3890312985639583,0.0285112988081526
1866,31.1,0,103.94,1055.34,-4.120142187025799,0.0,-38.36128940086693,-0.0340285080000423,1.38911799999997,0.0284254400000299
1867,31.116667,0,104.51,1056.77,-4.120142187025799,0.0,-38.36128940086693,-0.0339179580325314,1.3891817023139863,0.0288805948964031
1868,31.133333,0,102.85,1057.21,-4.120142187025799,0.0,-38.36128940086693,-0.0338195879674685,1.3892973976860137,0.0290254101035968
1869,31.15,0,102.15,1050.44,-4.120142187025799,0.0,-38.36128940086693,-0.0337449399999816,1.3894210000000382,0.0290634370000029
1870,31.166667,0,100.05,1061.73,-4.120142187025799,-2.220446049250313e-16,-38.36128940086693,-0.0336924520976337,1.3895303020060583,0.0290717545247352
1871,31.183333,0,98.57,1062.95,-4.120142187025799,0.0,-38.36128940086693,-0.0336473369023032,1.3896305979940815,0.0290979894753013
1872,31.2,0,99.31,1065.9,-4.120142187025799,0.0,-38.36128940086693,-0.0336018430000317,1.389714799999941,0.02914089299997
1873,31.216667,0,98.55,1068.72,-4.120142187025799,0.0,-38.36128940086693,-0.0336752833877309,1.3896540002739937,0.0292185381952688
1874,31.233333,0,98.85,1070.12,-4.120142187025799,0.0,-38.36128940086693,-0.0336946696122554,1.389667699725997,0.0293282998046544
1875,31.25,0,100.04,1069.31,-4.120142187025799,0.0,-38.36128940086693,-0.033700034,1.389704,0.029433459
1876,31.266667,0,99.91,1070.57,-4.120142187025799,0.0,-38.36128940086693,-0.0337077603884845,1.3897413007520087,0.0295083270257319
1877,31.283333,0,99.86,1069.6,-4.120142187025799,0.0,-38.36128940086693,-0.033727183611529,1.3897788992480176,0.0295596109743038
1878,31.3,0,99.81,1068.52,-4.120142187025799,0.0,-38.36128940086693,-0.0337729450001805,1.389808499999666,0.0295802319998045
1879,31.316667,0,98.07,1071.51,-4.120142187025799,0.0,-38.36128940086693,-0.0340314094622989,1.3893303963061503,0.0293003653643259
1880,31.333333,0,97.62,1072.29,-4.120142187025799,0.0,-38.36128940086693,-0.0342045245374592,1.3891457036941075,0.0292685816357185
1881,31.35,0,96.6,1070.18,-4.120142187025799,0.0,-38.36128940086693,-0.0343599899999457,1.3890435000000358,0.0293418279999744
1882,31.366667,0,95.62,1069.8,-4.120142187025799,0.0,-38.36128940086693,-0.0345138190669421,1.388969398620008,0.0294802483662204
1883,31.383333,0,95.52,1069.3,-4.120142187025799,0.0,-38.36128940086693,-0.0346671609330578,1.388900401379992,0.0296485536337795
1884,31.4,0,95.39,1071.01,-4.120142187025799,0.0,-38.36128940086693,-0.0348262040000669,1.388827799999942,0.0298125859998471
1885,31.416667,0,95.25,1070.71,-4.120142187025799,0.0,-38.36128940086693,-0.0350179294678209,1.388661598001942,0.0293749017806445
1886,31.433333,0,94.36,1071.19,-4.120142187025799,0.0,-38.36128940086693,-0.0351913085324213,1.3885617019979184,0.0293139382192703
1887,31.45,0,93.84,1070.8,-4.120142187025799,0.0,-38.36128940086693,-0.0353641959998792,1.3884909000000496,0.0293789129999546
1888,31.466667,0,95.05,1069.86,-4.120142187025799,0.0,-38.36128940086693,-0.0355432777094336,1.3884371991740192,0.0295086724081206
1889,31.483333,0,95.52,1069.54,-4.120142187025799,2.220446049250313e-16,-38.36128940086693,-0.0357287462904368,1.3883959008260096,0.0296790755917603
1890,31.5,0,98.82,1070.6,-4.120142187025799,0.0,-38.36128940086693,-0.03591232,1.3883612,0.029891342
1891,31.516667,0,101.3,1069.89,-4.120142187025799,0.0,-38.36128940086693,-0.0360010127962725,1.3883578994419934,0.0297143395790984
1892,31.533333,0,101.95,1070.49,-4.120142187025799,0.0,-38.36128940086693,-0.0361408192038251,1.388330000557987,0.0297932904209567
1893,31.55,0,101.86,1070.16,-4.120142187025799,0.0,-38.36128940086693,-0.0362941140001073,1.3882969999999792,0.0299170950000698
1894,31.566667,0,100.71,1070.48,-4.120142187025799,0.0,-38.36128940086693,-0.0364478431257926,1.388267299658014,0.0300171215658761
1895,31.583333,0,100.31,1070.06,-4.120142187025799,0.0,-38.36128940086693,-0.036604132873989,1.38825020034201,0.0300954154340144
1896,31.6,0,100.14,1070.1,-4.120142187025799,0.0,-38.36128940086693,-0.0367658469999435,1.3882495,0.0301656739999754
1897,31.616667,0,100.94,1070.62,-4.120142187025799,0.0,-38.36128940086693,-0.036594750159119,1.388293700313998,0.0300823456559361
1898,31.633333,0,102.76,1070.42,-4.120142187025799,0.0,-38.36128940086693,-0.0366027058408809,1.388309399686002,0.0301151413440638
1899,31.65,0,104.49,1070.77,-4.120142187025799,0.0,-38.36128940086693,-0.036649050000014,1.3882990999999862,0.0302049370000427
1900,31.666667,0,105.71,1070.75,-4.120142187025799,0.0,-38.36128940086693,-0.0366892335982174,1.3882595986819617,0.0303274453853694
1901,31.683333,0,105.81,1061.25,-4.120142187025799,0.0,-38.36128940086693,-0.0367191424018243,1.3881937013179462,0.0304467056147971
1902,31.7,0,104.88,1063.21,-4.120142187025799,0.0,-38.36128940086693,-0.036749176999979,1.3881068000000607,0.0305372849999367
1903,31.716667,0,103.84,1065.29,-4.120142187025799,0.0,-38.31692316677664,-0.0363561181400432,1.388089798310039,0.0304405464037338
1904,31.733333,0,102.64,1064.43,-4.120142187025799,2.220446049250313e-16,-38.25850392147283,-0.0362631218600216,1.3880053016900198,0.0304107335962869
1905,31.75,0,101.83,1065.65,-4.120142187025799,2.220446049250313e-16,-38.14126189792214,-0.036296297,1.3879021,0.03038825
1906,31.766667,0,102.73,1065.36,-4.120142187025799,0.0,-38.13144724326404,-0.0363837352760265,1.3878109984439817,0.0303822463906245
1907,31.783333,0,104.38,1065.23,-4.120142187025799,0.0,-38.13091349622656,-0.036497530724053,1.3877332015559638,0.0304017766093891
1908,31.8,0,105.57,1064.2,-4.120142187025799,2.220446049250313e-16,-37.90336714802533,-0.0366114499999278,1.387661699999996,0.0304617729999667
1909,31.816667,0,106.64,1063.74,-4.085887670164663,2.220446049250313e-16,-37.90025281024488,-0.0365081584601212,1.387655899112036,0.0304141902591894
1910,31.833333,0,106.51,1058.34,-4.079602049115858,0.0,-37.896413294154655,-0.0365311645398466,1.387611500888026,0.0304271497407924
1911,31.85,0,105.71,1056.03,-4.069778459714342,0.0,-37.87034962651734,-0.0365881359999801,1.387556700000019,0.0304497599999921
1912,31.866667,0,104.61,1052.89,-4.030761335644843,0.0,-37.776287683676834,-0.0366408708871948,1.3874970987220074,0.0304723074042176
1913,31.883333,0,104.24,1058.15,-4.024611845988345,0.0,-37.68535503151566,-0.0366852291128051,1.3874332012779926,0.0304925175957823
1914,31.9,0,104.31,1062.2,-3.9298902924975145,0.0,-37.67584179974936,-0.0367280100000002,1.3873761000000024,0.030519590000204
1915,31.916667,0,105.42,1059.3,-3.905757530358978,2.220446049250313e-16,-37.23865033769911,-0.0367286359775284,1.387383099589988,0.0311038983576068
1916,31.933333,0,108.28,1058.84,-3.905209879508991,0.0,-37.23387879088549,-0.0367775090225398,1.3873626004099833,0.0313217636426975
1917,31.95,0,109.85,1060.6,-3.874229047928177,2.220446049250313e-16,-36.6786378744476,-0.0368546399999461,1.387336400000018,0.0314184199999324
1918,31.966667,0,111.17,1057.89,-3.822439622685831,0.0,-35.93009602614043,-0.0369468391560698,1.3873061993060165,0.0314732908366805
1919,31.983333,0,111.32,1056.33,-3.820869186584945,0.0,-35.915819043023355,-0.0370546408438549,1.3872715006940082,0.0315151241632902
1920,32.0,0,114.56,1056.33,-3.802694484232242,0.0,-35.76446166681769,-0.037174255,1.3872347,0.031557478
1921,32.016667,0,116.31,1047.19,-3.801780989131857,0.0,-35.363906430805976,-0.0370343966228072,1.3871657990639892,0.0319535338916452
1922,32.033333,0,119.83,1051.9,-3.799122304486101,0.0,-35.34879205224461,-0.0370655353772145,1.3871190009359782,0.0321481061084905
1923,32.05,0,125.34,1053.45,-3.788665472812106,0.0,-35.16073309575339,-0.0371506300000698,1.3870896999999922,0.0323226080001286
1924,32.066667,0,129.53,1053.75,-3.786867095651379,0.0,-35.13422659257675,-0.0372506249892589,1.3870786001619932,0.0325067738626426
1925,32.083333,0,132.76,1054.65,-3.784739218095603,0.0,-35.11627160091101,-0.0373500880106021,1.3870866998379954,0.0326999061370876
1926,32.1,0,135.28,1054.68,-3.784352255943808,0.0,-35.01361047916428,-0.0374477359999659,1.3871082999999924,0.0328918839999329
1927,32.116667,0,137.32,1050.28,-3.7813754137841777,-2.220446049250313e-16,-34.9060325162244,-0.0370804688808665,1.387271401335992,0.0326841141853189
1928,32.133333,0,139.07,1048.9,-3.7764900292059695,0.0,-34.90170901917309,-0.0370245141191334,1.387338198664008,0.032693379814681
1929,32.15,0,148.11,1052.99,-3.7731253099459447,0.0,-34.89416960496553,-0.0370731500000269,1.3873603000000028,0.0327643450000346
1930,32.166667,0,153.56,1053.86,-3.772411806252084,0.0,-34.87033104104463,-0.0371502514530422,1.3873681999779994,0.0328634966261964
1931,32.183333,0,162.48,1054.16,-3.771698280372849,2.220446049250313e-16,-34.86950614673628,-0.0372228985470591,1.3873671000219991,0.0329947973739869
1932,32.2,0,167.37,1052.89,-3.7699756840053777,0.0,-34.83213963037946,-0.037284463999957,1.3873650000000015,0.0331490749998922
1933,32.216667,0,172.58,1051.71,-3.767729667799434,-2.220446049250313e-16,-34.82614585385262,-0.0372765255590069,1.3872527992620172,0.0334144196603947
1934,32.233333,0,176.98,1051.59,-3.7644236822126,-2.220446049250313e-16,-34.798893491154274,-0.0373044754409735,1.3872159007380085,0.0335974363394774
1935,32.25,0,178.25,1053.04,-3.762548358555444,0.0,-34.69462079297119,-0.037346866,1.3872067,0.033738796
1936,32.266667,0,179.65,1053.28,-3.762033909259799,0.0,-34.587240514778735,-0.0373918508060093,1.387206800014,0.0338495096641793
1937,32.283333,0,180.78,1054.76,-3.761377213128639,0.0,-34.574088567678004,-0.0374321491940187,1.3872074999860002,0.0339327143358787
1938,32.3,0,181.66,1054.41,-3.7587617590781375,0.0,-34.46645296574479,-0.0374580769998028,1.387208699999941,0.0340096649999285
1939,32.316667,0,180.49,1056.45,-3.754160628986893,-2.220446049250313e-16,-34.193145858886815,-0.0371757574683031,1.3871239992260316,0.0339073580297187
1940,32.333333,0,179.43,1056.97,-3.74626774311737,0.0,-34.19217469529206,-0.0370491725318736,1.3870853007740227,0.0339088439702791
1941,32.35,0,180.25,1055.83,-3.740299948311921,0.0,-34.179397045882375,-0.0369586270000316,1.3870466000000137,0.0339299099999926
1942,32.366667,0,180.68,1054.48,-3.686893393288688,0.0,-34.108279185800605,-0.0368857518529466,1.386993898950006,0.033941645158179
1943,32.383333,0,178.51,1052.62,-3.672915712408949,0.0,-33.94484380813682,-0.0368284011470533,1.386941401049994,0.0339495538418209
1944,32.4,0,178.58,1051.4,-3.6709306348461936,2.220446049250313e-16,-33.93630612164559,-0.0367848869998481,1.3868946000000035,0.0339552899998003
1945,32.416667,0,177.29,1051.0,-3.666229774715896,0.0,-33.88202876972599,-0.0363500666129014,1.3869047995139858,0.033383459323913
1946,32.433333,0,178.3,1051.57,-3.6651509271003553,2.220446049250313e-16,-33.868829051944495,-0.036180723386862,1.38688050048598,0.0331996676758302
1947,32.45,0,176.89,1052.2,-3.665130653226472,0.0,-33.86373132233064,-0.0360971650000583,1.3868456000000244,0.0331524240000329
1948,32.466667,0,180.37,1052.41,-3.659682219746794,0.0,-33.50936126062168,-0.036034448579233,1.3868014990340225,0.0331656352103918
1949,32.483333,0,183.17,1053.33,-3.657450028283341,0.0,-33.49538547589582,-0.0359634114208165,1.3867532009660113,0.0332261537895659
1950,32.5,0,188.59,1051.26,-3.6280446446986216,0.0,-33.418601757909144,-0.035869587,1.3866973,0.033322476
1951,32.516667,0,194.86,1046.99,-3.584197084776892,0.0,-33.33201834126811,-0.0359419646216639,1.3865715986899847,0.0335930928701133
1952,32.533333,0,198.29,1045.62,-3.584086083080233,0.0,-33.3265208625818,-0.0358730513782879,1.3865061013099695,0.0337365911299868
1953,32.55,0,203.03,1046.44,-3.5384105040082234,0.0,-33.2723200235175,-0.0357589599999156,1.386466499999987,0.0338223000000341
1954,32.566667,0,210.71,1047.94,-3.524797027920005,0.0,-33.26915517511521,-0.0356381737551714,1.3864476997920083,0.0338711804427219
1955,32.583333,0,218.79,1047.5,-3.5224372167248323,2.220446049250313e-16,-33.25855885081249,-0.0355259322449853,1.3864373002080062,0.0338933165572471
1956,32.6,0,225.71,1052.4,-3.5041151383805293,-2.220446049250313e-16,-33.2202584464459,-0.0354242470000355,1.3864365000000003,0.0339091759999944
1957,32.616667,0,234.78,1052.68,-3.4861862793279563,0.0,-32.9676104299332,-0.0353307626119073,1.3864449990320056,0.0339287000334565
1958,32.633333,0,248.91,1050.0,-3.4841491580790955,0.0,-32.94343300396417,-0.0356113483880926,1.3863966009679944,0.0341303659665434
1959,32.65,0,264.24,1050.78,-3.412716444748068,0.0,-32.30799437517796,-0.035655289999986,1.3863971000000024,0.0342112630000137
1960,32.666667,0,275.28,1049.19,-3.3602500915964533,0.0,-32.19789718015568,-0.0356153085274171,1.386404300144004,0.0342505105978173
1961,32.683333,0,284.27,1047.74,-3.3588156979072434,0.0,-31.92670736935119,-0.03554168447248,1.3864114998560058,0.0342803994022243
1962,32.7,0,289.82,1050.79,-3.3552314625727826,0.0,-31.919180887963208,-0.0354603230000568,1.3864242999999912,0.0343194299999727
1963,32.716667,0,297.1,1050.67,-3.35220631582779,0.0,-31.89939029862043,-0.0353932950933214,1.3864430965980792,0.0343622120529922
1964,32.733333,0,303.51,1047.13,-3.35151518204818,0.0,-31.899186210746468,-0.0356479569065007,1.3862730034020396,0.0344648599469361
1965,32.75,0,306.29,1045.51,-3.349880288321357,0.0,-31.89797193703528,-0.035722725,1.3862468,0.03453329
1966,32.766667,0,309.37,1038.36,-3.3458601517308995,0.0,-31.89514975239953,-0.0357405898794786,1.3862673006220074,0.0345934273258354
1967,32.783333,0,312.57,1045.5,-3.344187823315464,0.0,-31.743161870685128,-0.0357345641205172,1.3862983993780145,0.0346597156742108
1968,32.8,0,313.54,1047.66,-3.336931260040329,0.0,-31.729889240673486,-0.0357139150002115,1.3863341999999796,0.0347458160001427
1969,32.816667,0,317.17,1045.92,-3.335915565999735,0.0,-31.729889240673486,-0.0360168452436693,1.386305000267989,0.0349501766602716
1970,32.833333,0,322.82,1053.72,-3.3254670137514424,0.0,-31.729889240673486,-0.0360790287562438,1.386318399731992,0.0350831903395425
1971,32.85,0,326.56,1053.3,-3.3252340278738504,0.0,-31.729889240673486,-0.0360630200000055,1.3863429999999914,0.035206309999957
1972,32.866667,0,330.39,1054.78,-3.323228682303453,0.0,-31.729889240673486,-0.0360366546094422,1.3863900012479928,0.0353423128818632
1973,32.883333,0,335.15,1054.51,-3.308092060288366,0.0,-31.729889240673486,-0.0360171273905577,1.3864523987520072,0.0354864011181367
1974,32.9,0,341.46,1055.17,-3.299775238903076,0.0,-31.729889240673486,-0.0360085070001641,1.3865348999999645,0.0356285939999961
1975,32.916667,0,345.31,1056.99,-3.298499641453766,0.0,-31.729889240673486,-0.0364787035459031,1.3864322007000205,0.0356176172203155
1976,32.933333,0,347.56,1059.75,-3.295687986548661,0.0,-31.729889240673486,-0.0366559864543444,1.3864671993000286,0.0356786287797697
1977,32.95,0,351.01,1060.16,-3.284625018800136,0.0,-31.729889240673486,-0.0367306799999478,1.386547599999944,0.035748679999951
1978,32.966667,0,355.02,1060.16,-3.28207643963721,0.0,-31.729889240673486,-0.0367562168062645,1.3866400018839562,0.0358216069223552
1979,32.983333,0,360.93,1060.65,-3.2816460679296635,0.0,-31.729889240673486,-0.0367465301937422,1.3867341981159782,0.0359177230775776
1980,33.0,0,362.13,1058.43,-3.2786225807213696,0.0,-31.729889240673486,-0.036717996,1.3868272,0.036037423
1981,33.016667,0,365.26,1058.33,-3.275761817939033,0.0,-31.729889240673486,-0.0366414373580325,1.3866980001600018,0.0361218352676547
1982,33.033333,0,366.36,1058.75,-3.2565337249138886,-2.220446049250313e-16,-31.729889240673486,-0.036609340641945,1.3867059998400038,0.0361852147323895
1983,33.05,0,367.64,1057.47,-3.255425753119587,0.0,-31.729889240673486,-0.0365991150000021,1.3867611000000477,0.0362336200000226
1984,33.066667,0,371.33,1056.4,-3.254964634892437,0.0,-31.729889240673486,-0.0366021881115354,1.3868296014759398,0.0362659844820403
1985,33.083333,0,373.41,1057.11,-3.241368559004953,0.0,-31.729889240673486,-0.0366077648884567,1.3869033985239572,0.0362900865179259
1986,33.1,0,375.62,1059.07,-3.240767554150967,0.0,-31.729889240673486,-0.036599160000003,1.3869764999999743,0.0363210849999891
1987,33.116667,0,378.86,1058.77,-3.2290699298412764,0.0,-31.729889240673486,-0.0365150081523107,1.3867329986960075,0.0361920897626013
1988,33.133333,0,380.5,1059.61,-3.222859949924181,0.0,-31.729889240673486,-0.0364226268476892,1.3866678013039924,0.0361802202373986
1989,33.15,0,383.4,1057.79,-3.221354369910657,0.0,-31.729889240673486,-0.0362997129999469,1.3866377999999904,0.0362050160000136
1990,33.166667,0,390.32,1055.68,-3.2210570846517803,0.0,-31.729889240673486,-0.0361478595085584,1.3866106996399896,0.0362441958017233
1991,33.183333,0,400.19,1055.17,-3.2165335802725257,0.0,-31.729889240673486,-0.0359732994911977,1.3865927003599854,0.0362842791983326
1992,33.2,0,410.15,1056.4,-3.213626734440572,0.0,-31.729889240673486,-0.0357808300001344,1.3865744000000129,0.0363050769999854
1993,33.216667,0,416.95,1050.37,-3.1868237837502558,0.0,-31.729889240673486,-0.0355359124606056,1.386154896610079,0.0361621018907691
1994,33.233333,0,426.09,1051.99,-3.185453135851448,0.0,-31.729889240673486,-0.0353089465395528,1.3859854033900394,0.0360566421093045
1995,33.25,0,432.86,1054.71,-3.185264319502357,0.0,-31.729889240673486,-0.035087492,1.3858998,0.035933375
1996,33.266667,0,439.34,1054.54,-3.184024898295482,0.0,-31.729889240673486,-0.0348590951694037,1.385850199399993,0.0358066194544103
1997,33.283333,0,445.09,1054.46,-3.181380130305149,0.0,-31.729889240673486,-0.0346175778304275,1.385820200599986,0.0356793465455007
1998,33.3,0,451.93,1051.14,-3.1795405884551435,0.0,-31.729889240673486,-0.034365783999953,1.3858056000000512,0.0355827439999704
1999,33.316667,0,457.44,1050.65,-3.176449031996372,0.0,-31.729889240673486,-0.0342985548303691,1.3858788009519611,0.0355404943155278
2000,33.333333,0,463.48,1050.58,-3.1724655910885597,0.0,-31.729889240673486,-0.0341400731698522,1.3859263990479722,0.0355062706845199
2001,33.35,0,468.93,1052.19,-3.1715554732916518,0.0,-31.729889240673486,-0.0339587800000633,1.3859675999999856,0.0354801200000091
2002,33.366667,0,475.92,1053.25,-3.168651113562445,0.0,-31.729889240673486,-0.0337730202389418,1.3860050005959963,0.0354569893980435
2003,33.383333,0,484.86,1053.29,-3.165669145837519,0.0,-31.729889240673486,-0.0335849737610581,1.3860347994040034,0.0354268926019565
2004,33.4,0,491.89,1054.17,-3.155193333710661,0.0,-31.67739342198017,-0.0333902279999796,1.3860560000000477,0.0353843300001514
2005,33.416667,0,495.62,1054.29,-3.153497238885927,0.0,-31.653707053758424,-0.0333318374391254,1.386193001074031,0.0358181619859977
2006,33.433333,0,502.5,1053.93,-3.1533234102012493,0.0,-31.49733996200126,-0.0332038025606956,1.3862466989260438,0.0359174550141409
2007,33.45,0,504.22,1053.34,-3.136196582063843,0.0,-31.494198791007527,-0.0330561620001031,1.386272399999982,0.0359185859999992
2008,33.466667,0,508.01,1052.4,-3.134703234787769,0.0,-31.46878861373503,-0.0329089672100649,1.3862991009119787,0.0359205647840017
2009,33.483333,0,510.07,1052.87,-3.1326752367336863,0.0,-31.435422968969483,-0.0327694727900324,1.3863446990879893,0.0359597642159708
2010,33.5,0,511.32,1053.55,-3.1319082623319643,0.0,-31.435422968969483,-0.032635733,1.386396,0.03601554
2011,33.516667,0,510.7,1055.21,-3.1307398062342164,0.0,-31.435422968969483,-0.0327967547002965,1.386673202148025,0.0363121421642851
2012,33.533333,0,510.29,1057.18,-3.1300106203036213,0.0,-31.435422968969483,-0.032781770299693,1.38678059785205,0.0364203508357903
2013,33.55,0,507.71,1055.8,-3.1298436042319557,0.0,-31.435422968969483,-0.0327034799999363,1.3868301000000225,0.0364695300000315
2014,33.566667,0,507.07,1054.95,-3.1144581865350864,0.0,-31.435422968969483,-0.0326123145209402,1.38686180049198,0.0365146858856639
2015,33.583333,0,507.84,1057.17,-3.113863324023016,0.0,-31.435422968969483,-0.032538361479163,1.386886399507986,0.0365589691142742
2016,33.6,0,510.56,1057.92,-3.112388820215489,0.0,-31.435422968969483,-0.0324920940000161,1.3869082999999924,0.0365995429999858
2017,33.616667,0,514.58,1059.77,-3.111455210468783,0.0,-31.435422968969483,-0.0330770553502288,1.3869180004359976,0.0368550448321435
2018,33.633333,0,515.63,1059.49,-3.109677250790906,0.0,-31.435422968969483,-0.0333445576497711,1.3869397995640025,0.0369966471678564
2019,33.65,0,523.67,1059.01,-3.106384888373456,0.0,-31.435422968969483,-0.0335506950000727,1.3869779000000166,0.0371130560000327
2020,33.666667,0,529.32,1057.17,-3.1061723135945654,0.0,-31.435422968969483,-0.0337590473507265,1.3870255008440249,0.0372069673281786
2021,33.683333,0,531.34,1055.72,-3.089421965066302,0.0,-31.435422968969483,-0.0339765686495772,1.3870676991560345,0.0372733716719141
2022,33.7,0,537.99,1058.26,-3.089421965066302,0.0,-31.435422968969483,-0.0341947529998476,1.3871066999999726,0.0373247639999641
2023,33.716667,0,545.01,1061.4,-3.089421965066302,0.0,-31.46878861373503,-0.0348672194825858,1.3871992007499825,0.03737828671706
2024,33.733333,0,551.06,1062.54,-3.089421965066302,0.0,-31.494198791007527,-0.0352413425171529,1.3872366992499914,0.03746413828288
2025,33.75,0,562.1,1063.9,-3.089421965066302,0.0,-31.49733996200126,-0.035519198,1.3872544,0.0375929
2026,33.766667,0,570.79,1065.04,-3.089421965066302,0.0,-31.653707053758424,-0.0357727201756002,1.3872716006540076,0.0377702642938499
2027,33.783333,0,581.25,1065.17,-3.089421965066302,0.0,-31.67739342198017,-0.0360314868245804,1.3873042993460152,0.0379849457062999
2028,33.8,0,585.86,1069.22,-3.089421965066302,0.0,-31.705137571309148,-0.0363054130001517,1.3873527999999853,0.0381987900001507
2029,33.816667,0,596.73,1069.31,-3.089421965066302,0.0,-31.87330401963411,-0.0365227055854924,1.3873318003599853,0.0384146970758546
2030,33.833333,0,608.97,1071.94,-3.089421965066302,0.0,-31.89037999683935,-0.0368019804141174,1.3873497996399895,0.0385684899239305
2031,33.85,0,618.38,1071.13,-3.089421965066302,0.0,-31.89514975239953,-0.0371135469998912,1.3873714999999924,0.038691643999957
2032,33.866667,0,625.73,1071.56,-3.089421965066302,0.0,-31.89797193703528,-0.0374426427466807,1.3873800997600012,0.0387904016649903
2033,33.883333,0,634.7,1069.4,-3.089421965066302,0.0,-31.899186210746468,-0.0377799652533192,1.387368100239999,0.0388736483350097
2034,33.9,0,642.48,1070.41,-3.089421965066302,-2.220446049250313e-16,-31.89939029862043,-0.0381225240000818,1.387340199999928,0.0389569000000048
2035,33.916667,0,649.24,1070.47,-3.089421965066302,0.0,-31.919180887963208,-0.0383569261286983,1.3871342974419256,0.0389707105587162
2036,33.933333,0,655.34,1073.17,-3.089421965066302,0.0,-31.92670736935119,-0.0386633398717296,1.387006402557896,0.0389986444413227
2037,33.95,0,657.28,1070.43,-3.089421965066302,0.0,-31.9676626721951,-0.0390002879997647,1.3868897000000815,0.0390033599999967
2038,33.966667,0,658.56,1071.35,-3.089421965066302,0.0,-31.96938126293196,-0.0393485870336362,1.386766797384061,0.0389627165923127
2039,33.983333,0,664.9,1073.4,-3.089421965066302,0.0,-32.0106932037456,-0.0397002629661181,1.3866360026160305,0.0388923334077363
2040,34.0,0,669.92,1075.52,-3.089421965066302,2.220446049250313e-16,-32.01983670424214,-0.040057573,1.3865076,0.038809083
2041,34.016667,0,673.84,1075.19,-3.089421965066302,0.0,-32.01983670424214,-0.0401723881951404,1.3860808954879476,0.0389880465254261
2042,34.033333,0,679.53,1074.47,-3.089421965066302,0.0,-32.027039482466456,-0.0404321318050409,1.3858553045118949,0.0390143164745922
2043,34.05,0,683.58,1073.3,-3.089421965066302,0.0,-32.03047172877708,-0.0407282040002074,1.3856965999999105,0.0389931239999676
2044,34.066667,0,688.77,1073.17,-3.089421965066302,2.220446049250313e-16,-32.03183068893769,-0.0410252355660732,1.3855685977300924,0.0389468727611104
2045,34.083333,0,694.1,1074.9,-3.089421965066302,0.0,-32.04164551685,-0.041303539433538,1.385455102270066,0.038884928238976
2046,34.1,0,695.36,1075.76,-3.089421965066302,0.0,-32.102079852251826,-0.0415513139999134,1.3853441000000388,0.0387975350000305
2047,34.116667,0,695.41,1076.83,-3.0893438667774142,0.0,-32.102079852251826,-0.04099878527035,1.385212697958012,0.0389254573424838
2048,34.133333,0,695.18,1077.52,-3.086194077594169,0.0,-32.102079852251826,-0.0409123057296499,1.385110602041988,0.0388925826575161
2049,34.15,0,694.68,1076.88,-3.0772156091412177,0.0,-32.102079852251826,-0.0409612840000307,1.3850199999999708,0.0388261999999807
2050,34.166667,0,695.4,1076.79,-3.0625493294878225,2.220446049250313e-16,-32.102079852251826,-0.0410494599128956,1.384936798349952,0.0387711924619243
2051,34.183333,0,696.68,1075.37,-3.061877854291072,0.0,-32.102079852251826,-0.0411450980872379,1.3848543016499328,0.038744290538038
2052,34.2,0,696.02,1072.11,-3.060633217368365,0.0,-32.102079852251826,-0.0412423299999321,1.384784500000049,0.0387349200000065
2053,34.216667,0,697.78,1071.89,-3.0528593041458505,0.0,-32.102079852251826,-0.0402863644487292,1.3845579975880562,0.0388176503221125
2054,34.233333,0,702.23,1071.35,-3.0512087770987724,-2.220446049250313e-16,-32.10854085580969,-0.0400088055514646,1.384437402412028,0.0388337556778762
2055,34.25,0,707.23,1074.11,-3.048574209667992,0.0,-32.14020928095837,-0.03996539,1.384348,0.03880655
2056,34.266667,0,710.85,1074.77,-3.048142364389446,2.220446049250313e-16,-32.18466854899161,-0.0400160118734218,1.3842641981719788,0.0387438114430218
2057,34.283333,0,715.65,1073.85,-3.0324100605002675,2.220446049250313e-16,-32.18481169420406,-0.0401096781266436,1.384172801827957,0.0386659665569237
2058,34.3,0,721.38,1069.69,-3.03039662728591,0.0,-32.18877214549811,-0.0402295779999803,1.3840734999999422,0.0385875330003599
2059,34.316667,0,731.29,1072.82,-3.03039662728591,0.0,-32.18877214549811,-0.0402014270886356,1.3839908983000693,0.0391030229282807
2060,34.333333,0,735.21,1074.51,-3.03039662728591,0.0,-32.18877214549811,-0.0402558589112883,1.3839059017000497,0.0392494370715148
2061,34.35,0,744.81,1071.98,-3.03039662728591,0.0,-32.18877214549811,-0.0403226169999766,1.383822900000029,0.0393146759999772
2062,34.366667,0,751.67,1069.93,-3.03039662728591,2.220446049250313e-16,-32.18877214549811,-0.0403799048778348,1.383732297950012,0.0393809985753508
2063,34.383333,0,767.25,1060.92,-3.03039662728591,0.0,-32.18877214549811,-0.0404237951221651,1.383629802049988,0.0394597634246491
2064,34.4,0,777.4,1071.83,-3.03039662728591,0.0,-32.18877214549811,-0.0404583959997763,1.38351619999995,0.0395304900000694
2065,34.416667,0,782.54,1071.08,-3.03039662728591,0.0,-32.18877214549811,-0.0398179916969548,1.383373297803936,0.0397293221814634
2066,34.433333,0,786.57,1073.12,-3.03039662728591,0.0,-32.18877214549811,-0.0396028543027447,1.3832635021959103,0.0398383878186888
2067,34.45,0,791.32,1073.8,-3.03039662728591,0.0,-32.18877214549811,-0.0395136620000622,1.3831742000000624,0.0399301539999359
2068,34.466667,0,798.3,1073.49,-3.03039662728591,0.0,-32.19261275076199,-0.0394753659034822,1.3831159995160114,0.0400266182600873
2069,34.483333,0,807.26,1073.26,-3.03039662728591,0.0,-32.254309554827174,-0.0394705400965211,1.3830918004840058,0.0401396207398337
2070,34.5,0,813.91,1075.6,-3.03039662728591,0.0,-32.254309554827174,-0.039490283,1.3830872,0.04026657
2071,34.516667,0,821.28,1075.11,-3.03039662728591,0.0,-32.25513295782295,-0.0388969441789955,1.382705497657973,0.04034387258603
2072,34.533333,0,827.44,1074.01,-3.03039662728591,0.0,-32.269947748789875,-0.038705903820871,1.3825884023419457,0.0404731674140602
2073,34.55,0,834.43,1074.15,-3.03039662728591,0.0,-32.28866567263353,-0.0386434939999858,1.3825382999999722,0.0405909200000576
2074,34.566667,0,838.22,1075.81,-3.03039662728591,0.0,-32.29254142119293,-0.0386232732153312,1.3824985994020242,0.0406735356192747
2075,34.583333,0,844.42,1077.18,-3.03039662728591,0.0,-32.34484146265366,-0.0386340397846537,1.3824687005980174,0.0407044993806819
2076,34.6,0,847.47,1077.22,-3.03039662728591,2.220446049250313e-16,-32.39980649567092,-0.0386869599999815,1.3825026999999883,0.0406760130000099
2077,34.616667,0,849.44,1077.02,-3.03039662728591,0.0,-32.40835167396563,-0.0382358879400403,1.3818773000419995,0.0411190312933924
2078,34.633333,0,851.56,1077.31,-3.03039662728591,0.0,-32.4318571801361,-0.0382328900599596,1.3818793999580004,0.0411836987066075
2079,34.65,0,853.29,1080.58,-3.03039662728591,0.0,-32.433128540626775,-0.038373627000059,1.3821497000001306,0.0411700939999996
2080,34.666667,0,853.55,1081.37,-3.03039662728591,0.0,-32.433128540626775,-0.0385427799472457,1.382523807798227,0.0411691211546935
2081,34.683333,0,856.12,1081.68,-3.03039662728591,2.220446049250313e-16,-32.433128540626775,-0.03869013205296,1.3829136922023175,0.041226851845387
2082,34.7,0,857.96,1083.73,-3.03039662728591,2.220446049250313e-16,-32.433128540626775,-0.0387987349999241,1.3832742999997485,0.0413437149999183
2083,34.716667,0,860.9,1085.23,-3.03039662728591,0.0,-32.433128540626775,-0.0389710097534359,1.3829697001079977,0.0422852267601826
2084,34.733333,0,863.35,1085.12,-3.03039662728591,0.0,-32.433128540626775,-0.0391086792464679,1.3829750998919987,0.0426232302395813
2085,34.75,0,864.78,1082.5,-3.03039662728591,0.0,-32.433128540626775,-0.03927827,1.3830317,0.042728253
2086,34.766667,0,865.17,1082.91,-3.03039662728591,0.0,-32.433128540626775,-0.039500152416643,1.3830867011460133,0.0427699707044081
2087,34.783333,0,868.98,1085.0,-3.03039662728591,0.0,-32.433128540626775,-0.039770970583546,1.3831439988540266,0.0428051892956164
2088,34.8,0,873.19,1085.56,-3.03039662728591,0.0,-32.433128540626775,-0.0404480200003107,1.3824721999998988,0.0430610500001201
2089,34.816667,0,879.38,1087.46,-3.03039662728591,2.220446049250313e-16,-32.433128540626775,-0.0408929872980226,1.3823271010079587,0.0432331698606234
2090,34.833333,0,883.42,1086.88,-3.028831551074281,-2.220446049250313e-16,-32.433128540626775,-0.0412578887014676,1.3823774989919706,0.0433762011391767
2091,34.85,0,888.86,1088.62,-3.028831551074281,0.0,-32.433128540626775,-0.0415734429998898,1.3824913999999602,0.0435157499999512
2092,34.866667,0,894.49,1090.24,-3.027044079611488,0.0,-32.433128540626775,-0.0418427596462329,1.3826113016879902,0.0436733990712621
2093,34.883333,0,904.8,1089.94,-3.026062968405814,0.0,-32.4318571801361,-0.042075063353767,1.3826956983120098,0.0438269569287378
2094,34.9,0,913.63,1090.53,-3.025481469869248,-2.220446049250313e-16,-32.40835167396563,-0.0422866500002637,1.3827218999996005,0.0439606600002001
2095,34.916667,0,922.03,1090.89,-3.016763831020656,0.0,-32.39980649567092,-0.0430420582615603,1.3815779902097152,0.0445338178096217
2096,34.933333,0,927.87,1089.9,-3.013771471701216,0.0,-32.34484146265366,-0.0434551077390165,1.381088509789601,0.0446742891905744
2097,34.95,0,936.82,1090.7,-2.984422651551606,0.0,-32.29254142119293,-0.0437712069997792,1.3807919000002071,0.0446623530000083
2098,34.966667,0,951.26,1089.56,-2.9814055932750776,0.0,-32.28866567263353,-0.0440582874361134,1.380552295442106,0.0446354147512257
2099,34.983333,0,961.28,1092.0,-2.9790996561579663,0.0,-32.269947748789875,-0.0443300885636967,1.380324404558053,0.0446229762487829
2100,35.0,0,970.05,1088.47,-2.9676380688426907,0.0,-32.25513295782295,-0.044587374,1.3801024,0.044614438
2101,35.016667,0,975.1,1090.65,-2.95212392359605,0.0,-32.254309554827174,-0.0454129807090297,1.3789228890358725,0.0447646447877375
2102,35.033333,0,980.06,1086.89,-2.9510739846075227,0.0,-32.19261275076199,-0.0457984122912394,1.3783747109637448,0.044754032212255
2103,35.05,0,984.38,1087.39,-2.9484873126670443,0.0,-32.18877214549811,-0.046013660000096,1.3780130999997844,0.0446898679999412
2104,35.066667,0,990.35,1086.72,-2.935650531022546,2.220446049250313e-16,-32.18481169420406,-0.0461511669363211,1.3777044941242396,0.0446057185586187
2105,35.083333,0,994.8,1085.63,-2.933466503611382,0.0,-32.15926857179789,-0.0462479830635436,1.3774107058761709,0.0445336494414819
2106,35.1,0,1002.71,1088.92,-2.920208306326884,0.0,-32.152684268484975,-0.0463255679999729,1.3771240000001002,0.0444957580000132
2107,35.116667,0,1010.68,1087.42,-2.919483352336653,0.0,-32.152684268484975,-0.0466699322899866,1.3766369938700358,0.045136330324829
2108,35.133333,0,1019.87,1086.96,-2.919343473850785,0.0,-32.14020928095837,-0.0467844277100133,1.3763305061299642,0.0454025626751709
2109,35.15,0,1026.6,1086.43,-2.917719631860095,0.0,-32.13785187803525,-0.0468308330000104,1.3761037999999433,0.0455915900000718
2110,35.166667,0,1028.63,1086.2,-2.914420539092637,0.0,-32.131008327120384,-0.0468607543380498,1.375941197697933,0.0457973787317776
2111,35.183333,0,1032.08,1085.88,-2.910957635780393,0.0,-32.12068101221518,-0.0468776556619737,1.3758261023019065,0.0460339512685527
2112,35.2,0,1035.11,1086.12,-2.910744454261576,0.0,-32.1127269733715,-0.0468793329999988,1.3757437000000574,0.0462849619998247
2113,35.216667,0,1035.71,1086.75,-2.909852358515777,0.0,-32.102079852251826,-0.0372504726506682,1.3834201480468813,0.0385776374363007
2114,35.233333,0,1035.28,1087.18,-2.908313238145792,0.0,-32.08732086901569,-0.0341830573514739,1.3858224519514408,0.0362994905652902
2115,35.25,0,1034.85,1086.87,-2.900588959455733,-2.220446049250313e-16,-32.08561621791128,-0.033175662,1.3865522,0.03571786
2116,35.266667,0,1035.17,1086.68,-2.8945015194677333,-2.220446049250313e-16,-32.07074019653554,-0.0328022065039593,1.386737800076001,0.0356587520360236
2117,35.283333,0,1036.97,1086.9,-2.892142061710678,0.0,-32.04164551685,-0.0326274134959186,1.3867415999240016,0.0357605479640474
2118,35.3,0,1040.4,1086.18,-2.8917680301883943,0.0,-32.03183068893769,-0.0325445419994252,1.386683300000378,0.0359237159992258
2119,35.316667,0,1040.75,1085.45,-2.8914522529385587,0.0,-32.03047172877708,-0.0317214829576454,1.3872246023499042,0.0348150855839799
2120,35.333333,0,1042.79,1083.99,-2.879658176510153,2.220446049250313e-16,-32.027039482466456,-0.0314693650427067,1.3873420976499315,0.0345942844163284
2121,35.35,0,1046.46,1083.62,-2.87447401077443,0.0,-32.01983670424214,-0.0314053150000223,1.3873237000000065,0.034637186999985
2122,35.366667,0,1049.73,1082.88,-2.8743735933306245,0.0,-32.0106932037456,-0.0313956301470591,1.3872692989500062,0.034763812735984
2123,35.383333,0,1052.83,1083.37,-2.863742435404814,0.0,-31.96938126293196,-0.0314029828529408,1.387216801049994,0.0349006072640159
2124,35.4,0,1055.55,1082.3,-2.8609748356262608,0.0,-31.9676626721951,-0.03141677399996,1.3871818000003746,0.0350359199998208
2125,35.416667,0,1059.34,1085.56,-2.857673870391954,0.0,-31.9676626721951,-0.0313022694484839,1.3882549062021805,0.0345228443243312
2126,35.433333,0,1063.78,1084.29,-2.8509980566233195,-2.220446049250313e-16,-31.9676626721951,-0.0312746955514775,1.3885649937982527,0.0344390666755517
2127,35.45,0,1070.52,1083.67,-2.8484780479570597,-2.220446049250313e-16,-31.9676626721951,-0.0312718600000019,1.388619299999962,0.0344794899999717
2128,35.466667,0,1072.28,1078.51,-2.8482617341571967,0.0,-31.9676626721951,-0.0312801751798558,1.388599199524011,0.0345708025042017
2129,35.483333,0,1080.62,1078.2,-2.835158811751425,0.0,-31.9676626721951,-0.0312891678201379,1.3885754004760054,0.0346960104957108
2130,35.5,0,1089.99,1080.97,-2.833027206228344,0.0,-31.9676626721951,-0.031304244,1.3885671,0.034846596
2131,35.516667,0,1102.42,1083.67,-2.8286461053849843,0.0,-31.9676626721951,-0.0319525352858015,1.388835702670031,0.0345381831868021
2132,35.533333,0,1116.36,1075.86,-2.8207839011816622,0.0,-31.83446922437769,-0.032216811714383,1.3889691973300622,0.0345475228132043
2133,35.55,0,1123.85,1085.85,-2.8183217373955167,0.0,-31.787422981150357,-0.0323721770000875,1.389068200000057,0.0346535670000918
2134,35.566667,0,1133.04,1084.51,-2.798991244623925,2.220446049250313e-16,-31.710265979065856,-0.0324974903753432,1.389149701251949,0.034785072649832
2135,35.583333,0,1140.81,1085.18,-2.79035223040409,2.220446049250313e-16,-31.639804289929877,-0.0326162576244908,1.3892122987479636,0.0349175643499828
2136,35.6,0,1147.58,1086.35,-2.78898735368734,0.0,-31.63858336291455,-0.0327283739999608,1.3892510999999863,0.0350294039999609
2137,35.616667,0,1155.77,1086.32,-2.7734848423229885,0.0,-31.37993937747991,-0.0321452468158185,1.3895388014159915,0.0352313644881713
2138,35.633333,0,1161.56,1086.66,-2.77211504500099,0.0,-31.37947554707856,-0.0319860431841814,1.3896095985840082,0.0353057705118286
2139,35.65,0,1166.54,1084.45,-2.753790563874593,0.0,-31.25537646413013,-0.0319459899999991,1.3895978999999852,0.0353151099999888
2140,35.666667,0,1172.15,1081.17,-2.688193458559365,-2.220446049250313e-16,-31.183614526003375,-0.0319434550977628,1.3895554986779617,0.0352831284970962
2141,35.683333,0,1177.12,1074.7,-2.685670863448286,0.0,-31.17945834538102,-0.0319483429022439,1.389489401321946,0.0352079885027987
2142,35.7,0,1181.77,1074.42,-2.606484183711949,0.0,-31.140454608129595,-0.0319318470000115,1.389399200000063,0.0350959230000782
2143,35.716667,0,1185.79,1078.16,-2.4168099567373824,0.0,-28.898548306867696,-0.0324682922628273,1.388395092050185,0.0352739293736145
2144,35.733333,0,1190.4,1074.65,-2.416774433271978,0.0,-28.883788085192887,-0.0325814317370936,1.3879976079500926,0.0352426106264072
2145,35.75,0,1193.02,1075.74,-2.3675132984338148,0.0,-28.267657838280616,-0.032552972,1.3878074,0.035170116
2146,35.766667,0,1197.34,1072.81,-2.29659382887482,0.0,-27.86779554340208,-0.0324875086514643,1.3876887977779742,0.0351048790657291
2147,35.783333,0,1201.71,1075.0,-2.294124802856191,0.0,-27.79861675207137,-0.0324200853484886,1.3875777022219482,0.0350581679342382
2148,35.8,0,1204.7,1073.76,-2.2544107942542446,0.0,-27.79861675207137,-0.0323660600000291,1.3874689999999374,0.0350455230001854
2149,35.816667,0,1207.73,1072.42,-2.249421951399355,0.0,-27.79861675207137,-0.0324077638575258,1.3873792980280804,0.0353110534458596
2150,35.833333,0,1210.96,1073.1,-2.2481120271361825,0.0,-27.79861675207137,-0.0324006401424841,1.3872807019720574,0.0354833465538997
2151,35.85,0,1214.37,1071.96,-2.239942660386504,0.0,-27.79861675207137,-0.0323675720000115,1.3871703000000386,0.0356170999999533
2152,35.866667,0,1215.66,1067.98,-2.1583072228297726,0.0,-27.79861675207137,-0.0323278393224839,1.3870464976340138,0.0356758418748407
2153,35.883333,0,1216.24,1064.02,-2.157046330819605,0.0,-27.79861675207137,-0.032293964677516,1.3869282023659864,0.0356695841251592
2154,35.9,0,1216.31,1063.05,-2.019694297207704,0.0,-27.79861675207137,-0.0322720970004586,1.3868363000004982,0.0356462299993845
2155,35.916667,0,1218.52,1065.71,-2.0177556509283257,0.0,-27.79861675207137,-0.0335856980023728,1.3882635090622637,0.0338836313427699
2156,35.933333,0,1223.53,1064.34,-2.0146462411158024,0.0,-27.79861675207137,-0.0339857889981859,1.3887165909383692,0.0333508066564858
2157,35.95,0,1225.34,1062.93,-2.0141549098641605,0.0,-27.79861675207137,-0.0340795299999345,1.388866899999895,0.0332177800000928
2158,35.966667,0,1229.9,1061.63,-2.0115646052317544,0.0,-27.79861675207137,-0.0340598506398516,1.388933500885979,0.0332367586899006
2159,35.983333,0,1234.92,1060.14,-2.0107224467814366,0.0,-27.79861675207137,-0.0339918443601958,1.3889777991139896,0.0333212523100403
2160,36.0,0,1236.35,1058.7,-2.0089652974343664,0.0,-27.794480874507077,-0.03390408,1.3890088,0.03342533
2161,36.016667,0,1239.22,1058.82,-2.00759359091867,0.0,-27.75464514995576,-0.0332745254748673,1.3893334028080326,0.0331750846552559
2162,36.033333,0,1240.72,1059.36,-1.9984469433035907,0.0,-27.730838808155507,-0.0330482805249746,1.3894737971920654,0.0331578483447319
2163,36.05,0,1242.38,1058.17,-1.9932736500418664,0.0,-27.730838808155507,-0.0329679699999709,1.389556400000045,0.0332090370000516
2164,36.066667,0,1247.05,1057.62,-1.9914341764635937,0.0,-27.730838808155507,-0.0329264171780734,1.3896209011639524,0.0332829557806474
2165,36.083333,0,1253.34,1060.25,-1.9885444150648208,0.0,-27.730838808155507,-0.0328853208219839,1.389679098835966,0.0333719882192281
2166,36.1,0,1262.51,1060.11,-1.9882438922312264,0.0,-27.730838808155507,-0.0328428560000148,1.3897261999999837,0.033451921999972
2167,36.116667,0,1271.27,1061.39,-1.9866832339548333,0.0,-27.730838808155507,-0.032735153298004,1.38963640005,0.033317006310164
2168,36.133333,0,1280.75,1062.11,-1.9864415873079944,0.0,-27.730838808155507,-0.0327000547019959,1.3896388999500002,0.0332825156898359
2169,36.15,0,1284.92,1059.43,-1.98598416541454,0.0,-27.730838808155507,-0.0326868899999973,1.389681800000025,0.0332829430000018
2170,36.166667,0,1289.59,1059.23,-1.98423709664514,0.0,-27.730838808155507,-0.0326792931070831,1.3897538017980524,0.0332883371661648
2171,36.183333,0,1294.69,1059.83,-1.978662470157118,0.0,-27.730838808155507,-0.0326846468929243,1.3898436982020732,0.0332966448338467
2172,36.2,0,1298.06,1058.99,-1.9768498209852248,0.0,-27.730838808155507,-0.0327092629999828,1.3899514999999247,0.0333182359999849
2173,36.216667,0,1301.23,1060.94,-1.9657606367176288,0.0,-27.730838808155507,-0.0332099688518503,1.3899473017039603,0.0334618885067849
2174,36.233333,0,1307.14,1061.89,-1.9620115042909896,0.0,-27.730838808155507,-0.0334025581480151,1.3900324982959802,0.0335372264931624
2175,36.25,0,1311.74,1062.8,-1.956766828277076,0.0,-27.730838808155507,-0.03349223,1.3901372,0.033605717
2176,36.266667,0,1318.06,1063.45,-1.956569762737047,0.0,-27.730838808155507,-0.0335463209642111,1.3902330014800173,0.0336612901293615
2177,36.283333,0,1324.04,1063.44,-1.9552450911881103,0.0,-27.730838808155507,-0.0335945290358224,1.3903069985200345,0.033667757870643
2178,36.3,0,1329.11,1063.08,-1.9517545079091936,0.0,-27.730838808155507,-0.0336450799999089,1.3903651000000694,0.0336156749998031
2179,36.316667,0,1332.83,1063.09,-1.9487819649663067,0.0,-27.67967167468993,-0.0335146226460344,1.3904647011159543,0.0333338413530885
2180,36.333333,0,1335.16,1064.13,-1.9466615440989992,0.0,-27.62947347664269,-0.0334969243539903,1.3905204988839674,0.0331514956471661
2181,36.35,0,1336.83,1064.85,-1.945882719666276,0.0,-27.567126130725217,-0.0335124729999945,1.3905653999999843,0.0330267620000435
2182,36.366667,0,1338.81,1063.67,-1.9413576097343297,0.0,-27.56397677712677,-0.0335385056632561,1.3906103010779938,0.0329397240059057
2183,36.383333,0,1339.56,1064.65,-1.9357149706420391,0.0,-27.55922988300817,-0.0335716673367438,1.3906641989220063,0.0328900209940942
2184,36.4,0,1343.19,1064.5,-1.9351139062101903,0.0,-27.558779130379605,-0.0336060819999799,1.3907324999999595,0.0328636469999557
2185,36.416667,0,1343.21,1065.15,-1.93218002442166,0.0,-27.55153638753796,-0.0335485099771993,1.390617100518015,0.0327368922313285
2186,36.433333,0,1342.88,1064.36,-1.932025505305168,0.0,-27.54707085703036,-0.033547370022799,1.390642999482021,0.0326484647685479
2187,36.45,0,1344.66,1063.97,-1.91514888641121,0.0,-27.44739507654612,-0.033570251999984,1.3907094999999536,0.0325612700000608
2188,36.466667,0,1346.45,1063.26,-1.9141878279462503,0.0,-27.43502578968264,-0.0336123610909746,1.3907828013359689,0.0324700755158145
2189,36.483333,0,1347.47,1063.34,-1.8982676429169807,0.0,-27.43174700437229,-0.0336669089089873,1.3908495986639844,0.0323958674842372
2190,36.5,0,1352.63,1062.83,-1.8936867917995133,0.0,-27.374954992794216,-0.033721972,1.3909167,0.03232388
2191,36.516667,0,1357.33,1065.46,-1.8890866865235525,0.0,-27.373894853482856,-0.0336594360516806,1.390688198951988,0.0323199209136273
2192,36.533333,0,1364.19,1065.27,-1.88657862833311,0.0,-27.37269075965284,-0.0336620199483212,1.3906358010479758,0.0322656050863347
2193,36.55,0,1368.04,1065.64,-1.8812170155887824,0.0,-27.335676391057277,-0.0336793180000141,1.3906239999999936,0.0321811399999289
2194,36.566667,0,1374.47,1064.07,-1.8734481023052292,0.0,-27.32692459964367,-0.0336996064067034,1.390614699706012,0.0320793878610471
2195,36.583333,0,1379.16,1064.28,-1.8730398136328947,0.0,-27.326323898296828,-0.0337199415932681,1.3906000002940089,0.0319724401391022
2196,36.6,0,1384.0,1064.39,-1.853730781257096,0.0,-27.310834190594846,-0.0337359299999944,1.3905861000000048,0.0318677650000365
2197,36.616667,0,1389.71,1064.59,-1.8526735737290028,0.0,-27.297157741107466,-0.0336604694299233,1.3906397004259974,0.031741430923012
2198,36.633333,0,1396.44,1065.46,-1.848108388671907,0.0,-27.249247905483788,-0.0336319665700766,1.3906609995740025,0.0316375850769879
2199,36.65,0,1404.25,1065.15,-1.8454447453479776,0.0,-27.079169705780377,-0.0336108059999921,1.3906663999999938,0.0315545719999671
2200,36.666667,0,1413.83,1066.51,-1.8450235759196296,0.0,-27.06454612445164,-0.0335881632335977,1.3906487991619756,0.0314603534432056
2201,36.683333,0,1427.09,1066.06,-1.8435993693149064,0.0,-27.05035210464853,-0.0335498457663487,1.390606900837966,0.0313325225566158
2202,36.7,0,1439.82,1067.52,-1.83608008997066,0.0,-27.028821365713554,-0.0334880800000431,1.39054980000004,0.0311753490001097
2203,36.716667,0,1450.27,1067.51,-1.8352911639914096,0.0,-26.774117478386376,-0.033394420238661,1.3904886986760308,0.0311566296333183
2204,36.733333,0,1461.15,1068.9,-1.8344273330597676,0.0,-26.77301385616446,-0.0333063547614004,1.3904225013240152,0.0309882983667991
2205,36.75,0,1469.39,1060.2,-1.833931710368088,0.0,-26.65630518376705,-0.03321323,1.3903719,0.03077952
2206,36.766667,0,1474.98,1060.42,-1.828861467857092,0.0,-26.650265908250468,-0.0331099456838131,1.390349599984,0.0305721859997935
2207,36.783333,0,1479.9,1069.34,-1.8280968369199688,0.0,-26.45005102514561,-0.032994142316106,1.3903488000159996,0.0303721860000668
2208,36.8,0,1485.15,1067.13,-1.826116964560276,0.0,-26.35147906239306,-0.0328704119998998,1.3903564000001307,0.030182745000025
2209,36.816667,0,1489.36,1068.57,-1.823882610176238,0.0,-26.35147906239306,-0.0327270006309565,1.390543801103955,0.0302186444347037
2210,36.833333,0,1493.07,1069.6,-1.822329852556965,0.0,-26.35147906239306,-0.0326085483692089,1.3905989988959675,0.0301403795654055
2211,36.85,0,1496.36,1071.96,-1.8169256306935229,0.0,-26.35147906239306,-0.0325136220000331,1.3905853000000048,0.0300188340000424
2212,36.866667,0,1497.67,1071.88,-1.8146121257223835,0.0,-26.35147906239306,-0.0324318804797088,1.390535498490009,0.029870752209102
2213,36.883333,0,1499.66,1072.38,-1.814344967614524,0.0,-26.35147906239306,-0.0323558685202911,1.3904600015099913,0.0296812137908979
2214,36.9,0,1502.28,1071.98,-1.813908040770037,0.0,-26.35147906239306,-0.0322762130001178,1.390362499999945,0.0294412520000334
2215,36.916667,0,1505.82,1070.95,-1.812983286035162,0.0,-26.35147906239306,-0.0326137857920721,1.3902061974459257,0.029536951597221
2216,36.933333,0,1509.45,1070.34,-1.8116581446582465,0.0,-26.35147906239306,-0.032703383208053,1.390078502553896,0.0293668244025413
2217,36.95,0,1511.8,1072.07,-1.81084611489684,0.0,-26.35147906239306,-0.0327222939999867,1.389955200000086,0.0291271770001673
2218,36.966667,0,1514.91,1072.04,-1.8092318718033724,0.0,-26.35147906239306,-0.0327187624245534,1.3898307973460615,0.0288722953389485
2219,36.983333,0,1518.54,1070.87,-1.8069804156351432,0.0,-26.35147906239306,-0.0326899905754667,1.3896981026540307,0.0286392466612142
2220,37.0,0,1520.91,1072.13,-1.8059161624712088,0.0,-26.35147906239306,-0.032632746,1.3895656,0.028428022
2221,37.016667,0,1522.41,1072.13,-1.800596007067584,0.0,-26.35147906239306,-0.0328440903198037,1.3892818968739638,0.0286109592405511
2222,37.033333,0,1523.57,1071.08,-1.800166349913235,0.0,-26.35147906239306,-0.0328600796802074,1.3891256031259274,0.0285729887594223
2223,37.05,0,1523.09,1069.23,-1.7943607894353353,0.0,-26.35147906239306,-0.0328185859999627,1.389039399999968,0.0284605659998948
2224,37.066667,0,1524.65,1069.38,-1.7942509833298377,0.0,-26.35147906239306,-0.0327652569076445,1.388993499680013,0.0283099328402887
2225,37.083333,0,1524.16,1072.63,-1.7872102120476796,0.0,-26.35147906239306,-0.0327106390924318,1.388977500320009,0.028151947159932
2226,37.1,0,1527.07,1073.88,-1.786300255492398,0.0,-26.35147906239306,-0.03265321300002,1.388991599999995,0.0280006450000528
2227,37.116667,0,1531.8,1074.41,-1.7831441090507714,0.0,-26.35147906239306,-0.0329046922555585,1.389215802185987,0.0280640006183822
2228,37.133333,0,1536.59,1073.99,-1.7775639092422086,0.0,-26.35147906239306,-0.0329174697444414,1.3893250978140128,0.0280449203816177
2229,37.15,0,1540.39,1073.5,-1.7775582425294392,0.0,-26.35147906239306,-0.0328372229999581,1.389397400000021,0.027974072999959
2230,37.166667,0,1542.99,1073.01,-1.7752989042178084,0.0,-26.35147906239306,-0.0327174773164619,1.3894580009740285,0.0278567522734115
2231,37.183333,0,1548.04,1073.21,-1.7748765533539874,0.0,-26.35147906239306,-0.0325833096833506,1.3895066990260398,0.0276704357263281
2232,37.2,0,1551.41,1070.44,-1.7737160854157512,0.0,-26.35147906239306,-0.0324493400000935,1.3895374999999786,0.0274023130001872
2233,37.216667,0,1555.53,1070.21,-1.7456004959428648,0.0,-26.35147906239306,-0.0326600215890495,1.3895603007379829,0.0274811682834465
2234,37.233333,0,1558.85,1069.96,-1.7417720412195417,0.0,-26.35147906239306,-0.0326394744109647,1.3895971992619915,0.0272953437166832
2235,37.25,0,1563.72,1068.44,-1.739227989032946,0.0,-26.35147906239306,-0.032531526,1.3896409,0.027066626
2236,37.266667,0,1572.42,1067.3,-1.7330814372696632,0.0,-26.35147906239306,-0.0323879388385232,1.3896781003240035,0.0268817677776741
2237,37.283333,0,1582.38,1067.78,-1.7244406336362252,0.0,-26.35147906239306,-0.0322298731613664,1.3896942996760075,0.0267706572222482
2238,37.3,0,1592.78,1069.1,-1.723611341160873,0.0,-26.397134925118756,-0.0320654900002477,1.389676699999818,0.0267232430003429
2239,37.316667,0,1604.38,1068.34,-1.719076494640527,0.0,-26.45005102514561,-0.032420237195192,1.3894159971941142,0.0272143240401354
2240,37.333333,0,1610.64,1070.14,-1.715959589157947,0.0,-26.650265908250468,-0.0324299968047943,1.3892757028060816,0.0274163309595823
2241,37.35,0,1618.34,1070.53,-1.715959589157947,0.0,-26.65630518376705,-0.0323397370000315,1.3891779000000342,0.0275227759999628
2242,37.366667,0,1621.94,1068.94,-1.715959589157947,0.0,-26.689574121305963,-0.0322322009454319,1.389104498624008,0.0275745838504608
2243,37.383333,0,1621.48,1068.9,-1.715959589157947,0.0,-26.7039597279638,-0.032129476054568,1.389035701375992,0.0275671071495391
2244,37.4,0,1624.67,1066.34,-1.715959589157947,0.0,-26.77301385616446,-0.0320293530003211,1.3889585000000289,0.0275083400001648
2245,37.416667,0,1626.42,1065.42,-1.715959589157947,0.0,-26.774117478386376,-0.0329490344773302,1.3890409999259978,0.0279804461899928
2246,37.433333,0,1632.76,1068.24,-1.715959589157947,0.0,-27.028821365713554,-0.0331728855229823,1.389037300073997,0.0281399348102299
2247,37.45,0,1640.23,1066.84,-1.715959589157947,0.0,-27.05035210464853,-0.0331519700000146,1.3890034000000238,0.0282333939999347
2248,37.466667,0,1648.23,1066.74,-1.7143359136067875,0.0,-27.06454612445164,-0.0330279135512002,1.3889479984200368,0.0283366834973818
2249,37.483333,0,1652.96,1065.46,-1.712504719251308,0.0,-27.076405296089487,-0.0328554764489201,1.3888690015800182,0.0284615505025309
2250,37.5,0,1657.0,1064.27,-1.7086083614847525,0.0,-27.079169705780377,-0.03266542,1.3887701,0.028596384
2251,37.516667,0,1661.05,1062.75,-1.7085631596206203,0.0,-27.249247905483788,-0.0328887093015118,1.3885825971259664,0.028344234882067
2252,37.533333,0,1662.96,1060.4,-1.7073315201849144,0.0,-27.326323898296828,-0.0328537866984637,1.388438902873933,0.0282883411178939
2253,37.55,0,1665.23,1060.19,-1.7073315201849144,0.0,-27.32692459964367,-0.0327573299999322,1.3883189999999284,0.028271400999986
2254,37.566667,0,1667.32,1059.28,-1.7073315201849144,0.0,-27.335676391057277,-0.0326602381102769,1.3882162981800743,0.0282513794806211
2255,37.583333,0,1667.46,1059.08,-1.7073315201849144,0.0,-27.37269075965284,-0.032565751889855,1.388125301820053,0.0282254105194151
2256,37.6,0,1668.9,1057.9,-1.7073315201849144,0.0,-27.373894853482856,-0.0324548220000387,1.3880548000000246,0.0282038170000075
2257,37.616667,0,1671.14,1054.9,-1.7073315201849144,0.0,-27.373894853482856,-0.0311672743333762,1.38796229833401,0.030099716504673
2258,37.633333,0,1673.8,1053.17,-1.7073315201849144,0.0,-27.373894853482856,-0.0306839596666237,1.3878790016659903,0.0306749304953269
2259,37.65,0,1675.82,1052.07,-1.7073315201849144,0.0,-27.37269075965284,-0.0304573049999553,1.3878057999999769,0.0308586080000292
2260,37.666667,0,1676.51,1051.58,-1.7073315201849144,0.0,-27.335676391057277,-0.0303294495959991,1.3877394986379603,0.0309422882711569
2261,37.683333,0,1677.28,1050.04,-1.7073315201849144,0.0,-27.17047722593927,-0.0302592544039028,1.387671401361945,0.0310058417289317
2262,37.7,0,1677.41,1049.42,-1.7073315201849144,0.0,-27.079169705780377,-0.0302298680000205,1.3875991000000505,0.0310633539999598
2263,37.716667,0,1678.14,1048.22,-1.7012862519883516,0.0,-27.076405296089487,-0.0315520395185784,1.3883505041379036,0.0288583614800347
2264,37.733333,0,1680.73,1048.54,-1.700033695027293,0.0,-27.06454612445164,-0.0320279604810892,1.388557395861952,0.0281823745204373
2265,37.75,0,1683.54,1048.52,-1.6976144535771167,0.0,-27.06364685872809,-0.032236323,1.3886073,0.027991686
2266,37.766667,0,1688.33,1048.15,-1.695534475059712,0.0,-27.059074856071305,-0.0323618148860619,1.388628500686008,0.0279707810646123
2267,37.783333,0,1694.89,1044.03,-1.6953294654643594,0.0,-27.05035210464853,-0.0324561131140039,1.388662799314016,0.0280240089354247
2268,37.8,0,1701.24,1039.93,-1.6838220394003711,0.0,-27.028821365713554,-0.0325567600001635,1.3887210000000374,0.0281078390008049
2269,37.816667,0,1710.29,1040.09,-1.667630683528923,0.0,-26.964972848654316,-0.0327909542814255,1.3887745020459166,0.0292604769628948
2270,37.833333,0,1714.8,1039.65,-1.6673862419108672,0.0,-26.7039597279638,-0.0330050257182753,1.3888767979539405,0.029708622036479
2271,37.85,0,1724.08,1040.67,-1.6140246773337463,0.0,-26.689574121305963,-0.0332244499999233,1.389003199999956,0.0299458879999171
2272,37.866667,0,1732.19,1040.62,-1.6054425341321268,0.0,-26.68604250952013,-0.0334374608859773,1.3891429026999842,0.0301788100531847
2273,37.883333,0,1743.55,1040.01,-1.5875183784935245,0.0,-26.685015661225133,-0.0336317531140226,1.3892778973000155,0.0304814589468152
2274,37.9,0,1754.65,1038.8,-1.5851004341673474,0.0,-26.65630518376705,-0.0338058319999681,1.38939330000012,0.0308462530009337
2275,37.916667,0,1766.77,1040.13,-1.5827973839387914,0.0,-26.650265908250468,-0.0337145343574594,1.389736703022088,0.0335205489699391
2276,37.933333,0,1773.88,1039.23,-1.5826641704294682,0.0,-26.63559931869262,-0.0337824026426353,1.389887796978123,0.0346189700315949
2277,37.95,0,1796.09,1040.11,-1.5725837884168825,0.0,-26.45005102514561,-0.0339260729998996,1.389986799999931,0.0351970419995963
2278,37.966667,0,1806.85,1039.48,-1.5721730214579894,0.0,-26.397134925118756,-0.0341196546460918,1.3900735017499593,0.0356012127281233
2279,37.983333,0,1814.57,1040.34,-1.5674932884259338,0.0,-26.25041577977429,-0.0343519553537459,1.3901609982499796,0.0359376132716417
2280,38.0,0,1819.03,1041.71,-1.5609729139012594,0.0,-26.24954057780784,-0.034608178,1.3902555,0.036256988
2281,38.016667,0,1821.63,1040.69,-1.5526585467532432,0.0,-25.95668369732548,-0.0344772662593462,1.3904598026840311,0.036046457218629
2282,38.033333,0,1822.94,1037.67,-1.5412311592726022,0.0,-25.947090503131523,-0.0345902277407325,1.3905939973160626,0.0362573777815182
2283,38.05,0,1824.48,1037.91,-1.5412311592726022,0.0,-25.909034968508625,-0.0347664580001299,1.3907050000000836,0.0366515140003481
2284,38.066667,0,1825.61,1036.18,-1.5412311592726022,0.0,-25.906472489328905,-0.0349526137388476,1.3908244027098895,0.0371500590581495
2285,38.083333,0,1825.52,1044.46,-1.5412311592726022,0.0,-25.796888438370107,-0.0351395562608911,1.390959897289921,0.037702966941078
2286,38.1,0,1824.8,1041.53,-1.5412311592726022,0.0,-25.65015865417293,-0.0353294299999337,1.391108799999948,0.0382828499997975
2287,38.116667,0,1824.4,1042.4,-1.5408797099789446,0.0,-25.647390339942422,-0.0348083664365232,1.3906936995460026,0.0371882603744978
2288,38.133333,0,1824.41,1045.29,-1.5362832720451662,0.0,-25.53953096595093,-0.0347801935634767,1.3906710004539973,0.0372069846255021
2289,38.15,0,1824.67,1046.79,-1.5361486424372095,0.0,-25.519069792430574,-0.0349212800000707,1.3907748000000502,0.0375918520001765
2290,38.166667,0,1825.12,1048.71,-1.5361486424372095,0.0,-25.3770783098434,-0.0351240004670499,1.3909186031080905,0.0380973590427612
2291,38.183333,0,1825.47,1054.27,-1.5361486424372095,0.0,-25.376429450722817,-0.0353473375332619,1.3910739968921266,0.0386494589580098
2292,38.2,0,1825.73,1055.02,-1.5361486424372095,0.0,-25.246375761647982,-0.0355774539998393,1.3912379999998854,0.0392076559996102
2293,38.216667,0,1825.98,1057.11,-1.5361486424372095,0.0,-25.22079778344972,-0.0357247365808566,1.3911188015239646,0.039833291465533
2294,38.233333,0,1826.22,1058.24,-1.5361486424372095,0.0,-25.21024937402496,-0.0359037764190183,1.3911949984759822,0.0404065585340665
2295,38.25,0,1826.4,1059.38,-1.5361486424372095,0.0,-25.16875388072708,-0.03609328,1.3913406,0.040987533
2296,38.266667,0,1826.55,1060.95,-1.533980161313557,0.0,-25.129809180195707,-0.036286503968366,1.3915075034260398,0.0415957655153453
2297,38.283333,0,1827.12,1060.97,-1.5334031457559878,0.0,-25.1287718181234,-0.0364849120317723,1.3916787965740798,0.0422215004850913
2298,38.3,0,1827.5,1062.52,-1.5322739818689737,0.0,-25.12122844581838,-0.0366910549997801,1.3918356999992918,0.042839189998327
2299,38.316667,0,1829.99,1065.09,-1.5322739818689737,0.0,-25.119038209679815,-0.0363762347758883,1.3908216950622012,0.0404435327278962
2300,38.333333,0,1833.32,1067.07,-1.5322739818689737,0.0,-25.10754229786308,-0.0364150292240574,1.3905748049381437,0.0400799272726117
2301,38.35,0,1833.66,1068.27,-1.5322739818689737,0.0,-25.06577168047535,-0.0365594179999495,1.3905696000000018,0.0403584059999027
2302,38.366667,0,1835.58,1067.68,-1.5322739818689737,0.0,-25.043275644694408,-0.0367257031927014,1.3906288014839914,0.0408387147518574
2303,38.383333,0,1838.31,1066.73,-1.5322739818689737,0.0,-25.04020357614098,-0.0368853328072985,1.3907029985160086,0.0413762892481425
2304,38.4,0,1844.23,1065.13,-1.5322739818689737,0.0,-25.030780742872683,-0.0370389100000302,1.390778300000003,0.0419269539998317
2305,38.416667,0,1847.72,1063.43,-1.5322739818689737,0.0,-25.030780742872683,-0.0371253962307849,1.390785700244007,0.0414451920130585
2306,38.433333,0,1848.14,1062.15,-1.5322739818689737,0.0,-25.030780742872683,-0.0372369277693708,1.3907978997560098,0.041545837987082
2307,38.45,0,1853.15,1063.76,-1.5322739818689737,0.0,-25.030780742872683,-0.03735141999992,1.3908123999999895,0.0418016349998213
2308,38.466667,0,1855.86,1063.0,-1.5322739818689737,0.0,-25.030780742872683,-0.0374617782258281,1.3908250003219924,0.0420840889462015
2309,38.483333,0,1856.71,1063.28,-1.5322739818689737,0.0,-25.030780742872683,-0.037573067774094,1.3908410996779963,0.0423813940535908
2310,38.5,0,1856.89,1062.17,-1.533980161313557,0.0,-25.030780742872683,-0.037691984,1.3908658,0.042695444
2311,38.516667,0,1857.32,1064.08,-1.5361486424372095,0.0,-25.030780742872683,-0.035527707434174,1.389843593861929,0.0373547300372119
2312,38.533333,0,1857.83,1064.41,-1.5362832720451662,0.0,-25.030780742872683,-0.0348994485653874,1.3895367061378572,0.0358566679617424
2313,38.55,0,1857.53,1063.87,-1.5369686143583874,0.0,-25.030780742872683,-0.0347478539999966,1.3894681000000064,0.0355887670000821
2314,38.566667,0,1858.05,1063.81,-1.540265732201076,0.0,-25.030780742872683,-0.0347430749122828,1.3894773006999714,0.0357064015837132
2315,38.583333,0,1857.68,1063.74,-1.5408253376999677,0.0,-25.030780742872683,-0.0347886890876534,1.3895122992999795,0.0359355874159665
2316,38.6,0,1858.19,1064.78,-1.5408797099789446,0.0,-25.030780742872683,-0.0348534729999773,1.3895508999999864,0.0361892579999114
2317,38.616667,0,1858.81,1062.96,-1.5412311592726022,0.0,-25.030780742872683,-0.0333976061332716,1.3898361017979894,0.0357317832436102
2318,38.633333,0,1858.41,1061.5,-1.542521444974188,0.0,-25.04020357614098,-0.0329542848667283,1.3899259982020105,0.0356439667563897
2319,38.65,0,1858.14,1060.42,-1.5425530069732791,0.0,-25.043275644694408,-0.0328352269999962,1.3899431999999967,0.0356652740000129
2320,38.666667,0,1858.75,1056.34,-1.5436197073975717,0.0,-25.06577168047535,-0.03282441268846,1.38993359965199,0.0357024379952089
2321,38.683333,0,1859.37,1055.46,-1.544166980989857,0.0,-25.119038209679815,-0.032858833311588,1.389916200347986,0.0357521950048605
2322,38.7,0,1859.21,1054.96,-1.5455129207537197,0.0,-25.12122844581838,-0.0329119559999629,1.3899003000000112,0.0358431799999364
2323,38.716667,0,1859.96,1054.2,-1.546248609020327,0.0,-25.1287718181234,-0.0322046559135551,1.3901702013159694,0.0299696141006157
2324,38.733333,0,1860.53,1054.6,-1.5471887393419137,0.0,-25.129809180195707,-0.0320003370865875,1.3902359986839847,0.0281746749006377
2325,38.75,0,1861.13,1054.51,-1.5473228421447929,0.0,-25.16875388072708,-0.03195648,1.3902259,0.02765796
2326,38.766667,0,1861.51,1053.6,-1.5526585467532432,0.0,-25.16875388072708,-0.0319665374735655,1.3901746986139838,0.0275046736776646
2327,38.783333,0,1862.4,1053.56,-1.5609729139012594,0.0,-25.16875388072708,-0.031990214526451,1.3901054013859675,0.0274385603222892
2328,38.8,0,1863.33,1053.01,-1.5611015612604084,0.0,-25.18618289240573,-0.0320179280008112,1.3900387000003036,0.027371284002839
2329,38.816667,0,1864.21,1051.85,-1.563564869979917,0.0,-25.18835802531173,-0.0331797070779916,1.3904734025398966,0.0314368290009222
2330,38.833333,0,1866.18,1051.59,-1.5639603881341493,0.0,-25.21024937402496,-0.0335336069215139,1.390600397459926,0.0326368759974011
2331,38.85,0,1865.26,1050.95,-1.5639808527726229,0.0,-25.22079778344972,-0.0336260399999677,1.390643099999985,0.0329525729998897
2332,38.866667,0,1866.16,1049.78,-1.572141382946679,0.0,-25.246375761647982,-0.0336212189978658,1.390663000239999,0.032991561132305
2333,38.883333,0,1870.16,1047.76,-1.5721730214579894,0.0,-25.26172743660456,-0.0335711140021341,1.3906749997600014,0.0329481778676949
2334,38.9,0,1874.12,1045.44,-1.5725837884168825,0.0,-25.3940486842466,-0.0335021839998347,1.3906852000000058,0.0328672040000267
2335,38.916667,0,1873.49,1043.91,-1.5826641704294682,0.0,-25.43169045730944,-0.0330287625490305,1.390701700038001,0.0329437363586413
2336,38.933333,0,1870.96,1041.84,-1.5827973839387914,0.0,-25.434429263917743,-0.0328062294506586,1.3907035999620014,0.0329116706413138
2337,38.95,0,1870.12,1041.26,-1.5954047904378523,0.0,-25.47821768330125,-0.0326627340001002,1.390700600000002,0.0328409000000494
2338,38.966667,0,1868.44,1038.43,-1.5954132999533863,0.0,-25.479549811334365,-0.032550838192842,1.3907009001779955,0.0327513311276435
2339,38.983333,0,1866.73,1035.98,-1.6040198873027824,0.0,-25.509233143855973,-0.032460481807221,1.390709799821998,0.0326577148724217
2340,39.0,0,1866.28,1035.87,-1.6047700241511242,0.0,-25.51410215702165,-0.032386754,1.3907295,0.032567553
2341,39.016667,0,1865.56,1032.47,-1.6054425341321268,0.0,-25.519069792430574,-0.032823255412468,1.3898074946179375,0.0319647595803486
2342,39.033333,0,1865.4,1030.8,-1.6265956503873706,0.0,-25.524487134771626,-0.0329438725876161,1.389538405381875,0.0317437884194971
2343,39.05,0,1865.21,1020.38,-1.6404076015973594,0.0,-25.541840387545555,-0.0329673740000016,1.389482000000002,0.0316352249999315
2344,39.066667,0,1864.99,1019.26,-1.64218546967311,0.0,-25.57215594501313,-0.0329697649865005,1.3894849003599854,0.0315372279186847
2345,39.083333,0,1864.74,1020.96,-1.6503519850848691,0.0,-25.647390339942422,-0.0329690900135003,1.3895028996399896,0.0314331620814606
2346,39.1,0,1864.01,1020.93,-1.6513477767095333,0.0,-25.65015865417293,-0.0329691999999999,1.3895155999999955,0.0313251200000377
2347,39.116667,0,1863.0,1020.16,-1.6673862419108672,0.0,-25.669945106934065,-0.034760918507513,1.389625100655996,0.0307747783014073
2348,39.133333,0,1862.86,1021.92,-1.667630683528923,0.0,-25.680294508703312,-0.0353362744924869,1.389657899344004,0.0305398566985926
2349,39.15,0,1863.01,1023.26,-1.676970688331216,0.0,-25.724023392136537,-0.0355220440000193,1.389662599999998,0.0304176769999721
2350,39.166667,0,1863.19,1022.35,-1.6781469726466052,0.0,-25.796888438370107,-0.0355774280418412,1.389655999587988,0.030338025418814
2351,39.183333,0,1863.57,1020.03,-1.6838220394003711,0.0,-25.83709310085512,-0.0355795199581617,1.389635400411983,0.0302589715810755
2352,39.2,0,1865.16,1018.04,-1.6942185289882086,0.0,-25.84552133188681,-0.0355568380000158,1.38959260000003,0.0301516020000749
2353,39.216667,0,1866.01,1016.78,-1.6942289347753674,0.0,-25.847593618904536,-0.0355593033767345,1.3896845992200182,0.0300572040362889
2354,39.233333,0,1867.57,1017.73,-1.6953294654643594,0.0,-25.848267582276662,-0.0355281406232872,1.389645600780009,0.0299090209638144
2355,39.25,0,1868.2,1018.07,-1.6953841928317777,0.0,-25.89178373555482,-0.035482228,1.3895531,0.029715158
2356,39.266667,0,1869.31,1017.88,-1.695534475059712,0.0,-25.906472489328905,-0.0354391624191332,1.3894457981599786,0.0294961997765909
2357,39.283333,0,1870.69,1015.63,-1.6976144535771167,0.0,-25.908122379720545,-0.0354101205808464,1.3893538018399572,0.0292850402232616
2358,39.3,0,1872.45,1015.67,-1.6987525294116987,0.0,-25.908122379720545,-0.0353949299998115,1.3892887000000032,0.0291216700004979
2359,39.316667,0,1874.35,1016.26,-1.700033695027293,0.0,-25.908122379720545,-0.0351250386349556,1.3892930999440023,0.0298347630565939
2360,39.333333,0,1875.1,1015.24,-1.700033695027293,0.0,-25.908122379720545,-0.0350567863651397,1.3892903000560015,0.0300875929430527
2361,39.35,0,1875.92,1013.4,-1.700033695027293,0.0,-25.908122379720545,-0.0350586179999993,1.3892881000000006,0.0301982499999613
2362,39.366667,0,1876.4,1015.58,-1.700033695027293,0.0,-25.908122379720545,-0.0350925631520932,1.389289600321998,0.0302641547040759
2363,39.383333,0,1876.24,1015.51,-1.700033695027293,0.0,-25.908122379720545,-0.0351501658479067,1.3893056996780018,0.030299357295924
2364,39.4,0,1875.62,1021.21,-1.700033695027293,0.0,-25.908122379720545,-0.0352209359998333,1.389341499999906,0.0303035039999248
2365,39.416667,0,1875.47,1020.81,-1.700033695027293,0.0,-25.908122379720545,-0.0347435979607806,1.3890726994319835,0.0300883180676837
2366,39.433333,0,1874.57,1021.15,-1.700033695027293,0.0,-25.908122379720545,-0.0346416440390769,1.389044300567977,0.0299917089321812
2367,39.45,0,1874.03,1022.6,-1.700033695027293,0.0,-25.908122379720545,-0.0346551399999905,1.38908759999997,0.0299151730000534
2368,39.466667,0,1873.63,1023.7,-1.700033695027293,0.0,-25.908122379720545,-0.0347012331004943,1.389138800775982,0.0298196473598614
2369,39.483333,0,1872.57,1021.75,-1.7001736512082577,0.0,-25.908122379720545,-0.0347562568994671,1.389177599223991,0.0296876426402307
2370,39.5,0,1870.19,1015.96,-1.700566108858702,0.0,-25.908122379720545,-0.03481625,1.3891953,0.029540371
2371,39.516667,0,1868.36,1020.36,-1.7012862519883516,0.0,-25.908122379720545,-0.0353296891655883,1.389155499821998,0.0300139167771006
2372,39.533333,0,1866.03,1020.51,-1.7066239860480306,0.0,-25.908122379720545,-0.0355379578345569,1.3891466001779955,0.0301027672229613
2373,39.55,0,1864.2,1020.83,-1.7076423694456566,0.0,-25.908122379720545,-0.0356538900000616,1.3891566000000182,0.0301082580000162
2374,39.566667,0,1860.84,1017.37,-1.7076423694456566,0.0,-25.908122379720545,-0.0357421987592283,1.38918260073797,0.0301315508703845
2375,39.583333,0,1858.84,1015.76,-1.7076423694456566,0.0,-25.908122379720545,-0.0358301602406487,1.3892194992619786,0.0301750701295546
2376,39.6,0,1855.27,1007.19,-1.7076423694456566,0.0,-25.908122379720545,-0.0359287369999655,1.3892398999999929,0.0302160979999856
2377,39.616667,0,1854.23,1005.67,-1.7076423694456566,0.0,-25.908122379720545,-0.0359538372036471,1.38910289827401,0.0304337311647332
2378,39.633333,0,1850.55,1004.23,-1.7076423694456566,0.0,-25.908122379720545,-0.0360640157963528,1.38901660172599,0.0304919658352667
2379,39.65,0,1846.38,1003.26,-1.7076423694456566,0.0,-25.908122379720545,-0.0362107160000544,1.3889429999999712,0.0305028260000036
2380,39.666667,0,1844.38,1005.29,-1.7076423694456566,0.0,-25.908122379720545,-0.0363665697946413,1.3888604985099566,0.0305132572364068
2381,39.683333,0,1842.62,1007.1,-1.7076423694456566,0.0,-25.908122379720545,-0.0365062922055538,1.3887860014899394,0.0305250767636096
2382,39.7,0,1837.62,1008.72,-1.7076423694456566,0.0,-25.908122379720545,-0.0366283359999147,1.3887153000000494,0.0305332399999943
2383,39.716667,0,1834.79,1009.28,-1.7076423694456566,0.0,-25.908122379720545,-0.0363272188721662,1.3885701979480478,0.0305506922665137
2384,39.733333,0,1834.76,1009.03,-1.7174491021800546,0.0,-25.908122379720545,-0.0362708281278731,1.388467602052024,0.0305640177334768
2385,39.75,0,1830.19,1010.48,-1.7180193545798894,0.0,-25.908122379720545,-0.036293626,1.3883779,0.030546874
2386,39.766667,0,1828.61,1004.14,-1.7182658952882937,0.0,-25.908122379720545,-0.0363511455092175,1.388298698745985,0.0305100792980518
2387,39.783333,0,1826.13,1004.3,-1.7183649865739636,0.0,-25.908122379720545,-0.0364266024908351,1.3882360012539707,0.0304749837019236
2388,39.8,0,1825.61,1004.26,-1.7244026362193847,0.0,-25.908122379720545,-0.0365107059998945,1.3881775000000376,0.030435078000071
2389,39.816667,0,1824.08,1003.96,-1.7370304849838432,0.0,-26.014627562295537,-0.0363596492926288,1.3882312000239991,0.0305368758121269
2390,39.833333,0,1823.23,1004.49,-1.7419353534160176,0.0,-26.08172454987753,-0.0363242807074205,1.3882323999759991,0.0305774821878163
2391,39.85,0,1820.18,1006.75,-1.742436216094818,0.0,-26.092676339623605,-0.036321312000001,1.3882325,0.0306207949999848
2392,39.866667,0,1819.85,1008.06,-1.7510509626916608,0.0,-26.121148051851847,-0.0363284801129393,1.3882456006499964,0.0306856164592515
2393,39.883333,0,1817.99,1008.15,-1.7511411348716832,0.0,-26.121394195727664,-0.0363341268870606,1.3882780993500037,0.0307585765407484
2394,39.9,0,1817.78,1007.8,-1.759615852552436,0.0,-26.557571852902857,-0.0363312659999406,1.3883226000000413,0.0308147369998341
2395,39.916667,0,1817.88,1008.82,-1.7596658086714254,0.0,-26.590074794214107,-0.0361611236090595,1.388441001136033,0.0303398668095871
2396,39.933333,0,1816.85,1008.44,-1.7698190065411483,0.0,-26.59316159522205,-0.0360915813908433,1.388497798864046,0.03018035719019
2397,39.95,0,1816.79,1010.21,-1.7767178205134762,0.0,-26.64232890775685,-0.0360633170000197,1.3885290999999782,0.030111557000048
2398,39.966667,0,1816.39,1010.15,-1.7882996055512528,0.0,-26.73370059781175,-0.0360482815341308,1.388550800339992,0.0300811699884802
2399,39.983333,0,1815.6,1010.88,-1.7887118682693706,0.0,-26.73744060290899,-0.0360249884658854,1.388567799659996,0.0300805940115201
2400,40.0,0,1815.28,1009.76,-1.7911028741836554,0.0,-26.78054188789737,-0.035985947,1.3885882,0.030095559
2401,40.016667,0,1814.76,1009.62,-1.8194914656701604,0.0,-26.89129704183863,-0.0360977305094059,1.388391299565995,0.0294796338893122
2402,40.033333,0,1814.92,1009.93,-1.819653853713134,0.0,-26.895951207609784,-0.0361231994906118,1.38836960043399,0.0292741101105443
2403,40.05,0,1817.54,1007.8,-1.8347278277772003,0.0,-26.96131030264914,-0.0361281340000018,1.3884127000000466,0.0291781759999487
2404,40.066667,0,1818.42,1006.08,-1.8381782726486775,0.0,-26.97192526351654,-0.0361307641051157,1.3884795015899354,0.0291048166746339
2405,40.083333,0,1819.64,1005.56,-1.838204220332672,0.0,-26.980102146096872,-0.0361360198948769,1.3885589984099538,0.0290385483254585
2406,40.1,0,1820.75,1003.2,-1.840644182747095,0.0,-27.05750332451868,-0.0361349620000003,1.3886370999999726,0.028986884000018
2407,40.116667,0,1821.21,1002.53,-1.8516234854750289,0.0,-27.2411947173568,-0.0362004500849195,1.3883078987440074,0.0289777997318015
2408,40.133333,0,1821.53,1004.26,-1.8533776510169864,0.0,-27.32792521090713,-0.0362046959150804,1.3882451012559929,0.0289643902681984
2409,40.15,0,1820.37,1003.79,-1.859200160570389,0.0,-27.335397967807847,-0.0361778139999849,1.388263700000013,0.0289642250000085
2410,40.166667,0,1819.09,1002.44,-1.860017809065157,0.0,-27.35066994358657,-0.0361347111320547,1.3883017006320184,0.028988674759502
2411,40.183333,0,1816.43,1001.13,-1.8620148168458583,0.0,-27.352605761421746,-0.0360913168678846,1.3883332993680255,0.0290266472405509
2412,40.2,0,1816.1,994.82,-1.8680977618076389,0.0,-27.359882237080463,-0.0360556400000249,1.388367699999976,0.0290764309999652
2413,40.216667,0,1813.97,989.28,-1.872109718565315,0.0,-27.73208464306136,-0.0361973130672751,1.3879346976480549,0.0293073562853467
2414,40.233333,0,1812.8,982.74,-1.875247149402296,0.0,-27.762843938937497,-0.0362506759326875,1.3878171023520274,0.0294216217145734
2415,40.25,0,1812.34,981.0,-1.8764784333988311,0.0,-27.767294099017462,-0.036287777,1.3877974,0.029484276
2416,40.266667,0,1812.52,976.77,-1.8786141177263875,0.0,-27.79524199609311,-0.0363308212552745,1.3878028002460028,0.0295297324434651
2417,40.283333,0,1812.46,973.22,-1.880656817925387,0.0,-27.806081652118507,-0.0363935817447692,1.3878150997540055,0.0295519045565503
2418,40.3,0,1811.99,974.94,-1.881760041967564,0.0,-27.808814614512645,-0.0364743899999931,1.3878322000006704,0.0295651030018049
2419,40.316667,0,1808.56,975.64,-1.8942668125981088,0.0,-27.824426709304227,-0.0364646210933554,1.3887923065517331,0.0321498377036787
2420,40.333333,0,1805.99,974.21,-1.896467622935964,0.0,-27.82696204340193,-0.0365192889065681,1.3891198934478093,0.0330350222950845
2421,40.35,0,1803.12,977.62,-1.8967039676682105,0.0,-28.100288429302417,-0.0365865379999765,1.3892540999999532,0.0334235599998643
2422,40.366667,0,1798.17,977.84,-1.897075668480223,0.0,-28.168994318794866,-0.036659661545651,1.3893236009399943,0.0336584893277006
2423,40.383333,0,1794.02,978.39,-1.898208076099588,0.0,-28.169284489800365,-0.036736941454349,1.3893705990600054,0.0338248686722993
2424,40.4,0,1789.6,975.02,-1.9241180618106848,0.0,-28.285472818746157,-0.0368132479993406,1.3894245999998034,0.0339547839997459
2425,40.416667,0,1787.16,975.04,-1.9252854443099596,0.0,-28.313013381128247,-0.0349247117162917,1.3888616979259398,0.0332271019715518
2426,40.433333,0,1782.8,976.1,-1.926478273361407,0.0,-28.316207360630195,-0.0343605652829203,1.3887580020739154,0.0330756900282366
2427,40.45,0,1780.4,977.25,-1.9478671529755995,0.0,-28.329979974225807,-0.0342207250000976,1.3888019999999694,0.0331472869999499
2428,40.466667,0,1777.76,977.66,-1.948639179391059,0.0,-28.333213398503904,-0.0342211289102788,1.3888842016259622,0.0333128762194617
2429,40.483333,0,1774.12,978.77,-1.9653052274548803,0.0,-28.335458791153275,-0.0342666420896894,1.3889654983739812,0.0335238457803909
2430,40.5,0,1772.5,979.31,-1.966226643286206,0.0,-28.36252745403252,-0.034333598,1.3890308,0.03373663
2431,40.516667,0,1769.49,979.22,-1.9667816240563156,0.0,-28.3684523957572,-0.0339248650356688,1.3892823015760185,0.0338653944809888
2432,40.533333,0,1765.98,979.48,-1.9710224282580795,0.0,-28.374735208640296,-0.0338766509642975,1.3893610984240363,0.0339894375190977
2433,40.55,0,1764.03,978.95,-1.9719262928976096,0.0,-28.37530753282715,-0.0339583300000947,1.389374699999988,0.0340894000000622
2434,40.566667,0,1762.53,977.53,-1.973862771248,0.0,-28.377539093855308,-0.0340940573173848,1.389357399532019,0.0341785016637722
2435,40.583333,0,1762.28,974.6,-1.9814962258517923,0.0,-28.38979440241968,-0.0342599266823834,1.3893340004680137,0.0342616903361115
2436,40.6,0,1760.0,972.25,-1.9836592099801356,0.0,-28.40004135340887,-0.0344537349999323,1.3893131000000074,0.0343515199999686
2437,40.616667,0,1759.75,968.94,-1.988785429116208,0.0,-28.436526925431203,-0.0349761164512624,1.3891298989340062,0.0344499981512016
2438,40.633333,0,1759.02,968.18,-1.9893800679021096,0.0,-28.47128885139349,-0.0352986685487375,1.3890766010659938,0.0346075528487983
2439,40.65,0,1755.43,966.47,-1.9946121146954463,0.0,-28.48343320317604,-0.0355583280000844,1.3890693000000012,0.0348235400000857
2440,40.666667,0,1751.82,965.34,-1.9987592773194107,0.0,-28.510712323191957,-0.0358002418611214,1.3890725001460045,0.0350691088160601
2441,40.683333,0,1750.03,965.85,-2.0002348625512334,0.0,-28.529196122888056,-0.036043281139218,1.389079799854006,0.0353098951842761
2442,40.7,0,1745.01,964.73,-2.0010143888056904,0.0,-28.549413614570085,-0.0362928959998256,1.389098399999987,0.0355341099998434
2443,40.716667,0,1740.67,963.54,-2.001095703021963,0.0,-28.55166327888024,-0.0359559552373711,1.3893286017779587,0.0347114499648539
2444,40.733333,0,1739.8,961.74,-2.006724528481468,0.0,-28.55880026136463,-0.0360178227625856,1.3894174982219794,0.0345096960352869
2445,40.75,0,1737.18,954.94,-2.0089388503177124,0.0,-28.571986308121577,-0.036221445,1.3894652,0.034495514
2446,40.766667,0,1733.03,951.25,-2.0187233074573725,0.0,-28.609899106491625,-0.036473475252381,1.389510501020012,0.0345456577581404
2447,40.783333,0,1731.61,947.91,-2.024200011531863,0.0,-28.61339998619174,-0.0367360807478022,1.3895614989800236,0.0346335602419209
2448,40.8,0,1728.43,944.33,-2.043777673802607,0.0,-28.621709233282385,-0.0369964279997988,1.389601999999937,0.0347534980001034
2449,40.816667,0,1726.95,941.06,-2.044767113974322,0.0,-28.63141158554178,-0.0367084160489972,1.389511799090037,0.0349015950725955
2450,40.833333,0,1725.15,937.88,-2.045796784146131,0.0,-28.63194541194605,-0.0367608659509294,1.3894663009100263,0.0350052249272596
2451,40.85,0,1720.3,936.47,-2.0459998993128434,0.0,-28.650250126692487,-0.0369242399999429,1.3894302000000127,0.0350846499999722
2452,40.866667,0,1717.17,934.89,-2.0460909052535925,0.0,-28.65276209774433,-0.0371247572063155,1.3893975995480026,0.0351523015903907
2453,40.883333,0,1714.74,936.43,-2.04729907411038,0.0,-28.681707695899327,-0.0373350657936844,1.3893750004519974,0.0352318184096092
2454,40.9,0,1712.73,936.21,-2.0475693142690394,0.0,-28.750527243746077,-0.0375476630002053,1.3893595000000187,0.0353230050001968
2455,40.916667,0,1712.57,928.99,-2.0482976256520007,0.0,-28.880992942826328,-0.0381357735411303,1.3894131001760053,0.0358868144278488
2456,40.933333,0,1712.57,933.45,-2.0533066261374104,0.0,-28.887062835309383,-0.0384628074593264,1.389421899824007,0.0361081915724603
2457,40.95,0,1712.4,932.62,-2.055212437657432,0.0,-28.924835163812247,-0.0386962779998369,1.389421000000001,0.0362217579999206
2458,40.966667,0,1711.2,937.84,-2.056737942518249,0.0,-28.94266414336193,-0.0388773329033324,1.3894116994760122,0.0363031616264821
2459,40.983333,0,1710.97,938.1,-2.056936839052951,0.0,-29.149197419807507,-0.0390224970965662,1.389385500524006,0.036384484373461
2460,41.0,0,1710.92,938.12,-2.0569727951472907,0.0,-29.33011832518969,-0.03916841,1.3892618,0.036464147
2461,41.016667,0,1709.92,941.29,-2.063602277682438,0.0,-29.36125722160318,-0.0387517483301806,1.3891465967119616,0.0366649791961938
2462,41.033333,0,1707.32,940.6,-2.0703043855953847,0.0,-29.468620705623238,-0.0386682616697611,1.3889822032879235,0.0367247858038478
2463,41.05,0,1704.42,943.29,-2.0780124706708496,0.0,-29.469344077685975,-0.0386742100000155,1.3888711999999548,0.0367522700000199
2464,41.066667,0,1702.4,944.43,-2.078320547061829,0.0,-29.81075026621893,-0.0386965402900881,1.3888061993100282,0.0367808752990878
2465,41.083333,0,1700.07,945.57,-2.0797332857787,0.0,-29.84310618916032,-0.0387110447098915,1.38877170069002,0.0367958297008912
2466,41.1,0,1697.78,946.09,-2.0802714436046807,0.0,-29.851953658253823,-0.0387151869999985,1.3887498000000076,0.0368002469999984
2467,41.116667,0,1695.92,949.56,-2.08153152130482,0.0,-29.853356050859063,-0.0370013433632935,1.3888633000359998,0.036065189153334
2468,41.133333,0,1694.57,949.8,-2.0831713677496664,0.0,-29.863974629980245,-0.0363695296367064,1.3888650999640002,0.0357728658466659
2469,41.15,0,1692.61,946.13,-2.0877895610291763,0.0,-29.993711235809336,-0.036081809999941,1.3888387999999945,0.035597509999947
2470,41.166667,0,1690.59,945.41,-2.100737391741541,0.0,-30.070641730396883,-0.0359130477758752,1.3888226998739963,0.03544583956544
2471,41.183333,0,1689.04,943.79,-2.106374493344112,0.0,-30.07296495542237,-0.0358018492239693,1.3888164001259948,0.03527412343432
2472,41.2,0,1686.37,942.39,-2.1066505049262654,0.0,-30.08505968038709,-0.0357208850000565,1.3888052000000075,0.0350818820001342
2473,41.216667,0,1685.41,940.22,-2.1071272613069363,0.0,-30.152564450881343,-0.038546880451617,1.3894871046958908,0.0320457890549276
2474,41.233333,0,1683.79,938.96,-2.1076528099064817,0.0,-30.16341179427122,-0.0393694475478085,1.3897218953039454,0.0309985529458037
2475,41.25,0,1680.36,939.45,-2.113826640757192,0.0,-30.175695684993592,-0.039542235,1.3897994,0.030607104
2476,41.266667,0,1678.48,938.46,-2.116061462944184,0.0,-30.206360707520723,-0.0394870532052475,1.3898191001320015,0.0304422253470608
2477,41.283333,0,1676.13,938.44,-2.1162825720169174,0.0,-30.208179402429334,-0.0393473227946549,1.3898256998680032,0.0303595826528815
2478,41.3,0,1673.97,936.08,-2.1166141374903544,0.0,-30.2273191176079,-0.0391768249988553,1.3898273999995836,0.030286985001773
2479,41.316667,0,1673.78,936.49,-2.117813736251668,0.0,-30.24008882516545,-0.0375376340297076,1.3892311961321575,0.0328260023682946
2480,41.333333,0,1671.54,935.11,-2.1191580024133088,0.0,-30.243282308850425,-0.0369391189711285,1.3890378038681128,0.0335444176307016
2481,41.35,0,1670.78,932.85,-2.1201326493268966,0.0,-30.24331633368463,-0.0366827300000895,1.388965400000025,0.0336668679999572
2482,41.366667,0,1666.3,929.4,-2.1201326493268966,0.0,-30.256308918542103,-0.0365468082452102,1.3889232990740057,0.0335864249752976
2483,41.383333,0,1665.63,922.91,-2.1201326493268966,0.0,-30.258281757492387,-0.0364590717547897,1.3888770009259943,0.0334351950247023
2484,41.4,0,1665.07,917.41,-2.1201326493268966,0.0,-30.320481363508016,-0.0363971850000644,1.3888152000001164,0.0332614899992903
2485,41.416667,0,1664.02,912.88,-2.1201326493268966,0.0,-30.322070163630872,-0.0365818714190812,1.3891482008060234,0.0312291148857402
2486,41.433333,0,1663.86,912.13,-2.1201326493268966,0.0,-30.364222326519386,-0.0366528205810178,1.3891884991940329,0.0304734541132043
2487,41.45,0,1661.56,910.59,-2.1201326493268966,0.0,-30.364222326519386,-0.0366882829999752,1.3891363000000363,0.0301061500002564
2488,41.466667,0,1661.83,910.79,-2.1201326493268966,0.0,-30.364222326519386,-0.0367191307074635,1.3890542984600358,0.0298475654720854
2489,41.483333,0,1658.53,912.36,-2.1201326493268966,0.0,-30.364222326519386,-0.0367545032925117,1.388977301540018,0.0296211735280726
2490,41.5,0,1656.63,913.44,-2.1201326493268966,0.0,-30.364222326519386,-0.036793556,1.3889145,0.02941161
2491,41.516667,0,1657.77,914.35,-2.1201326493268966,0.0,-30.364222326519386,-0.0355706106629547,1.3888449992459913,0.0294686984978825
2492,41.533333,0,1654.94,914.44,-2.1201326493268966,0.0,-30.364222326519386,-0.0352037773367892,1.3888073007539825,0.029393596502065
2493,41.55,0,1651.65,914.8,-2.1201326493268966,0.0,-30.51105329814048,-0.0351076869999936,1.3887834999999826,0.0292893569999142
2494,41.566667,0,1648.47,915.88,-2.1201326493268966,0.0,-30.514115697309038,-0.035098630366425,1.3887586993680257,0.0291665891892745
2495,41.583333,0,1644.9,915.43,-2.1201326493268966,0.0,-30.54655032553365,-0.0351169516335493,1.3887271006320183,0.0290260528109218
2496,41.6,0,1640.04,915.51,-2.1201326493268966,0.0,-30.586783956146185,-0.0351443329999904,1.3886877000000135,0.0288652900000561
2497,41.616667,0,1638.24,915.58,-2.1211244635262463,0.0,-30.586783956146185,-0.0353059336373504,1.388916301199993,0.0292716633390122
2498,41.633333,0,1634.36,915.71,-2.1243643709691207,0.0,-30.586783956146185,-0.0353877983626495,1.388976298800007,0.0293386116609877
2499,41.65,0,1630.52,915.94,-2.1247882629351853,0.0,-30.586783956146185,-0.0354513270000212,1.3889931000000049,0.0293200029999992
2500,41.666667,0,1631.26,916.09,-2.125182445217356,0.0,-30.586783956146185,-0.0355122211266327,1.389006900162005,0.0293177554808739
2501,41.683333,0,1631.19,916.13,-2.13687830743654,0.0,-30.586783956146185,-0.0355685488734458,1.3890149998380068,0.0293417975191595
2502,41.7,0,1630.02,916.01,-2.1375914929454325,0.0,-30.586783956146185,-0.0356129849999689,1.3890170999999985,0.0293791819999738
2503,41.716667,0,1629.33,915.55,-2.144377412934962,0.0,-30.586783956146185,-0.0363585248580469,1.3888378986440315,0.0297668719551512
2504,41.733333,0,1631.27,915.24,-2.144429866462841,0.0,-30.586783956146185,-0.0366014231417834,1.3887701013560156,0.0299146270447456
2505,41.75,0,1629.82,914.59,-2.1475526865934005,0.0,-30.586783956146185,-0.036689434,1.388733,0.029960865
2506,41.766667,0,1629.23,914.71,-2.149130030011059,0.0,-30.586783956146185,-0.0367307074616653,1.3887023995279943,0.0299623648505382
2507,41.783333,0,1626.42,913.4,-2.165222024967808,0.0,-30.586783956146185,-0.0367537895383507,1.3886788004719892,0.0299548921494565
2508,41.8,0,1625.67,911.25,-2.165222024967808,0.0,-30.586783956146185,-0.0367727599987539,1.388663800000492,0.0299652570011635
2509,41.816667,0,1625.49,910.09,-2.165222024967808,0.0,-30.586783956146185,-0.0349883552135594,1.3893683045718137,0.0316315377708004
2510,41.833333,0,1624.16,910.23,-2.165222024967808,0.0,-30.586783956146185,-0.034449032787194,1.3895968954278668,0.0322200782283772
2511,41.85,0,1622.81,909.94,-2.165222024967808,0.0,-30.586783956146185,-0.0343017130000514,1.389673699999973,0.0324765799999104
2512,41.866667,0,1620.32,910.4,-2.167641551076572,0.0,-30.586783956146185,-0.034268691828161,1.389697599774001,0.0326386860272082
2513,41.883333,0,1617.01,911.64,-2.1687311849530784,2.220446049250313e-16,-30.586783956146185,-0.034260100171839,1.3896863002259987,0.0327400429727918
2514,41.9,0,1612.85,911.5,-2.170009393180231,0.0,-30.586783956146185,-0.0342507660002937,1.3896562999999822,0.0328008800004474
2515,41.916667,0,1609.29,907.59,-2.1786390274659806,2.220446049250313e-16,-30.586783956146185,-0.0350920648939023,1.389605199067973,0.0340824782087388
2516,41.933333,0,1601.6,902.55,-2.180210171792151,-2.220446049250313e-16,-30.586783956146185,-0.0353367431064393,1.389558600931962,0.0344928867918344
2517,41.95,0,1596.47,900.47,-2.180442433984004,-2.220446049250313e-16,-30.58709091716648,-0.0353836269999672,1.3895208000000263,0.0346301349999041
2518,41.966667,0,1593.23,898.64,-2.180444478362893,0.0,-30.59632684781788,-0.0353593969754638,1.3894977997600055,0.0347084087513592
2519,41.983333,0,1589.35,895.94,-2.180688122333794,2.220446049250313e-16,-30.615710532660607,-0.0353081710245719,1.3894858002400028,0.0347959752485796
2520,42.0,0,1586.72,894.14,-2.202744107617823,0.0,-30.660549929935165,-0.03524922,1.389483,0.03490232
2521,42.016667,0,1583.9,890.96,-2.2033364384910032,2.220446049250313e-16,-30.664393184911685,-0.0352451273888929,1.3891034980339771,0.0344582034304817
2522,42.033333,0,1582.15,889.78,-2.2036545580092315,0.0,-30.67890458300821,-0.0352145736110857,1.3890052019659542,0.0343797315694634
2523,42.05,0,1578.23,888.24,-2.206309662217734,0.0,-30.723254380112245,-0.0351717359999625,1.3889927000000122,0.0343976000000265
2524,42.066667,0,1574.52,888.22,-2.208352963804242,0.0,-30.723626259123364,-0.0351180308588464,1.3890101004979796,0.0344355605515175
2525,42.083333,0,1573.22,886.73,-2.208352963804242,2.220446049250313e-16,-30.730045363806298,-0.0350609731412332,1.3890349995019855,0.0344631364484439
2526,42.1,0,1569.98,884.86,-2.208352963804242,0.0,-30.736987068050087,-0.0349972100000222,1.3890510999999943,0.034480262999994
2527,42.116667,0,1568.72,880.74,-2.208352963804242,0.0,-30.78064581861082,-0.0360896011385842,1.3888040980260117,0.0318356040996525
2528,42.133333,0,1567.25,879.44,-2.208352963804242,0.0,-30.785078832877407,-0.0363965198614157,1.3887054019739886,0.0310406139003474
2529,42.15,0,1566.54,879.42,-2.208352963804242,0.0,-30.78889703950169,-0.0364575699999931,1.3886600999999912,0.0308532270000034
2530,42.166667,0,1565.62,880.65,-2.208352963804242,0.0,-30.811412151325605,-0.0364378420281117,1.3886343995999884,0.0308631872758771
2531,42.183333,0,1564.69,876.07,-2.208352963804242,2.220446049250313e-16,-30.853079532743905,-0.0363892509718204,1.3886144003999836,0.0309269767242119
2532,42.2,0,1565.04,874.61,-2.208352963804242,2.220446049250313e-16,-30.86173147360367,-0.036328990000042,1.3885993000000103,0.0310123499999403
2533,42.216667,0,1564.84,874.94,-2.210403760162676,0.0,-30.86284633433988,-0.0336168120288183,1.389079002613939,0.0340880310257505
2534,42.233333,0,1565.02,880.03,-2.2108977668156924,0.0,-30.869709706662167,-0.0327182679718091,1.3892096973859698,0.0351393009735153
2535,42.25,0,1564.41,881.94,-2.211245628001367,0.0,-30.90706860486865,-0.03239809,1.3892295,0.035543077
2536,42.266667,0,1564.52,878.65,-2.2141769017462822,0.0,-30.928543903224163,-0.032265363457282,1.3892214996999963,0.0357610993440788
2537,42.283333,0,1564.83,879.04,-2.214553487924068,0.0,-30.974263321329264,-0.032188231542664,1.389206500299993,0.0359282946560378
2538,42.3,0,1564.57,880.03,-2.2228095222616817,0.0,-31.03755416415525,-0.032124124002145,1.3891823999999804,0.0360761769979704
2539,42.316667,0,1563.5,877.64,-2.2249721246681,0.0,-31.08895838444068,-0.0351958235954424,1.389154299168034,0.0331698784729733
2540,42.333333,0,1562.38,876.5,-2.225174952431776,0.0,-31.089103544409763,-0.0361255964032585,1.3891127008320243,0.0323435265281812
2541,42.35,0,1561.73,880.84,-2.225437911136813,0.0,-31.121453998501124,-0.0363764649999124,1.3890713000000143,0.032165910000062
2542,42.366667,0,1562.02,880.0,-2.226260181152416,0.0,-31.28534267789516,-0.0364178155260827,1.3890358994720031,0.0321787538075494
2543,42.383333,0,1559.27,877.52,-2.230745829038071,0.0,-31.314270451133645,-0.0363941204739172,1.389009500527997,0.0322691281924505
2544,42.4,0,1556.01,878.27,-2.231730457902134,0.0,-31.390254960041617,-0.0363502499998809,1.3889962000000449,0.0323990099998726
2545,42.416667,0,1554.95,878.87,-2.234579337851617,0.0,-31.40413789447261,-0.0360091893594831,1.3891249006040176,0.0320341434268033
2546,42.433333,0,1554.45,878.52,-2.235465876128544,0.0,-31.412285393953777,-0.0358771726403324,1.3891550993960249,0.0320054855731566
2547,42.45,0,1553.52,875.09,-2.238540587540905,0.0,-31.412897710182413,-0.0358195830000402,1.3891499000000036,0.0320777519999495
2548,42.466667,0,1553.45,873.74,-2.244451586240796,0.0,-31.448744183906573,-0.0357954400350791,1.389138700039999,0.0321864526126791
2549,42.483333,0,1551.72,873.05,-2.24550984374354,0.0,-31.452472293392617,-0.0357971939649195,1.3891406999599996,0.0323170843872296
2550,42.5,0,1548.11,872.99,-2.2462338256281744,0.0,-31.455826135250994,-0.035820276,1.3891646,0.032455485
2551,42.516667,0,1545.87,873.3,-2.2467935702960444,0.0,-31.500292791651447,-0.0356229295453947,1.3895724037320434,0.0323906816196188
2552,42.533333,0,1544.13,873.48,-2.24727221309478,0.0,-31.509017564759404,-0.0356002004545894,1.3897589962680867,0.0324716583804377
2553,42.55,0,1544.35,871.36,-2.247419317453711,0.0,-31.509017564759404,-0.0356271940000206,1.3898833000000694,0.0326376560001555
2554,42.566667,0,1543.73,869.01,-2.24872245909624,0.0,-31.509017564759404,-0.035656820365785,1.3899827015259378,0.0328603509977963
2555,42.583333,0,1543.07,869.25,-2.248770023645625,0.0,-31.509017564759404,-0.0356751096341893,1.3900589984739555,0.0331102410018544
2556,42.6,0,1542.28,865.59,-2.2489969064189523,0.0,-31.509017564759404,-0.0356854199999964,1.3901185999999792,0.0333468879999173
2557,42.616667,0,1541.84,865.91,-2.2560723186322176,0.0,-31.509017564759404,-0.034535103295239,1.3905739035219795,0.0320413927028824
2558,42.633333,0,1540.15,866.37,-2.261442233151461,0.0,-31.509017564759404,-0.0341998767047609,1.3907499964780203,0.0316765492971175
2559,42.65,0,1539.71,861.68,-2.261442233151461,0.0,-31.509017564759404,-0.0341302000000098,1.3908349000000175,0.0315911060000012
2560,42.666667,0,1538.1,860.23,-2.2560723186322176,0.0,-31.509017564759404,-0.0341584714340417,1.3908850009220268,0.0315946408095635
2561,42.683333,0,1537.38,858.86,-2.2489969064189523,0.0,-31.509017564759404,-0.0342301685660584,1.3909310990780377,0.0316351161904929
2562,42.7,0,1536.39,858.92,-2.248770023645625,0.0,-31.509017564759404,-0.0343101659999441,1.3909843999999627,0.0317061429999504
2563,42.716667,0,1535.61,858.21,-2.24727221309478,0.0,-31.509017564759404,-0.0343211205357275,1.3906663985020349,0.0341400465276152
2564,42.733333,0,1535.04,857.62,-2.24727221309478,0.0,-31.500292791651447,-0.0343479064642537,1.3905915014980177,0.0349664134718076
2565,42.75,0,1534.97,855.89,-2.24727221309478,0.0,-31.455826135250994,-0.034362555,1.390593,0.03529767
2566,42.766667,0,1533.67,856.8,-2.24727221309478,0.0,-31.452472293392617,-0.0343608396955964,1.390625200938011,0.0354686925220292
2567,42.783333,0,1534.37,855.38,-2.24727221309478,0.0,-31.448744183906573,-0.0343456203043929,1.3906720990620218,0.0355947874780587
2568,42.8,0,1534.01,855.61,-2.24727221309478,0.0,-31.412897710182413,-0.0343238400015206,1.3907353999998566,0.0357058719978379
2569,42.816667,0,1533.07,855.72,-2.2467935702960444,0.0,-31.412285393953777,-0.0365013983827547,1.3905299995420186,0.0326097164304565
2570,42.833333,0,1531.61,855.85,-2.2462338256281744,0.0,-31.40413789447261,-0.0371705366163103,1.3905071004580134,0.0316812385708406
2571,42.85,0,1531.01,857.6,-2.24550984374354,0.0,-31.390254960041617,-0.03737083999993,1.3905459999999863,0.0314601620000771
2572,42.866667,0,1529.43,858.55,-2.244451586240796,0.0,-31.314270451133645,-0.0374261181138393,1.3906057012459927,0.0314723978720291
2573,42.883333,0,1527.95,858.7,-2.238540587540905,0.0,-31.199417789974884,-0.0374318098861606,1.3906679987540074,0.0315659961279709
2574,42.9,0,1525.59,859.84,-2.235465876128544,0.0,-31.121453998501124,-0.0374146699999924,1.390714499999982,0.0316784159999549
2575,42.916667,0,1524.58,859.8,-2.234579337851617,0.0,-31.03755416415525,-0.037392943795854,1.3906623999239978,0.0315493500178005
2576,42.933333,0,1523.97,859.16,-2.231730457902134,0.0,-30.870418062015656,-0.0373827372041316,1.390658600075997,0.0315502399822007
2577,42.95,0,1523.04,859.91,-2.230745829038071,0.0,-30.869709706662167,-0.0373895759999952,1.390674499999989,0.0315795099999795
2578,42.966667,0,1521.57,862.14,-2.226260181152416,0.0,-30.867607879683387,-0.0374104387112234,1.3907000007679822,0.0316242590207762
2579,42.983333,0,1522.07,862.42,-2.226260181152416,0.0,-30.86284633433988,-0.0374459992887517,1.390738399231991,0.0316752969791881
2580,43.0,0,1520.86,863.68,-2.226260181152416,0.0,-30.86173147360367,-0.037492264,1.390785,0.031719454
2581,43.016667,0,1520.48,863.71,-2.225174952431776,0.0,-30.853079532743905,-0.0377087220631239,1.3907853000580006,0.0317921046236272
2582,43.033333,0,1518.85,863.5,-2.2249721246681,0.0,-30.723626259123364,-0.037811872936948,1.390788199942001,0.0318232843763945
2583,43.05,0,1516.99,861.51,-2.214553487924068,0.0,-30.723254380112245,-0.0378652660000222,1.3907755999999774,0.031830276999996
2584,43.066667,0,1514.96,862.71,-2.2141769017462822,0.0,-30.67890458300821,-0.0378970655593772,1.3907430991540344,0.0318246397726092
2585,43.083333,0,1512.26,862.36,-2.21256571247768,0.0,-30.660549929935165,-0.0379250344405837,1.3907008008460249,0.0318132702274066
2586,43.1,0,1511.13,862.43,-2.211245628001367,0.0,-30.653864875365223,-0.0379587299999882,1.3906617000000134,0.0317912550000076
2587,43.116667,0,1510.19,861.97,-2.2108977668156924,0.0,-30.615710532660607,-0.0373832772986157,1.3900652955280262,0.0315101478229126
2588,43.133333,0,1507.42,860.12,-2.2108977668156924,0.0,-30.54655032553365,-0.0372482127013842,1.389841704471974,0.0314012971770873
2589,43.15,0,1505.26,859.63,-2.2108977668156924,0.0,-30.53591861108669,-0.0372560170000166,1.389738999999976,0.0313415899999877
2590,43.166667,0,1502.21,857.75,-2.2108977668156924,0.0,-30.531621916817908,-0.0373037650168895,1.3896697985639583,0.0313065343168801
2591,43.183333,0,1499.27,856.39,-2.2108977668156924,0.0,-30.514115697309038,-0.0373546059831814,1.3895980014359417,0.0312723806830721
2592,43.2,0,1496.84,853.85,-2.2108977668156924,0.0,-30.51105329814048,-0.037393199999973,1.3895038000000657,0.0312289800000303
2593,43.216667,0,1493.82,852.57,-2.2108977668156924,0.0,-30.48498782885305,-0.0369760102663036,1.3896491994560127,0.0308174029083119
2594,43.233333,0,1489.91,853.21,-2.210403760162676,0.0,-30.48425098537683,-0.0368393277337918,1.3896220005440063,0.0306628210917959
2595,43.25,0,1487.82,852.16,-2.208352963804242,0.0,-30.48223399793673,-0.036786504,1.3895419,0.03058524
2596,43.266667,0,1486.68,850.55,-2.20356069892606,0.0,-30.290193034330475,-0.036758645745197,1.3894502981459784,0.0305136014180816
2597,43.283333,0,1483.94,850.92,-2.202726652494576,0.0,-30.23268248410412,-0.036745906254794,1.3893576018539568,0.0304345095818631
2598,43.3,0,1481.99,851.31,-2.202726652494576,2.220446049250313e-16,-30.23231300099539,-0.036745376999241,1.389269400000129,0.0303404400003365
2599,43.316667,0,1479.88,849.71,-2.202726652494576,0.0,-30.20498354367492,-0.0356585572713941,1.3894543999800009,0.0308223405500975
2600,43.333333,0,1478.5,849.81,-2.20356069892606,2.220446049250313e-16,-30.194763354770704,-0.0353221267290759,1.3894534000200007,0.0308498454498639
2601,43.35,0,1477.23,850.33,-2.208352963804242,2.220446049250313e-16,-30.17177175552365,-0.0352119730000384,1.3893872000000231,0.0307175850000461
2602,43.366667,0,1475.61,846.25,-2.210403760162676,0.0,-30.168939497985715,-0.0351606592594043,1.3892974981000112,0.0305269687344248
2603,43.383333,0,1474.45,846.86,-2.2108977668156924,0.0,-30.150690269478662,-0.0351236307405956,1.3892025018999887,0.0303136972655751
2604,43.4,0,1473.62,847.32,-2.211245628001367,2.220446049250313e-16,-30.134933184214365,-0.0350895520001221,1.3891199999999904,0.0301097519999084
2605,43.416667,0,1472.47,848.2,-2.21256571247768,0.0,-30.134925090964195,-0.0354394013048379,1.3890925990319718,0.029847543253531
2606,43.433333,0,1471.51,849.11,-2.2141769017462822,0.0,-30.133418831664848,-0.0355046386952531,1.3890442009679609,0.0296602327462073
2607,43.45,0,1470.79,847.11,-2.214553487924068,0.0,-30.131940488695168,-0.0354748780000207,1.3889893000000384,0.0294864000001213
2608,43.466667,0,1470.35,845.93,-2.2249721246681,0.0,-30.02696173496515,-0.0354183749575442,1.3889243984320363,0.0293013896742207
2609,43.483333,0,1468.91,846.47,-2.225174952431776,0.0,-30.02696173496515,-0.0353662530424921,1.3888460015680182,0.0290851043259303
2610,43.5,0,1467.95,846.25,-2.234579337851617,0.0,-30.02696173496515,-0.03532442,1.3887405,0.028825153
2611,43.516667,0,1467.68,847.71,-2.235465876128544,0.0,-29.96969077852828,-0.035280256482774,1.388500796621961,0.0289833294698306
2612,43.533333,0,1465.28,847.45,-2.239930179281392,0.0,-29.96969077852828,-0.0352543965172079,1.3883319033779211,0.0288568275300811
2613,43.55,0,1465.35,847.66,-2.244451586240796,0.0,-29.757593647649784,-0.0352595200000244,1.3881903999999086,0.0286499729998326
2614,43.566667,0,1465.18,845.29,-2.24550984374354,0.0,-29.74716524843064,-0.0352945150830758,1.388059297646096,0.02841033984337
2615,43.583333,0,1465.93,845.37,-2.2462338256281744,0.0,-29.550877040036408,-0.0353486689168484,1.3879416023540685,0.0281525081569901
2616,43.6,0,1466.08,842.94,-2.2467935702960444,0.0,-29.540586972754923,-0.0354140299999771,1.3878314000000385,0.0278822050000943
2617,43.616667,0,1464.89,841.5,-2.24727221309478,0.0,-29.492903925054573,-0.0358625907820379,1.3888553054139685,0.0280823907211732
2618,43.633333,0,1463.84,839.27,-2.24727221309478,0.0,-29.492278423302743,-0.036051686217962,1.3891259945860317,0.0279684532788267
2619,43.65,0,1464.88,837.55,-2.24727221309478,0.0,-29.425569947734758,-0.0361532050000225,1.3891423999999737,0.0277509949999141
2620,43.666667,0,1464.08,836.62,-2.2560723186322176,0.0,-29.419823756522103,-0.0362178110451704,1.3890669979239396,0.0275052182360214
2621,43.683333,0,1462.18,835.48,-2.2647312166301186,0.0,-29.417903553845004,-0.0362700659549025,1.3889632020759155,0.0272670357636459
2622,43.7,0,1461.93,833.3,-2.2659665561069664,0.0,-29.417903553845004,-0.0363327259999562,1.3888571000000742,0.027046382000154
2623,43.716667,0,1460.58,831.66,-2.2672517859227463,0.0,-29.417903553845004,-0.0344870098085172,1.3898194055698705,0.0219293404476411
2624,43.733333,0,1461.97,828.53,-2.2679937258670573,0.0,-29.417903553845004,-0.0339774441918385,1.3900978944299351,0.0202517505535304
2625,43.75,0,1461.15,825.2,-2.268727361318988,0.0,-29.417903553845004,-0.033913974,1.3901641,0.019658748
2626,43.766667,0,1461.0,824.02,-2.2708122259711603,0.0,-29.417903553845004,-0.0340055428192927,1.3901690998859988,0.0194055351493468
2627,43.783333,0,1459.61,820.83,-2.2780739690844047,0.0,-29.417903553845004,-0.0341465001808056,1.3901634001139973,0.0192630098505536
2628,43.8,0,1459.31,819.66,-2.279093268795274,0.0,-29.417903553845004,-0.0342921239997029,1.390153900000085,0.0191555819998501
2629,43.816667,0,1459.4,819.73,-2.279919136379044,0.0,-29.417903553845004,-0.0338667309217446,1.3902758008519651,0.0189409878328075
2630,43.833333,0,1459.44,818.66,-2.2823907401984296,0.0,-29.417903553845004,-0.0337628180784005,1.390318399147975,0.0188826281672739
2631,43.85,0,1459.74,816.39,-2.2847522297639973,0.0,-29.417903553845004,-0.0337535300000032,1.3903344999999945,0.0188883799999979
2632,43.866667,0,1459.69,815.87,-2.285576658367667,0.0,-29.417903553845004,-0.0337754208303951,1.390352400519997,0.0189469139451486
2633,43.883333,0,1460.87,816.47,-2.2859882965024143,0.0,-29.417903553845004,-0.0338169391696048,1.390378399480003,0.0190441680548513
2634,43.9,0,1460.37,816.65,-2.290319448054071,0.0,-29.417903553845004,-0.0338770559997794,1.390418499999929,0.019160906003569
2635,43.916667,0,1457.76,817.38,-2.2948454457978973,0.0,-29.417903553845004,-0.0332453817654459,1.3902151995279863,0.029382720545816
2636,43.933333,0,1454.5,815.93,-2.3208604641299697,0.0,-29.417903553845004,-0.0330836652343282,1.3901916004719808,0.0327097814588308
2637,43.95,0,1452.41,816.62,-2.32146511684408,0.0,-29.417903553845004,-0.0330725720000077,1.3902239999999773,0.0338497569992039
2638,43.966667,0,1449.33,819.08,-2.321756640056557,0.0,-29.417903553845004,-0.0331095430858147,1.3902783013959676,0.0342882440875648
2639,43.983333,0,1446.9,818.84,-2.323162776322247,0.0,-29.417903553845004,-0.0331638329141473,1.3903480986039838,0.0344926189122924
2640,44.0,0,1447.24,817.76,-2.324333514001054,0.0,-29.417903553845004,-0.033226147,1.3904301,0.034637146
2641,44.016667,0,1447.23,817.68,-2.324816508104189,0.0,-29.417903553845004,-0.0260832159397482,1.3926756155181803,0.0126720546432082
2642,44.033333,0,1446.75,816.57,-2.3301510373433025,0.0,-29.417903553845004,-0.0238803170587143,1.3934514844823611,0.0058545669520336
2643,44.05,0,1446.52,817.15,-2.330273307025608,0.0,-29.417903553845004,-0.0232233699998685,1.3937745000001234,0.0038171791996307
2644,44.066667,0,1446.15,817.38,-2.3384692372276543,0.0,-29.417903553845004,-0.023035188797089,1.393951302595894,0.0032884170636638
2645,44.083333,0,1444.01,818.21,-2.3385188432785764,0.0,-29.417903553845004,-0.022975043202995,1.3940810974039244,0.0032616002363736
2646,44.1,0,1441.5,819.3,-2.3452085655218617,0.0,-29.417903553845004,-0.0229400840000122,1.394200999999958,0.0034019369999509
2647,44.116667,0,1440.32,819.44,-2.3453789821802804,0.0,-29.417903553845004,-0.0295185470709609,1.3912324831080984,0.0241611791468848
2648,44.133333,0,1438.19,819.04,-2.3453789821802804,0.0,-29.417903553845004,-0.0315720249290391,1.3903879168919016,0.0308182958531151
2649,44.15,0,1436.81,818.7,-2.3453789821802804,0.0,-29.417903553845004,-0.0322090160000702,1.3902224000000185,0.033029135000278
2650,44.166667,0,1435.34,817.94,-2.3453789821802804,0.0,-29.417903553845004,-0.0324102954087609,1.3902743024440711,0.0338254034829486
2651,44.183333,0,1433.5,817.83,-2.3453789821802804,0.0,-29.417903553845004,-0.0324807285913373,1.3903964975560996,0.034149528517504
2652,44.2,0,1430.81,816.81,-2.3453789821802804,0.0,-29.417903553845004,-0.0325123739999778,1.3905336999999045,0.0342963229998974
2653,44.216667,0,1428.85,815.17,-2.3453789821802804,0.0,-29.417903553845004,-0.0161353872611317,1.393317219493546,0.0190884419326731
2654,44.233333,0,1426.55,813.57,-2.3453789821802804,0.0,-29.417903553845004,-0.0109985297424555,1.3942918805057731,0.0143351550706462
2655,44.25,0,1424.51,813.07,-2.3453789821802804,0.0,-29.417903553845004,-0.009400061,1.394705,0.012891999
2656,44.266667,0,1422.78,811.88,-2.3453789821802804,0.0,-29.417903553845004,-0.0089137302125576,1.3949572043420504,0.0125090593249321
2657,44.283333,0,1422.9,812.98,-2.3453789821802804,0.0,-29.417903553845004,-0.0087743652873451,1.3951742956581012,0.0124753076750442
2658,44.3,0,1420.61,812.28,-2.3453789821802804,0.0,-29.417903553845004,-0.0087448360000361,1.3953917000000302,0.0125494029999933
2659,44.316667,0,1418.59,813.09,-2.3453789821802804,0.0,-29.417903553845004,-0.0087966673846243,1.3954349031478717,0.0125399480752161
2660,44.333333,0,1415.83,812.78,-2.3453789821802804,0.0,-29.417903553845004,-0.0088158986153488,1.3955922968519083,0.0125937089247086
2661,44.35,0,1414.74,812.97,-2.3453789821802804,0.0,-29.417903553845004,-0.0088201309999985,1.3957848999999327,0.0126579899999775
2662,44.366667,0,1414.56,812.01,-2.3453789821802804,0.0,-29.417903553845004,-0.0088149259156004,1.395969303191981,0.0127273492712326
2663,44.383333,0,1414.47,811.63,-2.3453789821802804,0.0,-29.417903553845004,-0.0088107060843995,1.3961288968080183,0.0127909087287674
2664,44.4,0,1413.24,812.01,-2.3453789821802804,0.0,-29.417903553845004,-0.008817657000007,1.3962597999997748,0.0128324559999373
2665,44.416667,0,1410.38,810.41,-2.3453789821802804,0.0,-29.417903553845004,-0.0088378862794681,1.3956150966839036,0.0126531477277229
2666,44.433333,0,1410.44,810.1,-2.3453789821802804,0.0,-29.417903553845004,-0.0088518587205513,1.3954493033158648,0.0125895382721881
2667,44.45,0,1410.07,810.16,-2.3453789821802804,0.0,-29.417903553845004,-0.0088602629999941,1.3954308000000128,0.0125633650000182
2668,44.466667,0,1409.61,809.66,-2.3453789821802804,0.0,-29.417903553845004,-0.0088639619681407,1.3954418002059952,0.012558046128817
2669,44.483333,0,1411.33,809.28,-2.3453789821802804,0.0,-29.417903553845004,-0.0088623690318603,1.3954520997939976,0.0125644868711785
2670,44.5,0,1408.96,809.34,-2.3453789821802804,0.0,-29.417903553845004,-0.008851111,1.3954624,0.012589191
2671,44.516667,0,1408.23,809.77,-2.3453789821802804,0.0,-29.417903553845004,-0.0078554068236966,1.3956621012480146,0.0083925232671111
2672,44.533333,0,1407.47,809.02,-2.3462877773339743,0.0,-29.417903553845004,-0.0074966101760529,1.3957244987520292,0.0071059452319909
2673,44.55,0,1406.54,810.41,-2.355511515582099,0.0,-29.417903553845004,-0.0073252619999257,1.3957565000000225,0.006733012399939
2674,44.566667,0,1404.13,810.07,-2.361011422412896,0.0,-29.417903553845004,-0.0072188736088566,1.395788300685972,0.0066456696998922
2675,44.583333,0,1404.14,810.38,-2.361298817315955,0.0,-29.417903553845004,-0.0071493163912405,1.39582259931398,0.0066306643001287
2676,44.6,0,1401.95,811.76,-2.362105446217781,0.0,-29.417903553845004,-0.0068325910001105,1.3944571000004766,0.0078766379995649
2677,44.616667,0,1401.37,812.2,-2.370863586313286,0.0,-29.417903553845004,-0.0067147405384987,1.3940330975360142,0.008267511077242
2678,44.633333,0,1399.84,812.45,-2.375877804099126,0.0,-29.417903553845004,-0.0066566674615012,1.3939099024639856,0.0084213679227579
2679,44.65,0,1399.73,812.47,-2.376220583219256,0.0,-29.417903553845004,-0.0066066829999794,1.3938872000000075,0.0085367160000446
2680,44.666667,0,1400.17,812.85,-2.3952850253402405,0.0,-29.419823756522103,-0.0065478296249999,1.393908900790023,0.0086647108231421
2681,44.683333,0,1400.37,813.76,-2.3958240414949006,0.0,-29.425569947734758,-0.0064790843749039,1.393948399210032,0.008805858177055
2682,44.7,0,1398.74,812.19,-2.438291983248399,0.0,-29.578912480629487,-0.0063969120000573,1.3940017999999628,0.0089779779998798
2683,44.716667,0,1397.66,811.47,-2.4874789922733607,0.0,-30.373880774556103,-0.0059165659728587,1.393598397800051,0.0113357423662157
2684,44.733333,0,1396.66,810.32,-2.4877692801016558,0.0,-30.378407311488075,-0.0057002125272923,1.3934884022000256,0.0122040386331779
2685,44.75,0,1396.74,810.73,-2.4877692801016558,0.0,-30.378407311488075,-0.005571595,1.3934425,0.012588614
2686,44.766667,0,1396.65,810.08,-2.4877692801016558,0.0,-30.378407311488075,-0.0054887523289367,1.3933981992019908,0.0127982828757934
2687,44.783333,0,1395.18,809.76,-2.4877692801016558,0.0,-30.378407311488075,-0.0054402016710293,1.3933583007979815,0.0129420651243069
2688,44.8,0,1393.68,810.39,-2.4877692801016558,0.0,-30.378407311488075,-0.0054258779995198,1.3933268999997404,0.0130630960000634
2689,44.816667,0,1393.06,812.29,-2.4877692801016558,0.0,-30.378407311488075,-0.0047383479953231,1.392955197350108,0.0131539718234049
2690,44.833333,0,1394.54,812.65,-2.4877692801016558,0.0,-30.378407311488075,-0.0045381140049566,1.392822702650077,0.0132951421763977
2691,44.85,0,1395.11,812.48,-2.4877692801016558,0.0,-30.378407311488075,-0.004494920400015,1.3927559000000234,0.013475301999937
2692,44.866667,0,1395.97,812.49,-2.4877692801016558,0.0,-30.378407311488075,-0.0044905569008545,1.3927076993040042,0.0136734121762356
2693,44.883333,0,1396.88,812.56,-2.4877692801016558,0.0,-30.378407311488075,-0.0044855997991454,1.392672900695996,0.0138822168237643
2694,44.9,0,1396.29,811.0,-2.4877692801016558,0.0,-30.378407311488075,-0.0044766889999617,1.3926591999998363,0.0141023259999152
2695,44.916667,0,1397.66,812.09,-2.4877692801016558,0.0,-30.378407311488075,-0.0043671428834686,1.3921904975719297,0.0138596504641225
2696,44.933333,0,1397.55,811.98,-2.4877692801016558,-2.220446049250313e-16,-30.378407311488075,-0.0043613167165232,1.392069102427901,0.0139328515359796
2697,44.95,0,1397.77,813.01,-2.4877692801016558,0.0,-30.378407311488075,-0.0043877439999815,1.3920584000000076,0.0141355569998584
2698,44.966667,0,1398.49,815.25,-2.4877692801016558,0.0,-30.378407311488075,-0.0044186998327082,1.3920819006379852,0.0144197311404937
2699,44.983333,0,1397.96,816.56,-2.4877692801016558,0.0,-30.378407311488075,-0.0044353349672801,1.3921137993619923,0.0147767498592569
2700,45.0,0,1398.08,817.96,-2.4877692801016558,0.0,-30.378407311488075,-0.0044331355,1.392151,0.015159963
2701,45.016667,0,1396.04,819.3,-2.4877692801016558,0.0,-30.378407311488075,-0.0043262531893705,1.3919251990159884,0.0149313443896961
2702,45.033333,0,1394.12,819.83,-2.4877692801016558,2.220446049250313e-16,-30.378407311488075,-0.0042857238106011,1.391876000983977,0.0150008256103523
2703,45.05,0,1393.5,820.03,-2.4877692801016558,0.0,-30.378407311488075,-0.0042804093000083,1.3918860000000246,0.0150942700000422
2704,45.066667,0,1392.7,819.35,-2.4877692801016558,0.0,-30.378407311488075,-0.0042923121781327,1.391921400911963,0.0151548057277903
2705,45.083333,0,1391.21,819.62,-2.4877692801016558,0.0,-30.378407311488075,-0.0043012188218548,1.3919669990879735,0.0151911952721588
2706,45.1,0,1391.17,820.66,-2.4877692801016558,0.0,-30.378407311488075,-0.0042853653000055,1.3920042999999869,0.0152382729999835
2707,45.116667,0,1391.01,822.58,-2.4877692801016558,0.0,-30.378407311488075,-0.0040462039714461,1.3919035985640085,0.0146104190676628
2708,45.133333,0,1389.34,822.44,-2.4877692801016558,0.0,-30.378407311488075,-0.0039247804285538,1.3918318014359916,0.0144138089323371
2709,45.15,0,1386.79,823.62,-2.4877692801016558,0.0,-30.378407311488075,-0.0038263275999654,1.3917464999999625,0.0143501379999812
2710,45.166667,0,1383.11,820.23,-2.4877692801016558,0.0,-30.378407311488075,-0.0037272536895776,1.3916389977059334,0.0142964326835417
2711,45.183333,0,1381.59,820.2,-2.4877692801016558,0.0,-30.378407311488075,-0.0036167402102679,1.3915243022939066,0.0142306143163663
2712,45.2,0,1379.42,820.66,-2.4877692801016558,0.0,-30.378407311488075,-0.0034979235000829,1.3914195000000733,0.0141550580000527
2713,45.216667,0,1376.54,820.91,-2.4877692801016558,0.0,-30.378407311488075,-0.0032497167021057,1.3912419982640405,0.0135338405463086
2714,45.233333,0,1374.88,821.08,-2.4877692801016558,0.0,-30.378407311488075,-0.0030998244979988,1.3911552017360205,0.0132361609538992
2715,45.25,0,1374.08,819.61,-2.4877692801016558,0.0,-30.378407311488075,-0.0029831305,1.3911093,0.013028857
2716,45.266667,0,1373.67,818.01,-2.4877692801016558,-2.220446049250313e-16,-30.378407311488075,-0.0028861472237945,1.3910803994599938,0.012836530718306
2717,45.283333,0,1372.4,818.13,-2.4877692801016558,0.0,-30.378407311488075,-0.0028023412761469,1.3910534005399875,0.0126474557815619
2718,45.3,0,1371.0,818.85,-2.4877692801016558,2.220446049250313e-16,-30.378407311488075,-0.0027240514997994,1.391025899999964,0.0124555409999182
2719,45.316667,0,1369.66,818.76,-2.4877692801016558,0.0,-30.378407311488075,-0.0024368964277964,1.3909742987480511,0.0123384307017743
2720,45.333333,0,1368.01,815.36,-2.4877692801016558,0.0,-30.378407311488075,-0.0023282861723552,1.3909117012520364,0.012173519298456
2721,45.35,0,1365.95,814.23,-2.4879915037243325,0.0,-30.378407311488075,-0.0022914172000128,1.390836700000026,0.012015850000055
2722,45.366667,0,1364.46,812.54,-2.4907920000981987,0.0,-30.378407311488075,-0.0023054565335379,1.3907567984400089,0.0118561626698593
2723,45.383333,0,1362.9,813.33,-2.494944365838688,2.220446049250313e-16,-30.378407311488075,-0.002357131666462,1.3906788015599911,0.0116896613301406
2724,45.4,0,1360.25,811.14,-2.49507554794315,0.0,-30.378407311488075,-0.0024345889999205,1.390598299999909,0.0115184609999869
2725,45.416667,0,1358.34,810.33,-2.4996145790954603,-2.220446049250313e-16,-30.378407311488075,-0.0022071280012536,1.39033749724792,0.0114810498207165
2726,45.433333,0,1357.81,810.09,-2.500883921764809,0.0,-30.378407311488075,-0.0022271892987743,1.390199902751888,0.0113720931791312
2727,45.45,0,1357.6,809.17,-2.50422424676639,0.0,-30.378407311488075,-0.00234173979992,1.3900865000000793,0.0112464980000877
2728,45.466667,0,1356.0,807.71,-2.5046110338839367,0.0,-30.378407311488075,-0.0025032633404009,1.3899756978660496,0.0111021859781303
2729,45.483333,0,1356.63,806.94,-2.5139293915643988,0.0,-30.378407311488075,-0.0026902802594684,1.3898690021340248,0.0109510950219751
2730,45.5,0,1355.65,805.08,-2.513978326204343,0.0,-30.423800851726384,-0.0028900455,1.3897758,0.010795638
2731,45.516667,0,1354.15,805.8,-2.514254474210722,0.0,-30.44861436183664,-0.0028378120955841,1.3895356979019755,0.0110814278138294
2732,45.533333,0,1355.8,804.38,-2.5150399526049,0.0,-30.449587927852363,-0.0029675846045064,1.3894308020979511,0.0111221171861989
2733,45.55,0,1356.94,805.46,-2.5192524928658435,-2.220446049250313e-16,-30.504415209974745,-0.0031585246001423,1.3893606999999562,0.0111050299999812
2734,45.566667,0,1358.71,804.35,-2.519806898351088,2.220446049250313e-16,-30.712681698889103,-0.0033623392718401,1.3892981986460553,0.0110781884806611
2735,45.583333,0,1359.55,803.24,-2.5208871372411945,-2.220446049250313e-16,-30.794740565337424,-0.0035609314278823,1.3892305013540394,0.0110522215193751
2736,45.6,0,1358.42,804.5,-2.5214692157598124,2.220446049250313e-16,-30.797369073524155,-0.0037501529999339,1.3891577000000253,0.0110179210000119
2737,45.616667,0,1358.17,804.09,-2.5228625357483674,0.0,-30.807224660726547,-0.0037680797806513,1.38879349655602,0.0116776923204006
2738,45.633333,0,1358.16,803.28,-2.52443584896621,0.0,-30.808163905408893,-0.0038771086193486,1.38862130344398,0.0118437066795993
2739,45.65,0,1357.38,802.84,-2.5278463350769496,0.0,-30.96097070933598,-0.0040199608000563,1.388507599999964,0.0118370029999718
2740,45.666667,0,1355.87,801.59,-2.528115651044525,0.0,-30.96640629818774,-0.0041812544467402,1.3884037979519406,0.0117562587460944
2741,45.683333,0,1356.0,800.85,-2.5428826471333137,0.0,-31.102753020101968,-0.0043535795535004,1.3883014020479163,0.0116435712537481
2742,45.7,0,1356.19,799.83,-2.545521281638489,0.0,-31.10410229736178,-0.0045370682998718,1.388189900000078,0.0115023120000986
2743,45.716667,0,1357.16,798.18,-2.548393756063003,0.0,-31.150861035887853,-0.0043264306576326,1.3878346964540824,0.0123888327904117
2744,45.733333,0,1357.15,797.47,-2.5605183698421725,0.0,-31.176807186179285,-0.0043593117423443,1.3876574035460412,0.0125783502094558
2745,45.75,0,1358.51,797.83,-2.560692578369167,0.0,-31.34654173540155,-0.0044606104,1.3875296,0.012536843
2746,45.766667,0,1360.68,795.61,-2.566217443012232,0.0,-31.349826562703985,-0.0045658338075609,1.3874138974319703,0.0124149678513034
2747,45.783333,0,1360.33,796.88,-2.5667090681823588,0.0,-31.445537662865448,-0.004656207192502,1.3872855025679405,0.0122575411485867
2748,45.8,0,1362.1,794.29,-2.568989374038272,0.0,-31.51776596577413,-0.0047336592995899,1.3871533999996966,0.0120901620007151
2749,45.816667,0,1360.71,793.18,-2.5728296198934832,0.0,-31.54212201592657,-0.0041464783583023,1.386718596222154,0.0131142279721374
2750,45.833333,0,1359.78,792.42,-2.5732251626256537,0.0,-31.900205756420515,-0.003964393341952,1.38652970377811,0.0133628350275152
2751,45.85,0,1358.8,792.99,-2.5772242425210585,0.0,-31.90729165184926,-0.0039175125000163,1.386432400000034,0.0133643764999994
2752,45.866667,0,1356.93,792.79,-2.577522492583928,0.0,-31.92454641981597,-0.0039122030089399,1.386380799644002,0.0133004706453878
2753,45.883333,0,1354.8,791.99,-2.579379107830963,0.0,-31.92658280260819,-0.00391264999106,1.386363000355998,0.0132327423546121
2754,45.9,0,1354.66,792.52,-2.580058143243259,0.0,-31.932702892818167,-0.0039029344998586,1.3863652999999336,0.013189326000407
2755,45.916667,0,1354.06,793.27,-2.580058143243259,0.0,-31.940646607766748,-0.0034982033180225,1.3861748993239804,0.0143550840239488
2756,45.933333,0,1353.5,793.68,-2.580058143243259,0.0,-31.94270756085888,-0.0033341157817483,1.3861411006759723,0.0147312554765765
2757,45.95,0,1353.61,794.15,-2.580058143243259,0.0,-31.946914638755835,-0.0032478943000602,1.3861392000000012,0.0148348369999276
2758,45.966667,0,1352.86,793.73,-2.580058143243259,0.0,-31.946914638755835,-0.0031874541629041,1.3861288995660102,0.0148258379767238
2759,45.983333,0,1352.73,789.89,-2.580058143243259,0.0,-31.946914638755835,-0.003135600237132,1.3861072004340051,0.0147746750233119
2760,46.0,0,1351.81,790.9,-2.580058143243259,0.0,-31.946914638755835,-0.0030908808,1.3860836,0.014711765
2761,46.016667,0,1351.8,790.17,-2.580058143243259,0.0,-31.946914638755835,-0.0026146907592277,1.3861455007880092,0.0157119060707705
2762,46.033333,0,1349.83,788.87,-2.580058143243259,0.0,-31.946914638755835,-0.0024326615406452,1.3861848992120185,0.0160154289294413
2763,46.05,0,1349.52,788.24,-2.580058143243259,0.0,-31.946914638755835,-0.002343423699958,1.3862245000000324,0.0161068630000305
2764,46.066667,0,1351.09,787.92,-2.580058143243259,0.0,-31.946914638755835,-0.0022833288348413,1.386271001199951,0.0161506767865279
2765,46.083333,0,1350.94,786.95,-2.580058143243259,0.0,-31.946914638755835,-0.0022350708652261,1.386330998799965,0.016190003213417
2766,46.1,0,1350.88,787.08,-2.580058143243259,0.0,-31.946914638755835,-0.0021901056000157,1.3864123999999716,0.0162425969999816
2767,46.116667,0,1349.72,788.65,-2.580058143243259,0.0,-31.946914638755835,-0.0023095861334214,1.3859917990600057,0.016721333762678
2768,46.133333,0,1349.69,788.25,-2.580058143243259,0.0,-31.946914638755835,-0.0023312564665785,1.3859448009399946,0.0169094612373219
2769,46.15,0,1348.15,787.8,-2.580058143243259,0.0,-31.946914638755835,-0.0023314655000004,1.386029500000047,0.0170086140000236
2770,46.166667,0,1348.94,786.88,-2.580058143243259,0.0,-31.946914638755835,-0.0023326426561887,1.386164703026088,0.0170762213625396
2771,46.183333,0,1347.54,786.82,-2.580058143243259,0.0,-31.946914638755835,-0.0023304522438082,1.3863159969741234,0.0171443436375555
2772,46.2,0,1346.59,785.85,-2.580058143243259,0.0,-31.946914638755835,-0.0023200363000072,1.3864676999998942,0.017222966999945
2773,46.216667,0,1345.87,785.56,-2.580058143243259,0.0,-31.946914638755835,-0.0023098314153782,1.3858898980560452,0.0177121354082973
2774,46.233333,0,1347.01,786.65,-2.580058143243259,0.0,-31.946914638755835,-0.0023006004846281,1.3857927019440228,0.0179325465915487
2775,46.25,0,1344.78,788.37,-2.580058143243259,0.0,-31.946914638755835,-0.0023023263,1.3858467,0.018043783
2776,46.266667,0,1343.21,789.22,-2.580058143243259,0.0,-31.946914638755835,-0.0023099993207037,1.3859508025240292,0.0180965811876021
2777,46.283333,0,1341.9,789.78,-2.580058143243259,0.0,-31.946914638755835,-0.0023260336793074,1.3860769974760587,0.0181059608124043
2778,46.3,0,1339.38,790.79,-2.580058143243259,0.0,-31.946914638755835,-0.0023496299999969,1.3862204999995953,0.0181050600003653
2779,46.316667,0,1338.06,790.68,-2.580058143243259,0.0,-31.946914638755835,-0.0023452670455077,1.3856406980660787,0.0186282897743262
2780,46.333333,0,1337.23,790.51,-2.580058143243259,0.0,-31.946914638755835,-0.0023725424544541,1.3855440019340564,0.0188170062254101
2781,46.35,0,1337.07,790.81,-2.580058143243259,0.0,-31.946914638755835,-0.0023984745999909,1.3855884999999843,0.0188968539999721
2782,46.366667,0,1337.02,790.77,-2.580058143243259,0.0,-31.94270756085888,-0.0024181211579987,1.3856621015579909,0.01893191598532
2783,46.383333,0,1337.12,789.99,-2.580058143243259,0.0,-31.940646607766748,-0.0024460201420012,1.3857399984420091,0.0189311820146799
2784,46.4,0,1335.74,791.24,-2.580058143243259,0.0,-31.932702892818167,-0.0024910554999926,1.3858203999998049,0.0189066250001251
2785,46.416667,0,1334.17,791.36,-2.580058143243259,0.0,-31.90729165184926,-0.0024699584271144,1.3852606973819237,0.0192649305930663
2786,46.433333,0,1333.4,791.18,-2.580058143243259,0.0,-31.900205756420515,-0.0025463088729922,1.3851298026178935,0.0193445784070448
2787,46.45,0,1333.51,791.4,-2.580058143243259,0.0,-31.51776596577413,-0.0026631876999183,1.385138499999994,0.0193496049999964
2788,46.466667,0,1333.29,790.13,-2.580058143243259,0.0,-31.445537662865448,-0.0027993409824572,1.3851916014479662,0.0193542735025283
2789,46.483333,0,1332.78,789.61,-2.580115521851109,0.0,-31.349826562703985,-0.0029384615174456,1.3852639985519832,0.0193793994974541
2790,46.5,0,1326.39,792.21,-2.612350201505988,0.0,-31.34654173540155,-0.0030648957,1.3853556,0.019440472
2791,46.516667,0,1327.06,791.53,-2.679175303011782,0.0,-31.21643722649905,-0.0027113245929156,1.384951498811986,0.0197836560351152
2792,46.533333,0,1327.55,791.7,-2.6796195179800075,0.0,-31.211015418917786,-0.0026409740070352,1.3848921011879725,0.0199354039649906
2793,46.55,0,1325.12,792.68,-2.7671386111040523,0.0,-31.176807186179285,-0.002669923000057,1.3849691000001032,0.0200208050000533
2794,46.566667,0,1327.27,795.21,-2.8308329771301826,0.0,-30.98060736251015,-0.0027516506104459,1.385117003579854,0.0200971604137624
2795,46.583333,0,1325.42,795.16,-2.8319411129820398,0.0,-30.95853425156611,-0.0028621729893996,1.385295996419896,0.0201678485861388
2796,46.6,0,1326.37,796.15,-2.882532228309028,0.0,-30.95559620104097,-0.0029826387999579,1.3854754999999377,0.0202210139999814
2797,46.616667,0,1323.8,797.37,-2.88492448207548,0.0,-30.8818059129273,-0.003107596225287,1.385645988830065,0.0202570122179496
2798,46.633333,0,1323.91,798.25,-2.885052984247196,2.220446049250313e-16,-30.808163905408893,-0.0025488796747129,1.385087511169935,0.0205179007820503
2799,46.65,0,1322.58,798.76,-2.909161871569821,0.0,-30.807224660726547,-0.0023684900000028,1.384882199999988,0.0205759419999814
2800,46.666667,0,1321.67,800.5,-2.932206399370164,0.0,-30.797369073524155,-0.0023766383355588,1.384847500100003,0.0205226838857584
2801,46.683333,0,1320.86,800.19,-2.9323537899750654,0.0,-30.794740565337424,-0.0024434116645344,1.384852499900004,0.0204169791140938
2802,46.7,0,1319.17,799.83,-2.938809831717378,0.0,-30.423800851726384,-0.002519188999947,1.3848464000000045,0.0202772040000976
2803,46.716667,0,1319.28,800.21,-2.9412312896769444,0.0,-30.398755302783204,-0.0025842523040186,1.384817799098021,0.0201091601986084
2804,46.733333,0,1323.15,798.6,-2.9414660076457206,0.0,-30.39793093657013,-0.0026344523959463,1.3847727009020103,0.0199190938015242
2805,46.75,0,1323.17,797.27,-2.969633261711992,2.220446049250313e-16,-30.37489556072269,-0.0026700348,1.3847127,0.0197234
2806,46.766667,0,1322.64,796.89,-2.971216516034875,0.0,-30.37489556072269,-0.0027057887185341,1.3846494988159863,0.0195457169971451
2807,46.783333,0,1320.38,797.66,-2.973109060754754,0.0,-30.37489556072269,-0.0027667122815083,1.3845903011839724,0.01939558200275
2808,46.8,0,1323.33,797.12,-2.9739485604131333,0.0,-30.37489556072269,-0.0028656869997736,1.3845420999998723,0.0192830709999705
2809,46.816667,0,1324.28,798.1,-2.975129558885815,0.0,-30.37489556072269,-0.0025415792865385,1.3843595979780825,0.0192408293526863
2810,46.833333,0,1322.85,797.88,-2.975532758249465,0.0,-30.37489556072269,-0.0025409062134623,1.384258502022059,0.0192084636473588
2811,46.85,0,1321.85,797.4,-2.9773242069950268,-2.220446049250313e-16,-30.37489556072269,-0.0026483088999624,1.3841792000000277,0.0191896220000065
2812,46.866667,0,1320.63,797.87,-2.979583748274869,0.0,-30.37489556072269,-0.0027907397080284,1.3840999984120093,0.0191849404945829
2813,46.883333,0,1319.47,798.38,-2.9834856837580683,-2.220446049250313e-16,-30.37489556072269,-0.0029411359919715,1.3840206015879908,0.019159670505417
2814,46.9,0,1317.25,798.0,-2.983897401122746,0.0,-30.37489556072269,-0.0030815974000256,1.3839250999999488,0.0190972130000464
2815,46.916667,0,1315.16,797.76,-2.9846459220387254,-2.220446049250313e-16,-30.37489556072269,-0.0031550774200704,1.3837785978779384,0.0192301789766502
2816,46.933333,0,1311.92,797.28,-2.98584952008593,0.0,-30.37489556072269,-0.0032760725800985,1.3836725021219136,0.0191790150232783
2817,46.95,0,1308.96,796.09,-2.9869862437000374,0.0,-30.37489556072269,-0.0034317995998912,1.3835858000000607,0.0190388260000978
2818,46.966667,0,1305.53,796.09,-2.991647771305035,0.0,-30.39793093657013,-0.0036059056650073,1.3835212991060208,0.0188780319570308
2819,46.983333,0,1300.39,796.25,-2.9916957141093468,0.0,-30.398755302783204,-0.0037791531348716,1.3834766008940105,0.0187258860430754
2820,47.0,0,1296.58,796.66,-2.9922851824128687,0.0,-30.423800851726384,-0.0039286837,1.3834455,0.018586636
2821,47.016667,0,1292.82,795.01,-2.992792742865837,0.0,-30.794740565337424,-0.0036042021084838,1.3832020986759848,0.0188788155332378
2822,47.033333,0,1291.89,796.99,-2.993873665406431,2.220446049250313e-16,-30.797369073524155,-0.0035346298914676,1.3831359013239692,0.0189554734668156
2823,47.05,0,1289.92,796.75,-3.003387291485296,0.0,-30.8818059129273,-0.0035474286000274,1.3831358000000156,0.0189737449999903
2824,47.066667,0,1287.37,798.11,-3.003581347947964,0.0,-30.95559620104097,-0.0035867900626067,1.3831580006999715,0.0189598892427708
2825,47.083333,0,1284.56,798.62,-3.009271785718276,0.0,-30.95853425156611,-0.003639920437319,1.3831929992999794,0.018922027757282
2826,47.1,0,1283.7,798.7,-3.0163652295157712,0.0,-30.98060736251015,-0.0037051126999772,1.3832358999999852,0.0188667890000192
2827,47.116667,0,1280.53,797.94,-3.018332981604682,0.0,-30.983489419252056,-0.0037739909302747,1.3832829944220326,0.0187908550246907
2828,47.133333,0,1278.56,796.79,-3.019093517862627,-2.220446049250313e-16,-30.99036164835099,-0.0030805283697252,1.3830041055779674,0.0190420809753092
2829,47.15,0,1275.64,795.48,-3.019171292744505,-2.220446049250313e-16,-31.10438100492653,-0.0028009189999702,1.382926200000003,0.0191265420000068
2830,47.166667,0,1274.11,794.62,-3.0198300536015297,0.0,-31.112428944513688,-0.0027156900263062,1.3829356005620164,0.0191462080450813
2831,47.183333,0,1271.75,795.84,-3.020042341068834,0.0,-31.16042791656404,-0.0026920069736607,1.3829636994380228,0.0191484619549218
2832,47.2,0,1269.27,796.67,-3.020318717693748,0.0,-31.196284628937235,-0.0026903301000011,1.3829999999999747,0.0191293060000133
2833,47.216667,0,1267.35,797.12,-3.023814662244249,0.0,-31.211015418917786,-0.0026976394469062,1.3830402008459803,0.0190796835958326
2834,47.233333,0,1262.45,798.39,-3.0257231667174147,0.0,-31.21643722649905,-0.0027099845530851,1.38308249915399,0.0190094764042163
2835,47.25,0,1260.72,801.23,-3.026221637572469,0.0,-31.445537662865448,-0.0027350187,1.3831275,0.018923115
2836,47.266667,0,1259.77,802.53,-3.0265900518316244,0.0,-31.568558642678965,-0.0027764722087217,1.3831720005340062,0.0188340933333606
2837,47.283333,0,1259.28,801.74,-3.0302142949910134,0.0,-31.57186355027082,-0.0028269056913134,1.3831986994660124,0.0187507656665812
2838,47.3,0,1258.46,801.38,-3.0311925139528864,0.0,-31.827985272709903,-0.0028795436995868,1.3832088999996552,0.0186732020000949
2839,47.316667,0,1258.9,801.41,-3.034258101420518,-2.220446049250313e-16,-31.834962659227152,-0.0022878536620121,1.3827149964801433,0.0188091808207465
2840,47.333333,0,1258.9,800.3,-3.035348904136633,-2.220446049250313e-16,-31.83570473970145,-0.002110954138235,1.3825390035201024,0.0188502181791961
2841,47.35,0,1256.08,798.11,-3.035411246239802,0.0,-31.94270756085888,-0.0020668195000154,1.3824537000000297,0.0188250060000088
2842,47.366667,0,1256.7,796.7,-3.0360066580432647,0.0,-31.946914638755835,-0.0020786605274717,1.3823950992760043,0.0187521781672506
2843,47.383333,0,1255.89,795.85,-3.036830062048845,0.0,-31.975029954873072,-0.0021150328725282,1.3823589007239958,0.0186605438327493
2844,47.4,0,1255.72,796.38,-3.047989047001028,0.0,-31.995884710728784,-0.0021637653000183,1.3823383999999952,0.0185572499999646
2845,47.416667,0,1253.98,794.76,-3.0521940974803736,0.0,-32.03353421078102,-0.0022162273416028,1.3823240961818888,0.0184559926296128
2846,47.433333,0,1253.48,794.52,-3.0525807747964198,0.0,-32.03835624145137,-0.0014683591573526,1.3821332038178444,0.01878745037085
2847,47.45,0,1251.42,794.71,-3.0542060753859226,0.0,-32.03835624145137,-0.0011863459001969,1.3820648000000475,0.0189305859999
2848,47.466667,0,1252.21,794.08,-3.0542060753859226,0.0,-32.03835624145137,-0.0011317855587039,1.3820468998200042,0.0189790262428743
2849,47.483333,0,1246.53,793.83,-3.0542060753859226,0.0,-32.03835624145137,-0.0011447205412869,1.382037900180002,0.0189911697571171
2850,47.5,0,1244.2,795.09,-3.0542060753859226,0.0,-32.03835624145137,-0.0011709258,1.382029,0.018986568
2851,47.516667,0,1239.83,795.55,-3.0542060753859226,0.0,-32.03835624145137,-0.0011994399674689,1.3820231999159989,0.0189647251934306
2852,47.533333,0,1237.49,796.09,-3.0542060753859226,0.0,-32.03835624145137,-0.0012378114325578,1.3820190000839985,0.0189243988065412
2853,47.55,0,1234.21,795.05,-3.0542060753859226,0.0,-32.03835624145137,-0.0012967661000518,1.3820164000000053,0.0188857169999866
2854,47.566667,0,1233.68,795.49,-3.0542060753859226,0.0,-32.03835624145137,-0.0013710052993748,1.3820239001119956,0.0188666700148593
2855,47.583333,0,1231.44,795.03,-3.0542060753859226,0.0,-32.03835624145137,-0.0014509741005134,1.3820294998879967,0.0188674129851395
2856,47.6,0,1229.94,794.8,-3.0542060753859226,0.0,-32.03835624145137,-0.0015248581999742,1.3820198000000032,0.0188722459999983
2857,47.616667,0,1224.12,791.91,-3.0542060753859226,0.0,-32.03353421078102,-0.0010998671060073,1.3817459976080138,0.0187558290419455
2858,47.633333,0,1217.61,793.48,-3.0542060753859226,0.0,-31.995884710728784,-0.0009751717339926,1.3816264023919862,0.0187079279580544
2859,47.65,0,1214.14,795.13,-3.0542060753859226,0.0,-31.975029954873072,-0.0009418502399965,1.381560199999983,0.0186919420000003
2860,47.666667,0,1211.5,795.13,-3.0542060753859226,0.0,-31.96390700370578,-0.0009319171963742,1.381511099141975,0.0186929014564732
2861,47.683333,0,1209.87,794.09,-3.0542060753859226,0.0,-31.83570473970145,-0.0009247364036157,1.381468200857965,0.0187157235435585
2862,47.7,0,1209.4,794.04,-3.0542060753859226,0.0,-31.834962659227152,-0.0009326251499944,1.3814348000000234,0.0187570429999711
2863,47.716667,0,1207.84,791.74,-3.0542060753859226,0.0,-31.8286146825574,-0.0009605132227055,1.3814137953401084,0.0188130858874924
2864,47.733333,0,1203.96,788.98,-3.0542060753859226,0.0,-31.827985272709903,-0.0005516553375799,1.3811808046600542,0.0186574631126162
2865,47.75,0,1202.55,789.4,-3.0542060753859226,0.0,-31.822671621579623,-0.00037879983,1.381086,0.0186125
2866,47.766667,0,1199.74,789.36,-3.0542060753859226,0.0,-31.77849210382848,-0.0003099309454728,1.3810644000340004,0.0186458807892807
2867,47.783333,0,1196.75,793.35,-3.0542060753859226,0.0,-31.57186355027082,-0.0002652068944959,1.3810660999660007,0.0187353402107816
2868,47.8,0,1196.5,791.66,-3.0542060753859226,0.0,-31.568558642678965,-0.0002142339999536,1.381081200000014,0.0188843460001302
2869,47.816667,0,1191.34,795.29,-3.0542060753859226,0.0,-31.21643722649905,-0.000147899826239,1.381101600515979,0.0190708081577106
2870,47.833333,0,1190.84,793.76,-3.0542060753859226,0.0,-31.211015418917786,-6.521171787647244e-05,1.381127399483985,0.0192786938419989
2871,47.85,0,1189.66,795.09,-3.0542060753859226,0.0,-31.196284628937235,2.834459496733439e-05,1.3811664999999864,0.019496272999924
2872,47.866667,0,1187.97,794.98,-3.0542060753859226,0.0,-31.16042791656404,0.0001307525820275,1.3812236014599917,0.0197188714822339
2873,47.883333,0,1186.6,794.25,-3.0525807747964198,0.0,-31.112428944513688,0.0002478499579724,1.3812965985400083,0.019942975517766
2874,47.9,0,1184.32,797.02,-3.0521940974803736,0.0,-31.10438100492653,0.0003850907000522,1.3813705000000225,0.020166524000074
2875,47.916667,0,1183.42,797.03,-3.047989047001028,0.0,-31.073706420676423,0.00053481613207,1.3814345976719322,0.020378482194582
2876,47.933333,0,1181.93,797.28,-3.0425562065689173,0.0,-31.065963695425864,0.0010793820086905,1.3813182023279051,0.0200382348049427
2877,47.95,0,1180.5,796.79,-3.0420312921663637,0.0,-30.99036164835099,0.001382961899788,1.381290900000019,0.0199830160000385
2878,47.966667,0,1179.93,795.71,-3.0420312921663637,0.0,-30.983489419252056,0.0015708089720504,1.3813208008399804,0.0200983958720498
2879,47.983333,0,1179.56,794.86,-3.036830062048845,0.0,-30.98060736251015,0.0017244089278422,1.3813627991599902,0.0202919951278149
2880,48.0,0,1176.75,796.16,-3.0360066580432647,0.0,-30.95853425156611,0.0018667132,1.381397,0.020502537
2881,48.016667,0,1177.58,795.74,-3.035348904136633,0.0,-30.95559620104097,0.0020075233996368,1.3814236952839452,0.020716212822443
2882,48.033333,0,1173.97,796.06,-3.034258101420518,0.0,-30.8818059129273,0.0024674815006841,1.38118790471589,0.020557343177446
2883,48.05,0,1170.32,797.23,-3.0311925139528864,0.0,-30.39935847449501,0.0027359650001263,1.3810924999999885,0.0205664970000852
2884,48.066667,0,1167.73,797.94,-3.03109126577599,0.0,-30.398755302783204,0.0029169400994177,1.3810755002599893,0.020688636533356
2885,48.083333,0,1163.73,798.31,-3.0302142949910134,0.0,-30.39793093657013,0.0030719111003657,1.3810884997399924,0.0208653044663971
2886,48.1,0,1161.41,796.85,-3.0265900518316244,0.0,-30.37489556072269,0.0032192169999485,1.3811109999999922,0.0210687849999289
2887,48.116667,0,1159.27,798.55,-3.026221637572469,0.0,-30.373413736380744,0.0033591321257326,1.3811383003819977,0.0212740763863152
2888,48.133333,0,1153.56,797.5,-3.0257231667174147,2.220446049250313e-16,-30.37078389605432,0.0037654048742673,1.3811573996180022,0.0211433966136847
2889,48.15,0,1151.09,797.41,-3.023814662244249,0.0,-30.18802947834597,0.0039937720000515,1.3811884000000108,0.0211881470000424
2890,48.166667,0,1145.92,799.67,-3.020318717693748,0.0,-30.18661710795215,0.0041414373538564,1.3812189005460158,0.0213096208152019
2891,48.183333,0,1140.79,799.24,-3.020042341068834,2.220446049250313e-16,-30.17944150481948,0.0042591220463078,1.3812461994540224,0.0214503711849946
2892,48.2,0,1138.06,798.96,-3.0198300536015297,-2.220446049250313e-16,-30.13877133786193,0.0043579859999309,1.3812738999999807,0.0215838659999067
2893,48.216667,0,1134.01,799.84,-3.019171292744505,0.0,-30.13464212079911,0.0044463581169856,1.3812902026279388,0.0217049092430504
2894,48.233333,0,1129.72,799.14,-3.019093517862627,-2.220446049250313e-16,-30.124521669011717,0.0044772068829928,1.3814215973719692,0.0211670707573251
2895,48.25,0,1126.42,801.26,-3.018332981604682,-2.220446049250313e-16,-30.06588122725592,0.0045081796,1.3814598,0.02095245
2896,48.266667,0,1123.29,803.67,-3.0163652295157712,0.0,-30.062884642753986,0.0045463300883199,1.3814542995259944,0.0209211303944245
2897,48.283333,0,1121.87,803.48,-3.009271785718276,0.0,-30.029389979292382,0.004580744311704,1.3814306004739891,0.0209408506055891
2898,48.3,0,1120.1,803.11,-3.003387291485296,0.0,-30.00098298868662,0.0046177087000315,1.3814038999999858,0.0209661890000045
2899,48.316667,0,1118.05,802.63,-2.993873665406431,0.0,-29.96787138408196,0.0046629092501541,1.3813834045778135,0.0209727017531078
2900,48.333333,0,1115.06,801.77,-2.992792742865837,2.220446049250313e-16,-29.6957800719254,0.0049254171494791,1.3816122954218668,0.0211103572466998
2901,48.35,0,1111.88,802.94,-2.991647771305035,0.0,-29.6712687460756,0.0050452249999581,1.3816928999999718,0.0211353709999912
2902,48.366667,0,1111.09,800.95,-2.9869862437000374,0.0,-29.665242291984576,0.0050905322632064,1.381691099328004,0.0211070622629042
2903,48.383333,0,1109.84,799.61,-2.98584952008593,0.0,-29.59936273272523,0.0051036921367935,1.381657500671996,0.0210702087370957
2904,48.4,0,1107.31,800.91,-2.979583748274869,0.0,-29.5856569870761,0.00509452199999,1.3816112999999868,0.0210078269999723
2905,48.416667,0,1105.95,799.51,-2.9773242069950268,0.0,-29.44400502691087,0.0050660930990125,1.3815730062481817,0.0209286582963722
2906,48.433333,0,1106.13,799.85,-2.975532758249465,0.0,-29.43831894212198,0.0052560306012527,1.3818853937522546,0.0207434897033691
2907,48.45,0,1105.61,796.23,-2.975129558885815,-2.220446049250313e-16,-29.41265001223113,0.0052885709999772,1.3820039999999172,0.0206113760000922
2908,48.466667,0,1104.47,798.85,-2.9739485604131333,0.0,-29.407440570929985,0.005241170578433,1.3820186994460129,0.0205071900609251
2909,48.483333,0,1104.8,798.01,-2.973109060754754,0.0,-29.21951324274398,0.0051700934216165,1.3819910005540064,0.0204102379391425
2910,48.5,0,1102.2,799.55,-2.971216516034875,0.0,-29.20390737403359,0.0050965995,1.381939,0.020301964
2911,48.516667,0,1100.77,799.51,-2.9287976297830083,0.0,-29.19375498771124,0.0050225903995905,1.381861898975988,0.0201554167813871
2912,48.533333,0,1099.27,798.22,-2.927934121269896,0.0,-29.18297740239841,0.0054125498006815,1.3818107010239762,0.0204444712188145
2913,48.55,0,1097.47,797.24,-2.832382496960409,0.0,-29.170706529343068,0.0055209174999674,1.3817204999999304,0.0204532099999043
2914,48.566667,0,1094.42,795.88,-2.8151605764035588,0.0,-29.110030616719936,0.0054743342500935,1.3816209982460714,0.020316183414866
2915,48.583333,0,1091.61,794.32,-2.80993099869118,0.0,-28.978247553575077,0.0053668388500565,1.3815333017540512,0.0201369265853843
2916,48.6,0,1089.3,792.99,-2.8081425247081717,0.0,-28.952465187463407,0.0052332580000466,1.381455400000027,0.0199739600000568
2917,48.616667,0,1090.85,792.74,-2.8055284450603177,0.0,-28.908807924065115,0.0050890905957404,1.3813843971140167,0.0198323754773655
2918,48.633333,0,1089.16,791.42,-2.7997189955707458,0.0,-28.90717266636165,0.0051538754042595,1.381240102885983,0.0199562395226344
2919,48.65,0,1087.72,791.35,-2.7987477721022174,0.0,-28.851358879753597,0.0051001086999604,1.3811301999999623,0.0199784079999841
2920,48.666667,0,1085.65,790.33,-2.7969380485278696,0.0,-28.839141763271204,0.0049866961475057,1.381022297561929,0.0199329802733497
2921,48.683333,0,1081.39,790.11,-2.7956846281428747,0.0,-28.807649626988518,0.004859080252316,1.3809004024379008,0.0198466537265296
2922,48.7,0,1077.5,788.48,-2.770873189135993,0.0,-28.61010859357453,0.0047280937000914,1.380761400000097,0.0197415720000733
2923,48.716667,0,1075.53,788.06,-2.717212645298606,0.0,-28.04644046137407,0.0045852415270408,1.380610192874166,0.0196200723552822
2924,48.733333,0,1072.24,789.19,-2.716952287240196,0.0,-28.031580620298577,0.0044115964730804,1.3802539071260829,0.0200878286443911
2925,48.75,0,1070.55,781.52,-2.686607554184061,0.0,-27.68656479006918,0.0042392835,1.3800255,0.020228747
2926,48.766667,0,1069.4,781.83,-2.6862362152356813,0.0,-27.32378713041842,0.0040580902786667,1.379876598021977,0.0202104890667891
2927,48.783333,0,1067.16,781.67,-2.67955695127086,0.0,-27.32250479162257,0.0038720332212033,1.379777701977954,0.0201638309331782
2928,48.8,0,1065.45,782.85,-2.678239265230561,0.0,-27.103624629572646,0.0036875206998767,1.3797096999999643,0.0201254819999787
2929,48.816667,0,1063.45,788.82,-2.6774922018541765,0.0,-26.97030876066328,0.0035110935063238,1.3796588980240805,0.0200950700505905
2930,48.833333,0,1060.97,787.08,-2.67351656932227,0.0,-26.963433788834323,0.003636409793501,1.3795601019760575,0.0205975999487073
2931,48.85,0,1058.68,784.65,-2.673237016356432,0.0,-26.934652041068624,0.0036569772999928,1.3795340000000091,0.0208204199999222
2932,48.866667,0,1056.22,782.93,-2.666465869149034,0.0,-26.673537364884048,0.0036173154979998,1.3795345000979995,0.0208868271841789
2933,48.883333,0,1055.97,782.65,-2.6657667719378173,0.0,-26.67196895057348,0.0035672172020001,1.3795393999020007,0.020896035815821
2934,48.9,0,1051.13,776.13,-2.648894843216432,0.0,-26.49042885830419,0.0035169869999815,1.379543200000002,0.0208793429999901
2935,48.916667,0,1050.61,778.08,-2.648222779025837,0.0,-26.48381657072433,0.0034642712836988,1.3795490029100843,0.0208510476861145
2936,48.933333,0,1048.19,782.2,-2.641275869929083,0.0,-26.392886307265663,0.0039984193170472,1.3796944970901186,0.0217352923151204
2937,48.95,0,1047.49,782.48,-2.641175118185032,0.0,-26.36386113696155,0.0042312889998373,1.379792199999932,0.022140521999717
2938,48.966667,0,1047.8,783.85,-2.63527971185889,0.0,-26.33796428235152,0.0042979437062645,1.3798520007479826,0.022309188318626
2939,48.983333,0,1047.75,782.72,-2.6352769675615577,0.0,-26.31790952937426,0.0043182565937212,1.3798893992519912,0.022425117681293
2940,49.0,0,1044.76,782.32,-2.632525780366906,0.0,-26.29338787599997,0.0043178573,1.3798999,0.022512015
2941,49.016667,0,1045.7,783.07,-2.632513130511026,0.0,-26.09591608196769,0.0042955898828673,1.3798905984999823,0.0225578410354481
2942,49.033333,0,1043.69,783.0,-2.6307118069239546,0.0,-26.09408446505048,0.0047147116174251,1.379815601499965,0.0231095849649368
2943,49.05,0,1039.52,782.68,-2.5984204438798435,0.0,-25.79985009472184,0.0049127564000582,1.3797691999999822,0.0233078300000059
2944,49.066667,0,1036.9,781.35,-2.566862453043153,0.0,-25.544902044701484,0.0049961544255922,1.3797436998480062,0.0233162991747936
2945,49.083333,0,1036.15,780.54,-2.5663226822579133,0.0,-25.54106992396444,0.005042434074343,1.3797361001520043,0.023275038825264
2946,49.1,0,1034.2,780.12,-2.549014147147021,0.0,-25.44912306131711,0.0050720422999896,1.3797386999999992,0.023243490000011
2947,49.116667,0,1032.19,780.38,-2.530823101180148,0.0,-25.41450404108213,0.0050983091645073,1.379748597592014,0.0232395688364285
2948,49.133333,0,1032.95,781.11,-2.5299415634761124,0.0,-25.397318670157844,0.0052065308354926,1.379628202407986,0.0236813751635714
2949,49.15,0,1028.98,780.1,-2.5124988075449277,0.0,-25.396948206511983,0.005256572300007,1.3796017000000098,0.0239201910000491
2950,49.166667,0,1027.37,780.06,-2.50309677336066,0.0,-25.351885242360623,0.00527669527836,1.379629600792023,0.0240610670323591
2951,49.183333,0,1028.5,780.29,-2.502753910536791,0.0,-25.30365429447138,0.0052906123216593,1.379669199208032,0.0241626779677827
2952,49.2,0,1026.34,780.87,-2.498397972060705,0.0,-25.30056743220144,0.0053116082999853,1.3797060999999742,0.0242472399999409
2953,49.216667,0,1024.96,780.94,-2.4809867933267427,0.0,-25.2997359728976,0.0053358390010673,1.379734195660101,0.0243077880984344
2954,49.233333,0,1026.08,780.77,-2.4803224032556983,0.0,-25.293621286390195,0.0054058911988836,1.3795172043400503,0.0243627089015272
2955,49.25,0,1024.7,781.18,-2.472351315701624,0.0,-25.19613718008571,0.0054250928,1.3794141,0.024364356
2956,49.266667,0,1022.99,779.65,-2.448362914692541,0.0,-24.91245187818144,0.0054217128094377,1.3793682993219922,0.0243329168525266
2957,49.283333,0,1017.73,776.98,-2.4476741640015365,0.0,-24.90099804764177,0.0054121851905555,1.3793344006779842,0.0242755461474332
2958,49.3,0,1008.67,775.24,-2.4475022593580973,0.0,-24.4772367760999,0.0054002449999875,1.3792989999999834,0.0242199709999701
2959,49.316667,0,1005.49,776.26,-2.4458444322513024,0.0,-24.46483964673325,0.0053824140982974,1.379275193684257,0.0241772759044038
2960,49.333333,0,1001.58,773.16,-2.44258359823288,0.0,-24.45640584686525,0.0052873289018353,1.378959406316184,0.0241724960956027
2961,49.35,0,1000.25,771.8,-2.4419219866546698,0.0,-24.379951799289795,0.0052139414000256,1.3788348000000434,0.0241787469999978
2962,49.366667,0,996.74,771.77,-2.440878328902185,0.0,-24.37195205546409,0.0051405412567221,1.3788207005339967,0.0242012005655567
2963,49.383333,0,993.82,776.38,-2.4393696346748244,0.0,-24.368418950847044,0.0050533803432778,1.378847399466003,0.0242294774344432
2964,49.4,0,992.63,776.44,-2.4136722234131107,0.0,-24.337509232174952,0.0049584372999666,1.3788819000000072,0.0242518480000063
2965,49.416667,0,990.37,773.8,-2.405662304611492,0.0,-24.22865619466858,0.0048629695288277,1.3789021920077675,0.0242700792685623
2966,49.433333,0,989.65,772.25,-2.4053429985882646,0.0,-24.22815264599972,0.0047594180710276,1.3785026079916745,0.0245834857318753
2967,49.45,0,988.06,773.16,-2.4052133544010106,0.0,-24.14515706676765,0.004647642400078,1.3783140000001315,0.0247245649999014
2968,49.466667,0,986.72,773.5,-2.3982208420901903,0.0,-23.74718243670127,0.0045155178100342,1.3782370990300226,0.0247616195918895
2969,49.483333,0,983.69,773.08,-2.397661152750738,0.0,-23.74095842311606,0.0043560221900771,1.3781886009700113,0.0247412144081247
2970,49.5,0,981.22,770.64,-2.3959611968234955,0.0,-23.595501997366245,0.0041696327,1.3781524,0.024696957
2971,49.516667,0,976.56,770.98,-2.39443476256044,0.0,-23.59483273591453,0.0039669420927624,1.3781363941079317,0.0246687722110489
2972,49.533333,0,977.9,772.05,-2.393213222613041,0.0,-23.5129897611555,0.0039515810072268,1.377841805891863,0.024879313789098
2973,49.55,0,979.2,773.31,-2.3921887037775105,0.0,-23.483965176569797,0.0038782073999268,1.3777275999999925,0.0250190530000744
2974,49.566667,0,975.39,772.84,-2.3902934800137885,0.0,-23.457477418744094,0.0037734512259865,1.377716800589976,0.025125681183451
2975,49.583333,0,973.87,772.85,-2.3891457530403826,0.0,-23.457338263121805,0.0036647504741653,1.377746299409983,0.0252348538163964
2976,49.6,0,974.44,771.93,-2.3874751745896847,0.0,-23.45519009676756,0.0035658716000345,1.3777927999999835,0.025340727999963
2977,49.616667,0,974.33,772.04,-2.3872001063249364,0.0,-23.39100933798544,0.0034755668325561,1.3778540945840314,0.0254433202362153
2978,49.633333,0,972.12,772.67,-2.382216505936391,0.0,-23.380689842991643,0.0037321858674438,1.3775833054159683,0.0256551237637846
2979,49.65,0,973.54,772.06,-2.380709469273826,0.0,-23.35091500865856,0.0038452670000029,1.3775296000000292,0.0258300230000621
2980,49.666667,0,975.18,772.56,-2.377430553566093,0.0,-23.34756321384322,0.00385370031537,1.3776133027300794,0.026008029298325
2981,49.683333,0,974.54,772.8,-2.375984105367242,0.0,-23.30156335841613,0.0038194711845821,1.3777497972701112,0.026222930701975
2982,49.7,0,971.99,772.8,-2.375669341961388,0.0,-23.30141055350389,0.0037712604000336,1.3778961999998978,0.0264556399998374
2983,49.716667,0,970.62,774.9,-2.375506834821952,0.0,-23.29746589053894,0.0037319418740025,1.3780279966440785,0.0266781202469178
2984,49.733333,0,969.5,774.64,-2.37482904352154,0.0,-23.29227789511489,0.0036406435260612,1.377860203356039,0.0269404617528989
2985,49.75,0,968.1,775.05,-2.37356930779312,0.0,-23.28734125411168,0.0036479384,1.3778193,0.027131654
2986,49.766667,0,966.54,775.51,-2.3731942885732336,0.0,-23.239283524418934,0.0037229247440032,1.3778421004700054,0.0273155336550224
2987,49.783333,0,961.91,773.99,-2.3711640438780845,0.0,-23.23234736565885,0.0038401188560785,1.3778655995300109,0.027498275345105
2988,49.8,0,961.0,774.53,-2.370653388859238,0.0,-23.225435247137515,0.0039763553000964,1.3778722999999842,0.0276771340001
2989,49.816667,0,957.91,774.89,-2.370652523220284,0.0,-23.19605471220091,0.0041144123948839,1.3778495952261944,0.0278203446584709
2990,49.833333,0,957.85,772.61,-2.3698810300192985,0.0,-23.194532224620893,0.0041341566050885,1.3776109047741392,0.0280032683412734
2991,49.85,0,952.53,770.5,-2.3692457031977048,0.0,-23.186627387973616,0.004205596599975,1.377452900000055,0.028129083999956
2992,49.866667,0,945.3,768.77,-2.36795745639566,0.0,-23.1396826727736,0.0043046657646939,1.377337698114011,0.0282213931810073
2993,49.883333,0,941.04,769.16,-2.365891755737607,0.0,-23.13947727741739,0.004407896935306,1.377243401885989,0.0283304398189927
2994,49.9,0,938.34,769.8,-2.3656086752702192,0.0,-23.11795712337153,0.0045089545000376,1.3771631999999758,0.028456127000048
2995,49.916667,0,936.44,769.14,-2.3649355006796187,0.0,-23.07575847375613,0.004616739244018,1.37709389553387,0.0285937850702966
2996,49.933333,0,930.68,766.06,-2.3615874960845504,0.0,-23.063202395033368,0.0045789427559292,1.376870604465818,0.0288972789301272
2997,49.95,0,927.81,769.61,-2.3587507850005816,0.0,-23.028433722880976,0.0046269399999664,1.3767612000000764,0.0291217039998432
2998,49.966667,0,924.78,768.58,-2.35801441074522,0.0,-23.027394362424385,0.0047346169095675,1.3767326006259857,0.0293228071789427
2999,49.983333,0,922.25,771.71,-2.357967963968207,0.0,-23.02724645074337,0.0048600931903447,1.3767638993739928,0.0295317508209113
3000,50.0,0,917.96,771.27,-2.3572855592280093,0.0,-23.026132982078167,0.0049846917,1.3768406,0.029773235
3001,50.016667,0,914.93,771.15,-2.355090966992869,0.0,-23.0108780090282,0.0050932202105345,1.3769393979679765,0.0300358449248004
3002,50.033333,0,913.43,770.88,-2.354565942263991,0.0,-23.008688852628307,0.0048887574893228,1.3768378020319525,0.0303820670754412
3003,50.05,0,908.15,769.84,-2.353588751557283,0.0,-22.951748184299387,0.0048118205999967,1.3768201000000162,0.0306459530001439
3004,50.066667,0,905.05,770.6,-2.350818278339082,0.0,-22.946236322140457,0.0048071982547696,1.3768433005579772,0.0308520791243527
3005,50.083333,0,903.77,773.12,-2.3448169913430137,0.0,-22.91945635951704,0.0048199367452125,1.3768711994419838,0.031008296875429
3006,50.1,0,903.52,772.61,-2.3443262948542705,0.0,-22.88801994878504,0.0048391161999933,1.3768918999999926,0.0311384979999545
3007,50.116667,0,901.19,774.23,-2.335649532878724,0.0,-22.885703552728604,0.0048604960009291,1.376902300531997,0.031269240762678
3008,50.133333,0,899.79,773.45,-2.335590974268366,0.0,-22.88058770160905,0.0046105509990708,1.3769288994680031,0.0314573682373219
3009,50.15,0,899.66,773.28,-2.335533593550705,0.0,-22.797197209074163,0.0045048829999937,1.3769064999999816,0.0316047150000489
3010,50.166667,0,899.01,771.8,-2.3343468322144427,0.0,-22.770635944248617,0.0044868739503472,1.3768536985339574,0.0317448706341166
3011,50.183333,0,898.7,773.14,-2.3320088848652856,0.0,-22.769692486143818,0.0044993904496701,1.3767804014659402,0.0318765673660673
3012,50.2,0,897.85,772.58,-2.331460463906652,0.0,-22.715199253136475,0.004535127399975,1.3766960000000588,0.0319890639999214
3013,50.216667,0,897.39,771.59,-2.3303340389407734,0.0,-22.684261502577996,0.0045924568814754,1.376611099748006,0.0320754076048393
3014,50.233333,0,894.97,770.07,-2.329871438416487,0.0,-22.68246002329104,0.0046365299184937,1.376598500252003,0.0322056473950696
3015,50.25,0,890.67,770.0,-2.32871555896644,0.0,-22.680628338435444,0.004671273,1.3765645,0.032292087
3016,50.266667,0,888.76,771.17,-2.3271540555585597,0.0,-22.660394133392057,0.0046930662007723,1.3765254990939897,0.0323797776920996
3017,50.283333,0,890.64,771.55,-2.326593041733644,0.0,-22.58865011006646,0.0047031042992346,1.376480200905979,0.0324643783079593
3018,50.3,0,889.9,772.03,-2.326593041733644,0.0,-22.58123070930596,0.0047048569999978,1.376429399999959,0.0325329860000292
3019,50.316667,0,890.82,770.76,-2.326593041733644,0.0,-22.55905508437153,0.0047017500639062,1.3763709012559489,0.0325748906942732
3020,50.333333,0,892.44,770.84,-2.326593041733644,0.0,-22.558369390416274,0.0047799454359844,1.3764336987439634,0.032509604305818
3021,50.35,0,892.18,770.45,-2.326593041733644,0.0,-22.546973105256736,0.0048160699999873,1.3764035000000103,0.0324445180000227
3022,50.366667,0,889.02,769.12,-2.326593041733644,0.0,-22.312209674482656,0.0048408365741366,1.3763097975260143,0.0323813728767665
3023,50.383333,0,887.05,769.34,-2.326593041733644,0.0,-22.309240491821708,0.0048695424258633,1.3761861024739857,0.0323252131232334
3024,50.4,0,884.23,769.08,-2.326593041733644,0.0,-22.120593308406683,0.00490016500001,1.376053799999955,0.0322801299999938
3025,50.416667,0,878.29,768.62,-2.326593041733644,0.0,-22.02924307609023,0.0049289718367585,1.3759245012860375,0.0322626423949496
3026,50.433333,0,874.69,769.19,-2.326593041733644,0.0,-22.029020613138297,0.0050707999634395,1.3759887987140524,0.0323823816052175
3027,50.45,0,869.21,767.09,-2.326593041733644,0.0,-22.014621285674583,0.0051553323999409,1.3759749000000097,0.0324502359999526
3028,50.466667,0,866.5,766.53,-2.326593041733644,0.0,-22.01309371993987,0.0052140515838144,1.3759102983460385,0.0324906672478542
3029,50.483333,0,864.47,764.95,-2.326593041733644,0.0,-21.946873029389632,0.0052732413161442,1.3758276016540192,0.0325030597521371
3030,50.5,0,863.68,765.53,-2.326207062548508,0.0,-21.93709592853423,0.005341269,1.3757355,0.03246729
3031,50.516667,0,858.88,766.19,-2.326207062548508,0.0,-21.92401759531509,0.0054225671556869,1.3756457999699996,0.0324054727764174
3032,50.533333,0,856.74,764.22,-2.326207062548508,0.0,-21.920563196952585,0.0052803588442137,1.3756443000299994,0.0323942942235747
3033,50.55,0,855.52,763.2,-2.326207062548508,0.0,-21.920563196952585,0.0052445875000208,1.3756369999999924,0.0323368119999656
3034,50.566667,0,854.16,761.51,-2.326017162609028,0.0,-21.920563196952585,0.0052743981263483,1.375626299996,0.0322875594469025
3035,50.583333,0,853.32,761.94,-2.3257512437842034,0.0,-21.920563196952585,0.0053157155735939,1.3756261000040002,0.0322599045531361
3036,50.6,0,852.84,762.37,-2.325473879637639,0.0,-21.90498990668652,0.0053554699999861,1.375640399999995,0.032268289999997
3037,50.616667,0,851.57,763.67,-2.325136445480297,0.0,-21.885118079826,0.0053903237022142,1.3756689012999923,0.0322997558468659
3038,50.633333,0,849.46,763.13,-2.324349197433257,0.0,-21.88154254838384,0.0055254297977857,1.3757338987000076,0.032592089153134
3039,50.65,0,847.93,763.32,-2.323991233651686,0.0,-21.881180292666784,0.0056161880000254,1.3758048000000256,0.0327692330000337
3040,50.666667,0,846.84,763.73,-2.323562369784656,0.0,-21.878978927536007,0.0056889667533562,1.3758781017480508,0.0328657792203555
3041,50.683333,0,846.44,763.45,-2.3209541634117845,0.0,-21.874371305842924,0.0057616295467452,1.3759654982520713,0.0329267927797297
3042,50.7,0,845.99,763.41,-2.3204397388171163,0.0,-21.872052658296703,0.0058322594999506,1.3760694999999274,0.0329587829999776
3043,50.716667,0,845.71,762.92,-2.318528296852445,0.0,-21.84806027794342,0.0058945349446989,1.3761870018659563,0.0329680652779669
3044,50.733333,0,845.43,762.77,-2.317766978308668,0.0,-21.843819594813155,0.0059267693552784,1.376280298133978,0.0330819617219534
3045,50.75,0,845.42,762.4,-2.311945080832866,0.0,-21.835728026860576,0.0059450045,1.3764052,0.033134066
3046,50.766667,0,846.7,763.11,-2.3114032656854264,0.0,-21.83473314575572,0.0059499144290971,1.3765490029880347,0.0331540486727278
3047,50.783333,0,845.26,765.07,-2.308536324867034,0.0,-21.79577014018171,0.0059463694709003,1.3766983970120696,0.0331876833272956
3048,50.8,0,844.77,764.77,-2.306677912017769,0.0,-21.778173074480964,0.0059366002999958,1.3768408000000882,0.0332369660000434
3049,50.816667,0,843.54,765.65,-2.306677912017769,0.0,-21.778173074480964,0.0059307009103636,1.3769670985860578,0.0332992550631952
3050,50.833333,0,842.47,765.82,-2.306677912017769,0.0,-21.778173074480964,0.0059262190896426,1.376896401414041,0.0334524149365908
3051,50.85,0,841.9,765.28,-2.306677912017769,0.0,-21.778173074480964,0.0059354183999967,1.376893400000001,0.0335455399999674
3052,50.866667,0,841.52,765.91,-2.306677912017769,0.0,-21.778173074480964,0.0059620120017604,1.3769422011599932,0.0335979462959382
3053,50.883333,0,839.14,766.41,-2.306677912017769,0.0,-21.778173074480964,0.0059920989982395,1.377000198840007,0.0336127427040617
3054,50.9,0,837.51,766.42,-2.306677912017769,0.0,-21.778173074480964,0.0060118483000017,1.3770520000000173,0.0335869829999876
3055,50.916667,0,837.54,765.97,-2.306677912017769,0.0,-21.778173074480964,0.0060167752284235,1.3771012969939127,0.033551655371058
3056,50.933333,0,837.26,766.26,-2.306677912017769,0.0,-21.778173074480964,0.0059781990715225,1.3769510030058776,0.0337201966291773
3057,50.95,0,836.62,765.94,-2.306677912017769,0.0,-21.778173074480964,0.005953833500017,1.3768843000000466,0.0337843149999552
3058,50.966667,0,835.83,765.35,-2.306677912017769,0.0,-21.778173074480964,0.0059476120447589,1.376872200002,0.0337880957762852
3059,50.983333,0,836.41,765.95,-2.306677912017769,0.0,-21.778173074480964,0.0059498499552394,1.376872299998,0.0337769102237226
3060,51.0,0,836.54,765.09,-2.306677912017769,0.0,-21.778173074480964,0.0059500486,1.3768677,0.033753004
3061,51.016667,0,834.93,764.17,-2.306677912017769,0.0,-21.778173074480964,0.0059435915257753,1.3768547982359796,0.0337069453128152
3062,51.033333,0,833.66,765.09,-2.306677912017769,0.0,-21.778173074480964,0.0060698737743127,1.376766601763959,0.0337725826872305
3063,51.05,0,832.33,766.04,-2.306677912017769,0.0,-21.778173074480964,0.0061139130000016,1.3767345000000029,0.0337508619999641
3064,51.066667,0,831.76,765.69,-2.306677912017769,0.0,-21.778173074480964,0.006116297999908,1.376738700439982,0.0336995041118561
3065,51.083333,0,830.67,765.53,-2.306677912017769,0.0,-21.778173074480964,0.006116293400092,1.376760699559987,0.0336550968882058
3066,51.1,0,829.09,764.34,-2.306677912017769,0.0,-21.778173074480964,0.0061261923999965,1.3767915999999891,0.0336430220000042
3067,51.116667,0,828.85,764.46,-2.306677912017769,0.0,-21.778173074480964,0.0061526037349625,1.3768263007619956,0.0336682975533651
3068,51.133333,0,827.09,766.24,-2.306677912017769,0.0,-21.778173074480964,0.0064743408650374,1.3768643992380043,0.0337959614466348
3069,51.15,0,825.85,767.68,-2.306677912017769,0.0,-21.778173074480964,0.0066694780000431,1.3768854000000037,0.0338617400000034
3070,51.166667,0,825.88,770.11,-2.306677912017769,0.0,-21.778173074480964,0.0067929345375194,1.3768964000920023,0.0338714932313776
3071,51.183333,0,824.17,770.11,-2.306677912017769,0.0,-21.778173074480964,0.0068848041626088,1.3769009999080035,0.0338330647685686
3072,51.2,0,822.85,771.12,-2.306677912017769,0.0,-21.778173074480964,0.0069483219999556,1.3769117999999925,0.033771410000043
3073,51.216667,0,821.53,773.15,-2.306677912017769,0.0,-21.778173074480964,0.0069914691362488,1.3769261998920026,0.0337040514764456
3074,51.233333,0,822.44,773.29,-2.306677912017769,0.0,-21.778173074480964,0.0070282809637254,1.376920800108001,0.0337778725235028
3075,51.25,0,823.69,772.57,-2.306677912017769,0.0,-21.778173074480964,0.0070476234,1.3769047,0.033815783
3076,51.266667,0,821.79,775.56,-2.306677912017769,0.0,-21.778173074480964,0.0070707060437226,1.376887999583995,0.0338396845274261
3077,51.283333,0,821.9,777.35,-2.306677912017769,0.0,-21.778173074480964,0.0071078902563033,1.3768672004159903,0.0338660544725922
3078,51.3,0,819.83,776.76,-2.306677912017769,0.0,-21.778173074480964,0.0071598690000418,1.3768425999999847,0.0338955900000254
3079,51.316667,0,818.49,776.33,-2.306677912017769,0.0,-21.778173074480964,0.0072197904617102,1.3768205968901268,0.0339320369593194
3080,51.333333,0,818.33,775.88,-2.306677912017769,0.0,-21.778173074480964,0.0071728759383553,1.3766651031100907,0.0340800030404738
3081,51.35,0,817.79,775.04,-2.306677912017769,0.0,-21.778173074480964,0.0071558880000059,1.376593600000025,0.0341640039999706
3082,51.366667,0,816.93,775.71,-2.306677912017769,0.0,-21.778173074480964,0.0071540699813141,1.3765798002899985,0.0341899993869435
3083,51.383333,0,815.29,775.68,-2.306677912017769,0.0,-21.778173074480964,0.0071531357186858,1.3765942997100018,0.0341593476130564
3084,51.4,0,814.62,777.0,-2.306677912017769,0.0,-21.778173074480964,0.0071521624999995,1.3766130000000083,0.0340548569999448
3085,51.416667,0,814.17,774.13,-2.306677912017769,0.0,-21.778173074480964,0.0071508366684447,1.3766368955738713,0.0338969746492298
3086,51.433333,0,813.49,775.05,-2.306677912017769,0.0,-21.778173074480964,0.007169257631581,1.3764156044258198,0.0338794373507457
3087,51.45,0,813.43,774.44,-2.306677912017769,0.0,-21.778173074480964,0.0071893482999859,1.376302700000079,0.0338222720000399
3088,51.466667,0,813.94,775.4,-2.308536324867034,0.0,-21.778173074480964,0.0072222463670354,1.3762405986100323,0.0337704795822097
3089,51.483333,0,813.71,777.06,-2.312320753051993,0.0,-21.778173074480964,0.0072705973329307,1.3761711013900162,0.0337495904178048
3090,51.5,0,813.77,773.81,-2.312329302473536,0.0,-21.778173074480964,0.0073266476,1.376092,0.03376332
3091,51.516667,0,814.83,774.89,-2.312329302473536,0.0,-21.79577014018171,0.0073791357431654,1.3760100975459717,0.0337917357405434
3092,51.533333,0,814.95,775.25,-2.312329302473536,0.0,-21.83473314575572,0.0073162972567907,1.375887402453943,0.033978753259587
3093,51.55,0,815.23,775.29,-2.312329302473536,0.0,-21.835728026860576,0.0072767299999746,1.3757960999999344,0.0340615059999958
3094,51.566667,0,815.46,773.86,-2.312329302473536,0.0,-21.872052658296703,0.0072403912985887,1.3757020979700827,0.0340555038774657
3095,51.583333,0,815.67,774.99,-2.312329302473536,0.0,-21.874371305842924,0.0071903207014811,1.375600602030059,0.0339993771226126
3096,51.6,0,814.86,775.16,-2.312329302473536,0.0,-21.878978927536007,0.0071324780000201,1.375494400000037,0.0339187940000281
3097,51.616667,0,815.09,773.62,-2.312329302473536,0.0,-21.881180292666784,0.007078893959186,1.375386696732019,0.0338333844533031
3098,51.633333,0,816.15,772.2,-2.312329302473536,0.0,-21.88154254838384,0.0070268550408139,1.375223303267981,0.0338060505466968
3099,51.65,0,815.68,771.24,-2.312329302473536,0.0,-21.885118079826,0.0069845019999864,1.375097499999965,0.0337863199999978
3100,51.666667,0,816.87,772.0,-2.312329302473536,0.0,-21.90498990668652,0.0069456018020187,1.3749968982299483,0.0337801763886913
3101,51.683333,0,817.37,771.59,-2.312329302473536,0.0,-21.920563196952585,0.0069057054979254,1.374908401769928,0.0337996096113358
3102,51.7,0,817.48,773.9,-2.312329302473536,0.0,-21.92401759531509,0.0068630604000297,1.3748190000000624,0.0338344999999756
3103,51.716667,0,818.25,773.04,-2.312329302473536,0.0,-21.93709592853423,0.0068198369316935,1.3747227015339645,0.0338793048356939
3104,51.733333,0,817.18,775.45,-2.312329302473536,0.0,-21.957751086185628,0.0068164216683087,1.374799398465982,0.034021087164207
3105,51.75,0,816.99,773.09,-2.312329302473536,0.0,-21.963458267151857,0.0068065897,1.3748199,0.034128726
3106,51.766667,0,817.69,776.75,-2.315437650369957,0.0,-21.96573654112797,0.0067881113704226,1.3748111998939987,0.0342267622119656
3107,51.783333,0,817.32,776.33,-2.320318726048481,0.0,-21.982468455564177,0.0067566341295553,1.3748059001059971,0.0343373547881114
3108,51.8,0,816.28,781.45,-2.320704020092949,0.0,-22.012021126604832,0.0067004339999401,1.3748177000000192,0.0344578360000936
3109,51.816667,0,817.2,781.04,-2.323562369784656,0.0,-22.015129868961345,0.0066147307229018,1.3748453998860048,0.0345919618097647
3110,51.833333,0,816.69,781.79,-2.324349197433257,0.0,-22.029020613138297,0.006430875677355,1.3748397001140034,0.034782450189969
3111,51.85,0,815.84,782.68,-2.325136445480297,0.0,-22.02924307609023,0.0062687470000566,1.3748554999999945,0.0349348929999467
3112,51.866667,0,815.24,781.74,-2.3257512437842034,0.0,-22.04682534727301,0.0061284900942057,1.3748739001159995,0.0350539716343904
3113,51.883333,0,814.52,782.33,-2.326017162609028,0.0,-22.05228465569028,0.0059932050057942,1.3748796998840005,0.0351356883656095
3114,51.9,0,812.55,784.11,-2.327211212787229,0.0,-22.104615821295145,0.0058508663999459,1.374872199999996,0.035190787000011
3115,51.916667,0,811.82,784.1,-2.32758369477111,0.0,-22.10748790229376,0.0056960076366785,1.3748609970939156,0.0352225035795041
3116,51.933333,0,811.9,785.01,-2.327726296086669,0.0,-22.11073526483822,0.005397862162905,1.3747157029058816,0.0354014664207458
3117,51.95,0,810.43,785.68,-2.32794526810237,0.0,-22.114609783661944,0.0051795915001524,1.3746377000000545,0.0355056379999272
3118,51.966667,0,809.55,784.67,-2.3304577457222355,0.0,-22.12173216659767,0.0050172792959229,1.3746033998120044,0.0355586047671621
3119,51.983333,0,809.45,785.71,-2.330509975932348,0.0,-22.14595221843136,0.0048820777041714,1.3745940001880024,0.035596962232811
3120,52.0,0,808.99,785.29,-2.3311166504670338,0.0,-22.14894374076484,0.0047626123,1.3745914,0.035623644
3121,52.016667,0,807.74,785.28,-2.3312276188089784,0.0,-22.149891151402016,0.0046559892851574,1.3745879947139386,0.035637832371274
3122,52.033333,0,808.61,785.45,-2.3325944099715805,0.0,-22.15411711241088,0.0043952606146606,1.3743237052858768,0.0359563796289483
3123,52.05,0,805.05,786.46,-2.3326633835762296,0.0,-22.155269921889733,0.0042384564999306,1.3741892999999652,0.0361213540000414
3124,52.066667,0,804.36,785.92,-2.3369033466288403,0.0,-22.15687178750717,0.0041391313090808,1.3741394996760132,0.0361806754540215
3125,52.083333,0,804.11,787.06,-2.337090733818623,0.0,-22.15825066482837,0.0040545852910372,1.3741233003240094,0.0362033765459467
3126,52.1,0,803.3,785.47,-2.3374060682586904,0.0,-22.174039896592017,0.0039720310000288,1.3741187000000017,0.0361997750000012
3127,52.116667,0,802.76,786.23,-2.3422968725122737,0.0,-22.177404482480902,0.0038911673232787,1.374114492790042,0.0361891798341743
3128,52.133333,0,802.35,784.89,-2.342674951366607,0.0,-22.18117620268144,0.0036273402767212,1.373754007209958,0.0365808751658256
3129,52.15,0,800.05,785.26,-2.343207694412801,0.0,-22.18345678676221,0.0034898891999772,1.3735559999999685,0.036760340000014
3130,52.166667,0,798.67,785.66,-2.3436387863125456,0.0,-22.184380925950588,0.0034248162190014,1.3734653987079624,0.0368004479814394
3131,52.183333,0,796.91,785.97,-2.345153637401723,0.0,-22.231278525297544,0.00337576968093,1.3734008012919474,0.0367995200185592
3132,52.2,0,795.86,786.47,-2.345492755365676,0.0,-22.23169442869041,0.0033242628000359,1.3733462000000385,0.0367871520000086
3133,52.216667,0,795.26,786.73,-2.3494098689896425,0.0,-22.237550945047225,0.0032661341511793,1.3733077941281369,0.0367788799803978
3134,52.233333,0,793.71,787.46,-2.3502548997007326,0.0,-22.256229206076934,0.0031086957489306,1.3730142058720685,0.0374278890191489
3135,52.25,0,793.42,788.11,-2.3502548997007326,0.0,-22.256229206076934,0.0030148341,1.3728681,0.037758343
3136,52.266667,0,793.02,787.15,-2.3502548997007326,0.0,-22.256229206076934,0.0029484168324169,1.3728129992979918,0.0378840761079128
3137,52.283333,0,793.22,787.73,-2.3502548997007326,0.0,-22.256229206076934,0.0028750414675318,1.3727779007019836,0.0379394688921257
3138,52.3,0,792.99,789.17,-2.3502548997007326,0.0,-22.256229206076934,0.0027855648999244,1.3727387999999692,0.0379540359999841
3139,52.316667,0,791.3,790.3,-2.3502548997007326,0.0,-22.259723628229548,0.0026773060035142,1.3726944985100606,0.0379313568907266
3140,52.333333,0,790.87,790.12,-2.3494098689896425,0.0,-22.26013198862365,0.0026524816965204,1.3726200014900434,0.0377758931094905
3141,52.35,0,790.4,791.22,-2.3494098689896425,0.0,-22.26457389201721,0.0026004810000181,1.372559900000021,0.0376586400000409
3142,52.366667,0,790.22,787.3,-2.3494098689896425,0.0,-22.281422748697427,0.0025341946788425,1.372508299304004,0.0375812451924447
3143,52.383333,0,789.62,791.67,-2.3494098689896425,0.0,-22.283650560731584,0.0024781387211574,1.3724735006959958,0.0375408688075553
3144,52.4,0,789.47,792.21,-2.3494098689896425,0.0,-22.29928136709613,0.0024426876999953,1.3724584999999987,0.0375496560000157
3145,52.416667,0,787.71,794.58,-2.3502548997007326,0.0,-22.302095194508706,0.0024294803834318,1.3724548012900375,0.0375946937529437
3146,52.433333,0,786.95,795.16,-2.350421827174989,0.0,-22.32639709365572,0.002683634416923,1.3725192987100523,0.0375323452469692
3147,52.45,0,786.15,797.78,-2.359099275519617,0.0,-22.32669215528624,0.0028098835999118,1.3725519999999771,0.0375214070000076
3148,52.466667,0,784.89,799.83,-2.3607078167710407,0.0,-22.326818468275548,0.0028330231565146,1.3725628999800004,0.0375318271901955
3149,52.483333,0,783.64,800.04,-2.3607252989919685,0.0,-22.36155345310448,0.0028058493435043,1.3725619000200002,0.0375413368097977
3150,52.5,0,782.87,800.1,-2.3613426057727827,0.0,-22.36346535269953,0.0027492568,1.3725531,0.037535913
3151,52.516667,0,782.49,799.27,-2.365151797134336,0.0,-22.36853882985518,0.0026760002545485,1.372541803364039,0.0375143891619902
3152,52.533333,0,781.86,799.62,-2.365729539315011,0.0,-22.370966226197798,0.0027987213455371,1.3727099966360783,0.0374724908379804
3153,52.55,0,782.16,800.81,-2.366015800194464,0.0,-22.37291789445592,0.0028365329999819,1.372802100000022,0.0374564530000119
3154,52.566667,0,781.86,800.78,-2.3666544037365687,0.0,-22.377569120032348,0.0028107381703358,1.37283380024599,0.0374735906711126
3155,52.583333,0,780.97,800.03,-2.366973145087219,0.0,-22.433524618671125,0.0027692549297221,1.3728460997539929,0.0375071463288404
3156,52.6,0,781.86,799.52,-2.3699408616580784,0.0,-22.43680082632641,0.0027356148000117,1.3728502999999983,0.0375567799999826
3157,52.616667,0,781.43,799.25,-2.3701505005497285,0.0,-22.44211085215594,0.0027122441711362,1.3728484979600115,0.0376059478517841
3158,52.633333,0,780.39,799.73,-2.376875577132884,0.0,-22.442845703564984,0.0026758022288637,1.3727465020399885,0.0373985441482158
3159,52.65,0,780.0,799.21,-2.388491049328412,0.0,-22.4463160920694,0.0026420205999838,1.372706500000005,0.0373064019999946
3160,52.666667,0,779.42,800.61,-2.394429593839582,0.0,-22.452775047003545,0.0025957884767304,1.372720500956028,0.0372909403084089
3161,52.683333,0,778.27,801.99,-2.3959497006359163,0.0,-22.46650972303881,0.0025346292231841,1.3727682990440389,0.0373063596916125
3162,52.7,0,778.23,801.7,-2.396178705097641,0.0,-22.50118534342568,0.0024656355000481,1.3728410999999492,0.0373576999999641
3163,52.716667,0,778.79,801.06,-2.398548368173373,0.0,-22.53595449926146,0.0023969534989825,1.3729276989120254,0.0374478990486221
3164,52.733333,0,778.4,802.26,-2.3999323753814283,0.0,-22.54349722975868,0.0025718997008952,1.3728733010880123,0.037400330951411
3165,52.75,0,779.01,802.91,-2.400239788836863,0.0,-22.54610278503544,0.0026435778,1.3728698,0.037432514
3166,52.766667,0,780.24,803.85,-2.403083538176789,0.0,-22.54824312426208,0.002636446644814,1.3729118011840138,0.0375044282218741
3167,52.783333,0,779.97,803.41,-2.403396844265731,0.0,-22.57743047718756,0.002593689555156,1.3729709988160277,0.0375655187781684
3168,52.8,0,779.96,803.63,-2.405259094564697,0.0,-22.57857901437656,0.002521851599937,1.3730458000000678,0.0376103900000315
3169,52.816667,0,780.22,802.53,-2.405264460024197,0.0,-22.645533374538065,0.0024317160141049,1.3731426977800905,0.0376555842018288
3170,52.833333,0,781.1,802.58,-2.40565610405982,0.0,-22.646546652154168,0.0023324211860338,1.3730317022200649,0.0378656757978776
3171,52.85,0,781.3,802.07,-2.4057206715082566,0.0,-22.650458291665824,0.0022501796000287,1.373008800000008,0.037991619999956
3172,52.866667,0,782.5,804.62,-2.4057303085955426,0.0,-22.65570605326803,0.0021816479264034,1.3730543011279934,0.0380697259091947
3173,52.883333,0,783.27,805.4,-2.406103377129973,0.0,-22.682924712378163,0.0021179702735965,1.3731106988720063,0.0381151840908053
3174,52.9,0,783.04,804.94,-2.406815245266836,0.0,-22.719468258113974,0.0020605052999824,1.3731565000000132,0.0381152599999869
3175,52.916667,0,783.74,805.95,-2.407282077334605,0.0,-22.73887833926312,0.002010337821744,1.373194697903939,0.0380779257085697
3176,52.933333,0,783.97,809.8,-2.411566519292737,0.0,-22.7395028653217,0.0019314304781457,1.3730899020959146,0.0381633482915496
3177,52.95,0,785.72,811.37,-2.411934036171262,0.0,-22.73962311183766,0.0018833429000335,1.3730346000000386,0.0381386200000172
3178,52.966667,0,786.04,811.93,-2.4163130877586805,0.0,-22.740367829266223,0.0018553210082264,1.3730215000979975,0.0380540182547206
3179,52.983333,0,787.08,814.17,-2.416709871869088,0.0,-22.775405986980367,0.0018457324917802,1.373026399901999,0.0379667557453403
3180,53.0,0,787.58,815.68,-2.4169096662659872,0.0,-22.788474320227756,0.001851894,1.3730356,0.03789598
3181,53.016667,0,788.1,815.65,-2.417815793629679,0.0,-22.793441892663807,0.001869902950855,1.373041398097978,0.0378495937985841
3182,53.033333,0,788.58,815.76,-2.420614751865147,0.0,-22.79911291931241,0.0019174432491781,1.3729463019019557,0.0380395132015484
3183,53.05,0,787.31,816.09,-2.420890385642198,0.0,-22.82600423756985,0.0019648522000326,1.3728869999999722,0.0381163599999891
3184,53.066667,0,786.58,815.74,-2.427871571648183,0.0,-22.847763201442906,0.0020116625296162,1.3728471992260316,0.0381008117547907
3185,53.083333,0,785.86,816.06,-2.431684945382194,0.0,-22.850412517548,0.0020531433703258,1.3728085007740227,0.0380385512452962
3186,53.1,0,784.59,815.56,-2.431768975531533,0.0,-22.86539915688258,0.002084450299989,1.3727598000000172,0.0379606500000272
3187,53.116667,0,784.87,815.81,-2.431818804959877,0.0,-22.966138584074272,0.0021077271489751,1.3727023985360087,0.0378879197145383
3188,53.133333,0,783.57,815.91,-2.431818804959877,0.0,-22.988852605528734,0.0019951797510248,1.3726292014639914,0.0380736402854616
3189,53.15,0,782.92,815.69,-2.431818804959877,0.0,-22.99195501370571,0.0019443333000016,1.3725372999999648,0.0381135699999795
3190,53.166667,0,782.38,812.99,-2.432019627495453,0.0,-22.999955316109457,0.0019489397376314,1.3724358979619409,0.0380549040186223
3191,53.183333,0,781.57,812.19,-2.435405625242124,0.0,-23.01341722208872,0.00198581876242,1.372334002037917,0.0379558419812392
3192,53.2,0,779.88,812.14,-2.4359058162142806,0.0,-23.015836659281373,0.0020421669999606,1.3722290000000732,0.0378413700000799
3193,53.216667,0,778.1,812.08,-2.4362663847248163,0.0,-23.01825827755954,0.0021065958672903,1.3721250980420456,0.0377236429680509
3194,53.233333,0,775.69,811.06,-2.4366322783402903,0.0,-23.04995819037384,0.0020499613327491,1.3720272019580229,0.0378720430318454
3195,53.25,0,774.46,809.76,-2.440452831649892,0.0,-23.05015726919489,0.0020527195,1.3719538,0.03790672
3196,53.266667,0,772.88,810.1,-2.442578817934297,0.0,-23.058036575420157,0.0020953576879746,1.371911299815998,0.0378823193357922
3197,53.283333,0,771.9,808.73,-2.4432590280743733,0.0,-23.06299429238182,0.0021497536120633,1.3719021001839955,0.0378491106641845
3198,53.3,0,770.73,809.64,-2.443440338543824,0.0,-23.127031984868825,0.0022012964000244,1.3719236000000332,0.0378192739999849
3199,53.316667,0,769.27,810.75,-2.444456828105718,0.0,-23.16806413244376,0.002236330592373,1.3719712024399005,0.037797663950719
3200,53.333333,0,769.18,811.25,-2.446368204236292,0.0,-23.190956631590147,0.0021859492076973,1.3720931975599289,0.0379952000490049
3201,53.35,0,768.24,809.6,-2.4475884723341133,0.0,-23.19610412854479,0.0021538585000112,1.372196899999964,0.0381193699999566
3202,53.366667,0,766.58,809.06,-2.4509425951133728,0.0,-23.220369983228448,0.002145083355143,1.372276501371992,0.0381850239578344
3203,53.383333,0,765.66,809.28,-2.4522437448739627,0.0,-23.25115181717525,0.0021528402448569,1.372345098628008,0.0382329140421655
3204,53.4,0,765.01,811.28,-2.4557363836185933,0.0,-23.253147593614067,0.0021738906000107,1.3724055000000166,0.0382722470000106
3205,53.416667,0,764.55,813.62,-2.455977254564719,0.0,-23.257786880353013,0.0022047945955347,1.372453000718021,0.0383027411170143
3206,53.433333,0,763.74,813.16,-2.4614641787069376,0.0,-23.268602549171888,0.002154574804395,1.3724888992820292,0.038258594882924
3207,53.45,0,763.22,813.93,-2.461548729986632,0.0,-23.281838533074342,0.0021255910000202,1.3725044999999891,0.038214125000031
3208,53.466667,0,763.34,815.91,-2.463826187872097,0.0,-23.28382415469577,0.0021077316474482,1.372516500197995,0.0381796013378154
3209,53.483333,0,763.69,815.92,-2.464387644178166,0.0,-23.323752363925035,0.0020901043525641,1.3725263998019976,0.0381464926622077
3210,53.5,0,763.94,815.84,-2.4731727424973857,0.0,-23.32596435094113,0.002075975,1.3725381,0.038119644
3211,53.516667,0,764.11,814.98,-2.475419546963809,0.0,-23.370082289300186,0.0020648682308673,1.3725448011780137,0.0380967997571171
3212,53.533333,0,764.25,816.48,-2.4786225947914238,0.0,-23.377777923028443,0.0020364130691127,1.3726036988220274,0.0380846562428743
3213,53.55,0,765.17,818.69,-2.4790032371636985,0.0,-23.379979095182097,0.0020301417000066,1.3726211999999942,0.0380754879999985
3214,53.566667,0,766.51,820.33,-2.481881025219907,0.0,-23.4602128646838,0.0020397160874961,1.3726127998120077,0.0380734598640055
3215,53.583333,0,767.24,822.29,-2.482263580398401,0.0,-23.46166368366837,0.0020640909124698,1.3726034001880054,0.0380666601360039
3216,53.6,0,767.79,822.47,-2.4878818588345224,0.0,-23.462236158300524,0.0021056829999854,1.3726019000000005,0.0380357950000107
3217,53.616667,0,768.98,822.68,-2.488792138336418,0.0,-23.465642710819644,0.002160590884246,1.3726114003219982,0.0380014973196988
3218,53.633333,0,769.31,823.1,-2.4898694335405867,0.0,-23.4713728632993,0.0023147979157539,1.3726274996780017,0.0376674936803011
3219,53.65,0,769.88,822.64,-2.516243356766079,0.0,-23.47173721828284,0.0024253204000329,1.37267260000002,0.0375043449999859
3220,53.666667,0,770.07,822.99,-2.529820394107223,0.0,-23.472065960753408,0.0025197811459764,1.3727299009480276,0.0374641200941027
3221,53.683333,0,769.21,824.38,-2.5349471496562006,0.0,-23.51188541097886,0.0026270725541734,1.3727772990520386,0.0374688249059038
3222,53.7,0,769.05,825.85,-2.536703142046872,0.0,-23.5174829051607,0.0027441395999182,1.3728055999999802,0.0374803799999919
3223,53.716667,0,768.61,826.65,-2.5373059574413954,0.0,-23.52337200809668,0.002865768668538,1.372815798494035,0.0374876895858726
3224,53.733333,0,768.46,826.35,-2.537958313329884,0.0,-23.526536367268857,0.003149190831264,1.3727405015060177,0.0371169894143862
3225,53.75,0,768.2,826.33,-2.5382150102878915,0.0,-23.5365409155682,0.0033572703,1.3726846,0.036919333
3226,53.766667,0,768.65,826.59,-2.538246306517659,0.0,-23.571827190429865,0.0035122286633169,1.3726406990259887,0.0368397707364453
3227,53.783333,0,769.13,826.47,-2.5412381204145387,0.0,-23.57248469866788,0.003645387636776,1.3725920009739774,0.0367765962635105
3228,53.8,0,769.13,825.81,-2.542115935733067,0.0,-23.574406377917967,0.0037692636000861,1.37253749999996,0.0366989969999324
3229,53.816667,0,769.39,827.07,-2.5422950888476565,0.0,-23.57674573563471,0.0038926227713616,1.3724803980300802,0.0366023054864875
3230,53.833333,0,769.38,827.53,-2.542374021384491,0.0,-23.578851992179825,0.0042611911281233,1.3723819019700574,0.036126629514177
3231,53.85,0,769.73,826.55,-2.5427002483317147,0.0,-23.59070810347225,0.0045127882999121,1.3722922000000313,0.0358337240001022
3232,53.866667,0,769.25,826.67,-2.5457629349628865,0.0,-23.59176384718564,0.0046950328425245,1.3722102986100082,0.0356760677325731
3233,53.883333,0,768.92,826.75,-2.546214664136748,0.0,-23.59176384718564,0.0048621533574754,1.3721408013899918,0.0355627002674268
3234,53.9,0,767.45,826.15,-2.5494883150344148,0.0,-23.59176384718564,0.0050312430000599,1.3720771999999797,0.0354721469999699
3235,53.916667,0,767.24,824.66,-2.551370601020192,0.0,-23.60672661802137,0.0052030669607834,1.37201869862396,0.035386074497018
3236,53.933333,0,766.76,824.96,-2.553361400749618,0.0,-23.616610056470293,0.0055010855396328,1.371949901375944,0.0352109375027373
3237,53.95,0,766.17,824.32,-2.556122380923894,0.0,-23.61681924247164,0.0057218623998458,1.371909000000029,0.0351049860000739
3238,53.966667,0,765.25,821.93,-2.556155096298517,0.0,-23.69086186832944,0.0059027485321377,1.371880999440013,0.0350473794269533
3239,53.983333,0,764.38,822.32,-2.5568625809563703,0.0,-23.70271144221823,0.0060793524677388,1.3718530005600065,0.0350187275730666
3240,54.0,0,763.88,824.06,-2.5615096354011158,0.0,-23.71960422547692,0.006249638,1.3718189,0.03498021
3241,54.016667,0,763.72,825.79,-2.562425843522943,0.0,-23.7373149377045,0.0064100840402972,1.3717787956279492,0.0349182171297847
3242,54.033333,0,764.78,828.84,-2.5628797223564823,0.0,-23.75368536040424,0.0063121039596343,1.3715602043718982,0.0350247008702895
3243,54.05,0,763.49,827.4,-2.5672448811865163,0.0,-23.75528131362956,0.006287266500038,1.371426099999951,0.0350381699999714
3244,54.066667,0,762.78,828.66,-2.5672681614567945,0.0,-23.76048475057468,0.0063417943083484,1.371355699038039,0.0349972693956246
3245,54.083333,0,762.83,828.81,-2.5674596812046007,0.0,-23.7636062228887,0.0064272117915322,1.371307600962028,0.0349670506044176
3246,54.1,0,762.31,830.17,-2.568170503578198,0.0,-23.77895505548042,0.0065204156999674,1.3712578000000173,0.0349486360000064
3247,54.116667,0,761.58,830.08,-2.568170503578198,0.0,-23.780168330612305,0.0066144650722528,1.3712000932820392,0.0349411599891909
3248,54.133333,0,760.4,832.19,-2.568170503578198,0.0,-23.78161691693363,0.0064180844277471,1.3708642067179608,0.035190611010809
3249,54.15,0,758.87,833.56,-2.568170503578198,0.0,-23.794421304814254,0.006325252400001,1.3706651999999653,0.0353411660000203
3250,54.166667,0,758.68,833.36,-2.568170503578198,0.0,-23.79462551948633,0.0063282331242632,1.370565998799965,0.0353995343826711
3251,54.183333,0,756.79,833.16,-2.568170503578198,0.0,-23.79534122176189,0.0063544444757733,1.370506001199951,0.0354186666173555
3252,54.2,0,755.93,834.31,-2.568170503578198,0.0,-23.79534122176189,0.0063742359999861,1.370466000000028,0.0354291199999927
3253,54.216667,0,754.68,836.16,-2.568170503578198,0.0,-23.79534122176189,0.0063790228699079,1.3704384961120903,0.035446428808708
3254,54.233333,0,752.92,835.82,-2.568170503578198,0.0,-23.79534122176189,0.0059925247303619,1.3702441038880453,0.035686860191124
3255,54.25,0,752.36,836.41,-2.568170503578198,0.0,-23.79534122176189,0.005767964,1.3701458,0.035833087
3256,54.266667,0,752.5,837.49,-2.568170503578198,0.0,-23.79534122176189,0.0056674465134427,1.3701117998779986,0.0358996658575099
3257,54.283333,0,750.42,838.6,-2.568170503578198,0.0,-23.79534122176189,0.0055931224865053,1.3701057001219972,0.0359425391425199
3258,54.3,0,748.58,839.18,-2.568170503578198,0.0,-23.79534122176189,0.0055108739999263,1.3701116000000122,0.0359660400000111
3259,54.316667,0,747.28,839.11,-2.568170503578198,0.0,-23.79534122176189,0.0054054153092165,1.3701291019399209,0.0359820426146179
3260,54.333333,0,745.35,839.88,-2.568170503578198,0.0,-23.79534122176189,0.004800875691628,1.3702260980599434,0.0358127733856185
3261,54.35,0,743.59,839.6,-2.568170503578198,0.0,-23.796782167913847,0.0044188797001333,1.370266099999986,0.0357504750000217
3262,54.366667,0,742.03,839.29,-2.568170503578198,0.0,-23.79758839932811,0.0042144303545154,1.3702535992580045,0.035777905191873
3263,54.383333,0,741.34,840.23,-2.568170503578198,0.0,-23.798137519663992,0.0040821606454845,1.3702165007419955,0.0358374968081269
3264,54.4,0,739.91,840.62,-2.568170503578198,0.0,-23.798559422556984,0.0039842589999712,1.3701728999999865,0.035910050000025
3265,54.416667,0,738.75,840.6,-2.568170503578198,0.0,-23.812279337972967,0.0039018528397824,1.3701334965619,0.0359817071001156
3266,54.433333,0,736.69,841.14,-2.568170503578198,0.0,-23.852401062206564,0.0038338466601225,1.36996160343786,0.0358367228996818
3267,54.45,0,735.45,840.91,-2.568170503578198,0.0,-23.869060550416787,0.003763556500049,1.3698620000000694,0.0357832600000373
3268,54.466667,0,733.67,841.25,-2.568170503578198,0.0,-23.900657598894536,0.0036810991735545,1.369821799664008,0.0358038011024743
3269,54.483333,0,732.95,839.74,-2.568170503578198,0.0,-23.90534564330458,0.0035897784265092,1.3698050003360038,0.0358589238974871
3270,54.5,0,730.81,839.43,-2.568170503578198,0.0,-23.910846630095868,0.0034987777,1.3698032,0.035935916
3271,54.516667,0,730.24,838.83,-2.568170503578198,0.0,-23.928073501899103,0.00341684827884,1.369807997163967,0.0360305606741478
3272,54.533333,0,729.96,839.22,-2.568170503578198,0.0,-23.93918496803217,0.0032707978210579,1.369666202835934,0.0360642663258756
3273,54.55,0,728.8,841.43,-2.568376985959659,0.0,-23.9737560622478,0.003169178999955,1.3696045999999915,0.0361451900000759
3274,54.566667,0,728.09,842.35,-2.5687490225214376,0.0,-23.975616758842644,0.0031047467396591,1.3695924000139994,0.0362539273197254
3275,54.583333,0,727.91,846.42,-2.5691926182042875,0.0,-23.977513010251197,0.0030567296604079,1.3695930999859995,0.0363699136801124
3276,54.6,0,727.01,847.53,-2.569901368415534,0.0,-23.979276940739897,0.0030155866000143,1.3696031999999965,0.0364817099999609
3277,54.616667,0,725.99,851.65,-2.570398482989181,0.0,-24.006350422540898,0.0029830012607179,1.3696146976920136,0.0365881406119982
3278,54.633333,0,725.37,854.63,-2.5729661126840213,0.0,-24.011301519912173,0.002726045939282,1.3694993023079864,0.0371187223880017
3279,54.65,0,723.44,856.43,-2.5729661126840213,0.0,-24.033990069605625,0.002575722799974,1.369448500000001,0.0374499700000694
3280,54.666667,0,723.0,859.43,-2.5729661126840213,0.0,-24.04022492469546,0.0025014893593606,1.3694510003700109,0.0376487965785441
3281,54.683333,0,722.49,862.12,-2.5729661126840213,0.0,-24.047646870903144,0.0024544606405736,1.369469499630015,0.0378277114217057
3282,54.7,0,722.23,860.81,-2.5729661126840213,0.0,-24.132964339063975,0.0024193425000245,1.369493999999983,0.03801374499987
3283,54.716667,0,721.86,859.81,-2.5729661126840213,0.0,-24.18586198878293,0.0023847647373649,1.3695142994700125,0.0382129469408784
3284,54.733333,0,721.23,861.74,-2.570398482989181,0.0,-24.1898173945801,0.0022066359627594,1.3694878005300062,0.0385599850588792
3285,54.75,0,720.24,862.7,-2.569901368415534,0.0,-24.226263388492274,0.0021058782,1.3694782,0.03882496
3286,54.766667,0,719.63,867.38,-2.5691926182042875,0.0,-24.23060209617718,0.002067831431866,1.369473499833998,0.0390451339923463
3287,54.783333,0,718.76,868.41,-2.5687490225214376,0.0,-24.264783437683512,0.002059425168128,1.3694652001659962,0.0392447410077929
3288,54.8,0,717.32,869.82,-2.5687490225214376,0.0,-24.342700190406145,0.0020596309999973,1.3694537999999945,0.0394305030001206
3289,54.816667,0,715.83,870.26,-2.5687490225214376,0.0,-24.36132442705286,0.0020558008573661,1.369445398354067,0.039603199263227
3290,54.833333,0,716.18,873.04,-2.5687490225214376,0.0,-24.37789043114087,0.0020236691426787,1.369363101646048,0.0397663607365449
3291,54.85,0,714.46,874.4,-2.5687490225214376,0.0,-24.44408312228204,0.0019986082000087,1.369314100000017,0.0399091429999501
3292,54.866667,0,713.86,875.59,-2.568376985959659,0.0,-24.447631374381903,0.0019817885646853,1.3692936997020018,0.0400561269910225
3293,54.883333,0,712.83,875.95,-2.568170503578198,0.0,-24.448108573235974,0.0019700232353146,1.3692788002979983,0.0402056730089774
3294,54.9,0,711.93,876.47,-2.567450088314805,0.0,-24.460420543201487,0.0019587799999949,1.3692599999999904,0.0403429680000426
3295,54.916667,0,711.39,876.48,-2.567450088314805,0.0,-24.590538700199968,0.0019443158043164,1.369232696665903,0.0404652029174848
3296,54.933333,0,710.05,876.16,-2.567450088314805,0.0,-24.597600498714897,0.0018145405955022,1.369066003333864,0.0406110670827188
3297,54.95,0,709.37,876.63,-2.567450088314805,0.0,-24.646836971487357,0.0017037739000773,1.368948700000082,0.0407117939999296
3298,54.966667,0,708.78,877.36,-2.567450088314805,0.0,-24.65375153508335,0.0016023942174768,1.3688766988080276,0.040791711500425
3299,54.983333,0,709.12,876.98,-2.5672681614567945,0.0,-24.666207957147613,0.0014932698825993,1.3688171011920138,0.0408667314995225
3300,55.0,0,708.91,876.71,-2.5672448811865163,0.0,-24.67909893999162,0.0013811986,1.3687586,0.04094126
3301,55.016667,0,709.16,876.86,-2.5672069080562028,0.0,-24.735263019763806,0.0012678856187298,1.3686880978979756,0.0410166924644286
3302,55.033333,0,709.41,876.29,-2.5672069080562028,0.0,-24.74323803253146,0.0011638274811975,1.3685830021019512,0.0411399075356573
3303,55.05,0,708.33,875.05,-2.5672069080562028,0.0,-24.75850698843613,0.0010623484999303,1.368484299999932,0.0412197000000469
3304,55.066667,0,707.97,874.18,-2.5672069080562028,0.0,-24.758643274898034,0.0009625386228544,1.3683869981300762,0.0412869413579446
3305,55.083333,0,707.46,870.54,-2.5672069080562028,0.0,-24.7686324741724,0.0008686812772766,1.3682935018700546,0.0413548386419604
3306,55.1,0,706.95,868.59,-2.5672069080562028,0.0,-24.86845541569837,0.0007818639000303,1.3682114000000287,0.0414302099999736
3307,55.116667,0,705.54,869.95,-2.5672448811865163,0.0,-24.87170534189302,0.000693260964371,1.3681445716564185,0.0415120243401305
3308,55.133333,0,705.48,868.05,-2.5672681614567945,0.0,-24.885195602817628,-0.005173319964371,1.3817269283435816,0.0237296386598694
3309,55.15,0,705.05,867.48,-2.567450088314805,0.0,-24.913789554914857,-0.0083044920003628,1.3889021000007806,0.0143423964989729
3310,55.166667,0,704.49,869.06,-2.5687490225214376,0.0,-25.047154459876925,-0.0093435720384193,1.391138113366389,0.0114008350170568
3311,55.183333,0,704.4,871.5,-2.5691926182042875,0.0,-25.04788136301836,-0.009720466962107,1.3918063866345447,0.0105017499816874
3312,55.2,0,706.05,872.51,-2.569901368415534,0.0,-25.049005997778504,-0.009890871999881,1.391989499999872,0.0102677850001633
3313,55.216667,0,706.59,876.61,-2.5729661126840213,0.0,-25.080366700032613,-0.0100118424565926,1.392062804419897,0.0102321076071993
3314,55.233333,0,707.11,877.91,-2.573267569551638,0.0,-25.09484569706161,-0.0099846725434263,1.3922837955799483,0.0103624653927096
3315,55.25,0,706.7,877.47,-2.575283864575637,0.0,-25.09539554364876,-0.009985693,1.3924053,0.010424697
3316,55.266667,0,705.34,880.86,-2.5767600967369466,0.0,-25.10029921794019,-0.0100256841769336,1.392434100186002,0.0104591856471575
3317,55.283333,0,704.33,880.12,-2.5769395568578544,0.0,-25.135643262966184,-0.0100845278231073,1.3924433998140044,0.010491541852865
3318,55.3,0,702.9,882.28,-2.577639493763149,0.0,-25.20450198697668,-0.0101516350000483,1.3924600000000105,0.0105407030000403
3319,55.316667,0,701.69,884.05,-2.5824795939561334,0.0,-25.312172042334968,-0.0102209126791019,1.392474835470555,0.010598464376629
3320,55.333333,0,699.91,885.08,-2.582704794603928,0.0,-25.317248682547927,-0.0096048673217587,1.3942483645269672,0.0089672946256498
3321,55.35,0,698.54,887.48,-2.583032505140892,0.0,-25.35355628053224,-0.0093009025001061,1.395191599999671,0.0081189980002961
3322,55.366667,0,697.29,888.74,-2.583032505140892,0.0,-25.355413036481863,-0.009253614850555,1.395493502361986,0.0078867984224533
3323,55.383333,0,696.23,888.28,-2.5834042634308183,0.0,-25.402657476894863,-0.0092961411494449,1.395611597638014,0.0078579220775466
3324,55.4,0,694.88,889.49,-2.5841286109181274,0.0,-25.403403307663144,-0.0093732480000293,1.395685100000025,0.0079085860000302
3325,55.416667,0,694.42,889.83,-2.584733733163323,0.0,-25.413002155482587,-0.0094574436578991,1.395756804748138,0.0079953438584231
3326,55.433333,0,692.9,891.25,-2.5877324792188543,0.0,-25.462414305839086,-0.0100402983429149,1.3959941952521937,0.0086882171425445
3327,55.45,0,692.58,892.91,-2.588692719845052,0.0,-25.464783686731558,-0.010351016999783,1.3961512999998904,0.0091075299997071
3328,55.466667,0,691.48,894.04,-2.594139249732614,0.0,-25.576983059037847,-0.0104595088030413,1.396251001547964,0.009326828788335
3329,55.483333,0,688.64,893.69,-2.59461047301248,0.0,-25.5795748368864,-0.0104996601969306,1.396328398451982,0.0094662432115675
3330,55.5,0,687.85,893.56,-2.5964657017140382,0.0,-25.584103358145946,-0.010520711,1.396406,0.0095535265
3331,55.516667,0,687.0,894.25,-2.5964657017140382,0.0,-25.662235140862464,-0.0105369050848647,1.396491989319876,0.0096303181324668
3332,55.533333,0,684.38,896.65,-2.5964657017140382,0.0,-25.74524939415465,-0.0084912539137075,1.3959580106797511,0.0058371372648858
3333,55.55,0,682.6,897.83,-2.5964657017140382,0.0,-25.760468888232037,-0.0074035179997814,1.39569989999998,0.0038094047995682
3334,55.566667,0,680.56,897.23,-2.5964657017140382,0.0,-25.765802860272927,-0.0070904912051608,1.3956714010159583,0.0031910918590341
3335,55.583333,0,678.91,897.39,-2.5964657017140382,0.0,-25.775142454434963,-0.0070207491949366,1.3957221989839703,0.0030190434412061
3336,55.6,0,676.72,897.94,-2.5964657017140382,0.0,-25.779808505764738,-0.0070123896000029,1.3957854999999777,0.0029803123000135
3337,55.616667,0,675.77,897.27,-2.5964657017140382,0.0,-25.78269469952305,-0.0069995965652248,1.3958324998200011,0.0029770327789859
3338,55.633333,0,674.86,896.77,-2.5964657017140382,0.0,-25.784183705423317,-0.0085378052347751,1.395823500179999,0.005450897521014
3339,55.65,0,675.68,897.45,-2.5964657017140382,0.0,-25.83088340453156,-0.0093580230000948,1.395805799999995,0.0067807260001456
3340,55.666667,0,674.81,899.82,-2.5964657017140382,0.0,-25.83332214074351,-0.009629803338648,1.395792699683991,0.0071978432776362
3341,55.683333,0,675.1,902.32,-2.5964657017140382,0.0,-25.83661149550979,-0.0097467276615152,1.3957769003159872,0.0073117172225227
3342,55.7,0,674.77,902.96,-2.5964657017140382,0.0,-25.844853548954354,-0.009821178999948,1.395756600000014,0.0073212487999933
3343,55.716667,0,673.68,905.1,-2.5964657017140382,0.0,-25.84695444908965,-0.0098890242692393,1.3957276070998348,0.0072838448928992
3344,55.733333,0,672.28,909.32,-2.5964657017140382,0.0,-25.850555384350507,-0.0089025027314496,1.3960825928999174,0.0073284891070696
3345,55.75,0,670.42,913.54,-2.5964657017140382,0.0,-25.85780622990144,-0.008376687,1.3962662,0.0073456815
3346,55.766667,0,669.51,914.96,-2.5964657017140382,0.0,-25.861157646920084,-0.0082209591003295,1.3963263006420077,0.0073614980681424
3347,55.783333,0,669.71,914.28,-2.5964657017140382,0.0,-25.904504220870724,-0.008175977899639,1.3963583993580149,0.0074149024318948
3348,55.8,0,669.27,917.63,-2.5964657017140382,0.0,-25.908492118133747,-0.0081570299999781,1.3963907000000226,0.0075025000000637
3349,55.816667,0,669.51,922.0,-2.5964657017140382,0.0,-25.983243848236,-0.0081257925731344,1.396423215023388,0.0075938455606427
3350,55.833333,0,669.45,926.96,-2.5964657017140382,0.0,-25.996262275637584,-0.0083044494266159,1.3971743849755625,0.0099468794360697
3351,55.85,0,668.82,927.08,-2.5964657017140382,0.0,-26.007097134159203,-0.0083574979999814,1.397563899999864,0.0112025639995615
3352,55.866667,0,667.14,926.86,-2.5964657017140382,0.0,-26.01034275399586,-0.0083193687779471,1.3976613000799996,0.0115630833313322
3353,55.883333,0,665.72,927.97,-2.5964657017140382,0.0,-26.011906393231687,-0.0082582682220528,1.3976652999200003,0.0116296476686677
3354,55.9,0,663.3,928.29,-2.5964657017140382,0.0,-26.01298897590707,-0.0081946999999784,1.397645999999992,0.0116013599999846
3355,55.916667,0,661.99,928.62,-2.5964657017140382,0.0,-26.074896237320715,-0.0081330116658739,1.397623198561958,0.0115573539834649
3356,55.933333,0,660.71,928.69,-2.5964657017140382,0.0,-26.075073174476696,-0.0079163203338234,1.3975513014379413,0.011806510016883
3357,55.95,0,660.31,929.03,-2.5964657017140382,0.0,-26.11360396763962,-0.0077964813000836,1.3975252000000182,0.0119534589998973
3358,55.966667,0,660.15,931.09,-2.5964657017140382,0.0,-26.134399130552183,-0.0077589380363531,1.3975265003099926,0.0120025660500188
3359,55.983333,0,659.51,931.71,-2.5964657017140382,0.0,-26.134754074181824,-0.0077607556636455,1.3975419996899965,0.0120050669499794
3360,56.0,0,658.0,932.36,-2.5964657017140382,0.0,-26.178439870714,-0.0077821836,1.3975654,0.011973639
3361,56.016667,0,657.75,933.03,-2.5964657017140382,0.0,-26.18421680487751,-0.0078149845581502,1.397588697937976,0.0119241046889344
3362,56.033333,0,657.34,934.04,-2.5964657017140382,0.0,-26.18428071302796,-0.0076179022417122,1.397485602061952,0.0121585393112291
3363,56.05,0,656.36,933.14,-2.5964657017140382,0.0,-26.192172916055046,-0.0075412170000135,1.3974372999999942,0.0122852500000211
3364,56.066667,0,656.36,933.29,-2.5964657017140382,0.0,-26.34434973898151,-0.0075605744704704,1.3974290002539898,0.0123155950377584
3365,56.083333,0,656.45,933.03,-2.601879552274507,0.0,-26.34452808809581,-0.0076090980294617,1.3974416997459924,0.0123174829622389
3366,56.1,0,655.63,932.63,-2.619433990144826,0.0,-26.361168549113117,-0.0076656667999802,1.3974772999999876,0.0123155020000006
3367,56.116667,0,655.56,933.14,-2.6205027602603903,0.0,-26.45783121822622,-0.0077154416044219,1.397532200681996,0.0123271128133648
3368,56.133333,0,656.23,933.86,-2.621472228348846,0.0,-26.461078929988425,-0.007595666795578,1.397566299318004,0.0125427736866351
3369,56.15,0,657.37,935.76,-2.628646160152779,0.0,-26.65950986609729,-0.007547319000003,1.397604300000013,0.012655814000008
3370,56.166667,0,657.89,935.12,-2.6409838554280167,0.0,-26.70843856649166,-0.0075559918374187,1.3976403006320184,0.0126789326985712
3371,56.183333,0,658.4,932.51,-2.642318165355352,0.0,-26.72306604227033,-0.0075778612626118,1.3976718993680255,0.0126638623014077
3372,56.2,0,658.62,930.76,-2.6483312183379346,0.0,-26.74458146719816,-0.0076081529999788,1.3976984999999813,0.0126316330000225
3373,56.216667,0,658.55,931.44,-2.669715209756066,0.0,-26.81520688598771,-0.0076457218866897,1.3977193967600754,0.012596935912322
3374,56.233333,0,658.2,933.32,-2.6711508038099723,0.0,-26.81628782086611,-0.0074400598134538,1.3975574032400375,0.012592552087681
3375,56.25,0,658.93,932.4,-2.6917795699041283,0.0,-26.82488711951273,-0.0073443083,1.3974516,0.012588751
3376,56.266667,0,659.15,934.62,-2.7172655411522078,0.0,-26.82956220998965,-0.0073449614574733,1.3973868988239864,0.0125735444151132
3377,56.283333,0,660.25,937.69,-2.7250124435698617,0.0,-26.84164869292251,-0.0073678339425426,1.3973281011759726,0.0125443015848663
3378,56.3,0,662.3,939.65,-2.727103489091428,0.0,-26.84438699335028,-0.0073903350000178,1.3972689999999626,0.0124911689999421
3379,56.316667,0,662.85,941.33,-2.7296247726160616,0.0,-26.854928899833997,-0.0074158620314924,1.3972153963321496,0.0124083634370629
3380,56.333333,0,663.1,946.06,-2.730030315352643,0.0,-26.86632286281674,-0.0071674364688546,1.3970320036681068,0.0123802165629763
3381,56.35,0,664.12,949.2,-2.731665300926199,0.0,-26.870659363915028,-0.0070520267000402,1.3969150000000408,0.0123111520000241
3382,56.366667,0,664.3,950.4,-2.732595261042193,0.0,-26.87892413619821,-0.0070506863527436,1.3968499991440049,0.0122037106362137
3383,56.383333,0,663.61,952.05,-2.7338712773115104,0.0,-26.881792276742885,-0.0070883222472563,1.396807200855995,0.0120855253637862
3384,56.4,0,663.24,951.51,-2.738827224547222,0.0,-26.91627091119669,-0.0071351826000151,1.3967745999999903,0.0119789159999678
3385,56.416667,0,662.32,952.85,-2.742645565003045,0.0,-26.990324844240877,-0.0071784700842364,1.3967473978299367,0.0118869155178168
3386,56.433333,0,660.27,952.96,-2.7443489017881357,0.0,-27.008034220281377,-0.007017693015539,1.3966389021699115,0.0118128114820796
3387,56.45,0,659.95,956.75,-2.7452269397628086,0.0,-27.019459163603464,-0.0069208640000676,1.396577600000043,0.0117624420000351
3388,56.466667,0,658.17,960.5,-2.754676811946388,0.0,-27.050156456012576,-0.0068794693494551,1.3965553995500104,0.0117124445754131
3389,56.483333,0,656.43,962.42,-2.761007339921353,0.0,-27.11527512281331,-0.0068469426505675,1.396532900450005,0.0116412164246365
3390,56.5,0,653.98,962.63,-2.7620053945915117,0.0,-27.115481549122272,-0.0068133622,1.3964955,0.011532181
3391,56.516667,0,651.51,962.34,-2.7623222928962226,0.0,-27.122739797280747,-0.0067795247397105,1.396446998811986,0.011372705304657
3392,56.533333,0,650.27,960.59,-2.7656451775613555,0.0,-27.131424339939034,-0.0065665212601408,1.3963876011879723,0.0111879476952139
3393,56.55,0,648.35,961.24,-2.7683696750576963,0.0,-27.133471008375,-0.0064399493999609,1.3963428999999703,0.0110052639998607
3394,56.566667,0,646.82,960.44,-2.7685016340096,0.0,-27.133622274258204,-0.0063840117291572,1.3963006991800335,0.0108058451266777
3395,56.583333,0,643.46,960.21,-2.7686651164379272,0.0,-27.195114375668307,-0.0063554695708826,1.396259700820024,0.0106121788735927
3396,56.6,0,641.88,959.55,-2.7765237904498763,0.0,-27.203671492671344,-0.0063479020000026,1.3962296000000105,0.010431544000063
3397,56.616667,0,641.01,960.38,-2.7778906467484825,0.0,-27.20542237903246,-0.0063473684934646,1.3962056963660212,0.0102618403697611
3398,56.633333,0,640.04,960.45,-2.778004694312633,0.0,-27.20837276992622,-0.0061870472065353,1.3960240036339788,0.0100803346302388
3399,56.65,0,638.18,960.76,-2.778669224686535,0.0,-27.270454743505358,-0.0060761409999787,1.3959169999999803,0.0099186629999388
3400,56.666667,0,635.51,960.47,-2.7799086188443822,0.0,-27.2800816999074,-0.0060152400769231,1.3958602991139744,0.00974341022113
3401,56.683333,0,633.26,959.76,-2.7806977838809948,0.0,-27.28397515175974,-0.0059690894230123,1.395816000885964,0.009554479778606
3402,56.7,0,630.43,960.04,-2.785029221011699,0.0,-27.349897104715183,-0.0059284642000283,1.395781300000024,0.0093604630001354
3403,56.716667,0,629.25,959.33,-2.7850969470886864,0.0,-27.38645896577925,-0.0058927432963049,1.3957649966200787,0.0091812083549186
3404,56.733333,0,627.94,959.06,-2.7924735802587395,0.0,-27.39784502821141,-0.0061225547035345,1.3955960033800394,0.0093989506449293
3405,56.75,0,626.44,959.0,-2.811713590302028,0.0,-27.39784502821141,-0.006248948,1.3955371,0.00950416
3406,56.766667,0,625.88,959.1,-2.811713590302028,0.0,-27.39784502821141,-0.0062830747174233,1.3955569008680102,0.0094845687573255
3407,56.783333,0,625.0,959.56,-2.811713590302028,0.0,-27.39784502821141,-0.0062889455825807,1.3956002991320202,0.009422438242631
3408,56.8,0,624.21,960.91,-2.812271054005536,0.0,-27.39784502821141,-0.0062778023999812,1.3956499000000273,0.0093426409999327
3409,56.816667,0,622.88,960.98,-2.816176571060105,0.0,-27.39784502821141,-0.0062509068736421,1.3956889987120524,0.0092463366339045
3410,56.833333,0,621.56,964.24,-2.816893395930873,0.0,-27.39784502821141,-0.0064445891260872,1.3956246012880376,0.009928032365143
3411,56.85,0,619.34,965.4,-2.8188899595489705,0.0,-27.39784502821141,-0.0065342261999687,1.395599400000009,0.0102958189998715
3412,56.866667,0,619.34,968.06,-2.8231127717828244,0.0,-27.42396803898818,-0.0065311663696236,1.3956167007219955,0.0103527819089663
3413,56.883333,0,618.96,971.54,-2.824625524384762,0.0,-27.425769297017343,-0.0064996486303763,1.395652799278004,0.0102982320910336
3414,56.9,0,618.26,972.28,-2.824625524384762,0.0,-27.425769297017343,-0.0064522549999794,1.3956983000000165,0.0102008139999621
3415,56.916667,0,617.5,978.05,-2.824625524384762,0.0,-27.425769297017343,-0.0063934349270962,1.3957446936498152,0.0100924160526597
3416,56.933333,0,617.64,983.43,-2.824625524384762,0.0,-27.425769297017343,-0.0062048027726403,1.3954272063497415,0.0101950419474836
3417,56.95,0,618.4,989.04,-2.824625524384762,0.0,-27.425769297017343,-0.0060616285000999,1.3952447000001271,0.0102535069999591
3418,56.966667,0,618.3,991.23,-2.824625524384762,0.0,-27.425769297017343,-0.0059523560896551,1.3951862993740145,0.0102368759140852
3419,56.983333,0,618.65,992.4,-2.824625524384762,0.0,-27.425769297017343,-0.0058468406104185,1.3951550006260072,0.0101825810859526
3420,57.0,0,618.85,991.71,-2.824625524384762,0.0,-27.425769297017343,-0.0057451725,1.3951203,0.010103698
3421,57.016667,0,618.63,991.78,-2.824625524384762,0.0,-27.425769297017343,-0.0056592222956376,1.3950769928759172,0.0099949120840196
3422,57.033333,0,619.57,991.09,-2.824625524384762,0.0,-27.425769297017343,-0.0053390207041389,1.3947208071238342,0.009649130915739
3423,57.05,0,620.64,996.01,-2.824625524384762,0.0,-27.425769297017343,-0.0051467369999364,1.3944919999999277,0.0093833269998685
3424,57.066667,0,620.15,998.99,-2.824625524384762,0.0,-27.425769297017343,-0.005055731674206,1.394388098698053,0.0091950460694393
3425,57.083333,0,620.42,999.59,-2.824625524384762,0.0,-27.425769297017343,-0.0049894419258866,1.3943230013020378,0.0090485179307653
3426,57.1,0,622.05,999.57,-2.824625524384762,0.0,-27.425769297017343,-0.004920549700024,1.3942789000000153,0.0089407610000376
3427,57.116667,0,622.06,999.18,-2.824625524384762,0.0,-27.425769297017343,-0.0048409280532887,1.39425549655602,0.0088807676945476
3428,57.133333,0,622.85,998.99,-2.824625524384762,0.0,-27.425769297017343,-0.0045936009467112,1.39408330344398,0.0088154973054524
3429,57.15,0,623.38,1001.75,-2.824625524384762,0.0,-27.425769297017343,-0.004424637599963,1.3940014000000005,0.0088210350000207
3430,57.166667,0,624.18,1005.68,-2.824625524384762,0.0,-27.425769297017343,-0.0043187944967282,1.3940028007000205,0.0088805642780571
3431,57.183333,0,624.38,1007.12,-2.824625524384762,0.0,-27.425769297017343,-0.0042436361031667,1.3940377993000286,0.008944462722032
3432,57.2,0,624.15,1007.15,-2.824625524384762,0.0,-27.425769297017343,-0.0041847588000411,1.3940813999999695,0.0089821699999736
3433,57.216667,0,623.69,1005.05,-2.824625524384762,0.0,-27.425769297017343,-0.004128153357854,1.3941109995120116,0.0089833777079766
3434,57.233333,0,623.52,1003.39,-2.824625524384762,0.0,-27.425769297017343,-0.003896049942308,1.3940866004880057,0.0088187792921383
3435,57.25,0,623.44,1004.14,-2.824625524384762,0.0,-27.425769297017343,-0.0037458662,1.3940765,0.008680745
3436,57.266667,0,624.05,1004.63,-2.824625524384762,0.0,-27.425769297017343,-0.0036670801491423,1.3940848002040025,0.0085796163123003
3437,57.283333,0,624.52,1004.92,-2.824625524384762,0.0,-27.425769297017343,-0.0035995407508105,1.3940949997960048,0.0084952356876407
3438,57.3,0,625.05,1005.62,-2.824625524384762,0.0,-27.425769297017343,-0.0035422394999652,1.3941094000000132,0.008417414499957
3439,57.316667,0,625.08,1007.43,-2.824625524384762,0.0,-27.425769297017343,-0.0034924933704407,1.394128098700053,0.0083559356730555
3440,57.333333,0,625.15,1007.99,-2.824625524384762,0.0,-27.425769297017343,-0.003386015329708,1.394063101300038,0.0081895883271768
3441,57.35,0,624.6,1007.44,-2.824625524384762,0.0,-27.425769297017343,-0.0033354014000176,1.3940387000000083,0.0080872180000357
3442,57.366667,0,623.91,1005.15,-2.824625524384762,0.0,-27.425769297017343,-0.0033112298726164,1.3940465000799995,0.0080293972289374
3443,57.383333,0,623.93,1005.25,-2.824625524384762,0.0,-27.425769297017343,-0.0032898614273835,1.3940504999200003,0.0079658462710626
3444,57.4,0,623.87,1003.48,-2.824625524384762,0.0,-27.425769297017343,-0.00326271839999,1.3940399999999915,0.0078883189999681
3445,57.416667,0,624.64,1000.7,-2.824625524384762,0.0,-27.425769297017343,-0.0032341063975535,1.3940156952378615,0.0077971817287146
3446,57.433333,0,624.17,1001.12,-2.824625524384762,0.0,-27.425769297017343,-0.0031439903023205,1.393777604761806,0.0075336356709172
3447,57.45,0,624.34,1004.32,-2.824625524384762,0.0,-27.425769297017343,-0.0030778720000461,1.3936211000001093,0.0073425800001334
3448,57.466667,0,624.72,1005.26,-2.824625524384762,0.0,-27.425769297017343,-0.0030303127484478,1.393549799058022,0.0072262992740801
3449,57.483333,0,625.1,1007.96,-2.824625524384762,0.0,-27.425769297017343,-0.0029877358515819,1.393502700942011,0.00714000472598
3450,57.5,0,625.04,1009.92,-2.824625524384762,0.0,-27.425769297017343,-0.0029419537,1.3934635,0.007081695
3451,57.516667,0,626.21,1013.35,-2.824625524384762,0.0,-27.42396803898818,-0.002887843543991,1.393420294921941,0.0070526809561583
3452,57.533333,0,625.93,1017.69,-2.824625524384762,0.0,-27.42396803898818,-0.0028150468559581,1.3931664050778818,0.0069854923437947
3453,57.55,0,626.13,1019.26,-2.824625524384762,0.0,-27.42396803898818,-0.0027552544999614,1.3930140999999558,0.0069496826999859
3454,57.566667,0,625.32,1022.47,-2.824625524384762,0.0,-27.42396803898818,-0.0027000420032226,1.3929506994480223,0.0069296238177274
3455,57.583333,0,624.95,1024.2,-2.824625524384762,0.0,-27.42396803898818,-0.0026452030968539,1.392923100552016,0.0069205101822853
3456,57.6,0,623.95,1028.77,-2.824625524384762,0.0,-27.42396803898818,-0.0025843010000212,1.3929096000000047,0.0069191447000004
3457,57.616667,0,623.57,1032.98,-2.824625524384762,0.0,-27.42396803898818,-0.002516324311717,1.392890496926018,0.0069105059606809
3458,57.633333,0,622.55,1035.01,-2.824625524384762,0.0,-27.42396803898818,-0.0022669186882829,1.3927368030739822,0.006558552039319
3459,57.65,0,620.16,1034.04,-2.824625524384762,0.0,-27.42396803898818,-0.0020860059999594,1.3926329999999774,0.0063281889999603
3460,57.666667,0,618.44,1034.72,-2.824625524384762,0.0,-27.42396803898818,-0.0019697753059867,1.3925678990339718,0.006214741818373
3461,57.683333,0,616.79,1035.37,-2.824625524384762,0.0,-27.42396803898818,-0.0018850804938949,1.3925196009659606,0.0061306662815094
3462,57.7,0,615.55,1034.48,-2.824625524384762,0.0,-27.42396803898818,-0.00182773920004,1.3924811000000268,0.0060588783000501
3463,57.716667,0,613.57,1034.14,-2.824625524384762,0.0,-27.42396803898818,-0.0017927436674068,1.3924568018639565,0.0059963467710626
3464,57.733333,0,612.68,1033.26,-2.824625524384762,0.0,-27.42396803898818,-0.0018511130325524,1.3925499981359784,0.0059349009289803
3465,57.75,0,611.79,1032.12,-2.824625524384762,0.0,-27.42396803898818,-0.0018837552,1.3926367,0.0058756815
3466,57.766667,0,609.91,1029.59,-2.824625524384762,0.0,-27.42396803898818,-0.0018731050787756,1.3926907011540133,0.0058169771012969
3467,57.783333,0,608.46,1028.39,-2.824625524384762,0.0,-27.21945311867229,-0.0018370457211992,1.392748398846027,0.0057520452986577
3468,57.8,0,605.52,1029.8,-2.824625524384762,0.0,-27.217212620734216,-0.0017683952999345,1.3928171000000569,0.0057212273000026
3469,57.816667,0,604.08,1031.5,-2.824625524384762,0.0,-27.05520916394436,-0.0016747383822471,1.3928981978960857,0.0057249513107091
3470,57.833333,0,602.41,1031.69,-2.8231127717828244,0.0,-27.047015701216097,-0.0016438507177959,1.392793002104061,0.0057554867892482
3471,57.85,0,600.13,1033.33,-2.8188899595489705,0.0,-27.046790140543152,-0.0016083468000123,1.3927327000000211,0.0057975043999853
3472,57.866667,0,597.63,1034.2,-2.8154496524533754,0.0,-26.89464492208608,-0.0015509761283934,1.3927188997160016,0.0058374602755183
3473,57.883333,0,595.24,1033.98,-2.798860629905895,0.0,-26.891312176499323,-0.0014873979716065,1.3927047002839985,0.0058512357244816
3474,57.9,0,593.22,1032.19,-2.7986096663013984,0.0,-26.84462182189029,-0.0014153718999734,1.392677699999991,0.0058369272999923
3475,57.916667,0,591.23,1031.57,-2.7826705712873245,0.0,-26.49364889549384,-0.0013393604744874,1.3926523951398586,0.0058149837088518
3476,57.933333,0,589.37,1032.2,-2.777793457237553,0.0,-26.323665813212745,-0.0014380780256504,1.392409404859802,0.0057804286910998
3477,57.95,0,587.34,1033.26,-2.777793457237553,0.0,-26.30543102078628,-0.0015078024999513,1.3922495000001116,0.0057499590000212
3478,57.966667,0,585.61,1032.86,-2.777793457237553,0.0,-26.07210084187852,-0.0015230987945314,1.3921763990780216,0.005704738307084
3479,57.983333,0,583.38,1029.14,-2.777793457237553,0.0,-26.065024060744065,-0.0015328252054617,1.3921303009220107,0.005640093592961
3480,58.0,0,581.97,1029.91,-2.777793457237553,0.0,-26.01154508878813,-0.0015438099,1.3920914,0.0055652484
3481,58.016667,0,580.25,1031.74,-2.777793457237553,0.0,-25.439314666040996,-0.0015509498308999,1.3920553962819568,0.0054919416659456
3482,58.033333,0,580.1,1033.77,-2.777793457237553,0.0,-25.426030361631785,-0.0016024921691359,1.3918695037179136,0.0054902390340532
3483,58.05,0,578.66,1038.47,-2.777793457237553,0.0,-25.275449454354973,-0.001635534000021,1.3917483999999622,0.0055127730000146
3484,58.066667,0,576.88,1035.7,-2.777793457237553,0.0,-25.274564373617096,-0.0016656080235363,1.3916941993420269,0.0055337458409241
3485,58.083333,0,576.57,1041.18,-2.777793457237553,0.0,-25.26256902444364,-0.0017117848763991,1.3916613006580192,0.005550792059052
3486,58.1,0,576.75,1041.0,-2.777793457237553,0.0,-25.26256902444364,-0.0017738788999783,1.39163300000001,0.0055614559999962
3487,58.116667,0,575.43,1048.63,-2.777793457237553,0.0,-25.26256902444364,-0.0018463491039937,1.3916019978460126,0.0055747857195567
3488,58.133333,0,574.34,1060.74,-2.777793457237553,0.0,-25.26256902444364,-0.0018315492960062,1.3914943021539874,0.0053107725804432
3489,58.15,0,574.1,1065.09,-2.777793457237553,0.0,-25.25439587082971,-0.0018523621000177,1.391398699999972,0.0051304236999711
3490,58.166667,0,573.03,1072.96,-2.777793457237553,0.0,-25.24485582536321,-0.0019031922803674,1.391318798521957,0.0050478413466209
3491,58.183333,0,572.52,1073.55,-2.777793457237553,0.0,-25.23502327058804,-0.001957206919708,1.3912449014779398,0.0050151746533333
3492,58.2,0,572.8,1076.55,-2.777793457237553,0.0,-25.23502327058804,-0.002010106999963,1.391170600000052,0.0050086770000045
3493,58.216667,0,573.17,1077.82,-2.777793457237553,0.0,-25.23502327058804,-0.0020614526384709,1.3910982995820096,0.0050201616720615
3494,58.233333,0,573.96,1076.89,-2.777793457237553,0.0,-25.23502327058804,-0.0019433781616114,1.3910774004180049,0.0048837670280337
3495,58.25,0,573.7,1078.3,-2.777793457237553,0.0,-25.23502327058804,-0.0018951099,1.3910735,0.004807406
3496,58.266667,0,572.82,1080.03,-2.777793457237553,0.0,-25.23502327058804,-0.001934954468975,1.3910673001060012,0.0047743249935441
3497,58.283333,0,571.98,1079.58,-2.777793457237553,0.0,-25.23502327058804,-0.0020083994310761,1.3910725998940026,0.0047490035064382
3498,58.3,0,571.66,1079.65,-2.777793457237553,0.0,-25.23502327058804,-0.0020961761000662,1.3910900000000228,0.0047162007999875
3499,58.316667,0,571.11,1079.98,-2.777793457237553,0.0,-25.23502327058804,-0.0021911093206287,1.3911228005239786,0.0046983288597288
3500,58.333333,0,570.27,1080.12,-2.777793457237553,0.0,-25.23502327058804,-0.0020871406795165,1.3911489994759847,0.0046163152403857
3501,58.35,0,570.12,1080.26,-2.777793457237553,0.0,-25.23502327058804,-0.0020482973000135,1.391197899999983,0.0045850077000109
3502,58.366667,0,570.84,1080.15,-2.777793457237553,0.0,-25.23502327058804,-0.0020868940418141,1.391261801565991,0.0046045969241708
3503,58.383333,0,571.0,1079.11,-2.777793457237553,0.0,-25.23502327058804,-0.0021539824581858,1.3913400984340092,0.0046658033758291
3504,58.4,0,571.2,1079.09,-2.777793457237553,0.0,-25.23502327058804,-0.0022448748000369,1.3914464000000442,0.0047594644000402
3505,58.416667,0,572.24,1079.67,-2.777793457237553,0.0,-25.23502327058804,-0.0023507991587742,1.3915727011180326,0.0048747057363276
3506,58.433333,0,573.91,1080.49,-2.777793457237553,0.0,-25.23502327058804,-0.0023237397411879,1.3916285988820456,0.004846524063633
3507,58.45,0,573.82,1081.23,-2.777793457237553,0.0,-25.23502327058804,-0.0023489519999823,1.3916985999999512,0.0048804599999763
3508,58.466667,0,574.39,1081.59,-2.777793457237553,0.0,-25.23502327058804,-0.0024395982213816,1.3917761014299668,0.0049907441036897
3509,58.483333,0,574.36,1081.0,-2.777793457237553,0.0,-25.23502327058804,-0.0025606652785338,1.3918475985699834,0.0051159264962228
3510,58.5,0,574.97,1080.15,-2.777793457237553,0.0,-25.23502327058804,-0.002691424,1.3919187,0.0052415044
3511,58.516667,0,575.1,1079.55,-2.777793457237553,0.0,-25.23502327058804,-0.0028219432332158,1.3920007004080048,0.005371374775839
3512,58.533333,0,574.54,1079.14,-2.777793457237553,0.0,-25.23502327058804,-0.0029935951669039,1.3920210995920097,0.005410164724188
3513,58.55,0,573.83,1080.74,-2.777793457237553,0.0,-25.23502327058804,-0.0031380206000841,1.3920993000000947,0.0055180510001248
3514,58.566667,0,573.42,1083.05,-2.777793457237553,0.0,-25.23502327058804,-0.0032585906162457,1.392235202967879,0.0056968614516948
3515,58.583333,0,573.29,1080.32,-2.777793457237553,0.0,-25.23502327058804,-0.0033644029836063,1.3923835970319136,0.0059044463480151
3516,58.6,0,572.08,1079.33,-2.777793457237553,0.0,-25.23502327058804,-0.0034567340999677,1.3925337999999476,0.0061313089999207
3517,58.616667,0,570.23,1084.95,-2.777793457237553,0.0,-25.23502327058804,-0.0035405818032838,1.3926867012899926,0.0063772611947099
3518,58.633333,0,569.04,1092.27,-2.777793457237553,0.0,-25.23502327058804,-0.0036107435967161,1.3927511987100074,0.00656699020529
3519,58.65,0,566.38,1098.77,-2.777793457237553,0.0,-25.23502327058804,-0.0036673273000196,1.392842800000046,0.0067618005000715
3520,58.666667,0,563.77,1102.27,-2.777793457237553,0.0,-25.23502327058804,-0.0037236002693689,1.3929744030160878,0.0069667608399424
3521,58.683333,0,561.68,1104.4,-2.777793457237553,0.0,-25.23502327058804,-0.0037870643307197,1.393125196984123,0.0071737436603466
3522,58.7,0,559.96,1115.61,-2.777793457237553,0.0,-25.23502327058804,-0.0038660899999448,1.3932758999998949,0.0073889553998497
3523,58.716667,0,558.21,1111.95,-2.777793457237553,0.0,-25.23502327058804,-0.00396399545825,1.3934231969340714,0.0076290785944828
3524,58.733333,0,559.24,1120.23,-2.777793457237553,0.0,-25.23502327058804,-0.003761911341891,1.3932699030660356,0.0077088014054614
3525,58.75,0,557.39,1132.35,-2.777793457237553,0.0,-25.23502327058804,-0.0036771968,1.3932028,0.0078706015
3526,58.766667,0,555.84,1136.58,-2.777793457237553,0.0,-25.23502327058804,-0.003730655286077,1.393246901376016,0.0081277898959084
3527,58.783333,0,553.92,1138.98,-2.7826705712873245,0.0,-25.23502327058804,-0.0038299540139922,1.393315698624032,0.0084225701042972
3528,58.8,0,551.89,1145.37,-2.7898615582030333,0.0,-25.23502327058804,-0.0039488820000891,1.3933847000000423,0.0087301180002045
3529,58.816667,0,550.32,1147.48,-2.7898615582030333,0.0,-25.23502327058804,-0.0040766119276551,1.3934454965181418,0.0090229701815651
3530,58.833333,0,546.97,1153.06,-2.7898615582030333,0.0,-25.23502327058804,-0.0039229945725594,1.3932714034821012,0.0088570483186666
3531,58.85,0,544.45,1155.03,-2.7898615582030333,0.0,-25.23502327058804,-0.0038725238000176,1.393164900000037,0.0088199570000129
3532,58.866667,0,540.87,1155.85,-2.7898615582030333,0.0,-25.23502327058804,-0.0039393474577586,1.3931535006039963,0.0089720574897209
3533,58.883333,0,538.4,1157.22,-2.7898615582030333,0.0,-25.23502327058804,-0.0040372320422413,1.3931836993960036,0.009221535010279
3534,58.9,0,535.27,1155.15,-2.7898615582030333,0.0,-25.23502327058804,-0.0041453093000412,1.393234800000022,0.0095103710001021
3535,58.916667,0,533.95,1155.02,-2.7898615582030333,0.0,-25.23502327058804,-0.0042634126837975,1.393297299075973,0.0098029385883862
3536,58.933333,0,532.11,1157.02,-2.7898615582030333,0.0,-25.23502327058804,-0.0040976140159709,1.3932511009239623,0.0098823524117247
3537,58.95,0,529.34,1156.72,-2.7898615582030333,0.0,-25.23502327058804,-0.0040290267000478,1.3932257000000177,0.0100015319999167
3538,58.966667,0,526.16,1159.95,-2.821838577144528,0.0,-25.23502327058804,-0.0040885901945009,1.3932303001099973,0.0101905424790957
3539,58.983333,0,522.57,1159.92,-2.822890711162703,0.0,-25.23502327058804,-0.0041983134054224,1.393235799889999,0.0104144935207478
3540,59.0,0,520.67,1160.91,-2.8541666299073114,0.0,-25.23502327058804,-0.004329878,1.3932348,0.010684343
3541,59.016667,0,519.61,1161.4,-2.880226882671148,0.0,-25.23502327058804,-0.0044676958041615,1.3932185015260177,0.0109728539033282
3542,59.033333,0,517.62,1161.51,-2.880326462096862,0.0,-25.23502327058804,-0.0039579301954826,1.3932947984740356,0.0107930295965462
3543,59.05,0,515.42,1161.69,-2.882017602846044,0.0,-25.23502327058804,-0.003660934699986,1.3933093999999795,0.0107196480000711
3544,59.066667,0,512.41,1161.94,-2.900049223187398,0.0,-25.207622832044848,-0.0036410183814475,1.39328009926403,0.0108214839125213
3545,59.083333,0,510.3,1163.79,-2.900525191970764,0.0,-25.18081721711653,-0.0037200908184419,1.3932433007360214,0.0109671100872751
3546,59.1,0,507.29,1164.56,-2.9126278366353144,0.0,-25.17758153974016,-0.0038332193999605,1.393202900000014,0.0111116479999495
3547,59.116667,0,502.45,1165.7,-2.920558315089436,0.0,-25.17758153974016,-0.0039512702666202,1.3931600967720188,0.0112485754147616
3548,59.133333,0,499.25,1165.67,-2.9213364667116672,0.0,-25.17758153974016,-0.0033996201333797,1.3929987032279811,0.0107193315852383
3549,59.15,0,496.37,1165.49,-2.9217692365812167,0.0,-25.17758153974016,-0.0030515193999673,1.3928793999999802,0.0104157839999959
3550,59.166667,0,493.24,1165.3,-2.929757516470096,0.0,-25.17758153974016,-0.0029580786069205,1.3928226994419837,0.0104041212139544
3551,59.183333,0,491.26,1167.48,-2.929800517042695,0.0,-25.17758153974016,-0.0029384259930519,1.392794800557977,0.0105148112862001
3552,59.2,0,488.21,1174.48,-2.930477088073217,0.0,-25.17758153974016,-0.002939790499999,1.3927885000000044,0.010692317999876
3553,59.216667,0,485.69,1186.96,-2.935023320899204,0.0,-25.17758153974016,-0.0029442371091583,1.3927933996760076,0.0109002996498983
3554,59.233333,0,482.47,1194.04,-2.9356485934028727,0.0,-25.17758153974016,-0.0028746961908901,1.3927772003240038,0.0110327923500091
3555,59.25,0,480.08,1206.3,-2.9444470472149598,0.0,-25.17758153974016,-0.002827483,1.3927758,0.011164101
3556,59.266667,0,477.11,1211.02,-2.9530606385125555,0.0,-25.17758153974016,-0.0028132349276291,1.3927766997619972,0.0112835176806595
3557,59.283333,0,473.63,1225.52,-2.954712076332887,0.0,-25.17758153974016,-0.0028096165723683,1.3927648002379944,0.0113675463193991
3558,59.3,0,471.39,1238.53,-2.9553390075821566,0.0,-25.23502327058804,-0.002805054199993,1.3927410999999792,0.0114128245000138
3559,59.316667,0,468.82,1245.48,-2.956092804734203,0.0,-25.24485582536321,-0.0027951253910117,1.3927113020959143,0.0114326845903099
3560,59.333333,0,467.11,1256.47,-2.9563836965777472,0.0,-25.25439587082971,-0.0025646758093102,1.3928160979039388,0.010512199410976
3561,59.35,0,464.45,1256.95,-2.9564605039717864,0.0,-25.274564373617096,-0.002401406600057,1.3928769999999786,0.0099001710002136
3562,59.366667,0,462.29,1257.52,-2.968603369207911,0.0,-25.275449454354973,-0.0023219301875844,1.3928857996880015,0.0096733681107509
3563,59.383333,0,461.15,1266.96,-2.968619882375056,0.0,-25.321903947359942,-0.0022663113124155,1.3928702003119982,0.009578908889249
3564,59.4,0,459.59,1276.15,-2.970597105389134,0.0,-25.321903947359942,-0.0022115285999759,1.392839799999984,0.0095143449999791
3565,59.416667,0,457.57,1279.6,-2.9718010533492776,0.0,-25.32743863248837,-0.0021426141783606,1.3927938033880984,0.0094546858083725
3566,59.433333,0,455.12,1280.1,-2.972382881397125,0.0,-25.42081169145738,-0.00207153712154,1.392963196612138,0.0089951361909855
3567,59.45,0,454.11,1280.35,-2.9749673256740325,0.0,-25.431127131597297,-0.0020094912000433,1.3930642999999294,0.0086538010002383
3568,59.466667,0,452.07,1279.63,-2.979268535963276,0.0,-25.435336681884504,-0.0019499127514044,1.3930899001379968,0.0084536977360559
3569,59.483333,0,450.9,1280.53,-2.98303008649122,0.0,-25.44020460730279,-0.0018974838486322,1.3930967998619983,0.0082905032640579
3570,59.5,0,450.68,1281.64,-2.997720182457916,0.0,-25.4507774555101,-0.0018498625,1.3930988,0.008130294
3571,59.516667,0,450.18,1282.1,-3.0011238099554496,0.0,-25.453284418391096,-0.0018004777669021,1.3930852001040013,0.0079711542056569
3572,59.533333,0,450.1,1282.43,-3.0018878235897497,0.0,-25.68418310307757,-0.0018788188331524,1.3930903998960025,0.0084314132946643
3573,59.55,0,450.01,1282.16,-3.0149748643469048,0.0,-25.723396375547797,-0.0019096359999866,1.3930701999999613,0.0086997120000037
3574,59.566667,0,449.33,1282.59,-3.016619513580048,0.0,-25.822661358916545,-0.0018905791831812,1.3930149984420634,0.0087050773591668
3575,59.583333,0,449.74,1282.62,-3.029779190597296,0.0,-25.85440030777831,-0.0018547382168688,1.3929371015580454,0.0086230356409477
3576,59.6,0,449.81,1280.2,-3.0300505309694845,0.0,-25.89716284208229,-0.0018129560000145,1.3928467000000315,0.0085008870000426
3577,59.616667,0,450.33,1278.62,-3.0304645471838407,0.0,-25.911570032542613,-0.001772607569375,1.3927562971300167,0.0083485476196756
3578,59.633333,0,450.12,1277.19,-3.0340369579957605,0.0,-25.948044720724766,-0.0017810760306249,1.3926128028699831,0.0087295183803243
3579,59.65,0,450.64,1276.95,-3.0353407166814064,0.0,-26.07322080454857,-0.0017803261999969,1.3925114999999832,0.0089532900000065
3580,59.666667,0,451.63,1277.63,-3.036576864839689,0.0,-26.12816928781889,-0.0017717006716002,1.3924639996059884,0.008972009210517
3581,59.683333,0,451.46,1278.11,-3.0366663371058293,0.0,-26.48304510908782,-0.0017652811283907,1.392444300393984,0.0089325377894278
3582,59.7,0,450.63,1279.79,-3.037381799458024,0.0,-26.491574976678773,-0.0017641708000007,1.3924476999999975,0.0088916170000285
3583,59.716667,0,450.25,1280.12,-3.0388081740225066,0.0,-26.538345759490728,-0.0017676753133433,1.3924613994720123,0.0088543043333492
3584,59.733333,0,447.85,1279.79,-3.0397390709157426,0.0,-26.560975198715614,-0.0017733423866526,1.3924350005280062,0.0092209656663946
3585,59.75,0,446.14,1277.75,-3.0397423041188047,0.0,-26.63870758610792,-0.0017840253,1.3924168,0.0094068395
3586,59.766667,0,441.84,1281.25,-3.042400764604397,0.0,-26.676324944909226,-0.0018005288672334,1.3924152002300028,0.0093939278921313
3587,59.783333,0,438.85,1299.76,-3.046223675159657,0.0,-26.75432324828,-0.0018238893327828,1.3924266997700052,0.0093135386078125
3588,59.8,0,436.51,1313.51,-3.04637589308563,0.0,-26.805516053756545,-0.0018591210000374,1.3924395000000027,0.0091984349999047
3589,59.816667,0,434.14,1326.08,-3.0467170812659297,0.0,-27.01740283682979,-0.0019128121450665,1.3924431995680175,0.0090620369712382
3590,59.833333,0,432.41,1329.19,-3.047258354329088,0.0,-27.079316755982514,-0.0020250655547766,1.392421600432013,0.0092605990284843
3591,59.85,0,431.44,1341.25,-3.0491004295937305,0.0,-27.08007849439026,-0.0021368413999609,1.39239300000001,0.0093528989999677
3592,59.866667,0,430.05,1349.3,-3.049942737949548,0.0,-27.08231921985115,-0.0022447207800501,1.3923783005819967,0.0093215583133439
3593,59.883333,0,428.39,1367.2,-3.0514469221245037,0.0,-27.088184775889548,-0.0023637192199498,1.3924073994180033,0.009287226686656
3594,59.9,0,427.95,1380.01,-3.0532401255393258,0.0,-27.090710406900715,-0.0025043562000627,1.3924972000000528,0.0092803079999994
3595,59.916667,0,426.81,1386.61,-3.0546714837342592,0.0,-27.09387696665056,-0.002684160567405,1.3926486996399896,0.0092786216621138
3596,59.933333,0,426.09,1401.35,-3.05543516072936,0.0,-27.094691483665173,-0.0029025157328999,1.3926307003599854,0.0096117043383513
3597,59.95,0,425.88,1411.24,-3.056418736515911,0.0,-27.1137392945677,-0.0031232495998458,1.3926554999999827,0.0097815579998813
3598,59.966667,0,423.4,1420.06,-3.058362495468689,0.0,-27.14250799386489,-0.0033535840444638,1.392700099232018,0.0097013125794961
3599,59.983333,0,422.55,1424.46,-3.058460277519497,0.0,-27.14723123200641,-0.0035858033553739,1.3926617007680089,0.009430291920693
3600,60.0,0,418.82,1423.27,-3.059540074375913,0.0,-27.14723123200641,-0.003824003,1.3925037,0.009012836
3601,60.016667,0,415.74,1423.13,-3.06061194978143,0.0,-27.14723123200641,-0.0040813388076106,1.3922192856778337,0.0084843557605694
3602,60.033333,0,411.58,1421.21,-3.060634810625717,0.0,-27.14723123200641,-0.0044716991926617,1.3915032143216666,0.0079224132390383
3603,60.05,0,409.76,1420.16,-3.06491766709406,0.0,-27.14723123200641,-0.0048467890002407,1.3908415999996364,0.0072839539995223
3604,60.066667,0,406.89,1415.61,-3.065583997311331,0.0,-27.14723123200641,-0.0051915416055007,1.3903209917303367,0.0065999651898322
3605,60.083333,0,403.81,1411.37,-3.066225890128275,0.0,-27.14723123200641,-0.0055318168940238,1.3899075082702408,0.0059344563110975
3606,60.1,0,402.83,1409.18,-3.067593168424524,0.0,-27.14723123200641,-0.0058487729998893,1.389615700000102,0.0053626840001996
3607,60.116667,0,402.29,1406.86,-3.067936921020224,0.0,-27.173907846566777,-0.0061246358320242,1.389449494332033,0.0049121999556639
3608,60.133333,0,400.66,1405.93,-3.0696249877795974,0.0,-27.1786935507025,-0.0064662253679757,1.389166105667967,0.004260005444336
3609,60.15,0,397.95,1405.47,-3.070258469700861,0.0,-27.18333832866198,-0.0066938250000364,1.3890179999999896,0.0037185782998618
3610,60.166667,0,394.52,1406.2,-3.072047375557795,0.0,-27.184278102294147,-0.0067981367459217,1.3889884002540074,0.0033228995167613
3611,60.183333,0,389.29,1406.45,-3.07379951947882,0.0,-27.283117076047983,-0.0068354302541303,1.3890010997460105,0.0029987599827858
3612,60.2,0,383.88,1407.49,-3.074961608709496,0.0,-27.325896829501797,-0.0068479165999912,1.3890265999999822,0.0026800050002225
3613,60.216667,0,377.44,1405.42,-3.0765919952630174,0.0,-27.34351502851229,-0.0068619724145783,1.3890517978020511,0.0023621987389921
3614,60.233333,0,371.38,1407.66,-3.0765919952630174,0.0,-27.351924480877685,-0.0068527014854281,1.3889419021980256,0.001494162861614
3615,60.25,0,364.55,1408.91,-3.0765919952630174,0.0,-27.351924480877685,-0.006896846,1.388897,0.0008565644
3616,60.266667,0,357.24,1412.69,-3.0765919952630174,0.0,-27.351924480877685,-0.0070018423027993,1.388908300326004,0.0004894075259279
3617,60.283333,0,348.42,1413.03,-3.0765919952630174,0.0,-27.351924480877685,-0.0071369752972949,1.3889245996740076,0.0002007188238705
3618,60.3,0,340.2,1415.25,-3.0765919952630174,0.0,-27.351924480877685,-0.0072720050000788,1.388932099999994,-6.337603618113538e-05
3619,60.316667,0,333.24,1414.95,-3.0765919952630174,0.0,-27.351924480877685,-0.0073849407830488,1.388923598654055,-0.0003227659604473
3620,60.333333,0,326.84,1423.06,-3.0765919952630174,0.0,-27.351924480877685,-0.0073740932169663,1.388856301346039,-0.0004767884393375
3621,60.35,0,321.23,1437.82,-3.0765919952630174,0.0,-27.351924480877685,-0.0073594525000051,1.388776400000028,-0.0006287977999469
3622,60.366667,0,314.34,1439.22,-3.0765919952630174,0.0,-27.351924480877685,-0.0073713964182175,1.3886874982660102,-0.0008545333002145
3623,60.383333,0,308.11,1439.94,-3.0765919952630174,0.0,-27.351924480877685,-0.0073923065817824,1.38860080173399,-0.0011175350397854
3624,60.4,0,301.23,1439.66,-3.078026810961476,0.0,-27.43883423179421,-0.0074253827000153,1.3885429000000002,-0.0013796841000729
3625,60.416667,0,294.72,1439.23,-3.0794616266599344,0.0,-27.525743982710733,-0.0074692130973012,1.3885435047561383,-0.0015885675339513
3626,60.433333,0,288.45,1439.13,-3.080116177694654,0.0,-27.54598270280284,-0.0078390526032153,1.3887812952441938,-0.0023952093671752
3627,60.45,0,281.16,1437.58,-3.080770728729373,0.0,-27.566221422894944,-0.0080950259998212,1.3890213999998324,-0.0029193799996339
3628,60.466667,0,275.72,1437.68,-3.0874012502261525,0.0,-27.58945488839536,-0.00817017256897,1.3892097032459243,-0.0031233938693754
3629,60.483333,0,271.68,1437.71,-3.0940317717229315,0.0,-27.612688353895777,-0.008148621431045,1.3893719967539624,-0.0032318608305487
3630,60.5,0,265.26,1437.65,-3.094518503097732,0.0,-27.618622825394073,-0.008075431,1.3895087,-0.0033275615
3631,60.516667,0,259.23,1437.64,-3.095005234472532,0.0,-27.62455729689237,-0.0079847159949528,1.3896187961199549,-0.0034637844566344
3632,60.533333,0,256.07,1437.67,-3.0979343845807232,0.0,-27.618622825394073,-0.0083844430053261,1.3894248038799095,-0.0038615956436432
3633,60.55,0,254.81,1437.79,-3.100863534688915,0.0,-27.612688353895777,-0.0086322530000319,1.3892802999999645,-0.0042444370002416
3634,60.566667,0,252.92,1437.8,-3.1021360847714816,0.0,-27.58945488839536,-0.0086780178371466,1.389229499778009,-0.0045905308579889
3635,60.583333,0,251.57,1437.58,-3.1034086348540484,0.0,-27.566221422894944,-0.0086698751628647,1.3892184002220065,-0.0049134305415599
3636,60.6,0,250.47,1437.46,-3.1101677061825095,0.0,-27.54598270280284,-0.0086576490000042,1.3892134000000018,-0.0052125784998955
3637,60.616667,0,249.77,1438.79,-3.1169267775109706,0.0,-27.525743982710733,-0.0086525065286012,1.3892068992420044,-0.0054704001350912
3638,60.633333,0,248.94,1438.78,-3.1170243212343407,0.0,-27.54598270280284,-0.0093289134713987,1.3891690007579958,-0.0054771544649087
3639,60.65,0,247.5,1438.58,-3.117121864957711,0.0,-27.566221422894944,-0.0097843730000573,1.3891376999999911,-0.0055218847000429
3640,60.666667,0,245.55,1438.53,-3.1171288318260544,0.0,-27.58945488839536,-0.0099487466267273,1.3891124995639872,-0.0056450242190576
3641,60.683333,0,243.62,1438.52,-3.1171357986943984,0.0,-27.612688353895777,-0.0100300773733862,1.389090700435982,-0.0058059659811671
3642,60.7,0,241.56,1438.68,-3.1175079544877504,0.0,-27.618622825394073,-0.0100860719999608,1.3890775000000093,-0.0059807249998779
3643,60.716667,0,240.66,1438.57,-3.1178801102811025,0.0,-27.62455729689237,-0.0101291776778409,1.3890860897122397,-0.006168904945994
3644,60.733333,0,240.53,1437.7,-3.122169096840346,0.0,-27.618622825394073,-0.0102130683221004,1.3885717102881197,-0.0056662130543569
3645,60.75,0,242.44,1438.76,-3.126458083399589,0.0,-27.612688353895777,-0.010261193,1.3882403,-0.005343292
3646,60.766667,0,247.25,1438.76,-3.1287202029646655,0.0,-27.58945488839536,-0.0102710546851763,1.3881700005160058,-0.0053402499916621
3647,60.783333,0,249.24,1437.99,-3.130982322529742,0.0,-27.566221422894944,-0.0102553143148126,1.3881957994840122,-0.0054698264084283
3648,60.8,0,249.4,1438.88,-3.1400339373219053,0.0,-27.54598270280284,-0.0102256229999771,1.388258600000055,-0.005667430300157
3649,60.816667,0,250.1,1437.55,-3.149085552114069,0.0,-27.525743982710733,-0.0101928793596897,1.3883375948622094,-0.0058922790768756
3650,60.833333,0,246.61,1438.05,-3.1492501512626254,0.0,-27.43462950561151,-0.0099108636407042,1.3880807051381496,-0.0050311222243274
3651,60.85,0,241.74,1437.86,-3.149414750411182,0.0,-27.34351502851229,-0.0097148490000684,1.3879329000000515,-0.0044834820001912
3652,60.866667,0,237.05,1438.57,-3.151007105637965,0.0,-27.334705929007043,-0.0096420791277721,1.387902299472003,-0.0043741166429022
3653,60.883333,0,233.48,1437.77,-3.152599460864748,0.0,-27.325896829501797,-0.0096234683722278,1.387875900527997,-0.0044062606570977
3654,60.9,0,227.78,1438.84,-3.16158581384446,0.0,-27.280554356701764,-0.0096386300000155,1.3878099999999638,-0.0044962727000457
3655,60.916667,0,221.57,1437.86,-3.152599460864748,0.0,-27.23521188390173,-0.0096830258209739,1.3877064931238,-0.0046273568051563
3656,60.933333,0,215.93,1438.12,-3.151007105637965,0.0,-27.20974499309794,-0.0099990526794674,1.38736270687572,-0.0042326418942923
3657,60.95,0,206.68,1438.38,-3.149414750411182,0.0,-27.184278102294147,-0.0102547849998214,1.3871058000001797,-0.0040313530001405
3658,60.966667,0,202.18,1438.46,-3.1492501512626254,0.0,-27.183808215478063,-0.0104160186566581,1.3869692983540385,-0.0040741423978258
3659,60.983333,0,198.9,1438.27,-3.149085552114069,0.0,-27.18333832866198,-0.010548849343249,1.386887001646019,-0.0041690321021079
3660,61.0,0,194.68,1438.16,-3.1400339373219053,0.0,-27.137024367781347,-0.010652527,1.3868297,-0.004252839
3661,61.016667,0,191.57,1438.16,-3.130982322529742,0.0,-27.090710406900715,-0.0107194933118216,1.3867899948659403,-0.0043285854797236
3662,61.033333,0,188.17,1438.09,-3.1287202029646655,0.0,-27.089447591395132,-0.0109850706883636,1.3865333051338804,-0.0046025575204675
3663,61.05,0,184.88,1437.16,-3.126458083399589,0.0,-27.088184775889548,-0.0111073879999988,1.386414200000024,-0.0047518090000183
3664,61.066667,0,180.49,1437.23,-3.1287202029646655,0.0,-27.089447591395132,-0.0111056784871808,1.386448402085915,-0.0047780668247991
3665,61.083333,0,177.21,1436.83,-3.130982322529742,0.0,-27.090710406900715,-0.0110800375128549,1.386552697913939,-0.0047693067752131
3666,61.1,0,171.97,1437.96,-3.1400339373219053,0.0,-27.137024367781347,-0.0110606360000067,1.38669609999995,-0.004760443200003
3667,61.116667,0,167.7,1438.53,-3.149085552114069,0.0,-27.18333832866198,-0.0110550947235595,1.3868575981720106,-0.0047733792973551
3668,61.133333,0,163.19,1437.68,-3.1492501512626254,0.0,-27.183808215478063,-0.0113162637764404,1.3867662018279894,-0.0050382380026448
3669,61.15,0,159.52,1436.93,-3.149414750411182,0.0,-27.184278102294147,-0.0114900620000222,1.3867282000000138,-0.0052200050000305
3670,61.166667,0,155.26,1437.13,-3.151007105637965,0.0,-27.20974499309794,-0.0115538665901571,1.3867676009440275,-0.0053076105266724
3671,61.183333,0,150.98,1437.21,-3.152599460864748,0.0,-27.23521188390173,-0.011583372409884,1.3868147990560384,-0.0053839388734341
3672,61.2,0,146.33,1437.48,-3.1633277277065486,0.0,-27.280554356701764,-0.0116040184999855,1.3868493999999758,-0.0054868426999281
3673,61.216667,0,142.32,1437.09,-3.174055994548349,0.0,-27.325896829501797,-0.0116375534162271,1.3868553956921,-0.0056241258628671
3674,61.233333,0,138.83,1438.41,-3.180538885737695,0.0,-27.334705929007043,-0.0118583610836186,1.3866400043080502,-0.0061672601367535
3675,61.25,0,135.49,1438.57,-3.1870217769270406,0.0,-27.34351502851229,-0.01204637,1.3864691,-0.006554799
3676,61.266667,0,132.86,1437.45,-3.188320014559524,0.0,-27.47810169120403,-0.0121732373749875,1.3863791987559857,-0.006707887120277
3677,61.283333,0,131.75,1436.78,-3.189618252192007,0.0,-27.612688353895777,-0.0122919806250952,1.3863170012439712,-0.006763898079762
3678,61.3,0,131.19,1437.23,-3.1900685448970485,0.0,-27.618622825394073,-0.0124243020001014,1.3862635999999742,-0.0067893773999954
3679,61.316667,0,131.68,1437.33,-3.19051883760209,0.0,-27.62455729689237,-0.0125695356588309,1.3862266960041627,-0.0067828929804481
3680,61.333333,0,131.44,1437.24,-3.192835012717366,0.0,-27.674823882663635,-0.0127524773409134,1.3860269039961164,-0.0072319157189245
3681,61.35,0,131.23,1437.26,-3.195151187832642,0.0,-27.7250904684349,-0.0129084279999455,1.3859016000000437,-0.0075105179999027
3682,61.366667,0,130.69,1436.65,-3.196085766870347,0.0,-27.752677554227933,-0.0130411623295664,1.3858618999620005,-0.0075956540212255
3683,61.383333,0,128.6,1436.65,-3.197020345908052,0.0,-27.780264640020967,-0.0131576366704335,1.385860000038,-0.0076167145787744
